{
    "30500": {
        "0": 1,
        "1": 1,
        "2": 1,
        "3": 9,
        "4": 75,
        "5": 618,
        "6": 5054
    },
    "30501": {
        "0": 1,
        "1": 1,
        "2": 11,
        "3": 85,
        "4": 650,
        "5": 4959,
        "6": 18726
    },
    "30502": {
        "0": 1,
        "1": 9,
        "2": 79,
        "3": 671,
        "4": 5655,
        "5": 19111,
        "6": 44753
    },
    "30503": {
        "0": 1,
        "1": 11,
        "2": 94,
        "3": 800,
        "4": 6654,
        "5": 24275,
        "6": 52799
    },
    "30504": {
        "0": 1,
        "1": 10,
        "2": 84,
        "3": 694,
        "4": 5634,
        "5": 16976,
        "6": 35422
    },
    "30505": {
        "0": 1,
        "1": 10,
        "2": 87,
        "3": 742,
        "4": 6293,
        "5": 22987,
        "6": 53723
    },
    "30506": {
        "0": 1,
        "1": 9,
        "2": 67,
        "3": 516,
        "4": 3993,
        "5": 12151,
        "6": 23095
    },
    "30507": {
        "0": 1,
        "1": 8,
        "2": 67,
        "3": 551,
        "4": 4477,
        "5": 8448,
        "6": 12610
    },
    "30508": {
        "0": 1,
        "1": 11,
        "2": 87,
        "3": 675,
        "4": 5172,
        "5": 22051,
        "6": 54727
    },
    "30509": {
        "0": 1,
        "1": 1,
        "2": 10,
        "3": 86,
        "4": 749,
        "5": 6438,
        "6": 22430
    },
    "30510": {
        "0": 1,
        "1": 1,
        "2": 1,
        "3": 1,
        "4": 1,
        "5": 12,
        "6": 75
    },
    "30511": {
        "0": 1,
        "1": 8,
        "2": 68,
        "3": 585,
        "4": 4992,
        "5": 12073,
        "6": 24483
    },
    "30512": {
        "0": 1,
        "1": 11,
        "2": 96,
        "3": 826,
        "4": 7113,
        "5": 28737,
        "6": 73536
    },
    "30513": {
        "0": 1,
        "1": 10,
        "2": 76,
        "3": 560,
        "4": 4101,
        "5": 12415,
        "6": 28814
    },
    "30514": {
        "0": 1,
        "1": 1,
        "2": 1,
        "3": 12,
        "4": 106,
        "5": 902,
        "6": 7663
    },
    "30515": {
        "0": 1,
        "1": 1,
        "2": 1,
        "3": 11,
        "4": 95,
        "5": 790,
        "6": 6503
    },
    "30516": {
        "0": 1,
        "1": 10,
        "2": 68,
        "3": 466,
        "4": 3155,
        "5": 11167,
        "6": 28725
    },
    "30517": {
        "0": 1,
        "1": 10,
        "2": 86,
        "3": 747,
        "4": 6459,
        "5": 23045,
        "6": 51313
    },
    "30518": {
        "0": 1,
        "1": 1,
        "2": 9,
        "3": 68,
        "4": 518,
        "5": 3931,
        "6": 12485
    },
    "30519": {
        "0": 1,
        "1": 10,
        "2": 76,
        "3": 553,
        "4": 3974,
        "5": 12873,
        "6": 27882
    },
    "30520": {
        "0": 1,
        "1": 1,
        "2": 8,
        "3": 55,
        "4": 381,
        "5": 2685,
        "6": 8763
    },
    "30521": {
        "0": 1,
        "1": 8,
        "2": 70,
        "3": 596,
        "4": 4982,
        "5": 13303,
        "6": 25804
    },
    "30522": {
        "0": 1,
        "1": 12,
        "2": 103,
        "3": 849,
        "4": 6956,
        "5": 26848,
        "6": 63202
    },
    "30523": {
        "0": 1,
        "1": 1,
        "2": 9,
        "3": 80,
        "4": 702,
        "5": 6133,
        "6": 20703
    },
    "30524": {
        "0": 1,
        "1": 1,
        "2": 1,
        "3": 10,
        "4": 83,
        "5": 698,
        "6": 5779
    },
    "30525": {
        "0": 1,
        "1": 1,
        "2": 1,
        "3": 12,
        "4": 99,
        "5": 773,
        "6": 5956
    },
    "30526": {
        "0": 1,
        "1": 8,
        "2": 72,
        "3": 634,
        "4": 5547,
        "5": 17934,
        "6": 42964
    },
    "30527": {
        "0": 1,
        "1": 9,
        "2": 76,
        "3": 630,
        "4": 5160,
        "5": 14081,
        "6": 27985
    },
    "30528": {
        "0": 1,
        "1": 10,
        "2": 83,
        "3": 696,
        "4": 5802,
        "5": 18032,
        "6": 41687
    },
    "30529": {
        "0": 1,
        "1": 1,
        "2": 10,
        "3": 87,
        "4": 745,
        "5": 6271,
        "6": 21197
    },
    "30530": {
        "0": 1,
        "1": 11,
        "2": 96,
        "3": 840,
        "4": 7221,
        "5": 28822,
        "6": 69189
    },
    "30531": {
        "0": 1,
        "1": 1,
        "2": 8,
        "3": 66,
        "4": 547,
        "5": 4552,
        "6": 7879
    },
    "30532": {
        "0": 1,
        "1": 1,
        "2": 9,
        "3": 79,
        "4": 705,
        "5": 6254,
        "6": 22502
    },
    "30533": {
        "0": 1,
        "1": 10,
        "2": 84,
        "3": 715,
        "4": 6088,
        "5": 19351,
        "6": 40144
    },
    "30534": {
        "0": 1,
        "1": 11,
        "2": 92,
        "3": 789,
        "4": 6648,
        "5": 25071,
        "6": 57633
    },
    "30535": {
        "0": 1,
        "1": 1,
        "2": 10,
        "3": 74,
        "4": 555,
        "5": 4176,
        "6": 12535
    },
    "30536": {
        "0": 1,
        "1": 1,
        "2": 1,
        "3": 1,
        "4": 1,
        "5": 11,
        "6": 94
    },
    "30537": {
        "0": 1,
        "1": 11,
        "2": 80,
        "3": 544,
        "4": 3524,
        "5": 14375,
        "6": 39547
    },
    "30538": {
        "0": 1,
        "1": 11,
        "2": 84,
        "3": 593,
        "4": 4123,
        "5": 12915,
        "6": 29565
    },
    "30539": {
        "0": 1,
        "1": 1,
        "2": 1,
        "3": 1,
        "4": 1,
        "5": 13,
        "6": 107
    },
    "30540": {
        "0": 1,
        "1": 10,
        "2": 77,
        "3": 592,
        "4": 4564,
        "5": 16422,
        "6": 44383
    },
    "30541": {
        "0": 1,
        "1": 1,
        "2": 10,
        "3": 86,
        "4": 736,
        "5": 6177,
        "6": 20881
    },
    "30542": {
        "0": 1,
        "1": 8,
        "2": 60,
        "3": 440,
        "4": 3202,
        "5": 6092,
        "6": 9725
    },
    "30543": {
        "0": 1,
        "1": 1,
        "2": 1,
        "3": 1,
        "4": 11,
        "5": 91,
        "6": 746
    },
    "30544": {
        "0": 1,
        "1": 1,
        "2": 10,
        "3": 75,
        "4": 568,
        "5": 4309,
        "6": 13441
    },
    "30545": {
        "0": 1,
        "1": 1,
        "2": 11,
        "3": 93,
        "4": 787,
        "5": 6692,
        "6": 24467
    },
    "30546": {
        "0": 1,
        "1": 1,
        "2": 11,
        "3": 93,
        "4": 791,
        "5": 6636,
        "6": 24893
    },
    "30547": {
        "0": 1,
        "1": 9,
        "2": 67,
        "3": 501,
        "4": 3810,
        "5": 10147,
        "6": 23000
    },
    "30548": {
        "0": 1,
        "1": 1,
        "2": 1,
        "3": 10,
        "4": 74,
        "5": 544,
        "6": 4039
    },
    "30549": {
        "0": 1,
        "1": 1,
        "2": 12,
        "3": 97,
        "4": 742,
        "5": 5545,
        "6": 23650
    },
    "30550": {
        "0": 1,
        "1": 1,
        "2": 11,
        "3": 75,
        "4": 505,
        "5": 3453,
        "6": 14808
    },
    "30551": {
        "0": 1,
        "1": 1,
        "2": 11,
        "3": 93,
        "4": 774,
        "5": 6459,
        "6": 21514
    },
    "30552": {
        "0": 1,
        "1": 11,
        "2": 80,
        "3": 547,
        "4": 3747,
        "5": 15615,
        "6": 47924
    },
    "30553": {
        "0": 1,
        "1": 1,
        "2": 1,
        "3": 9,
        "4": 67,
        "5": 482,
        "6": 3438
    },
    "30554": {
        "0": 1,
        "1": 1,
        "2": 1,
        "3": 1,
        "4": 10,
        "5": 85,
        "6": 736
    },
    "30555": {
        "0": 1,
        "1": 8,
        "2": 59,
        "3": 455,
        "4": 3528,
        "5": 8182,
        "6": 17492
    },
    "30556": {
        "0": 1,
        "1": 9,
        "2": 76,
        "3": 643,
        "4": 5461,
        "5": 15864,
        "6": 31003
    },
    "30557": {
        "0": 1,
        "1": 1,
        "2": 10,
        "3": 88,
        "4": 776,
        "5": 6835,
        "6": 27455
    },
    "30558": {
        "0": 1,
        "1": 10,
        "2": 80,
        "3": 622,
        "4": 4724,
        "5": 18114,
        "6": 47947
    },
    "30559": {
        "0": 1,
        "1": 1,
        "2": 9,
        "3": 61,
        "4": 414,
        "5": 2880,
        "6": 10006
    },
    "30560": {
        "0": 1,
        "1": 1,
        "2": 9,
        "3": 60,
        "4": 388,
        "5": 2452,
        "6": 7622
    },
    "30561": {
        "0": 1,
        "1": 1,
        "2": 12,
        "3": 75,
        "4": 418,
        "5": 2346,
        "6": 9250
    },
    "30562": {
        "0": 1,
        "1": 10,
        "2": 77,
        "3": 600,
        "4": 4681,
        "5": 17304,
        "6": 44531
    },
    "30563": {
        "0": 1,
        "1": 11,
        "2": 92,
        "3": 774,
        "4": 6366,
        "5": 23734,
        "6": 57747
    },
    "30564": {
        "0": 1,
        "1": 8,
        "2": 55,
        "3": 369,
        "4": 2446,
        "5": 7027,
        "6": 13608
    },
    "30565": {
        "0": 1,
        "1": 1,
        "2": 1,
        "3": 9,
        "4": 71,
        "5": 537,
        "6": 4076
    },
    "30566": {
        "0": 1,
        "1": 8,
        "2": 53,
        "3": 367,
        "4": 2563,
        "5": 7610,
        "6": 17813
    },
    "30567": {
        "0": 1,
        "1": 1,
        "2": 11,
        "3": 75,
        "4": 491,
        "5": 3210,
        "6": 10729
    },
    "30568": {
        "0": 1,
        "1": 1,
        "2": 11,
        "3": 88,
        "4": 683,
        "5": 5232,
        "6": 20684
    },
    "30569": {
        "0": 1,
        "1": 1,
        "2": 13,
        "3": 108,
        "4": 830,
        "5": 6268,
        "6": 28140
    },
    "30570": {
        "0": 1,
        "1": 10,
        "2": 86,
        "3": 741,
        "4": 6278,
        "5": 22076,
        "6": 49109
    },
    "30571": {
        "0": 1,
        "1": 9,
        "2": 68,
        "3": 502,
        "4": 3654,
        "5": 9269,
        "6": 17231
    },
    "30572": {
        "0": 1,
        "1": 9,
        "2": 69,
        "3": 523,
        "4": 3927,
        "5": 11974,
        "6": 23058
    },
    "30573": {
        "0": 1,
        "1": 11,
        "2": 78,
        "3": 521,
        "4": 3431,
        "5": 13494,
        "6": 38629
    },
    "30574": {
        "0": 1,
        "1": 1,
        "2": 10,
        "3": 77,
        "4": 574,
        "5": 4202,
        "6": 13311
    },
    "30575": {
        "0": 1,
        "1": 1,
        "2": 9,
        "3": 75,
        "4": 624,
        "5": 5123,
        "6": 11875
    },
    "30576": {
        "0": 1,
        "1": 12,
        "2": 97,
        "3": 794,
        "4": 6593,
        "5": 22486,
        "6": 44747
    },
    "30577": {
        "0": 1,
        "1": 1,
        "2": 8,
        "3": 71,
        "4": 618,
        "5": 5387,
        "6": 14045
    },
    "30578": {
        "0": 1,
        "1": 1,
        "2": 1,
        "3": 10,
        "4": 83,
        "5": 697,
        "6": 5792
    },
    "30579": {
        "0": 1,
        "1": 10,
        "2": 76,
        "3": 551,
        "4": 3863,
        "5": 11123,
        "6": 24635
    },
    "30580": {
        "0": 1,
        "1": 1,
        "2": 1,
        "3": 13,
        "4": 106,
        "5": 803,
        "6": 6062
    },
    "30581": {
        "0": 1,
        "1": 1,
        "2": 9,
        "3": 70,
        "4": 527,
        "5": 3931,
        "6": 11751
    },
    "30582": {
        "0": 1,
        "1": 11,
        "2": 92,
        "3": 766,
        "4": 6403,
        "5": 21205,
        "6": 44509
    },
    "30583": {
        "0": 1,
        "1": 13,
        "2": 107,
        "3": 803,
        "4": 5887,
        "5": 25404,
        "6": 72665
    },
    "30584": {
        "0": 1,
        "1": 1,
        "2": 11,
        "3": 87,
        "4": 686,
        "5": 5368,
        "6": 22678
    },
    "30585": {
        "0": 1,
        "1": 9,
        "2": 77,
        "3": 664,
        "4": 5660,
        "5": 17742,
        "6": 34670
    },
    "30586": {
        "0": 1,
        "1": 9,
        "2": 75,
        "3": 649,
        "4": 5635,
        "5": 16308,
        "6": 30785
    },
    "30587": {
        "0": 1,
        "1": 1,
        "2": 1,
        "3": 1,
        "4": 9,
        "5": 66,
        "6": 486
    },
    "30588": {
        "0": 1,
        "1": 1,
        "2": 9,
        "3": 71,
        "4": 555,
        "5": 4300,
        "6": 15839
    },
    "30589": {
        "0": 1,
        "1": 11,
        "2": 92,
        "3": 769,
        "4": 6484,
        "5": 21939,
        "6": 46987
    },
    "30590": {
        "0": 1,
        "1": 12,
        "2": 110,
        "3": 942,
        "4": 7775,
        "5": 35050,
        "6": 102231
    },
    "30591": {
        "0": 1,
        "1": 9,
        "2": 77,
        "3": 656,
        "4": 5602,
        "5": 15110,
        "6": 28454
    },
    "30592": {
        "0": 1,
        "1": 9,
        "2": 73,
        "3": 610,
        "4": 5137,
        "5": 10937,
        "6": 18541
    },
    "30593": {
        "0": 1,
        "1": 10,
        "2": 76,
        "3": 576,
        "4": 4360,
        "5": 13849,
        "6": 29773
    },
    "30594": {
        "0": 1,
        "1": 11,
        "2": 98,
        "3": 844,
        "4": 7174,
        "5": 27849,
        "6": 70640
    },
    "30595": {
        "0": 1,
        "1": 12,
        "2": 91,
        "3": 636,
        "4": 4408,
        "5": 20179,
        "6": 67911
    },
    "30596": {
        "0": 1,
        "1": 1,
        "2": 9,
        "3": 76,
        "4": 625,
        "5": 5020,
        "6": 12164
    },
    "30597": {
        "0": 1,
        "1": 10,
        "2": 83,
        "3": 699,
        "4": 5924,
        "5": 17949,
        "6": 34625
    },
    "30598": {
        "0": 1,
        "1": 1,
        "2": 1,
        "3": 11,
        "4": 96,
        "5": 821,
        "6": 6904
    },
    "30599": {
        "0": 1,
        "1": 9,
        "2": 72,
        "3": 564,
        "4": 4329,
        "5": 15570,
        "6": 41954
    }
}