{
    "30800": {
        "0": 1,
        "1": 1,
        "2": 1,
        "3": 9,
        "4": 72,
        "5": 569,
        "6": 4470
    },
    "30801": {
        "0": 1,
        "1": 11,
        "2": 97,
        "3": 827,
        "4": 6933,
        "5": 27405,
        "6": 74020
    },
    "30802": {
        "0": 1,
        "1": 14,
        "2": 115,
        "3": 832,
        "4": 6007,
        "5": 24725,
        "6": 71768
    },
    "30803": {
        "0": 1,
        "1": 11,
        "2": 93,
        "3": 795,
        "4": 6797,
        "5": 25010,
        "6": 59111
    },
    "30804": {
        "0": 1,
        "1": 10,
        "2": 84,
        "3": 715,
        "4": 6149,
        "5": 19045,
        "6": 44020
    },
    "30805": {
        "0": 1,
        "1": 1,
        "2": 12,
        "3": 90,
        "4": 656,
        "5": 4800,
        "6": 18086
    },
    "30806": {
        "0": 1,
        "1": 9,
        "2": 76,
        "3": 652,
        "4": 5566,
        "5": 16842,
        "6": 34768
    },
    "30807": {
        "0": 1,
        "1": 1,
        "2": 9,
        "3": 75,
        "4": 629,
        "5": 5213,
        "6": 13026
    },
    "30808": {
        "0": 1,
        "1": 1,
        "2": 1,
        "3": 11,
        "4": 96,
        "5": 828,
        "6": 7045
    },
    "30809": {
        "0": 1,
        "1": 1,
        "2": 9,
        "3": 78,
        "4": 668,
        "5": 5663,
        "6": 17507
    },
    "30810": {
        "0": 1,
        "1": 1,
        "2": 1,
        "3": 9,
        "4": 68,
        "5": 526,
        "6": 4084
    },
    "30811": {
        "0": 1,
        "1": 1,
        "2": 1,
        "3": 1,
        "4": 11,
        "5": 83,
        "6": 614
    },
    "30812": {
        "0": 1,
        "1": 1,
        "2": 11,
        "3": 95,
        "4": 836,
        "5": 7189,
        "6": 30971
    },
    "30813": {
        "0": 1,
        "1": 1,
        "2": 1,
        "3": 10,
        "4": 73,
        "5": 510,
        "6": 3613
    },
    "30814": {
        "0": 1,
        "1": 8,
        "2": 61,
        "3": 458,
        "4": 3410,
        "5": 7994,
        "6": 14429
    },
    "30815": {
        "0": 1,
        "1": 10,
        "2": 80,
        "3": 666,
        "4": 5628,
        "5": 15122,
        "6": 28147
    },
    "30816": {
        "0": 1,
        "1": 1,
        "2": 11,
        "3": 92,
        "4": 763,
        "5": 6319,
        "6": 21834
    },
    "30817": {
        "0": 1,
        "1": 1,
        "2": 1,
        "3": 1,
        "4": 11,
        "5": 96,
        "6": 824
    },
    "30818": {
        "0": 1,
        "1": 9,
        "2": 76,
        "3": 658,
        "4": 5628,
        "5": 17540,
        "6": 36761
    },
    "30819": {
        "0": 1,
        "1": 1,
        "2": 10,
        "3": 87,
        "4": 721,
        "5": 5905,
        "6": 17922
    },
    "30820": {
        "0": 1,
        "1": 10,
        "2": 77,
        "3": 586,
        "4": 4456,
        "5": 14997,
        "6": 36337
    },
    "30821": {
        "0": 1,
        "1": 1,
        "2": 11,
        "3": 87,
        "4": 648,
        "5": 4788,
        "6": 17809
    },
    "30822": {
        "0": 1,
        "1": 10,
        "2": 71,
        "3": 465,
        "4": 2970,
        "5": 10986,
        "6": 32389
    },
    "30823": {
        "0": 1,
        "1": 10,
        "2": 83,
        "3": 693,
        "4": 5761,
        "5": 17803,
        "6": 42938
    },
    "30824": {
        "0": 1,
        "1": 10,
        "2": 83,
        "3": 705,
        "4": 6019,
        "5": 18688,
        "6": 36675
    },
    "30825": {
        "0": 1,
        "1": 1,
        "2": 1,
        "3": 9,
        "4": 62,
        "5": 444,
        "6": 3156
    },
    "30826": {
        "0": 1,
        "1": 1,
        "2": 1,
        "3": 11,
        "4": 94,
        "5": 808,
        "6": 6917
    },
    "30827": {
        "0": 1,
        "1": 1,
        "2": 12,
        "3": 85,
        "4": 547,
        "5": 3538,
        "6": 14189
    },
    "30828": {
        "0": 1,
        "1": 9,
        "2": 66,
        "3": 486,
        "4": 3557,
        "5": 10440,
        "6": 24337
    },
    "30829": {
        "0": 1,
        "1": 9,
        "2": 68,
        "3": 520,
        "4": 3990,
        "5": 11691,
        "6": 22289
    },
    "30830": {
        "0": 1,
        "1": 8,
        "2": 54,
        "3": 358,
        "4": 2352,
        "5": 6165,
        "6": 13722
    },
    "30831": {
        "0": 1,
        "1": 8,
        "2": 65,
        "3": 506,
        "4": 3808,
        "5": 5113,
        "6": 7132
    },
    "30832": {
        "0": 1,
        "1": 10,
        "2": 87,
        "3": 734,
        "4": 6089,
        "5": 20026,
        "6": 45417
    },
    "30833": {
        "0": 1,
        "1": 10,
        "2": 84,
        "3": 724,
        "4": 6228,
        "5": 20876,
        "6": 45443
    },
    "30834": {
        "0": 1,
        "1": 9,
        "2": 69,
        "3": 518,
        "4": 3845,
        "5": 11079,
        "6": 24289
    },
    "30835": {
        "0": 1,
        "1": 9,
        "2": 60,
        "3": 408,
        "4": 2781,
        "5": 8705,
        "6": 19660
    },
    "30836": {
        "0": 1,
        "1": 11,
        "2": 84,
        "3": 621,
        "4": 4590,
        "5": 16608,
        "6": 43402
    },
    "30837": {
        "0": 1,
        "1": 9,
        "2": 78,
        "3": 656,
        "4": 5398,
        "5": 16034,
        "6": 35567
    },
    "30838": {
        "0": 1,
        "1": 10,
        "2": 76,
        "3": 581,
        "4": 4435,
        "5": 14626,
        "6": 34250
    },
    "30839": {
        "0": 1,
        "1": 9,
        "2": 78,
        "3": 685,
        "4": 5935,
        "5": 20815,
        "6": 47145
    },
    "30840": {
        "0": 1,
        "1": 1,
        "2": 10,
        "3": 83,
        "4": 706,
        "5": 5952,
        "6": 19609
    },
    "30841": {
        "0": 1,
        "1": 1,
        "2": 1,
        "3": 1,
        "4": 12,
        "5": 102,
        "6": 845
    },
    "30842": {
        "0": 1,
        "1": 9,
        "2": 81,
        "3": 713,
        "4": 6221,
        "5": 23540,
        "6": 57645
    },
    "30843": {
        "0": 1,
        "1": 10,
        "2": 87,
        "3": 753,
        "4": 6386,
        "5": 23385,
        "6": 58972
    },
    "30844": {
        "0": 1,
        "1": 1,
        "2": 11,
        "3": 97,
        "4": 817,
        "5": 6704,
        "6": 26436
    },
    "30845": {
        "0": 1,
        "1": 1,
        "2": 10,
        "3": 75,
        "4": 556,
        "5": 4158,
        "6": 12245
    },
    "30846": {
        "0": 1,
        "1": 1,
        "2": 11,
        "3": 85,
        "4": 639,
        "5": 4650,
        "6": 17750
    },
    "30847": {
        "0": 1,
        "1": 9,
        "2": 71,
        "3": 543,
        "4": 4102,
        "5": 13418,
        "6": 29980
    },
    "30848": {
        "0": 1,
        "1": 10,
        "2": 77,
        "3": 594,
        "4": 4594,
        "5": 16549,
        "6": 36042
    },
    "30849": {
        "0": 1,
        "1": 1,
        "2": 1,
        "3": 1,
        "4": 1,
        "5": 1,
        "6": 1
    },
    "30850": {
        "0": 1,
        "1": 9,
        "2": 70,
        "3": 534,
        "4": 4069,
        "5": 11952,
        "6": 23130
    },
    "30851": {
        "0": 1,
        "1": 1,
        "2": 10,
        "3": 81,
        "4": 662,
        "5": 5374,
        "6": 13467
    },
    "30852": {
        "0": 1,
        "1": 1,
        "2": 10,
        "3": 83,
        "4": 688,
        "5": 5693,
        "6": 16966
    },
    "30853": {
        "0": 1,
        "1": 1,
        "2": 1,
        "3": 9,
        "4": 75,
        "5": 633,
        "6": 5408
    },
    "30854": {
        "0": 1,
        "1": 10,
        "2": 75,
        "3": 549,
        "4": 4015,
        "5": 12160,
        "6": 27693
    },
    "30855": {
        "0": 1,
        "1": 1,
        "2": 1,
        "3": 1,
        "4": 1,
        "5": 10,
        "6": 75
    },
    "30856": {
        "0": 1,
        "1": 1,
        "2": 11,
        "3": 95,
        "4": 826,
        "5": 7193,
        "6": 29694
    },
    "30857": {
        "0": 1,
        "1": 12,
        "2": 96,
        "3": 723,
        "4": 5482,
        "5": 22699,
        "6": 57757
    },
    "30858": {
        "0": 1,
        "1": 1,
        "2": 10,
        "3": 87,
        "4": 741,
        "5": 6225,
        "6": 21957
    },
    "30859": {
        "0": 1,
        "1": 13,
        "2": 110,
        "3": 902,
        "4": 7332,
        "5": 29220,
        "6": 66665
    },
    "30860": {
        "0": 1,
        "1": 1,
        "2": 14,
        "3": 123,
        "4": 1012,
        "5": 8190,
        "6": 35654
    },
    "30861": {
        "0": 1,
        "1": 1,
        "2": 1,
        "3": 11,
        "4": 91,
        "5": 745,
        "6": 5970
    },
    "30862": {
        "0": 1,
        "1": 9,
        "2": 69,
        "3": 536,
        "4": 4139,
        "5": 14587,
        "6": 38667
    },
    "30863": {
        "0": 1,
        "1": 1,
        "2": 1,
        "3": 1,
        "4": 10,
        "5": 79,
        "6": 626
    },
    "30864": {
        "0": 1,
        "1": 1,
        "2": 1,
        "3": 10,
        "4": 75,
        "5": 561,
        "6": 4230
    },
    "30865": {
        "0": 1,
        "1": 9,
        "2": 76,
        "3": 640,
        "4": 5294,
        "5": 15374,
        "6": 31928
    },
    "30866": {
        "0": 1,
        "1": 11,
        "2": 75,
        "3": 486,
        "4": 3192,
        "5": 12140,
        "6": 32328
    },
    "30867": {
        "0": 1,
        "1": 1,
        "2": 1,
        "3": 1,
        "4": 10,
        "5": 74,
        "6": 544
    },
    "30868": {
        "0": 1,
        "1": 8,
        "2": 61,
        "3": 471,
        "4": 3659,
        "5": 9341,
        "6": 20786
    },
    "30869": {
        "0": 1,
        "1": 1,
        "2": 10,
        "3": 77,
        "4": 592,
        "5": 4572,
        "6": 16357
    },
    "30870": {
        "0": 1,
        "1": 1,
        "2": 1,
        "3": 10,
        "4": 85,
        "5": 724,
        "6": 6108
    },
    "30871": {
        "0": 1,
        "1": 9,
        "2": 78,
        "3": 688,
        "4": 6052,
        "5": 20111,
        "6": 43789
    },
    "30872": {
        "0": 1,
        "1": 9,
        "2": 71,
        "3": 527,
        "4": 3765,
        "5": 10279,
        "6": 23855
    },
    "30873": {
        "0": 1,
        "1": 1,
        "2": 8,
        "3": 58,
        "4": 412,
        "5": 2895,
        "6": 4870
    },
    "30874": {
        "0": 1,
        "1": 11,
        "2": 84,
        "3": 610,
        "4": 4454,
        "5": 13762,
        "6": 34166
    },
    "30875": {
        "0": 1,
        "1": 12,
        "2": 93,
        "3": 672,
        "4": 4808,
        "5": 18813,
        "6": 49253
    },
    "30876": {
        "0": 1,
        "1": 1,
        "2": 1,
        "3": 10,
        "4": 75,
        "5": 556,
        "6": 4103
    },
    "30877": {
        "0": 1,
        "1": 1,
        "2": 11,
        "3": 95,
        "4": 813,
        "5": 6846,
        "6": 26690
    },
    "30878": {
        "0": 1,
        "1": 1,
        "2": 1,
        "3": 11,
        "4": 100,
        "5": 872,
        "6": 7401
    },
    "30879": {
        "0": 1,
        "1": 11,
        "2": 87,
        "3": 666,
        "4": 5045,
        "5": 20691,
        "6": 54377
    },
    "30880": {
        "0": 1,
        "1": 1,
        "2": 1,
        "3": 10,
        "4": 74,
        "5": 553,
        "6": 4085
    },
    "30881": {
        "0": 1,
        "1": 1,
        "2": 1,
        "3": 1,
        "4": 11,
        "5": 89,
        "6": 696
    },
    "30882": {
        "0": 1,
        "1": 1,
        "2": 1,
        "3": 11,
        "4": 98,
        "5": 844,
        "6": 7147
    },
    "30883": {
        "0": 1,
        "1": 10,
        "2": 86,
        "3": 754,
        "4": 6564,
        "5": 24014,
        "6": 54462
    },
    "30884": {
        "0": 1,
        "1": 1,
        "2": 1,
        "3": 12,
        "4": 91,
        "5": 651,
        "6": 4609
    },
    "30885": {
        "0": 1,
        "1": 1,
        "2": 1,
        "3": 1,
        "4": 10,
        "5": 84,
        "6": 715
    },
    "30886": {
        "0": 1,
        "1": 1,
        "2": 10,
        "3": 83,
        "4": 700,
        "5": 5955,
        "6": 18338
    },
    "30887": {
        "0": 1,
        "1": 8,
        "2": 69,
        "3": 591,
        "4": 5049,
        "5": 13017,
        "6": 23132
    },
    "30888": {
        "0": 1,
        "1": 9,
        "2": 76,
        "3": 640,
        "4": 5431,
        "5": 13665,
        "6": 27055
    },
    "30889": {
        "0": 1,
        "1": 14,
        "2": 111,
        "3": 815,
        "4": 6059,
        "5": 26434,
        "6": 64325
    },
    "30890": {
        "0": 1,
        "1": 1,
        "2": 1,
        "3": 10,
        "4": 68,
        "5": 448,
        "6": 2846
    },
    "30891": {
        "0": 1,
        "1": 1,
        "2": 12,
        "3": 101,
        "4": 797,
        "5": 6211,
        "6": 28983
    },
    "30892": {
        "0": 1,
        "1": 1,
        "2": 11,
        "3": 90,
        "4": 711,
        "5": 5539,
        "6": 23715
    },
    "30893": {
        "0": 1,
        "1": 1,
        "2": 1,
        "3": 1,
        "4": 9,
        "5": 70,
        "6": 546
    },
    "30894": {
        "0": 1,
        "1": 1,
        "2": 9,
        "3": 76,
        "4": 651,
        "5": 5558,
        "6": 14666
    },
    "30895": {
        "0": 1,
        "1": 1,
        "2": 9,
        "3": 69,
        "4": 503,
        "5": 3572,
        "6": 9476
    },
    "30896": {
        "0": 1,
        "1": 11,
        "2": 93,
        "3": 778,
        "4": 6432,
        "5": 22832,
        "6": 57990
    },
    "30897": {
        "0": 1,
        "1": 9,
        "2": 67,
        "3": 500,
        "4": 3792,
        "5": 10018,
        "6": 20253
    },
    "30898": {
        "0": 1,
        "1": 1,
        "2": 9,
        "3": 75,
        "4": 641,
        "5": 5505,
        "6": 14478
    },
    "30899": {
        "0": 1,
        "1": 1,
        "2": 11,
        "3": 94,
        "4": 789,
        "5": 6541,
        "6": 23906
    }
}