{
    "1200": {
        "0": 1,
        "1": 1,
        "2": 8,
        "3": 70,
        "4": 605,
        "5": 5193,
        "6": 14140
    },
    "1201": {
        "0": 1,
        "1": 1,
        "2": 9,
        "3": 59,
        "4": 384,
        "5": 2538,
        "6": 6731
    },
    "1202": {
        "0": 1,
        "1": 1,
        "2": 1,
        "3": 10,
        "4": 76,
        "5": 591,
        "6": 4565
    },
    "1203": {
        "0": 1,
        "1": 10,
        "2": 85,
        "3": 701,
        "4": 5674,
        "5": 17410,
        "6": 38662
    },
    "1204": {
        "0": 1,
        "1": 1,
        "2": 12,
        "3": 85,
        "4": 551,
        "5": 3624,
        "6": 13771
    },
    "1205": {
        "0": 1,
        "1": 1,
        "2": 10,
        "3": 79,
        "4": 586,
        "5": 4311,
        "6": 14298
    },
    "1206": {
        "0": 1,
        "1": 10,
        "2": 65,
        "3": 428,
        "4": 2863,
        "5": 8885,
        "6": 21220
    },
    "1207": {
        "0": 1,
        "1": 1,
        "2": 10,
        "3": 78,
        "4": 603,
        "5": 4619,
        "6": 17852
    },
    "1208": {
        "0": 1,
        "1": 1,
        "2": 1,
        "3": 10,
        "4": 77,
        "5": 589,
        "6": 4467
    },
    "1209": {
        "0": 1,
        "1": 1,
        "2": 1,
        "3": 10,
        "4": 74,
        "5": 544,
        "6": 4044
    },
    "1210": {
        "0": 1,
        "1": 10,
        "2": 87,
        "3": 718,
        "4": 5705,
        "5": 18547,
        "6": 45443
    },
    "1211": {
        "0": 1,
        "1": 1,
        "2": 10,
        "3": 80,
        "4": 626,
        "5": 4858,
        "6": 18463
    },
    "1212": {
        "0": 1,
        "1": 1,
        "2": 1,
        "3": 9,
        "4": 73,
        "5": 606,
        "6": 5012
    },
    "1213": {
        "0": 1,
        "1": 10,
        "2": 79,
        "3": 626,
        "4": 4880,
        "5": 20345,
        "6": 55406
    },
    "1214": {
        "0": 1,
        "1": 1,
        "2": 10,
        "3": 85,
        "4": 755,
        "5": 6687,
        "6": 25645
    },
    "1215": {
        "0": 1,
        "1": 9,
        "2": 68,
        "3": 523,
        "4": 4018,
        "5": 11697,
        "6": 24590
    },
    "1216": {
        "0": 1,
        "1": 1,
        "2": 8,
        "3": 56,
        "4": 381,
        "5": 2575,
        "6": 8322
    },
    "1217": {
        "0": 1,
        "1": 11,
        "2": 88,
        "3": 682,
        "4": 5141,
        "5": 21217,
        "6": 63327
    },
    "1218": {
        "0": 1,
        "1": 8,
        "2": 53,
        "3": 374,
        "4": 2677,
        "5": 8841,
        "6": 24185
    },
    "1219": {
        "0": 1,
        "1": 10,
        "2": 79,
        "3": 593,
        "4": 4401,
        "5": 14932,
        "6": 37425
    },
    "1220": {
        "0": 1,
        "1": 10,
        "2": 59,
        "3": 347,
        "4": 2088,
        "5": 7851,
        "6": 23371
    },
    "1221": {
        "0": 1,
        "1": 12,
        "2": 103,
        "3": 862,
        "4": 7143,
        "5": 28760,
        "6": 74468
    },
    "1222": {
        "0": 1,
        "1": 9,
        "2": 78,
        "3": 688,
        "4": 6055,
        "5": 20660,
        "6": 46591
    },
    "1223": {
        "0": 1,
        "1": 11,
        "2": 94,
        "3": 800,
        "4": 6733,
        "5": 25951,
        "6": 60640
    },
    "1224": {
        "0": 1,
        "1": 1,
        "2": 1,
        "3": 13,
        "4": 98,
        "5": 658,
        "6": 4397
    },
    "1225": {
        "0": 1,
        "1": 1,
        "2": 9,
        "3": 60,
        "4": 409,
        "5": 2783,
        "6": 10037
    },
    "1226": {
        "0": 1,
        "1": 1,
        "2": 11,
        "3": 94,
        "4": 807,
        "5": 6920,
        "6": 26812
    },
    "1227": {
        "0": 1,
        "1": 1,
        "2": 1,
        "3": 1,
        "4": 9,
        "5": 69,
        "6": 506
    },
    "1228": {
        "0": 1,
        "1": 10,
        "2": 77,
        "3": 583,
        "4": 4269,
        "5": 14824,
        "6": 41435
    },
    "1229": {
        "0": 1,
        "1": 1,
        "2": 9,
        "3": 64,
        "4": 473,
        "5": 3594,
        "6": 8588
    },
    "1230": {
        "0": 1,
        "1": 1,
        "2": 1,
        "3": 1,
        "4": 1,
        "5": 1,
        "6": 11
    },
    "1231": {
        "0": 1,
        "1": 1,
        "2": 12,
        "3": 104,
        "4": 888,
        "5": 7572,
        "6": 32237
    },
    "1232": {
        "0": 1,
        "1": 1,
        "2": 12,
        "3": 92,
        "4": 665,
        "5": 4843,
        "6": 18409
    },
    "1233": {
        "0": 1,
        "1": 1,
        "2": 1,
        "3": 1,
        "4": 11,
        "5": 90,
        "6": 729
    },
    "1234": {
        "0": 1,
        "1": 11,
        "2": 92,
        "3": 761,
        "4": 6165,
        "5": 21497,
        "6": 48404
    },
    "1235": {
        "0": 1,
        "1": 1,
        "2": 1,
        "3": 1,
        "4": 11,
        "5": 86,
        "6": 622
    },
    "1236": {
        "0": 1,
        "1": 1,
        "2": 1,
        "3": 1,
        "4": 1,
        "5": 1,
        "6": 10
    },
    "1237": {
        "0": 1,
        "1": 1,
        "2": 11,
        "3": 70,
        "4": 445,
        "5": 2873,
        "6": 8605
    },
    "1238": {
        "0": 1,
        "1": 9,
        "2": 68,
        "3": 500,
        "4": 3595,
        "5": 8131,
        "6": 14308
    },
    "1239": {
        "0": 1,
        "1": 1,
        "2": 1,
        "3": 11,
        "4": 82,
        "5": 606,
        "6": 4536
    },
    "1240": {
        "0": 1,
        "1": 1,
        "2": 11,
        "3": 90,
        "4": 704,
        "5": 5433,
        "6": 22436
    },
    "1241": {
        "0": 1,
        "1": 13,
        "2": 106,
        "3": 809,
        "4": 6160,
        "5": 27733,
        "6": 80210
    },
    "1242": {
        "0": 1,
        "1": 9,
        "2": 76,
        "3": 630,
        "4": 5178,
        "5": 14240,
        "6": 29831
    },
    "1243": {
        "0": 1,
        "1": 1,
        "2": 1,
        "3": 1,
        "4": 11,
        "5": 75,
        "6": 510
    },
    "1244": {
        "0": 1,
        "1": 1,
        "2": 11,
        "3": 97,
        "4": 829,
        "5": 6974,
        "6": 27752
    },
    "1245": {
        "0": 1,
        "1": 11,
        "2": 95,
        "3": 802,
        "4": 6691,
        "5": 25051,
        "6": 63448
    },
    "1246": {
        "0": 1,
        "1": 8,
        "2": 53,
        "3": 351,
        "4": 2335,
        "5": 5187,
        "6": 11500
    },
    "1247": {
        "0": 1,
        "1": 1,
        "2": 1,
        "3": 9,
        "4": 70,
        "5": 518,
        "6": 3857
    },
    "1248": {
        "0": 1,
        "1": 1,
        "2": 11,
        "3": 84,
        "4": 615,
        "5": 4521,
        "6": 14536
    },
    "1249": {
        "0": 1,
        "1": 1,
        "2": 9,
        "3": 76,
        "4": 651,
        "5": 5587,
        "6": 15576
    },
    "1250": {
        "0": 1,
        "1": 11,
        "2": 85,
        "3": 639,
        "4": 4815,
        "5": 17242,
        "6": 45394
    },
    "1251": {
        "0": 1,
        "1": 9,
        "2": 59,
        "3": 383,
        "4": 2544,
        "5": 6813,
        "6": 14129
    },
    "1252": {
        "0": 1,
        "1": 1,
        "2": 13,
        "3": 96,
        "4": 643,
        "5": 4327,
        "6": 19131
    },
    "1253": {
        "0": 1,
        "1": 9,
        "2": 77,
        "3": 648,
        "4": 5494,
        "5": 13800,
        "6": 22643
    },
    "1254": {
        "0": 1,
        "1": 12,
        "2": 84,
        "3": 536,
        "4": 3468,
        "5": 12532,
        "6": 32709
    },
    "1255": {
        "0": 1,
        "1": 10,
        "2": 84,
        "3": 696,
        "4": 5569,
        "5": 18129,
        "6": 37924
    },
    "1256": {
        "0": 1,
        "1": 1,
        "2": 11,
        "3": 92,
        "4": 777,
        "5": 6597,
        "6": 23586
    },
    "1257": {
        "0": 1,
        "1": 1,
        "2": 9,
        "3": 73,
        "4": 580,
        "5": 4535,
        "6": 16103
    },
    "1258": {
        "0": 1,
        "1": 1,
        "2": 1,
        "3": 12,
        "4": 101,
        "5": 826,
        "6": 6751
    },
    "1259": {
        "0": 1,
        "1": 10,
        "2": 76,
        "3": 559,
        "4": 4124,
        "5": 12873,
        "6": 30484
    },
    "1260": {
        "0": 1,
        "1": 11,
        "2": 93,
        "3": 784,
        "4": 6433,
        "5": 23152,
        "6": 52512
    },
    "1261": {
        "0": 1,
        "1": 9,
        "2": 77,
        "3": 643,
        "4": 5265,
        "5": 15050,
        "6": 32024
    },
    "1262": {
        "0": 1,
        "1": 1,
        "2": 11,
        "3": 89,
        "4": 682,
        "5": 5065,
        "6": 21291
    },
    "1263": {
        "0": 1,
        "1": 1,
        "2": 9,
        "3": 74,
        "4": 616,
        "5": 5016,
        "6": 12330
    },
    "1264": {
        "0": 1,
        "1": 1,
        "2": 8,
        "3": 69,
        "4": 596,
        "5": 5124,
        "6": 11721
    },
    "1265": {
        "0": 1,
        "1": 1,
        "2": 1,
        "3": 1,
        "4": 13,
        "5": 100,
        "6": 719
    },
    "1266": {
        "0": 1,
        "1": 1,
        "2": 12,
        "3": 101,
        "4": 831,
        "5": 6788,
        "6": 25148
    },
    "1267": {
        "0": 1,
        "1": 1,
        "2": 13,
        "3": 103,
        "4": 752,
        "5": 5498,
        "6": 21491
    },
    "1268": {
        "0": 1,
        "1": 12,
        "2": 95,
        "3": 717,
        "4": 5353,
        "5": 22414,
        "6": 66126
    },
    "1269": {
        "0": 1,
        "1": 10,
        "2": 76,
        "3": 569,
        "4": 4228,
        "5": 14076,
        "6": 33515
    },
    "1270": {
        "0": 1,
        "1": 1,
        "2": 1,
        "3": 1,
        "4": 10,
        "5": 84,
        "6": 704
    },
    "1271": {
        "0": 1,
        "1": 1,
        "2": 10,
        "3": 82,
        "4": 659,
        "5": 5240,
        "6": 13717
    },
    "1272": {
        "0": 1,
        "1": 1,
        "2": 10,
        "3": 78,
        "4": 617,
        "5": 4875,
        "6": 19193
    },
    "1273": {
        "0": 1,
        "1": 11,
        "2": 80,
        "3": 538,
        "4": 3582,
        "5": 14775,
        "6": 41198
    },
    "1274": {
        "0": 1,
        "1": 1,
        "2": 1,
        "3": 11,
        "4": 93,
        "5": 769,
        "6": 6303
    },
    "1275": {
        "0": 1,
        "1": 10,
        "2": 79,
        "3": 607,
        "4": 4666,
        "5": 16876,
        "6": 42454
    },
    "1276": {
        "0": 1,
        "1": 10,
        "2": 83,
        "3": 697,
        "4": 5799,
        "5": 17774,
        "6": 35139
    },
    "1277": {
        "0": 1,
        "1": 13,
        "2": 111,
        "3": 906,
        "4": 7410,
        "5": 28533,
        "6": 62983
    },
    "1278": {
        "0": 1,
        "1": 1,
        "2": 12,
        "3": 107,
        "4": 922,
        "5": 7856,
        "6": 33765
    },
    "1279": {
        "0": 1,
        "1": 10,
        "2": 79,
        "3": 610,
        "4": 4669,
        "5": 18220,
        "6": 46997
    },
    "1280": {
        "0": 1,
        "1": 10,
        "2": 83,
        "3": 727,
        "4": 6304,
        "5": 21500,
        "6": 49638
    },
    "1281": {
        "0": 1,
        "1": 10,
        "2": 84,
        "3": 729,
        "4": 6248,
        "5": 20537,
        "6": 42287
    },
    "1282": {
        "0": 1,
        "1": 10,
        "2": 76,
        "3": 560,
        "4": 4084,
        "5": 12132,
        "6": 25974
    },
    "1283": {
        "0": 1,
        "1": 10,
        "2": 69,
        "3": 463,
        "4": 3117,
        "5": 12086,
        "6": 31979
    },
    "1284": {
        "0": 1,
        "1": 1,
        "2": 9,
        "3": 62,
        "4": 426,
        "5": 2940,
        "6": 10040
    },
    "1285": {
        "0": 1,
        "1": 9,
        "2": 68,
        "3": 497,
        "4": 3610,
        "5": 8876,
        "6": 14604
    },
    "1286": {
        "0": 1,
        "1": 10,
        "2": 76,
        "3": 567,
        "4": 4206,
        "5": 13782,
        "6": 35064
    },
    "1287": {
        "0": 1,
        "1": 9,
        "2": 69,
        "3": 528,
        "4": 4075,
        "5": 12494,
        "6": 28846
    },
    "1288": {
        "0": 1,
        "1": 12,
        "2": 103,
        "3": 873,
        "4": 7331,
        "5": 29006,
        "6": 71430
    },
    "1289": {
        "0": 1,
        "1": 9,
        "2": 79,
        "3": 690,
        "4": 5924,
        "5": 20096,
        "6": 44821
    },
    "1290": {
        "0": 1,
        "1": 10,
        "2": 87,
        "3": 748,
        "4": 6329,
        "5": 23101,
        "6": 60286
    },
    "1291": {
        "0": 1,
        "1": 11,
        "2": 82,
        "3": 620,
        "4": 4713,
        "5": 18465,
        "6": 48324
    },
    "1292": {
        "0": 1,
        "1": 1,
        "2": 1,
        "3": 1,
        "4": 1,
        "5": 11,
        "6": 59
    },
    "1293": {
        "0": 1,
        "1": 9,
        "2": 67,
        "3": 512,
        "4": 3974,
        "5": 11972,
        "6": 25088
    },
    "1294": {
        "0": 1,
        "1": 11,
        "2": 97,
        "3": 837,
        "4": 7199,
        "5": 29286,
        "6": 72001
    },
    "1295": {
        "0": 1,
        "1": 13,
        "2": 114,
        "3": 956,
        "4": 8012,
        "5": 34527,
        "6": 99141
    },
    "1296": {
        "0": 1,
        "1": 1,
        "2": 11,
        "3": 95,
        "4": 824,
        "5": 7130,
        "6": 28702
    },
    "1297": {
        "0": 1,
        "1": 1,
        "2": 1,
        "3": 10,
        "4": 79,
        "5": 623,
        "6": 4867
    },
    "1298": {
        "0": 1,
        "1": 1,
        "2": 1,
        "3": 10,
        "4": 76,
        "5": 530,
        "6": 3584
    },
    "1299": {
        "0": 1,
        "1": 1,
        "2": 9,
        "3": 76,
        "4": 656,
        "5": 5711,
        "6": 16766
    }
}