{
    "25100": {
        "0": 1,
        "1": 1,
        "2": 13,
        "3": 105,
        "4": 805,
        "5": 6097,
        "6": 28363
    },
    "25101": {
        "0": 1,
        "1": 12,
        "2": 107,
        "3": 947,
        "4": 8286,
        "5": 39538,
        "6": 118525
    },
    "25102": {
        "0": 1,
        "1": 1,
        "2": 1,
        "3": 9,
        "4": 66,
        "5": 493,
        "6": 3729
    },
    "25103": {
        "0": 1,
        "1": 9,
        "2": 77,
        "3": 659,
        "4": 5646,
        "5": 15896,
        "6": 33400
    },
    "25104": {
        "0": 1,
        "1": 1,
        "2": 11,
        "3": 90,
        "4": 746,
        "5": 6166,
        "6": 20768
    },
    "25105": {
        "0": 1,
        "1": 11,
        "2": 97,
        "3": 832,
        "4": 7052,
        "5": 29016,
        "6": 75366
    },
    "25106": {
        "0": 1,
        "1": 10,
        "2": 77,
        "3": 592,
        "4": 4546,
        "5": 15755,
        "6": 39971
    },
    "25107": {
        "0": 1,
        "1": 1,
        "2": 10,
        "3": 88,
        "4": 738,
        "5": 6146,
        "6": 20820
    },
    "25108": {
        "0": 1,
        "1": 1,
        "2": 13,
        "3": 109,
        "4": 841,
        "5": 6392,
        "6": 29574
    },
    "25109": {
        "0": 1,
        "1": 1,
        "2": 9,
        "3": 76,
        "4": 645,
        "5": 5332,
        "6": 15515
    },
    "25110": {
        "0": 1,
        "1": 1,
        "2": 10,
        "3": 87,
        "4": 750,
        "5": 6408,
        "6": 24014
    },
    "25111": {
        "0": 1,
        "1": 8,
        "2": 68,
        "3": 569,
        "4": 4717,
        "5": 9014,
        "6": 17957
    },
    "25112": {
        "0": 1,
        "1": 9,
        "2": 80,
        "3": 687,
        "4": 5712,
        "5": 18927,
        "6": 42388
    },
    "25113": {
        "0": 1,
        "1": 1,
        "2": 1,
        "3": 8,
        "4": 62,
        "5": 484,
        "6": 3779
    },
    "25114": {
        "0": 1,
        "1": 11,
        "2": 85,
        "3": 640,
        "4": 4739,
        "5": 19256,
        "6": 54111
    },
    "25115": {
        "0": 1,
        "1": 1,
        "2": 8,
        "3": 58,
        "4": 404,
        "5": 2738,
        "6": 4684
    },
    "25116": {
        "0": 1,
        "1": 9,
        "2": 70,
        "3": 537,
        "4": 4103,
        "5": 12331,
        "6": 29332
    },
    "25117": {
        "0": 1,
        "1": 1,
        "2": 8,
        "3": 54,
        "4": 373,
        "5": 2561,
        "6": 7197
    },
    "25118": {
        "0": 1,
        "1": 1,
        "2": 8,
        "3": 67,
        "4": 569,
        "5": 4891,
        "6": 9579
    },
    "25119": {
        "0": 1,
        "1": 1,
        "2": 10,
        "3": 80,
        "4": 607,
        "5": 4509,
        "6": 17664
    },
    "25120": {
        "0": 1,
        "1": 9,
        "2": 59,
        "3": 382,
        "4": 2449,
        "5": 6783,
        "6": 16655
    },
    "25121": {
        "0": 1,
        "1": 1,
        "2": 1,
        "3": 1,
        "4": 12,
        "5": 92,
        "6": 683
    },
    "25122": {
        "0": 1,
        "1": 1,
        "2": 11,
        "3": 95,
        "4": 819,
        "5": 6984,
        "6": 28671
    },
    "25123": {
        "0": 1,
        "1": 1,
        "2": 1,
        "3": 12,
        "4": 105,
        "5": 908,
        "6": 7827
    },
    "25124": {
        "0": 1,
        "1": 10,
        "2": 89,
        "3": 771,
        "4": 6632,
        "5": 25847,
        "6": 70141
    },
    "25125": {
        "0": 1,
        "1": 1,
        "2": 1,
        "3": 1,
        "4": 1,
        "5": 1,
        "6": 10
    },
    "25126": {
        "0": 1,
        "1": 10,
        "2": 81,
        "3": 678,
        "4": 5650,
        "5": 16937,
        "6": 30176
    },
    "25127": {
        "0": 1,
        "1": 13,
        "2": 114,
        "3": 931,
        "4": 7518,
        "5": 30760,
        "6": 79686
    },
    "25128": {
        "0": 1,
        "1": 1,
        "2": 9,
        "3": 68,
        "4": 493,
        "5": 3597,
        "6": 8969
    },
    "25129": {
        "0": 1,
        "1": 9,
        "2": 67,
        "3": 513,
        "4": 3940,
        "5": 11341,
        "6": 18488
    },
    "25130": {
        "0": 1,
        "1": 9,
        "2": 78,
        "3": 674,
        "4": 5713,
        "5": 19876,
        "6": 48248
    },
    "25131": {
        "0": 1,
        "1": 1,
        "2": 1,
        "3": 1,
        "4": 10,
        "5": 75,
        "6": 583
    },
    "25132": {
        "0": 1,
        "1": 1,
        "2": 9,
        "3": 69,
        "4": 534,
        "5": 4134,
        "6": 12845
    },
    "25133": {
        "0": 1,
        "1": 1,
        "2": 1,
        "3": 11,
        "4": 95,
        "5": 818,
        "6": 6976
    },
    "25134": {
        "0": 1,
        "1": 11,
        "2": 87,
        "3": 639,
        "4": 4615,
        "5": 15711,
        "6": 39627
    },
    "25135": {
        "0": 1,
        "1": 1,
        "2": 10,
        "3": 85,
        "4": 703,
        "5": 5543,
        "6": 16965
    },
    "25136": {
        "0": 1,
        "1": 13,
        "2": 111,
        "3": 935,
        "4": 7811,
        "5": 34348,
        "6": 94555
    },
    "25137": {
        "0": 1,
        "1": 10,
        "2": 75,
        "3": 573,
        "4": 4433,
        "5": 15346,
        "6": 37525
    },
    "25138": {
        "0": 1,
        "1": 1,
        "2": 1,
        "3": 11,
        "4": 77,
        "5": 497,
        "6": 3171
    },
    "25139": {
        "0": 1,
        "1": 10,
        "2": 84,
        "3": 690,
        "4": 5602,
        "5": 17403,
        "6": 37575
    },
    "25140": {
        "0": 1,
        "1": 9,
        "2": 77,
        "3": 643,
        "4": 5349,
        "5": 14187,
        "6": 26548
    },
    "25141": {
        "0": 1,
        "1": 1,
        "2": 1,
        "3": 1,
        "4": 11,
        "5": 95,
        "6": 805
    },
    "25142": {
        "0": 1,
        "1": 1,
        "2": 11,
        "3": 77,
        "4": 516,
        "5": 3473,
        "6": 13125
    },
    "25143": {
        "0": 1,
        "1": 11,
        "2": 96,
        "3": 834,
        "4": 7133,
        "5": 30276,
        "6": 82299
    },
    "25144": {
        "0": 1,
        "1": 1,
        "2": 10,
        "3": 78,
        "4": 571,
        "5": 4102,
        "6": 11936
    },
    "25145": {
        "0": 1,
        "1": 14,
        "2": 118,
        "3": 861,
        "4": 6090,
        "5": 25845,
        "6": 80299
    },
    "25146": {
        "0": 1,
        "1": 9,
        "2": 75,
        "3": 638,
        "4": 5463,
        "5": 14313,
        "6": 25171
    },
    "25147": {
        "0": 1,
        "1": 9,
        "2": 77,
        "3": 672,
        "4": 5834,
        "5": 20065,
        "6": 48026
    },
    "25148": {
        "0": 1,
        "1": 1,
        "2": 11,
        "3": 78,
        "4": 530,
        "5": 3630,
        "6": 14782
    },
    "25149": {
        "0": 1,
        "1": 1,
        "2": 11,
        "3": 86,
        "4": 662,
        "5": 5060,
        "6": 21190
    },
    "25150": {
        "0": 1,
        "1": 12,
        "2": 103,
        "3": 849,
        "4": 6944,
        "5": 26748,
        "6": 68648
    },
    "25151": {
        "0": 1,
        "1": 1,
        "2": 11,
        "3": 103,
        "4": 900,
        "5": 7533,
        "6": 33512
    },
    "25152": {
        "0": 1,
        "1": 1,
        "2": 1,
        "3": 9,
        "4": 60,
        "5": 397,
        "6": 2625
    },
    "25153": {
        "0": 1,
        "1": 1,
        "2": 12,
        "3": 103,
        "4": 870,
        "5": 7246,
        "6": 29405
    },
    "25154": {
        "0": 1,
        "1": 1,
        "2": 1,
        "3": 1,
        "4": 9,
        "5": 75,
        "6": 641
    },
    "25155": {
        "0": 1,
        "1": 8,
        "2": 61,
        "3": 458,
        "4": 3423,
        "5": 8327,
        "6": 14370
    },
    "25156": {
        "0": 1,
        "1": 1,
        "2": 10,
        "3": 80,
        "4": 603,
        "5": 4452,
        "6": 15283
    },
    "25157": {
        "0": 1,
        "1": 1,
        "2": 1,
        "3": 8,
        "4": 61,
        "5": 452,
        "6": 3312
    },
    "25158": {
        "0": 1,
        "1": 1,
        "2": 1,
        "3": 8,
        "4": 61,
        "5": 466,
        "6": 3548
    },
    "25159": {
        "0": 1,
        "1": 10,
        "2": 87,
        "3": 754,
        "4": 6497,
        "5": 23477,
        "6": 52709
    },
    "25160": {
        "0": 1,
        "1": 1,
        "2": 10,
        "3": 74,
        "4": 573,
        "5": 4477,
        "6": 15841
    },
    "25161": {
        "0": 1,
        "1": 11,
        "2": 85,
        "3": 640,
        "4": 4827,
        "5": 17366,
        "6": 43283
    },
    "25162": {
        "0": 1,
        "1": 10,
        "2": 73,
        "3": 520,
        "4": 3681,
        "5": 8180,
        "6": 17438
    },
    "25163": {
        "0": 1,
        "1": 8,
        "2": 61,
        "3": 460,
        "4": 3444,
        "5": 8399,
        "6": 13938
    },
    "25164": {
        "0": 1,
        "1": 9,
        "2": 77,
        "3": 653,
        "4": 5437,
        "5": 14779,
        "6": 30798
    },
    "25165": {
        "0": 1,
        "1": 11,
        "2": 93,
        "3": 785,
        "4": 6614,
        "5": 25410,
        "6": 67077
    },
    "25166": {
        "0": 1,
        "1": 1,
        "2": 1,
        "3": 10,
        "4": 88,
        "5": 757,
        "6": 6416
    },
    "25167": {
        "0": 1,
        "1": 12,
        "2": 99,
        "3": 766,
        "4": 5850,
        "5": 25425,
        "6": 71740
    },
    "25168": {
        "0": 1,
        "1": 1,
        "2": 1,
        "3": 10,
        "4": 73,
        "5": 544,
        "6": 4091
    },
    "25169": {
        "0": 1,
        "1": 1,
        "2": 1,
        "3": 10,
        "4": 79,
        "5": 663,
        "6": 5650
    },
    "25170": {
        "0": 1,
        "1": 11,
        "2": 97,
        "3": 810,
        "4": 6659,
        "5": 24200,
        "6": 60238
    },
    "25171": {
        "0": 1,
        "1": 1,
        "2": 1,
        "3": 8,
        "4": 59,
        "5": 429,
        "6": 3091
    },
    "25172": {
        "0": 1,
        "1": 1,
        "2": 1,
        "3": 1,
        "4": 11,
        "5": 98,
        "6": 844
    },
    "25173": {
        "0": 1,
        "1": 1,
        "2": 1,
        "3": 1,
        "4": 12,
        "5": 97,
        "6": 723
    },
    "25174": {
        "0": 1,
        "1": 1,
        "2": 1,
        "3": 1,
        "4": 1,
        "5": 1,
        "6": 10
    },
    "25175": {
        "0": 1,
        "1": 9,
        "2": 66,
        "3": 497,
        "4": 3758,
        "5": 9677,
        "6": 14407
    },
    "25176": {
        "0": 1,
        "1": 1,
        "2": 8,
        "3": 65,
        "4": 518,
        "5": 4106,
        "6": 13226
    },
    "25177": {
        "0": 1,
        "1": 1,
        "2": 10,
        "3": 68,
        "4": 461,
        "5": 3178,
        "6": 11831
    },
    "25178": {
        "0": 1,
        "1": 12,
        "2": 110,
        "3": 952,
        "4": 7869,
        "5": 33560,
        "6": 100086
    },
    "25179": {
        "0": 1,
        "1": 10,
        "2": 61,
        "3": 346,
        "4": 1996,
        "5": 7488,
        "6": 21950
    },
    "25180": {
        "0": 1,
        "1": 9,
        "2": 60,
        "3": 409,
        "4": 2820,
        "5": 9348,
        "6": 20779
    },
    "25181": {
        "0": 1,
        "1": 1,
        "2": 9,
        "3": 72,
        "4": 602,
        "5": 5107,
        "6": 11297
    },
    "25182": {
        "0": 1,
        "1": 10,
        "2": 83,
        "3": 652,
        "4": 5001,
        "5": 12368,
        "6": 26192
    },
    "25183": {
        "0": 1,
        "1": 1,
        "2": 1,
        "3": 1,
        "4": 1,
        "5": 1,
        "6": 1
    },
    "25184": {
        "0": 1,
        "1": 1,
        "2": 10,
        "3": 84,
        "4": 714,
        "5": 6026,
        "6": 18283
    },
    "25185": {
        "0": 1,
        "1": 8,
        "2": 68,
        "3": 578,
        "4": 4964,
        "5": 10360,
        "6": 15221
    },
    "25186": {
        "0": 1,
        "1": 11,
        "2": 97,
        "3": 843,
        "4": 7217,
        "5": 31049,
        "6": 85453
    },
    "25187": {
        "0": 1,
        "1": 1,
        "2": 11,
        "3": 86,
        "4": 668,
        "5": 5174,
        "6": 21158
    },
    "25188": {
        "0": 1,
        "1": 1,
        "2": 1,
        "3": 9,
        "4": 76,
        "5": 661,
        "6": 5755
    },
    "25189": {
        "0": 1,
        "1": 1,
        "2": 11,
        "3": 85,
        "4": 638,
        "5": 4753,
        "6": 18043
    },
    "25190": {
        "0": 1,
        "1": 11,
        "2": 86,
        "3": 676,
        "4": 5333,
        "5": 23014,
        "6": 60330
    },
    "25191": {
        "0": 1,
        "1": 1,
        "2": 12,
        "3": 100,
        "4": 827,
        "5": 6656,
        "6": 24852
    },
    "25192": {
        "0": 1,
        "1": 12,
        "2": 103,
        "3": 869,
        "4": 7292,
        "5": 28676,
        "6": 70710
    },
    "25193": {
        "0": 1,
        "1": 10,
        "2": 81,
        "3": 619,
        "4": 4666,
        "5": 17767,
        "6": 47580
    },
    "25194": {
        "0": 1,
        "1": 8,
        "2": 71,
        "3": 632,
        "4": 5615,
        "5": 16545,
        "6": 39461
    },
    "25195": {
        "0": 1,
        "1": 11,
        "2": 75,
        "3": 503,
        "4": 3440,
        "5": 13505,
        "6": 33343
    },
    "25196": {
        "0": 1,
        "1": 1,
        "2": 1,
        "3": 1,
        "4": 1,
        "5": 11,
        "6": 96
    },
    "25197": {
        "0": 1,
        "1": 1,
        "2": 10,
        "3": 86,
        "4": 743,
        "5": 6412,
        "6": 22444
    },
    "25198": {
        "0": 1,
        "1": 1,
        "2": 8,
        "3": 67,
        "4": 566,
        "5": 4816,
        "6": 8488
    },
    "25199": {
        "0": 1,
        "1": 1,
        "2": 1,
        "3": 8,
        "4": 63,
        "5": 481,
        "6": 3609
    }
}