{
    "12500": {
        "0": 1,
        "1": 9,
        "2": 70,
        "3": 513,
        "4": 3680,
        "5": 10411,
        "6": 21083
    },
    "12501": {
        "0": 1,
        "1": 1,
        "2": 10,
        "3": 79,
        "4": 640,
        "5": 5100,
        "6": 12411
    },
    "12502": {
        "0": 1,
        "1": 11,
        "2": 93,
        "3": 796,
        "4": 6856,
        "5": 26607,
        "6": 64209
    },
    "12503": {
        "0": 1,
        "1": 1,
        "2": 11,
        "3": 86,
        "4": 661,
        "5": 4987,
        "6": 19920
    },
    "12504": {
        "0": 1,
        "1": 10,
        "2": 75,
        "3": 572,
        "4": 4400,
        "5": 15217,
        "6": 33797
    },
    "12505": {
        "0": 1,
        "1": 1,
        "2": 1,
        "3": 10,
        "4": 88,
        "5": 757,
        "6": 6474
    },
    "12506": {
        "0": 1,
        "1": 1,
        "2": 9,
        "3": 75,
        "4": 630,
        "5": 5358,
        "6": 12956
    },
    "12507": {
        "0": 1,
        "1": 1,
        "2": 1,
        "3": 10,
        "4": 75,
        "5": 558,
        "6": 4195
    },
    "12508": {
        "0": 1,
        "1": 1,
        "2": 1,
        "3": 9,
        "4": 78,
        "5": 689,
        "6": 6040
    },
    "12509": {
        "0": 1,
        "1": 11,
        "2": 83,
        "3": 619,
        "4": 4606,
        "5": 17099,
        "6": 44521
    },
    "12510": {
        "0": 1,
        "1": 8,
        "2": 71,
        "3": 605,
        "4": 4941,
        "5": 14095,
        "6": 28177
    },
    "12511": {
        "0": 1,
        "1": 11,
        "2": 93,
        "3": 776,
        "4": 6461,
        "5": 21507,
        "6": 47235
    },
    "12512": {
        "0": 1,
        "1": 1,
        "2": 1,
        "3": 9,
        "4": 69,
        "5": 527,
        "6": 3991
    },
    "12513": {
        "0": 1,
        "1": 11,
        "2": 77,
        "3": 497,
        "4": 3247,
        "5": 12429,
        "6": 36738
    },
    "12514": {
        "0": 1,
        "1": 10,
        "2": 85,
        "3": 716,
        "4": 6061,
        "5": 18742,
        "6": 34112
    },
    "12515": {
        "0": 1,
        "1": 1,
        "2": 10,
        "3": 77,
        "4": 581,
        "5": 4466,
        "6": 15321
    },
    "12516": {
        "0": 1,
        "1": 1,
        "2": 1,
        "3": 13,
        "4": 119,
        "5": 989,
        "6": 7942
    },
    "12517": {
        "0": 1,
        "1": 11,
        "2": 87,
        "3": 657,
        "4": 4901,
        "5": 19219,
        "6": 55505
    },
    "12518": {
        "0": 1,
        "1": 1,
        "2": 10,
        "3": 78,
        "4": 598,
        "5": 4560,
        "6": 15418
    },
    "12519": {
        "0": 1,
        "1": 1,
        "2": 11,
        "3": 80,
        "4": 548,
        "5": 3744,
        "6": 15292
    },
    "12520": {
        "0": 1,
        "1": 9,
        "2": 70,
        "3": 538,
        "4": 4095,
        "5": 13631,
        "6": 28877
    },
    "12521": {
        "0": 1,
        "1": 8,
        "2": 65,
        "3": 522,
        "4": 4162,
        "5": 3080,
        "6": 3914
    },
    "12522": {
        "0": 1,
        "1": 9,
        "2": 71,
        "3": 556,
        "4": 4361,
        "5": 15318,
        "6": 36382
    },
    "12523": {
        "0": 1,
        "1": 12,
        "2": 89,
        "3": 637,
        "4": 4599,
        "5": 14496,
        "6": 30481
    },
    "12524": {
        "0": 1,
        "1": 1,
        "2": 9,
        "3": 77,
        "4": 649,
        "5": 5475,
        "6": 16129
    },
    "12525": {
        "0": 1,
        "1": 11,
        "2": 70,
        "3": 419,
        "4": 2593,
        "5": 11482,
        "6": 34421
    },
    "12526": {
        "0": 1,
        "1": 10,
        "2": 88,
        "3": 746,
        "4": 6214,
        "5": 23177,
        "6": 57544
    },
    "12527": {
        "0": 1,
        "1": 1,
        "2": 9,
        "3": 75,
        "4": 602,
        "5": 4741,
        "6": 9319
    },
    "12528": {
        "0": 1,
        "1": 1,
        "2": 1,
        "3": 1,
        "4": 9,
        "5": 71,
        "6": 561
    },
    "12529": {
        "0": 1,
        "1": 1,
        "2": 11,
        "3": 78,
        "4": 536,
        "5": 3683,
        "6": 14803
    },
    "12530": {
        "0": 1,
        "1": 11,
        "2": 84,
        "3": 641,
        "4": 4904,
        "5": 18534,
        "6": 45742
    },
    "12531": {
        "0": 1,
        "1": 1,
        "2": 9,
        "3": 76,
        "4": 639,
        "5": 5267,
        "6": 12717
    },
    "12532": {
        "0": 1,
        "1": 1,
        "2": 10,
        "3": 67,
        "4": 434,
        "5": 2846,
        "6": 8462
    },
    "12533": {
        "0": 1,
        "1": 1,
        "2": 10,
        "3": 86,
        "4": 744,
        "5": 6391,
        "6": 22377
    },
    "12534": {
        "0": 1,
        "1": 10,
        "2": 85,
        "3": 731,
        "4": 6291,
        "5": 21203,
        "6": 49924
    },
    "12535": {
        "0": 1,
        "1": 12,
        "2": 93,
        "3": 673,
        "4": 4892,
        "5": 16769,
        "6": 43705
    },
    "12536": {
        "0": 1,
        "1": 1,
        "2": 1,
        "3": 11,
        "4": 90,
        "5": 674,
        "6": 4966
    },
    "12537": {
        "0": 1,
        "1": 10,
        "2": 87,
        "3": 739,
        "4": 6140,
        "5": 22437,
        "6": 62177
    },
    "12538": {
        "0": 1,
        "1": 9,
        "2": 72,
        "3": 589,
        "4": 4741,
        "5": 12147,
        "6": 22955
    },
    "12539": {
        "0": 1,
        "1": 1,
        "2": 11,
        "3": 92,
        "4": 775,
        "5": 6593,
        "6": 23721
    },
    "12540": {
        "0": 1,
        "1": 1,
        "2": 9,
        "3": 70,
        "4": 542,
        "5": 4148,
        "6": 13993
    },
    "12541": {
        "0": 1,
        "1": 10,
        "2": 77,
        "3": 617,
        "4": 4920,
        "5": 19958,
        "6": 51065
    },
    "12542": {
        "0": 1,
        "1": 10,
        "2": 84,
        "3": 705,
        "4": 5832,
        "5": 20121,
        "6": 40346
    },
    "12543": {
        "0": 1,
        "1": 1,
        "2": 12,
        "3": 95,
        "4": 719,
        "5": 5376,
        "6": 22436
    },
    "12544": {
        "0": 1,
        "1": 1,
        "2": 1,
        "3": 10,
        "4": 76,
        "5": 571,
        "6": 4302
    },
    "12545": {
        "0": 1,
        "1": 10,
        "2": 69,
        "3": 465,
        "4": 3151,
        "5": 11137,
        "6": 27619
    },
    "12546": {
        "0": 1,
        "1": 1,
        "2": 11,
        "3": 76,
        "4": 504,
        "5": 3361,
        "6": 12232
    },
    "12547": {
        "0": 1,
        "1": 1,
        "2": 1,
        "3": 11,
        "4": 76,
        "5": 503,
        "6": 3381
    },
    "12548": {
        "0": 1,
        "1": 9,
        "2": 78,
        "3": 665,
        "4": 5597,
        "5": 16660,
        "6": 30628
    },
    "12549": {
        "0": 1,
        "1": 1,
        "2": 8,
        "3": 67,
        "4": 560,
        "5": 4692,
        "6": 7166
    },
    "12550": {
        "0": 1,
        "1": 1,
        "2": 10,
        "3": 86,
        "4": 726,
        "5": 6092,
        "6": 20647
    },
    "12551": {
        "0": 1,
        "1": 1,
        "2": 1,
        "3": 1,
        "4": 9,
        "5": 60,
        "6": 394
    },
    "12552": {
        "0": 1,
        "1": 11,
        "2": 89,
        "3": 662,
        "4": 4860,
        "5": 18128,
        "6": 48329
    },
    "12553": {
        "0": 1,
        "1": 10,
        "2": 81,
        "3": 667,
        "4": 5432,
        "5": 13767,
        "6": 25234
    },
    "12554": {
        "0": 1,
        "1": 9,
        "2": 67,
        "3": 485,
        "4": 3455,
        "5": 8840,
        "6": 19057
    },
    "12555": {
        "0": 1,
        "1": 10,
        "2": 73,
        "3": 517,
        "4": 3624,
        "5": 14997,
        "6": 45093
    },
    "12556": {
        "0": 1,
        "1": 1,
        "2": 1,
        "3": 10,
        "4": 86,
        "5": 735,
        "6": 6321
    },
    "12557": {
        "0": 1,
        "1": 1,
        "2": 1,
        "3": 11,
        "4": 90,
        "5": 711,
        "6": 5518
    },
    "12558": {
        "0": 1,
        "1": 13,
        "2": 94,
        "3": 602,
        "4": 3881,
        "5": 15211,
        "6": 44112
    },
    "12559": {
        "0": 1,
        "1": 1,
        "2": 1,
        "3": 11,
        "4": 91,
        "5": 770,
        "6": 6544
    },
    "12560": {
        "0": 1,
        "1": 12,
        "2": 106,
        "3": 911,
        "4": 7729,
        "5": 32628,
        "6": 88606
    },
    "12561": {
        "0": 1,
        "1": 1,
        "2": 10,
        "3": 87,
        "4": 745,
        "5": 6347,
        "6": 21267
    },
    "12562": {
        "0": 1,
        "1": 12,
        "2": 87,
        "3": 575,
        "4": 3869,
        "5": 16072,
        "6": 46708
    },
    "12563": {
        "0": 1,
        "1": 1,
        "2": 13,
        "3": 120,
        "4": 1028,
        "5": 8533,
        "6": 39572
    },
    "12564": {
        "0": 1,
        "1": 1,
        "2": 8,
        "3": 72,
        "4": 640,
        "5": 5651,
        "6": 16756
    },
    "12565": {
        "0": 1,
        "1": 1,
        "2": 13,
        "3": 98,
        "4": 667,
        "5": 4505,
        "6": 20336
    },
    "12566": {
        "0": 1,
        "1": 1,
        "2": 1,
        "3": 9,
        "4": 55,
        "5": 330,
        "6": 1964
    },
    "12567": {
        "0": 1,
        "1": 1,
        "2": 1,
        "3": 9,
        "4": 73,
        "5": 607,
        "6": 5018
    },
    "12568": {
        "0": 1,
        "1": 8,
        "2": 68,
        "3": 572,
        "4": 4770,
        "5": 9538,
        "6": 14622
    },
    "12569": {
        "0": 1,
        "1": 1,
        "2": 12,
        "3": 107,
        "4": 923,
        "5": 7828,
        "6": 35454
    },
    "12570": {
        "0": 1,
        "1": 11,
        "2": 95,
        "3": 813,
        "4": 6837,
        "5": 26847,
        "6": 66748
    },
    "12571": {
        "0": 1,
        "1": 1,
        "2": 1,
        "3": 1,
        "4": 1,
        "5": 9,
        "6": 77
    },
    "12572": {
        "0": 1,
        "1": 1,
        "2": 11,
        "3": 89,
        "4": 683,
        "5": 5162,
        "6": 21466
    },
    "12573": {
        "0": 1,
        "1": 1,
        "2": 1,
        "3": 1,
        "4": 10,
        "5": 81,
        "6": 670
    },
    "12574": {
        "0": 1,
        "1": 11,
        "2": 89,
        "3": 681,
        "4": 5183,
        "5": 20020,
        "6": 52141
    },
    "12575": {
        "0": 1,
        "1": 1,
        "2": 1,
        "3": 1,
        "4": 10,
        "5": 79,
        "6": 576
    },
    "12576": {
        "0": 1,
        "1": 1,
        "2": 10,
        "3": 78,
        "4": 613,
        "5": 4814,
        "6": 20327
    },
    "12577": {
        "0": 1,
        "1": 1,
        "2": 10,
        "3": 74,
        "4": 555,
        "5": 4242,
        "6": 13783
    },
    "12578": {
        "0": 1,
        "1": 1,
        "2": 12,
        "3": 98,
        "4": 757,
        "5": 5800,
        "6": 26857
    },
    "12579": {
        "0": 1,
        "1": 10,
        "2": 83,
        "3": 696,
        "4": 5825,
        "5": 16405,
        "6": 31826
    },
    "12580": {
        "0": 1,
        "1": 1,
        "2": 12,
        "3": 99,
        "4": 765,
        "5": 5808,
        "6": 24871
    },
    "12581": {
        "0": 1,
        "1": 1,
        "2": 1,
        "3": 1,
        "4": 10,
        "5": 82,
        "6": 688
    },
    "12582": {
        "0": 1,
        "1": 9,
        "2": 59,
        "3": 370,
        "4": 2296,
        "5": 5178,
        "6": 9163
    },
    "12583": {
        "0": 1,
        "1": 1,
        "2": 10,
        "3": 85,
        "4": 711,
        "5": 5811,
        "6": 19047
    },
    "12584": {
        "0": 1,
        "1": 1,
        "2": 1,
        "3": 1,
        "4": 11,
        "5": 88,
        "6": 672
    },
    "12585": {
        "0": 1,
        "1": 1,
        "2": 1,
        "3": 10,
        "4": 84,
        "5": 714,
        "6": 6018
    },
    "12586": {
        "0": 1,
        "1": 1,
        "2": 10,
        "3": 73,
        "4": 498,
        "5": 3337,
        "6": 13257
    },
    "12587": {
        "0": 1,
        "1": 10,
        "2": 78,
        "3": 596,
        "4": 4584,
        "5": 16223,
        "6": 40920
    },
    "12588": {
        "0": 1,
        "1": 14,
        "2": 115,
        "3": 807,
        "4": 5486,
        "5": 27121,
        "6": 95483
    },
    "12589": {
        "0": 1,
        "1": 10,
        "2": 70,
        "3": 459,
        "4": 2940,
        "5": 9531,
        "6": 23562
    },
    "12590": {
        "0": 1,
        "1": 8,
        "2": 51,
        "3": 321,
        "4": 1981,
        "5": 7250,
        "6": 18575
    },
    "12591": {
        "0": 1,
        "1": 1,
        "2": 8,
        "3": 70,
        "4": 595,
        "5": 4969,
        "6": 13116
    },
    "12592": {
        "0": 1,
        "1": 9,
        "2": 52,
        "3": 307,
        "4": 1795,
        "5": 5593,
        "6": 11938
    },
    "12593": {
        "0": 1,
        "1": 8,
        "2": 70,
        "3": 598,
        "4": 5102,
        "5": 12960,
        "6": 24175
    },
    "12594": {
        "0": 1,
        "1": 10,
        "2": 70,
        "3": 465,
        "4": 3110,
        "5": 10548,
        "6": 25815
    },
    "12595": {
        "0": 1,
        "1": 11,
        "2": 89,
        "3": 697,
        "4": 5356,
        "5": 15481,
        "6": 34643
    },
    "12596": {
        "0": 1,
        "1": 1,
        "2": 9,
        "3": 69,
        "4": 530,
        "5": 4011,
        "6": 12882
    },
    "12597": {
        "0": 1,
        "1": 9,
        "2": 61,
        "3": 415,
        "4": 2831,
        "5": 9129,
        "6": 21906
    },
    "12598": {
        "0": 1,
        "1": 1,
        "2": 10,
        "3": 77,
        "4": 601,
        "5": 4705,
        "6": 17866
    },
    "12599": {
        "0": 1,
        "1": 1,
        "2": 10,
        "3": 80,
        "4": 626,
        "5": 4812,
        "6": 19495
    }
}