{
    "16200": {
        "0": 1,
        "1": 1,
        "2": 1,
        "3": 1,
        "4": 1,
        "5": 9,
        "6": 75
    },
    "16201": {
        "0": 1,
        "1": 1,
        "2": 1,
        "3": 1,
        "4": 11,
        "5": 77,
        "6": 522
    },
    "16202": {
        "0": 1,
        "1": 1,
        "2": 9,
        "3": 64,
        "4": 481,
        "5": 3714,
        "6": 10087
    },
    "16203": {
        "0": 1,
        "1": 10,
        "2": 75,
        "3": 561,
        "4": 4211,
        "5": 14456,
        "6": 33905
    },
    "16204": {
        "0": 1,
        "1": 1,
        "2": 1,
        "3": 1,
        "4": 10,
        "5": 86,
        "6": 734
    },
    "16205": {
        "0": 1,
        "1": 12,
        "2": 102,
        "3": 851,
        "4": 6989,
        "5": 29192,
        "6": 78374
    },
    "16206": {
        "0": 1,
        "1": 1,
        "2": 1,
        "3": 1,
        "4": 12,
        "5": 96,
        "6": 716
    },
    "16207": {
        "0": 1,
        "1": 1,
        "2": 1,
        "3": 10,
        "4": 90,
        "5": 747,
        "6": 5926
    },
    "16208": {
        "0": 1,
        "1": 1,
        "2": 1,
        "3": 11,
        "4": 87,
        "5": 648,
        "6": 4619
    },
    "16209": {
        "0": 1,
        "1": 10,
        "2": 83,
        "3": 700,
        "4": 5863,
        "5": 18663,
        "6": 35771
    },
    "16210": {
        "0": 1,
        "1": 1,
        "2": 11,
        "3": 90,
        "4": 749,
        "5": 6206,
        "6": 21054
    },
    "16211": {
        "0": 1,
        "1": 1,
        "2": 11,
        "3": 97,
        "4": 814,
        "5": 6677,
        "6": 23978
    },
    "16212": {
        "0": 1,
        "1": 11,
        "2": 87,
        "3": 662,
        "4": 4994,
        "5": 20361,
        "6": 52872
    },
    "16213": {
        "0": 1,
        "1": 1,
        "2": 1,
        "3": 1,
        "4": 13,
        "5": 99,
        "6": 675
    },
    "16214": {
        "0": 1,
        "1": 11,
        "2": 99,
        "3": 871,
        "4": 7374,
        "5": 30897,
        "6": 80603
    },
    "16215": {
        "0": 1,
        "1": 11,
        "2": 84,
        "3": 623,
        "4": 4653,
        "5": 15948,
        "6": 35516
    },
    "16216": {
        "0": 1,
        "1": 8,
        "2": 56,
        "3": 392,
        "4": 2677,
        "5": 8954,
        "6": 23325
    },
    "16217": {
        "0": 1,
        "1": 13,
        "2": 117,
        "3": 1007,
        "4": 8634,
        "5": 41247,
        "6": 122499
    },
    "16218": {
        "0": 1,
        "1": 9,
        "2": 74,
        "3": 625,
        "4": 5303,
        "5": 12748,
        "6": 21270
    },
    "16219": {
        "0": 1,
        "1": 9,
        "2": 75,
        "3": 633,
        "4": 5250,
        "5": 15335,
        "6": 30901
    },
    "16220": {
        "0": 1,
        "1": 10,
        "2": 78,
        "3": 590,
        "4": 4396,
        "5": 14963,
        "6": 34584
    },
    "16221": {
        "0": 1,
        "1": 9,
        "2": 68,
        "3": 522,
        "4": 4020,
        "5": 12013,
        "6": 26588
    },
    "16222": {
        "0": 1,
        "1": 1,
        "2": 1,
        "3": 10,
        "4": 80,
        "5": 600,
        "6": 4407
    },
    "16223": {
        "0": 1,
        "1": 11,
        "2": 95,
        "3": 793,
        "4": 6589,
        "5": 24291,
        "6": 57111
    },
    "16224": {
        "0": 1,
        "1": 11,
        "2": 95,
        "3": 789,
        "4": 6295,
        "5": 23709,
        "6": 59208
    },
    "16225": {
        "0": 1,
        "1": 11,
        "2": 99,
        "3": 846,
        "4": 7032,
        "5": 27628,
        "6": 75271
    },
    "16226": {
        "0": 1,
        "1": 11,
        "2": 97,
        "3": 841,
        "4": 7275,
        "5": 30199,
        "6": 79004
    },
    "16227": {
        "0": 1,
        "1": 9,
        "2": 60,
        "3": 403,
        "4": 2725,
        "5": 8194,
        "6": 21147
    },
    "16228": {
        "0": 1,
        "1": 1,
        "2": 9,
        "3": 60,
        "4": 400,
        "5": 2699,
        "6": 7986
    },
    "16229": {
        "0": 1,
        "1": 9,
        "2": 76,
        "3": 643,
        "4": 5402,
        "5": 13080,
        "6": 26426
    },
    "16230": {
        "0": 1,
        "1": 1,
        "2": 10,
        "3": 66,
        "4": 421,
        "5": 2721,
        "6": 7638
    },
    "16231": {
        "0": 1,
        "1": 1,
        "2": 1,
        "3": 1,
        "4": 10,
        "5": 78,
        "6": 578
    },
    "16232": {
        "0": 1,
        "1": 1,
        "2": 8,
        "3": 63,
        "4": 491,
        "5": 3781,
        "6": 11812
    },
    "16233": {
        "0": 1,
        "1": 10,
        "2": 89,
        "3": 778,
        "4": 6812,
        "5": 26824,
        "6": 66047
    },
    "16234": {
        "0": 1,
        "1": 11,
        "2": 99,
        "3": 868,
        "4": 7576,
        "5": 32773,
        "6": 97224
    },
    "16235": {
        "0": 1,
        "1": 11,
        "2": 84,
        "3": 603,
        "4": 4311,
        "5": 13589,
        "6": 35150
    },
    "16236": {
        "0": 1,
        "1": 11,
        "2": 84,
        "3": 620,
        "4": 4550,
        "5": 17146,
        "6": 52209
    },
    "16237": {
        "0": 1,
        "1": 1,
        "2": 10,
        "3": 77,
        "4": 585,
        "5": 4440,
        "6": 14507
    },
    "16238": {
        "0": 1,
        "1": 9,
        "2": 61,
        "3": 416,
        "4": 2866,
        "5": 9670,
        "6": 24937
    },
    "16239": {
        "0": 1,
        "1": 1,
        "2": 1,
        "3": 1,
        "4": 11,
        "5": 80,
        "6": 543
    },
    "16240": {
        "0": 1,
        "1": 1,
        "2": 10,
        "3": 77,
        "4": 585,
        "5": 4397,
        "6": 15708
    },
    "16241": {
        "0": 1,
        "1": 1,
        "2": 1,
        "3": 13,
        "4": 111,
        "5": 868,
        "6": 6707
    },
    "16242": {
        "0": 1,
        "1": 1,
        "2": 1,
        "3": 11,
        "4": 98,
        "5": 845,
        "6": 7269
    },
    "16243": {
        "0": 1,
        "1": 1,
        "2": 12,
        "3": 95,
        "4": 669,
        "5": 4567,
        "6": 15475
    },
    "16244": {
        "0": 1,
        "1": 1,
        "2": 9,
        "3": 75,
        "4": 636,
        "5": 5423,
        "6": 14026
    },
    "16245": {
        "0": 1,
        "1": 1,
        "2": 12,
        "3": 103,
        "4": 842,
        "5": 6742,
        "6": 25592
    },
    "16246": {
        "0": 1,
        "1": 10,
        "2": 79,
        "3": 609,
        "4": 4715,
        "5": 17451,
        "6": 46349
    },
    "16247": {
        "0": 1,
        "1": 9,
        "2": 76,
        "3": 643,
        "4": 5312,
        "5": 15407,
        "6": 30594
    },
    "16248": {
        "0": 1,
        "1": 11,
        "2": 95,
        "3": 829,
        "4": 7204,
        "5": 29627,
        "6": 78865
    },
    "16249": {
        "0": 1,
        "1": 10,
        "2": 82,
        "3": 683,
        "4": 5728,
        "5": 15763,
        "6": 29192
    },
    "16250": {
        "0": 1,
        "1": 10,
        "2": 74,
        "3": 552,
        "4": 4150,
        "5": 14104,
        "6": 32508
    },
    "16251": {
        "0": 1,
        "1": 1,
        "2": 12,
        "3": 109,
        "4": 922,
        "5": 7605,
        "6": 32037
    },
    "16252": {
        "0": 1,
        "1": 9,
        "2": 68,
        "3": 506,
        "4": 3742,
        "5": 10203,
        "6": 20182
    },
    "16253": {
        "0": 1,
        "1": 1,
        "2": 13,
        "3": 106,
        "4": 806,
        "5": 6084,
        "6": 26879
    },
    "16254": {
        "0": 1,
        "1": 1,
        "2": 9,
        "3": 69,
        "4": 519,
        "5": 3844,
        "6": 11178
    },
    "16255": {
        "0": 1,
        "1": 1,
        "2": 1,
        "3": 8,
        "4": 69,
        "5": 594,
        "6": 5141
    },
    "16256": {
        "0": 1,
        "1": 12,
        "2": 100,
        "3": 834,
        "4": 6949,
        "5": 25466,
        "6": 53913
    },
    "16257": {
        "0": 1,
        "1": 1,
        "2": 1,
        "3": 1,
        "4": 10,
        "5": 75,
        "6": 572
    },
    "16258": {
        "0": 1,
        "1": 9,
        "2": 66,
        "3": 469,
        "4": 3283,
        "5": 7373,
        "6": 14471
    },
    "16259": {
        "0": 1,
        "1": 9,
        "2": 73,
        "3": 592,
        "4": 4731,
        "5": 18393,
        "6": 49461
    },
    "16260": {
        "0": 1,
        "1": 1,
        "2": 10,
        "3": 80,
        "4": 614,
        "5": 4526,
        "6": 17030
    },
    "16261": {
        "0": 1,
        "1": 1,
        "2": 12,
        "3": 105,
        "4": 872,
        "5": 7107,
        "6": 27434
    },
    "16262": {
        "0": 1,
        "1": 1,
        "2": 8,
        "3": 64,
        "4": 518,
        "5": 4172,
        "6": 14172
    },
    "16263": {
        "0": 1,
        "1": 10,
        "2": 81,
        "3": 647,
        "4": 5136,
        "5": 21331,
        "6": 62727
    },
    "16264": {
        "0": 1,
        "1": 1,
        "2": 11,
        "3": 86,
        "4": 656,
        "5": 4947,
        "6": 19736
    },
    "16265": {
        "0": 1,
        "1": 1,
        "2": 1,
        "3": 11,
        "4": 96,
        "5": 784,
        "6": 6441
    },
    "16266": {
        "0": 1,
        "1": 1,
        "2": 1,
        "3": 1,
        "4": 10,
        "5": 85,
        "6": 723
    },
    "16267": {
        "0": 1,
        "1": 1,
        "2": 10,
        "3": 68,
        "4": 446,
        "5": 2954,
        "6": 9403
    },
    "16268": {
        "0": 1,
        "1": 10,
        "2": 67,
        "3": 445,
        "4": 2944,
        "5": 10368,
        "6": 28696
    },
    "16269": {
        "0": 1,
        "1": 9,
        "2": 61,
        "3": 404,
        "4": 2687,
        "5": 8883,
        "6": 18740
    },
    "16270": {
        "0": 1,
        "1": 1,
        "2": 1,
        "3": 12,
        "4": 98,
        "5": 732,
        "6": 5361
    },
    "16271": {
        "0": 1,
        "1": 12,
        "2": 100,
        "3": 783,
        "4": 6118,
        "5": 28636,
        "6": 89774
    },
    "16272": {
        "0": 1,
        "1": 1,
        "2": 8,
        "3": 61,
        "4": 458,
        "5": 3430,
        "6": 6477
    },
    "16273": {
        "0": 1,
        "1": 11,
        "2": 87,
        "3": 642,
        "4": 4679,
        "5": 16899,
        "6": 44681
    },
    "16274": {
        "0": 1,
        "1": 1,
        "2": 9,
        "3": 75,
        "4": 627,
        "5": 5154,
        "6": 12053
    },
    "16275": {
        "0": 1,
        "1": 10,
        "2": 78,
        "3": 600,
        "4": 4610,
        "5": 16338,
        "6": 44781
    },
    "16276": {
        "0": 1,
        "1": 1,
        "2": 8,
        "3": 71,
        "4": 615,
        "5": 5275,
        "6": 14583
    },
    "16277": {
        "0": 1,
        "1": 9,
        "2": 79,
        "3": 699,
        "4": 6122,
        "5": 20578,
        "6": 49308
    },
    "16278": {
        "0": 1,
        "1": 12,
        "2": 94,
        "3": 689,
        "4": 5074,
        "5": 20211,
        "6": 55535
    },
    "16279": {
        "0": 1,
        "1": 1,
        "2": 12,
        "3": 91,
        "4": 631,
        "5": 4318,
        "6": 19289
    },
    "16280": {
        "0": 1,
        "1": 1,
        "2": 1,
        "3": 12,
        "4": 92,
        "5": 688,
        "6": 5106
    },
    "16281": {
        "0": 1,
        "1": 1,
        "2": 10,
        "3": 84,
        "4": 694,
        "5": 5698,
        "6": 16346
    },
    "16282": {
        "0": 1,
        "1": 1,
        "2": 1,
        "3": 10,
        "4": 66,
        "5": 425,
        "6": 2797
    },
    "16283": {
        "0": 1,
        "1": 8,
        "2": 53,
        "3": 353,
        "4": 2374,
        "5": 5716,
        "6": 12705
    },
    "16284": {
        "0": 1,
        "1": 1,
        "2": 10,
        "3": 84,
        "4": 706,
        "5": 5895,
        "6": 18874
    },
    "16285": {
        "0": 1,
        "1": 11,
        "2": 82,
        "3": 579,
        "4": 4059,
        "5": 18359,
        "6": 56790
    },
    "16286": {
        "0": 1,
        "1": 1,
        "2": 13,
        "3": 113,
        "4": 919,
        "5": 7383,
        "6": 29260
    },
    "16287": {
        "0": 1,
        "1": 1,
        "2": 1,
        "3": 9,
        "4": 71,
        "5": 542,
        "6": 4104
    },
    "16288": {
        "0": 1,
        "1": 9,
        "2": 71,
        "3": 550,
        "4": 4224,
        "5": 14533,
        "6": 33644
    },
    "16289": {
        "0": 1,
        "1": 1,
        "2": 1,
        "3": 1,
        "4": 11,
        "5": 92,
        "6": 748
    },
    "16290": {
        "0": 1,
        "1": 12,
        "2": 100,
        "3": 820,
        "4": 6755,
        "5": 23521,
        "6": 52440
    },
    "16291": {
        "0": 1,
        "1": 9,
        "2": 71,
        "3": 551,
        "4": 4234,
        "5": 13167,
        "6": 29437
    },
    "16292": {
        "0": 1,
        "1": 1,
        "2": 1,
        "3": 10,
        "4": 80,
        "5": 619,
        "6": 4719
    },
    "16293": {
        "0": 1,
        "1": 9,
        "2": 70,
        "3": 526,
        "4": 3905,
        "5": 11177,
        "6": 26472
    },
    "16294": {
        "0": 1,
        "1": 1,
        "2": 9,
        "3": 75,
        "4": 625,
        "5": 5148,
        "6": 12021
    },
    "16295": {
        "0": 1,
        "1": 9,
        "2": 66,
        "3": 478,
        "4": 3483,
        "5": 8142,
        "6": 17261
    },
    "16296": {
        "0": 1,
        "1": 1,
        "2": 1,
        "3": 12,
        "4": 95,
        "5": 708,
        "6": 5256
    },
    "16297": {
        "0": 1,
        "1": 11,
        "2": 88,
        "3": 679,
        "4": 5279,
        "5": 22108,
        "6": 62944
    },
    "16298": {
        "0": 1,
        "1": 1,
        "2": 11,
        "3": 93,
        "4": 796,
        "5": 6794,
        "6": 25628
    },
    "16299": {
        "0": 1,
        "1": 1,
        "2": 10,
        "3": 78,
        "4": 588,
        "5": 4458,
        "6": 14820
    }
}