{
    "5200": {
        "0": 1,
        "1": 8,
        "2": 62,
        "3": 484,
        "4": 3788,
        "5": 10548,
        "6": 23998
    },
    "5201": {
        "0": 1,
        "1": 1,
        "2": 10,
        "3": 63,
        "4": 377,
        "5": 2264,
        "6": 8658
    },
    "5202": {
        "0": 1,
        "1": 1,
        "2": 1,
        "3": 9,
        "4": 75,
        "5": 610,
        "6": 4952
    },
    "5203": {
        "0": 1,
        "1": 10,
        "2": 79,
        "3": 619,
        "4": 4791,
        "5": 18639,
        "6": 50834
    },
    "5204": {
        "0": 1,
        "1": 12,
        "2": 97,
        "3": 730,
        "4": 5375,
        "5": 23449,
        "6": 70862
    },
    "5205": {
        "0": 1,
        "1": 10,
        "2": 74,
        "3": 523,
        "4": 3629,
        "5": 9565,
        "6": 22511
    },
    "5206": {
        "0": 1,
        "1": 1,
        "2": 9,
        "3": 64,
        "4": 450,
        "5": 3160,
        "6": 11858
    },
    "5207": {
        "0": 1,
        "1": 9,
        "2": 81,
        "3": 696,
        "4": 5885,
        "5": 19113,
        "6": 46944
    },
    "5208": {
        "0": 1,
        "1": 1,
        "2": 9,
        "3": 77,
        "4": 671,
        "5": 5807,
        "6": 17562
    },
    "5209": {
        "0": 1,
        "1": 10,
        "2": 84,
        "3": 696,
        "4": 5754,
        "5": 17369,
        "6": 39023
    },
    "5210": {
        "0": 1,
        "1": 13,
        "2": 107,
        "3": 801,
        "4": 5916,
        "5": 26554,
        "6": 83551
    },
    "5211": {
        "0": 1,
        "1": 12,
        "2": 96,
        "3": 725,
        "4": 5472,
        "5": 22466,
        "6": 64841
    },
    "5212": {
        "0": 1,
        "1": 12,
        "2": 104,
        "3": 889,
        "4": 7578,
        "5": 31710,
        "6": 86557
    },
    "5213": {
        "0": 1,
        "1": 1,
        "2": 1,
        "3": 1,
        "4": 11,
        "5": 97,
        "6": 823
    },
    "5214": {
        "0": 1,
        "1": 1,
        "2": 1,
        "3": 12,
        "4": 89,
        "5": 597,
        "6": 3983
    },
    "5215": {
        "0": 1,
        "1": 11,
        "2": 89,
        "3": 730,
        "4": 5964,
        "5": 18440,
        "6": 36450
    },
    "5216": {
        "0": 1,
        "1": 10,
        "2": 68,
        "3": 469,
        "4": 3284,
        "5": 12821,
        "6": 35110
    },
    "5217": {
        "0": 1,
        "1": 1,
        "2": 10,
        "3": 68,
        "4": 435,
        "5": 2789,
        "6": 7666
    },
    "5218": {
        "0": 1,
        "1": 11,
        "2": 91,
        "3": 723,
        "4": 5774,
        "5": 26888,
        "6": 86379
    },
    "5219": {
        "0": 1,
        "1": 10,
        "2": 64,
        "3": 406,
        "4": 2656,
        "5": 7314,
        "6": 16279
    },
    "5220": {
        "0": 1,
        "1": 10,
        "2": 74,
        "3": 535,
        "4": 3796,
        "5": 11106,
        "6": 26029
    },
    "5221": {
        "0": 1,
        "1": 11,
        "2": 72,
        "3": 479,
        "4": 3200,
        "5": 11403,
        "6": 29058
    },
    "5222": {
        "0": 1,
        "1": 9,
        "2": 65,
        "3": 477,
        "4": 3512,
        "5": 8823,
        "6": 15151
    },
    "5223": {
        "0": 1,
        "1": 9,
        "2": 69,
        "3": 533,
        "4": 4080,
        "5": 13783,
        "6": 34828
    },
    "5224": {
        "0": 1,
        "1": 12,
        "2": 97,
        "3": 736,
        "4": 5568,
        "5": 23282,
        "6": 66757
    },
    "5225": {
        "0": 1,
        "1": 12,
        "2": 91,
        "3": 681,
        "4": 5151,
        "5": 20124,
        "6": 52892
    },
    "5226": {
        "0": 1,
        "1": 9,
        "2": 68,
        "3": 536,
        "4": 4210,
        "5": 14114,
        "6": 32649
    },
    "5227": {
        "0": 1,
        "1": 1,
        "2": 8,
        "3": 71,
        "4": 624,
        "5": 5452,
        "6": 15070
    },
    "5228": {
        "0": 1,
        "1": 1,
        "2": 11,
        "3": 97,
        "4": 829,
        "5": 7122,
        "6": 28519
    },
    "5229": {
        "0": 1,
        "1": 12,
        "2": 97,
        "3": 719,
        "4": 5235,
        "5": 20728,
        "6": 59067
    },
    "5230": {
        "0": 1,
        "1": 10,
        "2": 77,
        "3": 580,
        "4": 4298,
        "5": 14403,
        "6": 36930
    },
    "5231": {
        "0": 1,
        "1": 12,
        "2": 94,
        "3": 691,
        "4": 5036,
        "5": 19368,
        "6": 45632
    },
    "5232": {
        "0": 1,
        "1": 1,
        "2": 13,
        "3": 93,
        "4": 587,
        "5": 3662,
        "6": 13858
    },
    "5233": {
        "0": 1,
        "1": 11,
        "2": 85,
        "3": 623,
        "4": 4521,
        "5": 15538,
        "6": 39072
    },
    "5234": {
        "0": 1,
        "1": 9,
        "2": 75,
        "3": 638,
        "4": 5384,
        "5": 14933,
        "6": 27974
    },
    "5235": {
        "0": 1,
        "1": 11,
        "2": 85,
        "3": 642,
        "4": 4825,
        "5": 18621,
        "6": 51575
    },
    "5236": {
        "0": 1,
        "1": 1,
        "2": 10,
        "3": 76,
        "4": 593,
        "5": 4650,
        "6": 17108
    },
    "5237": {
        "0": 1,
        "1": 9,
        "2": 75,
        "3": 644,
        "4": 5511,
        "5": 14516,
        "6": 30472
    },
    "5238": {
        "0": 1,
        "1": 10,
        "2": 83,
        "3": 700,
        "4": 5874,
        "5": 16824,
        "6": 29747
    },
    "5239": {
        "0": 1,
        "1": 1,
        "2": 1,
        "3": 12,
        "4": 96,
        "5": 737,
        "6": 5679
    },
    "5240": {
        "0": 1,
        "1": 9,
        "2": 70,
        "3": 530,
        "4": 4004,
        "5": 10958,
        "6": 27061
    },
    "5241": {
        "0": 1,
        "1": 9,
        "2": 79,
        "3": 677,
        "4": 5728,
        "5": 17553,
        "6": 35687
    },
    "5242": {
        "0": 1,
        "1": 10,
        "2": 84,
        "3": 743,
        "4": 6509,
        "5": 23524,
        "6": 55181
    },
    "5243": {
        "0": 1,
        "1": 1,
        "2": 1,
        "3": 10,
        "4": 68,
        "5": 461,
        "6": 3184
    },
    "5244": {
        "0": 1,
        "1": 1,
        "2": 1,
        "3": 11,
        "4": 90,
        "5": 745,
        "6": 6242
    },
    "5245": {
        "0": 1,
        "1": 1,
        "2": 1,
        "3": 10,
        "4": 77,
        "5": 588,
        "6": 4538
    },
    "5246": {
        "0": 1,
        "1": 1,
        "2": 8,
        "3": 61,
        "4": 476,
        "5": 3716,
        "6": 10006
    },
    "5247": {
        "0": 1,
        "1": 1,
        "2": 12,
        "3": 102,
        "4": 844,
        "5": 6929,
        "6": 26391
    },
    "5248": {
        "0": 1,
        "1": 9,
        "2": 72,
        "3": 555,
        "4": 4255,
        "5": 13494,
        "6": 28174
    },
    "5249": {
        "0": 1,
        "1": 1,
        "2": 9,
        "3": 74,
        "4": 609,
        "5": 4988,
        "6": 11003
    },
    "5250": {
        "0": 1,
        "1": 10,
        "2": 71,
        "3": 480,
        "4": 3252,
        "5": 11863,
        "6": 31055
    },
    "5251": {
        "0": 1,
        "1": 1,
        "2": 1,
        "3": 12,
        "4": 104,
        "5": 890,
        "6": 7649
    },
    "5252": {
        "0": 1,
        "1": 1,
        "2": 11,
        "3": 81,
        "4": 592,
        "5": 4363,
        "6": 13323
    },
    "5253": {
        "0": 1,
        "1": 1,
        "2": 1,
        "3": 11,
        "4": 97,
        "5": 845,
        "6": 7328
    },
    "5254": {
        "0": 1,
        "1": 10,
        "2": 76,
        "3": 573,
        "4": 4355,
        "5": 14063,
        "6": 31973
    },
    "5255": {
        "0": 1,
        "1": 1,
        "2": 1,
        "3": 12,
        "4": 100,
        "5": 775,
        "6": 5944
    },
    "5256": {
        "0": 1,
        "1": 1,
        "2": 1,
        "3": 1,
        "4": 8,
        "5": 61,
        "6": 475
    },
    "5257": {
        "0": 1,
        "1": 1,
        "2": 1,
        "3": 9,
        "4": 77,
        "5": 651,
        "6": 5456
    },
    "5258": {
        "0": 1,
        "1": 11,
        "2": 93,
        "3": 776,
        "4": 6396,
        "5": 22280,
        "6": 52655
    },
    "5259": {
        "0": 1,
        "1": 9,
        "2": 79,
        "3": 699,
        "4": 6161,
        "5": 21558,
        "6": 53127
    },
    "5260": {
        "0": 1,
        "1": 1,
        "2": 10,
        "3": 75,
        "4": 557,
        "5": 4152,
        "6": 13698
    },
    "5261": {
        "0": 1,
        "1": 11,
        "2": 86,
        "3": 659,
        "4": 5076,
        "5": 19975,
        "6": 60274
    },
    "5262": {
        "0": 1,
        "1": 11,
        "2": 96,
        "3": 802,
        "4": 6641,
        "5": 24542,
        "6": 63290
    },
    "5263": {
        "0": 1,
        "1": 1,
        "2": 1,
        "3": 11,
        "4": 72,
        "5": 426,
        "6": 2590
    },
    "5264": {
        "0": 1,
        "1": 9,
        "2": 70,
        "3": 550,
        "4": 4285,
        "5": 14180,
        "6": 31187
    },
    "5265": {
        "0": 1,
        "1": 9,
        "2": 77,
        "3": 645,
        "4": 5323,
        "5": 13413,
        "6": 24629
    },
    "5266": {
        "0": 1,
        "1": 10,
        "2": 76,
        "3": 573,
        "4": 4355,
        "5": 13937,
        "6": 35254
    },
    "5267": {
        "0": 1,
        "1": 13,
        "2": 116,
        "3": 961,
        "4": 7882,
        "5": 34247,
        "6": 97469
    },
    "5268": {
        "0": 1,
        "1": 1,
        "2": 12,
        "3": 104,
        "4": 887,
        "5": 7542,
        "6": 31831
    },
    "5269": {
        "0": 1,
        "1": 1,
        "2": 10,
        "3": 77,
        "4": 588,
        "5": 4503,
        "6": 15407
    },
    "5270": {
        "0": 1,
        "1": 1,
        "2": 1,
        "3": 11,
        "4": 87,
        "5": 686,
        "6": 5387
    },
    "5271": {
        "0": 1,
        "1": 10,
        "2": 71,
        "3": 467,
        "4": 3011,
        "5": 11478,
        "6": 33279
    },
    "5272": {
        "0": 1,
        "1": 1,
        "2": 1,
        "3": 1,
        "4": 1,
        "5": 12,
        "6": 100
    },
    "5273": {
        "0": 1,
        "1": 13,
        "2": 79,
        "3": 397,
        "4": 2025,
        "5": 8510,
        "6": 27122
    },
    "5274": {
        "0": 1,
        "1": 8,
        "2": 60,
        "3": 459,
        "4": 3571,
        "5": 8883,
        "6": 16415
    },
    "5275": {
        "0": 1,
        "1": 8,
        "2": 67,
        "3": 561,
        "4": 4692,
        "5": 8955,
        "6": 12733
    },
    "5276": {
        "0": 1,
        "1": 10,
        "2": 82,
        "3": 687,
        "4": 5788,
        "5": 16502,
        "6": 27582
    },
    "5277": {
        "0": 1,
        "1": 11,
        "2": 75,
        "3": 503,
        "4": 3391,
        "5": 12414,
        "6": 34409
    },
    "5278": {
        "0": 1,
        "1": 1,
        "2": 1,
        "3": 1,
        "4": 1,
        "5": 11,
        "6": 84
    },
    "5279": {
        "0": 1,
        "1": 1,
        "2": 1,
        "3": 11,
        "4": 87,
        "5": 673,
        "6": 5247
    },
    "5280": {
        "0": 1,
        "1": 11,
        "2": 86,
        "3": 637,
        "4": 4651,
        "5": 16313,
        "6": 44850
    },
    "5281": {
        "0": 1,
        "1": 11,
        "2": 68,
        "3": 403,
        "4": 2450,
        "5": 10071,
        "6": 29263
    },
    "5282": {
        "0": 1,
        "1": 1,
        "2": 10,
        "3": 77,
        "4": 603,
        "5": 4709,
        "6": 17574
    },
    "5283": {
        "0": 1,
        "1": 12,
        "2": 105,
        "3": 855,
        "4": 6751,
        "5": 24697,
        "6": 62274
    },
    "5284": {
        "0": 1,
        "1": 11,
        "2": 95,
        "3": 815,
        "4": 6998,
        "5": 27365,
        "6": 70175
    },
    "5285": {
        "0": 1,
        "1": 10,
        "2": 75,
        "3": 566,
        "4": 4291,
        "5": 13524,
        "6": 29663
    },
    "5286": {
        "0": 1,
        "1": 1,
        "2": 1,
        "3": 10,
        "4": 71,
        "5": 493,
        "6": 3467
    },
    "5287": {
        "0": 1,
        "1": 1,
        "2": 1,
        "3": 9,
        "4": 58,
        "5": 382,
        "6": 2571
    },
    "5288": {
        "0": 1,
        "1": 1,
        "2": 1,
        "3": 1,
        "4": 1,
        "5": 1,
        "6": 9
    },
    "5289": {
        "0": 1,
        "1": 1,
        "2": 1,
        "3": 9,
        "4": 61,
        "5": 422,
        "6": 2941
    },
    "5290": {
        "0": 1,
        "1": 10,
        "2": 81,
        "3": 644,
        "4": 5044,
        "5": 21579,
        "6": 64016
    },
    "5291": {
        "0": 1,
        "1": 11,
        "2": 84,
        "3": 608,
        "4": 4378,
        "5": 14270,
        "6": 35051
    },
    "5292": {
        "0": 1,
        "1": 1,
        "2": 10,
        "3": 76,
        "4": 563,
        "5": 4148,
        "6": 13161
    },
    "5293": {
        "0": 1,
        "1": 1,
        "2": 1,
        "3": 9,
        "4": 69,
        "5": 539,
        "6": 4261
    },
    "5294": {
        "0": 1,
        "1": 10,
        "2": 79,
        "3": 595,
        "4": 4429,
        "5": 15532,
        "6": 40725
    },
    "5295": {
        "0": 1,
        "1": 1,
        "2": 1,
        "3": 9,
        "4": 72,
        "5": 558,
        "6": 4260
    },
    "5296": {
        "0": 1,
        "1": 1,
        "2": 1,
        "3": 11,
        "4": 85,
        "5": 630,
        "6": 4690
    },
    "5297": {
        "0": 1,
        "1": 12,
        "2": 96,
        "3": 694,
        "4": 4885,
        "5": 16863,
        "6": 39505
    },
    "5298": {
        "0": 1,
        "1": 1,
        "2": 1,
        "3": 9,
        "4": 76,
        "5": 655,
        "6": 5667
    },
    "5299": {
        "0": 1,
        "1": 1,
        "2": 10,
        "3": 84,
        "4": 704,
        "5": 5825,
        "6": 19881
    }
}