{
    "28200": {
        "0": 1,
        "1": 9,
        "2": 60,
        "3": 387,
        "4": 2482,
        "5": 6818,
        "6": 16224
    },
    "28201": {
        "0": 1,
        "1": 1,
        "2": 1,
        "3": 1,
        "4": 12,
        "5": 101,
        "6": 777
    },
    "28202": {
        "0": 1,
        "1": 12,
        "2": 106,
        "3": 919,
        "4": 7893,
        "5": 34405,
        "6": 94516
    },
    "28203": {
        "0": 1,
        "1": 10,
        "2": 70,
        "3": 478,
        "4": 3256,
        "5": 11966,
        "6": 31181
    },
    "28204": {
        "0": 1,
        "1": 1,
        "2": 10,
        "3": 83,
        "4": 685,
        "5": 5596,
        "6": 15355
    },
    "28205": {
        "0": 1,
        "1": 9,
        "2": 71,
        "3": 548,
        "4": 4248,
        "5": 13803,
        "6": 30767
    },
    "28206": {
        "0": 1,
        "1": 1,
        "2": 10,
        "3": 76,
        "4": 578,
        "5": 4353,
        "6": 15136
    },
    "28207": {
        "0": 1,
        "1": 1,
        "2": 1,
        "3": 10,
        "4": 84,
        "5": 710,
        "6": 6024
    },
    "28208": {
        "0": 1,
        "1": 1,
        "2": 9,
        "3": 60,
        "4": 403,
        "5": 2734,
        "6": 8469
    },
    "28209": {
        "0": 1,
        "1": 1,
        "2": 1,
        "3": 11,
        "4": 67,
        "5": 399,
        "6": 2399
    },
    "28210": {
        "0": 1,
        "1": 1,
        "2": 10,
        "3": 87,
        "4": 762,
        "5": 6629,
        "6": 25073
    },
    "28211": {
        "0": 1,
        "1": 10,
        "2": 73,
        "3": 523,
        "4": 3731,
        "5": 10934,
        "6": 24112
    },
    "28212": {
        "0": 1,
        "1": 12,
        "2": 98,
        "3": 752,
        "4": 5723,
        "5": 24568,
        "6": 74765
    },
    "28213": {
        "0": 1,
        "1": 9,
        "2": 68,
        "3": 517,
        "4": 3910,
        "5": 12029,
        "6": 29907
    },
    "28214": {
        "0": 1,
        "1": 1,
        "2": 10,
        "3": 79,
        "4": 593,
        "5": 4404,
        "6": 15387
    },
    "28215": {
        "0": 1,
        "1": 1,
        "2": 10,
        "3": 78,
        "4": 584,
        "5": 4341,
        "6": 14777
    },
    "28216": {
        "0": 1,
        "1": 10,
        "2": 74,
        "3": 545,
        "4": 3989,
        "5": 9933,
        "6": 19760
    },
    "28217": {
        "0": 1,
        "1": 1,
        "2": 1,
        "3": 1,
        "4": 10,
        "5": 77,
        "6": 573
    },
    "28218": {
        "0": 1,
        "1": 1,
        "2": 10,
        "3": 83,
        "4": 690,
        "5": 5681,
        "6": 16350
    },
    "28219": {
        "0": 1,
        "1": 10,
        "2": 77,
        "3": 583,
        "4": 4427,
        "5": 14469,
        "6": 35868
    },
    "28220": {
        "0": 1,
        "1": 8,
        "2": 59,
        "3": 435,
        "4": 3229,
        "5": 6857,
        "6": 14014
    },
    "28221": {
        "0": 1,
        "1": 1,
        "2": 1,
        "3": 13,
        "4": 106,
        "5": 774,
        "6": 5574
    },
    "28222": {
        "0": 1,
        "1": 11,
        "2": 91,
        "3": 762,
        "4": 6345,
        "5": 22344,
        "6": 47866
    },
    "28223": {
        "0": 1,
        "1": 1,
        "2": 1,
        "3": 9,
        "4": 71,
        "5": 552,
        "6": 4280
    },
    "28224": {
        "0": 1,
        "1": 1,
        "2": 12,
        "3": 103,
        "4": 869,
        "5": 7306,
        "6": 28794
    },
    "28225": {
        "0": 1,
        "1": 1,
        "2": 8,
        "3": 53,
        "4": 361,
        "5": 2493,
        "6": 7022
    },
    "28226": {
        "0": 1,
        "1": 10,
        "2": 84,
        "3": 705,
        "4": 5891,
        "5": 19237,
        "6": 43685
    },
    "28227": {
        "0": 1,
        "1": 1,
        "2": 11,
        "3": 96,
        "4": 817,
        "5": 6903,
        "6": 27973
    },
    "28228": {
        "0": 1,
        "1": 1,
        "2": 1,
        "3": 10,
        "4": 76,
        "5": 567,
        "6": 4223
    },
    "28229": {
        "0": 1,
        "1": 1,
        "2": 1,
        "3": 9,
        "4": 68,
        "5": 505,
        "6": 3743
    },
    "28230": {
        "0": 1,
        "1": 12,
        "2": 81,
        "3": 513,
        "4": 3278,
        "5": 12006,
        "6": 32274
    },
    "28231": {
        "0": 1,
        "1": 1,
        "2": 10,
        "3": 73,
        "4": 548,
        "5": 4147,
        "6": 14359
    },
    "28232": {
        "0": 1,
        "1": 1,
        "2": 13,
        "3": 100,
        "4": 729,
        "5": 5388,
        "6": 21111
    },
    "28233": {
        "0": 1,
        "1": 1,
        "2": 11,
        "3": 85,
        "4": 602,
        "5": 4208,
        "6": 13949
    },
    "28234": {
        "0": 1,
        "1": 1,
        "2": 8,
        "3": 67,
        "4": 567,
        "5": 4818,
        "6": 8462
    },
    "28235": {
        "0": 1,
        "1": 1,
        "2": 1,
        "3": 9,
        "4": 83,
        "5": 742,
        "6": 6446
    },
    "28236": {
        "0": 1,
        "1": 8,
        "2": 63,
        "3": 495,
        "4": 3887,
        "5": 11393,
        "6": 24596
    },
    "28237": {
        "0": 1,
        "1": 1,
        "2": 1,
        "3": 1,
        "4": 1,
        "5": 10,
        "6": 86
    },
    "28238": {
        "0": 1,
        "1": 11,
        "2": 96,
        "3": 838,
        "4": 7248,
        "5": 29808,
        "6": 75376
    },
    "28239": {
        "0": 1,
        "1": 9,
        "2": 73,
        "3": 605,
        "4": 4964,
        "5": 10686,
        "6": 17155
    },
    "28240": {
        "0": 1,
        "1": 1,
        "2": 1,
        "3": 10,
        "4": 90,
        "5": 767,
        "6": 6318
    },
    "28241": {
        "0": 1,
        "1": 1,
        "2": 1,
        "3": 1,
        "4": 9,
        "5": 60,
        "6": 390
    },
    "28242": {
        "0": 1,
        "1": 1,
        "2": 11,
        "3": 91,
        "4": 768,
        "5": 6576,
        "6": 23719
    },
    "28243": {
        "0": 1,
        "1": 1,
        "2": 1,
        "3": 9,
        "4": 78,
        "5": 660,
        "6": 5360
    },
    "28244": {
        "0": 1,
        "1": 1,
        "2": 10,
        "3": 85,
        "4": 725,
        "5": 6171,
        "6": 19801
    },
    "28245": {
        "0": 1,
        "1": 11,
        "2": 77,
        "3": 518,
        "4": 3557,
        "5": 14241,
        "6": 40172
    },
    "28246": {
        "0": 1,
        "1": 1,
        "2": 1,
        "3": 1,
        "4": 13,
        "5": 109,
        "6": 898
    },
    "28247": {
        "0": 1,
        "1": 1,
        "2": 12,
        "3": 97,
        "4": 782,
        "5": 6344,
        "6": 21365
    },
    "28248": {
        "0": 1,
        "1": 11,
        "2": 97,
        "3": 847,
        "4": 7352,
        "5": 31127,
        "6": 86768
    },
    "28249": {
        "0": 1,
        "1": 1,
        "2": 1,
        "3": 1,
        "4": 8,
        "5": 62,
        "6": 472
    },
    "28250": {
        "0": 1,
        "1": 11,
        "2": 92,
        "3": 695,
        "4": 5108,
        "5": 19144,
        "6": 52845
    },
    "28251": {
        "0": 1,
        "1": 1,
        "2": 1,
        "3": 1,
        "4": 9,
        "5": 61,
        "6": 414
    },
    "28252": {
        "0": 1,
        "1": 8,
        "2": 62,
        "3": 471,
        "4": 3521,
        "5": 8728,
        "6": 15918
    },
    "28253": {
        "0": 1,
        "1": 10,
        "2": 80,
        "3": 610,
        "4": 4534,
        "5": 17675,
        "6": 48017
    },
    "28254": {
        "0": 1,
        "1": 9,
        "2": 67,
        "3": 512,
        "4": 3927,
        "5": 10939,
        "6": 25992
    },
    "28255": {
        "0": 1,
        "1": 9,
        "2": 78,
        "3": 675,
        "4": 5795,
        "5": 16579,
        "6": 36147
    },
    "28256": {
        "0": 1,
        "1": 9,
        "2": 78,
        "3": 686,
        "4": 5959,
        "5": 19080,
        "6": 40897
    },
    "28257": {
        "0": 1,
        "1": 10,
        "2": 85,
        "3": 721,
        "4": 5974,
        "5": 20907,
        "6": 51216
    },
    "28258": {
        "0": 1,
        "1": 11,
        "2": 92,
        "3": 786,
        "4": 6760,
        "5": 25401,
        "6": 62048
    },
    "28259": {
        "0": 1,
        "1": 1,
        "2": 1,
        "3": 10,
        "4": 75,
        "5": 556,
        "6": 4184
    },
    "28260": {
        "0": 1,
        "1": 1,
        "2": 9,
        "3": 67,
        "4": 504,
        "5": 3789,
        "6": 11266
    },
    "28261": {
        "0": 1,
        "1": 9,
        "2": 74,
        "3": 626,
        "4": 5258,
        "5": 13429,
        "6": 26801
    },
    "28262": {
        "0": 1,
        "1": 1,
        "2": 10,
        "3": 77,
        "4": 593,
        "5": 4597,
        "6": 16664
    },
    "28263": {
        "0": 1,
        "1": 1,
        "2": 1,
        "3": 1,
        "4": 1,
        "5": 1,
        "6": 10
    },
    "28264": {
        "0": 1,
        "1": 1,
        "2": 1,
        "3": 12,
        "4": 79,
        "5": 478,
        "6": 2912
    },
    "28265": {
        "0": 1,
        "1": 1,
        "2": 10,
        "3": 86,
        "4": 725,
        "5": 5957,
        "6": 20478
    },
    "28266": {
        "0": 1,
        "1": 8,
        "2": 70,
        "3": 603,
        "4": 5159,
        "5": 13848,
        "6": 30314
    },
    "28267": {
        "0": 1,
        "1": 1,
        "2": 11,
        "3": 92,
        "4": 761,
        "5": 6137,
        "6": 20772
    },
    "28268": {
        "0": 1,
        "1": 11,
        "2": 85,
        "3": 633,
        "4": 4728,
        "5": 18139,
        "6": 48324
    },
    "28269": {
        "0": 1,
        "1": 13,
        "2": 118,
        "3": 1011,
        "4": 8532,
        "5": 39310,
        "6": 112438
    },
    "28270": {
        "0": 1,
        "1": 1,
        "2": 1,
        "3": 1,
        "4": 11,
        "5": 94,
        "6": 773
    },
    "28271": {
        "0": 1,
        "1": 1,
        "2": 1,
        "3": 1,
        "4": 9,
        "5": 76,
        "6": 635
    },
    "28272": {
        "0": 1,
        "1": 9,
        "2": 70,
        "3": 547,
        "4": 4263,
        "5": 14215,
        "6": 36326
    },
    "28273": {
        "0": 1,
        "1": 1,
        "2": 11,
        "3": 87,
        "4": 683,
        "5": 5416,
        "6": 23921
    },
    "28274": {
        "0": 1,
        "1": 1,
        "2": 12,
        "3": 104,
        "4": 869,
        "5": 7221,
        "6": 29939
    },
    "28275": {
        "0": 1,
        "1": 12,
        "2": 99,
        "3": 760,
        "4": 5720,
        "5": 24013,
        "6": 70193
    },
    "28276": {
        "0": 1,
        "1": 1,
        "2": 11,
        "3": 95,
        "4": 814,
        "5": 6981,
        "6": 27334
    },
    "28277": {
        "0": 1,
        "1": 11,
        "2": 87,
        "3": 645,
        "4": 4719,
        "5": 17055,
        "6": 46650
    },
    "28278": {
        "0": 1,
        "1": 1,
        "2": 11,
        "3": 93,
        "4": 766,
        "5": 6208,
        "6": 21851
    },
    "28279": {
        "0": 1,
        "1": 9,
        "2": 68,
        "3": 508,
        "4": 3755,
        "5": 10286,
        "6": 24620
    },
    "28280": {
        "0": 1,
        "1": 9,
        "2": 69,
        "3": 534,
        "4": 4157,
        "5": 13430,
        "6": 31112
    },
    "28281": {
        "0": 1,
        "1": 9,
        "2": 76,
        "3": 648,
        "4": 5522,
        "5": 14524,
        "6": 28177
    },
    "28282": {
        "0": 1,
        "1": 1,
        "2": 10,
        "3": 81,
        "4": 676,
        "5": 5689,
        "6": 15660
    },
    "28283": {
        "0": 1,
        "1": 9,
        "2": 78,
        "3": 685,
        "4": 6002,
        "5": 19566,
        "6": 47622
    },
    "28284": {
        "0": 1,
        "1": 1,
        "2": 10,
        "3": 85,
        "4": 712,
        "5": 5919,
        "6": 18861
    },
    "28285": {
        "0": 1,
        "1": 9,
        "2": 77,
        "3": 650,
        "4": 5457,
        "5": 15155,
        "6": 28611
    },
    "28286": {
        "0": 1,
        "1": 11,
        "2": 95,
        "3": 799,
        "4": 6530,
        "5": 24564,
        "6": 61499
    },
    "28287": {
        "0": 1,
        "1": 11,
        "2": 89,
        "3": 699,
        "4": 5450,
        "5": 23224,
        "6": 63394
    },
    "28288": {
        "0": 1,
        "1": 1,
        "2": 12,
        "3": 98,
        "4": 839,
        "5": 7175,
        "6": 28712
    },
    "28289": {
        "0": 1,
        "1": 1,
        "2": 1,
        "3": 9,
        "4": 56,
        "5": 362,
        "6": 2284
    },
    "28290": {
        "0": 1,
        "1": 1,
        "2": 10,
        "3": 81,
        "4": 634,
        "5": 4943,
        "6": 19297
    },
    "28291": {
        "0": 1,
        "1": 10,
        "2": 73,
        "3": 532,
        "4": 3920,
        "5": 10005,
        "6": 21640
    },
    "28292": {
        "0": 1,
        "1": 1,
        "2": 1,
        "3": 11,
        "4": 79,
        "5": 531,
        "6": 3649
    },
    "28293": {
        "0": 1,
        "1": 11,
        "2": 87,
        "3": 660,
        "4": 4959,
        "5": 18377,
        "6": 47244
    },
    "28294": {
        "0": 1,
        "1": 11,
        "2": 86,
        "3": 650,
        "4": 4895,
        "5": 17748,
        "6": 45289
    },
    "28295": {
        "0": 1,
        "1": 1,
        "2": 1,
        "3": 10,
        "4": 70,
        "5": 490,
        "6": 3409
    },
    "28296": {
        "0": 1,
        "1": 10,
        "2": 77,
        "3": 582,
        "4": 4347,
        "5": 15180,
        "6": 40377
    },
    "28297": {
        "0": 1,
        "1": 9,
        "2": 67,
        "3": 495,
        "4": 3647,
        "5": 9562,
        "6": 22559
    },
    "28298": {
        "0": 1,
        "1": 1,
        "2": 1,
        "3": 1,
        "4": 9,
        "5": 69,
        "6": 541
    },
    "28299": {
        "0": 1,
        "1": 9,
        "2": 77,
        "3": 659,
        "4": 5564,
        "5": 14459,
        "6": 25720
    }
}