{
    "21700": {
        "0": 1,
        "1": 1,
        "2": 11,
        "3": 96,
        "4": 785,
        "5": 6229,
        "6": 21185
    },
    "21701": {
        "0": 1,
        "1": 1,
        "2": 9,
        "3": 69,
        "4": 540,
        "5": 4239,
        "6": 14145
    },
    "21702": {
        "0": 1,
        "1": 1,
        "2": 1,
        "3": 10,
        "4": 68,
        "5": 447,
        "6": 2908
    },
    "21703": {
        "0": 1,
        "1": 1,
        "2": 11,
        "3": 95,
        "4": 803,
        "5": 6662,
        "6": 24468
    },
    "21704": {
        "0": 1,
        "1": 11,
        "2": 86,
        "3": 657,
        "4": 5004,
        "5": 19238,
        "6": 45866
    },
    "21705": {
        "0": 1,
        "1": 1,
        "2": 13,
        "3": 104,
        "4": 763,
        "5": 5531,
        "6": 21223
    },
    "21706": {
        "0": 1,
        "1": 11,
        "2": 97,
        "3": 843,
        "4": 7251,
        "5": 29026,
        "6": 73781
    },
    "21707": {
        "0": 1,
        "1": 10,
        "2": 81,
        "3": 632,
        "4": 4878,
        "5": 17987,
        "6": 48483
    },
    "21708": {
        "0": 1,
        "1": 11,
        "2": 91,
        "3": 771,
        "4": 6519,
        "5": 21785,
        "6": 45682
    },
    "21709": {
        "0": 1,
        "1": 1,
        "2": 11,
        "3": 84,
        "4": 630,
        "5": 4784,
        "6": 17331
    },
    "21710": {
        "0": 1,
        "1": 13,
        "2": 112,
        "3": 910,
        "4": 7239,
        "5": 29479,
        "6": 82222
    },
    "21711": {
        "0": 1,
        "1": 10,
        "2": 80,
        "3": 645,
        "4": 5027,
        "5": 13026,
        "6": 20746
    },
    "21712": {
        "0": 1,
        "1": 12,
        "2": 96,
        "3": 696,
        "4": 4860,
        "5": 17816,
        "6": 47648
    },
    "21713": {
        "0": 1,
        "1": 13,
        "2": 111,
        "3": 944,
        "4": 8052,
        "5": 36010,
        "6": 102070
    },
    "21714": {
        "0": 1,
        "1": 13,
        "2": 105,
        "3": 774,
        "4": 5657,
        "5": 22396,
        "6": 64210
    },
    "21715": {
        "0": 1,
        "1": 10,
        "2": 87,
        "3": 743,
        "4": 6287,
        "5": 20704,
        "6": 46192
    },
    "21716": {
        "0": 1,
        "1": 10,
        "2": 84,
        "3": 712,
        "4": 6054,
        "5": 19088,
        "6": 37897
    },
    "21717": {
        "0": 1,
        "1": 1,
        "2": 1,
        "3": 9,
        "4": 69,
        "5": 499,
        "6": 3448
    },
    "21718": {
        "0": 1,
        "1": 1,
        "2": 1,
        "3": 10,
        "4": 78,
        "5": 605,
        "6": 4734
    },
    "21719": {
        "0": 1,
        "1": 1,
        "2": 1,
        "3": 1,
        "4": 1,
        "5": 1,
        "6": 10
    },
    "21720": {
        "0": 1,
        "1": 1,
        "2": 1,
        "3": 9,
        "4": 73,
        "5": 580,
        "6": 4573
    },
    "21721": {
        "0": 1,
        "1": 14,
        "2": 119,
        "3": 928,
        "4": 7107,
        "5": 35292,
        "6": 123245
    },
    "21722": {
        "0": 1,
        "1": 10,
        "2": 84,
        "3": 703,
        "4": 5913,
        "5": 19609,
        "6": 49112
    },
    "21723": {
        "0": 1,
        "1": 1,
        "2": 1,
        "3": 12,
        "4": 101,
        "5": 842,
        "6": 6929
    },
    "21724": {
        "0": 1,
        "1": 11,
        "2": 94,
        "3": 811,
        "4": 6968,
        "5": 27282,
        "6": 72931
    },
    "21725": {
        "0": 1,
        "1": 1,
        "2": 10,
        "3": 87,
        "4": 763,
        "5": 6677,
        "6": 25615
    },
    "21726": {
        "0": 1,
        "1": 1,
        "2": 1,
        "3": 1,
        "4": 11,
        "5": 85,
        "6": 639
    },
    "21727": {
        "0": 1,
        "1": 1,
        "2": 9,
        "3": 75,
        "4": 625,
        "5": 5246,
        "6": 11731
    },
    "21728": {
        "0": 1,
        "1": 1,
        "2": 1,
        "3": 10,
        "4": 78,
        "5": 594,
        "6": 4415
    },
    "21729": {
        "0": 1,
        "1": 8,
        "2": 71,
        "3": 627,
        "4": 5513,
        "5": 15766,
        "6": 31721
    },
    "21730": {
        "0": 1,
        "1": 12,
        "2": 99,
        "3": 794,
        "4": 6293,
        "5": 21868,
        "6": 52322
    },
    "21731": {
        "0": 1,
        "1": 1,
        "2": 13,
        "3": 107,
        "4": 818,
        "5": 6251,
        "6": 28986
    },
    "21732": {
        "0": 1,
        "1": 1,
        "2": 13,
        "3": 112,
        "4": 911,
        "5": 7244,
        "6": 29249
    },
    "21733": {
        "0": 1,
        "1": 1,
        "2": 11,
        "3": 90,
        "4": 740,
        "5": 6051,
        "6": 19254
    },
    "21734": {
        "0": 1,
        "1": 1,
        "2": 12,
        "3": 91,
        "4": 657,
        "5": 4860,
        "6": 17603
    },
    "21735": {
        "0": 1,
        "1": 1,
        "2": 10,
        "3": 75,
        "4": 562,
        "5": 4210,
        "6": 12430
    },
    "21736": {
        "0": 1,
        "1": 1,
        "2": 10,
        "3": 75,
        "4": 551,
        "5": 4058,
        "6": 12437
    },
    "21737": {
        "0": 1,
        "1": 10,
        "2": 84,
        "3": 725,
        "4": 6285,
        "5": 21556,
        "6": 52446
    },
    "21738": {
        "0": 1,
        "1": 10,
        "2": 77,
        "3": 595,
        "4": 4620,
        "5": 16945,
        "6": 38943
    },
    "21739": {
        "0": 1,
        "1": 10,
        "2": 86,
        "3": 744,
        "4": 6425,
        "5": 22542,
        "6": 46130
    },
    "21740": {
        "0": 1,
        "1": 1,
        "2": 1,
        "3": 1,
        "4": 11,
        "5": 95,
        "6": 779
    },
    "21741": {
        "0": 1,
        "1": 10,
        "2": 77,
        "3": 589,
        "4": 4526,
        "5": 15740,
        "6": 35603
    },
    "21742": {
        "0": 1,
        "1": 8,
        "2": 70,
        "3": 609,
        "4": 5218,
        "5": 14060,
        "6": 30605
    },
    "21743": {
        "0": 1,
        "1": 11,
        "2": 94,
        "3": 792,
        "4": 6697,
        "5": 24443,
        "6": 60791
    },
    "21744": {
        "0": 1,
        "1": 10,
        "2": 88,
        "3": 754,
        "4": 6382,
        "5": 23346,
        "6": 55819
    },
    "21745": {
        "0": 1,
        "1": 9,
        "2": 75,
        "3": 614,
        "4": 4956,
        "5": 20624,
        "6": 61034
    },
    "21746": {
        "0": 1,
        "1": 9,
        "2": 71,
        "3": 546,
        "4": 4180,
        "5": 14617,
        "6": 34689
    },
    "21747": {
        "0": 1,
        "1": 1,
        "2": 10,
        "3": 67,
        "4": 445,
        "5": 3010,
        "6": 10290
    },
    "21748": {
        "0": 1,
        "1": 1,
        "2": 9,
        "3": 62,
        "4": 418,
        "5": 2841,
        "6": 9203
    },
    "21749": {
        "0": 1,
        "1": 9,
        "2": 61,
        "3": 394,
        "4": 2505,
        "5": 6817,
        "6": 14787
    },
    "21750": {
        "0": 1,
        "1": 10,
        "2": 84,
        "3": 712,
        "4": 5943,
        "5": 18901,
        "6": 42406
    },
    "21751": {
        "0": 1,
        "1": 11,
        "2": 90,
        "3": 716,
        "4": 5579,
        "5": 23825,
        "6": 71979
    },
    "21752": {
        "0": 1,
        "1": 1,
        "2": 10,
        "3": 84,
        "4": 715,
        "5": 6109,
        "6": 19586
    },
    "21753": {
        "0": 1,
        "1": 9,
        "2": 71,
        "3": 555,
        "4": 4316,
        "5": 14381,
        "6": 32412
    },
    "21754": {
        "0": 1,
        "1": 1,
        "2": 1,
        "3": 13,
        "4": 116,
        "5": 956,
        "6": 7707
    },
    "21755": {
        "0": 1,
        "1": 10,
        "2": 80,
        "3": 637,
        "4": 4923,
        "5": 11958,
        "6": 20276
    },
    "21756": {
        "0": 1,
        "1": 11,
        "2": 88,
        "3": 669,
        "4": 5004,
        "5": 19773,
        "6": 52669
    },
    "21757": {
        "0": 1,
        "1": 10,
        "2": 80,
        "3": 634,
        "4": 4983,
        "5": 20004,
        "6": 57556
    },
    "21758": {
        "0": 1,
        "1": 1,
        "2": 10,
        "3": 85,
        "4": 721,
        "5": 6066,
        "6": 20319
    },
    "21759": {
        "0": 1,
        "1": 1,
        "2": 9,
        "3": 67,
        "4": 510,
        "5": 3916,
        "6": 11245
    },
    "21760": {
        "0": 1,
        "1": 1,
        "2": 1,
        "3": 10,
        "4": 79,
        "5": 591,
        "6": 4428
    },
    "21761": {
        "0": 1,
        "1": 1,
        "2": 1,
        "3": 10,
        "4": 89,
        "5": 785,
        "6": 6903
    },
    "21762": {
        "0": 1,
        "1": 13,
        "2": 116,
        "3": 970,
        "4": 7855,
        "5": 34402,
        "6": 97886
    },
    "21763": {
        "0": 1,
        "1": 1,
        "2": 10,
        "3": 85,
        "4": 725,
        "5": 6158,
        "6": 19974
    },
    "21764": {
        "0": 1,
        "1": 12,
        "2": 103,
        "3": 879,
        "4": 7452,
        "5": 30534,
        "6": 71848
    },
    "21765": {
        "0": 1,
        "1": 1,
        "2": 1,
        "3": 10,
        "4": 66,
        "5": 424,
        "6": 2752
    },
    "21766": {
        "0": 1,
        "1": 1,
        "2": 8,
        "3": 64,
        "4": 487,
        "5": 3622,
        "6": 9282
    },
    "21767": {
        "0": 1,
        "1": 1,
        "2": 10,
        "3": 92,
        "4": 833,
        "5": 7383,
        "6": 34074
    },
    "21768": {
        "0": 1,
        "1": 11,
        "2": 94,
        "3": 803,
        "4": 6825,
        "5": 25400,
        "6": 53422
    },
    "21769": {
        "0": 1,
        "1": 10,
        "2": 77,
        "3": 588,
        "4": 4433,
        "5": 15936,
        "6": 37113
    },
    "21770": {
        "0": 1,
        "1": 1,
        "2": 1,
        "3": 11,
        "4": 91,
        "5": 748,
        "6": 6125
    },
    "21771": {
        "0": 1,
        "1": 10,
        "2": 85,
        "3": 731,
        "4": 6216,
        "5": 21272,
        "6": 44810
    },
    "21772": {
        "0": 1,
        "1": 1,
        "2": 10,
        "3": 87,
        "4": 749,
        "5": 6251,
        "6": 22280
    },
    "21773": {
        "0": 1,
        "1": 1,
        "2": 1,
        "3": 1,
        "4": 10,
        "5": 69,
        "6": 459
    },
    "21774": {
        "0": 1,
        "1": 1,
        "2": 9,
        "3": 71,
        "4": 545,
        "5": 4075,
        "6": 12984
    },
    "21775": {
        "0": 1,
        "1": 1,
        "2": 1,
        "3": 1,
        "4": 11,
        "5": 92,
        "6": 778
    },
    "21776": {
        "0": 1,
        "1": 1,
        "2": 10,
        "3": 87,
        "4": 752,
        "5": 6442,
        "6": 24592
    },
    "21777": {
        "0": 1,
        "1": 1,
        "2": 11,
        "3": 93,
        "4": 782,
        "5": 6586,
        "6": 23017
    },
    "21778": {
        "0": 1,
        "1": 1,
        "2": 9,
        "3": 74,
        "4": 624,
        "5": 5221,
        "6": 13483
    },
    "21779": {
        "0": 1,
        "1": 9,
        "2": 70,
        "3": 558,
        "4": 4413,
        "5": 15554,
        "6": 40399
    },
    "21780": {
        "0": 1,
        "1": 1,
        "2": 10,
        "3": 81,
        "4": 628,
        "5": 4751,
        "6": 18326
    },
    "21781": {
        "0": 1,
        "1": 11,
        "2": 96,
        "3": 792,
        "4": 6304,
        "5": 20610,
        "6": 48338
    },
    "21782": {
        "0": 1,
        "1": 10,
        "2": 61,
        "3": 344,
        "4": 1994,
        "5": 6832,
        "6": 18917
    },
    "21783": {
        "0": 1,
        "1": 10,
        "2": 89,
        "3": 790,
        "4": 6916,
        "5": 27195,
        "6": 71282
    },
    "21784": {
        "0": 1,
        "1": 1,
        "2": 1,
        "3": 12,
        "4": 88,
        "5": 609,
        "6": 4165
    },
    "21785": {
        "0": 1,
        "1": 1,
        "2": 10,
        "3": 78,
        "4": 594,
        "5": 4488,
        "6": 16419
    },
    "21786": {
        "0": 1,
        "1": 1,
        "2": 10,
        "3": 84,
        "4": 701,
        "5": 5819,
        "6": 18005
    },
    "21787": {
        "0": 1,
        "1": 10,
        "2": 83,
        "3": 691,
        "4": 5718,
        "5": 17058,
        "6": 39674
    },
    "21788": {
        "0": 1,
        "1": 1,
        "2": 1,
        "3": 10,
        "4": 82,
        "5": 691,
        "6": 5846
    },
    "21789": {
        "0": 1,
        "1": 9,
        "2": 71,
        "3": 549,
        "4": 4172,
        "5": 13090,
        "6": 32704
    },
    "21790": {
        "0": 1,
        "1": 1,
        "2": 8,
        "3": 65,
        "4": 531,
        "5": 4352,
        "6": 5948
    },
    "21791": {
        "0": 1,
        "1": 10,
        "2": 81,
        "3": 687,
        "4": 5829,
        "5": 17136,
        "6": 32050
    },
    "21792": {
        "0": 1,
        "1": 1,
        "2": 13,
        "3": 114,
        "4": 964,
        "5": 8114,
        "6": 35818
    },
    "21793": {
        "0": 1,
        "1": 1,
        "2": 11,
        "3": 91,
        "4": 773,
        "5": 6472,
        "6": 23606
    },
    "21794": {
        "0": 1,
        "1": 1,
        "2": 1,
        "3": 10,
        "4": 84,
        "5": 708,
        "6": 5929
    },
    "21795": {
        "0": 1,
        "1": 1,
        "2": 1,
        "3": 9,
        "4": 60,
        "5": 389,
        "6": 2502
    },
    "21796": {
        "0": 1,
        "1": 1,
        "2": 10,
        "3": 80,
        "4": 610,
        "5": 4579,
        "6": 16670
    },
    "21797": {
        "0": 1,
        "1": 10,
        "2": 89,
        "3": 768,
        "4": 6528,
        "5": 24615,
        "6": 63533
    },
    "21798": {
        "0": 1,
        "1": 9,
        "2": 80,
        "3": 699,
        "4": 6078,
        "5": 20052,
        "6": 45323
    },
    "21799": {
        "0": 1,
        "1": 1,
        "2": 1,
        "3": 9,
        "4": 72,
        "5": 553,
        "6": 4198
    }
}