{
    "6300": {
        "0": 1,
        "1": 10,
        "2": 74,
        "3": 544,
        "4": 4016,
        "5": 12556,
        "6": 30495
    },
    "6301": {
        "0": 1,
        "1": 12,
        "2": 98,
        "3": 791,
        "4": 6370,
        "5": 21127,
        "6": 40893
    },
    "6302": {
        "0": 1,
        "1": 1,
        "2": 10,
        "3": 83,
        "4": 723,
        "5": 6301,
        "6": 22044
    },
    "6303": {
        "0": 1,
        "1": 1,
        "2": 1,
        "3": 9,
        "4": 76,
        "5": 622,
        "6": 4939
    },
    "6304": {
        "0": 1,
        "1": 11,
        "2": 92,
        "3": 750,
        "4": 5945,
        "5": 18664,
        "6": 41859
    },
    "6305": {
        "0": 1,
        "1": 11,
        "2": 88,
        "3": 678,
        "4": 5208,
        "5": 22518,
        "6": 64803
    },
    "6306": {
        "0": 1,
        "1": 9,
        "2": 75,
        "3": 634,
        "4": 5344,
        "5": 14695,
        "6": 28728
    },
    "6307": {
        "0": 1,
        "1": 1,
        "2": 12,
        "3": 94,
        "4": 695,
        "5": 5063,
        "6": 20985
    },
    "6308": {
        "0": 1,
        "1": 1,
        "2": 9,
        "3": 72,
        "4": 590,
        "5": 4738,
        "6": 18417
    },
    "6309": {
        "0": 1,
        "1": 9,
        "2": 78,
        "3": 687,
        "4": 6008,
        "5": 19775,
        "6": 44317
    },
    "6310": {
        "0": 1,
        "1": 11,
        "2": 94,
        "3": 778,
        "4": 6353,
        "5": 21434,
        "6": 50038
    },
    "6311": {
        "0": 1,
        "1": 1,
        "2": 1,
        "3": 10,
        "4": 77,
        "5": 585,
        "6": 4434
    },
    "6312": {
        "0": 1,
        "1": 1,
        "2": 11,
        "3": 91,
        "4": 759,
        "5": 6295,
        "6": 21940
    },
    "6313": {
        "0": 1,
        "1": 11,
        "2": 87,
        "3": 639,
        "4": 4526,
        "5": 17738,
        "6": 49955
    },
    "6314": {
        "0": 1,
        "1": 1,
        "2": 10,
        "3": 86,
        "4": 739,
        "5": 6342,
        "6": 21781
    },
    "6315": {
        "0": 1,
        "1": 1,
        "2": 1,
        "3": 12,
        "4": 96,
        "5": 749,
        "6": 5838
    },
    "6316": {
        "0": 1,
        "1": 12,
        "2": 95,
        "3": 702,
        "4": 5157,
        "5": 20468,
        "6": 55650
    },
    "6317": {
        "0": 1,
        "1": 11,
        "2": 85,
        "3": 642,
        "4": 4774,
        "5": 17864,
        "6": 37609
    },
    "6318": {
        "0": 1,
        "1": 1,
        "2": 9,
        "3": 72,
        "4": 538,
        "5": 3910,
        "6": 12599
    },
    "6319": {
        "0": 1,
        "1": 10,
        "2": 80,
        "3": 668,
        "4": 5629,
        "5": 14936,
        "6": 27985
    },
    "6320": {
        "0": 1,
        "1": 10,
        "2": 86,
        "3": 744,
        "4": 6414,
        "5": 22585,
        "6": 55319
    },
    "6321": {
        "0": 1,
        "1": 1,
        "2": 13,
        "3": 99,
        "4": 649,
        "5": 4162,
        "6": 17755
    },
    "6322": {
        "0": 1,
        "1": 12,
        "2": 88,
        "3": 586,
        "4": 3861,
        "5": 15200,
        "6": 41492
    },
    "6323": {
        "0": 1,
        "1": 1,
        "2": 1,
        "3": 1,
        "4": 1,
        "5": 12,
        "6": 96
    },
    "6324": {
        "0": 1,
        "1": 10,
        "2": 88,
        "3": 759,
        "4": 6500,
        "5": 22653,
        "6": 47987
    },
    "6325": {
        "0": 1,
        "1": 1,
        "2": 9,
        "3": 69,
        "4": 547,
        "5": 4341,
        "6": 15433
    },
    "6326": {
        "0": 1,
        "1": 10,
        "2": 80,
        "3": 606,
        "4": 4557,
        "5": 16935,
        "6": 44508
    },
    "6327": {
        "0": 1,
        "1": 11,
        "2": 74,
        "3": 479,
        "4": 3192,
        "5": 11300,
        "6": 28435
    },
    "6328": {
        "0": 1,
        "1": 11,
        "2": 88,
        "3": 695,
        "4": 5536,
        "5": 24761,
        "6": 76831
    },
    "6329": {
        "0": 1,
        "1": 1,
        "2": 11,
        "3": 91,
        "4": 721,
        "5": 5631,
        "6": 26085
    },
    "6330": {
        "0": 1,
        "1": 10,
        "2": 85,
        "3": 707,
        "4": 5839,
        "5": 18022,
        "6": 42954
    },
    "6331": {
        "0": 1,
        "1": 10,
        "2": 87,
        "3": 722,
        "4": 5789,
        "5": 19674,
        "6": 48083
    },
    "6332": {
        "0": 1,
        "1": 11,
        "2": 77,
        "3": 499,
        "4": 3198,
        "5": 11531,
        "6": 31040
    },
    "6333": {
        "0": 1,
        "1": 1,
        "2": 1,
        "3": 1,
        "4": 1,
        "5": 1,
        "6": 1
    },
    "6334": {
        "0": 1,
        "1": 1,
        "2": 11,
        "3": 82,
        "4": 577,
        "5": 4031,
        "6": 12709
    },
    "6335": {
        "0": 1,
        "1": 1,
        "2": 1,
        "3": 1,
        "4": 1,
        "5": 9,
        "6": 61
    },
    "6336": {
        "0": 1,
        "1": 10,
        "2": 85,
        "3": 731,
        "4": 6184,
        "5": 21729,
        "6": 56902
    },
    "6337": {
        "0": 1,
        "1": 1,
        "2": 1,
        "3": 12,
        "4": 98,
        "5": 739,
        "6": 5537
    },
    "6338": {
        "0": 1,
        "1": 1,
        "2": 11,
        "3": 92,
        "4": 754,
        "5": 6156,
        "6": 19936
    },
    "6339": {
        "0": 1,
        "1": 10,
        "2": 85,
        "3": 725,
        "4": 6142,
        "5": 21419,
        "6": 46265
    },
    "6340": {
        "0": 1,
        "1": 1,
        "2": 8,
        "3": 54,
        "4": 374,
        "5": 2607,
        "6": 7887
    },
    "6341": {
        "0": 1,
        "1": 1,
        "2": 11,
        "3": 93,
        "4": 762,
        "5": 6115,
        "6": 20742
    },
    "6342": {
        "0": 1,
        "1": 1,
        "2": 1,
        "3": 10,
        "4": 79,
        "5": 614,
        "6": 4761
    },
    "6343": {
        "0": 1,
        "1": 1,
        "2": 1,
        "3": 1,
        "4": 10,
        "5": 67,
        "6": 430
    },
    "6344": {
        "0": 1,
        "1": 12,
        "2": 101,
        "3": 848,
        "4": 7204,
        "5": 28768,
        "6": 70844
    },
    "6345": {
        "0": 1,
        "1": 1,
        "2": 1,
        "3": 9,
        "4": 72,
        "5": 567,
        "6": 4403
    },
    "6346": {
        "0": 1,
        "1": 1,
        "2": 10,
        "3": 75,
        "4": 532,
        "5": 3725,
        "6": 10353
    },
    "6347": {
        "0": 1,
        "1": 8,
        "2": 68,
        "3": 581,
        "4": 4978,
        "5": 9875,
        "6": 18311
    },
    "6348": {
        "0": 1,
        "1": 10,
        "2": 76,
        "3": 559,
        "4": 4099,
        "5": 12437,
        "6": 29123
    },
    "6349": {
        "0": 1,
        "1": 8,
        "2": 60,
        "3": 458,
        "4": 3496,
        "5": 7678,
        "6": 13027
    },
    "6350": {
        "0": 1,
        "1": 1,
        "2": 11,
        "3": 94,
        "4": 796,
        "5": 6751,
        "6": 25014
    },
    "6351": {
        "0": 1,
        "1": 12,
        "2": 94,
        "3": 705,
        "4": 5358,
        "5": 21581,
        "6": 56888
    },
    "6352": {
        "0": 1,
        "1": 1,
        "2": 9,
        "3": 74,
        "4": 632,
        "5": 5436,
        "6": 13930
    },
    "6353": {
        "0": 1,
        "1": 11,
        "2": 90,
        "3": 739,
        "4": 6032,
        "5": 18500,
        "6": 38255
    },
    "6354": {
        "0": 1,
        "1": 1,
        "2": 10,
        "3": 87,
        "4": 747,
        "5": 6346,
        "6": 23245
    },
    "6355": {
        "0": 1,
        "1": 1,
        "2": 1,
        "3": 12,
        "4": 94,
        "5": 701,
        "6": 5256
    },
    "6356": {
        "0": 1,
        "1": 1,
        "2": 1,
        "3": 1,
        "4": 1,
        "5": 12,
        "6": 94
    },
    "6357": {
        "0": 1,
        "1": 1,
        "2": 1,
        "3": 12,
        "4": 97,
        "5": 731,
        "6": 5491
    },
    "6358": {
        "0": 1,
        "1": 1,
        "2": 1,
        "3": 10,
        "4": 88,
        "5": 776,
        "6": 6838
    },
    "6359": {
        "0": 1,
        "1": 1,
        "2": 12,
        "3": 92,
        "4": 665,
        "5": 4829,
        "6": 18023
    },
    "6360": {
        "0": 1,
        "1": 9,
        "2": 81,
        "3": 707,
        "4": 6079,
        "5": 21756,
        "6": 51070
    },
    "6361": {
        "0": 1,
        "1": 8,
        "2": 69,
        "3": 588,
        "4": 4943,
        "5": 11159,
        "6": 19328
    },
    "6362": {
        "0": 1,
        "1": 10,
        "2": 70,
        "3": 479,
        "4": 3199,
        "5": 13100,
        "6": 37263
    },
    "6363": {
        "0": 1,
        "1": 1,
        "2": 1,
        "3": 9,
        "4": 76,
        "5": 655,
        "6": 5647
    },
    "6364": {
        "0": 1,
        "1": 1,
        "2": 9,
        "3": 74,
        "4": 608,
        "5": 4900,
        "6": 11167
    },
    "6365": {
        "0": 1,
        "1": 1,
        "2": 9,
        "3": 71,
        "4": 546,
        "5": 4190,
        "6": 12757
    },
    "6366": {
        "0": 1,
        "1": 1,
        "2": 1,
        "3": 8,
        "4": 52,
        "5": 330,
        "6": 2110
    },
    "6367": {
        "0": 1,
        "1": 1,
        "2": 1,
        "3": 1,
        "4": 11,
        "5": 95,
        "6": 815
    },
    "6368": {
        "0": 1,
        "1": 11,
        "2": 96,
        "3": 816,
        "4": 6931,
        "5": 26438,
        "6": 62967
    },
    "6369": {
        "0": 1,
        "1": 1,
        "2": 11,
        "3": 94,
        "4": 805,
        "5": 6926,
        "6": 26956
    },
    "6370": {
        "0": 1,
        "1": 1,
        "2": 1,
        "3": 10,
        "4": 69,
        "5": 480,
        "6": 3379
    },
    "6371": {
        "0": 1,
        "1": 1,
        "2": 1,
        "3": 8,
        "4": 67,
        "5": 561,
        "6": 4713
    },
    "6372": {
        "0": 1,
        "1": 11,
        "2": 83,
        "3": 593,
        "4": 4213,
        "5": 12505,
        "6": 28949
    },
    "6373": {
        "0": 1,
        "1": 1,
        "2": 1,
        "3": 14,
        "4": 115,
        "5": 836,
        "6": 6024
    },
    "6374": {
        "0": 1,
        "1": 9,
        "2": 70,
        "3": 535,
        "4": 4132,
        "5": 12848,
        "6": 28799
    },
    "6375": {
        "0": 1,
        "1": 1,
        "2": 11,
        "3": 86,
        "4": 641,
        "5": 4786,
        "6": 18409
    },
    "6376": {
        "0": 1,
        "1": 1,
        "2": 12,
        "3": 88,
        "4": 567,
        "5": 3643,
        "6": 14668
    },
    "6377": {
        "0": 1,
        "1": 1,
        "2": 10,
        "3": 77,
        "4": 589,
        "5": 4505,
        "6": 16741
    },
    "6378": {
        "0": 1,
        "1": 1,
        "2": 11,
        "3": 83,
        "4": 601,
        "5": 4362,
        "6": 14598
    },
    "6379": {
        "0": 1,
        "1": 10,
        "2": 87,
        "3": 740,
        "4": 6179,
        "5": 21085,
        "6": 46692
    },
    "6380": {
        "0": 1,
        "1": 1,
        "2": 10,
        "3": 76,
        "4": 580,
        "5": 4509,
        "6": 16313
    },
    "6381": {
        "0": 1,
        "1": 1,
        "2": 1,
        "3": 9,
        "4": 66,
        "5": 464,
        "6": 3217
    },
    "6382": {
        "0": 1,
        "1": 1,
        "2": 10,
        "3": 84,
        "4": 707,
        "5": 5845,
        "6": 19881
    },
    "6383": {
        "0": 1,
        "1": 1,
        "2": 10,
        "3": 78,
        "4": 600,
        "5": 4670,
        "6": 17446
    },
    "6384": {
        "0": 1,
        "1": 12,
        "2": 104,
        "3": 874,
        "4": 7308,
        "5": 28296,
        "6": 70633
    },
    "6385": {
        "0": 1,
        "1": 9,
        "2": 66,
        "3": 489,
        "4": 3588,
        "5": 8977,
        "6": 13540
    },
    "6386": {
        "0": 1,
        "1": 1,
        "2": 11,
        "3": 94,
        "4": 788,
        "5": 6557,
        "6": 24337
    },
    "6387": {
        "0": 1,
        "1": 10,
        "2": 87,
        "3": 761,
        "4": 6560,
        "5": 25730,
        "6": 66710
    },
    "6388": {
        "0": 1,
        "1": 11,
        "2": 95,
        "3": 814,
        "4": 6957,
        "5": 26748,
        "6": 62585
    },
    "6389": {
        "0": 1,
        "1": 11,
        "2": 91,
        "3": 743,
        "4": 5997,
        "5": 20301,
        "6": 40197
    },
    "6390": {
        "0": 1,
        "1": 11,
        "2": 85,
        "3": 625,
        "4": 4544,
        "5": 15607,
        "6": 39225
    },
    "6391": {
        "0": 1,
        "1": 11,
        "2": 68,
        "3": 422,
        "4": 2648,
        "5": 11574,
        "6": 35945
    },
    "6392": {
        "0": 1,
        "1": 1,
        "2": 10,
        "3": 67,
        "4": 439,
        "5": 2930,
        "6": 9349
    },
    "6393": {
        "0": 1,
        "1": 9,
        "2": 60,
        "3": 410,
        "4": 2837,
        "5": 9378,
        "6": 22883
    },
    "6394": {
        "0": 1,
        "1": 11,
        "2": 96,
        "3": 843,
        "4": 7379,
        "5": 31462,
        "6": 81019
    },
    "6395": {
        "0": 1,
        "1": 11,
        "2": 82,
        "3": 614,
        "4": 4663,
        "5": 16275,
        "6": 40416
    },
    "6396": {
        "0": 1,
        "1": 1,
        "2": 1,
        "3": 9,
        "4": 69,
        "5": 511,
        "6": 3672
    },
    "6397": {
        "0": 1,
        "1": 1,
        "2": 1,
        "3": 10,
        "4": 84,
        "5": 693,
        "6": 5613
    },
    "6398": {
        "0": 1,
        "1": 1,
        "2": 10,
        "3": 82,
        "4": 695,
        "5": 5817,
        "6": 18361
    },
    "6399": {
        "0": 1,
        "1": 1,
        "2": 9,
        "3": 72,
        "4": 553,
        "5": 4157,
        "6": 13510
    }
}