{
    "9000": {
        "0": 1,
        "1": 9,
        "2": 76,
        "3": 638,
        "4": 5356,
        "5": 14678,
        "6": 29257
    },
    "9001": {
        "0": 1,
        "1": 12,
        "2": 99,
        "3": 793,
        "4": 6302,
        "5": 20089,
        "6": 39330
    },
    "9002": {
        "0": 1,
        "1": 10,
        "2": 72,
        "3": 534,
        "4": 4006,
        "5": 11163,
        "6": 21967
    },
    "9003": {
        "0": 1,
        "1": 1,
        "2": 14,
        "3": 114,
        "4": 801,
        "5": 5475,
        "6": 27188
    },
    "9004": {
        "0": 1,
        "1": 1,
        "2": 1,
        "3": 9,
        "4": 76,
        "5": 641,
        "6": 5261
    },
    "9005": {
        "0": 1,
        "1": 1,
        "2": 1,
        "3": 1,
        "4": 10,
        "5": 70,
        "6": 474
    },
    "9006": {
        "0": 1,
        "1": 10,
        "2": 83,
        "3": 706,
        "4": 5969,
        "5": 19851,
        "6": 42819
    },
    "9007": {
        "0": 1,
        "1": 10,
        "2": 77,
        "3": 598,
        "4": 4658,
        "5": 17154,
        "6": 43158
    },
    "9008": {
        "0": 1,
        "1": 8,
        "2": 69,
        "3": 588,
        "4": 4978,
        "5": 11745,
        "6": 21132
    },
    "9009": {
        "0": 1,
        "1": 1,
        "2": 1,
        "3": 9,
        "4": 57,
        "5": 344,
        "6": 2117
    },
    "9010": {
        "0": 1,
        "1": 8,
        "2": 60,
        "3": 462,
        "4": 3584,
        "5": 8978,
        "6": 18458
    },
    "9011": {
        "0": 1,
        "1": 1,
        "2": 1,
        "3": 10,
        "4": 82,
        "5": 686,
        "6": 5772
    },
    "9012": {
        "0": 1,
        "1": 1,
        "2": 11,
        "3": 86,
        "4": 656,
        "5": 4865,
        "6": 20070
    },
    "9013": {
        "0": 1,
        "1": 1,
        "2": 10,
        "3": 84,
        "4": 708,
        "5": 5870,
        "6": 16999
    },
    "9014": {
        "0": 1,
        "1": 13,
        "2": 111,
        "3": 919,
        "4": 7457,
        "5": 31700,
        "6": 90528
    },
    "9015": {
        "0": 1,
        "1": 11,
        "2": 84,
        "3": 608,
        "4": 4292,
        "5": 14295,
        "6": 33964
    },
    "9016": {
        "0": 1,
        "1": 9,
        "2": 69,
        "3": 524,
        "4": 4023,
        "5": 11770,
        "6": 27744
    },
    "9017": {
        "0": 1,
        "1": 13,
        "2": 107,
        "3": 805,
        "4": 6033,
        "5": 26480,
        "6": 72117
    },
    "9018": {
        "0": 1,
        "1": 1,
        "2": 12,
        "3": 103,
        "4": 872,
        "5": 7339,
        "6": 29372
    },
    "9019": {
        "0": 1,
        "1": 1,
        "2": 10,
        "3": 83,
        "4": 712,
        "5": 6064,
        "6": 19009
    },
    "9020": {
        "0": 1,
        "1": 10,
        "2": 85,
        "3": 712,
        "4": 6018,
        "5": 18298,
        "6": 34181
    },
    "9021": {
        "0": 1,
        "1": 9,
        "2": 69,
        "3": 515,
        "4": 3877,
        "5": 12092,
        "6": 29280
    },
    "9022": {
        "0": 1,
        "1": 10,
        "2": 87,
        "3": 763,
        "4": 6622,
        "5": 26363,
        "6": 66704
    },
    "9023": {
        "0": 1,
        "1": 1,
        "2": 1,
        "3": 10,
        "4": 77,
        "5": 582,
        "6": 4436
    },
    "9024": {
        "0": 1,
        "1": 9,
        "2": 71,
        "3": 557,
        "4": 4306,
        "5": 15737,
        "6": 41925
    },
    "9025": {
        "0": 1,
        "1": 1,
        "2": 1,
        "3": 10,
        "4": 69,
        "5": 464,
        "6": 3158
    },
    "9026": {
        "0": 1,
        "1": 11,
        "2": 95,
        "3": 799,
        "4": 6479,
        "5": 23771,
        "6": 57093
    },
    "9027": {
        "0": 1,
        "1": 1,
        "2": 12,
        "3": 98,
        "4": 732,
        "5": 5392,
        "6": 22325
    },
    "9028": {
        "0": 1,
        "1": 1,
        "2": 1,
        "3": 11,
        "4": 97,
        "5": 809,
        "6": 6604
    },
    "9029": {
        "0": 1,
        "1": 1,
        "2": 10,
        "3": 76,
        "4": 560,
        "5": 4095,
        "6": 12471
    },
    "9030": {
        "0": 1,
        "1": 10,
        "2": 89,
        "3": 756,
        "4": 6226,
        "5": 22446,
        "6": 53459
    },
    "9031": {
        "0": 1,
        "1": 11,
        "2": 94,
        "3": 797,
        "4": 6700,
        "5": 23621,
        "6": 55553
    },
    "9032": {
        "0": 1,
        "1": 1,
        "2": 10,
        "3": 85,
        "4": 724,
        "5": 6240,
        "6": 21569
    },
    "9033": {
        "0": 1,
        "1": 10,
        "2": 77,
        "3": 614,
        "4": 4894,
        "5": 19738,
        "6": 53077
    },
    "9034": {
        "0": 1,
        "1": 8,
        "2": 69,
        "3": 591,
        "4": 5083,
        "5": 11001,
        "6": 21752
    },
    "9035": {
        "0": 1,
        "1": 1,
        "2": 1,
        "3": 12,
        "4": 93,
        "5": 685,
        "6": 5038
    },
    "9036": {
        "0": 1,
        "1": 1,
        "2": 1,
        "3": 11,
        "4": 99,
        "5": 852,
        "6": 7157
    },
    "9037": {
        "0": 1,
        "1": 11,
        "2": 98,
        "3": 861,
        "4": 7511,
        "5": 32664,
        "6": 93262
    },
    "9038": {
        "0": 1,
        "1": 10,
        "2": 69,
        "3": 463,
        "4": 3128,
        "5": 10921,
        "6": 31104
    },
    "9039": {
        "0": 1,
        "1": 1,
        "2": 1,
        "3": 1,
        "4": 12,
        "5": 102,
        "6": 841
    },
    "9040": {
        "0": 1,
        "1": 10,
        "2": 88,
        "3": 781,
        "4": 6908,
        "5": 27829,
        "6": 71519
    },
    "9041": {
        "0": 1,
        "1": 9,
        "2": 78,
        "3": 666,
        "4": 5624,
        "5": 17070,
        "6": 39412
    },
    "9042": {
        "0": 1,
        "1": 11,
        "2": 95,
        "3": 780,
        "4": 6266,
        "5": 22043,
        "6": 60889
    },
    "9043": {
        "0": 1,
        "1": 12,
        "2": 105,
        "3": 904,
        "4": 7706,
        "5": 32814,
        "6": 83687
    },
    "9044": {
        "0": 1,
        "1": 1,
        "2": 1,
        "3": 9,
        "4": 78,
        "5": 661,
        "6": 5575
    },
    "9045": {
        "0": 1,
        "1": 1,
        "2": 1,
        "3": 10,
        "4": 84,
        "5": 679,
        "6": 5443
    },
    "9046": {
        "0": 1,
        "1": 10,
        "2": 83,
        "3": 697,
        "4": 5807,
        "5": 18021,
        "6": 36321
    },
    "9047": {
        "0": 1,
        "1": 1,
        "2": 1,
        "3": 1,
        "4": 1,
        "5": 10,
        "6": 85
    },
    "9048": {
        "0": 1,
        "1": 12,
        "2": 98,
        "3": 742,
        "4": 5501,
        "5": 21427,
        "6": 61428
    },
    "9049": {
        "0": 1,
        "1": 9,
        "2": 74,
        "3": 593,
        "4": 4742,
        "5": 18816,
        "6": 56143
    },
    "9050": {
        "0": 1,
        "1": 13,
        "2": 99,
        "3": 685,
        "4": 4775,
        "5": 22889,
        "6": 77659
    },
    "9051": {
        "0": 1,
        "1": 1,
        "2": 12,
        "3": 110,
        "4": 939,
        "5": 7833,
        "6": 34929
    },
    "9052": {
        "0": 1,
        "1": 1,
        "2": 1,
        "3": 10,
        "4": 84,
        "5": 716,
        "6": 6116
    },
    "9053": {
        "0": 1,
        "1": 10,
        "2": 85,
        "3": 719,
        "4": 6102,
        "5": 19238,
        "6": 44118
    },
    "9054": {
        "0": 1,
        "1": 10,
        "2": 85,
        "3": 704,
        "4": 5646,
        "5": 16817,
        "6": 34112
    },
    "9055": {
        "0": 1,
        "1": 1,
        "2": 11,
        "3": 82,
        "4": 573,
        "5": 3934,
        "6": 11361
    },
    "9056": {
        "0": 1,
        "1": 1,
        "2": 11,
        "3": 87,
        "4": 657,
        "5": 4942,
        "6": 18057
    },
    "9057": {
        "0": 1,
        "1": 1,
        "2": 10,
        "3": 88,
        "4": 736,
        "5": 5991,
        "6": 19930
    },
    "9058": {
        "0": 1,
        "1": 10,
        "2": 88,
        "3": 749,
        "4": 6165,
        "5": 21898,
        "6": 54965
    },
    "9059": {
        "0": 1,
        "1": 9,
        "2": 76,
        "3": 636,
        "4": 5312,
        "5": 14185,
        "6": 28637
    },
    "9060": {
        "0": 1,
        "1": 8,
        "2": 70,
        "3": 604,
        "4": 5194,
        "5": 11935,
        "6": 19618
    },
    "9061": {
        "0": 1,
        "1": 9,
        "2": 71,
        "3": 536,
        "4": 3967,
        "5": 11676,
        "6": 25050
    },
    "9062": {
        "0": 1,
        "1": 10,
        "2": 86,
        "3": 734,
        "4": 6156,
        "5": 21085,
        "6": 45783
    },
    "9063": {
        "0": 1,
        "1": 1,
        "2": 10,
        "3": 79,
        "4": 614,
        "5": 4749,
        "6": 17458
    },
    "9064": {
        "0": 1,
        "1": 1,
        "2": 12,
        "3": 103,
        "4": 838,
        "5": 6633,
        "6": 24134
    },
    "9065": {
        "0": 1,
        "1": 1,
        "2": 12,
        "3": 101,
        "4": 797,
        "5": 6273,
        "6": 32057
    },
    "9066": {
        "0": 1,
        "1": 1,
        "2": 11,
        "3": 91,
        "4": 761,
        "5": 6301,
        "6": 21767
    },
    "9067": {
        "0": 1,
        "1": 1,
        "2": 1,
        "3": 9,
        "4": 78,
        "5": 669,
        "6": 5769
    },
    "9068": {
        "0": 1,
        "1": 9,
        "2": 70,
        "3": 537,
        "4": 4224,
        "5": 14354,
        "6": 38960
    },
    "9069": {
        "0": 1,
        "1": 1,
        "2": 11,
        "3": 86,
        "4": 622,
        "5": 4420,
        "6": 13892
    },
    "9070": {
        "0": 1,
        "1": 11,
        "2": 92,
        "3": 770,
        "4": 6422,
        "5": 20962,
        "6": 43364
    },
    "9071": {
        "0": 1,
        "1": 11,
        "2": 89,
        "3": 711,
        "4": 5583,
        "5": 15527,
        "6": 26762
    },
    "9072": {
        "0": 1,
        "1": 11,
        "2": 88,
        "3": 672,
        "4": 5101,
        "5": 19402,
        "6": 53560
    },
    "9073": {
        "0": 1,
        "1": 1,
        "2": 1,
        "3": 12,
        "4": 94,
        "5": 703,
        "6": 5236
    },
    "9074": {
        "0": 1,
        "1": 1,
        "2": 1,
        "3": 1,
        "4": 1,
        "5": 1,
        "6": 10
    },
    "9075": {
        "0": 1,
        "1": 1,
        "2": 12,
        "3": 91,
        "4": 629,
        "5": 4265,
        "6": 19903
    },
    "9076": {
        "0": 1,
        "1": 8,
        "2": 63,
        "3": 487,
        "4": 3739,
        "5": 9361,
        "6": 19010
    },
    "9077": {
        "0": 1,
        "1": 10,
        "2": 77,
        "3": 576,
        "4": 4312,
        "5": 15028,
        "6": 32996
    },
    "9078": {
        "0": 1,
        "1": 12,
        "2": 102,
        "3": 840,
        "4": 6824,
        "5": 26996,
        "6": 70733
    },
    "9079": {
        "0": 1,
        "1": 12,
        "2": 93,
        "3": 691,
        "4": 5207,
        "5": 20461,
        "6": 53166
    },
    "9080": {
        "0": 1,
        "1": 9,
        "2": 79,
        "3": 672,
        "4": 5677,
        "5": 17365,
        "6": 38815
    },
    "9081": {
        "0": 1,
        "1": 1,
        "2": 12,
        "3": 107,
        "4": 920,
        "5": 7836,
        "6": 33806
    },
    "9082": {
        "0": 1,
        "1": 9,
        "2": 66,
        "3": 508,
        "4": 3946,
        "5": 11623,
        "6": 23125
    },
    "9083": {
        "0": 1,
        "1": 1,
        "2": 1,
        "3": 10,
        "4": 72,
        "5": 499,
        "6": 3402
    },
    "9084": {
        "0": 1,
        "1": 10,
        "2": 76,
        "3": 584,
        "4": 4501,
        "5": 15600,
        "6": 41025
    },
    "9085": {
        "0": 1,
        "1": 10,
        "2": 73,
        "3": 546,
        "4": 4095,
        "5": 13502,
        "6": 30992
    },
    "9086": {
        "0": 1,
        "1": 10,
        "2": 76,
        "3": 548,
        "4": 3999,
        "5": 12160,
        "6": 26527
    },
    "9087": {
        "0": 1,
        "1": 10,
        "2": 78,
        "3": 587,
        "4": 4387,
        "5": 15236,
        "6": 37319
    },
    "9088": {
        "0": 1,
        "1": 12,
        "2": 83,
        "3": 522,
        "4": 3339,
        "5": 12480,
        "6": 34381
    },
    "9089": {
        "0": 1,
        "1": 1,
        "2": 13,
        "3": 103,
        "4": 716,
        "5": 4875,
        "6": 22943
    },
    "9090": {
        "0": 1,
        "1": 12,
        "2": 107,
        "3": 916,
        "4": 7781,
        "5": 33586,
        "6": 93701
    },
    "9091": {
        "0": 1,
        "1": 11,
        "2": 86,
        "3": 661,
        "4": 5102,
        "5": 20466,
        "6": 56144
    },
    "9092": {
        "0": 1,
        "1": 1,
        "2": 12,
        "3": 103,
        "4": 848,
        "5": 6838,
        "6": 26741
    },
    "9093": {
        "0": 1,
        "1": 1,
        "2": 11,
        "3": 94,
        "4": 787,
        "5": 6522,
        "6": 23839
    },
    "9094": {
        "0": 1,
        "1": 12,
        "2": 97,
        "3": 726,
        "4": 5427,
        "5": 21444,
        "6": 58581
    },
    "9095": {
        "0": 1,
        "1": 12,
        "2": 106,
        "3": 913,
        "4": 7764,
        "5": 33010,
        "6": 88911
    },
    "9096": {
        "0": 1,
        "1": 1,
        "2": 1,
        "3": 10,
        "4": 87,
        "5": 735,
        "6": 6099
    },
    "9097": {
        "0": 1,
        "1": 1,
        "2": 12,
        "3": 89,
        "4": 596,
        "5": 3981,
        "6": 16607
    },
    "9098": {
        "0": 1,
        "1": 1,
        "2": 10,
        "3": 77,
        "4": 589,
        "5": 4502,
        "6": 15056
    },
    "9099": {
        "0": 1,
        "1": 1,
        "2": 12,
        "3": 97,
        "4": 746,
        "5": 5669,
        "6": 23700
    }
}