{
    "24500": {
        "0": 1,
        "1": 11,
        "2": 98,
        "3": 841,
        "4": 7063,
        "5": 28527,
        "6": 76747
    },
    "24501": {
        "0": 1,
        "1": 1,
        "2": 10,
        "3": 77,
        "4": 584,
        "5": 4492,
        "6": 15770
    },
    "24502": {
        "0": 1,
        "1": 12,
        "2": 94,
        "3": 709,
        "4": 5390,
        "5": 22018,
        "6": 62267
    },
    "24503": {
        "0": 1,
        "1": 10,
        "2": 85,
        "3": 717,
        "4": 5991,
        "5": 19442,
        "6": 42062
    },
    "24504": {
        "0": 1,
        "1": 13,
        "2": 103,
        "3": 761,
        "4": 5627,
        "5": 22776,
        "6": 62565
    },
    "24505": {
        "0": 1,
        "1": 1,
        "2": 1,
        "3": 10,
        "4": 87,
        "5": 766,
        "6": 6721
    },
    "24506": {
        "0": 1,
        "1": 1,
        "2": 10,
        "3": 84,
        "4": 710,
        "5": 6017,
        "6": 18596
    },
    "24507": {
        "0": 1,
        "1": 1,
        "2": 1,
        "3": 11,
        "4": 84,
        "5": 613,
        "6": 4489
    },
    "24508": {
        "0": 1,
        "1": 1,
        "2": 10,
        "3": 78,
        "4": 579,
        "5": 4230,
        "6": 13412
    },
    "24509": {
        "0": 1,
        "1": 1,
        "2": 9,
        "3": 78,
        "4": 676,
        "5": 5812,
        "6": 19170
    },
    "24510": {
        "0": 1,
        "1": 10,
        "2": 67,
        "3": 460,
        "4": 3192,
        "5": 11877,
        "6": 30815
    },
    "24511": {
        "0": 1,
        "1": 11,
        "2": 92,
        "3": 761,
        "4": 6287,
        "5": 21529,
        "6": 54850
    },
    "24512": {
        "0": 1,
        "1": 1,
        "2": 9,
        "3": 74,
        "4": 612,
        "5": 4969,
        "6": 12043
    },
    "24513": {
        "0": 1,
        "1": 12,
        "2": 96,
        "3": 725,
        "4": 5361,
        "5": 22017,
        "6": 63966
    },
    "24514": {
        "0": 1,
        "1": 1,
        "2": 1,
        "3": 8,
        "4": 66,
        "5": 543,
        "6": 4478
    },
    "24515": {
        "0": 1,
        "1": 13,
        "2": 105,
        "3": 795,
        "4": 5995,
        "5": 26046,
        "6": 74333
    },
    "24516": {
        "0": 1,
        "1": 11,
        "2": 92,
        "3": 761,
        "4": 6370,
        "5": 21088,
        "6": 45606
    },
    "24517": {
        "0": 1,
        "1": 1,
        "2": 11,
        "3": 83,
        "4": 626,
        "5": 4741,
        "6": 16922
    },
    "24518": {
        "0": 1,
        "1": 1,
        "2": 1,
        "3": 9,
        "4": 60,
        "5": 404,
        "6": 2736
    },
    "24519": {
        "0": 1,
        "1": 1,
        "2": 12,
        "3": 104,
        "4": 891,
        "5": 7636,
        "6": 32354
    },
    "24520": {
        "0": 1,
        "1": 1,
        "2": 11,
        "3": 95,
        "4": 824,
        "5": 7117,
        "6": 28768
    },
    "24521": {
        "0": 1,
        "1": 11,
        "2": 91,
        "3": 764,
        "4": 6331,
        "5": 21855,
        "6": 45482
    },
    "24522": {
        "0": 1,
        "1": 12,
        "2": 95,
        "3": 710,
        "4": 5172,
        "5": 19915,
        "6": 54018
    },
    "24523": {
        "0": 1,
        "1": 1,
        "2": 1,
        "3": 1,
        "4": 11,
        "5": 85,
        "6": 636
    },
    "24524": {
        "0": 1,
        "1": 1,
        "2": 11,
        "3": 88,
        "4": 688,
        "5": 5376,
        "6": 22616
    },
    "24525": {
        "0": 1,
        "1": 1,
        "2": 1,
        "3": 10,
        "4": 78,
        "5": 607,
        "6": 4697
    },
    "24526": {
        "0": 1,
        "1": 1,
        "2": 10,
        "3": 75,
        "4": 567,
        "5": 4311,
        "6": 13766
    },
    "24527": {
        "0": 1,
        "1": 9,
        "2": 71,
        "3": 550,
        "4": 4223,
        "5": 13116,
        "6": 30330
    },
    "24528": {
        "0": 1,
        "1": 14,
        "2": 123,
        "3": 928,
        "4": 6819,
        "5": 32541,
        "6": 113829
    },
    "24529": {
        "0": 1,
        "1": 11,
        "2": 85,
        "3": 640,
        "4": 4756,
        "5": 17743,
        "6": 45066
    },
    "24530": {
        "0": 1,
        "1": 1,
        "2": 1,
        "3": 1,
        "4": 11,
        "5": 91,
        "6": 761
    },
    "24531": {
        "0": 1,
        "1": 1,
        "2": 11,
        "3": 73,
        "4": 454,
        "5": 2846,
        "6": 7734
    },
    "24532": {
        "0": 1,
        "1": 10,
        "2": 77,
        "3": 566,
        "4": 4115,
        "5": 12524,
        "6": 30123
    },
    "24533": {
        "0": 1,
        "1": 10,
        "2": 80,
        "3": 622,
        "4": 4827,
        "5": 18262,
        "6": 45825
    },
    "24534": {
        "0": 1,
        "1": 1,
        "2": 9,
        "3": 75,
        "4": 644,
        "5": 5501,
        "6": 14097
    },
    "24535": {
        "0": 1,
        "1": 11,
        "2": 91,
        "3": 751,
        "4": 6188,
        "5": 20776,
        "6": 42451
    },
    "24536": {
        "0": 1,
        "1": 1,
        "2": 9,
        "3": 67,
        "4": 505,
        "5": 3859,
        "6": 10708
    },
    "24537": {
        "0": 1,
        "1": 10,
        "2": 71,
        "3": 493,
        "4": 3349,
        "5": 13443,
        "6": 37213
    },
    "24538": {
        "0": 1,
        "1": 10,
        "2": 77,
        "3": 589,
        "4": 4507,
        "5": 15544,
        "6": 41576
    },
    "24539": {
        "0": 1,
        "1": 9,
        "2": 63,
        "3": 444,
        "4": 3081,
        "5": 10911,
        "6": 28443
    },
    "24540": {
        "0": 1,
        "1": 11,
        "2": 94,
        "3": 811,
        "4": 6936,
        "5": 26349,
        "6": 65694
    },
    "24541": {
        "0": 1,
        "1": 8,
        "2": 63,
        "3": 482,
        "4": 3655,
        "5": 10225,
        "6": 20165
    },
    "24542": {
        "0": 1,
        "1": 1,
        "2": 9,
        "3": 79,
        "4": 672,
        "5": 5557,
        "6": 17374
    },
    "24543": {
        "0": 1,
        "1": 1,
        "2": 1,
        "3": 13,
        "4": 106,
        "5": 790,
        "6": 5835
    },
    "24544": {
        "0": 1,
        "1": 11,
        "2": 87,
        "3": 652,
        "4": 4822,
        "5": 18453,
        "6": 50613
    },
    "24545": {
        "0": 1,
        "1": 1,
        "2": 10,
        "3": 82,
        "4": 649,
        "5": 5095,
        "6": 20545
    },
    "24546": {
        "0": 1,
        "1": 1,
        "2": 1,
        "3": 1,
        "4": 12,
        "5": 104,
        "6": 869
    },
    "24547": {
        "0": 1,
        "1": 10,
        "2": 80,
        "3": 603,
        "4": 4505,
        "5": 16430,
        "6": 43913
    },
    "24548": {
        "0": 1,
        "1": 12,
        "2": 96,
        "3": 778,
        "4": 6198,
        "5": 21050,
        "6": 40922
    },
    "24549": {
        "0": 1,
        "1": 9,
        "2": 74,
        "3": 629,
        "4": 5385,
        "5": 13483,
        "6": 22883
    },
    "24550": {
        "0": 1,
        "1": 1,
        "2": 1,
        "3": 9,
        "4": 67,
        "5": 501,
        "6": 3708
    },
    "24551": {
        "0": 1,
        "1": 1,
        "2": 1,
        "3": 10,
        "4": 79,
        "5": 596,
        "6": 4441
    },
    "24552": {
        "0": 1,
        "1": 10,
        "2": 78,
        "3": 609,
        "4": 4740,
        "5": 17754,
        "6": 45898
    },
    "24553": {
        "0": 1,
        "1": 1,
        "2": 1,
        "3": 10,
        "4": 76,
        "5": 576,
        "6": 4337
    },
    "24554": {
        "0": 1,
        "1": 1,
        "2": 9,
        "3": 80,
        "4": 691,
        "5": 5803,
        "6": 19912
    },
    "24555": {
        "0": 1,
        "1": 1,
        "2": 13,
        "3": 102,
        "4": 740,
        "5": 5357,
        "6": 21681
    },
    "24556": {
        "0": 1,
        "1": 1,
        "2": 1,
        "3": 1,
        "4": 10,
        "5": 67,
        "6": 457
    },
    "24557": {
        "0": 1,
        "1": 13,
        "2": 115,
        "3": 945,
        "4": 7704,
        "5": 33183,
        "6": 96440
    },
    "24558": {
        "0": 1,
        "1": 1,
        "2": 10,
        "3": 82,
        "4": 665,
        "5": 5356,
        "6": 13092
    },
    "24559": {
        "0": 1,
        "1": 1,
        "2": 10,
        "3": 88,
        "4": 738,
        "5": 6052,
        "6": 21184
    },
    "24560": {
        "0": 1,
        "1": 1,
        "2": 8,
        "3": 60,
        "4": 442,
        "5": 3177,
        "6": 6862
    },
    "24561": {
        "0": 1,
        "1": 10,
        "2": 84,
        "3": 704,
        "4": 5786,
        "5": 16895,
        "6": 25804
    },
    "24562": {
        "0": 1,
        "1": 1,
        "2": 9,
        "3": 70,
        "4": 544,
        "5": 4137,
        "6": 13959
    },
    "24563": {
        "0": 1,
        "1": 11,
        "2": 81,
        "3": 583,
        "4": 4226,
        "5": 13380,
        "6": 29097
    },
    "24564": {
        "0": 1,
        "1": 13,
        "2": 101,
        "3": 722,
        "4": 5140,
        "5": 17822,
        "6": 42831
    },
    "24565": {
        "0": 1,
        "1": 1,
        "2": 9,
        "3": 71,
        "4": 552,
        "5": 4296,
        "6": 14393
    },
    "24566": {
        "0": 1,
        "1": 11,
        "2": 91,
        "3": 767,
        "4": 6430,
        "5": 23316,
        "6": 54647
    },
    "24567": {
        "0": 1,
        "1": 1,
        "2": 11,
        "3": 87,
        "4": 650,
        "5": 4716,
        "6": 18263
    },
    "24568": {
        "0": 1,
        "1": 10,
        "2": 83,
        "3": 679,
        "4": 5472,
        "5": 16003,
        "6": 29850
    },
    "24569": {
        "0": 1,
        "1": 1,
        "2": 10,
        "3": 75,
        "4": 575,
        "5": 4429,
        "6": 15097
    },
    "24570": {
        "0": 1,
        "1": 1,
        "2": 11,
        "3": 94,
        "4": 790,
        "5": 6523,
        "6": 23659
    },
    "24571": {
        "0": 1,
        "1": 1,
        "2": 1,
        "3": 11,
        "4": 94,
        "5": 756,
        "6": 5939
    },
    "24572": {
        "0": 1,
        "1": 1,
        "2": 10,
        "3": 83,
        "4": 713,
        "5": 6132,
        "6": 20101
    },
    "24573": {
        "0": 1,
        "1": 1,
        "2": 10,
        "3": 85,
        "4": 703,
        "5": 5759,
        "6": 16926
    },
    "24574": {
        "0": 1,
        "1": 1,
        "2": 1,
        "3": 11,
        "4": 83,
        "5": 611,
        "6": 4487
    },
    "24575": {
        "0": 1,
        "1": 10,
        "2": 80,
        "3": 627,
        "4": 4867,
        "5": 18361,
        "6": 51908
    },
    "24576": {
        "0": 1,
        "1": 14,
        "2": 116,
        "3": 875,
        "4": 6629,
        "5": 31574,
        "6": 100405
    },
    "24577": {
        "0": 1,
        "1": 1,
        "2": 1,
        "3": 13,
        "4": 118,
        "5": 1020,
        "6": 8611
    },
    "24578": {
        "0": 1,
        "1": 1,
        "2": 12,
        "3": 88,
        "4": 605,
        "5": 4171,
        "6": 18726
    },
    "24579": {
        "0": 1,
        "1": 12,
        "2": 101,
        "3": 801,
        "4": 6235,
        "5": 29181,
        "6": 90592
    },
    "24580": {
        "0": 1,
        "1": 1,
        "2": 1,
        "3": 12,
        "4": 107,
        "5": 906,
        "6": 7532
    },
    "24581": {
        "0": 1,
        "1": 10,
        "2": 88,
        "3": 750,
        "4": 6279,
        "5": 21944,
        "6": 51015
    },
    "24582": {
        "0": 1,
        "1": 10,
        "2": 80,
        "3": 652,
        "4": 5340,
        "5": 13795,
        "6": 29318
    },
    "24583": {
        "0": 1,
        "1": 1,
        "2": 1,
        "3": 11,
        "4": 94,
        "5": 803,
        "6": 6800
    },
    "24584": {
        "0": 1,
        "1": 10,
        "2": 85,
        "3": 724,
        "4": 6108,
        "5": 20983,
        "6": 50005
    },
    "24585": {
        "0": 1,
        "1": 1,
        "2": 9,
        "3": 68,
        "4": 519,
        "5": 3974,
        "6": 12959
    },
    "24586": {
        "0": 1,
        "1": 10,
        "2": 83,
        "3": 701,
        "4": 5876,
        "5": 18600,
        "6": 32419
    },
    "24587": {
        "0": 1,
        "1": 1,
        "2": 11,
        "3": 95,
        "4": 801,
        "5": 6708,
        "6": 25684
    },
    "24588": {
        "0": 1,
        "1": 11,
        "2": 92,
        "3": 770,
        "4": 6390,
        "5": 22537,
        "6": 51226
    },
    "24589": {
        "0": 1,
        "1": 12,
        "2": 95,
        "3": 724,
        "4": 5526,
        "5": 23438,
        "6": 67612
    },
    "24590": {
        "0": 1,
        "1": 1,
        "2": 9,
        "3": 75,
        "4": 639,
        "5": 5480,
        "6": 14572
    },
    "24591": {
        "0": 1,
        "1": 10,
        "2": 73,
        "3": 547,
        "4": 4132,
        "5": 13926,
        "6": 30656
    },
    "24592": {
        "0": 1,
        "1": 9,
        "2": 68,
        "3": 509,
        "4": 3857,
        "5": 10178,
        "6": 23083
    },
    "24593": {
        "0": 1,
        "1": 1,
        "2": 11,
        "3": 83,
        "4": 617,
        "5": 4602,
        "6": 15229
    },
    "24594": {
        "0": 1,
        "1": 1,
        "2": 1,
        "3": 1,
        "4": 1,
        "5": 12,
        "6": 94
    },
    "24595": {
        "0": 1,
        "1": 1,
        "2": 8,
        "3": 60,
        "4": 445,
        "5": 3251,
        "6": 6044
    },
    "24596": {
        "0": 1,
        "1": 10,
        "2": 83,
        "3": 708,
        "4": 6060,
        "5": 18545,
        "6": 38873
    },
    "24597": {
        "0": 1,
        "1": 1,
        "2": 11,
        "3": 94,
        "4": 790,
        "5": 6612,
        "6": 25089
    },
    "24598": {
        "0": 1,
        "1": 9,
        "2": 68,
        "3": 513,
        "4": 3735,
        "5": 11068,
        "6": 23890
    },
    "24599": {
        "0": 1,
        "1": 9,
        "2": 75,
        "3": 627,
        "4": 5198,
        "5": 12691,
        "6": 24011
    }
}