{
    "26100": {
        "0": 1,
        "1": 10,
        "2": 75,
        "3": 562,
        "4": 4261,
        "5": 13565,
        "6": 30642
    },
    "26101": {
        "0": 1,
        "1": 1,
        "2": 8,
        "3": 60,
        "4": 429,
        "5": 2978,
        "6": 4892
    },
    "26102": {
        "0": 1,
        "1": 1,
        "2": 1,
        "3": 10,
        "4": 71,
        "5": 475,
        "6": 3151
    },
    "26103": {
        "0": 1,
        "1": 10,
        "2": 81,
        "3": 663,
        "4": 5352,
        "5": 14768,
        "6": 31643
    },
    "26104": {
        "0": 1,
        "1": 11,
        "2": 85,
        "3": 632,
        "4": 4564,
        "5": 16994,
        "6": 42909
    },
    "26105": {
        "0": 1,
        "1": 9,
        "2": 71,
        "3": 547,
        "4": 4180,
        "5": 12705,
        "6": 28740
    },
    "26106": {
        "0": 1,
        "1": 10,
        "2": 75,
        "3": 526,
        "4": 3658,
        "5": 8092,
        "6": 16676
    },
    "26107": {
        "0": 1,
        "1": 9,
        "2": 60,
        "3": 391,
        "4": 2577,
        "5": 7837,
        "6": 19568
    },
    "26108": {
        "0": 1,
        "1": 11,
        "2": 98,
        "3": 824,
        "4": 6655,
        "5": 26961,
        "6": 77158
    },
    "26109": {
        "0": 1,
        "1": 11,
        "2": 88,
        "3": 682,
        "4": 5265,
        "5": 21233,
        "6": 58000
    },
    "26110": {
        "0": 1,
        "1": 1,
        "2": 1,
        "3": 12,
        "4": 93,
        "5": 630,
        "6": 4108
    },
    "26111": {
        "0": 1,
        "1": 1,
        "2": 10,
        "3": 80,
        "4": 666,
        "5": 5524,
        "6": 15733
    },
    "26112": {
        "0": 1,
        "1": 1,
        "2": 1,
        "3": 1,
        "4": 14,
        "5": 114,
        "6": 857
    },
    "26113": {
        "0": 1,
        "1": 1,
        "2": 1,
        "3": 11,
        "4": 82,
        "5": 566,
        "6": 3888
    },
    "26114": {
        "0": 1,
        "1": 1,
        "2": 9,
        "3": 77,
        "4": 660,
        "5": 5636,
        "6": 17927
    },
    "26115": {
        "0": 1,
        "1": 11,
        "2": 80,
        "3": 554,
        "4": 3815,
        "5": 9220,
        "6": 16084
    },
    "26116": {
        "0": 1,
        "1": 1,
        "2": 9,
        "3": 78,
        "4": 665,
        "5": 5548,
        "6": 15402
    },
    "26117": {
        "0": 1,
        "1": 1,
        "2": 12,
        "3": 90,
        "4": 637,
        "5": 4436,
        "6": 20390
    },
    "26118": {
        "0": 1,
        "1": 1,
        "2": 9,
        "3": 76,
        "4": 640,
        "5": 5302,
        "6": 13428
    },
    "26119": {
        "0": 1,
        "1": 12,
        "2": 104,
        "3": 903,
        "4": 7632,
        "5": 35371,
        "6": 100885
    },
    "26120": {
        "0": 1,
        "1": 1,
        "2": 10,
        "3": 74,
        "4": 554,
        "5": 4201,
        "6": 12875
    },
    "26121": {
        "0": 1,
        "1": 10,
        "2": 73,
        "3": 522,
        "4": 3676,
        "5": 11133,
        "6": 27800
    },
    "26122": {
        "0": 1,
        "1": 1,
        "2": 1,
        "3": 1,
        "4": 11,
        "5": 88,
        "6": 684
    },
    "26123": {
        "0": 1,
        "1": 1,
        "2": 10,
        "3": 79,
        "4": 625,
        "5": 4966,
        "6": 20349
    },
    "26124": {
        "0": 1,
        "1": 11,
        "2": 94,
        "3": 797,
        "4": 6758,
        "5": 24954,
        "6": 63646
    },
    "26125": {
        "0": 1,
        "1": 12,
        "2": 85,
        "3": 551,
        "4": 3629,
        "5": 13906,
        "6": 40470
    },
    "26126": {
        "0": 1,
        "1": 11,
        "2": 92,
        "3": 769,
        "4": 6294,
        "5": 22981,
        "6": 56423
    },
    "26127": {
        "0": 1,
        "1": 12,
        "2": 94,
        "3": 719,
        "4": 5518,
        "5": 23538,
        "6": 68921
    },
    "26128": {
        "0": 1,
        "1": 1,
        "2": 1,
        "3": 1,
        "4": 11,
        "5": 88,
        "6": 667
    },
    "26129": {
        "0": 1,
        "1": 1,
        "2": 11,
        "3": 68,
        "4": 417,
        "5": 2617,
        "6": 11360
    },
    "26130": {
        "0": 1,
        "1": 1,
        "2": 1,
        "3": 11,
        "4": 96,
        "5": 855,
        "6": 7496
    },
    "26131": {
        "0": 1,
        "1": 1,
        "2": 1,
        "3": 1,
        "4": 9,
        "5": 60,
        "6": 407
    },
    "26132": {
        "0": 1,
        "1": 9,
        "2": 67,
        "3": 503,
        "4": 3783,
        "5": 9332,
        "6": 17612
    },
    "26133": {
        "0": 1,
        "1": 10,
        "2": 83,
        "3": 698,
        "4": 5926,
        "5": 17907,
        "6": 37896
    },
    "26134": {
        "0": 1,
        "1": 1,
        "2": 11,
        "3": 95,
        "4": 807,
        "5": 6804,
        "6": 27081
    },
    "26135": {
        "0": 1,
        "1": 10,
        "2": 82,
        "3": 661,
        "4": 5292,
        "5": 14548,
        "6": 31622
    },
    "26136": {
        "0": 1,
        "1": 1,
        "2": 1,
        "3": 1,
        "4": 14,
        "5": 116,
        "6": 847
    },
    "26137": {
        "0": 1,
        "1": 11,
        "2": 93,
        "3": 754,
        "4": 5999,
        "5": 19772,
        "6": 42422
    },
    "26138": {
        "0": 1,
        "1": 9,
        "2": 69,
        "3": 530,
        "4": 4101,
        "5": 12823,
        "6": 27669
    },
    "26139": {
        "0": 1,
        "1": 11,
        "2": 92,
        "3": 780,
        "4": 6617,
        "5": 25302,
        "6": 68529
    },
    "26140": {
        "0": 1,
        "1": 11,
        "2": 87,
        "3": 638,
        "4": 4654,
        "5": 16764,
        "6": 44006
    },
    "26141": {
        "0": 1,
        "1": 11,
        "2": 87,
        "3": 638,
        "4": 4586,
        "5": 15582,
        "6": 38369
    },
    "26142": {
        "0": 1,
        "1": 9,
        "2": 68,
        "3": 518,
        "4": 3965,
        "5": 11121,
        "6": 22674
    },
    "26143": {
        "0": 1,
        "1": 9,
        "2": 66,
        "3": 473,
        "4": 3338,
        "5": 8005,
        "6": 14877
    },
    "26144": {
        "0": 1,
        "1": 1,
        "2": 1,
        "3": 1,
        "4": 1,
        "5": 11,
        "6": 84
    },
    "26145": {
        "0": 1,
        "1": 1,
        "2": 9,
        "3": 77,
        "4": 644,
        "5": 5271,
        "6": 14795
    },
    "26146": {
        "0": 1,
        "1": 1,
        "2": 1,
        "3": 13,
        "4": 104,
        "5": 774,
        "6": 5734
    },
    "26147": {
        "0": 1,
        "1": 10,
        "2": 64,
        "3": 413,
        "4": 2652,
        "5": 11922,
        "6": 39502
    },
    "26148": {
        "0": 1,
        "1": 9,
        "2": 81,
        "3": 706,
        "4": 6056,
        "5": 21311,
        "6": 51204
    },
    "26149": {
        "0": 1,
        "1": 11,
        "2": 91,
        "3": 749,
        "4": 6162,
        "5": 20483,
        "6": 45458
    },
    "26150": {
        "0": 1,
        "1": 10,
        "2": 74,
        "3": 538,
        "4": 3924,
        "5": 9725,
        "6": 17338
    },
    "26151": {
        "0": 1,
        "1": 10,
        "2": 66,
        "3": 441,
        "4": 2979,
        "5": 10136,
        "6": 25126
    },
    "26152": {
        "0": 1,
        "1": 9,
        "2": 78,
        "3": 688,
        "4": 6009,
        "5": 19919,
        "6": 43786
    },
    "26153": {
        "0": 1,
        "1": 1,
        "2": 9,
        "3": 67,
        "4": 498,
        "5": 3715,
        "6": 10436
    },
    "26154": {
        "0": 1,
        "1": 1,
        "2": 1,
        "3": 9,
        "4": 56,
        "5": 338,
        "6": 2047
    },
    "26155": {
        "0": 1,
        "1": 1,
        "2": 10,
        "3": 71,
        "4": 485,
        "5": 3366,
        "6": 13281
    },
    "26156": {
        "0": 1,
        "1": 1,
        "2": 11,
        "3": 93,
        "4": 781,
        "5": 6536,
        "6": 24489
    },
    "26157": {
        "0": 1,
        "1": 1,
        "2": 8,
        "3": 65,
        "4": 530,
        "5": 4319,
        "6": 16075
    },
    "26158": {
        "0": 1,
        "1": 1,
        "2": 11,
        "3": 90,
        "4": 719,
        "5": 5698,
        "6": 25440
    },
    "26159": {
        "0": 1,
        "1": 12,
        "2": 105,
        "3": 879,
        "4": 7250,
        "5": 29321,
        "6": 72569
    },
    "26160": {
        "0": 1,
        "1": 10,
        "2": 87,
        "3": 726,
        "4": 5878,
        "5": 19073,
        "6": 40607
    },
    "26161": {
        "0": 1,
        "1": 1,
        "2": 1,
        "3": 11,
        "4": 77,
        "5": 495,
        "6": 3126
    },
    "26162": {
        "0": 1,
        "1": 9,
        "2": 64,
        "3": 451,
        "4": 3158,
        "5": 11794,
        "6": 32368
    },
    "26163": {
        "0": 1,
        "1": 1,
        "2": 1,
        "3": 8,
        "4": 62,
        "5": 468,
        "6": 3483
    },
    "26164": {
        "0": 1,
        "1": 1,
        "2": 1,
        "3": 11,
        "4": 95,
        "5": 787,
        "6": 6384
    },
    "26165": {
        "0": 1,
        "1": 11,
        "2": 75,
        "3": 491,
        "4": 3253,
        "5": 11282,
        "6": 31749
    },
    "26166": {
        "0": 1,
        "1": 8,
        "2": 60,
        "3": 436,
        "4": 3102,
        "5": 6417,
        "6": 10770
    },
    "26167": {
        "0": 1,
        "1": 8,
        "2": 62,
        "3": 477,
        "4": 3617,
        "5": 9857,
        "6": 18412
    },
    "26168": {
        "0": 1,
        "1": 10,
        "2": 85,
        "3": 730,
        "4": 6204,
        "5": 22149,
        "6": 56194
    },
    "26169": {
        "0": 1,
        "1": 11,
        "2": 91,
        "3": 742,
        "4": 6017,
        "5": 18733,
        "6": 39033
    },
    "26170": {
        "0": 1,
        "1": 12,
        "2": 97,
        "3": 760,
        "4": 5920,
        "5": 26857,
        "6": 73073
    },
    "26171": {
        "0": 1,
        "1": 10,
        "2": 79,
        "3": 606,
        "4": 4489,
        "5": 17053,
        "6": 41937
    },
    "26172": {
        "0": 1,
        "1": 8,
        "2": 68,
        "3": 582,
        "4": 4970,
        "5": 9734,
        "6": 16752
    },
    "26173": {
        "0": 1,
        "1": 1,
        "2": 11,
        "3": 92,
        "4": 776,
        "5": 6549,
        "6": 22624
    },
    "26174": {
        "0": 1,
        "1": 1,
        "2": 13,
        "3": 109,
        "4": 844,
        "5": 6456,
        "6": 31850
    },
    "26175": {
        "0": 1,
        "1": 8,
        "2": 64,
        "3": 489,
        "4": 3658,
        "5": 11504,
        "6": 27863
    },
    "26176": {
        "0": 1,
        "1": 11,
        "2": 90,
        "3": 721,
        "4": 5669,
        "5": 25003,
        "6": 68444
    },
    "26177": {
        "0": 1,
        "1": 9,
        "2": 51,
        "3": 294,
        "4": 1717,
        "5": 5997,
        "6": 13012
    },
    "26178": {
        "0": 1,
        "1": 1,
        "2": 10,
        "3": 86,
        "4": 772,
        "5": 6877,
        "6": 28181
    },
    "26179": {
        "0": 1,
        "1": 1,
        "2": 9,
        "3": 76,
        "4": 602,
        "5": 4675,
        "6": 18408
    },
    "26180": {
        "0": 1,
        "1": 11,
        "2": 76,
        "3": 510,
        "4": 3453,
        "5": 13239,
        "6": 32135
    },
    "26181": {
        "0": 1,
        "1": 9,
        "2": 69,
        "3": 522,
        "4": 3921,
        "5": 11957,
        "6": 27446
    },
    "26182": {
        "0": 1,
        "1": 1,
        "2": 10,
        "3": 84,
        "4": 701,
        "5": 5807,
        "6": 17633
    },
    "26183": {
        "0": 1,
        "1": 10,
        "2": 83,
        "3": 688,
        "4": 5599,
        "5": 17275,
        "6": 38617
    },
    "26184": {
        "0": 1,
        "1": 11,
        "2": 80,
        "3": 550,
        "4": 3768,
        "5": 15609,
        "6": 47088
    },
    "26185": {
        "0": 1,
        "1": 11,
        "2": 83,
        "3": 601,
        "4": 4330,
        "5": 13730,
        "6": 32609
    },
    "26186": {
        "0": 1,
        "1": 1,
        "2": 1,
        "3": 10,
        "4": 84,
        "5": 723,
        "6": 6187
    },
    "26187": {
        "0": 1,
        "1": 1,
        "2": 14,
        "3": 118,
        "4": 846,
        "5": 5943,
        "6": 24803
    },
    "26188": {
        "0": 1,
        "1": 1,
        "2": 10,
        "3": 89,
        "4": 776,
        "5": 6668,
        "6": 26356
    },
    "26189": {
        "0": 1,
        "1": 1,
        "2": 9,
        "3": 69,
        "4": 536,
        "5": 4150,
        "6": 13162
    },
    "26190": {
        "0": 1,
        "1": 1,
        "2": 11,
        "3": 74,
        "4": 472,
        "5": 3058,
        "6": 10923
    },
    "26191": {
        "0": 1,
        "1": 1,
        "2": 10,
        "3": 86,
        "4": 738,
        "5": 6351,
        "6": 21693
    },
    "26192": {
        "0": 1,
        "1": 1,
        "2": 11,
        "3": 93,
        "4": 774,
        "5": 6380,
        "6": 22103
    },
    "26193": {
        "0": 1,
        "1": 1,
        "2": 1,
        "3": 9,
        "4": 69,
        "5": 513,
        "6": 3782
    },
    "26194": {
        "0": 1,
        "1": 9,
        "2": 69,
        "3": 522,
        "4": 3945,
        "5": 10519,
        "6": 20761
    },
    "26195": {
        "0": 1,
        "1": 1,
        "2": 11,
        "3": 93,
        "4": 805,
        "5": 6990,
        "6": 27641
    },
    "26196": {
        "0": 1,
        "1": 10,
        "2": 76,
        "3": 589,
        "4": 4587,
        "5": 16346,
        "6": 34973
    },
    "26197": {
        "0": 1,
        "1": 11,
        "2": 91,
        "3": 754,
        "4": 6210,
        "5": 18759,
        "6": 35523
    },
    "26198": {
        "0": 1,
        "1": 9,
        "2": 68,
        "3": 515,
        "4": 3920,
        "5": 10829,
        "6": 22383
    },
    "26199": {
        "0": 1,
        "1": 10,
        "2": 73,
        "3": 552,
        "4": 4226,
        "5": 13409,
        "6": 26190
    }
}