{
    "28300": {
        "0": 1,
        "1": 1,
        "2": 1,
        "3": 12,
        "4": 84,
        "5": 558,
        "6": 3789
    },
    "28301": {
        "0": 1,
        "1": 1,
        "2": 1,
        "3": 1,
        "4": 11,
        "5": 82,
        "6": 561
    },
    "28302": {
        "0": 1,
        "1": 1,
        "2": 1,
        "3": 1,
        "4": 10,
        "5": 88,
        "6": 771
    },
    "28303": {
        "0": 1,
        "1": 1,
        "2": 11,
        "3": 86,
        "4": 663,
        "5": 5137,
        "6": 20720
    },
    "28304": {
        "0": 1,
        "1": 11,
        "2": 96,
        "3": 804,
        "4": 6643,
        "5": 24337,
        "6": 61919
    },
    "28305": {
        "0": 1,
        "1": 1,
        "2": 9,
        "3": 71,
        "4": 540,
        "5": 4031,
        "6": 12180
    },
    "28306": {
        "0": 1,
        "1": 1,
        "2": 10,
        "3": 89,
        "4": 767,
        "5": 6590,
        "6": 23991
    },
    "28307": {
        "0": 1,
        "1": 1,
        "2": 1,
        "3": 1,
        "4": 1,
        "5": 1,
        "6": 1
    },
    "28308": {
        "0": 1,
        "1": 11,
        "2": 87,
        "3": 641,
        "4": 4629,
        "5": 15979,
        "6": 38155
    },
    "28309": {
        "0": 1,
        "1": 10,
        "2": 83,
        "3": 676,
        "4": 5409,
        "5": 15070,
        "6": 27094
    },
    "28310": {
        "0": 1,
        "1": 12,
        "2": 106,
        "3": 883,
        "4": 7009,
        "5": 26679,
        "6": 69219
    },
    "28311": {
        "0": 1,
        "1": 11,
        "2": 93,
        "3": 780,
        "4": 6442,
        "5": 24731,
        "6": 66509
    },
    "28312": {
        "0": 1,
        "1": 12,
        "2": 103,
        "3": 883,
        "4": 7414,
        "5": 31350,
        "6": 85145
    },
    "28313": {
        "0": 1,
        "1": 1,
        "2": 1,
        "3": 10,
        "4": 89,
        "5": 786,
        "6": 6772
    },
    "28314": {
        "0": 1,
        "1": 1,
        "2": 1,
        "3": 9,
        "4": 69,
        "5": 520,
        "6": 3865
    },
    "28315": {
        "0": 1,
        "1": 12,
        "2": 86,
        "3": 578,
        "4": 3942,
        "5": 16825,
        "6": 48541
    },
    "28316": {
        "0": 1,
        "1": 1,
        "2": 10,
        "3": 87,
        "4": 729,
        "5": 5960,
        "6": 20377
    },
    "28317": {
        "0": 1,
        "1": 8,
        "2": 61,
        "3": 452,
        "4": 3322,
        "5": 6905,
        "6": 11824
    },
    "28318": {
        "0": 1,
        "1": 1,
        "2": 1,
        "3": 1,
        "4": 10,
        "5": 76,
        "6": 530
    },
    "28319": {
        "0": 1,
        "1": 12,
        "2": 84,
        "3": 543,
        "4": 3570,
        "5": 13397,
        "6": 39889
    },
    "28320": {
        "0": 1,
        "1": 10,
        "2": 68,
        "3": 437,
        "4": 2798,
        "5": 8946,
        "6": 20116
    },
    "28321": {
        "0": 1,
        "1": 1,
        "2": 1,
        "3": 9,
        "4": 71,
        "5": 557,
        "6": 4391
    },
    "28322": {
        "0": 1,
        "1": 10,
        "2": 76,
        "3": 561,
        "4": 4151,
        "5": 13517,
        "6": 31449
    },
    "28323": {
        "0": 1,
        "1": 10,
        "2": 80,
        "3": 604,
        "4": 4481,
        "5": 15775,
        "6": 37986
    },
    "28324": {
        "0": 1,
        "1": 11,
        "2": 92,
        "3": 743,
        "4": 5874,
        "5": 18242,
        "6": 39894
    },
    "28325": {
        "0": 1,
        "1": 1,
        "2": 1,
        "3": 9,
        "4": 70,
        "5": 538,
        "6": 4073
    },
    "28326": {
        "0": 1,
        "1": 1,
        "2": 9,
        "3": 77,
        "4": 655,
        "5": 5503,
        "6": 15895
    },
    "28327": {
        "0": 1,
        "1": 1,
        "2": 12,
        "3": 97,
        "4": 730,
        "5": 5442,
        "6": 21676
    },
    "28328": {
        "0": 1,
        "1": 10,
        "2": 76,
        "3": 557,
        "4": 4073,
        "5": 12559,
        "6": 28299
    },
    "28329": {
        "0": 1,
        "1": 8,
        "2": 66,
        "3": 551,
        "4": 4639,
        "5": 6780,
        "6": 10644
    },
    "28330": {
        "0": 1,
        "1": 1,
        "2": 1,
        "3": 9,
        "4": 67,
        "5": 492,
        "6": 3566
    },
    "28331": {
        "0": 1,
        "1": 11,
        "2": 95,
        "3": 814,
        "4": 6979,
        "5": 27213,
        "6": 70036
    },
    "28332": {
        "0": 1,
        "1": 1,
        "2": 9,
        "3": 79,
        "4": 687,
        "5": 5983,
        "6": 19150
    },
    "28333": {
        "0": 1,
        "1": 11,
        "2": 92,
        "3": 767,
        "4": 6307,
        "5": 21538,
        "6": 51627
    },
    "28334": {
        "0": 1,
        "1": 1,
        "2": 11,
        "3": 91,
        "4": 692,
        "5": 5150,
        "6": 20607
    },
    "28335": {
        "0": 1,
        "1": 1,
        "2": 10,
        "3": 89,
        "4": 782,
        "5": 6753,
        "6": 27246
    },
    "28336": {
        "0": 1,
        "1": 10,
        "2": 67,
        "3": 452,
        "4": 3073,
        "5": 11663,
        "6": 29094
    },
    "28337": {
        "0": 1,
        "1": 11,
        "2": 77,
        "3": 512,
        "4": 3443,
        "5": 12968,
        "6": 33586
    },
    "28338": {
        "0": 1,
        "1": 1,
        "2": 1,
        "3": 12,
        "4": 93,
        "5": 688,
        "6": 5055
    },
    "28339": {
        "0": 1,
        "1": 1,
        "2": 12,
        "3": 103,
        "4": 865,
        "5": 7227,
        "6": 30152
    },
    "28340": {
        "0": 1,
        "1": 1,
        "2": 10,
        "3": 77,
        "4": 596,
        "5": 4603,
        "6": 16375
    },
    "28341": {
        "0": 1,
        "1": 1,
        "2": 12,
        "3": 95,
        "4": 720,
        "5": 5487,
        "6": 22874
    },
    "28342": {
        "0": 1,
        "1": 10,
        "2": 74,
        "3": 554,
        "4": 4208,
        "5": 13138,
        "6": 31453
    },
    "28343": {
        "0": 1,
        "1": 1,
        "2": 10,
        "3": 86,
        "4": 742,
        "5": 6418,
        "6": 22810
    },
    "28344": {
        "0": 1,
        "1": 11,
        "2": 75,
        "3": 486,
        "4": 3181,
        "5": 10682,
        "6": 27372
    },
    "28345": {
        "0": 1,
        "1": 10,
        "2": 68,
        "3": 451,
        "4": 2986,
        "5": 10686,
        "6": 27922
    },
    "28346": {
        "0": 1,
        "1": 1,
        "2": 1,
        "3": 10,
        "4": 67,
        "5": 430,
        "6": 2763
    },
    "28347": {
        "0": 1,
        "1": 1,
        "2": 11,
        "3": 81,
        "4": 554,
        "5": 3778,
        "6": 15268
    },
    "28348": {
        "0": 1,
        "1": 10,
        "2": 88,
        "3": 759,
        "4": 6334,
        "5": 24005,
        "6": 61537
    },
    "28349": {
        "0": 1,
        "1": 11,
        "2": 90,
        "3": 686,
        "4": 5045,
        "5": 20866,
        "6": 64717
    },
    "28350": {
        "0": 1,
        "1": 11,
        "2": 89,
        "3": 721,
        "4": 5820,
        "5": 16803,
        "6": 32160
    },
    "28351": {
        "0": 1,
        "1": 1,
        "2": 11,
        "3": 96,
        "4": 809,
        "5": 6680,
        "6": 26401
    },
    "28352": {
        "0": 1,
        "1": 8,
        "2": 66,
        "3": 550,
        "4": 4623,
        "5": 6468,
        "6": 8699
    },
    "28353": {
        "0": 1,
        "1": 10,
        "2": 83,
        "3": 701,
        "4": 5889,
        "5": 17016,
        "6": 35141
    },
    "28354": {
        "0": 1,
        "1": 10,
        "2": 64,
        "3": 420,
        "4": 2812,
        "5": 8786,
        "6": 16566
    },
    "28355": {
        "0": 1,
        "1": 10,
        "2": 79,
        "3": 613,
        "4": 4753,
        "5": 17623,
        "6": 43979
    },
    "28356": {
        "0": 1,
        "1": 12,
        "2": 103,
        "3": 829,
        "4": 6579,
        "5": 23827,
        "6": 64694
    },
    "28357": {
        "0": 1,
        "1": 1,
        "2": 8,
        "3": 62,
        "4": 470,
        "5": 3530,
        "6": 9120
    },
    "28358": {
        "0": 1,
        "1": 10,
        "2": 83,
        "3": 702,
        "4": 5916,
        "5": 17281,
        "6": 34212
    },
    "28359": {
        "0": 1,
        "1": 1,
        "2": 1,
        "3": 1,
        "4": 11,
        "5": 81,
        "6": 542
    },
    "28360": {
        "0": 1,
        "1": 1,
        "2": 10,
        "3": 78,
        "4": 605,
        "5": 4645,
        "6": 18099
    },
    "28361": {
        "0": 1,
        "1": 1,
        "2": 10,
        "3": 76,
        "4": 589,
        "5": 4577,
        "6": 16417
    },
    "28362": {
        "0": 1,
        "1": 10,
        "2": 76,
        "3": 577,
        "4": 4378,
        "5": 14149,
        "6": 32653
    },
    "28363": {
        "0": 1,
        "1": 1,
        "2": 10,
        "3": 74,
        "4": 547,
        "5": 4054,
        "6": 12907
    },
    "28364": {
        "0": 1,
        "1": 11,
        "2": 93,
        "3": 768,
        "4": 6268,
        "5": 23192,
        "6": 58209
    },
    "28365": {
        "0": 1,
        "1": 1,
        "2": 1,
        "3": 1,
        "4": 10,
        "5": 76,
        "6": 570
    },
    "28366": {
        "0": 1,
        "1": 1,
        "2": 1,
        "3": 10,
        "4": 69,
        "5": 473,
        "6": 3206
    },
    "28367": {
        "0": 1,
        "1": 1,
        "2": 1,
        "3": 8,
        "4": 70,
        "5": 599,
        "6": 5055
    },
    "28368": {
        "0": 1,
        "1": 1,
        "2": 9,
        "3": 68,
        "4": 530,
        "5": 4148,
        "6": 13317
    },
    "28369": {
        "0": 1,
        "1": 1,
        "2": 1,
        "3": 10,
        "4": 80,
        "5": 628,
        "6": 4884
    },
    "28370": {
        "0": 1,
        "1": 1,
        "2": 1,
        "3": 9,
        "4": 69,
        "5": 526,
        "6": 4040
    },
    "28371": {
        "0": 1,
        "1": 12,
        "2": 90,
        "3": 656,
        "4": 4898,
        "5": 18056,
        "6": 48739
    },
    "28372": {
        "0": 1,
        "1": 11,
        "2": 96,
        "3": 807,
        "4": 6694,
        "5": 24788,
        "6": 65065
    },
    "28373": {
        "0": 1,
        "1": 12,
        "2": 80,
        "3": 502,
        "4": 3273,
        "5": 11168,
        "6": 27778
    },
    "28374": {
        "0": 1,
        "1": 1,
        "2": 10,
        "3": 83,
        "4": 657,
        "5": 5181,
        "6": 21756
    },
    "28375": {
        "0": 1,
        "1": 1,
        "2": 11,
        "3": 91,
        "4": 767,
        "5": 6498,
        "6": 22764
    },
    "28376": {
        "0": 1,
        "1": 1,
        "2": 10,
        "3": 82,
        "4": 672,
        "5": 5521,
        "6": 15109
    },
    "28377": {
        "0": 1,
        "1": 1,
        "2": 1,
        "3": 11,
        "4": 87,
        "5": 654,
        "6": 4890
    },
    "28378": {
        "0": 1,
        "1": 11,
        "2": 93,
        "3": 751,
        "4": 5923,
        "5": 18623,
        "6": 42110
    },
    "28379": {
        "0": 1,
        "1": 1,
        "2": 11,
        "3": 82,
        "4": 568,
        "5": 3790,
        "6": 15837
    },
    "28380": {
        "0": 1,
        "1": 10,
        "2": 78,
        "3": 572,
        "4": 4105,
        "5": 13619,
        "6": 33218
    },
    "28381": {
        "0": 1,
        "1": 9,
        "2": 60,
        "3": 386,
        "4": 2529,
        "5": 7816,
        "6": 17682
    },
    "28382": {
        "0": 1,
        "1": 1,
        "2": 1,
        "3": 10,
        "4": 74,
        "5": 560,
        "6": 4293
    },
    "28383": {
        "0": 1,
        "1": 9,
        "2": 68,
        "3": 528,
        "4": 4116,
        "5": 13054,
        "6": 33426
    },
    "28384": {
        "0": 1,
        "1": 1,
        "2": 1,
        "3": 1,
        "4": 9,
        "5": 69,
        "6": 520
    },
    "28385": {
        "0": 1,
        "1": 1,
        "2": 11,
        "3": 91,
        "4": 759,
        "5": 6358,
        "6": 20832
    },
    "28386": {
        "0": 1,
        "1": 10,
        "2": 85,
        "3": 719,
        "4": 6094,
        "5": 19177,
        "6": 35337
    },
    "28387": {
        "0": 1,
        "1": 1,
        "2": 1,
        "3": 10,
        "4": 83,
        "5": 708,
        "6": 5986
    },
    "28388": {
        "0": 1,
        "1": 9,
        "2": 66,
        "3": 488,
        "4": 3615,
        "5": 9617,
        "6": 19081
    },
    "28389": {
        "0": 1,
        "1": 10,
        "2": 76,
        "3": 561,
        "4": 4120,
        "5": 10993,
        "6": 25292
    },
    "28390": {
        "0": 1,
        "1": 1,
        "2": 12,
        "3": 101,
        "4": 826,
        "5": 6718,
        "6": 26866
    },
    "28391": {
        "0": 1,
        "1": 1,
        "2": 1,
        "3": 13,
        "4": 111,
        "5": 915,
        "6": 7520
    },
    "28392": {
        "0": 1,
        "1": 11,
        "2": 76,
        "3": 502,
        "4": 3391,
        "5": 13023,
        "6": 37529
    },
    "28393": {
        "0": 1,
        "1": 1,
        "2": 1,
        "3": 11,
        "4": 81,
        "5": 577,
        "6": 4103
    },
    "28394": {
        "0": 1,
        "1": 1,
        "2": 1,
        "3": 11,
        "4": 95,
        "5": 802,
        "6": 6714
    },
    "28395": {
        "0": 1,
        "1": 9,
        "2": 71,
        "3": 532,
        "4": 3966,
        "5": 12132,
        "6": 31310
    },
    "28396": {
        "0": 1,
        "1": 8,
        "2": 69,
        "3": 607,
        "4": 5332,
        "5": 14123,
        "6": 27205
    },
    "28397": {
        "0": 1,
        "1": 9,
        "2": 63,
        "3": 444,
        "4": 3160,
        "5": 12276,
        "6": 32982
    },
    "28398": {
        "0": 1,
        "1": 10,
        "2": 67,
        "3": 429,
        "4": 2780,
        "5": 7889,
        "6": 17189
    },
    "28399": {
        "0": 1,
        "1": 1,
        "2": 1,
        "3": 12,
        "4": 84,
        "5": 563,
        "6": 3811
    }
}