{
    "11600": {
        "0": 1,
        "1": 1,
        "2": 12,
        "3": 97,
        "4": 726,
        "5": 5412,
        "6": 21614
    },
    "11601": {
        "0": 1,
        "1": 1,
        "2": 1,
        "3": 9,
        "4": 78,
        "5": 665,
        "6": 5466
    },
    "11602": {
        "0": 1,
        "1": 11,
        "2": 88,
        "3": 687,
        "4": 5319,
        "5": 22007,
        "6": 63277
    },
    "11603": {
        "0": 1,
        "1": 11,
        "2": 91,
        "3": 735,
        "4": 5876,
        "5": 18867,
        "6": 40421
    },
    "11604": {
        "0": 1,
        "1": 9,
        "2": 68,
        "3": 506,
        "4": 3742,
        "5": 10388,
        "6": 22072
    },
    "11605": {
        "0": 1,
        "1": 10,
        "2": 78,
        "3": 583,
        "4": 4248,
        "5": 13347,
        "6": 29725
    },
    "11606": {
        "0": 1,
        "1": 1,
        "2": 11,
        "3": 96,
        "4": 818,
        "5": 6913,
        "6": 27446
    },
    "11607": {
        "0": 1,
        "1": 1,
        "2": 1,
        "3": 10,
        "4": 78,
        "5": 572,
        "6": 4064
    },
    "11608": {
        "0": 1,
        "1": 12,
        "2": 94,
        "3": 707,
        "4": 5279,
        "5": 20259,
        "6": 52391
    },
    "11609": {
        "0": 1,
        "1": 1,
        "2": 12,
        "3": 95,
        "4": 696,
        "5": 5022,
        "6": 18695
    },
    "11610": {
        "0": 1,
        "1": 1,
        "2": 10,
        "3": 75,
        "4": 572,
        "5": 4378,
        "6": 14401
    },
    "11611": {
        "0": 1,
        "1": 10,
        "2": 88,
        "3": 764,
        "4": 6552,
        "5": 23241,
        "6": 55709
    },
    "11612": {
        "0": 1,
        "1": 1,
        "2": 12,
        "3": 103,
        "4": 802,
        "5": 6149,
        "6": 27834
    },
    "11613": {
        "0": 1,
        "1": 1,
        "2": 13,
        "3": 104,
        "4": 760,
        "5": 5508,
        "6": 22483
    },
    "11614": {
        "0": 1,
        "1": 1,
        "2": 10,
        "3": 77,
        "4": 596,
        "5": 4537,
        "6": 16683
    },
    "11615": {
        "0": 1,
        "1": 9,
        "2": 72,
        "3": 547,
        "4": 4145,
        "5": 13892,
        "6": 35195
    },
    "11616": {
        "0": 1,
        "1": 9,
        "2": 72,
        "3": 590,
        "4": 4819,
        "5": 19997,
        "6": 56265
    },
    "11617": {
        "0": 1,
        "1": 1,
        "2": 1,
        "3": 11,
        "4": 95,
        "5": 801,
        "6": 6609
    },
    "11618": {
        "0": 1,
        "1": 1,
        "2": 11,
        "3": 87,
        "4": 670,
        "5": 5193,
        "6": 21223
    },
    "11619": {
        "0": 1,
        "1": 1,
        "2": 10,
        "3": 76,
        "4": 613,
        "5": 4946,
        "6": 20770
    },
    "11620": {
        "0": 1,
        "1": 11,
        "2": 91,
        "3": 736,
        "4": 5954,
        "5": 17940,
        "6": 38763
    },
    "11621": {
        "0": 1,
        "1": 1,
        "2": 11,
        "3": 93,
        "4": 763,
        "5": 6122,
        "6": 20001
    },
    "11622": {
        "0": 1,
        "1": 1,
        "2": 10,
        "3": 81,
        "4": 655,
        "5": 5226,
        "6": 21813
    },
    "11623": {
        "0": 1,
        "1": 1,
        "2": 8,
        "3": 60,
        "4": 442,
        "5": 3220,
        "6": 6203
    },
    "11624": {
        "0": 1,
        "1": 11,
        "2": 98,
        "3": 838,
        "4": 7056,
        "5": 28521,
        "6": 70368
    },
    "11625": {
        "0": 1,
        "1": 1,
        "2": 11,
        "3": 90,
        "4": 725,
        "5": 5703,
        "6": 18849
    },
    "11626": {
        "0": 1,
        "1": 10,
        "2": 80,
        "3": 659,
        "4": 5363,
        "5": 13388,
        "6": 21376
    },
    "11627": {
        "0": 1,
        "1": 1,
        "2": 11,
        "3": 93,
        "4": 766,
        "5": 6296,
        "6": 21746
    },
    "11628": {
        "0": 1,
        "1": 1,
        "2": 13,
        "3": 111,
        "4": 889,
        "5": 6905,
        "6": 27506
    },
    "11629": {
        "0": 1,
        "1": 13,
        "2": 114,
        "3": 972,
        "4": 8282,
        "5": 38106,
        "6": 109952
    },
    "11630": {
        "0": 1,
        "1": 1,
        "2": 10,
        "3": 89,
        "4": 769,
        "5": 6566,
        "6": 23331
    },
    "11631": {
        "0": 1,
        "1": 1,
        "2": 11,
        "3": 85,
        "4": 647,
        "5": 4943,
        "6": 18522
    },
    "11632": {
        "0": 1,
        "1": 12,
        "2": 101,
        "3": 801,
        "4": 6219,
        "5": 30316,
        "6": 96558
    },
    "11633": {
        "0": 1,
        "1": 1,
        "2": 1,
        "3": 1,
        "4": 1,
        "5": 9,
        "6": 75
    },
    "11634": {
        "0": 1,
        "1": 12,
        "2": 102,
        "3": 855,
        "4": 7196,
        "5": 28268,
        "6": 70722
    },
    "11635": {
        "0": 1,
        "1": 10,
        "2": 83,
        "3": 647,
        "4": 4968,
        "5": 18949,
        "6": 53193
    },
    "11636": {
        "0": 1,
        "1": 1,
        "2": 10,
        "3": 67,
        "4": 439,
        "5": 2894,
        "6": 10203
    },
    "11637": {
        "0": 1,
        "1": 1,
        "2": 1,
        "3": 1,
        "4": 11,
        "5": 96,
        "6": 815
    },
    "11638": {
        "0": 1,
        "1": 11,
        "2": 84,
        "3": 630,
        "4": 4770,
        "5": 17268,
        "6": 41367
    },
    "11639": {
        "0": 1,
        "1": 9,
        "2": 64,
        "3": 447,
        "4": 3073,
        "5": 10761,
        "6": 25369
    },
    "11640": {
        "0": 1,
        "1": 1,
        "2": 9,
        "3": 77,
        "4": 660,
        "5": 5649,
        "6": 15639
    },
    "11641": {
        "0": 1,
        "1": 10,
        "2": 78,
        "3": 611,
        "4": 4748,
        "5": 17727,
        "6": 42117
    },
    "11642": {
        "0": 1,
        "1": 12,
        "2": 105,
        "3": 898,
        "4": 7519,
        "5": 32276,
        "6": 90851
    },
    "11643": {
        "0": 1,
        "1": 1,
        "2": 9,
        "3": 69,
        "4": 531,
        "5": 4067,
        "6": 13447
    },
    "11644": {
        "0": 1,
        "1": 1,
        "2": 1,
        "3": 1,
        "4": 11,
        "5": 96,
        "6": 809
    },
    "11645": {
        "0": 1,
        "1": 9,
        "2": 63,
        "3": 422,
        "4": 2727,
        "5": 9538,
        "6": 23508
    },
    "11646": {
        "0": 1,
        "1": 1,
        "2": 12,
        "3": 98,
        "4": 737,
        "5": 5498,
        "6": 23400
    },
    "11647": {
        "0": 1,
        "1": 1,
        "2": 11,
        "3": 93,
        "4": 792,
        "5": 6716,
        "6": 26538
    },
    "11648": {
        "0": 1,
        "1": 1,
        "2": 11,
        "3": 85,
        "4": 642,
        "5": 4847,
        "6": 19224
    },
    "11649": {
        "0": 1,
        "1": 1,
        "2": 1,
        "3": 1,
        "4": 1,
        "5": 12,
        "6": 95
    },
    "11650": {
        "0": 1,
        "1": 1,
        "2": 1,
        "3": 10,
        "4": 75,
        "5": 533,
        "6": 3810
    },
    "11651": {
        "0": 1,
        "1": 1,
        "2": 1,
        "3": 10,
        "4": 73,
        "5": 531,
        "6": 3898
    },
    "11652": {
        "0": 1,
        "1": 1,
        "2": 13,
        "3": 105,
        "4": 773,
        "5": 5696,
        "6": 23365
    },
    "11653": {
        "0": 1,
        "1": 11,
        "2": 96,
        "3": 817,
        "4": 6777,
        "5": 25513,
        "6": 63199
    },
    "11654": {
        "0": 1,
        "1": 1,
        "2": 9,
        "3": 72,
        "4": 556,
        "5": 4240,
        "6": 12959
    },
    "11655": {
        "0": 1,
        "1": 1,
        "2": 10,
        "3": 88,
        "4": 743,
        "5": 6043,
        "6": 22356
    },
    "11656": {
        "0": 1,
        "1": 9,
        "2": 68,
        "3": 495,
        "4": 3660,
        "5": 10036,
        "6": 19943
    },
    "11657": {
        "0": 1,
        "1": 1,
        "2": 1,
        "3": 11,
        "4": 95,
        "5": 823,
        "6": 7006
    },
    "11658": {
        "0": 1,
        "1": 1,
        "2": 9,
        "3": 70,
        "4": 529,
        "5": 3954,
        "6": 12175
    },
    "11659": {
        "0": 1,
        "1": 1,
        "2": 1,
        "3": 11,
        "4": 92,
        "5": 776,
        "6": 6440
    },
    "11660": {
        "0": 1,
        "1": 1,
        "2": 9,
        "3": 66,
        "4": 500,
        "5": 3815,
        "6": 9950
    },
    "11661": {
        "0": 1,
        "1": 9,
        "2": 76,
        "3": 637,
        "4": 5339,
        "5": 14653,
        "6": 27667
    },
    "11662": {
        "0": 1,
        "1": 10,
        "2": 85,
        "3": 716,
        "4": 5982,
        "5": 19404,
        "6": 38055
    },
    "11663": {
        "0": 1,
        "1": 1,
        "2": 8,
        "3": 60,
        "4": 455,
        "5": 3459,
        "6": 7196
    },
    "11664": {
        "0": 1,
        "1": 12,
        "2": 95,
        "3": 684,
        "4": 4743,
        "5": 16768,
        "6": 44278
    },
    "11665": {
        "0": 1,
        "1": 9,
        "2": 67,
        "3": 504,
        "4": 3812,
        "5": 9795,
        "6": 21513
    },
    "11666": {
        "0": 1,
        "1": 10,
        "2": 77,
        "3": 558,
        "4": 3959,
        "5": 12299,
        "6": 29105
    },
    "11667": {
        "0": 1,
        "1": 11,
        "2": 83,
        "3": 596,
        "4": 4227,
        "5": 20659,
        "6": 71439
    },
    "11668": {
        "0": 1,
        "1": 9,
        "2": 72,
        "3": 577,
        "4": 4639,
        "5": 7433,
        "6": 11451
    },
    "11669": {
        "0": 1,
        "1": 1,
        "2": 9,
        "3": 69,
        "4": 509,
        "5": 3680,
        "6": 10847
    },
    "11670": {
        "0": 1,
        "1": 12,
        "2": 98,
        "3": 796,
        "4": 6474,
        "5": 22434,
        "6": 50317
    },
    "11671": {
        "0": 1,
        "1": 11,
        "2": 86,
        "3": 671,
        "4": 5232,
        "5": 21517,
        "6": 54089
    },
    "11672": {
        "0": 1,
        "1": 11,
        "2": 90,
        "3": 741,
        "4": 6174,
        "5": 19310,
        "6": 45497
    },
    "11673": {
        "0": 1,
        "1": 11,
        "2": 88,
        "3": 672,
        "4": 5053,
        "5": 20653,
        "6": 59333
    },
    "11674": {
        "0": 1,
        "1": 12,
        "2": 105,
        "3": 886,
        "4": 7370,
        "5": 30714,
        "6": 83518
    },
    "11675": {
        "0": 1,
        "1": 1,
        "2": 11,
        "3": 93,
        "4": 787,
        "5": 6723,
        "6": 24844
    },
    "11676": {
        "0": 1,
        "1": 1,
        "2": 1,
        "3": 11,
        "4": 97,
        "5": 827,
        "6": 7006
    },
    "11677": {
        "0": 1,
        "1": 9,
        "2": 73,
        "3": 605,
        "4": 4992,
        "5": 11084,
        "6": 18265
    },
    "11678": {
        "0": 1,
        "1": 1,
        "2": 1,
        "3": 9,
        "4": 69,
        "5": 529,
        "6": 4078
    },
    "11679": {
        "0": 1,
        "1": 1,
        "2": 1,
        "3": 12,
        "4": 87,
        "5": 584,
        "6": 3925
    },
    "11680": {
        "0": 1,
        "1": 1,
        "2": 12,
        "3": 100,
        "4": 837,
        "5": 7090,
        "6": 27785
    },
    "11681": {
        "0": 1,
        "1": 11,
        "2": 86,
        "3": 646,
        "4": 4803,
        "5": 18128,
        "6": 44257
    },
    "11682": {
        "0": 1,
        "1": 11,
        "2": 96,
        "3": 811,
        "4": 6726,
        "5": 27292,
        "6": 77015
    },
    "11683": {
        "0": 1,
        "1": 1,
        "2": 10,
        "3": 74,
        "4": 551,
        "5": 4147,
        "6": 12389
    },
    "11684": {
        "0": 1,
        "1": 1,
        "2": 1,
        "3": 1,
        "4": 1,
        "5": 11,
        "6": 94
    },
    "11685": {
        "0": 1,
        "1": 1,
        "2": 11,
        "3": 86,
        "4": 667,
        "5": 5205,
        "6": 21647
    },
    "11686": {
        "0": 1,
        "1": 1,
        "2": 9,
        "3": 70,
        "4": 549,
        "5": 4292,
        "6": 14246
    },
    "11687": {
        "0": 1,
        "1": 1,
        "2": 1,
        "3": 1,
        "4": 11,
        "5": 93,
        "6": 772
    },
    "11688": {
        "0": 1,
        "1": 1,
        "2": 11,
        "3": 95,
        "4": 777,
        "5": 6091,
        "6": 21164
    },
    "11689": {
        "0": 1,
        "1": 1,
        "2": 1,
        "3": 11,
        "4": 86,
        "5": 643,
        "6": 4816
    },
    "11690": {
        "0": 1,
        "1": 1,
        "2": 1,
        "3": 13,
        "4": 106,
        "5": 802,
        "6": 6106
    },
    "11691": {
        "0": 1,
        "1": 1,
        "2": 10,
        "3": 69,
        "4": 465,
        "5": 3167,
        "6": 11255
    },
    "11692": {
        "0": 1,
        "1": 1,
        "2": 1,
        "3": 11,
        "4": 96,
        "5": 803,
        "6": 6547
    },
    "11693": {
        "0": 1,
        "1": 12,
        "2": 103,
        "3": 878,
        "4": 7434,
        "5": 32531,
        "6": 92841
    },
    "11694": {
        "0": 1,
        "1": 1,
        "2": 1,
        "3": 1,
        "4": 11,
        "5": 89,
        "6": 704
    },
    "11695": {
        "0": 1,
        "1": 11,
        "2": 82,
        "3": 584,
        "4": 4220,
        "5": 13379,
        "6": 33844
    },
    "11696": {
        "0": 1,
        "1": 11,
        "2": 95,
        "3": 795,
        "4": 6481,
        "5": 24221,
        "6": 60399
    },
    "11697": {
        "0": 1,
        "1": 10,
        "2": 75,
        "3": 562,
        "4": 4189,
        "5": 13737,
        "6": 28904
    },
    "11698": {
        "0": 1,
        "1": 11,
        "2": 98,
        "3": 861,
        "4": 7493,
        "5": 32172,
        "6": 88101
    },
    "11699": {
        "0": 1,
        "1": 1,
        "2": 1,
        "3": 9,
        "4": 63,
        "5": 449,
        "6": 3200
    }
}