{
    "2900": {
        "0": 1,
        "1": 1,
        "2": 1,
        "3": 1,
        "4": 9,
        "5": 79,
        "6": 712
    },
    "2901": {
        "0": 1,
        "1": 1,
        "2": 1,
        "3": 11,
        "4": 96,
        "5": 838,
        "6": 7215
    },
    "2902": {
        "0": 1,
        "1": 9,
        "2": 66,
        "3": 483,
        "4": 3577,
        "5": 7636,
        "6": 13869
    },
    "2903": {
        "0": 1,
        "1": 11,
        "2": 95,
        "3": 806,
        "4": 6831,
        "5": 25339,
        "6": 55168
    },
    "2904": {
        "0": 1,
        "1": 1,
        "2": 1,
        "3": 9,
        "4": 76,
        "5": 637,
        "6": 5382
    },
    "2905": {
        "0": 1,
        "1": 10,
        "2": 79,
        "3": 665,
        "4": 5638,
        "5": 15301,
        "6": 25205
    },
    "2906": {
        "0": 1,
        "1": 13,
        "2": 113,
        "3": 926,
        "4": 7484,
        "5": 30311,
        "6": 79582
    },
    "2907": {
        "0": 1,
        "1": 1,
        "2": 11,
        "3": 84,
        "4": 604,
        "5": 4365,
        "6": 14406
    },
    "2908": {
        "0": 1,
        "1": 9,
        "2": 79,
        "3": 691,
        "4": 6003,
        "5": 19093,
        "6": 41878
    },
    "2909": {
        "0": 1,
        "1": 1,
        "2": 1,
        "3": 9,
        "4": 75,
        "5": 611,
        "6": 4795
    },
    "2910": {
        "0": 1,
        "1": 1,
        "2": 8,
        "3": 70,
        "4": 595,
        "5": 5013,
        "6": 11910
    },
    "2911": {
        "0": 1,
        "1": 10,
        "2": 86,
        "3": 723,
        "4": 6022,
        "5": 19656,
        "6": 43081
    },
    "2912": {
        "0": 1,
        "1": 1,
        "2": 10,
        "3": 71,
        "4": 488,
        "5": 3346,
        "6": 12393
    },
    "2913": {
        "0": 1,
        "1": 1,
        "2": 8,
        "3": 73,
        "4": 641,
        "5": 5509,
        "6": 16743
    },
    "2914": {
        "0": 1,
        "1": 8,
        "2": 70,
        "3": 611,
        "4": 5269,
        "5": 14632,
        "6": 26709
    },
    "2915": {
        "0": 1,
        "1": 1,
        "2": 1,
        "3": 13,
        "4": 114,
        "5": 963,
        "6": 7944
    },
    "2916": {
        "0": 1,
        "1": 1,
        "2": 11,
        "3": 86,
        "4": 621,
        "5": 4461,
        "6": 16474
    },
    "2917": {
        "0": 1,
        "1": 1,
        "2": 8,
        "3": 53,
        "4": 362,
        "5": 2513,
        "6": 7401
    },
    "2918": {
        "0": 1,
        "1": 12,
        "2": 90,
        "3": 632,
        "4": 4446,
        "5": 20965,
        "6": 68468
    },
    "2919": {
        "0": 1,
        "1": 1,
        "2": 1,
        "3": 13,
        "4": 111,
        "5": 867,
        "6": 6683
    },
    "2920": {
        "0": 1,
        "1": 9,
        "2": 75,
        "3": 624,
        "4": 5124,
        "5": 11653,
        "6": 17848
    },
    "2921": {
        "0": 1,
        "1": 11,
        "2": 93,
        "3": 775,
        "4": 6430,
        "5": 22974,
        "6": 49522
    },
    "2922": {
        "0": 1,
        "1": 9,
        "2": 77,
        "3": 661,
        "4": 5614,
        "5": 17187,
        "6": 34729
    },
    "2923": {
        "0": 1,
        "1": 1,
        "2": 8,
        "3": 52,
        "4": 341,
        "5": 2235,
        "6": 5765
    },
    "2924": {
        "0": 1,
        "1": 10,
        "2": 76,
        "3": 580,
        "4": 4449,
        "5": 15094,
        "6": 32994
    },
    "2925": {
        "0": 1,
        "1": 10,
        "2": 83,
        "3": 652,
        "4": 4947,
        "5": 21260,
        "6": 65859
    },
    "2926": {
        "0": 1,
        "1": 11,
        "2": 93,
        "3": 781,
        "4": 6517,
        "5": 24008,
        "6": 58143
    },
    "2927": {
        "0": 1,
        "1": 11,
        "2": 84,
        "3": 643,
        "4": 4994,
        "5": 19935,
        "6": 52389
    },
    "2928": {
        "0": 1,
        "1": 1,
        "2": 13,
        "3": 112,
        "4": 869,
        "5": 6527,
        "6": 29433
    },
    "2929": {
        "0": 1,
        "1": 11,
        "2": 90,
        "3": 690,
        "4": 5180,
        "5": 21177,
        "6": 60879
    },
    "2930": {
        "0": 1,
        "1": 1,
        "2": 11,
        "3": 87,
        "4": 671,
        "5": 5095,
        "6": 21234
    },
    "2931": {
        "0": 1,
        "1": 1,
        "2": 10,
        "3": 77,
        "4": 587,
        "5": 4448,
        "6": 16255
    },
    "2932": {
        "0": 1,
        "1": 1,
        "2": 9,
        "3": 68,
        "4": 517,
        "5": 3948,
        "6": 11242
    },
    "2933": {
        "0": 1,
        "1": 1,
        "2": 1,
        "3": 11,
        "4": 86,
        "5": 658,
        "6": 5052
    },
    "2934": {
        "0": 1,
        "1": 1,
        "2": 1,
        "3": 10,
        "4": 76,
        "5": 564,
        "6": 4144
    },
    "2935": {
        "0": 1,
        "1": 1,
        "2": 1,
        "3": 11,
        "4": 92,
        "5": 757,
        "6": 6257
    },
    "2936": {
        "0": 1,
        "1": 1,
        "2": 1,
        "3": 9,
        "4": 62,
        "5": 430,
        "6": 3016
    },
    "2937": {
        "0": 1,
        "1": 1,
        "2": 9,
        "3": 70,
        "4": 539,
        "5": 4088,
        "6": 13475
    },
    "2938": {
        "0": 1,
        "1": 1,
        "2": 1,
        "3": 10,
        "4": 71,
        "5": 491,
        "6": 3394
    },
    "2939": {
        "0": 1,
        "1": 1,
        "2": 1,
        "3": 1,
        "4": 11,
        "5": 91,
        "6": 763
    },
    "2940": {
        "0": 1,
        "1": 1,
        "2": 10,
        "3": 87,
        "4": 761,
        "5": 6631,
        "6": 24454
    },
    "2941": {
        "0": 1,
        "1": 1,
        "2": 11,
        "3": 88,
        "4": 677,
        "5": 5221,
        "6": 21295
    },
    "2942": {
        "0": 1,
        "1": 10,
        "2": 78,
        "3": 598,
        "4": 4431,
        "5": 16779,
        "6": 42236
    },
    "2943": {
        "0": 1,
        "1": 9,
        "2": 80,
        "3": 693,
        "4": 5822,
        "5": 20242,
        "6": 50158
    },
    "2944": {
        "0": 1,
        "1": 1,
        "2": 12,
        "3": 101,
        "4": 827,
        "5": 6672,
        "6": 25561
    },
    "2945": {
        "0": 1,
        "1": 1,
        "2": 1,
        "3": 12,
        "4": 99,
        "5": 770,
        "6": 5897
    },
    "2946": {
        "0": 1,
        "1": 10,
        "2": 86,
        "3": 733,
        "4": 6196,
        "5": 21851,
        "6": 46933
    },
    "2947": {
        "0": 1,
        "1": 10,
        "2": 85,
        "3": 733,
        "4": 6300,
        "5": 21423,
        "6": 48640
    },
    "2948": {
        "0": 1,
        "1": 10,
        "2": 75,
        "3": 534,
        "4": 3828,
        "5": 12070,
        "6": 33971
    },
    "2949": {
        "0": 1,
        "1": 1,
        "2": 1,
        "3": 1,
        "4": 1,
        "5": 10,
        "6": 78
    },
    "2950": {
        "0": 1,
        "1": 9,
        "2": 66,
        "3": 506,
        "4": 3946,
        "5": 11736,
        "6": 26150
    },
    "2951": {
        "0": 1,
        "1": 1,
        "2": 1,
        "3": 1,
        "4": 9,
        "5": 75,
        "6": 619
    },
    "2952": {
        "0": 1,
        "1": 1,
        "2": 11,
        "3": 88,
        "4": 660,
        "5": 4908,
        "6": 18886
    },
    "2953": {
        "0": 1,
        "1": 1,
        "2": 12,
        "3": 98,
        "4": 730,
        "5": 5308,
        "6": 21125
    },
    "2954": {
        "0": 1,
        "1": 1,
        "2": 9,
        "3": 79,
        "4": 687,
        "5": 5863,
        "6": 19182
    },
    "2955": {
        "0": 1,
        "1": 1,
        "2": 10,
        "3": 83,
        "4": 709,
        "5": 6059,
        "6": 19196
    },
    "2956": {
        "0": 1,
        "1": 9,
        "2": 68,
        "3": 504,
        "4": 3717,
        "5": 9972,
        "6": 19644
    },
    "2957": {
        "0": 1,
        "1": 10,
        "2": 76,
        "3": 585,
        "4": 4569,
        "5": 16795,
        "6": 40249
    },
    "2958": {
        "0": 1,
        "1": 1,
        "2": 9,
        "3": 81,
        "4": 729,
        "5": 6385,
        "6": 24390
    },
    "2959": {
        "0": 1,
        "1": 1,
        "2": 9,
        "3": 77,
        "4": 625,
        "5": 4979,
        "6": 11628
    },
    "2960": {
        "0": 1,
        "1": 1,
        "2": 11,
        "3": 82,
        "4": 570,
        "5": 3916,
        "6": 16596
    },
    "2961": {
        "0": 1,
        "1": 1,
        "2": 1,
        "3": 12,
        "4": 107,
        "5": 931,
        "6": 7986
    },
    "2962": {
        "0": 1,
        "1": 11,
        "2": 68,
        "3": 401,
        "4": 2394,
        "5": 9537,
        "6": 26835
    },
    "2963": {
        "0": 1,
        "1": 1,
        "2": 1,
        "3": 8,
        "4": 61,
        "5": 452,
        "6": 3326
    },
    "2964": {
        "0": 1,
        "1": 1,
        "2": 11,
        "3": 94,
        "4": 799,
        "5": 6731,
        "6": 25781
    },
    "2965": {
        "0": 1,
        "1": 11,
        "2": 94,
        "3": 783,
        "4": 6503,
        "5": 23803,
        "6": 62881
    },
    "2966": {
        "0": 1,
        "1": 9,
        "2": 77,
        "3": 669,
        "4": 5800,
        "5": 17393,
        "6": 34457
    },
    "2967": {
        "0": 1,
        "1": 1,
        "2": 9,
        "3": 70,
        "4": 551,
        "5": 4319,
        "6": 14456
    },
    "2968": {
        "0": 1,
        "1": 1,
        "2": 11,
        "3": 91,
        "4": 745,
        "5": 6110,
        "6": 19875
    },
    "2969": {
        "0": 1,
        "1": 11,
        "2": 91,
        "3": 748,
        "4": 6027,
        "5": 20320,
        "6": 42873
    },
    "2970": {
        "0": 1,
        "1": 11,
        "2": 96,
        "3": 831,
        "4": 7072,
        "5": 29109,
        "6": 76267
    },
    "2971": {
        "0": 1,
        "1": 1,
        "2": 10,
        "3": 72,
        "4": 517,
        "5": 3703,
        "6": 9250
    },
    "2972": {
        "0": 1,
        "1": 1,
        "2": 11,
        "3": 95,
        "4": 789,
        "5": 6382,
        "6": 22823
    },
    "2973": {
        "0": 1,
        "1": 12,
        "2": 102,
        "3": 833,
        "4": 6737,
        "5": 23939,
        "6": 53582
    },
    "2974": {
        "0": 1,
        "1": 1,
        "2": 9,
        "3": 76,
        "4": 641,
        "5": 5307,
        "6": 13174
    },
    "2975": {
        "0": 1,
        "1": 1,
        "2": 1,
        "3": 10,
        "4": 85,
        "5": 723,
        "6": 6076
    },
    "2976": {
        "0": 1,
        "1": 11,
        "2": 90,
        "3": 718,
        "4": 5655,
        "5": 25064,
        "6": 70762
    },
    "2977": {
        "0": 1,
        "1": 10,
        "2": 68,
        "3": 471,
        "4": 3296,
        "5": 12827,
        "6": 35229
    },
    "2978": {
        "0": 1,
        "1": 12,
        "2": 92,
        "3": 647,
        "4": 4471,
        "5": 20705,
        "6": 66034
    },
    "2979": {
        "0": 1,
        "1": 1,
        "2": 1,
        "3": 8,
        "4": 70,
        "5": 589,
        "6": 4838
    },
    "2980": {
        "0": 1,
        "1": 9,
        "2": 73,
        "3": 581,
        "4": 4552,
        "5": 9998,
        "6": 19605
    },
    "2981": {
        "0": 1,
        "1": 1,
        "2": 9,
        "3": 67,
        "4": 506,
        "5": 3867,
        "6": 10859
    },
    "2982": {
        "0": 1,
        "1": 10,
        "2": 87,
        "3": 748,
        "4": 6405,
        "5": 22086,
        "6": 50958
    },
    "2983": {
        "0": 1,
        "1": 11,
        "2": 85,
        "3": 670,
        "4": 5158,
        "5": 20433,
        "6": 49814
    },
    "2984": {
        "0": 1,
        "1": 1,
        "2": 12,
        "3": 102,
        "4": 857,
        "5": 7291,
        "6": 29983
    },
    "2985": {
        "0": 1,
        "1": 11,
        "2": 85,
        "3": 624,
        "4": 4543,
        "5": 17388,
        "6": 53196
    },
    "2986": {
        "0": 1,
        "1": 12,
        "2": 104,
        "3": 886,
        "4": 7477,
        "5": 32493,
        "6": 91174
    },
    "2987": {
        "0": 1,
        "1": 10,
        "2": 80,
        "3": 604,
        "4": 4491,
        "5": 15903,
        "6": 38399
    },
    "2988": {
        "0": 1,
        "1": 11,
        "2": 94,
        "3": 787,
        "4": 6523,
        "5": 23586,
        "6": 62556
    },
    "2989": {
        "0": 1,
        "1": 11,
        "2": 89,
        "3": 734,
        "4": 6088,
        "5": 18182,
        "6": 37198
    },
    "2990": {
        "0": 1,
        "1": 10,
        "2": 87,
        "3": 755,
        "4": 6545,
        "5": 23554,
        "6": 54427
    },
    "2991": {
        "0": 1,
        "1": 8,
        "2": 71,
        "3": 621,
        "4": 5452,
        "5": 14927,
        "6": 30462
    },
    "2992": {
        "0": 1,
        "1": 11,
        "2": 85,
        "3": 587,
        "4": 3956,
        "5": 17349,
        "6": 53109
    },
    "2993": {
        "0": 1,
        "1": 1,
        "2": 1,
        "3": 1,
        "4": 11,
        "5": 85,
        "6": 639
    },
    "2994": {
        "0": 1,
        "1": 10,
        "2": 83,
        "3": 718,
        "4": 6166,
        "5": 20308,
        "6": 39731
    },
    "2995": {
        "0": 1,
        "1": 12,
        "2": 105,
        "3": 903,
        "4": 7732,
        "5": 33230,
        "6": 86286
    },
    "2996": {
        "0": 1,
        "1": 1,
        "2": 12,
        "3": 95,
        "4": 687,
        "5": 4966,
        "6": 18890
    },
    "2997": {
        "0": 1,
        "1": 10,
        "2": 89,
        "3": 782,
        "4": 6740,
        "5": 26589,
        "6": 68414
    },
    "2998": {
        "0": 1,
        "1": 1,
        "2": 10,
        "3": 79,
        "4": 614,
        "5": 4711,
        "6": 18470
    },
    "2999": {
        "0": 1,
        "1": 11,
        "2": 95,
        "3": 815,
        "4": 6941,
        "5": 26106,
        "6": 66620
    }
}