{
    "1800": {
        "0": 1,
        "1": 11,
        "2": 92,
        "3": 768,
        "4": 6393,
        "5": 22801,
        "6": 55653
    },
    "1801": {
        "0": 1,
        "1": 1,
        "2": 1,
        "3": 10,
        "4": 75,
        "5": 570,
        "6": 4273
    },
    "1802": {
        "0": 1,
        "1": 1,
        "2": 10,
        "3": 86,
        "4": 734,
        "5": 6166,
        "6": 20770
    },
    "1803": {
        "0": 1,
        "1": 1,
        "2": 10,
        "3": 78,
        "4": 601,
        "5": 4678,
        "6": 17132
    },
    "1804": {
        "0": 1,
        "1": 9,
        "2": 71,
        "3": 550,
        "4": 4131,
        "5": 14891,
        "6": 38479
    },
    "1805": {
        "0": 1,
        "1": 1,
        "2": 10,
        "3": 86,
        "4": 730,
        "5": 6061,
        "6": 22045
    },
    "1806": {
        "0": 1,
        "1": 10,
        "2": 79,
        "3": 613,
        "4": 4709,
        "5": 16954,
        "6": 45139
    },
    "1807": {
        "0": 1,
        "1": 1,
        "2": 1,
        "3": 1,
        "4": 1,
        "5": 12,
        "6": 105
    },
    "1808": {
        "0": 1,
        "1": 10,
        "2": 69,
        "3": 478,
        "4": 3342,
        "5": 12917,
        "6": 35276
    },
    "1809": {
        "0": 1,
        "1": 1,
        "2": 1,
        "3": 1,
        "4": 1,
        "5": 1,
        "6": 1
    },
    "1810": {
        "0": 1,
        "1": 11,
        "2": 94,
        "3": 804,
        "4": 6745,
        "5": 25438,
        "6": 58259
    },
    "1811": {
        "0": 1,
        "1": 10,
        "2": 78,
        "3": 587,
        "4": 4377,
        "5": 14867,
        "6": 34195
    },
    "1812": {
        "0": 1,
        "1": 12,
        "2": 82,
        "3": 538,
        "4": 3625,
        "5": 14509,
        "6": 40456
    },
    "1813": {
        "0": 1,
        "1": 8,
        "2": 52,
        "3": 347,
        "4": 2345,
        "5": 5577,
        "6": 10258
    },
    "1814": {
        "0": 1,
        "1": 1,
        "2": 1,
        "3": 11,
        "4": 94,
        "5": 745,
        "6": 5732
    },
    "1815": {
        "0": 1,
        "1": 1,
        "2": 11,
        "3": 86,
        "4": 633,
        "5": 4624,
        "6": 16424
    },
    "1816": {
        "0": 1,
        "1": 11,
        "2": 93,
        "3": 770,
        "4": 6284,
        "5": 20847,
        "6": 41036
    },
    "1817": {
        "0": 1,
        "1": 1,
        "2": 11,
        "3": 87,
        "4": 675,
        "5": 5221,
        "6": 21341
    },
    "1818": {
        "0": 1,
        "1": 11,
        "2": 90,
        "3": 720,
        "4": 5695,
        "5": 17014,
        "6": 33072
    },
    "1819": {
        "0": 1,
        "1": 1,
        "2": 9,
        "3": 58,
        "4": 374,
        "5": 2451,
        "6": 5802
    },
    "1820": {
        "0": 1,
        "1": 1,
        "2": 1,
        "3": 10,
        "4": 84,
        "5": 707,
        "6": 5880
    },
    "1821": {
        "0": 1,
        "1": 12,
        "2": 108,
        "3": 949,
        "4": 8255,
        "5": 38468,
        "6": 117362
    },
    "1822": {
        "0": 1,
        "1": 1,
        "2": 1,
        "3": 10,
        "4": 89,
        "5": 750,
        "6": 6155
    },
    "1823": {
        "0": 1,
        "1": 1,
        "2": 9,
        "3": 78,
        "4": 678,
        "5": 5790,
        "6": 18731
    },
    "1824": {
        "0": 1,
        "1": 10,
        "2": 88,
        "3": 748,
        "4": 6193,
        "5": 22573,
        "6": 55064
    },
    "1825": {
        "0": 1,
        "1": 11,
        "2": 86,
        "3": 672,
        "4": 5209,
        "5": 23026,
        "6": 62517
    },
    "1826": {
        "0": 1,
        "1": 10,
        "2": 75,
        "3": 571,
        "4": 4360,
        "5": 14362,
        "6": 36779
    },
    "1827": {
        "0": 1,
        "1": 9,
        "2": 73,
        "3": 602,
        "4": 4967,
        "5": 10831,
        "6": 22548
    },
    "1828": {
        "0": 1,
        "1": 1,
        "2": 10,
        "3": 69,
        "4": 477,
        "5": 3308,
        "6": 12820
    },
    "1829": {
        "0": 1,
        "1": 1,
        "2": 11,
        "3": 85,
        "4": 633,
        "5": 4727,
        "6": 17982
    },
    "1830": {
        "0": 1,
        "1": 10,
        "2": 77,
        "3": 582,
        "4": 4373,
        "5": 15268,
        "6": 32658
    },
    "1831": {
        "0": 1,
        "1": 9,
        "2": 76,
        "3": 653,
        "4": 5522,
        "5": 16047,
        "6": 31539
    },
    "1832": {
        "0": 1,
        "1": 1,
        "2": 1,
        "3": 10,
        "4": 73,
        "5": 537,
        "6": 3942
    },
    "1833": {
        "0": 1,
        "1": 10,
        "2": 79,
        "3": 593,
        "4": 4387,
        "5": 14762,
        "6": 36366
    },
    "1834": {
        "0": 1,
        "1": 10,
        "2": 85,
        "3": 728,
        "4": 6107,
        "5": 20086,
        "6": 44936
    },
    "1835": {
        "0": 1,
        "1": 8,
        "2": 61,
        "3": 457,
        "4": 3383,
        "5": 7750,
        "6": 13361
    },
    "1836": {
        "0": 1,
        "1": 9,
        "2": 79,
        "3": 677,
        "4": 5668,
        "5": 16667,
        "6": 30142
    },
    "1837": {
        "0": 1,
        "1": 13,
        "2": 97,
        "3": 627,
        "4": 3960,
        "5": 16043,
        "6": 46828
    },
    "1838": {
        "0": 1,
        "1": 10,
        "2": 75,
        "3": 572,
        "4": 4328,
        "5": 15206,
        "6": 39736
    },
    "1839": {
        "0": 1,
        "1": 1,
        "2": 10,
        "3": 66,
        "4": 421,
        "5": 2671,
        "6": 7952
    },
    "1840": {
        "0": 1,
        "1": 1,
        "2": 11,
        "3": 93,
        "4": 765,
        "5": 6257,
        "6": 20882
    },
    "1841": {
        "0": 1,
        "1": 1,
        "2": 13,
        "3": 104,
        "4": 793,
        "5": 6080,
        "6": 27634
    },
    "1842": {
        "0": 1,
        "1": 1,
        "2": 11,
        "3": 80,
        "4": 556,
        "5": 3863,
        "6": 16508
    },
    "1843": {
        "0": 1,
        "1": 1,
        "2": 11,
        "3": 78,
        "4": 537,
        "5": 3704,
        "6": 15400
    },
    "1844": {
        "0": 1,
        "1": 1,
        "2": 1,
        "3": 11,
        "4": 72,
        "5": 443,
        "6": 2813
    },
    "1845": {
        "0": 1,
        "1": 10,
        "2": 87,
        "3": 746,
        "4": 6364,
        "5": 21600,
        "6": 46528
    },
    "1846": {
        "0": 1,
        "1": 1,
        "2": 11,
        "3": 77,
        "4": 503,
        "5": 3313,
        "6": 11720
    },
    "1847": {
        "0": 1,
        "1": 9,
        "2": 75,
        "3": 634,
        "4": 5353,
        "5": 15211,
        "6": 28277
    },
    "1848": {
        "0": 1,
        "1": 9,
        "2": 72,
        "3": 592,
        "4": 4886,
        "5": 10281,
        "6": 16671
    },
    "1849": {
        "0": 1,
        "1": 1,
        "2": 13,
        "3": 106,
        "4": 770,
        "5": 5454,
        "6": 22997
    },
    "1850": {
        "0": 1,
        "1": 1,
        "2": 12,
        "3": 104,
        "4": 876,
        "5": 7264,
        "6": 29779
    },
    "1851": {
        "0": 1,
        "1": 1,
        "2": 12,
        "3": 98,
        "4": 770,
        "5": 5963,
        "6": 28091
    },
    "1852": {
        "0": 1,
        "1": 11,
        "2": 95,
        "3": 790,
        "4": 6506,
        "5": 23194,
        "6": 61672
    },
    "1853": {
        "0": 1,
        "1": 10,
        "2": 79,
        "3": 591,
        "4": 4393,
        "5": 13726,
        "6": 27688
    },
    "1854": {
        "0": 1,
        "1": 9,
        "2": 78,
        "3": 674,
        "4": 5824,
        "5": 17306,
        "6": 37817
    },
    "1855": {
        "0": 1,
        "1": 12,
        "2": 102,
        "3": 824,
        "4": 6543,
        "5": 21781,
        "6": 49791
    },
    "1856": {
        "0": 1,
        "1": 1,
        "2": 1,
        "3": 12,
        "4": 100,
        "5": 827,
        "6": 6689
    },
    "1857": {
        "0": 1,
        "1": 9,
        "2": 68,
        "3": 512,
        "4": 3868,
        "5": 10101,
        "6": 18916
    },
    "1858": {
        "0": 1,
        "1": 1,
        "2": 10,
        "3": 75,
        "4": 586,
        "5": 4602,
        "6": 17268
    },
    "1859": {
        "0": 1,
        "1": 1,
        "2": 1,
        "3": 10,
        "4": 74,
        "5": 539,
        "6": 3958
    },
    "1860": {
        "0": 1,
        "1": 11,
        "2": 98,
        "3": 853,
        "4": 7310,
        "5": 29576,
        "6": 76447
    },
    "1861": {
        "0": 1,
        "1": 12,
        "2": 87,
        "3": 557,
        "4": 3509,
        "5": 12981,
        "6": 33855
    },
    "1862": {
        "0": 1,
        "1": 10,
        "2": 83,
        "3": 712,
        "4": 6123,
        "5": 19868,
        "6": 45505
    },
    "1863": {
        "0": 1,
        "1": 1,
        "2": 1,
        "3": 9,
        "4": 71,
        "5": 544,
        "6": 4180
    },
    "1864": {
        "0": 1,
        "1": 1,
        "2": 9,
        "3": 67,
        "4": 505,
        "5": 3784,
        "6": 11079
    },
    "1865": {
        "0": 1,
        "1": 9,
        "2": 75,
        "3": 642,
        "4": 5495,
        "5": 14929,
        "6": 26562
    },
    "1866": {
        "0": 1,
        "1": 9,
        "2": 60,
        "3": 401,
        "4": 2688,
        "5": 7769,
        "6": 18244
    },
    "1867": {
        "0": 1,
        "1": 10,
        "2": 56,
        "3": 320,
        "4": 1825,
        "5": 5612,
        "6": 13633
    },
    "1868": {
        "0": 1,
        "1": 10,
        "2": 69,
        "3": 463,
        "4": 3079,
        "5": 11387,
        "6": 30400
    },
    "1869": {
        "0": 1,
        "1": 11,
        "2": 77,
        "3": 516,
        "4": 3473,
        "5": 13052,
        "6": 38420
    },
    "1870": {
        "0": 1,
        "1": 1,
        "2": 12,
        "3": 92,
        "4": 667,
        "5": 4914,
        "6": 17700
    },
    "1871": {
        "0": 1,
        "1": 9,
        "2": 82,
        "3": 718,
        "4": 6172,
        "5": 22123,
        "6": 54829
    },
    "1872": {
        "0": 1,
        "1": 1,
        "2": 11,
        "3": 91,
        "4": 757,
        "5": 6376,
        "6": 21219
    },
    "1873": {
        "0": 1,
        "1": 12,
        "2": 94,
        "3": 706,
        "4": 5331,
        "5": 21455,
        "6": 59822
    },
    "1874": {
        "0": 1,
        "1": 11,
        "2": 84,
        "3": 635,
        "4": 4817,
        "5": 17535,
        "6": 43726
    },
    "1875": {
        "0": 1,
        "1": 1,
        "2": 11,
        "3": 97,
        "4": 829,
        "5": 6985,
        "6": 28307
    },
    "1876": {
        "0": 1,
        "1": 1,
        "2": 1,
        "3": 12,
        "4": 93,
        "5": 686,
        "6": 5104
    },
    "1877": {
        "0": 1,
        "1": 12,
        "2": 110,
        "3": 948,
        "4": 7999,
        "5": 36682,
        "6": 111045
    },
    "1878": {
        "0": 1,
        "1": 10,
        "2": 79,
        "3": 623,
        "4": 4929,
        "5": 19928,
        "6": 52576
    },
    "1879": {
        "0": 1,
        "1": 8,
        "2": 63,
        "3": 489,
        "4": 3730,
        "5": 10784,
        "6": 21563
    },
    "1880": {
        "0": 1,
        "1": 10,
        "2": 81,
        "3": 680,
        "4": 5785,
        "5": 16872,
        "6": 36800
    },
    "1881": {
        "0": 1,
        "1": 1,
        "2": 10,
        "3": 83,
        "4": 692,
        "5": 5752,
        "6": 16625
    },
    "1882": {
        "0": 1,
        "1": 1,
        "2": 10,
        "3": 77,
        "4": 612,
        "5": 4752,
        "6": 19079
    },
    "1883": {
        "0": 1,
        "1": 1,
        "2": 11,
        "3": 95,
        "4": 794,
        "5": 6490,
        "6": 22306
    },
    "1884": {
        "0": 1,
        "1": 11,
        "2": 91,
        "3": 753,
        "4": 6224,
        "5": 21223,
        "6": 47090
    },
    "1885": {
        "0": 1,
        "1": 10,
        "2": 84,
        "3": 712,
        "4": 6021,
        "5": 18481,
        "6": 35232
    },
    "1886": {
        "0": 1,
        "1": 1,
        "2": 1,
        "3": 1,
        "4": 8,
        "5": 63,
        "6": 490
    },
    "1887": {
        "0": 1,
        "1": 10,
        "2": 79,
        "3": 605,
        "4": 4580,
        "5": 17083,
        "6": 46466
    },
    "1888": {
        "0": 1,
        "1": 10,
        "2": 77,
        "3": 582,
        "4": 4462,
        "5": 15585,
        "6": 39035
    },
    "1889": {
        "0": 1,
        "1": 1,
        "2": 1,
        "3": 1,
        "4": 8,
        "5": 71,
        "6": 633
    },
    "1890": {
        "0": 1,
        "1": 1,
        "2": 1,
        "3": 11,
        "4": 93,
        "5": 788,
        "6": 6625
    },
    "1891": {
        "0": 1,
        "1": 1,
        "2": 1,
        "3": 1,
        "4": 10,
        "5": 88,
        "6": 774
    },
    "1892": {
        "0": 1,
        "1": 10,
        "2": 74,
        "3": 554,
        "4": 4177,
        "5": 12594,
        "6": 25566
    },
    "1893": {
        "0": 1,
        "1": 1,
        "2": 1,
        "3": 1,
        "4": 8,
        "5": 51,
        "6": 323
    },
    "1894": {
        "0": 1,
        "1": 12,
        "2": 103,
        "3": 868,
        "4": 7257,
        "5": 28159,
        "6": 62115
    },
    "1895": {
        "0": 1,
        "1": 9,
        "2": 78,
        "3": 677,
        "4": 5731,
        "5": 20124,
        "6": 51248
    },
    "1896": {
        "0": 1,
        "1": 1,
        "2": 12,
        "3": 94,
        "4": 708,
        "5": 5349,
        "6": 21391
    },
    "1897": {
        "0": 1,
        "1": 1,
        "2": 1,
        "3": 1,
        "4": 9,
        "5": 74,
        "6": 627
    },
    "1898": {
        "0": 1,
        "1": 1,
        "2": 1,
        "3": 10,
        "4": 67,
        "5": 415,
        "6": 2539
    },
    "1899": {
        "0": 1,
        "1": 12,
        "2": 92,
        "3": 664,
        "4": 4818,
        "5": 16304,
        "6": 41055
    }
}