{
    "26800": {
        "0": 1,
        "1": 1,
        "2": 1,
        "3": 11,
        "4": 94,
        "5": 794,
        "6": 6602
    },
    "26801": {
        "0": 1,
        "1": 1,
        "2": 11,
        "3": 82,
        "4": 592,
        "5": 4297,
        "6": 14091
    },
    "26802": {
        "0": 1,
        "1": 11,
        "2": 75,
        "3": 500,
        "4": 3377,
        "5": 12548,
        "6": 32747
    },
    "26803": {
        "0": 1,
        "1": 10,
        "2": 90,
        "3": 773,
        "4": 6376,
        "5": 23802,
        "6": 57754
    },
    "26804": {
        "0": 1,
        "1": 12,
        "2": 102,
        "3": 797,
        "4": 6118,
        "5": 27619,
        "6": 86591
    },
    "26805": {
        "0": 1,
        "1": 1,
        "2": 9,
        "3": 77,
        "4": 654,
        "5": 5554,
        "6": 16283
    },
    "26806": {
        "0": 1,
        "1": 11,
        "2": 91,
        "3": 742,
        "4": 6046,
        "5": 19152,
        "6": 38578
    },
    "26807": {
        "0": 1,
        "1": 1,
        "2": 10,
        "3": 87,
        "4": 758,
        "5": 6455,
        "6": 24218
    },
    "26808": {
        "0": 1,
        "1": 10,
        "2": 79,
        "3": 609,
        "4": 4731,
        "5": 17589,
        "6": 49098
    },
    "26809": {
        "0": 1,
        "1": 10,
        "2": 86,
        "3": 729,
        "4": 6069,
        "5": 19967,
        "6": 47762
    },
    "26810": {
        "0": 1,
        "1": 1,
        "2": 1,
        "3": 10,
        "4": 72,
        "5": 523,
        "6": 3796
    },
    "26811": {
        "0": 1,
        "1": 1,
        "2": 9,
        "3": 60,
        "4": 394,
        "5": 2558,
        "6": 7483
    },
    "26812": {
        "0": 1,
        "1": 1,
        "2": 9,
        "3": 62,
        "4": 430,
        "5": 2968,
        "6": 10225
    },
    "26813": {
        "0": 1,
        "1": 11,
        "2": 95,
        "3": 803,
        "4": 6708,
        "5": 25366,
        "6": 63411
    },
    "26814": {
        "0": 1,
        "1": 1,
        "2": 9,
        "3": 49,
        "4": 269,
        "5": 1520,
        "6": 3827
    },
    "26815": {
        "0": 1,
        "1": 1,
        "2": 12,
        "3": 96,
        "4": 741,
        "5": 5685,
        "6": 24428
    },
    "26816": {
        "0": 1,
        "1": 11,
        "2": 84,
        "3": 625,
        "4": 4672,
        "5": 15965,
        "6": 37488
    },
    "26817": {
        "0": 1,
        "1": 1,
        "2": 11,
        "3": 87,
        "4": 645,
        "5": 4675,
        "6": 18135
    },
    "26818": {
        "0": 1,
        "1": 10,
        "2": 80,
        "3": 626,
        "4": 4864,
        "5": 20049,
        "6": 59337
    },
    "26819": {
        "0": 1,
        "1": 1,
        "2": 8,
        "3": 62,
        "4": 470,
        "5": 3537,
        "6": 10992
    },
    "26820": {
        "0": 1,
        "1": 11,
        "2": 84,
        "3": 628,
        "4": 4776,
        "5": 17525,
        "6": 43539
    },
    "26821": {
        "0": 1,
        "1": 1,
        "2": 1,
        "3": 1,
        "4": 1,
        "5": 11,
        "6": 74
    },
    "26822": {
        "0": 1,
        "1": 13,
        "2": 106,
        "3": 796,
        "4": 5802,
        "5": 25905,
        "6": 79282
    },
    "26823": {
        "0": 1,
        "1": 11,
        "2": 69,
        "3": 382,
        "4": 2115,
        "5": 6828,
        "6": 16587
    },
    "26824": {
        "0": 1,
        "1": 1,
        "2": 1,
        "3": 10,
        "4": 72,
        "5": 478,
        "6": 3076
    },
    "26825": {
        "0": 1,
        "1": 1,
        "2": 11,
        "3": 93,
        "4": 786,
        "5": 6590,
        "6": 24394
    },
    "26826": {
        "0": 1,
        "1": 1,
        "2": 1,
        "3": 12,
        "4": 99,
        "5": 826,
        "6": 6900
    },
    "26827": {
        "0": 1,
        "1": 1,
        "2": 1,
        "3": 1,
        "4": 9,
        "5": 68,
        "6": 503
    },
    "26828": {
        "0": 1,
        "1": 1,
        "2": 11,
        "3": 86,
        "4": 665,
        "5": 5167,
        "6": 20873
    },
    "26829": {
        "0": 1,
        "1": 10,
        "2": 89,
        "3": 789,
        "4": 6912,
        "5": 29772,
        "6": 91376
    },
    "26830": {
        "0": 1,
        "1": 11,
        "2": 94,
        "3": 772,
        "4": 6229,
        "5": 21817,
        "6": 57910
    },
    "26831": {
        "0": 1,
        "1": 1,
        "2": 11,
        "3": 92,
        "4": 765,
        "5": 6338,
        "6": 19826
    },
    "26832": {
        "0": 1,
        "1": 1,
        "2": 1,
        "3": 12,
        "4": 89,
        "5": 599,
        "6": 3997
    },
    "26833": {
        "0": 1,
        "1": 1,
        "2": 12,
        "3": 108,
        "4": 926,
        "5": 7707,
        "6": 35086
    },
    "26834": {
        "0": 1,
        "1": 10,
        "2": 79,
        "3": 617,
        "4": 4718,
        "5": 18171,
        "6": 52871
    },
    "26835": {
        "0": 1,
        "1": 1,
        "2": 1,
        "3": 10,
        "4": 77,
        "5": 590,
        "6": 4553
    },
    "26836": {
        "0": 1,
        "1": 1,
        "2": 1,
        "3": 12,
        "4": 106,
        "5": 899,
        "6": 7514
    },
    "26837": {
        "0": 1,
        "1": 1,
        "2": 1,
        "3": 10,
        "4": 58,
        "5": 338,
        "6": 1978
    },
    "26838": {
        "0": 1,
        "1": 11,
        "2": 82,
        "3": 540,
        "4": 3538,
        "5": 14161,
        "6": 44431
    },
    "26839": {
        "0": 1,
        "1": 1,
        "2": 14,
        "3": 120,
        "4": 983,
        "5": 8069,
        "6": 36090
    },
    "26840": {
        "0": 1,
        "1": 9,
        "2": 70,
        "3": 519,
        "4": 3829,
        "5": 12594,
        "6": 30595
    },
    "26841": {
        "0": 1,
        "1": 10,
        "2": 76,
        "3": 592,
        "4": 4647,
        "5": 17444,
        "6": 41440
    },
    "26842": {
        "0": 1,
        "1": 12,
        "2": 105,
        "3": 914,
        "4": 7794,
        "5": 33660,
        "6": 89737
    },
    "26843": {
        "0": 1,
        "1": 1,
        "2": 10,
        "3": 86,
        "4": 742,
        "5": 6390,
        "6": 22368
    },
    "26844": {
        "0": 1,
        "1": 1,
        "2": 1,
        "3": 11,
        "4": 91,
        "5": 766,
        "6": 6450
    },
    "26845": {
        "0": 1,
        "1": 11,
        "2": 89,
        "3": 684,
        "4": 5271,
        "5": 21674,
        "6": 60602
    },
    "26846": {
        "0": 1,
        "1": 12,
        "2": 86,
        "3": 556,
        "4": 3530,
        "5": 13243,
        "6": 34845
    },
    "26847": {
        "0": 1,
        "1": 10,
        "2": 72,
        "3": 515,
        "4": 3650,
        "5": 10266,
        "6": 22919
    },
    "26848": {
        "0": 1,
        "1": 1,
        "2": 13,
        "3": 90,
        "4": 540,
        "5": 3300,
        "6": 15663
    },
    "26849": {
        "0": 1,
        "1": 11,
        "2": 78,
        "3": 530,
        "4": 3557,
        "5": 13780,
        "6": 39562
    },
    "26850": {
        "0": 1,
        "1": 12,
        "2": 95,
        "3": 717,
        "4": 5409,
        "5": 21522,
        "6": 57725
    },
    "26851": {
        "0": 1,
        "1": 1,
        "2": 9,
        "3": 63,
        "4": 444,
        "5": 3130,
        "6": 11858
    },
    "26852": {
        "0": 1,
        "1": 9,
        "2": 72,
        "3": 557,
        "4": 4291,
        "5": 13796,
        "6": 32420
    },
    "26853": {
        "0": 1,
        "1": 1,
        "2": 1,
        "3": 9,
        "4": 75,
        "5": 636,
        "6": 5399
    },
    "26854": {
        "0": 1,
        "1": 1,
        "2": 1,
        "3": 10,
        "4": 78,
        "5": 590,
        "6": 4305
    },
    "26855": {
        "0": 1,
        "1": 1,
        "2": 1,
        "3": 1,
        "4": 10,
        "5": 85,
        "6": 727
    },
    "26856": {
        "0": 1,
        "1": 9,
        "2": 62,
        "3": 426,
        "4": 2889,
        "5": 10376,
        "6": 25599
    },
    "26857": {
        "0": 1,
        "1": 1,
        "2": 1,
        "3": 1,
        "4": 9,
        "5": 68,
        "6": 503
    },
    "26858": {
        "0": 1,
        "1": 1,
        "2": 10,
        "3": 80,
        "4": 607,
        "5": 4514,
        "6": 15826
    },
    "26859": {
        "0": 1,
        "1": 10,
        "2": 78,
        "3": 568,
        "4": 4052,
        "5": 11375,
        "6": 22260
    },
    "26860": {
        "0": 1,
        "1": 11,
        "2": 94,
        "3": 794,
        "4": 6710,
        "5": 24074,
        "6": 54835
    },
    "26861": {
        "0": 1,
        "1": 9,
        "2": 68,
        "3": 506,
        "4": 3742,
        "5": 10398,
        "6": 21788
    },
    "26862": {
        "0": 1,
        "1": 11,
        "2": 95,
        "3": 800,
        "4": 6719,
        "5": 26278,
        "6": 69241
    },
    "26863": {
        "0": 1,
        "1": 1,
        "2": 11,
        "3": 96,
        "4": 802,
        "5": 6629,
        "6": 24558
    },
    "26864": {
        "0": 1,
        "1": 1,
        "2": 9,
        "3": 72,
        "4": 581,
        "5": 4683,
        "6": 18587
    },
    "26865": {
        "0": 1,
        "1": 1,
        "2": 1,
        "3": 1,
        "4": 11,
        "5": 76,
        "6": 493
    },
    "26866": {
        "0": 1,
        "1": 12,
        "2": 88,
        "3": 582,
        "4": 3824,
        "5": 14791,
        "6": 44242
    },
    "26867": {
        "0": 1,
        "1": 1,
        "2": 10,
        "3": 68,
        "4": 457,
        "5": 3104,
        "6": 10931
    },
    "26868": {
        "0": 1,
        "1": 1,
        "2": 12,
        "3": 97,
        "4": 718,
        "5": 5220,
        "6": 20538
    },
    "26869": {
        "0": 1,
        "1": 1,
        "2": 12,
        "3": 93,
        "4": 686,
        "5": 5130,
        "6": 19599
    },
    "26870": {
        "0": 1,
        "1": 11,
        "2": 83,
        "3": 608,
        "4": 4403,
        "5": 14405,
        "6": 34378
    },
    "26871": {
        "0": 1,
        "1": 1,
        "2": 11,
        "3": 86,
        "4": 648,
        "5": 4808,
        "6": 18437
    },
    "26872": {
        "0": 1,
        "1": 10,
        "2": 86,
        "3": 720,
        "4": 5853,
        "5": 19020,
        "6": 44026
    },
    "26873": {
        "0": 1,
        "1": 13,
        "2": 114,
        "3": 941,
        "4": 7636,
        "5": 31487,
        "6": 85754
    },
    "26874": {
        "0": 1,
        "1": 11,
        "2": 94,
        "3": 784,
        "4": 6405,
        "5": 23876,
        "6": 59301
    },
    "26875": {
        "0": 1,
        "1": 1,
        "2": 11,
        "3": 91,
        "4": 758,
        "5": 6297,
        "6": 21896
    },
    "26876": {
        "0": 1,
        "1": 1,
        "2": 10,
        "3": 82,
        "4": 631,
        "5": 4698,
        "6": 18727
    },
    "26877": {
        "0": 1,
        "1": 10,
        "2": 86,
        "3": 736,
        "4": 6321,
        "5": 21799,
        "6": 47780
    },
    "26878": {
        "0": 1,
        "1": 13,
        "2": 112,
        "3": 946,
        "4": 7889,
        "5": 34778,
        "6": 94985
    },
    "26879": {
        "0": 1,
        "1": 14,
        "2": 116,
        "3": 856,
        "4": 6257,
        "5": 27147,
        "6": 76690
    },
    "26880": {
        "0": 1,
        "1": 9,
        "2": 67,
        "3": 507,
        "4": 3852,
        "5": 10140,
        "6": 19223
    },
    "26881": {
        "0": 1,
        "1": 11,
        "2": 95,
        "3": 805,
        "4": 6788,
        "5": 24637,
        "6": 55724
    },
    "26882": {
        "0": 1,
        "1": 9,
        "2": 75,
        "3": 631,
        "4": 5273,
        "5": 13744,
        "6": 26783
    },
    "26883": {
        "0": 1,
        "1": 1,
        "2": 11,
        "3": 94,
        "4": 805,
        "5": 6875,
        "6": 26046
    },
    "26884": {
        "0": 1,
        "1": 1,
        "2": 1,
        "3": 10,
        "4": 73,
        "5": 519,
        "6": 3672
    },
    "26885": {
        "0": 1,
        "1": 1,
        "2": 9,
        "3": 67,
        "4": 512,
        "5": 3959,
        "6": 11473
    },
    "26886": {
        "0": 1,
        "1": 1,
        "2": 1,
        "3": 1,
        "4": 11,
        "5": 85,
        "6": 653
    },
    "26887": {
        "0": 1,
        "1": 10,
        "2": 78,
        "3": 601,
        "4": 4657,
        "5": 17031,
        "6": 45380
    },
    "26888": {
        "0": 1,
        "1": 1,
        "2": 1,
        "3": 11,
        "4": 87,
        "5": 645,
        "6": 4685
    },
    "26889": {
        "0": 1,
        "1": 10,
        "2": 81,
        "3": 675,
        "4": 5582,
        "5": 16034,
        "6": 31581
    },
    "26890": {
        "0": 1,
        "1": 1,
        "2": 8,
        "3": 64,
        "4": 513,
        "5": 4086,
        "6": 13276
    },
    "26891": {
        "0": 1,
        "1": 1,
        "2": 12,
        "3": 93,
        "4": 695,
        "5": 5206,
        "6": 19971
    },
    "26892": {
        "0": 1,
        "1": 1,
        "2": 12,
        "3": 98,
        "4": 735,
        "5": 5361,
        "6": 21209
    },
    "26893": {
        "0": 1,
        "1": 9,
        "2": 60,
        "3": 411,
        "4": 2862,
        "5": 9725,
        "6": 22639
    },
    "26894": {
        "0": 1,
        "1": 1,
        "2": 1,
        "3": 1,
        "4": 11,
        "5": 75,
        "6": 495
    },
    "26895": {
        "0": 1,
        "1": 1,
        "2": 1,
        "3": 11,
        "4": 79,
        "5": 532,
        "6": 3611
    },
    "26896": {
        "0": 1,
        "1": 1,
        "2": 11,
        "3": 77,
        "4": 508,
        "5": 3435,
        "6": 13356
    },
    "26897": {
        "0": 1,
        "1": 1,
        "2": 10,
        "3": 84,
        "4": 718,
        "5": 6077,
        "6": 20746
    },
    "26898": {
        "0": 1,
        "1": 8,
        "2": 70,
        "3": 618,
        "4": 5452,
        "5": 15264,
        "6": 29705
    },
    "26899": {
        "0": 1,
        "1": 1,
        "2": 11,
        "3": 92,
        "4": 760,
        "5": 6219,
        "6": 20657
    }
}