{
    "22000": {
        "0": 1,
        "1": 1,
        "2": 10,
        "3": 84,
        "4": 712,
        "5": 6030,
        "6": 20821
    },
    "22001": {
        "0": 1,
        "1": 10,
        "2": 66,
        "3": 425,
        "4": 2791,
        "5": 8174,
        "6": 18335
    },
    "22002": {
        "0": 1,
        "1": 1,
        "2": 10,
        "3": 78,
        "4": 578,
        "5": 4276,
        "6": 14448
    },
    "22003": {
        "0": 1,
        "1": 1,
        "2": 1,
        "3": 1,
        "4": 11,
        "5": 67,
        "6": 405
    },
    "22004": {
        "0": 1,
        "1": 9,
        "2": 77,
        "3": 667,
        "4": 5784,
        "5": 17411,
        "6": 35607
    },
    "22005": {
        "0": 1,
        "1": 12,
        "2": 104,
        "3": 881,
        "4": 7345,
        "5": 30342,
        "6": 82480
    },
    "22006": {
        "0": 1,
        "1": 8,
        "2": 73,
        "3": 655,
        "4": 5832,
        "5": 18912,
        "6": 43618
    },
    "22007": {
        "0": 1,
        "1": 1,
        "2": 10,
        "3": 76,
        "4": 587,
        "5": 4554,
        "6": 16179
    },
    "22008": {
        "0": 1,
        "1": 1,
        "2": 12,
        "3": 94,
        "4": 684,
        "5": 4960,
        "6": 18675
    },
    "22009": {
        "0": 1,
        "1": 9,
        "2": 74,
        "3": 625,
        "4": 5255,
        "5": 13970,
        "6": 28213
    },
    "22010": {
        "0": 1,
        "1": 1,
        "2": 12,
        "3": 94,
        "4": 693,
        "5": 5039,
        "6": 19090
    },
    "22011": {
        "0": 1,
        "1": 1,
        "2": 10,
        "3": 87,
        "4": 748,
        "5": 6435,
        "6": 22930
    },
    "22012": {
        "0": 1,
        "1": 9,
        "2": 80,
        "3": 714,
        "4": 6255,
        "5": 21659,
        "6": 55173
    },
    "22013": {
        "0": 1,
        "1": 1,
        "2": 10,
        "3": 76,
        "4": 562,
        "5": 4176,
        "6": 13821
    },
    "22014": {
        "0": 1,
        "1": 11,
        "2": 74,
        "3": 491,
        "4": 3285,
        "5": 12135,
        "6": 31876
    },
    "22015": {
        "0": 1,
        "1": 11,
        "2": 93,
        "3": 799,
        "4": 6921,
        "5": 27393,
        "6": 67116
    },
    "22016": {
        "0": 1,
        "1": 11,
        "2": 95,
        "3": 788,
        "4": 6407,
        "5": 23536,
        "6": 56685
    },
    "22017": {
        "0": 1,
        "1": 1,
        "2": 10,
        "3": 83,
        "4": 670,
        "5": 5348,
        "6": 23099
    },
    "22018": {
        "0": 1,
        "1": 10,
        "2": 86,
        "3": 738,
        "4": 6123,
        "5": 21658,
        "6": 50253
    },
    "22019": {
        "0": 1,
        "1": 12,
        "2": 91,
        "3": 644,
        "4": 4596,
        "5": 15906,
        "6": 40563
    },
    "22020": {
        "0": 1,
        "1": 1,
        "2": 10,
        "3": 79,
        "4": 605,
        "5": 4589,
        "6": 17186
    },
    "22021": {
        "0": 1,
        "1": 1,
        "2": 9,
        "3": 67,
        "4": 505,
        "5": 3760,
        "6": 10645
    },
    "22022": {
        "0": 1,
        "1": 1,
        "2": 1,
        "3": 1,
        "4": 1,
        "5": 11,
        "6": 90
    },
    "22023": {
        "0": 1,
        "1": 10,
        "2": 82,
        "3": 685,
        "4": 5748,
        "5": 14956,
        "6": 24501
    },
    "22024": {
        "0": 1,
        "1": 9,
        "2": 71,
        "3": 538,
        "4": 4027,
        "5": 12510,
        "6": 30242
    },
    "22025": {
        "0": 1,
        "1": 1,
        "2": 11,
        "3": 88,
        "4": 688,
        "5": 5406,
        "6": 23373
    },
    "22026": {
        "0": 1,
        "1": 1,
        "2": 12,
        "3": 104,
        "4": 860,
        "5": 6957,
        "6": 27897
    },
    "22027": {
        "0": 1,
        "1": 1,
        "2": 1,
        "3": 9,
        "4": 69,
        "5": 534,
        "6": 4102
    },
    "22028": {
        "0": 1,
        "1": 1,
        "2": 1,
        "3": 1,
        "4": 10,
        "5": 79,
        "6": 667
    },
    "22029": {
        "0": 1,
        "1": 1,
        "2": 1,
        "3": 9,
        "4": 68,
        "5": 524,
        "6": 4025
    },
    "22030": {
        "0": 1,
        "1": 1,
        "2": 1,
        "3": 1,
        "4": 1,
        "5": 1,
        "6": 1
    },
    "22031": {
        "0": 1,
        "1": 1,
        "2": 1,
        "3": 1,
        "4": 12,
        "5": 105,
        "6": 888
    },
    "22032": {
        "0": 1,
        "1": 1,
        "2": 1,
        "3": 11,
        "4": 88,
        "5": 674,
        "6": 5128
    },
    "22033": {
        "0": 1,
        "1": 9,
        "2": 76,
        "3": 637,
        "4": 5350,
        "5": 14803,
        "6": 25026
    },
    "22034": {
        "0": 1,
        "1": 12,
        "2": 110,
        "3": 943,
        "4": 7922,
        "5": 32755,
        "6": 94218
    },
    "22035": {
        "0": 1,
        "1": 10,
        "2": 82,
        "3": 683,
        "4": 5600,
        "5": 17168,
        "6": 33672
    },
    "22036": {
        "0": 1,
        "1": 11,
        "2": 85,
        "3": 633,
        "4": 4745,
        "5": 16853,
        "6": 40221
    },
    "22037": {
        "0": 1,
        "1": 1,
        "2": 1,
        "3": 1,
        "4": 10,
        "5": 86,
        "6": 737
    },
    "22038": {
        "0": 1,
        "1": 1,
        "2": 1,
        "3": 10,
        "4": 87,
        "5": 744,
        "6": 6182
    },
    "22039": {
        "0": 1,
        "1": 1,
        "2": 8,
        "3": 68,
        "4": 569,
        "5": 4706,
        "6": 10832
    },
    "22040": {
        "0": 1,
        "1": 11,
        "2": 92,
        "3": 774,
        "4": 6478,
        "5": 23807,
        "6": 54855
    },
    "22041": {
        "0": 1,
        "1": 1,
        "2": 10,
        "3": 86,
        "4": 694,
        "5": 5457,
        "6": 24804
    },
    "22042": {
        "0": 1,
        "1": 1,
        "2": 1,
        "3": 8,
        "4": 72,
        "5": 621,
        "6": 5247
    },
    "22043": {
        "0": 1,
        "1": 1,
        "2": 1,
        "3": 1,
        "4": 12,
        "5": 83,
        "6": 521
    },
    "22044": {
        "0": 1,
        "1": 1,
        "2": 10,
        "3": 84,
        "4": 713,
        "5": 6111,
        "6": 19609
    },
    "22045": {
        "0": 1,
        "1": 10,
        "2": 86,
        "3": 727,
        "4": 6051,
        "5": 20000,
        "6": 45296
    },
    "22046": {
        "0": 1,
        "1": 11,
        "2": 95,
        "3": 811,
        "4": 6884,
        "5": 25600,
        "6": 59523
    },
    "22047": {
        "0": 1,
        "1": 1,
        "2": 10,
        "3": 84,
        "4": 707,
        "5": 5789,
        "6": 18833
    },
    "22048": {
        "0": 1,
        "1": 10,
        "2": 80,
        "3": 614,
        "4": 4618,
        "5": 16962,
        "6": 45843
    },
    "22049": {
        "0": 1,
        "1": 1,
        "2": 12,
        "3": 102,
        "4": 858,
        "5": 7173,
        "6": 27448
    },
    "22050": {
        "0": 1,
        "1": 9,
        "2": 68,
        "3": 500,
        "4": 3674,
        "5": 9497,
        "6": 20837
    },
    "22051": {
        "0": 1,
        "1": 1,
        "2": 1,
        "3": 11,
        "4": 96,
        "5": 818,
        "6": 6871
    },
    "22052": {
        "0": 1,
        "1": 1,
        "2": 1,
        "3": 10,
        "4": 78,
        "5": 589,
        "6": 4428
    },
    "22053": {
        "0": 1,
        "1": 8,
        "2": 54,
        "3": 359,
        "4": 2360,
        "5": 6401,
        "6": 10239
    },
    "22054": {
        "0": 1,
        "1": 10,
        "2": 76,
        "3": 565,
        "4": 4200,
        "5": 13934,
        "6": 33697
    },
    "22055": {
        "0": 1,
        "1": 1,
        "2": 1,
        "3": 1,
        "4": 1,
        "5": 10,
        "6": 87
    },
    "22056": {
        "0": 1,
        "1": 1,
        "2": 1,
        "3": 10,
        "4": 74,
        "5": 529,
        "6": 3769
    },
    "22057": {
        "0": 1,
        "1": 10,
        "2": 74,
        "3": 545,
        "4": 4073,
        "5": 11638,
        "6": 27300
    },
    "22058": {
        "0": 1,
        "1": 1,
        "2": 9,
        "3": 75,
        "4": 616,
        "5": 5079,
        "6": 11882
    },
    "22059": {
        "0": 1,
        "1": 9,
        "2": 77,
        "3": 664,
        "4": 5653,
        "5": 17419,
        "6": 35521
    },
    "22060": {
        "0": 1,
        "1": 10,
        "2": 85,
        "3": 709,
        "4": 5882,
        "5": 18525,
        "6": 43097
    },
    "22061": {
        "0": 1,
        "1": 1,
        "2": 8,
        "3": 63,
        "4": 480,
        "5": 3607,
        "6": 9849
    },
    "22062": {
        "0": 1,
        "1": 1,
        "2": 1,
        "3": 10,
        "4": 73,
        "5": 523,
        "6": 3755
    },
    "22063": {
        "0": 1,
        "1": 14,
        "2": 113,
        "3": 837,
        "4": 6199,
        "5": 27094,
        "6": 80640
    },
    "22064": {
        "0": 1,
        "1": 1,
        "2": 1,
        "3": 10,
        "4": 70,
        "5": 473,
        "6": 3183
    },
    "22065": {
        "0": 1,
        "1": 1,
        "2": 12,
        "3": 104,
        "4": 872,
        "5": 7272,
        "6": 28094
    },
    "22066": {
        "0": 1,
        "1": 1,
        "2": 9,
        "3": 73,
        "4": 598,
        "5": 4925,
        "6": 10286
    },
    "22067": {
        "0": 1,
        "1": 1,
        "2": 1,
        "3": 12,
        "4": 83,
        "5": 542,
        "6": 3668
    },
    "22068": {
        "0": 1,
        "1": 1,
        "2": 12,
        "3": 98,
        "4": 783,
        "5": 6248,
        "6": 19859
    },
    "22069": {
        "0": 1,
        "1": 1,
        "2": 8,
        "3": 56,
        "4": 398,
        "5": 2803,
        "6": 9561
    },
    "22070": {
        "0": 1,
        "1": 11,
        "2": 79,
        "3": 547,
        "4": 3815,
        "5": 16301,
        "6": 47032
    },
    "22071": {
        "0": 1,
        "1": 1,
        "2": 13,
        "3": 115,
        "4": 957,
        "5": 7883,
        "6": 32777
    },
    "22072": {
        "0": 1,
        "1": 9,
        "2": 76,
        "3": 641,
        "4": 5464,
        "5": 14109,
        "6": 25278
    },
    "22073": {
        "0": 1,
        "1": 8,
        "2": 72,
        "3": 638,
        "4": 5644,
        "5": 17096,
        "6": 35693
    },
    "22074": {
        "0": 1,
        "1": 1,
        "2": 10,
        "3": 82,
        "4": 687,
        "5": 5844,
        "6": 17613
    },
    "22075": {
        "0": 1,
        "1": 1,
        "2": 12,
        "3": 103,
        "4": 853,
        "5": 6981,
        "6": 26748
    },
    "22076": {
        "0": 1,
        "1": 10,
        "2": 68,
        "3": 473,
        "4": 3318,
        "5": 12943,
        "6": 36234
    },
    "22077": {
        "0": 1,
        "1": 1,
        "2": 10,
        "3": 83,
        "4": 632,
        "5": 4727,
        "6": 17859
    },
    "22078": {
        "0": 1,
        "1": 1,
        "2": 10,
        "3": 81,
        "4": 689,
        "5": 5763,
        "6": 19508
    },
    "22079": {
        "0": 1,
        "1": 8,
        "2": 61,
        "3": 466,
        "4": 3519,
        "5": 9095,
        "6": 17556
    },
    "22080": {
        "0": 1,
        "1": 10,
        "2": 87,
        "3": 752,
        "4": 6484,
        "5": 23095,
        "6": 52407
    },
    "22081": {
        "0": 1,
        "1": 1,
        "2": 12,
        "3": 76,
        "4": 425,
        "5": 2445,
        "6": 9364
    },
    "22082": {
        "0": 1,
        "1": 12,
        "2": 92,
        "3": 665,
        "4": 4759,
        "5": 16518,
        "6": 42018
    },
    "22083": {
        "0": 1,
        "1": 1,
        "2": 12,
        "3": 101,
        "4": 821,
        "5": 6653,
        "6": 23937
    },
    "22084": {
        "0": 1,
        "1": 10,
        "2": 78,
        "3": 594,
        "4": 4512,
        "5": 15409,
        "6": 37434
    },
    "22085": {
        "0": 1,
        "1": 1,
        "2": 1,
        "3": 13,
        "4": 114,
        "5": 957,
        "6": 7983
    },
    "22086": {
        "0": 1,
        "1": 1,
        "2": 12,
        "3": 86,
        "4": 546,
        "5": 3466,
        "6": 11978
    },
    "22087": {
        "0": 1,
        "1": 1,
        "2": 10,
        "3": 73,
        "4": 517,
        "5": 3657,
        "6": 8642
    },
    "22088": {
        "0": 1,
        "1": 1,
        "2": 12,
        "3": 97,
        "4": 754,
        "5": 5861,
        "6": 26513
    },
    "22089": {
        "0": 1,
        "1": 10,
        "2": 66,
        "3": 430,
        "4": 2849,
        "5": 9912,
        "6": 26539
    },
    "22090": {
        "0": 1,
        "1": 9,
        "2": 79,
        "3": 678,
        "4": 5717,
        "5": 17433,
        "6": 35348
    },
    "22091": {
        "0": 1,
        "1": 1,
        "2": 9,
        "3": 73,
        "4": 601,
        "5": 4887,
        "6": 11832
    },
    "22092": {
        "0": 1,
        "1": 1,
        "2": 11,
        "3": 87,
        "4": 655,
        "5": 4835,
        "6": 18022
    },
    "22093": {
        "0": 1,
        "1": 14,
        "2": 122,
        "3": 1024,
        "4": 8350,
        "5": 38723,
        "6": 105602
    },
    "22094": {
        "0": 1,
        "1": 11,
        "2": 88,
        "3": 669,
        "4": 5094,
        "5": 19762,
        "6": 50932
    },
    "22095": {
        "0": 1,
        "1": 1,
        "2": 11,
        "3": 75,
        "4": 470,
        "5": 2983,
        "6": 10123
    },
    "22096": {
        "0": 1,
        "1": 12,
        "2": 103,
        "3": 866,
        "4": 7310,
        "5": 28972,
        "6": 73175
    },
    "22097": {
        "0": 1,
        "1": 1,
        "2": 1,
        "3": 1,
        "4": 11,
        "5": 94,
        "6": 795
    },
    "22098": {
        "0": 1,
        "1": 10,
        "2": 62,
        "3": 377,
        "4": 2339,
        "5": 9664,
        "6": 26835
    },
    "22099": {
        "0": 1,
        "1": 1,
        "2": 13,
        "3": 109,
        "4": 831,
        "5": 6203,
        "6": 27208
    }
}