{
    "10300": {
        "0": 1,
        "1": 8,
        "2": 68,
        "3": 567,
        "4": 4727,
        "5": 9179,
        "6": 14583
    },
    "10301": {
        "0": 1,
        "1": 9,
        "2": 62,
        "3": 432,
        "4": 3017,
        "5": 10564,
        "6": 27836
    },
    "10302": {
        "0": 1,
        "1": 8,
        "2": 61,
        "3": 454,
        "4": 3339,
        "5": 7062,
        "6": 12315
    },
    "10303": {
        "0": 1,
        "1": 12,
        "2": 104,
        "3": 889,
        "4": 7544,
        "5": 30971,
        "6": 85365
    },
    "10304": {
        "0": 1,
        "1": 10,
        "2": 75,
        "3": 583,
        "4": 4607,
        "5": 17477,
        "6": 44815
    },
    "10305": {
        "0": 1,
        "1": 11,
        "2": 96,
        "3": 820,
        "4": 7024,
        "5": 27646,
        "6": 72012
    },
    "10306": {
        "0": 1,
        "1": 1,
        "2": 9,
        "3": 50,
        "4": 287,
        "5": 1675,
        "6": 5049
    },
    "10307": {
        "0": 1,
        "1": 1,
        "2": 9,
        "3": 63,
        "4": 436,
        "5": 3061,
        "6": 11075
    },
    "10308": {
        "0": 1,
        "1": 13,
        "2": 105,
        "3": 774,
        "4": 5716,
        "5": 23538,
        "6": 68525
    },
    "10309": {
        "0": 1,
        "1": 12,
        "2": 89,
        "3": 597,
        "4": 3960,
        "5": 17079,
        "6": 50087
    },
    "10310": {
        "0": 1,
        "1": 1,
        "2": 10,
        "3": 74,
        "4": 537,
        "5": 3878,
        "6": 10738
    },
    "10311": {
        "0": 1,
        "1": 1,
        "2": 10,
        "3": 78,
        "4": 603,
        "5": 4725,
        "6": 17838
    },
    "10312": {
        "0": 1,
        "1": 1,
        "2": 9,
        "3": 68,
        "4": 512,
        "5": 3802,
        "6": 10843
    },
    "10313": {
        "0": 1,
        "1": 1,
        "2": 10,
        "3": 82,
        "4": 690,
        "5": 5859,
        "6": 17225
    },
    "10314": {
        "0": 1,
        "1": 1,
        "2": 8,
        "3": 69,
        "4": 587,
        "5": 4928,
        "6": 10642
    },
    "10315": {
        "0": 1,
        "1": 10,
        "2": 79,
        "3": 646,
        "4": 5313,
        "5": 11396,
        "6": 15632
    },
    "10316": {
        "0": 1,
        "1": 14,
        "2": 123,
        "3": 1018,
        "4": 8211,
        "5": 37592,
        "6": 112708
    },
    "10317": {
        "0": 1,
        "1": 14,
        "2": 132,
        "3": 1125,
        "4": 9276,
        "5": 45779,
        "6": 141619
    },
    "10318": {
        "0": 1,
        "1": 1,
        "2": 1,
        "3": 12,
        "4": 101,
        "5": 785,
        "6": 5956
    },
    "10319": {
        "0": 1,
        "1": 10,
        "2": 77,
        "3": 576,
        "4": 4310,
        "5": 14885,
        "6": 37532
    },
    "10320": {
        "0": 1,
        "1": 1,
        "2": 1,
        "3": 1,
        "4": 1,
        "5": 10,
        "6": 75
    },
    "10321": {
        "0": 1,
        "1": 10,
        "2": 85,
        "3": 714,
        "4": 5889,
        "5": 17712,
        "6": 36403
    },
    "10322": {
        "0": 1,
        "1": 12,
        "2": 100,
        "3": 832,
        "4": 6844,
        "5": 25539,
        "6": 56931
    },
    "10323": {
        "0": 1,
        "1": 1,
        "2": 8,
        "3": 58,
        "4": 427,
        "5": 3178,
        "6": 6391
    },
    "10324": {
        "0": 1,
        "1": 12,
        "2": 82,
        "3": 521,
        "4": 3354,
        "5": 12501,
        "6": 31669
    },
    "10325": {
        "0": 1,
        "1": 10,
        "2": 69,
        "3": 472,
        "4": 3286,
        "5": 12683,
        "6": 36524
    },
    "10326": {
        "0": 1,
        "1": 1,
        "2": 1,
        "3": 1,
        "4": 9,
        "5": 69,
        "6": 511
    },
    "10327": {
        "0": 1,
        "1": 12,
        "2": 105,
        "3": 898,
        "4": 7638,
        "5": 32203,
        "6": 86054
    },
    "10328": {
        "0": 1,
        "1": 9,
        "2": 59,
        "3": 395,
        "4": 2684,
        "5": 8088,
        "6": 16730
    },
    "10329": {
        "0": 1,
        "1": 11,
        "2": 74,
        "3": 477,
        "4": 3118,
        "5": 10229,
        "6": 23130
    },
    "10330": {
        "0": 1,
        "1": 11,
        "2": 93,
        "3": 765,
        "4": 6253,
        "5": 20786,
        "6": 46338
    },
    "10331": {
        "0": 1,
        "1": 9,
        "2": 67,
        "3": 498,
        "4": 3730,
        "5": 8910,
        "6": 19936
    },
    "10332": {
        "0": 1,
        "1": 9,
        "2": 61,
        "3": 412,
        "4": 2788,
        "5": 8666,
        "6": 21050
    },
    "10333": {
        "0": 1,
        "1": 1,
        "2": 1,
        "3": 9,
        "4": 74,
        "5": 627,
        "6": 5344
    },
    "10334": {
        "0": 1,
        "1": 10,
        "2": 79,
        "3": 610,
        "4": 4665,
        "5": 16473,
        "6": 40241
    },
    "10335": {
        "0": 1,
        "1": 10,
        "2": 80,
        "3": 625,
        "4": 4781,
        "5": 19059,
        "6": 54760
    },
    "10336": {
        "0": 1,
        "1": 1,
        "2": 9,
        "3": 69,
        "4": 512,
        "5": 3750,
        "6": 10057
    },
    "10337": {
        "0": 1,
        "1": 1,
        "2": 1,
        "3": 1,
        "4": 13,
        "5": 113,
        "6": 946
    },
    "10338": {
        "0": 1,
        "1": 1,
        "2": 12,
        "3": 99,
        "4": 784,
        "5": 6124,
        "6": 19823
    },
    "10339": {
        "0": 1,
        "1": 1,
        "2": 11,
        "3": 86,
        "4": 667,
        "5": 5121,
        "6": 21621
    },
    "10340": {
        "0": 1,
        "1": 9,
        "2": 77,
        "3": 660,
        "4": 5581,
        "5": 16734,
        "6": 30728
    },
    "10341": {
        "0": 1,
        "1": 10,
        "2": 76,
        "3": 555,
        "4": 4038,
        "5": 12094,
        "6": 27077
    },
    "10342": {
        "0": 1,
        "1": 9,
        "2": 69,
        "3": 537,
        "4": 4197,
        "5": 13347,
        "6": 30295
    },
    "10343": {
        "0": 1,
        "1": 1,
        "2": 1,
        "3": 9,
        "4": 60,
        "5": 393,
        "6": 2561
    },
    "10344": {
        "0": 1,
        "1": 10,
        "2": 60,
        "3": 347,
        "4": 2057,
        "5": 7308,
        "6": 18684
    },
    "10345": {
        "0": 1,
        "1": 10,
        "2": 82,
        "3": 697,
        "4": 5921,
        "5": 17811,
        "6": 29139
    },
    "10346": {
        "0": 1,
        "1": 1,
        "2": 1,
        "3": 1,
        "4": 10,
        "5": 86,
        "6": 729
    },
    "10347": {
        "0": 1,
        "1": 1,
        "2": 1,
        "3": 1,
        "4": 1,
        "5": 1,
        "6": 9
    },
    "10348": {
        "0": 1,
        "1": 10,
        "2": 70,
        "3": 463,
        "4": 3048,
        "5": 9858,
        "6": 23128
    },
    "10349": {
        "0": 1,
        "1": 10,
        "2": 82,
        "3": 672,
        "4": 5455,
        "5": 16334,
        "6": 40291
    },
    "10350": {
        "0": 1,
        "1": 8,
        "2": 62,
        "3": 481,
        "4": 3662,
        "5": 10315,
        "6": 22501
    },
    "10351": {
        "0": 1,
        "1": 1,
        "2": 10,
        "3": 77,
        "4": 591,
        "5": 4559,
        "6": 16209
    },
    "10352": {
        "0": 1,
        "1": 1,
        "2": 9,
        "3": 63,
        "4": 431,
        "5": 2962,
        "6": 9986
    },
    "10353": {
        "0": 1,
        "1": 10,
        "2": 84,
        "3": 710,
        "4": 5925,
        "5": 19289,
        "6": 34180
    },
    "10354": {
        "0": 1,
        "1": 1,
        "2": 10,
        "3": 75,
        "4": 562,
        "5": 4286,
        "6": 13834
    },
    "10355": {
        "0": 1,
        "1": 1,
        "2": 1,
        "3": 1,
        "4": 1,
        "5": 12,
        "6": 101
    },
    "10356": {
        "0": 1,
        "1": 10,
        "2": 68,
        "3": 467,
        "4": 3165,
        "5": 11096,
        "6": 28623
    },
    "10357": {
        "0": 1,
        "1": 11,
        "2": 84,
        "3": 644,
        "4": 4977,
        "5": 19465,
        "6": 50283
    },
    "10358": {
        "0": 1,
        "1": 9,
        "2": 59,
        "3": 381,
        "4": 2497,
        "5": 6074,
        "6": 13172
    },
    "10359": {
        "0": 1,
        "1": 12,
        "2": 105,
        "3": 855,
        "4": 6814,
        "5": 26281,
        "6": 75170
    },
    "10360": {
        "0": 1,
        "1": 11,
        "2": 89,
        "3": 685,
        "4": 5245,
        "5": 22583,
        "6": 72223
    },
    "10361": {
        "0": 1,
        "1": 1,
        "2": 9,
        "3": 60,
        "4": 392,
        "5": 2573,
        "6": 7954
    },
    "10362": {
        "0": 1,
        "1": 9,
        "2": 75,
        "3": 618,
        "4": 5073,
        "5": 11386,
        "6": 17810
    },
    "10363": {
        "0": 1,
        "1": 11,
        "2": 95,
        "3": 819,
        "4": 7024,
        "5": 27137,
        "6": 58402
    },
    "10364": {
        "0": 1,
        "1": 9,
        "2": 60,
        "3": 396,
        "4": 2631,
        "5": 7269,
        "6": 13844
    },
    "10365": {
        "0": 1,
        "1": 10,
        "2": 75,
        "3": 582,
        "4": 4488,
        "5": 17247,
        "6": 38046
    },
    "10366": {
        "0": 1,
        "1": 12,
        "2": 109,
        "3": 942,
        "4": 7996,
        "5": 36767,
        "6": 114644
    },
    "10367": {
        "0": 1,
        "1": 11,
        "2": 99,
        "3": 869,
        "4": 7400,
        "5": 31739,
        "6": 92701
    },
    "10368": {
        "0": 1,
        "1": 1,
        "2": 10,
        "3": 85,
        "4": 703,
        "5": 5774,
        "6": 17119
    },
    "10369": {
        "0": 1,
        "1": 8,
        "2": 53,
        "3": 360,
        "4": 2476,
        "5": 6760,
        "6": 12586
    },
    "10370": {
        "0": 1,
        "1": 1,
        "2": 1,
        "3": 10,
        "4": 71,
        "5": 496,
        "6": 3469
    },
    "10371": {
        "0": 1,
        "1": 11,
        "2": 82,
        "3": 605,
        "4": 4509,
        "5": 14759,
        "6": 31019
    },
    "10372": {
        "0": 1,
        "1": 9,
        "2": 67,
        "3": 507,
        "4": 3850,
        "5": 11985,
        "6": 24179
    },
    "10373": {
        "0": 1,
        "1": 10,
        "2": 85,
        "3": 710,
        "4": 5891,
        "5": 18519,
        "6": 40300
    },
    "10374": {
        "0": 1,
        "1": 11,
        "2": 91,
        "3": 767,
        "4": 6520,
        "5": 22992,
        "6": 59852
    },
    "10375": {
        "0": 1,
        "1": 11,
        "2": 94,
        "3": 801,
        "4": 6721,
        "5": 26138,
        "6": 63891
    },
    "10376": {
        "0": 1,
        "1": 11,
        "2": 76,
        "3": 513,
        "4": 3471,
        "5": 13270,
        "6": 32926
    },
    "10377": {
        "0": 1,
        "1": 1,
        "2": 10,
        "3": 82,
        "4": 660,
        "5": 5238,
        "6": 13609
    },
    "10378": {
        "0": 1,
        "1": 9,
        "2": 73,
        "3": 563,
        "4": 4248,
        "5": 14527,
        "6": 35092
    },
    "10379": {
        "0": 1,
        "1": 1,
        "2": 1,
        "3": 1,
        "4": 9,
        "5": 77,
        "6": 650
    },
    "10380": {
        "0": 1,
        "1": 11,
        "2": 79,
        "3": 547,
        "4": 3788,
        "5": 15934,
        "6": 43310
    },
    "10381": {
        "0": 1,
        "1": 12,
        "2": 102,
        "3": 812,
        "4": 6335,
        "5": 31599,
        "6": 103492
    },
    "10382": {
        "0": 1,
        "1": 1,
        "2": 11,
        "3": 74,
        "4": 454,
        "5": 2816,
        "6": 9243
    },
    "10383": {
        "0": 1,
        "1": 10,
        "2": 85,
        "3": 706,
        "4": 5723,
        "5": 17967,
        "6": 33590
    },
    "10384": {
        "0": 1,
        "1": 1,
        "2": 10,
        "3": 77,
        "4": 593,
        "5": 4575,
        "6": 16166
    },
    "10385": {
        "0": 1,
        "1": 1,
        "2": 1,
        "3": 1,
        "4": 11,
        "5": 95,
        "6": 807
    },
    "10386": {
        "0": 1,
        "1": 11,
        "2": 93,
        "3": 785,
        "4": 6611,
        "5": 22933,
        "6": 53285
    },
    "10387": {
        "0": 1,
        "1": 1,
        "2": 11,
        "3": 87,
        "4": 655,
        "5": 4949,
        "6": 20250
    },
    "10388": {
        "0": 1,
        "1": 1,
        "2": 10,
        "3": 73,
        "4": 535,
        "5": 3987,
        "6": 10737
    },
    "10389": {
        "0": 1,
        "1": 11,
        "2": 91,
        "3": 751,
        "4": 6230,
        "5": 19477,
        "6": 40785
    },
    "10390": {
        "0": 1,
        "1": 1,
        "2": 12,
        "3": 87,
        "4": 575,
        "5": 3848,
        "6": 16001
    },
    "10391": {
        "0": 1,
        "1": 1,
        "2": 11,
        "3": 91,
        "4": 744,
        "5": 6033,
        "6": 18291
    },
    "10392": {
        "0": 1,
        "1": 10,
        "2": 89,
        "3": 778,
        "4": 6636,
        "5": 24819,
        "6": 64713
    },
    "10393": {
        "0": 1,
        "1": 1,
        "2": 1,
        "3": 1,
        "4": 14,
        "5": 126,
        "6": 1037
    },
    "10394": {
        "0": 1,
        "1": 11,
        "2": 93,
        "3": 794,
        "4": 6697,
        "5": 25860,
        "6": 64621
    },
    "10395": {
        "0": 1,
        "1": 1,
        "2": 1,
        "3": 11,
        "4": 76,
        "5": 524,
        "6": 3659
    },
    "10396": {
        "0": 1,
        "1": 1,
        "2": 12,
        "3": 94,
        "4": 706,
        "5": 5389,
        "6": 22335
    },
    "10397": {
        "0": 1,
        "1": 10,
        "2": 84,
        "3": 728,
        "4": 6302,
        "5": 21837,
        "6": 48238
    },
    "10398": {
        "0": 1,
        "1": 9,
        "2": 77,
        "3": 644,
        "4": 5299,
        "5": 15101,
        "6": 31835
    },
    "10399": {
        "0": 1,
        "1": 1,
        "2": 10,
        "3": 75,
        "4": 579,
        "5": 4421,
        "6": 16238
    }
}