{
    "29600": {
        "0": 1,
        "1": 9,
        "2": 69,
        "3": 525,
        "4": 3983,
        "5": 10804,
        "6": 24310
    },
    "29601": {
        "0": 1,
        "1": 13,
        "2": 106,
        "3": 777,
        "4": 5583,
        "5": 22602,
        "6": 64264
    },
    "29602": {
        "0": 1,
        "1": 1,
        "2": 8,
        "3": 71,
        "4": 619,
        "5": 5349,
        "6": 15755
    },
    "29603": {
        "0": 1,
        "1": 1,
        "2": 1,
        "3": 9,
        "4": 69,
        "5": 532,
        "6": 4121
    },
    "29604": {
        "0": 1,
        "1": 12,
        "2": 97,
        "3": 693,
        "4": 4805,
        "5": 23461,
        "6": 86537
    },
    "29605": {
        "0": 1,
        "1": 1,
        "2": 1,
        "3": 9,
        "4": 71,
        "5": 550,
        "6": 4229
    },
    "29606": {
        "0": 1,
        "1": 10,
        "2": 69,
        "3": 477,
        "4": 3367,
        "5": 13730,
        "6": 38406
    },
    "29607": {
        "0": 1,
        "1": 1,
        "2": 12,
        "3": 102,
        "4": 831,
        "5": 6512,
        "6": 24287
    },
    "29608": {
        "0": 1,
        "1": 1,
        "2": 9,
        "3": 65,
        "4": 479,
        "5": 3581,
        "6": 7892
    },
    "29609": {
        "0": 1,
        "1": 9,
        "2": 70,
        "3": 531,
        "4": 4006,
        "5": 12955,
        "6": 32260
    },
    "29610": {
        "0": 1,
        "1": 11,
        "2": 83,
        "3": 619,
        "4": 4687,
        "5": 16775,
        "6": 38734
    },
    "29611": {
        "0": 1,
        "1": 11,
        "2": 83,
        "3": 606,
        "4": 4429,
        "5": 15257,
        "6": 33323
    },
    "29612": {
        "0": 1,
        "1": 1,
        "2": 11,
        "3": 77,
        "4": 527,
        "5": 3652,
        "6": 14990
    },
    "29613": {
        "0": 1,
        "1": 10,
        "2": 76,
        "3": 567,
        "4": 4274,
        "5": 14988,
        "6": 37901
    },
    "29614": {
        "0": 1,
        "1": 12,
        "2": 98,
        "3": 726,
        "4": 5240,
        "5": 22237,
        "6": 63681
    },
    "29615": {
        "0": 1,
        "1": 1,
        "2": 9,
        "3": 69,
        "4": 521,
        "5": 4003,
        "6": 13603
    },
    "29616": {
        "0": 1,
        "1": 1,
        "2": 1,
        "3": 1,
        "4": 10,
        "5": 87,
        "6": 733
    },
    "29617": {
        "0": 1,
        "1": 9,
        "2": 78,
        "3": 655,
        "4": 5315,
        "5": 16753,
        "6": 36107
    },
    "29618": {
        "0": 1,
        "1": 1,
        "2": 10,
        "3": 79,
        "4": 626,
        "5": 4911,
        "6": 19226
    },
    "29619": {
        "0": 1,
        "1": 10,
        "2": 78,
        "3": 596,
        "4": 4585,
        "5": 16278,
        "6": 41515
    },
    "29620": {
        "0": 1,
        "1": 1,
        "2": 10,
        "3": 76,
        "4": 571,
        "5": 4311,
        "6": 13736
    },
    "29621": {
        "0": 1,
        "1": 10,
        "2": 81,
        "3": 629,
        "4": 4928,
        "5": 19518,
        "6": 52011
    },
    "29622": {
        "0": 1,
        "1": 10,
        "2": 71,
        "3": 482,
        "4": 3280,
        "5": 12139,
        "6": 32478
    },
    "29623": {
        "0": 1,
        "1": 8,
        "2": 51,
        "3": 319,
        "4": 1987,
        "5": 4564,
        "6": 9159
    },
    "29624": {
        "0": 1,
        "1": 1,
        "2": 10,
        "3": 82,
        "4": 635,
        "5": 4763,
        "6": 19462
    },
    "29625": {
        "0": 1,
        "1": 1,
        "2": 10,
        "3": 76,
        "4": 577,
        "5": 4381,
        "6": 14225
    },
    "29626": {
        "0": 1,
        "1": 1,
        "2": 9,
        "3": 76,
        "4": 652,
        "5": 5607,
        "6": 15909
    },
    "29627": {
        "0": 1,
        "1": 1,
        "2": 11,
        "3": 95,
        "4": 811,
        "5": 6753,
        "6": 27541
    },
    "29628": {
        "0": 1,
        "1": 1,
        "2": 1,
        "3": 9,
        "4": 75,
        "5": 644,
        "6": 5522
    },
    "29629": {
        "0": 1,
        "1": 9,
        "2": 78,
        "3": 669,
        "4": 5705,
        "5": 18329,
        "6": 41123
    },
    "29630": {
        "0": 1,
        "1": 10,
        "2": 66,
        "3": 445,
        "4": 2972,
        "5": 9592,
        "6": 24990
    },
    "29631": {
        "0": 1,
        "1": 1,
        "2": 10,
        "3": 66,
        "4": 408,
        "5": 2587,
        "6": 7611
    },
    "29632": {
        "0": 1,
        "1": 1,
        "2": 13,
        "3": 104,
        "4": 750,
        "5": 5293,
        "6": 22065
    },
    "29633": {
        "0": 1,
        "1": 12,
        "2": 100,
        "3": 812,
        "4": 6527,
        "5": 24402,
        "6": 61788
    },
    "29634": {
        "0": 1,
        "1": 1,
        "2": 10,
        "3": 87,
        "4": 771,
        "5": 6690,
        "6": 26734
    },
    "29635": {
        "0": 1,
        "1": 1,
        "2": 1,
        "3": 9,
        "4": 78,
        "5": 670,
        "6": 5649
    },
    "29636": {
        "0": 1,
        "1": 1,
        "2": 11,
        "3": 88,
        "4": 700,
        "5": 5571,
        "6": 25010
    },
    "29637": {
        "0": 1,
        "1": 9,
        "2": 81,
        "3": 713,
        "4": 6200,
        "5": 21043,
        "6": 47458
    },
    "29638": {
        "0": 1,
        "1": 9,
        "2": 80,
        "3": 695,
        "4": 5990,
        "5": 20723,
        "6": 48815
    },
    "29639": {
        "0": 1,
        "1": 1,
        "2": 10,
        "3": 83,
        "4": 691,
        "5": 5783,
        "6": 18220
    },
    "29640": {
        "0": 1,
        "1": 10,
        "2": 86,
        "3": 753,
        "4": 6565,
        "5": 24355,
        "6": 58083
    },
    "29641": {
        "0": 1,
        "1": 1,
        "2": 1,
        "3": 1,
        "4": 10,
        "5": 83,
        "6": 677
    },
    "29642": {
        "0": 1,
        "1": 1,
        "2": 11,
        "3": 85,
        "4": 622,
        "5": 4535,
        "6": 15922
    },
    "29643": {
        "0": 1,
        "1": 1,
        "2": 1,
        "3": 8,
        "4": 63,
        "5": 497,
        "6": 3871
    },
    "29644": {
        "0": 1,
        "1": 10,
        "2": 83,
        "3": 700,
        "4": 5912,
        "5": 17281,
        "6": 35995
    },
    "29645": {
        "0": 1,
        "1": 10,
        "2": 86,
        "3": 743,
        "4": 6408,
        "5": 22750,
        "6": 51089
    },
    "29646": {
        "0": 1,
        "1": 1,
        "2": 9,
        "3": 70,
        "4": 537,
        "5": 4048,
        "6": 13102
    },
    "29647": {
        "0": 1,
        "1": 9,
        "2": 69,
        "3": 510,
        "4": 3766,
        "5": 10291,
        "6": 23940
    },
    "29648": {
        "0": 1,
        "1": 11,
        "2": 76,
        "3": 517,
        "4": 3565,
        "5": 14416,
        "6": 41846
    },
    "29649": {
        "0": 1,
        "1": 1,
        "2": 14,
        "3": 119,
        "4": 967,
        "5": 7887,
        "6": 32270
    },
    "29650": {
        "0": 1,
        "1": 1,
        "2": 9,
        "3": 73,
        "4": 567,
        "5": 4334,
        "6": 15470
    },
    "29651": {
        "0": 1,
        "1": 1,
        "2": 1,
        "3": 11,
        "4": 88,
        "5": 653,
        "6": 4674
    },
    "29652": {
        "0": 1,
        "1": 1,
        "2": 9,
        "3": 59,
        "4": 390,
        "5": 2623,
        "6": 7523
    },
    "29653": {
        "0": 1,
        "1": 9,
        "2": 74,
        "3": 631,
        "4": 5457,
        "5": 14920,
        "6": 30048
    },
    "29654": {
        "0": 1,
        "1": 11,
        "2": 91,
        "3": 761,
        "4": 6338,
        "5": 22544,
        "6": 55356
    },
    "29655": {
        "0": 1,
        "1": 1,
        "2": 1,
        "3": 11,
        "4": 97,
        "5": 848,
        "6": 7373
    },
    "29656": {
        "0": 1,
        "1": 1,
        "2": 10,
        "3": 73,
        "4": 529,
        "5": 3855,
        "6": 11046
    },
    "29657": {
        "0": 1,
        "1": 1,
        "2": 1,
        "3": 1,
        "4": 11,
        "5": 95,
        "6": 811
    },
    "29658": {
        "0": 1,
        "1": 1,
        "2": 1,
        "3": 10,
        "4": 81,
        "5": 652,
        "6": 5171
    },
    "29659": {
        "0": 1,
        "1": 9,
        "2": 82,
        "3": 735,
        "4": 6528,
        "5": 24783,
        "6": 61528
    },
    "29660": {
        "0": 1,
        "1": 1,
        "2": 1,
        "3": 11,
        "4": 85,
        "5": 664,
        "6": 5172
    },
    "29661": {
        "0": 1,
        "1": 1,
        "2": 11,
        "3": 89,
        "4": 670,
        "5": 4959,
        "6": 19329
    },
    "29662": {
        "0": 1,
        "1": 1,
        "2": 11,
        "3": 84,
        "4": 630,
        "5": 4697,
        "6": 17541
    },
    "29663": {
        "0": 1,
        "1": 1,
        "2": 1,
        "3": 1,
        "4": 1,
        "5": 1,
        "6": 10
    },
    "29664": {
        "0": 1,
        "1": 1,
        "2": 10,
        "3": 86,
        "4": 741,
        "5": 6322,
        "6": 21502
    },
    "29665": {
        "0": 1,
        "1": 1,
        "2": 1,
        "3": 13,
        "4": 98,
        "5": 649,
        "6": 4222
    },
    "29666": {
        "0": 1,
        "1": 10,
        "2": 77,
        "3": 583,
        "4": 4305,
        "5": 14061,
        "6": 34458
    },
    "29667": {
        "0": 1,
        "1": 12,
        "2": 103,
        "3": 848,
        "4": 6816,
        "5": 25626,
        "6": 63613
    },
    "29668": {
        "0": 1,
        "1": 1,
        "2": 1,
        "3": 13,
        "4": 119,
        "5": 1003,
        "6": 8166
    },
    "29669": {
        "0": 1,
        "1": 11,
        "2": 93,
        "3": 775,
        "4": 6506,
        "5": 22362,
        "6": 46957
    },
    "29670": {
        "0": 1,
        "1": 1,
        "2": 1,
        "3": 8,
        "4": 61,
        "5": 459,
        "6": 3453
    },
    "29671": {
        "0": 1,
        "1": 1,
        "2": 1,
        "3": 11,
        "4": 85,
        "5": 642,
        "6": 4889
    },
    "29672": {
        "0": 1,
        "1": 10,
        "2": 83,
        "3": 692,
        "4": 5665,
        "5": 18203,
        "6": 35780
    },
    "29673": {
        "0": 1,
        "1": 12,
        "2": 100,
        "3": 833,
        "4": 6982,
        "5": 26111,
        "6": 64227
    },
    "29674": {
        "0": 1,
        "1": 1,
        "2": 1,
        "3": 10,
        "4": 65,
        "5": 444,
        "6": 3098
    },
    "29675": {
        "0": 1,
        "1": 11,
        "2": 93,
        "3": 770,
        "4": 6324,
        "5": 21452,
        "6": 49423
    },
    "29676": {
        "0": 1,
        "1": 1,
        "2": 9,
        "3": 75,
        "4": 633,
        "5": 5355,
        "6": 12722
    },
    "29677": {
        "0": 1,
        "1": 1,
        "2": 13,
        "3": 103,
        "4": 778,
        "5": 5790,
        "6": 25482
    },
    "29678": {
        "0": 1,
        "1": 10,
        "2": 84,
        "3": 708,
        "4": 5860,
        "5": 17892,
        "6": 37769
    },
    "29679": {
        "0": 1,
        "1": 8,
        "2": 70,
        "3": 602,
        "4": 5164,
        "5": 14084,
        "6": 31135
    },
    "29680": {
        "0": 1,
        "1": 1,
        "2": 1,
        "3": 11,
        "4": 85,
        "5": 648,
        "6": 4985
    },
    "29681": {
        "0": 1,
        "1": 1,
        "2": 1,
        "3": 1,
        "4": 1,
        "5": 10,
        "6": 88
    },
    "29682": {
        "0": 1,
        "1": 11,
        "2": 80,
        "3": 531,
        "4": 3503,
        "5": 14088,
        "6": 42454
    },
    "29683": {
        "0": 1,
        "1": 10,
        "2": 83,
        "3": 704,
        "4": 5991,
        "5": 18520,
        "6": 33435
    },
    "29684": {
        "0": 1,
        "1": 1,
        "2": 8,
        "3": 73,
        "4": 623,
        "5": 5155,
        "6": 14095
    },
    "29685": {
        "0": 1,
        "1": 1,
        "2": 10,
        "3": 76,
        "4": 574,
        "5": 4328,
        "6": 15337
    },
    "29686": {
        "0": 1,
        "1": 1,
        "2": 1,
        "3": 11,
        "4": 88,
        "5": 679,
        "6": 5092
    },
    "29687": {
        "0": 1,
        "1": 12,
        "2": 77,
        "3": 455,
        "4": 2680,
        "5": 11138,
        "6": 36237
    },
    "29688": {
        "0": 1,
        "1": 9,
        "2": 70,
        "3": 558,
        "4": 4424,
        "5": 15931,
        "6": 36139
    },
    "29689": {
        "0": 1,
        "1": 1,
        "2": 11,
        "3": 88,
        "4": 669,
        "5": 4983,
        "6": 19507
    },
    "29690": {
        "0": 1,
        "1": 1,
        "2": 9,
        "3": 65,
        "4": 481,
        "5": 3584,
        "6": 9476
    },
    "29691": {
        "0": 1,
        "1": 9,
        "2": 75,
        "3": 636,
        "4": 5371,
        "5": 15097,
        "6": 28794
    },
    "29692": {
        "0": 1,
        "1": 1,
        "2": 11,
        "3": 87,
        "4": 666,
        "5": 5114,
        "6": 19842
    },
    "29693": {
        "0": 1,
        "1": 1,
        "2": 9,
        "3": 77,
        "4": 663,
        "5": 5620,
        "6": 17213
    },
    "29694": {
        "0": 1,
        "1": 1,
        "2": 10,
        "3": 71,
        "4": 500,
        "5": 3472,
        "6": 14625
    },
    "29695": {
        "0": 1,
        "1": 8,
        "2": 52,
        "3": 344,
        "4": 2304,
        "5": 5264,
        "6": 6399
    },
    "29696": {
        "0": 1,
        "1": 1,
        "2": 1,
        "3": 10,
        "4": 78,
        "5": 598,
        "6": 4553
    },
    "29697": {
        "0": 1,
        "1": 1,
        "2": 1,
        "3": 10,
        "4": 76,
        "5": 579,
        "6": 4435
    },
    "29698": {
        "0": 1,
        "1": 11,
        "2": 83,
        "3": 605,
        "4": 4439,
        "5": 13620,
        "6": 30198
    },
    "29699": {
        "0": 1,
        "1": 14,
        "2": 123,
        "3": 994,
        "4": 7943,
        "5": 33280,
        "6": 90639
    }
}