{
    "500": {
        "0": 1,
        "1": 11,
        "2": 91,
        "3": 761,
        "4": 6399,
        "5": 21546,
        "6": 43770
    },
    "501": {
        "0": 1,
        "1": 1,
        "2": 10,
        "3": 84,
        "4": 721,
        "5": 6179,
        "6": 20643
    },
    "502": {
        "0": 1,
        "1": 1,
        "2": 11,
        "3": 81,
        "4": 605,
        "5": 4577,
        "6": 16173
    },
    "503": {
        "0": 1,
        "1": 1,
        "2": 10,
        "3": 86,
        "4": 754,
        "5": 6610,
        "6": 24990
    },
    "504": {
        "0": 1,
        "1": 1,
        "2": 11,
        "3": 85,
        "4": 616,
        "5": 4373,
        "6": 15159
    },
    "505": {
        "0": 1,
        "1": 13,
        "2": 90,
        "3": 575,
        "4": 3760,
        "5": 14371,
        "6": 40432
    },
    "506": {
        "0": 1,
        "1": 10,
        "2": 81,
        "3": 652,
        "4": 5182,
        "5": 13154,
        "6": 24933
    },
    "507": {
        "0": 1,
        "1": 1,
        "2": 1,
        "3": 1,
        "4": 1,
        "5": 1,
        "6": 1
    },
    "508": {
        "0": 1,
        "1": 1,
        "2": 11,
        "3": 85,
        "4": 642,
        "5": 4953,
        "6": 19348
    },
    "509": {
        "0": 1,
        "1": 1,
        "2": 1,
        "3": 11,
        "4": 89,
        "5": 682,
        "6": 5074
    },
    "510": {
        "0": 1,
        "1": 10,
        "2": 87,
        "3": 733,
        "4": 6119,
        "5": 20497,
        "6": 44171
    },
    "511": {
        "0": 1,
        "1": 12,
        "2": 109,
        "3": 957,
        "4": 8221,
        "5": 39619,
        "6": 125460
    },
    "512": {
        "0": 1,
        "1": 9,
        "2": 61,
        "3": 403,
        "4": 2699,
        "5": 8073,
        "6": 19615
    },
    "513": {
        "0": 1,
        "1": 1,
        "2": 9,
        "3": 80,
        "4": 701,
        "5": 6049,
        "6": 21515
    },
    "514": {
        "0": 1,
        "1": 1,
        "2": 10,
        "3": 83,
        "4": 711,
        "5": 6064,
        "6": 18716
    },
    "515": {
        "0": 1,
        "1": 12,
        "2": 97,
        "3": 740,
        "4": 5634,
        "5": 23920,
        "6": 69182
    },
    "516": {
        "0": 1,
        "1": 1,
        "2": 11,
        "3": 85,
        "4": 627,
        "5": 4639,
        "6": 17067
    },
    "517": {
        "0": 1,
        "1": 1,
        "2": 11,
        "3": 86,
        "4": 651,
        "5": 4872,
        "6": 18917
    },
    "518": {
        "0": 1,
        "1": 1,
        "2": 1,
        "3": 11,
        "4": 91,
        "5": 747,
        "6": 6085
    },
    "519": {
        "0": 1,
        "1": 11,
        "2": 85,
        "3": 626,
        "4": 4702,
        "5": 16729,
        "6": 41920
    },
    "520": {
        "0": 1,
        "1": 1,
        "2": 10,
        "3": 89,
        "4": 776,
        "5": 6728,
        "6": 25611
    },
    "521": {
        "0": 1,
        "1": 1,
        "2": 1,
        "3": 10,
        "4": 77,
        "5": 599,
        "6": 4564
    },
    "522": {
        "0": 1,
        "1": 9,
        "2": 67,
        "3": 488,
        "4": 3508,
        "5": 9623,
        "6": 21416
    },
    "523": {
        "0": 1,
        "1": 1,
        "2": 10,
        "3": 84,
        "4": 714,
        "5": 6092,
        "6": 19532
    },
    "524": {
        "0": 1,
        "1": 1,
        "2": 11,
        "3": 75,
        "4": 471,
        "5": 3005,
        "6": 10284
    },
    "525": {
        "0": 1,
        "1": 10,
        "2": 76,
        "3": 576,
        "4": 4416,
        "5": 14967,
        "6": 38271
    },
    "526": {
        "0": 1,
        "1": 1,
        "2": 11,
        "3": 77,
        "4": 521,
        "5": 3569,
        "6": 14413
    },
    "527": {
        "0": 1,
        "1": 1,
        "2": 9,
        "3": 77,
        "4": 678,
        "5": 5961,
        "6": 19588
    },
    "528": {
        "0": 1,
        "1": 9,
        "2": 80,
        "3": 698,
        "4": 5938,
        "5": 19726,
        "6": 46782
    },
    "529": {
        "0": 1,
        "1": 1,
        "2": 10,
        "3": 79,
        "4": 613,
        "5": 4693,
        "6": 18256
    },
    "530": {
        "0": 1,
        "1": 10,
        "2": 85,
        "3": 737,
        "4": 6300,
        "5": 22812,
        "6": 54257
    },
    "531": {
        "0": 1,
        "1": 1,
        "2": 12,
        "3": 94,
        "4": 689,
        "5": 5015,
        "6": 18982
    },
    "532": {
        "0": 1,
        "1": 9,
        "2": 74,
        "3": 622,
        "4": 5197,
        "5": 12984,
        "6": 26202
    },
    "533": {
        "0": 1,
        "1": 9,
        "2": 80,
        "3": 689,
        "4": 5757,
        "5": 19351,
        "6": 44281
    },
    "534": {
        "0": 1,
        "1": 1,
        "2": 1,
        "3": 11,
        "4": 91,
        "5": 760,
        "6": 6360
    },
    "535": {
        "0": 1,
        "1": 11,
        "2": 94,
        "3": 794,
        "4": 6675,
        "5": 25429,
        "6": 58014
    },
    "536": {
        "0": 1,
        "1": 1,
        "2": 1,
        "3": 1,
        "4": 12,
        "5": 106,
        "6": 892
    },
    "537": {
        "0": 1,
        "1": 10,
        "2": 86,
        "3": 733,
        "4": 6188,
        "5": 21674,
        "6": 53588
    },
    "538": {
        "0": 1,
        "1": 10,
        "2": 77,
        "3": 596,
        "4": 4601,
        "5": 16523,
        "6": 36860
    },
    "539": {
        "0": 1,
        "1": 11,
        "2": 78,
        "3": 540,
        "4": 3786,
        "5": 16515,
        "6": 53006
    },
    "540": {
        "0": 1,
        "1": 11,
        "2": 78,
        "3": 525,
        "4": 3512,
        "5": 13235,
        "6": 35962
    },
    "541": {
        "0": 1,
        "1": 1,
        "2": 9,
        "3": 70,
        "4": 550,
        "5": 4343,
        "6": 15147
    },
    "542": {
        "0": 1,
        "1": 13,
        "2": 110,
        "3": 840,
        "4": 6352,
        "5": 28592,
        "6": 84176
    },
    "543": {
        "0": 1,
        "1": 10,
        "2": 85,
        "3": 707,
        "4": 5795,
        "5": 18996,
        "6": 45541
    },
    "544": {
        "0": 1,
        "1": 10,
        "2": 83,
        "3": 694,
        "4": 5759,
        "5": 17429,
        "6": 33864
    },
    "545": {
        "0": 1,
        "1": 1,
        "2": 1,
        "3": 1,
        "4": 1,
        "5": 9,
        "6": 67
    },
    "546": {
        "0": 1,
        "1": 1,
        "2": 10,
        "3": 81,
        "4": 683,
        "5": 5811,
        "6": 17008
    },
    "547": {
        "0": 1,
        "1": 1,
        "2": 1,
        "3": 1,
        "4": 9,
        "5": 65,
        "6": 483
    },
    "548": {
        "0": 1,
        "1": 11,
        "2": 87,
        "3": 648,
        "4": 4765,
        "5": 17623,
        "6": 45866
    },
    "549": {
        "0": 1,
        "1": 1,
        "2": 9,
        "3": 68,
        "4": 511,
        "5": 3897,
        "6": 10794
    },
    "550": {
        "0": 1,
        "1": 1,
        "2": 1,
        "3": 10,
        "4": 86,
        "5": 734,
        "6": 6267
    },
    "551": {
        "0": 1,
        "1": 1,
        "2": 13,
        "3": 114,
        "4": 971,
        "5": 8220,
        "6": 37226
    },
    "552": {
        "0": 1,
        "1": 1,
        "2": 12,
        "3": 108,
        "4": 943,
        "5": 8102,
        "6": 36597
    },
    "553": {
        "0": 1,
        "1": 1,
        "2": 12,
        "3": 99,
        "4": 766,
        "5": 5882,
        "6": 26208
    },
    "554": {
        "0": 1,
        "1": 1,
        "2": 1,
        "3": 9,
        "4": 70,
        "5": 540,
        "6": 4144
    },
    "555": {
        "0": 1,
        "1": 1,
        "2": 9,
        "3": 70,
        "4": 534,
        "5": 4055,
        "6": 11604
    },
    "556": {
        "0": 1,
        "1": 1,
        "2": 10,
        "3": 68,
        "4": 464,
        "5": 3137,
        "6": 10717
    },
    "557": {
        "0": 1,
        "1": 11,
        "2": 94,
        "3": 783,
        "4": 6468,
        "5": 23066,
        "6": 59056
    },
    "558": {
        "0": 1,
        "1": 10,
        "2": 83,
        "3": 682,
        "4": 5611,
        "5": 16261,
        "6": 36061
    },
    "559": {
        "0": 1,
        "1": 11,
        "2": 93,
        "3": 777,
        "4": 6482,
        "5": 21606,
        "6": 49129
    },
    "560": {
        "0": 1,
        "1": 1,
        "2": 11,
        "3": 85,
        "4": 652,
        "5": 5046,
        "6": 20037
    },
    "561": {
        "0": 1,
        "1": 12,
        "2": 85,
        "3": 533,
        "4": 3333,
        "5": 11955,
        "6": 29471
    },
    "562": {
        "0": 1,
        "1": 10,
        "2": 66,
        "3": 413,
        "4": 2540,
        "5": 6532,
        "6": 15396
    },
    "563": {
        "0": 1,
        "1": 1,
        "2": 11,
        "3": 75,
        "4": 497,
        "5": 3336,
        "6": 12066
    },
    "564": {
        "0": 1,
        "1": 10,
        "2": 84,
        "3": 709,
        "4": 5909,
        "5": 18374,
        "6": 41368
    },
    "565": {
        "0": 1,
        "1": 12,
        "2": 100,
        "3": 834,
        "4": 6969,
        "5": 25506,
        "6": 58245
    },
    "566": {
        "0": 1,
        "1": 9,
        "2": 68,
        "3": 510,
        "4": 3795,
        "5": 10718,
        "6": 23615
    },
    "567": {
        "0": 1,
        "1": 9,
        "2": 79,
        "3": 658,
        "4": 5324,
        "5": 16677,
        "6": 38006
    },
    "568": {
        "0": 1,
        "1": 12,
        "2": 96,
        "3": 728,
        "4": 5537,
        "5": 23378,
        "6": 65676
    },
    "569": {
        "0": 1,
        "1": 1,
        "2": 10,
        "3": 79,
        "4": 614,
        "5": 4729,
        "6": 16935
    },
    "570": {
        "0": 1,
        "1": 10,
        "2": 76,
        "3": 581,
        "4": 4349,
        "5": 14711,
        "6": 31817
    },
    "571": {
        "0": 1,
        "1": 11,
        "2": 89,
        "3": 685,
        "4": 5237,
        "5": 20880,
        "6": 53637
    },
    "572": {
        "0": 1,
        "1": 1,
        "2": 10,
        "3": 83,
        "4": 673,
        "5": 5292,
        "6": 15492
    },
    "573": {
        "0": 1,
        "1": 12,
        "2": 99,
        "3": 801,
        "4": 6475,
        "5": 22113,
        "6": 49080
    },
    "574": {
        "0": 1,
        "1": 1,
        "2": 1,
        "3": 11,
        "4": 87,
        "5": 660,
        "6": 5014
    },
    "575": {
        "0": 1,
        "1": 9,
        "2": 67,
        "3": 492,
        "4": 3592,
        "5": 8925,
        "6": 14228
    },
    "576": {
        "0": 1,
        "1": 1,
        "2": 1,
        "3": 1,
        "4": 8,
        "5": 52,
        "6": 346
    },
    "577": {
        "0": 1,
        "1": 11,
        "2": 94,
        "3": 747,
        "4": 5873,
        "5": 18145,
        "6": 42946
    },
    "578": {
        "0": 1,
        "1": 1,
        "2": 12,
        "3": 95,
        "4": 709,
        "5": 5336,
        "6": 21635
    },
    "579": {
        "0": 1,
        "1": 8,
        "2": 63,
        "3": 497,
        "4": 3868,
        "5": 12311,
        "6": 29523
    },
    "580": {
        "0": 1,
        "1": 1,
        "2": 1,
        "3": 1,
        "4": 10,
        "5": 77,
        "6": 601
    },
    "581": {
        "0": 1,
        "1": 1,
        "2": 10,
        "3": 74,
        "4": 556,
        "5": 4219,
        "6": 13243
    },
    "582": {
        "0": 1,
        "1": 1,
        "2": 1,
        "3": 1,
        "4": 11,
        "5": 86,
        "6": 665
    },
    "583": {
        "0": 1,
        "1": 9,
        "2": 76,
        "3": 644,
        "4": 5376,
        "5": 14008,
        "6": 25924
    },
    "584": {
        "0": 1,
        "1": 1,
        "2": 1,
        "3": 10,
        "4": 68,
        "5": 448,
        "6": 2926
    },
    "585": {
        "0": 1,
        "1": 9,
        "2": 70,
        "3": 543,
        "4": 4181,
        "5": 12978,
        "6": 29396
    },
    "586": {
        "0": 1,
        "1": 1,
        "2": 10,
        "3": 77,
        "4": 579,
        "5": 4303,
        "6": 14446
    },
    "587": {
        "0": 1,
        "1": 10,
        "2": 77,
        "3": 595,
        "4": 4561,
        "5": 17484,
        "6": 46078
    },
    "588": {
        "0": 1,
        "1": 1,
        "2": 8,
        "3": 70,
        "4": 609,
        "5": 5320,
        "6": 13972
    },
    "589": {
        "0": 1,
        "1": 1,
        "2": 13,
        "3": 113,
        "4": 952,
        "5": 8003,
        "6": 34724
    },
    "590": {
        "0": 1,
        "1": 8,
        "2": 69,
        "3": 573,
        "4": 4679,
        "5": 9980,
        "6": 15782
    },
    "591": {
        "0": 1,
        "1": 1,
        "2": 1,
        "3": 11,
        "4": 95,
        "5": 802,
        "6": 6741
    },
    "592": {
        "0": 1,
        "1": 1,
        "2": 9,
        "3": 59,
        "4": 384,
        "5": 2479,
        "6": 7002
    },
    "593": {
        "0": 1,
        "1": 1,
        "2": 1,
        "3": 11,
        "4": 93,
        "5": 777,
        "6": 6407
    },
    "594": {
        "0": 1,
        "1": 1,
        "2": 9,
        "3": 70,
        "4": 547,
        "5": 4276,
        "6": 14182
    },
    "595": {
        "0": 1,
        "1": 1,
        "2": 1,
        "3": 10,
        "4": 84,
        "5": 713,
        "6": 6053
    },
    "596": {
        "0": 1,
        "1": 1,
        "2": 1,
        "3": 11,
        "4": 98,
        "5": 846,
        "6": 7175
    },
    "597": {
        "0": 1,
        "1": 1,
        "2": 11,
        "3": 93,
        "4": 790,
        "5": 6741,
        "6": 25094
    },
    "598": {
        "0": 1,
        "1": 1,
        "2": 10,
        "3": 86,
        "4": 725,
        "5": 6001,
        "6": 19149
    },
    "599": {
        "0": 1,
        "1": 1,
        "2": 12,
        "3": 90,
        "4": 599,
        "5": 3979,
        "6": 17526
    }
}