{
    "7100": {
        "0": 1,
        "1": 1,
        "2": 9,
        "3": 68,
        "4": 504,
        "5": 3718,
        "6": 10311
    },
    "7101": {
        "0": 1,
        "1": 1,
        "2": 1,
        "3": 1,
        "4": 9,
        "5": 75,
        "6": 633
    },
    "7102": {
        "0": 1,
        "1": 1,
        "2": 1,
        "3": 11,
        "4": 96,
        "5": 848,
        "6": 7472
    },
    "7103": {
        "0": 1,
        "1": 8,
        "2": 69,
        "3": 583,
        "4": 4922,
        "5": 11024,
        "6": 17733
    },
    "7104": {
        "0": 1,
        "1": 11,
        "2": 92,
        "3": 769,
        "4": 6358,
        "5": 21865,
        "6": 47012
    },
    "7105": {
        "0": 1,
        "1": 1,
        "2": 11,
        "3": 100,
        "4": 872,
        "5": 7440,
        "6": 32574
    },
    "7106": {
        "0": 1,
        "1": 10,
        "2": 84,
        "3": 682,
        "4": 5452,
        "5": 23994,
        "6": 71002
    },
    "7107": {
        "0": 1,
        "1": 10,
        "2": 85,
        "3": 725,
        "4": 6216,
        "5": 20745,
        "6": 45676
    },
    "7108": {
        "0": 1,
        "1": 1,
        "2": 9,
        "3": 69,
        "4": 529,
        "5": 4110,
        "6": 13080
    },
    "7109": {
        "0": 1,
        "1": 12,
        "2": 103,
        "3": 871,
        "4": 7379,
        "5": 30004,
        "6": 78098
    },
    "7110": {
        "0": 1,
        "1": 9,
        "2": 74,
        "3": 624,
        "4": 5286,
        "5": 12610,
        "6": 20268
    },
    "7111": {
        "0": 1,
        "1": 1,
        "2": 1,
        "3": 11,
        "4": 92,
        "5": 781,
        "6": 6547
    },
    "7112": {
        "0": 1,
        "1": 1,
        "2": 1,
        "3": 1,
        "4": 11,
        "5": 91,
        "6": 743
    },
    "7113": {
        "0": 1,
        "1": 1,
        "2": 1,
        "3": 1,
        "4": 10,
        "5": 69,
        "6": 462
    },
    "7114": {
        "0": 1,
        "1": 12,
        "2": 100,
        "3": 806,
        "4": 6416,
        "5": 23064,
        "6": 54587
    },
    "7115": {
        "0": 1,
        "1": 1,
        "2": 11,
        "3": 94,
        "4": 763,
        "5": 6014,
        "6": 21157
    },
    "7116": {
        "0": 1,
        "1": 1,
        "2": 9,
        "3": 67,
        "4": 517,
        "5": 4038,
        "6": 12084
    },
    "7117": {
        "0": 1,
        "1": 11,
        "2": 89,
        "3": 721,
        "4": 5832,
        "5": 16897,
        "6": 30000
    },
    "7118": {
        "0": 1,
        "1": 1,
        "2": 10,
        "3": 77,
        "4": 623,
        "5": 5021,
        "6": 21141
    },
    "7119": {
        "0": 1,
        "1": 9,
        "2": 74,
        "3": 622,
        "4": 5175,
        "5": 12545,
        "6": 21815
    },
    "7120": {
        "0": 1,
        "1": 1,
        "2": 10,
        "3": 77,
        "4": 583,
        "5": 4364,
        "6": 15101
    },
    "7121": {
        "0": 1,
        "1": 11,
        "2": 92,
        "3": 751,
        "4": 6025,
        "5": 20006,
        "6": 43949
    },
    "7122": {
        "0": 1,
        "1": 1,
        "2": 10,
        "3": 76,
        "4": 558,
        "5": 4025,
        "6": 11520
    },
    "7123": {
        "0": 1,
        "1": 1,
        "2": 9,
        "3": 83,
        "4": 732,
        "5": 6384,
        "6": 22313
    },
    "7124": {
        "0": 1,
        "1": 1,
        "2": 10,
        "3": 79,
        "4": 606,
        "5": 4639,
        "6": 16388
    },
    "7125": {
        "0": 1,
        "1": 9,
        "2": 67,
        "3": 511,
        "4": 3882,
        "5": 10217,
        "6": 20964
    },
    "7126": {
        "0": 1,
        "1": 1,
        "2": 9,
        "3": 75,
        "4": 620,
        "5": 5084,
        "6": 13849
    },
    "7127": {
        "0": 1,
        "1": 10,
        "2": 64,
        "3": 380,
        "4": 2246,
        "5": 9299,
        "6": 27121
    },
    "7128": {
        "0": 1,
        "1": 1,
        "2": 12,
        "3": 99,
        "4": 744,
        "5": 5476,
        "6": 22623
    },
    "7129": {
        "0": 1,
        "1": 11,
        "2": 98,
        "3": 840,
        "4": 7079,
        "5": 28788,
        "6": 80574
    },
    "7130": {
        "0": 1,
        "1": 1,
        "2": 1,
        "3": 1,
        "4": 12,
        "5": 92,
        "6": 662
    },
    "7131": {
        "0": 1,
        "1": 1,
        "2": 10,
        "3": 82,
        "4": 683,
        "5": 5652,
        "6": 16520
    },
    "7132": {
        "0": 1,
        "1": 1,
        "2": 10,
        "3": 85,
        "4": 720,
        "5": 6044,
        "6": 19847
    },
    "7133": {
        "0": 1,
        "1": 1,
        "2": 1,
        "3": 1,
        "4": 1,
        "5": 10,
        "6": 86
    },
    "7134": {
        "0": 1,
        "1": 11,
        "2": 93,
        "3": 776,
        "4": 6506,
        "5": 22274,
        "6": 48046
    },
    "7135": {
        "0": 1,
        "1": 1,
        "2": 13,
        "3": 113,
        "4": 944,
        "5": 7857,
        "6": 32784
    },
    "7136": {
        "0": 1,
        "1": 1,
        "2": 1,
        "3": 1,
        "4": 1,
        "5": 1,
        "6": 1
    },
    "7137": {
        "0": 1,
        "1": 12,
        "2": 93,
        "3": 660,
        "4": 4558,
        "5": 15752,
        "6": 41900
    },
    "7138": {
        "0": 1,
        "1": 10,
        "2": 72,
        "3": 499,
        "4": 3407,
        "5": 14098,
        "6": 43855
    },
    "7139": {
        "0": 1,
        "1": 8,
        "2": 69,
        "3": 595,
        "4": 5161,
        "5": 12201,
        "6": 22613
    },
    "7140": {
        "0": 1,
        "1": 1,
        "2": 11,
        "3": 95,
        "4": 789,
        "5": 6468,
        "6": 22717
    },
    "7141": {
        "0": 1,
        "1": 1,
        "2": 12,
        "3": 101,
        "4": 849,
        "5": 7123,
        "6": 27160
    },
    "7142": {
        "0": 1,
        "1": 1,
        "2": 1,
        "3": 12,
        "4": 82,
        "5": 519,
        "6": 3264
    },
    "7143": {
        "0": 1,
        "1": 11,
        "2": 88,
        "3": 679,
        "4": 5247,
        "5": 21146,
        "6": 58254
    },
    "7144": {
        "0": 1,
        "1": 9,
        "2": 69,
        "3": 535,
        "4": 4131,
        "5": 12768,
        "6": 28210
    },
    "7145": {
        "0": 1,
        "1": 12,
        "2": 102,
        "3": 822,
        "4": 6475,
        "5": 22838,
        "6": 54053
    },
    "7146": {
        "0": 1,
        "1": 1,
        "2": 11,
        "3": 86,
        "4": 643,
        "5": 4719,
        "6": 17093
    },
    "7147": {
        "0": 1,
        "1": 1,
        "2": 12,
        "3": 100,
        "4": 783,
        "5": 5914,
        "6": 26396
    },
    "7148": {
        "0": 1,
        "1": 9,
        "2": 73,
        "3": 595,
        "4": 4768,
        "5": 10085,
        "6": 18264
    },
    "7149": {
        "0": 1,
        "1": 1,
        "2": 1,
        "3": 1,
        "4": 11,
        "5": 94,
        "6": 787
    },
    "7150": {
        "0": 1,
        "1": 1,
        "2": 1,
        "3": 1,
        "4": 1,
        "5": 11,
        "6": 95
    },
    "7151": {
        "0": 1,
        "1": 1,
        "2": 1,
        "3": 8,
        "4": 60,
        "5": 461,
        "6": 3563
    },
    "7152": {
        "0": 1,
        "1": 8,
        "2": 62,
        "3": 470,
        "4": 3543,
        "5": 9158,
        "6": 21890
    },
    "7153": {
        "0": 1,
        "1": 1,
        "2": 9,
        "3": 77,
        "4": 684,
        "5": 6028,
        "6": 19952
    },
    "7154": {
        "0": 1,
        "1": 8,
        "2": 59,
        "3": 435,
        "4": 3257,
        "5": 5434,
        "6": 8851
    },
    "7155": {
        "0": 1,
        "1": 10,
        "2": 80,
        "3": 652,
        "4": 5296,
        "5": 12814,
        "6": 21053
    },
    "7156": {
        "0": 1,
        "1": 1,
        "2": 10,
        "3": 85,
        "4": 694,
        "5": 5578,
        "6": 16651
    },
    "7157": {
        "0": 1,
        "1": 1,
        "2": 11,
        "3": 94,
        "4": 800,
        "5": 6778,
        "6": 24642
    },
    "7158": {
        "0": 1,
        "1": 1,
        "2": 1,
        "3": 10,
        "4": 73,
        "5": 531,
        "6": 3945
    },
    "7159": {
        "0": 1,
        "1": 11,
        "2": 93,
        "3": 779,
        "4": 6433,
        "5": 22638,
        "6": 49637
    },
    "7160": {
        "0": 1,
        "1": 1,
        "2": 9,
        "3": 69,
        "4": 538,
        "5": 4188,
        "6": 13413
    },
    "7161": {
        "0": 1,
        "1": 11,
        "2": 86,
        "3": 653,
        "4": 4969,
        "5": 18748,
        "6": 50599
    },
    "7162": {
        "0": 1,
        "1": 1,
        "2": 11,
        "3": 78,
        "4": 533,
        "5": 3672,
        "6": 15149
    },
    "7163": {
        "0": 1,
        "1": 1,
        "2": 11,
        "3": 85,
        "4": 635,
        "5": 4748,
        "6": 16493
    },
    "7164": {
        "0": 1,
        "1": 9,
        "2": 69,
        "3": 524,
        "4": 4020,
        "5": 11960,
        "6": 27913
    },
    "7165": {
        "0": 1,
        "1": 1,
        "2": 1,
        "3": 10,
        "4": 87,
        "5": 747,
        "6": 6353
    },
    "7166": {
        "0": 1,
        "1": 1,
        "2": 1,
        "3": 1,
        "4": 1,
        "5": 9,
        "6": 61
    },
    "7167": {
        "0": 1,
        "1": 1,
        "2": 1,
        "3": 1,
        "4": 1,
        "5": 13,
        "6": 109
    },
    "7168": {
        "0": 1,
        "1": 8,
        "2": 61,
        "3": 464,
        "4": 3554,
        "5": 8259,
        "6": 12772
    },
    "7169": {
        "0": 1,
        "1": 11,
        "2": 78,
        "3": 523,
        "4": 3545,
        "5": 13901,
        "6": 38654
    },
    "7170": {
        "0": 1,
        "1": 11,
        "2": 91,
        "3": 722,
        "4": 5669,
        "5": 24831,
        "6": 74767
    },
    "7171": {
        "0": 1,
        "1": 1,
        "2": 1,
        "3": 11,
        "4": 87,
        "5": 660,
        "6": 5021
    },
    "7172": {
        "0": 1,
        "1": 11,
        "2": 80,
        "3": 521,
        "4": 3411,
        "5": 13240,
        "6": 37630
    },
    "7173": {
        "0": 1,
        "1": 1,
        "2": 1,
        "3": 1,
        "4": 1,
        "5": 11,
        "6": 101
    },
    "7174": {
        "0": 1,
        "1": 1,
        "2": 11,
        "3": 92,
        "4": 759,
        "5": 6192,
        "6": 20184
    },
    "7175": {
        "0": 1,
        "1": 9,
        "2": 62,
        "3": 431,
        "4": 2972,
        "5": 10057,
        "6": 26833
    },
    "7176": {
        "0": 1,
        "1": 10,
        "2": 67,
        "3": 466,
        "4": 3232,
        "5": 12043,
        "6": 35825
    },
    "7177": {
        "0": 1,
        "1": 11,
        "2": 91,
        "3": 762,
        "4": 6484,
        "5": 22479,
        "6": 58950
    },
    "7178": {
        "0": 1,
        "1": 1,
        "2": 10,
        "3": 77,
        "4": 593,
        "5": 4562,
        "6": 15789
    },
    "7179": {
        "0": 1,
        "1": 9,
        "2": 76,
        "3": 656,
        "4": 5675,
        "5": 16621,
        "6": 32913
    },
    "7180": {
        "0": 1,
        "1": 11,
        "2": 85,
        "3": 623,
        "4": 4557,
        "5": 15787,
        "6": 40519
    },
    "7181": {
        "0": 1,
        "1": 1,
        "2": 9,
        "3": 79,
        "4": 693,
        "5": 5902,
        "6": 19371
    },
    "7182": {
        "0": 1,
        "1": 10,
        "2": 88,
        "3": 748,
        "4": 6272,
        "5": 22052,
        "6": 53667
    },
    "7183": {
        "0": 1,
        "1": 9,
        "2": 77,
        "3": 659,
        "4": 5583,
        "5": 17012,
        "6": 32501
    },
    "7184": {
        "0": 1,
        "1": 1,
        "2": 1,
        "3": 10,
        "4": 75,
        "5": 560,
        "6": 4143
    },
    "7185": {
        "0": 1,
        "1": 12,
        "2": 97,
        "3": 736,
        "4": 5527,
        "5": 23921,
        "6": 72608
    },
    "7186": {
        "0": 1,
        "1": 1,
        "2": 10,
        "3": 86,
        "4": 748,
        "5": 6512,
        "6": 24059
    },
    "7187": {
        "0": 1,
        "1": 11,
        "2": 93,
        "3": 781,
        "4": 6567,
        "5": 22816,
        "6": 57238
    },
    "7188": {
        "0": 1,
        "1": 1,
        "2": 8,
        "3": 62,
        "4": 476,
        "5": 3653,
        "6": 9125
    },
    "7189": {
        "0": 1,
        "1": 11,
        "2": 94,
        "3": 800,
        "4": 6721,
        "5": 25478,
        "6": 63509
    },
    "7190": {
        "0": 1,
        "1": 1,
        "2": 10,
        "3": 75,
        "4": 541,
        "5": 3856,
        "6": 10215
    },
    "7191": {
        "0": 1,
        "1": 1,
        "2": 11,
        "3": 94,
        "4": 785,
        "5": 6451,
        "6": 22449
    },
    "7192": {
        "0": 1,
        "1": 1,
        "2": 1,
        "3": 9,
        "4": 62,
        "5": 435,
        "6": 3057
    },
    "7193": {
        "0": 1,
        "1": 10,
        "2": 87,
        "3": 736,
        "4": 6251,
        "5": 21030,
        "6": 49531
    },
    "7194": {
        "0": 1,
        "1": 1,
        "2": 1,
        "3": 12,
        "4": 85,
        "5": 532,
        "6": 3295
    },
    "7195": {
        "0": 1,
        "1": 1,
        "2": 1,
        "3": 9,
        "4": 60,
        "5": 396,
        "6": 2617
    },
    "7196": {
        "0": 1,
        "1": 12,
        "2": 85,
        "3": 572,
        "4": 3919,
        "5": 16694,
        "6": 48263
    },
    "7197": {
        "0": 1,
        "1": 8,
        "2": 63,
        "3": 489,
        "4": 3763,
        "5": 11643,
        "6": 27446
    },
    "7198": {
        "0": 1,
        "1": 12,
        "2": 105,
        "3": 887,
        "4": 7501,
        "5": 30947,
        "6": 74541
    },
    "7199": {
        "0": 1,
        "1": 1,
        "2": 10,
        "3": 87,
        "4": 751,
        "5": 6553,
        "6": 24832
    }
}