{
    "31600": {
        "0": 1,
        "1": 1,
        "2": 10,
        "3": 89,
        "4": 771,
        "5": 6539,
        "6": 24694
    },
    "31601": {
        "0": 1,
        "1": 10,
        "2": 74,
        "3": 548,
        "4": 4107,
        "5": 11802,
        "6": 24900
    },
    "31602": {
        "0": 1,
        "1": 1,
        "2": 12,
        "3": 97,
        "4": 718,
        "5": 5261,
        "6": 21506
    },
    "31603": {
        "0": 1,
        "1": 10,
        "2": 78,
        "3": 590,
        "4": 4451,
        "5": 16310,
        "6": 47617
    },
    "31604": {
        "0": 1,
        "1": 1,
        "2": 9,
        "3": 68,
        "4": 509,
        "5": 3714,
        "6": 11205
    },
    "31605": {
        "0": 1,
        "1": 1,
        "2": 10,
        "3": 66,
        "4": 451,
        "5": 3189,
        "6": 12209
    },
    "31606": {
        "0": 1,
        "1": 1,
        "2": 11,
        "3": 82,
        "4": 575,
        "5": 4001,
        "6": 18527
    },
    "31607": {
        "0": 1,
        "1": 10,
        "2": 68,
        "3": 443,
        "4": 2903,
        "5": 10103,
        "6": 26007
    },
    "31608": {
        "0": 1,
        "1": 9,
        "2": 67,
        "3": 518,
        "4": 3984,
        "5": 11537,
        "6": 17833
    },
    "31609": {
        "0": 1,
        "1": 8,
        "2": 68,
        "3": 564,
        "4": 4604,
        "5": 9689,
        "6": 16251
    },
    "31610": {
        "0": 1,
        "1": 1,
        "2": 11,
        "3": 85,
        "4": 638,
        "5": 4803,
        "6": 17257
    },
    "31611": {
        "0": 1,
        "1": 12,
        "2": 94,
        "3": 707,
        "4": 5340,
        "5": 21485,
        "6": 63519
    },
    "31612": {
        "0": 1,
        "1": 11,
        "2": 78,
        "3": 522,
        "4": 3431,
        "5": 13400,
        "6": 37661
    },
    "31613": {
        "0": 1,
        "1": 11,
        "2": 86,
        "3": 651,
        "4": 4936,
        "5": 18396,
        "6": 47363
    },
    "31614": {
        "0": 1,
        "1": 10,
        "2": 77,
        "3": 571,
        "4": 4202,
        "5": 13594,
        "6": 30031
    },
    "31615": {
        "0": 1,
        "1": 1,
        "2": 10,
        "3": 76,
        "4": 558,
        "5": 4054,
        "6": 11924
    },
    "31616": {
        "0": 1,
        "1": 8,
        "2": 69,
        "3": 564,
        "4": 4410,
        "5": 8348,
        "6": 13074
    },
    "31617": {
        "0": 1,
        "1": 1,
        "2": 13,
        "3": 114,
        "4": 970,
        "5": 8208,
        "6": 36830
    },
    "31618": {
        "0": 1,
        "1": 11,
        "2": 97,
        "3": 838,
        "4": 7108,
        "5": 29703,
        "6": 85697
    },
    "31619": {
        "0": 1,
        "1": 8,
        "2": 68,
        "3": 582,
        "4": 4960,
        "5": 12208,
        "6": 23865
    },
    "31620": {
        "0": 1,
        "1": 1,
        "2": 1,
        "3": 8,
        "4": 65,
        "5": 518,
        "6": 4122
    },
    "31621": {
        "0": 1,
        "1": 1,
        "2": 1,
        "3": 12,
        "4": 107,
        "5": 950,
        "6": 8230
    },
    "31622": {
        "0": 1,
        "1": 11,
        "2": 80,
        "3": 544,
        "4": 3696,
        "5": 15140,
        "6": 44767
    },
    "31623": {
        "0": 1,
        "1": 10,
        "2": 75,
        "3": 563,
        "4": 4289,
        "5": 13695,
        "6": 32171
    },
    "31624": {
        "0": 1,
        "1": 9,
        "2": 78,
        "3": 670,
        "4": 5687,
        "5": 17828,
        "6": 40223
    },
    "31625": {
        "0": 1,
        "1": 1,
        "2": 11,
        "3": 94,
        "4": 809,
        "5": 6974,
        "6": 27573
    },
    "31626": {
        "0": 1,
        "1": 1,
        "2": 11,
        "3": 94,
        "4": 780,
        "5": 6206,
        "6": 22687
    },
    "31627": {
        "0": 1,
        "1": 10,
        "2": 70,
        "3": 467,
        "4": 3054,
        "5": 10891,
        "6": 30177
    },
    "31628": {
        "0": 1,
        "1": 1,
        "2": 11,
        "3": 96,
        "4": 826,
        "5": 6937,
        "6": 27420
    },
    "31629": {
        "0": 1,
        "1": 8,
        "2": 69,
        "3": 587,
        "4": 4947,
        "5": 11405,
        "6": 20911
    },
    "31630": {
        "0": 1,
        "1": 8,
        "2": 60,
        "3": 446,
        "4": 3314,
        "5": 7099,
        "6": 13852
    },
    "31631": {
        "0": 1,
        "1": 10,
        "2": 82,
        "3": 684,
        "4": 5707,
        "5": 17158,
        "6": 31403
    },
    "31632": {
        "0": 1,
        "1": 10,
        "2": 86,
        "3": 730,
        "4": 6132,
        "5": 20789,
        "6": 43484
    },
    "31633": {
        "0": 1,
        "1": 10,
        "2": 76,
        "3": 568,
        "4": 4150,
        "5": 12916,
        "6": 30758
    },
    "31634": {
        "0": 1,
        "1": 11,
        "2": 84,
        "3": 624,
        "4": 4676,
        "5": 16211,
        "6": 38812
    },
    "31635": {
        "0": 1,
        "1": 10,
        "2": 82,
        "3": 666,
        "4": 5414,
        "5": 14081,
        "6": 30177
    },
    "31636": {
        "0": 1,
        "1": 1,
        "2": 1,
        "3": 11,
        "4": 94,
        "5": 778,
        "6": 6344
    },
    "31637": {
        "0": 1,
        "1": 11,
        "2": 92,
        "3": 766,
        "4": 6351,
        "5": 22029,
        "6": 52639
    },
    "31638": {
        "0": 1,
        "1": 9,
        "2": 63,
        "3": 444,
        "4": 3146,
        "5": 12052,
        "6": 30473
    },
    "31639": {
        "0": 1,
        "1": 1,
        "2": 1,
        "3": 9,
        "4": 71,
        "5": 531,
        "6": 3808
    },
    "31640": {
        "0": 1,
        "1": 10,
        "2": 83,
        "3": 693,
        "4": 5735,
        "5": 16958,
        "6": 31185
    },
    "31641": {
        "0": 1,
        "1": 1,
        "2": 12,
        "3": 100,
        "4": 749,
        "5": 5352,
        "6": 21724
    },
    "31642": {
        "0": 1,
        "1": 8,
        "2": 63,
        "3": 501,
        "4": 3957,
        "5": 11901,
        "6": 31317
    },
    "31643": {
        "0": 1,
        "1": 9,
        "2": 79,
        "3": 652,
        "4": 5201,
        "5": 15184,
        "6": 33052
    },
    "31644": {
        "0": 1,
        "1": 10,
        "2": 84,
        "3": 711,
        "4": 6035,
        "5": 18741,
        "6": 35802
    },
    "31645": {
        "0": 1,
        "1": 10,
        "2": 77,
        "3": 594,
        "4": 4563,
        "5": 17636,
        "6": 44905
    },
    "31646": {
        "0": 1,
        "1": 1,
        "2": 11,
        "3": 92,
        "4": 779,
        "5": 6452,
        "6": 22536
    },
    "31647": {
        "0": 1,
        "1": 10,
        "2": 82,
        "3": 695,
        "4": 5955,
        "5": 18488,
        "6": 40302
    },
    "31648": {
        "0": 1,
        "1": 1,
        "2": 1,
        "3": 10,
        "4": 86,
        "5": 740,
        "6": 6385
    },
    "31649": {
        "0": 1,
        "1": 10,
        "2": 74,
        "3": 554,
        "4": 4218,
        "5": 13529,
        "6": 32756
    },
    "31650": {
        "0": 1,
        "1": 10,
        "2": 83,
        "3": 685,
        "4": 5635,
        "5": 16020,
        "6": 29350
    },
    "31651": {
        "0": 1,
        "1": 15,
        "2": 132,
        "3": 974,
        "4": 6684,
        "5": 31086,
        "6": 102218
    },
    "31652": {
        "0": 1,
        "1": 1,
        "2": 11,
        "3": 94,
        "4": 810,
        "5": 6903,
        "6": 28212
    },
    "31653": {
        "0": 1,
        "1": 1,
        "2": 12,
        "3": 102,
        "4": 839,
        "5": 6834,
        "6": 25332
    },
    "31654": {
        "0": 1,
        "1": 1,
        "2": 11,
        "3": 86,
        "4": 660,
        "5": 5093,
        "6": 20518
    },
    "31655": {
        "0": 1,
        "1": 11,
        "2": 78,
        "3": 538,
        "4": 3767,
        "5": 16300,
        "6": 49314
    },
    "31656": {
        "0": 1,
        "1": 10,
        "2": 75,
        "3": 562,
        "4": 4152,
        "5": 14389,
        "6": 34420
    },
    "31657": {
        "0": 1,
        "1": 10,
        "2": 77,
        "3": 600,
        "4": 4688,
        "5": 17451,
        "6": 42287
    },
    "31658": {
        "0": 1,
        "1": 11,
        "2": 83,
        "3": 602,
        "4": 4340,
        "5": 14147,
        "6": 32766
    },
    "31659": {
        "0": 1,
        "1": 10,
        "2": 83,
        "3": 723,
        "4": 6230,
        "5": 20940,
        "6": 46290
    },
    "31660": {
        "0": 1,
        "1": 1,
        "2": 1,
        "3": 11,
        "4": 75,
        "5": 478,
        "6": 3071
    },
    "31661": {
        "0": 1,
        "1": 8,
        "2": 62,
        "3": 472,
        "4": 3586,
        "5": 8039,
        "6": 14430
    },
    "31662": {
        "0": 1,
        "1": 1,
        "2": 10,
        "3": 75,
        "4": 552,
        "5": 4021,
        "6": 11896
    },
    "31663": {
        "0": 1,
        "1": 10,
        "2": 85,
        "3": 711,
        "4": 5935,
        "5": 19370,
        "6": 48933
    },
    "31664": {
        "0": 1,
        "1": 1,
        "2": 8,
        "3": 52,
        "4": 345,
        "5": 2312,
        "6": 5287
    },
    "31665": {
        "0": 1,
        "1": 1,
        "2": 1,
        "3": 10,
        "4": 69,
        "5": 466,
        "6": 3167
    },
    "31666": {
        "0": 1,
        "1": 10,
        "2": 78,
        "3": 616,
        "4": 4833,
        "5": 18401,
        "6": 50259
    },
    "31667": {
        "0": 1,
        "1": 9,
        "2": 76,
        "3": 662,
        "4": 5766,
        "5": 17196,
        "6": 34728
    },
    "31668": {
        "0": 1,
        "1": 10,
        "2": 78,
        "3": 592,
        "4": 4467,
        "5": 16079,
        "6": 42531
    },
    "31669": {
        "0": 1,
        "1": 10,
        "2": 74,
        "3": 533,
        "4": 3848,
        "5": 10450,
        "6": 24240
    },
    "31670": {
        "0": 1,
        "1": 12,
        "2": 94,
        "3": 612,
        "4": 3860,
        "5": 15447,
        "6": 49476
    },
    "31671": {
        "0": 1,
        "1": 1,
        "2": 10,
        "3": 68,
        "4": 456,
        "5": 3058,
        "6": 10389
    },
    "31672": {
        "0": 1,
        "1": 1,
        "2": 1,
        "3": 12,
        "4": 107,
        "5": 902,
        "6": 7340
    },
    "31673": {
        "0": 1,
        "1": 10,
        "2": 80,
        "3": 665,
        "4": 5582,
        "5": 14664,
        "6": 26801
    },
    "31674": {
        "0": 1,
        "1": 1,
        "2": 10,
        "3": 79,
        "4": 582,
        "5": 4264,
        "6": 13992
    },
    "31675": {
        "0": 1,
        "1": 10,
        "2": 85,
        "3": 731,
        "4": 6170,
        "5": 21530,
        "6": 52915
    },
    "31676": {
        "0": 1,
        "1": 11,
        "2": 91,
        "3": 764,
        "4": 6433,
        "5": 21826,
        "6": 48440
    },
    "31677": {
        "0": 1,
        "1": 9,
        "2": 70,
        "3": 540,
        "4": 4196,
        "5": 13532,
        "6": 28159
    },
    "31678": {
        "0": 1,
        "1": 10,
        "2": 82,
        "3": 680,
        "4": 5701,
        "5": 15489,
        "6": 27402
    },
    "31679": {
        "0": 1,
        "1": 10,
        "2": 75,
        "3": 546,
        "4": 3992,
        "5": 12053,
        "6": 29380
    },
    "31680": {
        "0": 1,
        "1": 11,
        "2": 95,
        "3": 808,
        "4": 6744,
        "5": 25526,
        "6": 61671
    },
    "31681": {
        "0": 1,
        "1": 1,
        "2": 10,
        "3": 83,
        "4": 693,
        "5": 5787,
        "6": 15936
    },
    "31682": {
        "0": 1,
        "1": 10,
        "2": 79,
        "3": 601,
        "4": 4544,
        "5": 17006,
        "6": 43661
    },
    "31683": {
        "0": 1,
        "1": 10,
        "2": 72,
        "3": 535,
        "4": 4058,
        "5": 11691,
        "6": 23165
    },
    "31684": {
        "0": 1,
        "1": 10,
        "2": 68,
        "3": 454,
        "4": 3085,
        "5": 11000,
        "6": 30729
    },
    "31685": {
        "0": 1,
        "1": 1,
        "2": 11,
        "3": 85,
        "4": 657,
        "5": 5114,
        "6": 20778
    },
    "31686": {
        "0": 1,
        "1": 1,
        "2": 1,
        "3": 1,
        "4": 11,
        "5": 85,
        "6": 640
    },
    "31687": {
        "0": 1,
        "1": 1,
        "2": 1,
        "3": 8,
        "4": 66,
        "5": 545,
        "6": 4509
    },
    "31688": {
        "0": 1,
        "1": 10,
        "2": 78,
        "3": 595,
        "4": 4470,
        "5": 15816,
        "6": 42339
    },
    "31689": {
        "0": 1,
        "1": 1,
        "2": 10,
        "3": 63,
        "4": 394,
        "5": 2421,
        "6": 10723
    },
    "31690": {
        "0": 1,
        "1": 10,
        "2": 60,
        "3": 347,
        "4": 2010,
        "5": 6676,
        "6": 18120
    },
    "31691": {
        "0": 1,
        "1": 1,
        "2": 10,
        "3": 74,
        "4": 543,
        "5": 3992,
        "6": 11991
    },
    "31692": {
        "0": 1,
        "1": 1,
        "2": 1,
        "3": 8,
        "4": 71,
        "5": 617,
        "6": 5303
    },
    "31693": {
        "0": 1,
        "1": 1,
        "2": 1,
        "3": 1,
        "4": 10,
        "5": 84,
        "6": 688
    },
    "31694": {
        "0": 1,
        "1": 13,
        "2": 112,
        "3": 905,
        "4": 7212,
        "5": 29440,
        "6": 74854
    },
    "31695": {
        "0": 1,
        "1": 1,
        "2": 11,
        "3": 85,
        "4": 633,
        "5": 4638,
        "6": 18158
    },
    "31696": {
        "0": 1,
        "1": 1,
        "2": 1,
        "3": 10,
        "4": 81,
        "5": 607,
        "6": 4481
    },
    "31697": {
        "0": 1,
        "1": 12,
        "2": 93,
        "3": 697,
        "4": 5289,
        "5": 21288,
        "6": 54175
    },
    "31698": {
        "0": 1,
        "1": 1,
        "2": 1,
        "3": 10,
        "4": 59,
        "5": 345,
        "6": 2049
    },
    "31699": {
        "0": 1,
        "1": 1,
        "2": 9,
        "3": 63,
        "4": 426,
        "5": 2890,
        "6": 9294
    }
}