{
    "26700": {
        "0": 1,
        "1": 9,
        "2": 57,
        "3": 365,
        "4": 2359,
        "5": 5052,
        "6": 13210
    },
    "26701": {
        "0": 1,
        "1": 1,
        "2": 9,
        "3": 77,
        "4": 624,
        "5": 4985,
        "6": 20097
    },
    "26702": {
        "0": 1,
        "1": 1,
        "2": 10,
        "3": 78,
        "4": 601,
        "5": 4614,
        "6": 16338
    },
    "26703": {
        "0": 1,
        "1": 10,
        "2": 83,
        "3": 699,
        "4": 5741,
        "5": 18419,
        "6": 37546
    },
    "26704": {
        "0": 1,
        "1": 1,
        "2": 10,
        "3": 87,
        "4": 733,
        "5": 6059,
        "6": 21764
    },
    "26705": {
        "0": 1,
        "1": 11,
        "2": 92,
        "3": 714,
        "4": 5453,
        "5": 23769,
        "6": 74415
    },
    "26706": {
        "0": 1,
        "1": 1,
        "2": 8,
        "3": 60,
        "4": 447,
        "5": 3324,
        "6": 7428
    },
    "26707": {
        "0": 1,
        "1": 1,
        "2": 11,
        "3": 76,
        "4": 510,
        "5": 3477,
        "6": 13547
    },
    "26708": {
        "0": 1,
        "1": 9,
        "2": 62,
        "3": 428,
        "4": 2959,
        "5": 10124,
        "6": 23943
    },
    "26709": {
        "0": 1,
        "1": 10,
        "2": 84,
        "3": 683,
        "4": 5468,
        "5": 15767,
        "6": 34727
    },
    "26710": {
        "0": 1,
        "1": 10,
        "2": 79,
        "3": 646,
        "4": 5243,
        "5": 12393,
        "6": 16467
    },
    "26711": {
        "0": 1,
        "1": 10,
        "2": 78,
        "3": 586,
        "4": 4370,
        "5": 15175,
        "6": 40853
    },
    "26712": {
        "0": 1,
        "1": 11,
        "2": 92,
        "3": 789,
        "4": 6757,
        "5": 27509,
        "6": 71704
    },
    "26713": {
        "0": 1,
        "1": 9,
        "2": 75,
        "3": 633,
        "4": 5360,
        "5": 12875,
        "6": 15260
    },
    "26714": {
        "0": 1,
        "1": 9,
        "2": 80,
        "3": 695,
        "4": 6044,
        "5": 19536,
        "6": 43068
    },
    "26715": {
        "0": 1,
        "1": 1,
        "2": 10,
        "3": 85,
        "4": 709,
        "5": 5890,
        "6": 18715
    },
    "26716": {
        "0": 1,
        "1": 9,
        "2": 74,
        "3": 594,
        "4": 4663,
        "5": 18862,
        "6": 53420
    },
    "26717": {
        "0": 1,
        "1": 12,
        "2": 98,
        "3": 771,
        "4": 5961,
        "5": 26583,
        "6": 77632
    },
    "26718": {
        "0": 1,
        "1": 1,
        "2": 1,
        "3": 11,
        "4": 88,
        "5": 660,
        "6": 4706
    },
    "26719": {
        "0": 1,
        "1": 1,
        "2": 11,
        "3": 86,
        "4": 648,
        "5": 4873,
        "6": 17644
    },
    "26720": {
        "0": 1,
        "1": 1,
        "2": 12,
        "3": 97,
        "4": 772,
        "5": 6143,
        "6": 29396
    },
    "26721": {
        "0": 1,
        "1": 11,
        "2": 88,
        "3": 683,
        "4": 5330,
        "5": 22506,
        "6": 66215
    },
    "26722": {
        "0": 1,
        "1": 1,
        "2": 1,
        "3": 1,
        "4": 1,
        "5": 9,
        "6": 80
    },
    "26723": {
        "0": 1,
        "1": 10,
        "2": 75,
        "3": 559,
        "4": 4225,
        "5": 13105,
        "6": 31368
    },
    "26724": {
        "0": 1,
        "1": 9,
        "2": 74,
        "3": 606,
        "4": 4893,
        "5": 11636,
        "6": 18674
    },
    "26725": {
        "0": 1,
        "1": 1,
        "2": 11,
        "3": 96,
        "4": 837,
        "5": 7233,
        "6": 29490
    },
    "26726": {
        "0": 1,
        "1": 1,
        "2": 9,
        "3": 77,
        "4": 663,
        "5": 5564,
        "6": 18154
    },
    "26727": {
        "0": 1,
        "1": 1,
        "2": 1,
        "3": 1,
        "4": 1,
        "5": 10,
        "6": 80
    },
    "26728": {
        "0": 1,
        "1": 11,
        "2": 84,
        "3": 589,
        "4": 4050,
        "5": 18624,
        "6": 59135
    },
    "26729": {
        "0": 1,
        "1": 12,
        "2": 100,
        "3": 792,
        "4": 6125,
        "5": 27351,
        "6": 78398
    },
    "26730": {
        "0": 1,
        "1": 10,
        "2": 70,
        "3": 473,
        "4": 3215,
        "5": 11600,
        "6": 28434
    },
    "26731": {
        "0": 1,
        "1": 9,
        "2": 71,
        "3": 531,
        "4": 3889,
        "5": 12661,
        "6": 32938
    },
    "26732": {
        "0": 1,
        "1": 1,
        "2": 1,
        "3": 1,
        "4": 8,
        "5": 51,
        "6": 338
    },
    "26733": {
        "0": 1,
        "1": 11,
        "2": 85,
        "3": 648,
        "4": 4966,
        "5": 18854,
        "6": 49458
    },
    "26734": {
        "0": 1,
        "1": 11,
        "2": 97,
        "3": 819,
        "4": 6721,
        "5": 26453,
        "6": 67472
    },
    "26735": {
        "0": 1,
        "1": 1,
        "2": 11,
        "3": 87,
        "4": 661,
        "5": 5053,
        "6": 19383
    },
    "26736": {
        "0": 1,
        "1": 1,
        "2": 11,
        "3": 86,
        "4": 651,
        "5": 4935,
        "6": 18389
    },
    "26737": {
        "0": 1,
        "1": 1,
        "2": 9,
        "3": 66,
        "4": 472,
        "5": 3330,
        "6": 12790
    },
    "26738": {
        "0": 1,
        "1": 1,
        "2": 1,
        "3": 10,
        "4": 74,
        "5": 518,
        "6": 3556
    },
    "26739": {
        "0": 1,
        "1": 11,
        "2": 87,
        "3": 660,
        "4": 5001,
        "5": 20430,
        "6": 57147
    },
    "26740": {
        "0": 1,
        "1": 10,
        "2": 84,
        "3": 688,
        "4": 5541,
        "5": 16334,
        "6": 30182
    },
    "26741": {
        "0": 1,
        "1": 11,
        "2": 89,
        "3": 718,
        "4": 5798,
        "5": 16783,
        "6": 35870
    },
    "26742": {
        "0": 1,
        "1": 1,
        "2": 11,
        "3": 94,
        "4": 808,
        "5": 6950,
        "6": 27052
    },
    "26743": {
        "0": 1,
        "1": 12,
        "2": 102,
        "3": 853,
        "4": 7117,
        "5": 28862,
        "6": 77917
    },
    "26744": {
        "0": 1,
        "1": 10,
        "2": 65,
        "3": 422,
        "4": 2811,
        "5": 8984,
        "6": 23850
    },
    "26745": {
        "0": 1,
        "1": 9,
        "2": 74,
        "3": 613,
        "4": 4983,
        "5": 12596,
        "6": 26464
    },
    "26746": {
        "0": 1,
        "1": 1,
        "2": 1,
        "3": 1,
        "4": 8,
        "5": 60,
        "6": 445
    },
    "26747": {
        "0": 1,
        "1": 1,
        "2": 10,
        "3": 88,
        "4": 774,
        "5": 6810,
        "6": 26936
    },
    "26748": {
        "0": 1,
        "1": 10,
        "2": 88,
        "3": 769,
        "4": 6543,
        "5": 24627,
        "6": 62115
    },
    "26749": {
        "0": 1,
        "1": 1,
        "2": 10,
        "3": 70,
        "4": 478,
        "5": 3304,
        "6": 12576
    },
    "26750": {
        "0": 1,
        "1": 9,
        "2": 70,
        "3": 545,
        "4": 4219,
        "5": 13290,
        "6": 32782
    },
    "26751": {
        "0": 1,
        "1": 10,
        "2": 77,
        "3": 593,
        "4": 4531,
        "5": 15542,
        "6": 34569
    },
    "26752": {
        "0": 1,
        "1": 1,
        "2": 1,
        "3": 10,
        "4": 76,
        "5": 571,
        "6": 4260
    },
    "26753": {
        "0": 1,
        "1": 10,
        "2": 62,
        "3": 400,
        "4": 2647,
        "5": 7655,
        "6": 20120
    },
    "26754": {
        "0": 1,
        "1": 12,
        "2": 96,
        "3": 745,
        "4": 5804,
        "5": 26135,
        "6": 75584
    },
    "26755": {
        "0": 1,
        "1": 9,
        "2": 70,
        "3": 539,
        "4": 4039,
        "5": 14287,
        "6": 36348
    },
    "26756": {
        "0": 1,
        "1": 1,
        "2": 1,
        "3": 12,
        "4": 106,
        "5": 912,
        "6": 7778
    },
    "26757": {
        "0": 1,
        "1": 1,
        "2": 1,
        "3": 9,
        "4": 67,
        "5": 500,
        "6": 3740
    },
    "26758": {
        "0": 1,
        "1": 1,
        "2": 1,
        "3": 12,
        "4": 106,
        "5": 903,
        "6": 7596
    },
    "26759": {
        "0": 1,
        "1": 9,
        "2": 72,
        "3": 566,
        "4": 4391,
        "5": 16272,
        "6": 41762
    },
    "26760": {
        "0": 1,
        "1": 11,
        "2": 77,
        "3": 509,
        "4": 3353,
        "5": 11898,
        "6": 29912
    },
    "26761": {
        "0": 1,
        "1": 10,
        "2": 83,
        "3": 681,
        "4": 5544,
        "5": 16962,
        "6": 38147
    },
    "26762": {
        "0": 1,
        "1": 9,
        "2": 63,
        "3": 438,
        "4": 3040,
        "5": 10896,
        "6": 28661
    },
    "26763": {
        "0": 1,
        "1": 10,
        "2": 67,
        "3": 442,
        "4": 2941,
        "5": 9498,
        "6": 20878
    },
    "26764": {
        "0": 1,
        "1": 1,
        "2": 10,
        "3": 84,
        "4": 719,
        "5": 6144,
        "6": 20231
    },
    "26765": {
        "0": 1,
        "1": 1,
        "2": 1,
        "3": 14,
        "4": 112,
        "5": 778,
        "6": 5277
    },
    "26766": {
        "0": 1,
        "1": 11,
        "2": 82,
        "3": 575,
        "4": 3952,
        "5": 11370,
        "6": 24677
    },
    "26767": {
        "0": 1,
        "1": 1,
        "2": 9,
        "3": 74,
        "4": 581,
        "5": 4451,
        "6": 16091
    },
    "26768": {
        "0": 1,
        "1": 10,
        "2": 73,
        "3": 548,
        "4": 4202,
        "5": 13361,
        "6": 28548
    },
    "26769": {
        "0": 1,
        "1": 12,
        "2": 96,
        "3": 707,
        "4": 5168,
        "5": 20807,
        "6": 62271
    },
    "26770": {
        "0": 1,
        "1": 1,
        "2": 1,
        "3": 1,
        "4": 11,
        "5": 85,
        "6": 632
    },
    "26771": {
        "0": 1,
        "1": 9,
        "2": 61,
        "3": 395,
        "4": 2529,
        "5": 7120,
        "6": 16472
    },
    "26772": {
        "0": 1,
        "1": 1,
        "2": 1,
        "3": 1,
        "4": 13,
        "5": 97,
        "6": 632
    },
    "26773": {
        "0": 1,
        "1": 1,
        "2": 11,
        "3": 85,
        "4": 637,
        "5": 4825,
        "6": 17734
    },
    "26774": {
        "0": 1,
        "1": 10,
        "2": 85,
        "3": 734,
        "4": 6326,
        "5": 21920,
        "6": 51003
    },
    "26775": {
        "0": 1,
        "1": 8,
        "2": 71,
        "3": 616,
        "4": 5278,
        "5": 14440,
        "6": 28041
    },
    "26776": {
        "0": 1,
        "1": 1,
        "2": 11,
        "3": 86,
        "4": 651,
        "5": 4961,
        "6": 18546
    },
    "26777": {
        "0": 1,
        "1": 11,
        "2": 92,
        "3": 737,
        "4": 5796,
        "5": 25984,
        "6": 79693
    },
    "26778": {
        "0": 1,
        "1": 1,
        "2": 1,
        "3": 9,
        "4": 78,
        "5": 666,
        "6": 5600
    },
    "26779": {
        "0": 1,
        "1": 10,
        "2": 67,
        "3": 449,
        "4": 3057,
        "5": 10713,
        "6": 26806
    },
    "26780": {
        "0": 1,
        "1": 1,
        "2": 9,
        "3": 75,
        "4": 645,
        "5": 5589,
        "6": 15644
    },
    "26781": {
        "0": 1,
        "1": 13,
        "2": 105,
        "3": 792,
        "4": 5939,
        "5": 27038,
        "6": 78375
    },
    "26782": {
        "0": 1,
        "1": 10,
        "2": 56,
        "3": 320,
        "4": 1849,
        "5": 6840,
        "6": 19773
    },
    "26783": {
        "0": 1,
        "1": 11,
        "2": 73,
        "3": 476,
        "4": 3232,
        "5": 11742,
        "6": 32394
    },
    "26784": {
        "0": 1,
        "1": 1,
        "2": 9,
        "3": 74,
        "4": 596,
        "5": 4757,
        "6": 18720
    },
    "26785": {
        "0": 1,
        "1": 10,
        "2": 86,
        "3": 742,
        "4": 6399,
        "5": 22620,
        "6": 53925
    },
    "26786": {
        "0": 1,
        "1": 10,
        "2": 68,
        "3": 464,
        "4": 3209,
        "5": 11891,
        "6": 32113
    },
    "26787": {
        "0": 1,
        "1": 12,
        "2": 96,
        "3": 692,
        "4": 4817,
        "5": 17588,
        "6": 49446
    },
    "26788": {
        "0": 1,
        "1": 12,
        "2": 104,
        "3": 880,
        "4": 7350,
        "5": 30813,
        "6": 84775
    },
    "26789": {
        "0": 1,
        "1": 1,
        "2": 1,
        "3": 9,
        "4": 66,
        "5": 482,
        "6": 3496
    },
    "26790": {
        "0": 1,
        "1": 1,
        "2": 1,
        "3": 10,
        "4": 78,
        "5": 613,
        "6": 4805
    },
    "26791": {
        "0": 1,
        "1": 11,
        "2": 86,
        "3": 644,
        "4": 4804,
        "5": 18365,
        "6": 53061
    },
    "26792": {
        "0": 1,
        "1": 10,
        "2": 75,
        "3": 536,
        "4": 3813,
        "5": 9855,
        "6": 19537
    },
    "26793": {
        "0": 1,
        "1": 11,
        "2": 78,
        "3": 537,
        "4": 3675,
        "5": 15815,
        "6": 44008
    },
    "26794": {
        "0": 1,
        "1": 1,
        "2": 10,
        "3": 66,
        "4": 446,
        "5": 3061,
        "6": 10854
    },
    "26795": {
        "0": 1,
        "1": 10,
        "2": 83,
        "3": 710,
        "4": 6002,
        "5": 20157,
        "6": 44258
    },
    "26796": {
        "0": 1,
        "1": 10,
        "2": 69,
        "3": 475,
        "4": 3325,
        "5": 13114,
        "6": 36238
    },
    "26797": {
        "0": 1,
        "1": 1,
        "2": 8,
        "3": 61,
        "4": 451,
        "5": 3317,
        "6": 7060
    },
    "26798": {
        "0": 1,
        "1": 1,
        "2": 13,
        "3": 106,
        "4": 803,
        "5": 6049,
        "6": 26677
    },
    "26799": {
        "0": 1,
        "1": 11,
        "2": 92,
        "3": 753,
        "4": 6147,
        "5": 20057,
        "6": 45235
    }
}