{
    "14800": {
        "0": 1,
        "1": 9,
        "2": 63,
        "3": 435,
        "4": 2986,
        "5": 10202,
        "6": 29060
    },
    "14801": {
        "0": 1,
        "1": 1,
        "2": 1,
        "3": 12,
        "4": 98,
        "5": 749,
        "6": 5634
    },
    "14802": {
        "0": 1,
        "1": 10,
        "2": 79,
        "3": 610,
        "4": 4615,
        "5": 17184,
        "6": 39282
    },
    "14803": {
        "0": 1,
        "1": 11,
        "2": 84,
        "3": 629,
        "4": 4808,
        "5": 17938,
        "6": 47858
    },
    "14804": {
        "0": 1,
        "1": 12,
        "2": 94,
        "3": 713,
        "4": 5438,
        "5": 22747,
        "6": 63260
    },
    "14805": {
        "0": 1,
        "1": 1,
        "2": 1,
        "3": 10,
        "4": 82,
        "5": 695,
        "6": 5779
    },
    "14806": {
        "0": 1,
        "1": 1,
        "2": 1,
        "3": 10,
        "4": 83,
        "5": 705,
        "6": 6001
    },
    "14807": {
        "0": 1,
        "1": 1,
        "2": 11,
        "3": 93,
        "4": 795,
        "5": 6807,
        "6": 25780
    },
    "14808": {
        "0": 1,
        "1": 1,
        "2": 1,
        "3": 1,
        "4": 12,
        "5": 94,
        "6": 694
    },
    "14809": {
        "0": 1,
        "1": 1,
        "2": 1,
        "3": 10,
        "4": 86,
        "5": 727,
        "6": 6073
    },
    "14810": {
        "0": 1,
        "1": 1,
        "2": 10,
        "3": 81,
        "4": 649,
        "5": 5137,
        "6": 12709
    },
    "14811": {
        "0": 1,
        "1": 1,
        "2": 9,
        "3": 77,
        "4": 654,
        "5": 5518,
        "6": 15935
    },
    "14812": {
        "0": 1,
        "1": 10,
        "2": 70,
        "3": 480,
        "4": 3274,
        "5": 13167,
        "6": 37757
    },
    "14813": {
        "0": 1,
        "1": 1,
        "2": 1,
        "3": 12,
        "4": 98,
        "5": 812,
        "6": 6771
    },
    "14814": {
        "0": 1,
        "1": 1,
        "2": 10,
        "3": 81,
        "4": 623,
        "5": 4655,
        "6": 18525
    },
    "14815": {
        "0": 1,
        "1": 1,
        "2": 10,
        "3": 82,
        "4": 697,
        "5": 5917,
        "6": 17776
    },
    "14816": {
        "0": 1,
        "1": 10,
        "2": 87,
        "3": 741,
        "4": 6320,
        "5": 21178,
        "6": 47043
    },
    "14817": {
        "0": 1,
        "1": 9,
        "2": 79,
        "3": 663,
        "4": 5524,
        "5": 15529,
        "6": 31441
    },
    "14818": {
        "0": 1,
        "1": 1,
        "2": 12,
        "3": 98,
        "4": 750,
        "5": 5656,
        "6": 23399
    },
    "14819": {
        "0": 1,
        "1": 1,
        "2": 11,
        "3": 81,
        "4": 563,
        "5": 3906,
        "6": 16712
    },
    "14820": {
        "0": 1,
        "1": 1,
        "2": 8,
        "3": 61,
        "4": 458,
        "5": 3414,
        "6": 8089
    },
    "14821": {
        "0": 1,
        "1": 1,
        "2": 1,
        "3": 9,
        "4": 75,
        "5": 614,
        "6": 4960
    },
    "14822": {
        "0": 1,
        "1": 1,
        "2": 1,
        "3": 1,
        "4": 1,
        "5": 1,
        "6": 1
    },
    "14823": {
        "0": 1,
        "1": 1,
        "2": 10,
        "3": 74,
        "4": 502,
        "5": 3328,
        "6": 12864
    },
    "14824": {
        "0": 1,
        "1": 8,
        "2": 60,
        "3": 440,
        "4": 3175,
        "5": 7276,
        "6": 12342
    },
    "14825": {
        "0": 1,
        "1": 1,
        "2": 1,
        "3": 1,
        "4": 11,
        "5": 94,
        "6": 798
    },
    "14826": {
        "0": 1,
        "1": 1,
        "2": 10,
        "3": 80,
        "4": 620,
        "5": 4735,
        "6": 16541
    },
    "14827": {
        "0": 1,
        "1": 1,
        "2": 10,
        "3": 79,
        "4": 608,
        "5": 4652,
        "6": 16476
    },
    "14828": {
        "0": 1,
        "1": 11,
        "2": 86,
        "3": 660,
        "4": 5041,
        "5": 21124,
        "6": 63492
    },
    "14829": {
        "0": 1,
        "1": 1,
        "2": 11,
        "3": 91,
        "4": 698,
        "5": 5183,
        "6": 20889
    },
    "14830": {
        "0": 1,
        "1": 1,
        "2": 10,
        "3": 85,
        "4": 707,
        "5": 5822,
        "6": 17613
    },
    "14831": {
        "0": 1,
        "1": 1,
        "2": 10,
        "3": 82,
        "4": 693,
        "5": 5911,
        "6": 17922
    },
    "14832": {
        "0": 1,
        "1": 1,
        "2": 1,
        "3": 1,
        "4": 10,
        "5": 84,
        "6": 715
    },
    "14833": {
        "0": 1,
        "1": 1,
        "2": 11,
        "3": 83,
        "4": 587,
        "5": 4116,
        "6": 18494
    },
    "14834": {
        "0": 1,
        "1": 10,
        "2": 77,
        "3": 598,
        "4": 4655,
        "5": 17143,
        "6": 42002
    },
    "14835": {
        "0": 1,
        "1": 1,
        "2": 9,
        "3": 61,
        "4": 413,
        "5": 2825,
        "6": 9108
    },
    "14836": {
        "0": 1,
        "1": 10,
        "2": 85,
        "3": 724,
        "4": 6195,
        "5": 20466,
        "6": 48065
    },
    "14837": {
        "0": 1,
        "1": 1,
        "2": 9,
        "3": 70,
        "4": 548,
        "5": 4284,
        "6": 14038
    },
    "14838": {
        "0": 1,
        "1": 1,
        "2": 1,
        "3": 1,
        "4": 11,
        "5": 91,
        "6": 764
    },
    "14839": {
        "0": 1,
        "1": 1,
        "2": 10,
        "3": 79,
        "4": 606,
        "5": 4639,
        "6": 18101
    },
    "14840": {
        "0": 1,
        "1": 10,
        "2": 86,
        "3": 746,
        "4": 6392,
        "5": 23849,
        "6": 55807
    },
    "14841": {
        "0": 1,
        "1": 1,
        "2": 10,
        "3": 85,
        "4": 721,
        "5": 6024,
        "6": 21720
    },
    "14842": {
        "0": 1,
        "1": 9,
        "2": 75,
        "3": 632,
        "4": 5281,
        "5": 13798,
        "6": 24337
    },
    "14843": {
        "0": 1,
        "1": 1,
        "2": 1,
        "3": 12,
        "4": 108,
        "5": 922,
        "6": 7747
    },
    "14844": {
        "0": 1,
        "1": 1,
        "2": 10,
        "3": 74,
        "4": 533,
        "5": 3840,
        "6": 10392
    },
    "14845": {
        "0": 1,
        "1": 11,
        "2": 87,
        "3": 665,
        "4": 5085,
        "5": 19937,
        "6": 51125
    },
    "14846": {
        "0": 1,
        "1": 1,
        "2": 11,
        "3": 66,
        "4": 379,
        "5": 2209,
        "6": 7972
    },
    "14847": {
        "0": 1,
        "1": 1,
        "2": 1,
        "3": 1,
        "4": 10,
        "5": 75,
        "6": 561
    },
    "14848": {
        "0": 1,
        "1": 1,
        "2": 11,
        "3": 96,
        "4": 833,
        "5": 7116,
        "6": 29975
    },
    "14849": {
        "0": 1,
        "1": 9,
        "2": 64,
        "3": 459,
        "4": 3322,
        "5": 7012,
        "6": 11148
    },
    "14850": {
        "0": 1,
        "1": 1,
        "2": 9,
        "3": 73,
        "4": 623,
        "5": 5353,
        "6": 13444
    },
    "14851": {
        "0": 1,
        "1": 1,
        "2": 1,
        "3": 11,
        "4": 82,
        "5": 595,
        "6": 4372
    },
    "14852": {
        "0": 1,
        "1": 1,
        "2": 9,
        "3": 67,
        "4": 497,
        "5": 3669,
        "6": 9649
    },
    "14853": {
        "0": 1,
        "1": 10,
        "2": 76,
        "3": 543,
        "4": 3866,
        "5": 12088,
        "6": 29283
    },
    "14854": {
        "0": 1,
        "1": 1,
        "2": 10,
        "3": 77,
        "4": 568,
        "5": 4168,
        "6": 12785
    },
    "14855": {
        "0": 1,
        "1": 1,
        "2": 11,
        "3": 87,
        "4": 642,
        "5": 4712,
        "6": 15929
    },
    "14856": {
        "0": 1,
        "1": 9,
        "2": 67,
        "3": 480,
        "4": 3401,
        "5": 6776,
        "6": 11545
    },
    "14857": {
        "0": 1,
        "1": 10,
        "2": 85,
        "3": 737,
        "4": 6376,
        "5": 22388,
        "6": 51376
    },
    "14858": {
        "0": 1,
        "1": 11,
        "2": 92,
        "3": 781,
        "4": 6697,
        "5": 24723,
        "6": 52722
    },
    "14859": {
        "0": 1,
        "1": 1,
        "2": 1,
        "3": 1,
        "4": 11,
        "5": 86,
        "6": 649
    },
    "14860": {
        "0": 1,
        "1": 9,
        "2": 70,
        "3": 544,
        "4": 4203,
        "5": 13318,
        "6": 30952
    },
    "14861": {
        "0": 1,
        "1": 1,
        "2": 1,
        "3": 1,
        "4": 8,
        "5": 69,
        "6": 579
    },
    "14862": {
        "0": 1,
        "1": 11,
        "2": 83,
        "3": 602,
        "4": 4446,
        "5": 15723,
        "6": 41214
    },
    "14863": {
        "0": 1,
        "1": 10,
        "2": 76,
        "3": 554,
        "4": 4072,
        "5": 11260,
        "6": 25220
    },
    "14864": {
        "0": 1,
        "1": 1,
        "2": 11,
        "3": 85,
        "4": 659,
        "5": 5098,
        "6": 20205
    },
    "14865": {
        "0": 1,
        "1": 11,
        "2": 84,
        "3": 640,
        "4": 4868,
        "5": 19757,
        "6": 52745
    },
    "14866": {
        "0": 1,
        "1": 10,
        "2": 86,
        "3": 733,
        "4": 6176,
        "5": 21350,
        "6": 46902
    },
    "14867": {
        "0": 1,
        "1": 1,
        "2": 1,
        "3": 1,
        "4": 11,
        "5": 84,
        "6": 635
    },
    "14868": {
        "0": 1,
        "1": 12,
        "2": 84,
        "3": 542,
        "4": 3532,
        "5": 14230,
        "6": 41453
    },
    "14869": {
        "0": 1,
        "1": 11,
        "2": 83,
        "3": 608,
        "4": 4521,
        "5": 14906,
        "6": 39288
    },
    "14870": {
        "0": 1,
        "1": 9,
        "2": 76,
        "3": 645,
        "4": 5437,
        "5": 15544,
        "6": 29643
    },
    "14871": {
        "0": 1,
        "1": 1,
        "2": 1,
        "3": 1,
        "4": 8,
        "5": 65,
        "6": 534
    },
    "14872": {
        "0": 1,
        "1": 1,
        "2": 11,
        "3": 85,
        "4": 638,
        "5": 4861,
        "6": 18122
    },
    "14873": {
        "0": 1,
        "1": 10,
        "2": 78,
        "3": 585,
        "4": 4375,
        "5": 14947,
        "6": 39837
    },
    "14874": {
        "0": 1,
        "1": 1,
        "2": 9,
        "3": 70,
        "4": 539,
        "5": 4058,
        "6": 14766
    },
    "14875": {
        "0": 1,
        "1": 1,
        "2": 1,
        "3": 1,
        "4": 8,
        "5": 72,
        "6": 628
    },
    "14876": {
        "0": 1,
        "1": 1,
        "2": 1,
        "3": 1,
        "4": 1,
        "5": 1,
        "6": 11
    },
    "14877": {
        "0": 1,
        "1": 1,
        "2": 1,
        "3": 9,
        "4": 69,
        "5": 532,
        "6": 4103
    },
    "14878": {
        "0": 1,
        "1": 1,
        "2": 1,
        "3": 10,
        "4": 58,
        "5": 328,
        "6": 1904
    },
    "14879": {
        "0": 1,
        "1": 11,
        "2": 86,
        "3": 646,
        "4": 4916,
        "5": 18576,
        "6": 49226
    },
    "14880": {
        "0": 1,
        "1": 10,
        "2": 77,
        "3": 606,
        "4": 4776,
        "5": 18351,
        "6": 47512
    },
    "14881": {
        "0": 1,
        "1": 1,
        "2": 8,
        "3": 69,
        "4": 589,
        "5": 4971,
        "6": 10784
    },
    "14882": {
        "0": 1,
        "1": 1,
        "2": 11,
        "3": 93,
        "4": 771,
        "5": 6395,
        "6": 22623
    },
    "14883": {
        "0": 1,
        "1": 1,
        "2": 8,
        "3": 64,
        "4": 511,
        "5": 4042,
        "6": 12622
    },
    "14884": {
        "0": 1,
        "1": 10,
        "2": 77,
        "3": 572,
        "4": 4234,
        "5": 13920,
        "6": 32584
    },
    "14885": {
        "0": 1,
        "1": 9,
        "2": 67,
        "3": 498,
        "4": 3704,
        "5": 10281,
        "6": 22129
    },
    "14886": {
        "0": 1,
        "1": 1,
        "2": 10,
        "3": 78,
        "4": 578,
        "5": 4231,
        "6": 13620
    },
    "14887": {
        "0": 1,
        "1": 12,
        "2": 105,
        "3": 894,
        "4": 7524,
        "5": 32479,
        "6": 90824
    },
    "14888": {
        "0": 1,
        "1": 9,
        "2": 66,
        "3": 488,
        "4": 3660,
        "5": 8755,
        "6": 17947
    },
    "14889": {
        "0": 1,
        "1": 1,
        "2": 13,
        "3": 110,
        "4": 890,
        "5": 7186,
        "6": 28286
    },
    "14890": {
        "0": 1,
        "1": 1,
        "2": 12,
        "3": 99,
        "4": 825,
        "5": 6930,
        "6": 25807
    },
    "14891": {
        "0": 1,
        "1": 1,
        "2": 1,
        "3": 10,
        "4": 80,
        "5": 619,
        "6": 4715
    },
    "14892": {
        "0": 1,
        "1": 1,
        "2": 1,
        "3": 12,
        "4": 104,
        "5": 877,
        "6": 7419
    },
    "14893": {
        "0": 1,
        "1": 10,
        "2": 86,
        "3": 737,
        "4": 6345,
        "5": 22147,
        "6": 48732
    },
    "14894": {
        "0": 1,
        "1": 11,
        "2": 81,
        "3": 545,
        "4": 3672,
        "5": 15904,
        "6": 52409
    },
    "14895": {
        "0": 1,
        "1": 1,
        "2": 9,
        "3": 68,
        "4": 486,
        "5": 3324,
        "6": 8456
    },
    "14896": {
        "0": 1,
        "1": 9,
        "2": 73,
        "3": 597,
        "4": 4896,
        "5": 10156,
        "6": 17549
    },
    "14897": {
        "0": 1,
        "1": 1,
        "2": 1,
        "3": 10,
        "4": 86,
        "5": 725,
        "6": 5955
    },
    "14898": {
        "0": 1,
        "1": 1,
        "2": 1,
        "3": 11,
        "4": 95,
        "5": 801,
        "6": 6786
    },
    "14899": {
        "0": 1,
        "1": 10,
        "2": 70,
        "3": 479,
        "4": 3341,
        "5": 13018,
        "6": 36007
    }
}