{
    "28900": {
        "0": 1,
        "1": 10,
        "2": 79,
        "3": 606,
        "4": 4629,
        "5": 16204,
        "6": 44276
    },
    "28901": {
        "0": 1,
        "1": 11,
        "2": 73,
        "3": 483,
        "4": 3317,
        "5": 12610,
        "6": 35881
    },
    "28902": {
        "0": 1,
        "1": 1,
        "2": 10,
        "3": 72,
        "4": 486,
        "5": 3278,
        "6": 11797
    },
    "28903": {
        "0": 1,
        "1": 1,
        "2": 1,
        "3": 9,
        "4": 72,
        "5": 565,
        "6": 4389
    },
    "28904": {
        "0": 1,
        "1": 1,
        "2": 1,
        "3": 10,
        "4": 85,
        "5": 705,
        "6": 5715
    },
    "28905": {
        "0": 1,
        "1": 10,
        "2": 85,
        "3": 716,
        "4": 5910,
        "5": 20431,
        "6": 49254
    },
    "28906": {
        "0": 1,
        "1": 11,
        "2": 88,
        "3": 682,
        "4": 5287,
        "5": 21880,
        "6": 66271
    },
    "28907": {
        "0": 1,
        "1": 1,
        "2": 11,
        "3": 94,
        "4": 789,
        "5": 6551,
        "6": 24205
    },
    "28908": {
        "0": 1,
        "1": 1,
        "2": 12,
        "3": 102,
        "4": 851,
        "5": 7028,
        "6": 27599
    },
    "28909": {
        "0": 1,
        "1": 10,
        "2": 86,
        "3": 715,
        "4": 6000,
        "5": 20132,
        "6": 52553
    },
    "28910": {
        "0": 1,
        "1": 12,
        "2": 102,
        "3": 849,
        "4": 7069,
        "5": 26351,
        "6": 62707
    },
    "28911": {
        "0": 1,
        "1": 1,
        "2": 1,
        "3": 10,
        "4": 84,
        "5": 714,
        "6": 6064
    },
    "28912": {
        "0": 1,
        "1": 1,
        "2": 11,
        "3": 84,
        "4": 643,
        "5": 4914,
        "6": 18406
    },
    "28913": {
        "0": 1,
        "1": 12,
        "2": 109,
        "3": 932,
        "4": 7886,
        "5": 34132,
        "6": 92797
    },
    "28914": {
        "0": 1,
        "1": 1,
        "2": 1,
        "3": 10,
        "4": 68,
        "5": 461,
        "6": 3194
    },
    "28915": {
        "0": 1,
        "1": 1,
        "2": 11,
        "3": 84,
        "4": 626,
        "5": 4669,
        "6": 17426
    },
    "28916": {
        "0": 1,
        "1": 11,
        "2": 86,
        "3": 657,
        "4": 5040,
        "5": 19244,
        "6": 51047
    },
    "28917": {
        "0": 1,
        "1": 9,
        "2": 73,
        "3": 551,
        "4": 4073,
        "5": 12403,
        "6": 27091
    },
    "28918": {
        "0": 1,
        "1": 10,
        "2": 89,
        "3": 761,
        "4": 6350,
        "5": 24333,
        "6": 64120
    },
    "28919": {
        "0": 1,
        "1": 10,
        "2": 77,
        "3": 590,
        "4": 4543,
        "5": 15845,
        "6": 38277
    },
    "28920": {
        "0": 1,
        "1": 12,
        "2": 92,
        "3": 658,
        "4": 4788,
        "5": 16450,
        "6": 42381
    },
    "28921": {
        "0": 1,
        "1": 11,
        "2": 76,
        "3": 486,
        "4": 3066,
        "5": 10304,
        "6": 27032
    },
    "28922": {
        "0": 1,
        "1": 8,
        "2": 75,
        "3": 666,
        "4": 5745,
        "5": 20675,
        "6": 48027
    },
    "28923": {
        "0": 1,
        "1": 10,
        "2": 83,
        "3": 703,
        "4": 5975,
        "5": 18363,
        "6": 34000
    },
    "28924": {
        "0": 1,
        "1": 1,
        "2": 1,
        "3": 12,
        "4": 98,
        "5": 760,
        "6": 5896
    },
    "28925": {
        "0": 1,
        "1": 10,
        "2": 78,
        "3": 600,
        "4": 4627,
        "5": 16567,
        "6": 40776
    },
    "28926": {
        "0": 1,
        "1": 11,
        "2": 86,
        "3": 630,
        "4": 4630,
        "5": 16889,
        "6": 44715
    },
    "28927": {
        "0": 1,
        "1": 10,
        "2": 67,
        "3": 448,
        "4": 3019,
        "5": 10045,
        "6": 24697
    },
    "28928": {
        "0": 1,
        "1": 12,
        "2": 100,
        "3": 846,
        "4": 7167,
        "5": 28339,
        "6": 66309
    },
    "28929": {
        "0": 1,
        "1": 14,
        "2": 95,
        "3": 547,
        "4": 3159,
        "5": 13475,
        "6": 41091
    },
    "28930": {
        "0": 1,
        "1": 10,
        "2": 74,
        "3": 545,
        "4": 3997,
        "5": 11952,
        "6": 28505
    },
    "28931": {
        "0": 1,
        "1": 9,
        "2": 58,
        "3": 369,
        "4": 2373,
        "5": 5006,
        "6": 7879
    },
    "28932": {
        "0": 1,
        "1": 1,
        "2": 9,
        "3": 78,
        "4": 656,
        "5": 5455,
        "6": 15022
    },
    "28933": {
        "0": 1,
        "1": 10,
        "2": 86,
        "3": 728,
        "4": 6057,
        "5": 21797,
        "6": 60626
    },
    "28934": {
        "0": 1,
        "1": 12,
        "2": 86,
        "3": 575,
        "4": 3861,
        "5": 15606,
        "6": 44212
    },
    "28935": {
        "0": 1,
        "1": 10,
        "2": 89,
        "3": 756,
        "4": 6216,
        "5": 22389,
        "6": 58218
    },
    "28936": {
        "0": 1,
        "1": 11,
        "2": 96,
        "3": 822,
        "4": 7047,
        "5": 27369,
        "6": 70044
    },
    "28937": {
        "0": 1,
        "1": 1,
        "2": 11,
        "3": 87,
        "4": 652,
        "5": 4799,
        "6": 17684
    },
    "28938": {
        "0": 1,
        "1": 10,
        "2": 79,
        "3": 591,
        "4": 4341,
        "5": 14529,
        "6": 34546
    },
    "28939": {
        "0": 1,
        "1": 10,
        "2": 87,
        "3": 754,
        "4": 6506,
        "5": 23123,
        "6": 56816
    },
    "28940": {
        "0": 1,
        "1": 9,
        "2": 75,
        "3": 646,
        "4": 5564,
        "5": 15243,
        "6": 28545
    },
    "28941": {
        "0": 1,
        "1": 1,
        "2": 11,
        "3": 90,
        "4": 728,
        "5": 5805,
        "6": 26532
    },
    "28942": {
        "0": 1,
        "1": 9,
        "2": 76,
        "3": 651,
        "4": 5505,
        "5": 16073,
        "6": 32216
    },
    "28943": {
        "0": 1,
        "1": 11,
        "2": 93,
        "3": 770,
        "4": 6298,
        "5": 21044,
        "6": 47485
    },
    "28944": {
        "0": 1,
        "1": 11,
        "2": 95,
        "3": 806,
        "4": 6710,
        "5": 24445,
        "6": 63780
    },
    "28945": {
        "0": 1,
        "1": 1,
        "2": 12,
        "3": 105,
        "4": 883,
        "5": 7309,
        "6": 29874
    },
    "28946": {
        "0": 1,
        "1": 1,
        "2": 12,
        "3": 93,
        "4": 662,
        "5": 4725,
        "6": 16570
    },
    "28947": {
        "0": 1,
        "1": 13,
        "2": 105,
        "3": 794,
        "4": 6017,
        "5": 26295,
        "6": 83485
    },
    "28948": {
        "0": 1,
        "1": 11,
        "2": 84,
        "3": 612,
        "4": 4430,
        "5": 14685,
        "6": 34535
    },
    "28949": {
        "0": 1,
        "1": 1,
        "2": 14,
        "3": 117,
        "4": 887,
        "5": 6602,
        "6": 30072
    },
    "28950": {
        "0": 1,
        "1": 10,
        "2": 74,
        "3": 541,
        "4": 3936,
        "5": 11332,
        "6": 22314
    },
    "28951": {
        "0": 1,
        "1": 11,
        "2": 85,
        "3": 639,
        "4": 4858,
        "5": 18046,
        "6": 47165
    },
    "28952": {
        "0": 1,
        "1": 8,
        "2": 60,
        "3": 446,
        "4": 3354,
        "5": 6169,
        "6": 9634
    },
    "28953": {
        "0": 1,
        "1": 10,
        "2": 78,
        "3": 578,
        "4": 4228,
        "5": 11806,
        "6": 24071
    },
    "28954": {
        "0": 1,
        "1": 12,
        "2": 101,
        "3": 836,
        "4": 6858,
        "5": 25635,
        "6": 63076
    },
    "28955": {
        "0": 1,
        "1": 1,
        "2": 1,
        "3": 1,
        "4": 1,
        "5": 11,
        "6": 83
    },
    "28956": {
        "0": 1,
        "1": 11,
        "2": 77,
        "3": 528,
        "4": 3670,
        "5": 15136,
        "6": 44985
    },
    "28957": {
        "0": 1,
        "1": 12,
        "2": 96,
        "3": 724,
        "4": 5401,
        "5": 21195,
        "6": 55899
    },
    "28958": {
        "0": 1,
        "1": 9,
        "2": 68,
        "3": 517,
        "4": 3943,
        "5": 11080,
        "6": 24673
    },
    "28959": {
        "0": 1,
        "1": 9,
        "2": 79,
        "3": 685,
        "4": 5902,
        "5": 20330,
        "6": 52308
    },
    "28960": {
        "0": 1,
        "1": 1,
        "2": 1,
        "3": 11,
        "4": 84,
        "5": 626,
        "6": 4607
    },
    "28961": {
        "0": 1,
        "1": 9,
        "2": 72,
        "3": 557,
        "4": 4307,
        "5": 14110,
        "6": 36633
    },
    "28962": {
        "0": 1,
        "1": 1,
        "2": 9,
        "3": 78,
        "4": 685,
        "5": 5925,
        "6": 20822
    },
    "28963": {
        "0": 1,
        "1": 1,
        "2": 10,
        "3": 83,
        "4": 695,
        "5": 5738,
        "6": 17038
    },
    "28964": {
        "0": 1,
        "1": 10,
        "2": 82,
        "3": 643,
        "4": 5015,
        "5": 19959,
        "6": 58035
    },
    "28965": {
        "0": 1,
        "1": 10,
        "2": 76,
        "3": 583,
        "4": 4483,
        "5": 14983,
        "6": 34527
    },
    "28966": {
        "0": 1,
        "1": 9,
        "2": 77,
        "3": 660,
        "4": 5633,
        "5": 17792,
        "6": 40434
    },
    "28967": {
        "0": 1,
        "1": 9,
        "2": 60,
        "3": 416,
        "4": 2866,
        "5": 9236,
        "6": 23630
    },
    "28968": {
        "0": 1,
        "1": 10,
        "2": 76,
        "3": 564,
        "4": 4171,
        "5": 13498,
        "6": 33242
    },
    "28969": {
        "0": 1,
        "1": 1,
        "2": 1,
        "3": 1,
        "4": 1,
        "5": 10,
        "6": 77
    },
    "28970": {
        "0": 1,
        "1": 9,
        "2": 67,
        "3": 511,
        "4": 3957,
        "5": 11604,
        "6": 25447
    },
    "28971": {
        "0": 1,
        "1": 11,
        "2": 85,
        "3": 655,
        "4": 5088,
        "5": 20412,
        "6": 52876
    },
    "28972": {
        "0": 1,
        "1": 13,
        "2": 86,
        "3": 508,
        "4": 3038,
        "5": 13597,
        "6": 46464
    },
    "28973": {
        "0": 1,
        "1": 1,
        "2": 10,
        "3": 69,
        "4": 469,
        "5": 3244,
        "6": 12122
    },
    "28974": {
        "0": 1,
        "1": 1,
        "2": 12,
        "3": 88,
        "4": 595,
        "5": 4034,
        "6": 17292
    },
    "28975": {
        "0": 1,
        "1": 10,
        "2": 70,
        "3": 480,
        "4": 3339,
        "5": 12933,
        "6": 33256
    },
    "28976": {
        "0": 1,
        "1": 11,
        "2": 75,
        "3": 506,
        "4": 3404,
        "5": 12750,
        "6": 31590
    },
    "28977": {
        "0": 1,
        "1": 8,
        "2": 71,
        "3": 624,
        "4": 5506,
        "5": 16011,
        "6": 33183
    },
    "28978": {
        "0": 1,
        "1": 10,
        "2": 83,
        "3": 668,
        "4": 5297,
        "5": 13896,
        "6": 32219
    },
    "28979": {
        "0": 1,
        "1": 1,
        "2": 10,
        "3": 78,
        "4": 596,
        "5": 4509,
        "6": 15000
    },
    "28980": {
        "0": 1,
        "1": 1,
        "2": 9,
        "3": 61,
        "4": 417,
        "5": 2860,
        "6": 9464
    },
    "28981": {
        "0": 1,
        "1": 1,
        "2": 1,
        "3": 1,
        "4": 1,
        "5": 11,
        "6": 89
    },
    "28982": {
        "0": 1,
        "1": 11,
        "2": 86,
        "3": 665,
        "4": 5160,
        "5": 21117,
        "6": 54198
    },
    "28983": {
        "0": 1,
        "1": 12,
        "2": 86,
        "3": 572,
        "4": 3862,
        "5": 15911,
        "6": 48610
    },
    "28984": {
        "0": 1,
        "1": 11,
        "2": 83,
        "3": 628,
        "4": 4838,
        "5": 18587,
        "6": 47468
    },
    "28985": {
        "0": 1,
        "1": 9,
        "2": 73,
        "3": 604,
        "4": 4936,
        "5": 12318,
        "6": 23729
    },
    "28986": {
        "0": 1,
        "1": 10,
        "2": 73,
        "3": 508,
        "4": 3499,
        "5": 13853,
        "6": 38773
    },
    "28987": {
        "0": 1,
        "1": 1,
        "2": 1,
        "3": 11,
        "4": 85,
        "5": 634,
        "6": 4764
    },
    "28988": {
        "0": 1,
        "1": 9,
        "2": 77,
        "3": 660,
        "4": 5669,
        "5": 16317,
        "6": 30735
    },
    "28989": {
        "0": 1,
        "1": 1,
        "2": 1,
        "3": 11,
        "4": 88,
        "5": 686,
        "6": 5298
    },
    "28990": {
        "0": 1,
        "1": 9,
        "2": 76,
        "3": 644,
        "4": 5405,
        "5": 14132,
        "6": 30055
    },
    "28991": {
        "0": 1,
        "1": 12,
        "2": 86,
        "3": 573,
        "4": 3835,
        "5": 15296,
        "6": 44611
    },
    "28992": {
        "0": 1,
        "1": 1,
        "2": 1,
        "3": 11,
        "4": 92,
        "5": 770,
        "6": 6489
    },
    "28993": {
        "0": 1,
        "1": 9,
        "2": 59,
        "3": 388,
        "4": 2581,
        "5": 6951,
        "6": 13461
    },
    "28994": {
        "0": 1,
        "1": 1,
        "2": 1,
        "3": 9,
        "4": 68,
        "5": 524,
        "6": 4111
    },
    "28995": {
        "0": 1,
        "1": 11,
        "2": 84,
        "3": 612,
        "4": 4418,
        "5": 14313,
        "6": 32538
    },
    "28996": {
        "0": 1,
        "1": 10,
        "2": 87,
        "3": 743,
        "4": 6281,
        "5": 22678,
        "6": 54493
    },
    "28997": {
        "0": 1,
        "1": 1,
        "2": 10,
        "3": 77,
        "4": 590,
        "5": 4559,
        "6": 16233
    },
    "28998": {
        "0": 1,
        "1": 11,
        "2": 97,
        "3": 855,
        "4": 7536,
        "5": 33866,
        "6": 96912
    },
    "28999": {
        "0": 1,
        "1": 1,
        "2": 10,
        "3": 74,
        "4": 537,
        "5": 3833,
        "6": 11491
    }
}