{
    "9300": {
        "0": 1,
        "1": 1,
        "2": 1,
        "3": 1,
        "4": 10,
        "5": 85,
        "6": 708
    },
    "9301": {
        "0": 1,
        "1": 1,
        "2": 1,
        "3": 1,
        "4": 1,
        "5": 13,
        "6": 113
    },
    "9302": {
        "0": 1,
        "1": 11,
        "2": 75,
        "3": 497,
        "4": 3390,
        "5": 13147,
        "6": 35219
    },
    "9303": {
        "0": 1,
        "1": 11,
        "2": 91,
        "3": 748,
        "4": 6156,
        "5": 20766,
        "6": 44858
    },
    "9304": {
        "0": 1,
        "1": 9,
        "2": 78,
        "3": 677,
        "4": 5781,
        "5": 18503,
        "6": 42966
    },
    "9305": {
        "0": 1,
        "1": 1,
        "2": 1,
        "3": 1,
        "4": 1,
        "5": 11,
        "6": 94
    },
    "9306": {
        "0": 1,
        "1": 1,
        "2": 10,
        "3": 85,
        "4": 714,
        "5": 6034,
        "6": 18683
    },
    "9307": {
        "0": 1,
        "1": 1,
        "2": 9,
        "3": 71,
        "4": 553,
        "5": 4259,
        "6": 13522
    },
    "9308": {
        "0": 1,
        "1": 1,
        "2": 11,
        "3": 92,
        "4": 779,
        "5": 6620,
        "6": 23781
    },
    "9309": {
        "0": 1,
        "1": 10,
        "2": 81,
        "3": 681,
        "4": 5730,
        "5": 15877,
        "6": 24012
    },
    "9310": {
        "0": 1,
        "1": 9,
        "2": 71,
        "3": 555,
        "4": 4265,
        "5": 15115,
        "6": 37242
    },
    "9311": {
        "0": 1,
        "1": 12,
        "2": 102,
        "3": 838,
        "4": 6804,
        "5": 24936,
        "6": 57718
    },
    "9312": {
        "0": 1,
        "1": 1,
        "2": 12,
        "3": 98,
        "4": 757,
        "5": 5862,
        "6": 26042
    },
    "9313": {
        "0": 1,
        "1": 11,
        "2": 93,
        "3": 787,
        "4": 6546,
        "5": 23351,
        "6": 56697
    },
    "9314": {
        "0": 1,
        "1": 9,
        "2": 73,
        "3": 575,
        "4": 4520,
        "5": 16268,
        "6": 40683
    },
    "9315": {
        "0": 1,
        "1": 1,
        "2": 8,
        "3": 52,
        "4": 326,
        "5": 2052,
        "6": 3977
    },
    "9316": {
        "0": 1,
        "1": 1,
        "2": 1,
        "3": 10,
        "4": 85,
        "5": 719,
        "6": 5951
    },
    "9317": {
        "0": 1,
        "1": 1,
        "2": 10,
        "3": 84,
        "4": 730,
        "5": 6355,
        "6": 22620
    },
    "9318": {
        "0": 1,
        "1": 10,
        "2": 65,
        "3": 396,
        "4": 2443,
        "5": 6114,
        "6": 15447
    },
    "9319": {
        "0": 1,
        "1": 1,
        "2": 1,
        "3": 1,
        "4": 10,
        "5": 83,
        "6": 680
    },
    "9320": {
        "0": 1,
        "1": 1,
        "2": 1,
        "3": 10,
        "4": 77,
        "5": 573,
        "6": 4314
    },
    "9321": {
        "0": 1,
        "1": 1,
        "2": 11,
        "3": 91,
        "4": 762,
        "5": 6320,
        "6": 21911
    },
    "9322": {
        "0": 1,
        "1": 9,
        "2": 54,
        "3": 339,
        "4": 2102,
        "5": 8197,
        "6": 22334
    },
    "9323": {
        "0": 1,
        "1": 1,
        "2": 8,
        "3": 60,
        "4": 459,
        "5": 3550,
        "6": 8494
    },
    "9324": {
        "0": 1,
        "1": 9,
        "2": 80,
        "3": 696,
        "4": 5864,
        "5": 20669,
        "6": 52126
    },
    "9325": {
        "0": 1,
        "1": 1,
        "2": 9,
        "3": 75,
        "4": 635,
        "5": 5387,
        "6": 15472
    },
    "9326": {
        "0": 1,
        "1": 11,
        "2": 95,
        "3": 788,
        "4": 6415,
        "5": 23886,
        "6": 60292
    },
    "9327": {
        "0": 1,
        "1": 1,
        "2": 9,
        "3": 77,
        "4": 642,
        "5": 5338,
        "6": 13994
    },
    "9328": {
        "0": 1,
        "1": 1,
        "2": 1,
        "3": 1,
        "4": 1,
        "5": 10,
        "6": 81
    },
    "9329": {
        "0": 1,
        "1": 10,
        "2": 75,
        "3": 562,
        "4": 4248,
        "5": 13175,
        "6": 26610
    },
    "9330": {
        "0": 1,
        "1": 10,
        "2": 86,
        "3": 724,
        "4": 5948,
        "5": 20360,
        "6": 46776
    },
    "9331": {
        "0": 1,
        "1": 1,
        "2": 11,
        "3": 87,
        "4": 679,
        "5": 5266,
        "6": 21459
    },
    "9332": {
        "0": 1,
        "1": 10,
        "2": 83,
        "3": 705,
        "4": 6042,
        "5": 19573,
        "6": 42675
    },
    "9333": {
        "0": 1,
        "1": 1,
        "2": 1,
        "3": 8,
        "4": 70,
        "5": 604,
        "6": 5144
    },
    "9334": {
        "0": 1,
        "1": 1,
        "2": 13,
        "3": 115,
        "4": 973,
        "5": 8122,
        "6": 37022
    },
    "9335": {
        "0": 1,
        "1": 10,
        "2": 69,
        "3": 470,
        "4": 3241,
        "5": 12284,
        "6": 33365
    },
    "9336": {
        "0": 1,
        "1": 1,
        "2": 11,
        "3": 94,
        "4": 788,
        "5": 6539,
        "6": 23715
    },
    "9337": {
        "0": 1,
        "1": 1,
        "2": 1,
        "3": 1,
        "4": 1,
        "5": 11,
        "6": 85
    },
    "9338": {
        "0": 1,
        "1": 9,
        "2": 73,
        "3": 587,
        "4": 4613,
        "5": 8269,
        "6": 11698
    },
    "9339": {
        "0": 1,
        "1": 1,
        "2": 1,
        "3": 1,
        "4": 12,
        "5": 101,
        "6": 817
    },
    "9340": {
        "0": 1,
        "1": 1,
        "2": 10,
        "3": 77,
        "4": 585,
        "5": 4458,
        "6": 14875
    },
    "9341": {
        "0": 1,
        "1": 1,
        "2": 9,
        "3": 75,
        "4": 619,
        "5": 4997,
        "6": 12062
    },
    "9342": {
        "0": 1,
        "1": 11,
        "2": 85,
        "3": 622,
        "4": 4501,
        "5": 15151,
        "6": 36525
    },
    "9343": {
        "0": 1,
        "1": 10,
        "2": 74,
        "3": 541,
        "4": 4001,
        "5": 10614,
        "6": 21372
    },
    "9344": {
        "0": 1,
        "1": 10,
        "2": 78,
        "3": 583,
        "4": 4339,
        "5": 14882,
        "6": 38964
    },
    "9345": {
        "0": 1,
        "1": 10,
        "2": 76,
        "3": 593,
        "4": 4661,
        "5": 17660,
        "6": 42514
    },
    "9346": {
        "0": 1,
        "1": 11,
        "2": 93,
        "3": 783,
        "4": 6646,
        "5": 23932,
        "6": 59820
    },
    "9347": {
        "0": 1,
        "1": 1,
        "2": 1,
        "3": 11,
        "4": 85,
        "5": 651,
        "6": 5091
    },
    "9348": {
        "0": 1,
        "1": 1,
        "2": 10,
        "3": 83,
        "4": 701,
        "5": 5834,
        "6": 17920
    },
    "9349": {
        "0": 1,
        "1": 10,
        "2": 81,
        "3": 682,
        "4": 5754,
        "5": 16102,
        "6": 32164
    },
    "9350": {
        "0": 1,
        "1": 1,
        "2": 12,
        "3": 95,
        "4": 683,
        "5": 4915,
        "6": 18394
    },
    "9351": {
        "0": 1,
        "1": 1,
        "2": 9,
        "3": 50,
        "4": 293,
        "5": 1752,
        "6": 5554
    },
    "9352": {
        "0": 1,
        "1": 10,
        "2": 73,
        "3": 525,
        "4": 3788,
        "5": 9850,
        "6": 23391
    },
    "9353": {
        "0": 1,
        "1": 10,
        "2": 84,
        "3": 691,
        "4": 5679,
        "5": 16503,
        "6": 35848
    },
    "9354": {
        "0": 1,
        "1": 11,
        "2": 93,
        "3": 773,
        "4": 6424,
        "5": 23238,
        "6": 58903
    },
    "9355": {
        "0": 1,
        "1": 1,
        "2": 11,
        "3": 98,
        "4": 842,
        "5": 7105,
        "6": 29534
    },
    "9356": {
        "0": 1,
        "1": 10,
        "2": 86,
        "3": 711,
        "4": 5807,
        "5": 19112,
        "6": 42521
    },
    "9357": {
        "0": 1,
        "1": 1,
        "2": 10,
        "3": 71,
        "4": 491,
        "5": 3337,
        "6": 13576
    },
    "9358": {
        "0": 1,
        "1": 1,
        "2": 9,
        "3": 63,
        "4": 437,
        "5": 3035,
        "6": 10844
    },
    "9359": {
        "0": 1,
        "1": 1,
        "2": 10,
        "3": 77,
        "4": 607,
        "5": 4711,
        "6": 18990
    },
    "9360": {
        "0": 1,
        "1": 1,
        "2": 11,
        "3": 94,
        "4": 786,
        "5": 6529,
        "6": 24016
    },
    "9361": {
        "0": 1,
        "1": 1,
        "2": 1,
        "3": 10,
        "4": 79,
        "5": 617,
        "6": 4801
    },
    "9362": {
        "0": 1,
        "1": 1,
        "2": 13,
        "3": 119,
        "4": 1011,
        "5": 8422,
        "6": 39214
    },
    "9363": {
        "0": 1,
        "1": 1,
        "2": 12,
        "3": 101,
        "4": 842,
        "5": 6960,
        "6": 26894
    },
    "9364": {
        "0": 1,
        "1": 9,
        "2": 61,
        "3": 414,
        "4": 2764,
        "5": 9293,
        "6": 23519
    },
    "9365": {
        "0": 1,
        "1": 1,
        "2": 11,
        "3": 90,
        "4": 745,
        "5": 6138,
        "6": 20041
    },
    "9366": {
        "0": 1,
        "1": 10,
        "2": 68,
        "3": 462,
        "4": 3195,
        "5": 12004,
        "6": 29936
    },
    "9367": {
        "0": 1,
        "1": 10,
        "2": 81,
        "3": 645,
        "4": 5148,
        "5": 21848,
        "6": 63762
    },
    "9368": {
        "0": 1,
        "1": 9,
        "2": 79,
        "3": 671,
        "4": 5705,
        "5": 17936,
        "6": 37244
    },
    "9369": {
        "0": 1,
        "1": 1,
        "2": 1,
        "3": 1,
        "4": 9,
        "5": 78,
        "6": 662
    },
    "9370": {
        "0": 1,
        "1": 1,
        "2": 1,
        "3": 10,
        "4": 86,
        "5": 742,
        "6": 6353
    },
    "9371": {
        "0": 1,
        "1": 1,
        "2": 11,
        "3": 85,
        "4": 621,
        "5": 4490,
        "6": 15134
    },
    "9372": {
        "0": 1,
        "1": 9,
        "2": 65,
        "3": 475,
        "4": 3524,
        "5": 7340,
        "6": 14336
    },
    "9373": {
        "0": 1,
        "1": 1,
        "2": 9,
        "3": 68,
        "4": 515,
        "5": 3906,
        "6": 10570
    },
    "9374": {
        "0": 1,
        "1": 1,
        "2": 9,
        "3": 67,
        "4": 471,
        "5": 3296,
        "6": 12635
    },
    "9375": {
        "0": 1,
        "1": 1,
        "2": 1,
        "3": 10,
        "4": 73,
        "5": 533,
        "6": 3899
    },
    "9376": {
        "0": 1,
        "1": 1,
        "2": 11,
        "3": 87,
        "4": 665,
        "5": 5008,
        "6": 20287
    },
    "9377": {
        "0": 1,
        "1": 1,
        "2": 1,
        "3": 1,
        "4": 10,
        "5": 81,
        "6": 644
    },
    "9378": {
        "0": 1,
        "1": 1,
        "2": 10,
        "3": 85,
        "4": 716,
        "5": 5911,
        "6": 20220
    },
    "9379": {
        "0": 1,
        "1": 9,
        "2": 76,
        "3": 630,
        "4": 5166,
        "5": 12075,
        "6": 20189
    },
    "9380": {
        "0": 1,
        "1": 1,
        "2": 11,
        "3": 88,
        "4": 679,
        "5": 5137,
        "6": 21348
    },
    "9381": {
        "0": 1,
        "1": 1,
        "2": 9,
        "3": 62,
        "4": 434,
        "5": 3012,
        "6": 10513
    },
    "9382": {
        "0": 1,
        "1": 10,
        "2": 87,
        "3": 765,
        "4": 6659,
        "5": 25003,
        "6": 62484
    },
    "9383": {
        "0": 1,
        "1": 1,
        "2": 12,
        "3": 100,
        "4": 767,
        "5": 5715,
        "6": 26313
    },
    "9384": {
        "0": 1,
        "1": 1,
        "2": 10,
        "3": 90,
        "4": 772,
        "5": 6423,
        "6": 24659
    },
    "9385": {
        "0": 1,
        "1": 1,
        "2": 1,
        "3": 11,
        "4": 79,
        "5": 535,
        "6": 3630
    },
    "9386": {
        "0": 1,
        "1": 1,
        "2": 1,
        "3": 1,
        "4": 10,
        "5": 76,
        "6": 553
    },
    "9387": {
        "0": 1,
        "1": 1,
        "2": 11,
        "3": 89,
        "4": 719,
        "5": 5793,
        "6": 16495
    },
    "9388": {
        "0": 1,
        "1": 10,
        "2": 68,
        "3": 434,
        "4": 2792,
        "5": 9015,
        "6": 24791
    },
    "9389": {
        "0": 1,
        "1": 11,
        "2": 95,
        "3": 803,
        "4": 6716,
        "5": 25531,
        "6": 62663
    },
    "9390": {
        "0": 1,
        "1": 11,
        "2": 86,
        "3": 655,
        "4": 4939,
        "5": 19762,
        "6": 54202
    },
    "9391": {
        "0": 1,
        "1": 1,
        "2": 1,
        "3": 10,
        "4": 78,
        "5": 585,
        "6": 4351
    },
    "9392": {
        "0": 1,
        "1": 1,
        "2": 1,
        "3": 10,
        "4": 86,
        "5": 728,
        "6": 6108
    },
    "9393": {
        "0": 1,
        "1": 1,
        "2": 1,
        "3": 10,
        "4": 86,
        "5": 738,
        "6": 6166
    },
    "9394": {
        "0": 1,
        "1": 9,
        "2": 76,
        "3": 625,
        "4": 5048,
        "5": 12538,
        "6": 26063
    },
    "9395": {
        "0": 1,
        "1": 1,
        "2": 11,
        "3": 86,
        "4": 650,
        "5": 4833,
        "6": 18260
    },
    "9396": {
        "0": 1,
        "1": 1,
        "2": 1,
        "3": 1,
        "4": 1,
        "5": 9,
        "6": 78
    },
    "9397": {
        "0": 1,
        "1": 9,
        "2": 69,
        "3": 518,
        "4": 3851,
        "5": 11213,
        "6": 20875
    },
    "9398": {
        "0": 1,
        "1": 1,
        "2": 1,
        "3": 11,
        "4": 90,
        "5": 697,
        "6": 5250
    },
    "9399": {
        "0": 1,
        "1": 12,
        "2": 92,
        "3": 666,
        "4": 4784,
        "5": 18460,
        "6": 49896
    }
}