{
    "23800": {
        "0": 1,
        "1": 12,
        "2": 104,
        "3": 886,
        "4": 7559,
        "5": 31551,
        "6": 79227
    },
    "23801": {
        "0": 1,
        "1": 1,
        "2": 11,
        "3": 91,
        "4": 752,
        "5": 6234,
        "6": 21628
    },
    "23802": {
        "0": 1,
        "1": 10,
        "2": 75,
        "3": 545,
        "4": 3906,
        "5": 10677,
        "6": 22462
    },
    "23803": {
        "0": 1,
        "1": 1,
        "2": 1,
        "3": 9,
        "4": 59,
        "5": 405,
        "6": 2807
    },
    "23804": {
        "0": 1,
        "1": 1,
        "2": 11,
        "3": 90,
        "4": 708,
        "5": 5505,
        "6": 23441
    },
    "23805": {
        "0": 1,
        "1": 11,
        "2": 82,
        "3": 600,
        "4": 4428,
        "5": 13712,
        "6": 27121
    },
    "23806": {
        "0": 1,
        "1": 1,
        "2": 13,
        "3": 82,
        "4": 479,
        "5": 2826,
        "6": 11944
    },
    "23807": {
        "0": 1,
        "1": 1,
        "2": 1,
        "3": 1,
        "4": 11,
        "5": 85,
        "6": 631
    },
    "23808": {
        "0": 1,
        "1": 10,
        "2": 75,
        "3": 567,
        "4": 4313,
        "5": 13723,
        "6": 33108
    },
    "23809": {
        "0": 1,
        "1": 1,
        "2": 12,
        "3": 104,
        "4": 843,
        "5": 6678,
        "6": 22579
    },
    "23810": {
        "0": 1,
        "1": 10,
        "2": 79,
        "3": 614,
        "4": 4764,
        "5": 17817,
        "6": 47703
    },
    "23811": {
        "0": 1,
        "1": 1,
        "2": 1,
        "3": 1,
        "4": 10,
        "5": 78,
        "6": 577
    },
    "23812": {
        "0": 1,
        "1": 1,
        "2": 12,
        "3": 85,
        "4": 537,
        "5": 3371,
        "6": 12271
    },
    "23813": {
        "0": 1,
        "1": 11,
        "2": 92,
        "3": 757,
        "4": 6161,
        "5": 19524,
        "6": 41664
    },
    "23814": {
        "0": 1,
        "1": 11,
        "2": 89,
        "3": 684,
        "4": 5259,
        "5": 21279,
        "6": 53797
    },
    "23815": {
        "0": 1,
        "1": 13,
        "2": 113,
        "3": 933,
        "4": 7505,
        "5": 31876,
        "6": 88792
    },
    "23816": {
        "0": 1,
        "1": 12,
        "2": 97,
        "3": 726,
        "4": 5341,
        "5": 21981,
        "6": 60745
    },
    "23817": {
        "0": 1,
        "1": 1,
        "2": 11,
        "3": 87,
        "4": 665,
        "5": 5022,
        "6": 20783
    },
    "23818": {
        "0": 1,
        "1": 9,
        "2": 67,
        "3": 491,
        "4": 3603,
        "5": 9151,
        "6": 18880
    },
    "23819": {
        "0": 1,
        "1": 9,
        "2": 68,
        "3": 520,
        "4": 3942,
        "5": 12575,
        "6": 27396
    },
    "23820": {
        "0": 1,
        "1": 11,
        "2": 89,
        "3": 702,
        "4": 5505,
        "5": 15393,
        "6": 32849
    },
    "23821": {
        "0": 1,
        "1": 9,
        "2": 79,
        "3": 682,
        "4": 5893,
        "5": 18217,
        "6": 38518
    },
    "23822": {
        "0": 1,
        "1": 8,
        "2": 53,
        "3": 361,
        "4": 2449,
        "5": 6240,
        "6": 13083
    },
    "23823": {
        "0": 1,
        "1": 12,
        "2": 102,
        "3": 844,
        "4": 7019,
        "5": 26122,
        "6": 67681
    },
    "23824": {
        "0": 1,
        "1": 1,
        "2": 11,
        "3": 84,
        "4": 639,
        "5": 4810,
        "6": 17063
    },
    "23825": {
        "0": 1,
        "1": 11,
        "2": 92,
        "3": 744,
        "4": 5875,
        "5": 20423,
        "6": 45128
    },
    "23826": {
        "0": 1,
        "1": 9,
        "2": 74,
        "3": 630,
        "4": 5381,
        "5": 13081,
        "6": 20878
    },
    "23827": {
        "0": 1,
        "1": 9,
        "2": 60,
        "3": 400,
        "4": 2685,
        "5": 7647,
        "6": 17246
    },
    "23828": {
        "0": 1,
        "1": 1,
        "2": 11,
        "3": 77,
        "4": 540,
        "5": 3868,
        "6": 17589
    },
    "23829": {
        "0": 1,
        "1": 13,
        "2": 118,
        "3": 1019,
        "4": 8732,
        "5": 41987,
        "6": 132829
    },
    "23830": {
        "0": 1,
        "1": 1,
        "2": 10,
        "3": 82,
        "4": 631,
        "5": 4801,
        "6": 17349
    },
    "23831": {
        "0": 1,
        "1": 9,
        "2": 77,
        "3": 665,
        "4": 5657,
        "5": 17539,
        "6": 37626
    },
    "23832": {
        "0": 1,
        "1": 10,
        "2": 76,
        "3": 582,
        "4": 4435,
        "5": 14692,
        "6": 34529
    },
    "23833": {
        "0": 1,
        "1": 1,
        "2": 12,
        "3": 102,
        "4": 836,
        "5": 6818,
        "6": 25469
    },
    "23834": {
        "0": 1,
        "1": 10,
        "2": 81,
        "3": 634,
        "4": 4900,
        "5": 20142,
        "6": 56880
    },
    "23835": {
        "0": 1,
        "1": 11,
        "2": 93,
        "3": 787,
        "4": 6682,
        "5": 24114,
        "6": 55811
    },
    "23836": {
        "0": 1,
        "1": 12,
        "2": 93,
        "3": 664,
        "4": 4739,
        "5": 15016,
        "6": 35095
    },
    "23837": {
        "0": 1,
        "1": 1,
        "2": 1,
        "3": 1,
        "4": 8,
        "5": 72,
        "6": 635
    },
    "23838": {
        "0": 1,
        "1": 1,
        "2": 1,
        "3": 1,
        "4": 11,
        "5": 78,
        "6": 526
    },
    "23839": {
        "0": 1,
        "1": 10,
        "2": 82,
        "3": 635,
        "4": 4889,
        "5": 18392,
        "6": 46762
    },
    "23840": {
        "0": 1,
        "1": 1,
        "2": 10,
        "3": 77,
        "4": 591,
        "5": 4547,
        "6": 15973
    },
    "23841": {
        "0": 1,
        "1": 10,
        "2": 78,
        "3": 572,
        "4": 4115,
        "5": 12039,
        "6": 26283
    },
    "23842": {
        "0": 1,
        "1": 1,
        "2": 1,
        "3": 8,
        "4": 69,
        "5": 591,
        "6": 5090
    },
    "23843": {
        "0": 1,
        "1": 11,
        "2": 94,
        "3": 793,
        "4": 6555,
        "5": 23492,
        "6": 51863
    },
    "23844": {
        "0": 1,
        "1": 1,
        "2": 1,
        "3": 9,
        "4": 61,
        "5": 413,
        "6": 2826
    },
    "23845": {
        "0": 1,
        "1": 1,
        "2": 1,
        "3": 1,
        "4": 10,
        "5": 80,
        "6": 627
    },
    "23846": {
        "0": 1,
        "1": 13,
        "2": 113,
        "3": 940,
        "4": 7611,
        "5": 32323,
        "6": 83371
    },
    "23847": {
        "0": 1,
        "1": 10,
        "2": 84,
        "3": 712,
        "4": 6047,
        "5": 18864,
        "6": 34348
    },
    "23848": {
        "0": 1,
        "1": 10,
        "2": 69,
        "3": 472,
        "4": 3274,
        "5": 12539,
        "6": 36540
    },
    "23849": {
        "0": 1,
        "1": 9,
        "2": 70,
        "3": 549,
        "4": 4310,
        "5": 14814,
        "6": 34913
    },
    "23850": {
        "0": 1,
        "1": 1,
        "2": 14,
        "3": 109,
        "4": 699,
        "5": 4431,
        "6": 19371
    },
    "23851": {
        "0": 1,
        "1": 10,
        "2": 77,
        "3": 600,
        "4": 4643,
        "5": 18313,
        "6": 48308
    },
    "23852": {
        "0": 1,
        "1": 1,
        "2": 9,
        "3": 74,
        "4": 618,
        "5": 5098,
        "6": 11687
    },
    "23853": {
        "0": 1,
        "1": 1,
        "2": 14,
        "3": 127,
        "4": 1036,
        "5": 8100,
        "6": 34648
    },
    "23854": {
        "0": 1,
        "1": 1,
        "2": 11,
        "3": 92,
        "4": 754,
        "5": 6058,
        "6": 20539
    },
    "23855": {
        "0": 1,
        "1": 1,
        "2": 1,
        "3": 13,
        "4": 107,
        "5": 805,
        "6": 5903
    },
    "23856": {
        "0": 1,
        "1": 1,
        "2": 10,
        "3": 88,
        "4": 740,
        "5": 6122,
        "6": 22174
    },
    "23857": {
        "0": 1,
        "1": 1,
        "2": 12,
        "3": 97,
        "4": 725,
        "5": 5378,
        "6": 20930
    },
    "23858": {
        "0": 1,
        "1": 11,
        "2": 93,
        "3": 799,
        "4": 6800,
        "5": 27186,
        "6": 69278
    },
    "23859": {
        "0": 1,
        "1": 9,
        "2": 75,
        "3": 648,
        "4": 5537,
        "5": 16315,
        "6": 39131
    },
    "23860": {
        "0": 1,
        "1": 10,
        "2": 67,
        "3": 439,
        "4": 2947,
        "5": 9709,
        "6": 24998
    },
    "23861": {
        "0": 1,
        "1": 9,
        "2": 78,
        "3": 657,
        "4": 5491,
        "5": 15457,
        "6": 33890
    },
    "23862": {
        "0": 1,
        "1": 9,
        "2": 68,
        "3": 522,
        "4": 3973,
        "5": 12517,
        "6": 29646
    },
    "23863": {
        "0": 1,
        "1": 11,
        "2": 100,
        "3": 850,
        "4": 7135,
        "5": 28809,
        "6": 68536
    },
    "23864": {
        "0": 1,
        "1": 1,
        "2": 10,
        "3": 78,
        "4": 595,
        "5": 4496,
        "6": 16442
    },
    "23865": {
        "0": 1,
        "1": 1,
        "2": 11,
        "3": 84,
        "4": 637,
        "5": 4815,
        "6": 19206
    },
    "23866": {
        "0": 1,
        "1": 10,
        "2": 75,
        "3": 564,
        "4": 4303,
        "5": 14133,
        "6": 28589
    },
    "23867": {
        "0": 1,
        "1": 9,
        "2": 75,
        "3": 608,
        "4": 4799,
        "5": 9641,
        "6": 14932
    },
    "23868": {
        "0": 1,
        "1": 13,
        "2": 92,
        "3": 600,
        "4": 3996,
        "5": 16575,
        "6": 48420
    },
    "23869": {
        "0": 1,
        "1": 9,
        "2": 77,
        "3": 656,
        "4": 5496,
        "5": 26040,
        "6": 83827
    },
    "23870": {
        "0": 1,
        "1": 1,
        "2": 11,
        "3": 82,
        "4": 580,
        "5": 4069,
        "6": 13051
    },
    "23871": {
        "0": 1,
        "1": 1,
        "2": 9,
        "3": 69,
        "4": 524,
        "5": 4018,
        "6": 11817
    },
    "23872": {
        "0": 1,
        "1": 11,
        "2": 80,
        "3": 541,
        "4": 3689,
        "5": 15083,
        "6": 46397
    },
    "23873": {
        "0": 1,
        "1": 9,
        "2": 63,
        "3": 418,
        "4": 2694,
        "5": 8138,
        "6": 17645
    },
    "23874": {
        "0": 1,
        "1": 10,
        "2": 86,
        "3": 729,
        "4": 5992,
        "5": 20537,
        "6": 43647
    },
    "23875": {
        "0": 1,
        "1": 1,
        "2": 1,
        "3": 13,
        "4": 104,
        "5": 761,
        "6": 5432
    },
    "23876": {
        "0": 1,
        "1": 11,
        "2": 87,
        "3": 646,
        "4": 4715,
        "5": 16887,
        "6": 44452
    },
    "23877": {
        "0": 1,
        "1": 9,
        "2": 78,
        "3": 676,
        "4": 5757,
        "5": 18501,
        "6": 42671
    },
    "23878": {
        "0": 1,
        "1": 11,
        "2": 93,
        "3": 798,
        "4": 6836,
        "5": 25829,
        "6": 57239
    },
    "23879": {
        "0": 1,
        "1": 12,
        "2": 104,
        "3": 886,
        "4": 7500,
        "5": 30625,
        "6": 79181
    },
    "23880": {
        "0": 1,
        "1": 1,
        "2": 10,
        "3": 79,
        "4": 606,
        "5": 4592,
        "6": 17215
    },
    "23881": {
        "0": 1,
        "1": 1,
        "2": 12,
        "3": 104,
        "4": 867,
        "5": 7257,
        "6": 28389
    },
    "23882": {
        "0": 1,
        "1": 10,
        "2": 65,
        "3": 411,
        "4": 2654,
        "5": 6958,
        "6": 15273
    },
    "23883": {
        "0": 1,
        "1": 10,
        "2": 88,
        "3": 760,
        "4": 6483,
        "5": 24539,
        "6": 64532
    },
    "23884": {
        "0": 1,
        "1": 1,
        "2": 9,
        "3": 68,
        "4": 518,
        "5": 4009,
        "6": 12339
    },
    "23885": {
        "0": 1,
        "1": 11,
        "2": 78,
        "3": 487,
        "4": 2965,
        "5": 10310,
        "6": 28914
    },
    "23886": {
        "0": 1,
        "1": 1,
        "2": 9,
        "3": 68,
        "4": 521,
        "5": 4076,
        "6": 13227
    },
    "23887": {
        "0": 1,
        "1": 1,
        "2": 12,
        "3": 107,
        "4": 920,
        "5": 7769,
        "6": 34707
    },
    "23888": {
        "0": 1,
        "1": 10,
        "2": 74,
        "3": 540,
        "4": 3940,
        "5": 11405,
        "6": 25534
    },
    "23889": {
        "0": 1,
        "1": 10,
        "2": 79,
        "3": 604,
        "4": 4645,
        "5": 16727,
        "6": 42226
    },
    "23890": {
        "0": 1,
        "1": 11,
        "2": 86,
        "3": 652,
        "4": 4941,
        "5": 18331,
        "6": 45926
    },
    "23891": {
        "0": 1,
        "1": 1,
        "2": 1,
        "3": 11,
        "4": 92,
        "5": 775,
        "6": 6491
    },
    "23892": {
        "0": 1,
        "1": 8,
        "2": 53,
        "3": 356,
        "4": 2380,
        "5": 5533,
        "6": 11857
    },
    "23893": {
        "0": 1,
        "1": 13,
        "2": 102,
        "3": 758,
        "4": 5619,
        "5": 24250,
        "6": 66212
    },
    "23894": {
        "0": 1,
        "1": 10,
        "2": 78,
        "3": 591,
        "4": 4441,
        "5": 14420,
        "6": 33773
    },
    "23895": {
        "0": 1,
        "1": 9,
        "2": 63,
        "3": 440,
        "4": 3109,
        "5": 11493,
        "6": 34765
    },
    "23896": {
        "0": 1,
        "1": 10,
        "2": 69,
        "3": 466,
        "4": 3130,
        "5": 12030,
        "6": 31799
    },
    "23897": {
        "0": 1,
        "1": 11,
        "2": 93,
        "3": 801,
        "4": 6874,
        "5": 28202,
        "6": 74927
    },
    "23898": {
        "0": 1,
        "1": 1,
        "2": 1,
        "3": 9,
        "4": 72,
        "5": 551,
        "6": 4246
    },
    "23899": {
        "0": 1,
        "1": 9,
        "2": 66,
        "3": 502,
        "4": 3877,
        "5": 11003,
        "6": 24609
    }
}