{
    "31400": {
        "0": 1,
        "1": 1,
        "2": 10,
        "3": 87,
        "4": 741,
        "5": 6229,
        "6": 21709
    },
    "31401": {
        "0": 1,
        "1": 1,
        "2": 1,
        "3": 8,
        "4": 53,
        "5": 355,
        "6": 2409
    },
    "31402": {
        "0": 1,
        "1": 1,
        "2": 1,
        "3": 11,
        "4": 87,
        "5": 656,
        "6": 4859
    },
    "31403": {
        "0": 1,
        "1": 1,
        "2": 1,
        "3": 10,
        "4": 69,
        "5": 468,
        "6": 3197
    },
    "31404": {
        "0": 1,
        "1": 10,
        "2": 75,
        "3": 575,
        "4": 4416,
        "5": 14811,
        "6": 33574
    },
    "31405": {
        "0": 1,
        "1": 1,
        "2": 9,
        "3": 61,
        "4": 415,
        "5": 2849,
        "6": 9290
    },
    "31406": {
        "0": 1,
        "1": 11,
        "2": 79,
        "3": 528,
        "4": 3470,
        "5": 12516,
        "6": 30283
    },
    "31407": {
        "0": 1,
        "1": 10,
        "2": 81,
        "3": 615,
        "4": 4581,
        "5": 16481,
        "6": 41335
    },
    "31408": {
        "0": 1,
        "1": 1,
        "2": 12,
        "3": 95,
        "4": 713,
        "5": 5282,
        "6": 21764
    },
    "31409": {
        "0": 1,
        "1": 1,
        "2": 10,
        "3": 75,
        "4": 575,
        "5": 4337,
        "6": 15067
    },
    "31410": {
        "0": 1,
        "1": 1,
        "2": 9,
        "3": 76,
        "4": 632,
        "5": 5260,
        "6": 13622
    },
    "31411": {
        "0": 1,
        "1": 1,
        "2": 9,
        "3": 67,
        "4": 510,
        "5": 3871,
        "6": 10302
    },
    "31412": {
        "0": 1,
        "1": 1,
        "2": 1,
        "3": 11,
        "4": 96,
        "5": 794,
        "6": 6424
    },
    "31413": {
        "0": 1,
        "1": 1,
        "2": 1,
        "3": 1,
        "4": 1,
        "5": 1,
        "6": 9
    },
    "31414": {
        "0": 1,
        "1": 13,
        "2": 114,
        "3": 976,
        "4": 8328,
        "5": 38333,
        "6": 111463
    },
    "31415": {
        "0": 1,
        "1": 10,
        "2": 83,
        "3": 662,
        "4": 5179,
        "5": 22603,
        "6": 67006
    },
    "31416": {
        "0": 1,
        "1": 13,
        "2": 106,
        "3": 809,
        "4": 6126,
        "5": 27318,
        "6": 80423
    },
    "31417": {
        "0": 1,
        "1": 1,
        "2": 11,
        "3": 82,
        "4": 591,
        "5": 4327,
        "6": 13175
    },
    "31418": {
        "0": 1,
        "1": 8,
        "2": 67,
        "3": 568,
        "4": 4833,
        "5": 8716,
        "6": 11946
    },
    "31419": {
        "0": 1,
        "1": 12,
        "2": 103,
        "3": 875,
        "4": 7417,
        "5": 30136,
        "6": 73317
    },
    "31420": {
        "0": 1,
        "1": 1,
        "2": 1,
        "3": 1,
        "4": 9,
        "5": 75,
        "6": 573
    },
    "31421": {
        "0": 1,
        "1": 1,
        "2": 11,
        "3": 87,
        "4": 667,
        "5": 5046,
        "6": 19764
    },
    "31422": {
        "0": 1,
        "1": 1,
        "2": 1,
        "3": 12,
        "4": 104,
        "5": 861,
        "6": 7036
    },
    "31423": {
        "0": 1,
        "1": 9,
        "2": 60,
        "3": 399,
        "4": 2683,
        "5": 7900,
        "6": 18472
    },
    "31424": {
        "0": 1,
        "1": 1,
        "2": 9,
        "3": 70,
        "4": 528,
        "5": 3934,
        "6": 11769
    },
    "31425": {
        "0": 1,
        "1": 13,
        "2": 112,
        "3": 905,
        "4": 7135,
        "5": 27927,
        "6": 72440
    },
    "31426": {
        "0": 1,
        "1": 1,
        "2": 12,
        "3": 102,
        "4": 840,
        "5": 6818,
        "6": 27128
    },
    "31427": {
        "0": 1,
        "1": 1,
        "2": 10,
        "3": 77,
        "4": 598,
        "5": 4649,
        "6": 17043
    },
    "31428": {
        "0": 1,
        "1": 1,
        "2": 1,
        "3": 12,
        "4": 101,
        "5": 849,
        "6": 7146
    },
    "31429": {
        "0": 1,
        "1": 1,
        "2": 8,
        "3": 62,
        "4": 469,
        "5": 3551,
        "6": 9618
    },
    "31430": {
        "0": 1,
        "1": 11,
        "2": 96,
        "3": 842,
        "4": 7268,
        "5": 29415,
        "6": 76079
    },
    "31431": {
        "0": 1,
        "1": 1,
        "2": 1,
        "3": 1,
        "4": 11,
        "5": 94,
        "6": 791
    },
    "31432": {
        "0": 1,
        "1": 1,
        "2": 12,
        "3": 101,
        "4": 813,
        "5": 6432,
        "6": 22848
    },
    "31433": {
        "0": 1,
        "1": 11,
        "2": 86,
        "3": 660,
        "4": 5015,
        "5": 18981,
        "6": 45846
    },
    "31434": {
        "0": 1,
        "1": 1,
        "2": 10,
        "3": 67,
        "4": 418,
        "5": 2606,
        "6": 7380
    },
    "31435": {
        "0": 1,
        "1": 1,
        "2": 1,
        "3": 1,
        "4": 10,
        "5": 67,
        "6": 427
    },
    "31436": {
        "0": 1,
        "1": 11,
        "2": 92,
        "3": 746,
        "4": 5820,
        "5": 19080,
        "6": 45014
    },
    "31437": {
        "0": 1,
        "1": 11,
        "2": 97,
        "3": 816,
        "4": 6696,
        "5": 26507,
        "6": 70001
    },
    "31438": {
        "0": 1,
        "1": 10,
        "2": 87,
        "3": 744,
        "4": 6265,
        "5": 21903,
        "6": 50138
    },
    "31439": {
        "0": 1,
        "1": 12,
        "2": 98,
        "3": 746,
        "4": 5570,
        "5": 24047,
        "6": 77004
    },
    "31440": {
        "0": 1,
        "1": 1,
        "2": 1,
        "3": 1,
        "4": 10,
        "5": 73,
        "6": 547
    },
    "31441": {
        "0": 1,
        "1": 10,
        "2": 76,
        "3": 584,
        "4": 4484,
        "5": 15299,
        "6": 32376
    },
    "31442": {
        "0": 1,
        "1": 1,
        "2": 1,
        "3": 11,
        "4": 91,
        "5": 766,
        "6": 6423
    },
    "31443": {
        "0": 1,
        "1": 1,
        "2": 11,
        "3": 93,
        "4": 766,
        "5": 6165,
        "6": 21175
    },
    "31444": {
        "0": 1,
        "1": 1,
        "2": 12,
        "3": 84,
        "4": 555,
        "5": 3716,
        "6": 14994
    },
    "31445": {
        "0": 1,
        "1": 1,
        "2": 1,
        "3": 10,
        "4": 69,
        "5": 471,
        "6": 3225
    },
    "31446": {
        "0": 1,
        "1": 1,
        "2": 1,
        "3": 10,
        "4": 76,
        "5": 597,
        "6": 4646
    },
    "31447": {
        "0": 1,
        "1": 1,
        "2": 1,
        "3": 10,
        "4": 75,
        "5": 558,
        "6": 4194
    },
    "31448": {
        "0": 1,
        "1": 1,
        "2": 9,
        "3": 76,
        "4": 646,
        "5": 5577,
        "6": 15760
    },
    "31449": {
        "0": 1,
        "1": 8,
        "2": 55,
        "3": 385,
        "4": 2657,
        "5": 8129,
        "6": 18452
    },
    "31450": {
        "0": 1,
        "1": 1,
        "2": 1,
        "3": 12,
        "4": 100,
        "5": 779,
        "6": 6000
    },
    "31451": {
        "0": 1,
        "1": 1,
        "2": 1,
        "3": 9,
        "4": 73,
        "5": 565,
        "6": 4315
    },
    "31452": {
        "0": 1,
        "1": 11,
        "2": 87,
        "3": 673,
        "4": 5166,
        "5": 20720,
        "6": 56706
    },
    "31453": {
        "0": 1,
        "1": 10,
        "2": 78,
        "3": 594,
        "4": 4519,
        "5": 15542,
        "6": 35262
    },
    "31454": {
        "0": 1,
        "1": 1,
        "2": 8,
        "3": 61,
        "4": 450,
        "5": 3268,
        "6": 7991
    },
    "31455": {
        "0": 1,
        "1": 1,
        "2": 10,
        "3": 83,
        "4": 692,
        "5": 5764,
        "6": 17501
    },
    "31456": {
        "0": 1,
        "1": 1,
        "2": 11,
        "3": 86,
        "4": 640,
        "5": 4691,
        "6": 18534
    },
    "31457": {
        "0": 1,
        "1": 11,
        "2": 61,
        "3": 318,
        "4": 1647,
        "5": 6591,
        "6": 21554
    },
    "31458": {
        "0": 1,
        "1": 1,
        "2": 10,
        "3": 73,
        "4": 533,
        "5": 3970,
        "6": 10868
    },
    "31459": {
        "0": 1,
        "1": 10,
        "2": 82,
        "3": 657,
        "4": 5102,
        "5": 13556,
        "6": 26643
    },
    "31460": {
        "0": 1,
        "1": 1,
        "2": 1,
        "3": 1,
        "4": 1,
        "5": 1,
        "6": 1
    },
    "31461": {
        "0": 1,
        "1": 10,
        "2": 80,
        "3": 619,
        "4": 4819,
        "5": 18409,
        "6": 46542
    },
    "31462": {
        "0": 1,
        "1": 1,
        "2": 10,
        "3": 91,
        "4": 816,
        "5": 7284,
        "6": 31720
    },
    "31463": {
        "0": 1,
        "1": 11,
        "2": 99,
        "3": 881,
        "4": 7777,
        "5": 35741,
        "6": 111507
    },
    "31464": {
        "0": 1,
        "1": 1,
        "2": 1,
        "3": 10,
        "4": 84,
        "5": 709,
        "6": 6000
    },
    "31465": {
        "0": 1,
        "1": 1,
        "2": 10,
        "3": 78,
        "4": 638,
        "5": 5300,
        "6": 11767
    },
    "31466": {
        "0": 1,
        "1": 1,
        "2": 10,
        "3": 85,
        "4": 718,
        "5": 5825,
        "6": 20796
    },
    "31467": {
        "0": 1,
        "1": 11,
        "2": 75,
        "3": 500,
        "4": 3366,
        "5": 12218,
        "6": 33565
    },
    "31468": {
        "0": 1,
        "1": 9,
        "2": 77,
        "3": 659,
        "4": 5544,
        "5": 18137,
        "6": 41108
    },
    "31469": {
        "0": 1,
        "1": 10,
        "2": 77,
        "3": 556,
        "4": 3943,
        "5": 12216,
        "6": 31078
    },
    "31470": {
        "0": 1,
        "1": 10,
        "2": 81,
        "3": 668,
        "4": 5509,
        "5": 15242,
        "6": 27656
    },
    "31471": {
        "0": 1,
        "1": 1,
        "2": 10,
        "3": 81,
        "4": 681,
        "5": 5784,
        "6": 16928
    },
    "31472": {
        "0": 1,
        "1": 1,
        "2": 12,
        "3": 94,
        "4": 723,
        "5": 5492,
        "6": 24027
    },
    "31473": {
        "0": 1,
        "1": 10,
        "2": 78,
        "3": 599,
        "4": 4609,
        "5": 16614,
        "6": 39493
    },
    "31474": {
        "0": 1,
        "1": 1,
        "2": 9,
        "3": 71,
        "4": 540,
        "5": 4094,
        "6": 11778
    },
    "31475": {
        "0": 1,
        "1": 11,
        "2": 76,
        "3": 474,
        "4": 2940,
        "5": 9171,
        "6": 22140
    },
    "31476": {
        "0": 1,
        "1": 1,
        "2": 11,
        "3": 97,
        "4": 821,
        "5": 6677,
        "6": 24146
    },
    "31477": {
        "0": 1,
        "1": 8,
        "2": 69,
        "3": 593,
        "4": 5142,
        "5": 12033,
        "6": 19987
    },
    "31478": {
        "0": 1,
        "1": 12,
        "2": 92,
        "3": 675,
        "4": 5022,
        "5": 18599,
        "6": 47592
    },
    "31479": {
        "0": 1,
        "1": 1,
        "2": 12,
        "3": 109,
        "4": 953,
        "5": 8122,
        "6": 37001
    },
    "31480": {
        "0": 1,
        "1": 1,
        "2": 8,
        "3": 65,
        "4": 520,
        "5": 4167,
        "6": 14404
    },
    "31481": {
        "0": 1,
        "1": 10,
        "2": 76,
        "3": 566,
        "4": 4228,
        "5": 14198,
        "6": 36893
    },
    "31482": {
        "0": 1,
        "1": 9,
        "2": 79,
        "3": 679,
        "4": 5801,
        "5": 18934,
        "6": 38382
    },
    "31483": {
        "0": 1,
        "1": 1,
        "2": 12,
        "3": 88,
        "4": 572,
        "5": 3714,
        "6": 15046
    },
    "31484": {
        "0": 1,
        "1": 1,
        "2": 12,
        "3": 97,
        "4": 745,
        "5": 5720,
        "6": 24856
    },
    "31485": {
        "0": 1,
        "1": 10,
        "2": 69,
        "3": 440,
        "4": 2795,
        "5": 8743,
        "6": 22175
    },
    "31486": {
        "0": 1,
        "1": 11,
        "2": 88,
        "3": 665,
        "4": 4926,
        "5": 18962,
        "6": 52879
    },
    "31487": {
        "0": 1,
        "1": 8,
        "2": 59,
        "3": 434,
        "4": 3192,
        "5": 6410,
        "6": 11186
    },
    "31488": {
        "0": 1,
        "1": 12,
        "2": 107,
        "3": 909,
        "4": 7556,
        "5": 31971,
        "6": 92200
    },
    "31489": {
        "0": 1,
        "1": 12,
        "2": 92,
        "3": 680,
        "4": 4986,
        "5": 19139,
        "6": 51238
    },
    "31490": {
        "0": 1,
        "1": 1,
        "2": 1,
        "3": 12,
        "4": 101,
        "5": 858,
        "6": 7230
    },
    "31491": {
        "0": 1,
        "1": 1,
        "2": 12,
        "3": 95,
        "4": 724,
        "5": 5537,
        "6": 22971
    },
    "31492": {
        "0": 1,
        "1": 12,
        "2": 99,
        "3": 805,
        "4": 6519,
        "5": 22143,
        "6": 45152
    },
    "31493": {
        "0": 1,
        "1": 9,
        "2": 74,
        "3": 580,
        "4": 4485,
        "5": 17055,
        "6": 51137
    },
    "31494": {
        "0": 1,
        "1": 10,
        "2": 87,
        "3": 732,
        "4": 6084,
        "5": 19661,
        "6": 44157
    },
    "31495": {
        "0": 1,
        "1": 12,
        "2": 92,
        "3": 687,
        "4": 5234,
        "5": 21274,
        "6": 56365
    },
    "31496": {
        "0": 1,
        "1": 1,
        "2": 12,
        "3": 98,
        "4": 740,
        "5": 5513,
        "6": 23447
    },
    "31497": {
        "0": 1,
        "1": 1,
        "2": 1,
        "3": 11,
        "4": 85,
        "5": 625,
        "6": 4573
    },
    "31498": {
        "0": 1,
        "1": 1,
        "2": 10,
        "3": 79,
        "4": 608,
        "5": 4590,
        "6": 16547
    },
    "31499": {
        "0": 1,
        "1": 1,
        "2": 8,
        "3": 61,
        "4": 467,
        "5": 3583,
        "6": 8594
    }
}