{
    "24100": {
        "0": 1,
        "1": 1,
        "2": 1,
        "3": 10,
        "4": 85,
        "5": 718,
        "6": 5991
    },
    "24101": {
        "0": 1,
        "1": 11,
        "2": 92,
        "3": 772,
        "4": 6554,
        "5": 23172,
        "6": 51619
    },
    "24102": {
        "0": 1,
        "1": 1,
        "2": 12,
        "3": 102,
        "4": 842,
        "5": 6912,
        "6": 26530
    },
    "24103": {
        "0": 1,
        "1": 9,
        "2": 78,
        "3": 673,
        "4": 5761,
        "5": 18828,
        "6": 47445
    },
    "24104": {
        "0": 1,
        "1": 11,
        "2": 95,
        "3": 781,
        "4": 6430,
        "5": 22777,
        "6": 51387
    },
    "24105": {
        "0": 1,
        "1": 8,
        "2": 65,
        "3": 510,
        "4": 3953,
        "5": 12862,
        "6": 34146
    },
    "24106": {
        "0": 1,
        "1": 11,
        "2": 86,
        "3": 640,
        "4": 4719,
        "5": 17469,
        "6": 45590
    },
    "24107": {
        "0": 1,
        "1": 9,
        "2": 60,
        "3": 398,
        "4": 2672,
        "5": 7753,
        "6": 15775
    },
    "24108": {
        "0": 1,
        "1": 1,
        "2": 8,
        "3": 63,
        "4": 499,
        "5": 3914,
        "6": 11418
    },
    "24109": {
        "0": 1,
        "1": 1,
        "2": 14,
        "3": 112,
        "4": 782,
        "5": 5452,
        "6": 21167
    },
    "24110": {
        "0": 1,
        "1": 9,
        "2": 70,
        "3": 534,
        "4": 4057,
        "5": 11654,
        "6": 25573
    },
    "24111": {
        "0": 1,
        "1": 1,
        "2": 11,
        "3": 85,
        "4": 658,
        "5": 5099,
        "6": 20189
    },
    "24112": {
        "0": 1,
        "1": 1,
        "2": 10,
        "3": 75,
        "4": 572,
        "5": 4401,
        "6": 14809
    },
    "24113": {
        "0": 1,
        "1": 1,
        "2": 9,
        "3": 69,
        "4": 523,
        "5": 3968,
        "6": 12832
    },
    "24114": {
        "0": 1,
        "1": 10,
        "2": 84,
        "3": 705,
        "4": 5830,
        "5": 17841,
        "6": 36679
    },
    "24115": {
        "0": 1,
        "1": 10,
        "2": 81,
        "3": 668,
        "4": 5555,
        "5": 13759,
        "6": 20568
    },
    "24116": {
        "0": 1,
        "1": 1,
        "2": 9,
        "3": 76,
        "4": 638,
        "5": 5345,
        "6": 14678
    },
    "24117": {
        "0": 1,
        "1": 1,
        "2": 1,
        "3": 1,
        "4": 10,
        "5": 74,
        "6": 530
    },
    "24118": {
        "0": 1,
        "1": 9,
        "2": 74,
        "3": 627,
        "4": 5251,
        "5": 13370,
        "6": 25442
    },
    "24119": {
        "0": 1,
        "1": 11,
        "2": 86,
        "3": 637,
        "4": 4725,
        "5": 17690,
        "6": 47244
    },
    "24120": {
        "0": 1,
        "1": 12,
        "2": 101,
        "3": 784,
        "4": 5945,
        "5": 27397,
        "6": 79811
    },
    "24121": {
        "0": 1,
        "1": 11,
        "2": 86,
        "3": 627,
        "4": 4521,
        "5": 15389,
        "6": 38696
    },
    "24122": {
        "0": 1,
        "1": 9,
        "2": 58,
        "3": 363,
        "4": 2288,
        "5": 5620,
        "6": 11995
    },
    "24123": {
        "0": 1,
        "1": 9,
        "2": 74,
        "3": 623,
        "4": 5197,
        "5": 12845,
        "6": 21254
    },
    "24124": {
        "0": 1,
        "1": 1,
        "2": 1,
        "3": 11,
        "4": 94,
        "5": 793,
        "6": 6587
    },
    "24125": {
        "0": 1,
        "1": 1,
        "2": 1,
        "3": 11,
        "4": 93,
        "5": 779,
        "6": 6475
    },
    "24126": {
        "0": 1,
        "1": 12,
        "2": 87,
        "3": 568,
        "4": 3646,
        "5": 14388,
        "6": 41730
    },
    "24127": {
        "0": 1,
        "1": 10,
        "2": 77,
        "3": 585,
        "4": 4414,
        "5": 13975,
        "6": 29027
    },
    "24128": {
        "0": 1,
        "1": 9,
        "2": 62,
        "3": 424,
        "4": 2879,
        "5": 9152,
        "6": 21887
    },
    "24129": {
        "0": 1,
        "1": 11,
        "2": 85,
        "3": 636,
        "4": 4803,
        "5": 17437,
        "6": 46945
    },
    "24130": {
        "0": 1,
        "1": 9,
        "2": 69,
        "3": 530,
        "4": 4007,
        "5": 12751,
        "6": 27050
    },
    "24131": {
        "0": 1,
        "1": 9,
        "2": 77,
        "3": 638,
        "4": 5127,
        "5": 12741,
        "6": 22465
    },
    "24132": {
        "0": 1,
        "1": 8,
        "2": 69,
        "3": 568,
        "4": 4506,
        "5": 9710,
        "6": 17721
    },
    "24133": {
        "0": 1,
        "1": 9,
        "2": 69,
        "3": 541,
        "4": 4278,
        "5": 14882,
        "6": 37096
    },
    "24134": {
        "0": 1,
        "1": 10,
        "2": 66,
        "3": 420,
        "4": 2708,
        "5": 7304,
        "6": 19089
    },
    "24135": {
        "0": 1,
        "1": 1,
        "2": 11,
        "3": 94,
        "4": 777,
        "5": 6258,
        "6": 22063
    },
    "24136": {
        "0": 1,
        "1": 1,
        "2": 11,
        "3": 87,
        "4": 656,
        "5": 4885,
        "6": 18997
    },
    "24137": {
        "0": 1,
        "1": 1,
        "2": 12,
        "3": 107,
        "4": 897,
        "5": 7193,
        "6": 30785
    },
    "24138": {
        "0": 1,
        "1": 10,
        "2": 84,
        "3": 693,
        "4": 5673,
        "5": 18433,
        "6": 41707
    },
    "24139": {
        "0": 1,
        "1": 9,
        "2": 61,
        "3": 425,
        "4": 2934,
        "5": 11091,
        "6": 32706
    },
    "24140": {
        "0": 1,
        "1": 9,
        "2": 60,
        "3": 399,
        "4": 2657,
        "5": 8637,
        "6": 21072
    },
    "24141": {
        "0": 1,
        "1": 12,
        "2": 96,
        "3": 723,
        "4": 5417,
        "5": 21529,
        "6": 58562
    },
    "24142": {
        "0": 1,
        "1": 1,
        "2": 8,
        "3": 52,
        "4": 353,
        "5": 2433,
        "6": 6764
    },
    "24143": {
        "0": 1,
        "1": 1,
        "2": 10,
        "3": 86,
        "4": 732,
        "5": 6100,
        "6": 22150
    },
    "24144": {
        "0": 1,
        "1": 1,
        "2": 1,
        "3": 1,
        "4": 9,
        "5": 65,
        "6": 479
    },
    "24145": {
        "0": 1,
        "1": 13,
        "2": 102,
        "3": 743,
        "4": 5434,
        "5": 22566,
        "6": 71928
    },
    "24146": {
        "0": 1,
        "1": 1,
        "2": 11,
        "3": 93,
        "4": 776,
        "5": 6430,
        "6": 22859
    },
    "24147": {
        "0": 1,
        "1": 13,
        "2": 114,
        "3": 958,
        "4": 7908,
        "5": 34650,
        "6": 93601
    },
    "24148": {
        "0": 1,
        "1": 11,
        "2": 99,
        "3": 855,
        "4": 7244,
        "5": 30731,
        "6": 86229
    },
    "24149": {
        "0": 1,
        "1": 10,
        "2": 82,
        "3": 699,
        "4": 5993,
        "5": 19075,
        "6": 43879
    },
    "24150": {
        "0": 1,
        "1": 1,
        "2": 10,
        "3": 74,
        "4": 549,
        "5": 4100,
        "6": 11743
    },
    "24151": {
        "0": 1,
        "1": 10,
        "2": 88,
        "3": 770,
        "4": 6683,
        "5": 25300,
        "6": 66134
    },
    "24152": {
        "0": 1,
        "1": 8,
        "2": 72,
        "3": 616,
        "4": 5128,
        "5": 13854,
        "6": 26531
    },
    "24153": {
        "0": 1,
        "1": 11,
        "2": 89,
        "3": 690,
        "4": 5143,
        "5": 20020,
        "6": 45371
    },
    "24154": {
        "0": 1,
        "1": 10,
        "2": 81,
        "3": 685,
        "4": 5789,
        "5": 16440,
        "6": 29297
    },
    "24155": {
        "0": 1,
        "1": 12,
        "2": 91,
        "3": 676,
        "4": 5108,
        "5": 19894,
        "6": 48127
    },
    "24156": {
        "0": 1,
        "1": 1,
        "2": 1,
        "3": 11,
        "4": 86,
        "5": 645,
        "6": 4835
    },
    "24157": {
        "0": 1,
        "1": 1,
        "2": 1,
        "3": 1,
        "4": 1,
        "5": 10,
        "6": 87
    },
    "24158": {
        "0": 1,
        "1": 10,
        "2": 74,
        "3": 550,
        "4": 4149,
        "5": 12243,
        "6": 20027
    },
    "24159": {
        "0": 1,
        "1": 9,
        "2": 77,
        "3": 676,
        "4": 5897,
        "5": 18944,
        "6": 36922
    },
    "24160": {
        "0": 1,
        "1": 1,
        "2": 1,
        "3": 10,
        "4": 86,
        "5": 693,
        "6": 5365
    },
    "24161": {
        "0": 1,
        "1": 8,
        "2": 52,
        "3": 337,
        "4": 2183,
        "5": 3797,
        "6": 8334
    },
    "24162": {
        "0": 1,
        "1": 10,
        "2": 78,
        "3": 593,
        "4": 4465,
        "5": 16247,
        "6": 40100
    },
    "24163": {
        "0": 1,
        "1": 9,
        "2": 67,
        "3": 503,
        "4": 3781,
        "5": 9443,
        "6": 17026
    },
    "24164": {
        "0": 1,
        "1": 10,
        "2": 71,
        "3": 482,
        "4": 3189,
        "5": 11553,
        "6": 30705
    },
    "24165": {
        "0": 1,
        "1": 8,
        "2": 61,
        "3": 461,
        "4": 3444,
        "5": 8342,
        "6": 15301
    },
    "24166": {
        "0": 1,
        "1": 1,
        "2": 8,
        "3": 66,
        "4": 551,
        "5": 4571,
        "6": 7831
    },
    "24167": {
        "0": 1,
        "1": 1,
        "2": 11,
        "3": 66,
        "4": 375,
        "5": 2198,
        "6": 7952
    },
    "24168": {
        "0": 1,
        "1": 1,
        "2": 10,
        "3": 79,
        "4": 617,
        "5": 4826,
        "6": 18538
    },
    "24169": {
        "0": 1,
        "1": 10,
        "2": 83,
        "3": 700,
        "4": 5846,
        "5": 18253,
        "6": 36013
    },
    "24170": {
        "0": 1,
        "1": 1,
        "2": 12,
        "3": 105,
        "4": 871,
        "5": 7034,
        "6": 28286
    },
    "24171": {
        "0": 1,
        "1": 10,
        "2": 79,
        "3": 609,
        "4": 4662,
        "5": 16392,
        "6": 38885
    },
    "24172": {
        "0": 1,
        "1": 1,
        "2": 11,
        "3": 94,
        "4": 764,
        "5": 5987,
        "6": 19584
    },
    "24173": {
        "0": 1,
        "1": 1,
        "2": 11,
        "3": 94,
        "4": 802,
        "5": 6790,
        "6": 24884
    },
    "24174": {
        "0": 1,
        "1": 1,
        "2": 1,
        "3": 9,
        "4": 69,
        "5": 528,
        "6": 4014
    },
    "24175": {
        "0": 1,
        "1": 11,
        "2": 88,
        "3": 684,
        "4": 5325,
        "5": 22313,
        "6": 64484
    },
    "24176": {
        "0": 1,
        "1": 1,
        "2": 13,
        "3": 115,
        "4": 947,
        "5": 7617,
        "6": 32958
    },
    "24177": {
        "0": 1,
        "1": 10,
        "2": 85,
        "3": 726,
        "4": 6130,
        "5": 21286,
        "6": 46596
    },
    "24178": {
        "0": 1,
        "1": 12,
        "2": 106,
        "3": 899,
        "4": 7532,
        "5": 30543,
        "6": 83001
    },
    "24179": {
        "0": 1,
        "1": 1,
        "2": 1,
        "3": 1,
        "4": 1,
        "5": 11,
        "6": 83
    },
    "24180": {
        "0": 1,
        "1": 1,
        "2": 12,
        "3": 106,
        "4": 892,
        "5": 7371,
        "6": 30290
    },
    "24181": {
        "0": 1,
        "1": 9,
        "2": 80,
        "3": 711,
        "4": 6237,
        "5": 21479,
        "6": 54512
    },
    "24182": {
        "0": 1,
        "1": 1,
        "2": 13,
        "3": 110,
        "4": 909,
        "5": 7598,
        "6": 31430
    },
    "24183": {
        "0": 1,
        "1": 11,
        "2": 96,
        "3": 805,
        "4": 6661,
        "5": 24564,
        "6": 60088
    },
    "24184": {
        "0": 1,
        "1": 1,
        "2": 12,
        "3": 99,
        "4": 816,
        "5": 6824,
        "6": 24662
    },
    "24185": {
        "0": 1,
        "1": 9,
        "2": 68,
        "3": 511,
        "4": 3888,
        "5": 10579,
        "6": 20867
    },
    "24186": {
        "0": 1,
        "1": 1,
        "2": 9,
        "3": 70,
        "4": 545,
        "5": 4187,
        "6": 14443
    },
    "24187": {
        "0": 1,
        "1": 1,
        "2": 9,
        "3": 68,
        "4": 505,
        "5": 3743,
        "6": 10327
    },
    "24188": {
        "0": 1,
        "1": 1,
        "2": 9,
        "3": 65,
        "4": 490,
        "5": 3752,
        "6": 9929
    },
    "24189": {
        "0": 1,
        "1": 1,
        "2": 10,
        "3": 86,
        "4": 734,
        "5": 6150,
        "6": 20647
    },
    "24190": {
        "0": 1,
        "1": 12,
        "2": 93,
        "3": 666,
        "4": 4778,
        "5": 17283,
        "6": 48233
    },
    "24191": {
        "0": 1,
        "1": 1,
        "2": 10,
        "3": 77,
        "4": 591,
        "5": 4489,
        "6": 16644
    },
    "24192": {
        "0": 1,
        "1": 1,
        "2": 1,
        "3": 9,
        "4": 76,
        "5": 635,
        "6": 5200
    },
    "24193": {
        "0": 1,
        "1": 1,
        "2": 10,
        "3": 65,
        "4": 420,
        "5": 2751,
        "6": 7840
    },
    "24194": {
        "0": 1,
        "1": 11,
        "2": 84,
        "3": 617,
        "4": 4541,
        "5": 14350,
        "6": 35255
    },
    "24195": {
        "0": 1,
        "1": 9,
        "2": 77,
        "3": 644,
        "4": 5321,
        "5": 13485,
        "6": 21684
    },
    "24196": {
        "0": 1,
        "1": 12,
        "2": 88,
        "3": 592,
        "4": 3974,
        "5": 16437,
        "6": 50771
    },
    "24197": {
        "0": 1,
        "1": 9,
        "2": 72,
        "3": 562,
        "4": 4372,
        "5": 14948,
        "6": 31719
    },
    "24198": {
        "0": 1,
        "1": 1,
        "2": 9,
        "3": 82,
        "4": 721,
        "5": 6114,
        "6": 22676
    },
    "24199": {
        "0": 1,
        "1": 11,
        "2": 96,
        "3": 790,
        "4": 6377,
        "5": 23450,
        "6": 65302
    }
}