{
    "20600": {
        "0": 1,
        "1": 11,
        "2": 92,
        "3": 712,
        "4": 5313,
        "5": 23060,
        "6": 69077
    },
    "20601": {
        "0": 1,
        "1": 1,
        "2": 12,
        "3": 106,
        "4": 911,
        "5": 7731,
        "6": 35127
    },
    "20602": {
        "0": 1,
        "1": 10,
        "2": 75,
        "3": 568,
        "4": 4275,
        "5": 14810,
        "6": 35385
    },
    "20603": {
        "0": 1,
        "1": 9,
        "2": 75,
        "3": 637,
        "4": 5478,
        "5": 14509,
        "6": 28359
    },
    "20604": {
        "0": 1,
        "1": 1,
        "2": 1,
        "3": 1,
        "4": 1,
        "5": 1,
        "6": 11
    },
    "20605": {
        "0": 1,
        "1": 1,
        "2": 9,
        "3": 70,
        "4": 513,
        "5": 3739,
        "6": 9812
    },
    "20606": {
        "0": 1,
        "1": 1,
        "2": 1,
        "3": 11,
        "4": 88,
        "5": 703,
        "6": 5551
    },
    "20607": {
        "0": 1,
        "1": 1,
        "2": 1,
        "3": 8,
        "4": 60,
        "5": 445,
        "6": 3334
    },
    "20608": {
        "0": 1,
        "1": 9,
        "2": 68,
        "3": 522,
        "4": 4050,
        "5": 11907,
        "6": 26130
    },
    "20609": {
        "0": 1,
        "1": 12,
        "2": 101,
        "3": 837,
        "4": 7017,
        "5": 26682,
        "6": 64044
    },
    "20610": {
        "0": 1,
        "1": 1,
        "2": 11,
        "3": 85,
        "4": 619,
        "5": 4429,
        "6": 14399
    },
    "20611": {
        "0": 1,
        "1": 10,
        "2": 69,
        "3": 463,
        "4": 3076,
        "5": 9985,
        "6": 23451
    },
    "20612": {
        "0": 1,
        "1": 1,
        "2": 1,
        "3": 10,
        "4": 78,
        "5": 587,
        "6": 4310
    },
    "20613": {
        "0": 1,
        "1": 9,
        "2": 68,
        "3": 492,
        "4": 3474,
        "5": 8673,
        "6": 17627
    },
    "20614": {
        "0": 1,
        "1": 12,
        "2": 103,
        "3": 869,
        "4": 7244,
        "5": 29635,
        "6": 81070
    },
    "20615": {
        "0": 1,
        "1": 9,
        "2": 76,
        "3": 644,
        "4": 5459,
        "5": 13879,
        "6": 25607
    },
    "20616": {
        "0": 1,
        "1": 1,
        "2": 10,
        "3": 71,
        "4": 508,
        "5": 3593,
        "6": 14983
    },
    "20617": {
        "0": 1,
        "1": 1,
        "2": 9,
        "3": 61,
        "4": 397,
        "5": 2551,
        "6": 7239
    },
    "20618": {
        "0": 1,
        "1": 10,
        "2": 74,
        "3": 548,
        "4": 4089,
        "5": 11513,
        "6": 23654
    },
    "20619": {
        "0": 1,
        "1": 1,
        "2": 1,
        "3": 12,
        "4": 101,
        "5": 784,
        "6": 5884
    },
    "20620": {
        "0": 1,
        "1": 10,
        "2": 61,
        "3": 356,
        "4": 2113,
        "5": 7685,
        "6": 18895
    },
    "20621": {
        "0": 1,
        "1": 10,
        "2": 87,
        "3": 729,
        "4": 6044,
        "5": 19531,
        "6": 46367
    },
    "20622": {
        "0": 1,
        "1": 1,
        "2": 10,
        "3": 76,
        "4": 564,
        "5": 4142,
        "6": 13237
    },
    "20623": {
        "0": 1,
        "1": 11,
        "2": 85,
        "3": 617,
        "4": 4421,
        "5": 16183,
        "6": 41479
    },
    "20624": {
        "0": 1,
        "1": 11,
        "2": 90,
        "3": 690,
        "4": 5187,
        "5": 19645,
        "6": 50098
    },
    "20625": {
        "0": 1,
        "1": 1,
        "2": 10,
        "3": 90,
        "4": 784,
        "5": 6563,
        "6": 26011
    },
    "20626": {
        "0": 1,
        "1": 12,
        "2": 94,
        "3": 713,
        "4": 5383,
        "5": 21499,
        "6": 62086
    },
    "20627": {
        "0": 1,
        "1": 11,
        "2": 84,
        "3": 626,
        "4": 4728,
        "5": 16780,
        "6": 42666
    },
    "20628": {
        "0": 1,
        "1": 14,
        "2": 129,
        "3": 1116,
        "4": 9430,
        "5": 48489,
        "6": 163032
    },
    "20629": {
        "0": 1,
        "1": 1,
        "2": 10,
        "3": 78,
        "4": 608,
        "5": 4768,
        "6": 18293
    },
    "20630": {
        "0": 1,
        "1": 12,
        "2": 102,
        "3": 859,
        "4": 7252,
        "5": 28549,
        "6": 66585
    },
    "20631": {
        "0": 1,
        "1": 9,
        "2": 72,
        "3": 560,
        "4": 4359,
        "5": 14682,
        "6": 38223
    },
    "20632": {
        "0": 1,
        "1": 9,
        "2": 67,
        "3": 502,
        "4": 3789,
        "5": 9723,
        "6": 19745
    },
    "20633": {
        "0": 1,
        "1": 12,
        "2": 106,
        "3": 927,
        "4": 8090,
        "5": 37869,
        "6": 108025
    },
    "20634": {
        "0": 1,
        "1": 1,
        "2": 1,
        "3": 11,
        "4": 84,
        "5": 628,
        "6": 4634
    },
    "20635": {
        "0": 1,
        "1": 1,
        "2": 1,
        "3": 9,
        "4": 70,
        "5": 520,
        "6": 3800
    },
    "20636": {
        "0": 1,
        "1": 10,
        "2": 65,
        "3": 420,
        "4": 2776,
        "5": 8355,
        "6": 19588
    },
    "20637": {
        "0": 1,
        "1": 1,
        "2": 9,
        "3": 78,
        "4": 671,
        "5": 5764,
        "6": 16735
    },
    "20638": {
        "0": 1,
        "1": 9,
        "2": 76,
        "3": 634,
        "4": 5271,
        "5": 13558,
        "6": 25454
    },
    "20639": {
        "0": 1,
        "1": 1,
        "2": 11,
        "3": 95,
        "4": 800,
        "5": 6529,
        "6": 23810
    },
    "20640": {
        "0": 1,
        "1": 10,
        "2": 77,
        "3": 587,
        "4": 4459,
        "5": 15957,
        "6": 38775
    },
    "20641": {
        "0": 1,
        "1": 1,
        "2": 1,
        "3": 10,
        "4": 87,
        "5": 754,
        "6": 6501
    },
    "20642": {
        "0": 1,
        "1": 1,
        "2": 10,
        "3": 86,
        "4": 714,
        "5": 5784,
        "6": 18689
    },
    "20643": {
        "0": 1,
        "1": 1,
        "2": 11,
        "3": 94,
        "4": 778,
        "5": 6316,
        "6": 22957
    },
    "20644": {
        "0": 1,
        "1": 11,
        "2": 87,
        "3": 668,
        "4": 5133,
        "5": 20502,
        "6": 60815
    },
    "20645": {
        "0": 1,
        "1": 1,
        "2": 1,
        "3": 12,
        "4": 87,
        "5": 593,
        "6": 4052
    },
    "20646": {
        "0": 1,
        "1": 1,
        "2": 1,
        "3": 9,
        "4": 81,
        "5": 701,
        "6": 5995
    },
    "20647": {
        "0": 1,
        "1": 11,
        "2": 92,
        "3": 775,
        "4": 6515,
        "5": 22080,
        "6": 49156
    },
    "20648": {
        "0": 1,
        "1": 1,
        "2": 1,
        "3": 1,
        "4": 10,
        "5": 81,
        "6": 661
    },
    "20649": {
        "0": 1,
        "1": 1,
        "2": 10,
        "3": 81,
        "4": 631,
        "5": 4788,
        "6": 18527
    },
    "20650": {
        "0": 1,
        "1": 8,
        "2": 51,
        "3": 332,
        "4": 2209,
        "5": 4547,
        "6": 7843
    },
    "20651": {
        "0": 1,
        "1": 10,
        "2": 79,
        "3": 626,
        "4": 4936,
        "5": 19787,
        "6": 53967
    },
    "20652": {
        "0": 1,
        "1": 1,
        "2": 9,
        "3": 71,
        "4": 550,
        "5": 4288,
        "6": 14489
    },
    "20653": {
        "0": 1,
        "1": 1,
        "2": 1,
        "3": 1,
        "4": 15,
        "5": 128,
        "6": 963
    },
    "20654": {
        "0": 1,
        "1": 1,
        "2": 9,
        "3": 76,
        "4": 594,
        "5": 4484,
        "6": 17583
    },
    "20655": {
        "0": 1,
        "1": 9,
        "2": 79,
        "3": 687,
        "4": 5947,
        "5": 20940,
        "6": 51999
    },
    "20656": {
        "0": 1,
        "1": 12,
        "2": 104,
        "3": 871,
        "4": 7204,
        "5": 28134,
        "6": 71882
    },
    "20657": {
        "0": 1,
        "1": 12,
        "2": 104,
        "3": 864,
        "4": 7093,
        "5": 27925,
        "6": 73804
    },
    "20658": {
        "0": 1,
        "1": 11,
        "2": 85,
        "3": 628,
        "4": 4604,
        "5": 16220,
        "6": 41240
    },
    "20659": {
        "0": 1,
        "1": 9,
        "2": 68,
        "3": 520,
        "4": 4011,
        "5": 11748,
        "6": 27942
    },
    "20660": {
        "0": 1,
        "1": 12,
        "2": 97,
        "3": 747,
        "4": 5702,
        "5": 24314,
        "6": 62798
    },
    "20661": {
        "0": 1,
        "1": 10,
        "2": 74,
        "3": 547,
        "4": 4060,
        "5": 11396,
        "6": 28436
    },
    "20662": {
        "0": 1,
        "1": 1,
        "2": 1,
        "3": 11,
        "4": 72,
        "5": 460,
        "6": 3061
    },
    "20663": {
        "0": 1,
        "1": 9,
        "2": 74,
        "3": 590,
        "4": 4669,
        "5": 17210,
        "6": 46437
    },
    "20664": {
        "0": 1,
        "1": 1,
        "2": 1,
        "3": 10,
        "4": 71,
        "5": 475,
        "6": 3223
    },
    "20665": {
        "0": 1,
        "1": 1,
        "2": 12,
        "3": 96,
        "4": 736,
        "5": 5654,
        "6": 24004
    },
    "20666": {
        "0": 1,
        "1": 12,
        "2": 104,
        "3": 877,
        "4": 7304,
        "5": 30048,
        "6": 83237
    },
    "20667": {
        "0": 1,
        "1": 1,
        "2": 11,
        "3": 83,
        "4": 618,
        "5": 4607,
        "6": 17050
    },
    "20668": {
        "0": 1,
        "1": 1,
        "2": 13,
        "3": 107,
        "4": 790,
        "5": 5720,
        "6": 23946
    },
    "20669": {
        "0": 1,
        "1": 1,
        "2": 1,
        "3": 10,
        "4": 87,
        "5": 749,
        "6": 6319
    },
    "20670": {
        "0": 1,
        "1": 1,
        "2": 11,
        "3": 98,
        "4": 836,
        "5": 6910,
        "6": 28506
    },
    "20671": {
        "0": 1,
        "1": 9,
        "2": 79,
        "3": 679,
        "4": 5713,
        "5": 17454,
        "6": 33329
    },
    "20672": {
        "0": 1,
        "1": 1,
        "2": 8,
        "3": 54,
        "4": 369,
        "5": 2464,
        "6": 6287
    },
    "20673": {
        "0": 1,
        "1": 10,
        "2": 86,
        "3": 707,
        "4": 5713,
        "5": 17726,
        "6": 32777
    },
    "20674": {
        "0": 1,
        "1": 1,
        "2": 11,
        "3": 81,
        "4": 555,
        "5": 3793,
        "6": 15698
    },
    "20675": {
        "0": 1,
        "1": 1,
        "2": 1,
        "3": 10,
        "4": 84,
        "5": 735,
        "6": 6435
    },
    "20676": {
        "0": 1,
        "1": 9,
        "2": 68,
        "3": 509,
        "4": 3792,
        "5": 10694,
        "6": 23364
    },
    "20677": {
        "0": 1,
        "1": 10,
        "2": 76,
        "3": 590,
        "4": 4576,
        "5": 16214,
        "6": 41992
    },
    "20678": {
        "0": 1,
        "1": 1,
        "2": 11,
        "3": 88,
        "4": 694,
        "5": 5398,
        "6": 22577
    },
    "20679": {
        "0": 1,
        "1": 1,
        "2": 1,
        "3": 12,
        "4": 105,
        "5": 885,
        "6": 7343
    },
    "20680": {
        "0": 1,
        "1": 12,
        "2": 93,
        "3": 690,
        "4": 5118,
        "5": 18896,
        "6": 48400
    },
    "20681": {
        "0": 1,
        "1": 9,
        "2": 67,
        "3": 472,
        "4": 3265,
        "5": 6909,
        "6": 11352
    },
    "20682": {
        "0": 1,
        "1": 10,
        "2": 84,
        "3": 719,
        "4": 6117,
        "5": 21236,
        "6": 46429
    },
    "20683": {
        "0": 1,
        "1": 10,
        "2": 80,
        "3": 608,
        "4": 4535,
        "5": 16208,
        "6": 41292
    },
    "20684": {
        "0": 1,
        "1": 10,
        "2": 77,
        "3": 592,
        "4": 4570,
        "5": 16594,
        "6": 42224
    },
    "20685": {
        "0": 1,
        "1": 1,
        "2": 1,
        "3": 10,
        "4": 78,
        "5": 589,
        "6": 4434
    },
    "20686": {
        "0": 1,
        "1": 8,
        "2": 61,
        "3": 453,
        "4": 3324,
        "5": 6981,
        "6": 12581
    },
    "20687": {
        "0": 1,
        "1": 11,
        "2": 93,
        "3": 755,
        "4": 5978,
        "5": 18862,
        "6": 39497
    },
    "20688": {
        "0": 1,
        "1": 11,
        "2": 78,
        "3": 521,
        "4": 3486,
        "5": 12994,
        "6": 37306
    },
    "20689": {
        "0": 1,
        "1": 1,
        "2": 12,
        "3": 96,
        "4": 715,
        "5": 5304,
        "6": 20164
    },
    "20690": {
        "0": 1,
        "1": 12,
        "2": 98,
        "3": 767,
        "4": 6010,
        "5": 28223,
        "6": 89896
    },
    "20691": {
        "0": 1,
        "1": 1,
        "2": 11,
        "3": 94,
        "4": 782,
        "5": 6452,
        "6": 22869
    },
    "20692": {
        "0": 1,
        "1": 9,
        "2": 76,
        "3": 654,
        "4": 5647,
        "5": 15999,
        "6": 34503
    },
    "20693": {
        "0": 1,
        "1": 1,
        "2": 11,
        "3": 79,
        "4": 551,
        "5": 3852,
        "6": 16515
    },
    "20694": {
        "0": 1,
        "1": 12,
        "2": 83,
        "3": 542,
        "4": 3671,
        "5": 14789,
        "6": 42215
    },
    "20695": {
        "0": 1,
        "1": 11,
        "2": 97,
        "3": 841,
        "4": 7211,
        "5": 28561,
        "6": 69147
    },
    "20696": {
        "0": 1,
        "1": 1,
        "2": 9,
        "3": 74,
        "4": 580,
        "5": 4529,
        "6": 16300
    },
    "20697": {
        "0": 1,
        "1": 12,
        "2": 96,
        "3": 697,
        "4": 5050,
        "5": 19224,
        "6": 55753
    },
    "20698": {
        "0": 1,
        "1": 1,
        "2": 11,
        "3": 90,
        "4": 693,
        "5": 5233,
        "6": 21646
    },
    "20699": {
        "0": 1,
        "1": 10,
        "2": 85,
        "3": 726,
        "4": 6222,
        "5": 21052,
        "6": 51270
    }
}