{
    "23900": {
        "0": 1,
        "1": 1,
        "2": 9,
        "3": 67,
        "4": 496,
        "5": 3570,
        "6": 9899
    },
    "23901": {
        "0": 1,
        "1": 8,
        "2": 70,
        "3": 616,
        "4": 5405,
        "5": 14700,
        "6": 27236
    },
    "23902": {
        "0": 1,
        "1": 9,
        "2": 68,
        "3": 514,
        "4": 3844,
        "5": 11335,
        "6": 22816
    },
    "23903": {
        "0": 1,
        "1": 10,
        "2": 77,
        "3": 572,
        "4": 4136,
        "5": 14010,
        "6": 37138
    },
    "23904": {
        "0": 1,
        "1": 8,
        "2": 73,
        "3": 654,
        "4": 5712,
        "5": 18976,
        "6": 42618
    },
    "23905": {
        "0": 1,
        "1": 11,
        "2": 88,
        "3": 675,
        "4": 5127,
        "5": 21401,
        "6": 60339
    },
    "23906": {
        "0": 1,
        "1": 1,
        "2": 11,
        "3": 88,
        "4": 666,
        "5": 5012,
        "6": 20367
    },
    "23907": {
        "0": 1,
        "1": 11,
        "2": 90,
        "3": 702,
        "4": 5437,
        "5": 22905,
        "6": 64948
    },
    "23908": {
        "0": 1,
        "1": 10,
        "2": 87,
        "3": 743,
        "4": 6324,
        "5": 23302,
        "6": 55552
    },
    "23909": {
        "0": 1,
        "1": 9,
        "2": 79,
        "3": 688,
        "4": 5985,
        "5": 19241,
        "6": 39615
    },
    "23910": {
        "0": 1,
        "1": 10,
        "2": 76,
        "3": 568,
        "4": 4251,
        "5": 12942,
        "6": 30555
    },
    "23911": {
        "0": 1,
        "1": 9,
        "2": 60,
        "3": 401,
        "4": 2707,
        "5": 9282,
        "6": 25107
    },
    "23912": {
        "0": 1,
        "1": 1,
        "2": 13,
        "3": 113,
        "4": 946,
        "5": 7907,
        "6": 33735
    },
    "23913": {
        "0": 1,
        "1": 11,
        "2": 84,
        "3": 630,
        "4": 4721,
        "5": 16429,
        "6": 39151
    },
    "23914": {
        "0": 1,
        "1": 9,
        "2": 69,
        "3": 545,
        "4": 4283,
        "5": 14410,
        "6": 33710
    },
    "23915": {
        "0": 1,
        "1": 9,
        "2": 80,
        "3": 681,
        "4": 5661,
        "5": 18538,
        "6": 44980
    },
    "23916": {
        "0": 1,
        "1": 1,
        "2": 13,
        "3": 103,
        "4": 763,
        "5": 5658,
        "6": 22955
    },
    "23917": {
        "0": 1,
        "1": 10,
        "2": 79,
        "3": 614,
        "4": 4803,
        "5": 18470,
        "6": 50236
    },
    "23918": {
        "0": 1,
        "1": 1,
        "2": 1,
        "3": 8,
        "4": 47,
        "5": 279,
        "6": 1674
    },
    "23919": {
        "0": 1,
        "1": 9,
        "2": 69,
        "3": 534,
        "4": 4147,
        "5": 13110,
        "6": 32188
    },
    "23920": {
        "0": 1,
        "1": 1,
        "2": 1,
        "3": 11,
        "4": 83,
        "5": 599,
        "6": 4345
    },
    "23921": {
        "0": 1,
        "1": 1,
        "2": 11,
        "3": 84,
        "4": 637,
        "5": 4837,
        "6": 17546
    },
    "23922": {
        "0": 1,
        "1": 1,
        "2": 12,
        "3": 105,
        "4": 893,
        "5": 7546,
        "6": 31385
    },
    "23923": {
        "0": 1,
        "1": 1,
        "2": 1,
        "3": 1,
        "4": 10,
        "5": 86,
        "6": 734
    },
    "23924": {
        "0": 1,
        "1": 1,
        "2": 11,
        "3": 94,
        "4": 796,
        "5": 6690,
        "6": 23591
    },
    "23925": {
        "0": 1,
        "1": 10,
        "2": 68,
        "3": 446,
        "4": 2925,
        "5": 10229,
        "6": 26320
    },
    "23926": {
        "0": 1,
        "1": 1,
        "2": 1,
        "3": 10,
        "4": 79,
        "5": 600,
        "6": 4521
    },
    "23927": {
        "0": 1,
        "1": 9,
        "2": 77,
        "3": 677,
        "4": 5955,
        "5": 19624,
        "6": 45014
    },
    "23928": {
        "0": 1,
        "1": 1,
        "2": 1,
        "3": 11,
        "4": 89,
        "5": 681,
        "6": 5215
    },
    "23929": {
        "0": 1,
        "1": 9,
        "2": 76,
        "3": 634,
        "4": 5252,
        "5": 12913,
        "6": 25791
    },
    "23930": {
        "0": 1,
        "1": 9,
        "2": 80,
        "3": 678,
        "4": 5470,
        "5": 17313,
        "6": 34940
    },
    "23931": {
        "0": 1,
        "1": 1,
        "2": 10,
        "3": 86,
        "4": 706,
        "5": 5702,
        "6": 17945
    },
    "23932": {
        "0": 1,
        "1": 10,
        "2": 79,
        "3": 597,
        "4": 4460,
        "5": 14272,
        "6": 33805
    },
    "23933": {
        "0": 1,
        "1": 11,
        "2": 89,
        "3": 683,
        "4": 5210,
        "5": 22126,
        "6": 64802
    },
    "23934": {
        "0": 1,
        "1": 1,
        "2": 1,
        "3": 9,
        "4": 67,
        "5": 502,
        "6": 3789
    },
    "23935": {
        "0": 1,
        "1": 12,
        "2": 99,
        "3": 812,
        "4": 6725,
        "5": 23394,
        "6": 48736
    },
    "23936": {
        "0": 1,
        "1": 10,
        "2": 65,
        "3": 414,
        "4": 2693,
        "5": 7481,
        "6": 16648
    },
    "23937": {
        "0": 1,
        "1": 8,
        "2": 60,
        "3": 446,
        "4": 3268,
        "5": 6412,
        "6": 8998
    },
    "23938": {
        "0": 1,
        "1": 11,
        "2": 87,
        "3": 676,
        "4": 5264,
        "5": 22064,
        "6": 57651
    },
    "23939": {
        "0": 1,
        "1": 12,
        "2": 94,
        "3": 704,
        "4": 5332,
        "5": 21485,
        "6": 61197
    },
    "23940": {
        "0": 1,
        "1": 9,
        "2": 67,
        "3": 506,
        "4": 3859,
        "5": 10485,
        "6": 22092
    },
    "23941": {
        "0": 1,
        "1": 1,
        "2": 11,
        "3": 91,
        "4": 693,
        "5": 5099,
        "6": 21066
    },
    "23942": {
        "0": 1,
        "1": 8,
        "2": 43,
        "3": 233,
        "4": 1292,
        "5": 3180,
        "6": 5625
    },
    "23943": {
        "0": 1,
        "1": 10,
        "2": 81,
        "3": 695,
        "4": 6026,
        "5": 19744,
        "6": 40892
    },
    "23944": {
        "0": 1,
        "1": 10,
        "2": 75,
        "3": 557,
        "4": 4068,
        "5": 13900,
        "6": 31376
    },
    "23945": {
        "0": 1,
        "1": 1,
        "2": 11,
        "3": 94,
        "4": 790,
        "5": 6579,
        "6": 24351
    },
    "23946": {
        "0": 1,
        "1": 12,
        "2": 104,
        "3": 894,
        "4": 7635,
        "5": 32653,
        "6": 88987
    },
    "23947": {
        "0": 1,
        "1": 1,
        "2": 10,
        "3": 78,
        "4": 600,
        "5": 4593,
        "6": 15933
    },
    "23948": {
        "0": 1,
        "1": 1,
        "2": 8,
        "3": 61,
        "4": 474,
        "5": 3706,
        "6": 9638
    },
    "23949": {
        "0": 1,
        "1": 11,
        "2": 92,
        "3": 779,
        "4": 6585,
        "5": 23125,
        "6": 52183
    },
    "23950": {
        "0": 1,
        "1": 1,
        "2": 12,
        "3": 77,
        "4": 453,
        "5": 2693,
        "6": 11081
    },
    "23951": {
        "0": 1,
        "1": 9,
        "2": 71,
        "3": 554,
        "4": 4306,
        "5": 14032,
        "6": 30380
    },
    "23952": {
        "0": 1,
        "1": 12,
        "2": 98,
        "3": 812,
        "4": 6781,
        "5": 24536,
        "6": 56041
    },
    "23953": {
        "0": 1,
        "1": 12,
        "2": 103,
        "3": 891,
        "4": 7681,
        "5": 32978,
        "6": 83818
    },
    "23954": {
        "0": 1,
        "1": 1,
        "2": 13,
        "3": 109,
        "4": 850,
        "5": 6573,
        "6": 31517
    },
    "23955": {
        "0": 1,
        "1": 1,
        "2": 1,
        "3": 12,
        "4": 89,
        "5": 609,
        "6": 4208
    },
    "23956": {
        "0": 1,
        "1": 9,
        "2": 75,
        "3": 631,
        "4": 5241,
        "5": 13297,
        "6": 25865
    },
    "23957": {
        "0": 1,
        "1": 10,
        "2": 77,
        "3": 593,
        "4": 4543,
        "5": 15726,
        "6": 32314
    },
    "23958": {
        "0": 1,
        "1": 10,
        "2": 74,
        "3": 528,
        "4": 3743,
        "5": 16286,
        "6": 50682
    },
    "23959": {
        "0": 1,
        "1": 12,
        "2": 97,
        "3": 737,
        "4": 5539,
        "5": 22570,
        "6": 62658
    },
    "23960": {
        "0": 1,
        "1": 8,
        "2": 68,
        "3": 565,
        "4": 4615,
        "5": 9730,
        "6": 16295
    },
    "23961": {
        "0": 1,
        "1": 12,
        "2": 86,
        "3": 560,
        "4": 3638,
        "5": 14776,
        "6": 40706
    },
    "23962": {
        "0": 1,
        "1": 12,
        "2": 105,
        "3": 866,
        "4": 6895,
        "5": 26352,
        "6": 69761
    },
    "23963": {
        "0": 1,
        "1": 11,
        "2": 86,
        "3": 647,
        "4": 4809,
        "5": 16439,
        "6": 38880
    },
    "23964": {
        "0": 1,
        "1": 1,
        "2": 10,
        "3": 75,
        "4": 561,
        "5": 4168,
        "6": 13414
    },
    "23965": {
        "0": 1,
        "1": 9,
        "2": 73,
        "3": 611,
        "4": 5133,
        "5": 10823,
        "6": 14322
    },
    "23966": {
        "0": 1,
        "1": 9,
        "2": 68,
        "3": 515,
        "4": 3870,
        "5": 9807,
        "6": 20892
    },
    "23967": {
        "0": 1,
        "1": 1,
        "2": 9,
        "3": 69,
        "4": 527,
        "5": 4019,
        "6": 11384
    },
    "23968": {
        "0": 1,
        "1": 1,
        "2": 9,
        "3": 68,
        "4": 525,
        "5": 4056,
        "6": 13847
    },
    "23969": {
        "0": 1,
        "1": 1,
        "2": 10,
        "3": 68,
        "4": 428,
        "5": 2666,
        "6": 7489
    },
    "23970": {
        "0": 1,
        "1": 1,
        "2": 10,
        "3": 86,
        "4": 735,
        "5": 6270,
        "6": 20854
    },
    "23971": {
        "0": 1,
        "1": 1,
        "2": 11,
        "3": 89,
        "4": 740,
        "5": 6206,
        "6": 19870
    },
    "23972": {
        "0": 1,
        "1": 9,
        "2": 78,
        "3": 675,
        "4": 5757,
        "5": 18150,
        "6": 37284
    },
    "23973": {
        "0": 1,
        "1": 11,
        "2": 88,
        "3": 677,
        "4": 5184,
        "5": 20550,
        "6": 58403
    },
    "23974": {
        "0": 1,
        "1": 1,
        "2": 10,
        "3": 84,
        "4": 712,
        "5": 5983,
        "6": 21937
    },
    "23975": {
        "0": 1,
        "1": 13,
        "2": 112,
        "3": 948,
        "4": 8012,
        "5": 35165,
        "6": 91398
    },
    "23976": {
        "0": 1,
        "1": 12,
        "2": 107,
        "3": 926,
        "4": 7922,
        "5": 34449,
        "6": 98589
    },
    "23977": {
        "0": 1,
        "1": 1,
        "2": 1,
        "3": 1,
        "4": 11,
        "5": 85,
        "6": 592
    },
    "23978": {
        "0": 1,
        "1": 11,
        "2": 83,
        "3": 591,
        "4": 4212,
        "5": 13016,
        "6": 27809
    },
    "23979": {
        "0": 1,
        "1": 12,
        "2": 96,
        "3": 726,
        "4": 5457,
        "5": 21877,
        "6": 57781
    },
    "23980": {
        "0": 1,
        "1": 1,
        "2": 1,
        "3": 1,
        "4": 9,
        "5": 77,
        "6": 657
    },
    "23981": {
        "0": 1,
        "1": 1,
        "2": 14,
        "3": 119,
        "4": 927,
        "5": 7109,
        "6": 35217
    },
    "23982": {
        "0": 1,
        "1": 9,
        "2": 75,
        "3": 643,
        "4": 5524,
        "5": 14733,
        "6": 31377
    },
    "23983": {
        "0": 1,
        "1": 1,
        "2": 10,
        "3": 85,
        "4": 716,
        "5": 5945,
        "6": 21049
    },
    "23984": {
        "0": 1,
        "1": 1,
        "2": 11,
        "3": 78,
        "4": 500,
        "5": 3111,
        "6": 11359
    },
    "23985": {
        "0": 1,
        "1": 12,
        "2": 90,
        "3": 661,
        "4": 4972,
        "5": 18777,
        "6": 50527
    },
    "23986": {
        "0": 1,
        "1": 1,
        "2": 12,
        "3": 97,
        "4": 755,
        "5": 5833,
        "6": 25902
    },
    "23987": {
        "0": 1,
        "1": 10,
        "2": 76,
        "3": 575,
        "4": 4351,
        "5": 13916,
        "6": 33804
    },
    "23988": {
        "0": 1,
        "1": 11,
        "2": 83,
        "3": 607,
        "4": 4488,
        "5": 16139,
        "6": 43780
    },
    "23989": {
        "0": 1,
        "1": 13,
        "2": 114,
        "3": 936,
        "4": 7482,
        "5": 31177,
        "6": 86796
    },
    "23990": {
        "0": 1,
        "1": 1,
        "2": 8,
        "3": 67,
        "4": 558,
        "5": 4547,
        "6": 8991
    },
    "23991": {
        "0": 1,
        "1": 10,
        "2": 76,
        "3": 578,
        "4": 4462,
        "5": 15521,
        "6": 39480
    },
    "23992": {
        "0": 1,
        "1": 10,
        "2": 85,
        "3": 710,
        "4": 5868,
        "5": 18060,
        "6": 39017
    },
    "23993": {
        "0": 1,
        "1": 9,
        "2": 61,
        "3": 419,
        "4": 2919,
        "5": 10061,
        "6": 25471
    },
    "23994": {
        "0": 1,
        "1": 1,
        "2": 11,
        "3": 88,
        "4": 674,
        "5": 5130,
        "6": 19920
    },
    "23995": {
        "0": 1,
        "1": 10,
        "2": 67,
        "3": 456,
        "4": 3178,
        "5": 11954,
        "6": 28875
    },
    "23996": {
        "0": 1,
        "1": 1,
        "2": 9,
        "3": 63,
        "4": 438,
        "5": 3008,
        "6": 10047
    },
    "23997": {
        "0": 1,
        "1": 1,
        "2": 11,
        "3": 83,
        "4": 603,
        "5": 4341,
        "6": 13906
    },
    "23998": {
        "0": 1,
        "1": 1,
        "2": 1,
        "3": 10,
        "4": 76,
        "5": 562,
        "6": 4092
    },
    "23999": {
        "0": 1,
        "1": 1,
        "2": 1,
        "3": 1,
        "4": 1,
        "5": 13,
        "6": 96
    }
}