{
    "6600": {
        "0": 1,
        "1": 1,
        "2": 10,
        "3": 79,
        "4": 589,
        "5": 4366,
        "6": 14757
    },
    "6601": {
        "0": 1,
        "1": 8,
        "2": 60,
        "3": 454,
        "4": 3465,
        "5": 7501,
        "6": 14826
    },
    "6602": {
        "0": 1,
        "1": 1,
        "2": 8,
        "3": 66,
        "4": 541,
        "5": 4407,
        "6": 5941
    },
    "6603": {
        "0": 1,
        "1": 9,
        "2": 68,
        "3": 506,
        "4": 3695,
        "5": 9534,
        "6": 14678
    },
    "6604": {
        "0": 1,
        "1": 1,
        "2": 10,
        "3": 85,
        "4": 719,
        "5": 6099,
        "6": 19109
    },
    "6605": {
        "0": 1,
        "1": 1,
        "2": 12,
        "3": 106,
        "4": 908,
        "5": 7780,
        "6": 34060
    },
    "6606": {
        "0": 1,
        "1": 1,
        "2": 10,
        "3": 55,
        "4": 301,
        "5": 1686,
        "6": 4628
    },
    "6607": {
        "0": 1,
        "1": 1,
        "2": 10,
        "3": 75,
        "4": 554,
        "5": 4126,
        "6": 11803
    },
    "6608": {
        "0": 1,
        "1": 1,
        "2": 9,
        "3": 61,
        "4": 429,
        "5": 3009,
        "6": 10698
    },
    "6609": {
        "0": 1,
        "1": 12,
        "2": 95,
        "3": 721,
        "4": 5362,
        "5": 22221,
        "6": 61636
    },
    "6610": {
        "0": 1,
        "1": 1,
        "2": 1,
        "3": 1,
        "4": 1,
        "5": 12,
        "6": 88
    },
    "6611": {
        "0": 1,
        "1": 1,
        "2": 10,
        "3": 82,
        "4": 683,
        "5": 5707,
        "6": 17675
    },
    "6612": {
        "0": 1,
        "1": 1,
        "2": 12,
        "3": 101,
        "4": 840,
        "5": 7029,
        "6": 26573
    },
    "6613": {
        "0": 1,
        "1": 10,
        "2": 78,
        "3": 587,
        "4": 4425,
        "5": 14382,
        "6": 34944
    },
    "6614": {
        "0": 1,
        "1": 1,
        "2": 8,
        "3": 65,
        "4": 518,
        "5": 4088,
        "6": 13024
    },
    "6615": {
        "0": 1,
        "1": 1,
        "2": 9,
        "3": 67,
        "4": 485,
        "5": 3540,
        "6": 8607
    },
    "6616": {
        "0": 1,
        "1": 9,
        "2": 76,
        "3": 645,
        "4": 5472,
        "5": 13921,
        "6": 27548
    },
    "6617": {
        "0": 1,
        "1": 12,
        "2": 106,
        "3": 895,
        "4": 7386,
        "5": 30271,
        "6": 77206
    },
    "6618": {
        "0": 1,
        "1": 9,
        "2": 70,
        "3": 527,
        "4": 3836,
        "5": 11956,
        "6": 30673
    },
    "6619": {
        "0": 1,
        "1": 9,
        "2": 70,
        "3": 543,
        "4": 4151,
        "5": 14101,
        "6": 32550
    },
    "6620": {
        "0": 1,
        "1": 1,
        "2": 1,
        "3": 13,
        "4": 105,
        "5": 776,
        "6": 5651
    },
    "6621": {
        "0": 1,
        "1": 1,
        "2": 1,
        "3": 11,
        "4": 95,
        "5": 801,
        "6": 6472
    },
    "6622": {
        "0": 1,
        "1": 10,
        "2": 83,
        "3": 700,
        "4": 5951,
        "5": 18134,
        "6": 37838
    },
    "6623": {
        "0": 1,
        "1": 1,
        "2": 1,
        "3": 1,
        "4": 1,
        "5": 1,
        "6": 12
    },
    "6624": {
        "0": 1,
        "1": 1,
        "2": 13,
        "3": 103,
        "4": 755,
        "5": 5530,
        "6": 23523
    },
    "6625": {
        "0": 1,
        "1": 1,
        "2": 1,
        "3": 10,
        "4": 86,
        "5": 736,
        "6": 6254
    },
    "6626": {
        "0": 1,
        "1": 10,
        "2": 77,
        "3": 593,
        "4": 4561,
        "5": 15670,
        "6": 36108
    },
    "6627": {
        "0": 1,
        "1": 10,
        "2": 75,
        "3": 544,
        "4": 3920,
        "5": 11050,
        "6": 22898
    },
    "6628": {
        "0": 1,
        "1": 9,
        "2": 76,
        "3": 640,
        "4": 5347,
        "5": 14322,
        "6": 30943
    },
    "6629": {
        "0": 1,
        "1": 1,
        "2": 10,
        "3": 76,
        "4": 563,
        "5": 4203,
        "6": 14089
    },
    "6630": {
        "0": 1,
        "1": 1,
        "2": 10,
        "3": 78,
        "4": 577,
        "5": 4336,
        "6": 13755
    },
    "6631": {
        "0": 1,
        "1": 1,
        "2": 9,
        "3": 73,
        "4": 574,
        "5": 4481,
        "6": 15574
    },
    "6632": {
        "0": 1,
        "1": 1,
        "2": 12,
        "3": 97,
        "4": 728,
        "5": 5387,
        "6": 22451
    },
    "6633": {
        "0": 1,
        "1": 9,
        "2": 58,
        "3": 369,
        "4": 2392,
        "5": 5342,
        "6": 12155
    },
    "6634": {
        "0": 1,
        "1": 10,
        "2": 82,
        "3": 653,
        "4": 5084,
        "5": 11462,
        "6": 22638
    },
    "6635": {
        "0": 1,
        "1": 11,
        "2": 85,
        "3": 632,
        "4": 4630,
        "5": 16446,
        "6": 41109
    },
    "6636": {
        "0": 1,
        "1": 1,
        "2": 1,
        "3": 1,
        "4": 11,
        "5": 83,
        "6": 605
    },
    "6637": {
        "0": 1,
        "1": 1,
        "2": 1,
        "3": 1,
        "4": 1,
        "5": 1,
        "6": 13
    },
    "6638": {
        "0": 1,
        "1": 1,
        "2": 10,
        "3": 83,
        "4": 666,
        "5": 5184,
        "6": 14132
    },
    "6639": {
        "0": 1,
        "1": 1,
        "2": 9,
        "3": 78,
        "4": 673,
        "5": 5681,
        "6": 17457
    },
    "6640": {
        "0": 1,
        "1": 9,
        "2": 66,
        "3": 493,
        "4": 3719,
        "5": 9214,
        "6": 15334
    },
    "6641": {
        "0": 1,
        "1": 1,
        "2": 1,
        "3": 9,
        "4": 62,
        "5": 430,
        "6": 2971
    },
    "6642": {
        "0": 1,
        "1": 1,
        "2": 11,
        "3": 87,
        "4": 643,
        "5": 4687,
        "6": 15279
    },
    "6643": {
        "0": 1,
        "1": 9,
        "2": 81,
        "3": 702,
        "4": 6031,
        "5": 18994,
        "6": 39446
    },
    "6644": {
        "0": 1,
        "1": 11,
        "2": 91,
        "3": 757,
        "4": 6258,
        "5": 21293,
        "6": 46332
    },
    "6645": {
        "0": 1,
        "1": 1,
        "2": 10,
        "3": 86,
        "4": 734,
        "5": 6116,
        "6": 20249
    },
    "6646": {
        "0": 1,
        "1": 1,
        "2": 11,
        "3": 83,
        "4": 623,
        "5": 4702,
        "6": 16391
    },
    "6647": {
        "0": 1,
        "1": 1,
        "2": 10,
        "3": 86,
        "4": 718,
        "5": 5954,
        "6": 18843
    },
    "6648": {
        "0": 1,
        "1": 10,
        "2": 76,
        "3": 561,
        "4": 4153,
        "5": 13434,
        "6": 33180
    },
    "6649": {
        "0": 1,
        "1": 1,
        "2": 1,
        "3": 13,
        "4": 107,
        "5": 812,
        "6": 6133
    },
    "6650": {
        "0": 1,
        "1": 1,
        "2": 12,
        "3": 86,
        "4": 563,
        "5": 3755,
        "6": 15083
    },
    "6651": {
        "0": 1,
        "1": 1,
        "2": 11,
        "3": 87,
        "4": 662,
        "5": 5026,
        "6": 19127
    },
    "6652": {
        "0": 1,
        "1": 1,
        "2": 9,
        "3": 77,
        "4": 648,
        "5": 5368,
        "6": 16232
    },
    "6653": {
        "0": 1,
        "1": 1,
        "2": 1,
        "3": 11,
        "4": 97,
        "5": 815,
        "6": 6670
    },
    "6654": {
        "0": 1,
        "1": 1,
        "2": 1,
        "3": 10,
        "4": 65,
        "5": 423,
        "6": 2765
    },
    "6655": {
        "0": 1,
        "1": 11,
        "2": 90,
        "3": 733,
        "4": 5955,
        "5": 18182,
        "6": 38628
    },
    "6656": {
        "0": 1,
        "1": 9,
        "2": 78,
        "3": 677,
        "4": 5817,
        "5": 19516,
        "6": 47578
    },
    "6657": {
        "0": 1,
        "1": 10,
        "2": 77,
        "3": 591,
        "4": 4537,
        "5": 15460,
        "6": 34886
    },
    "6658": {
        "0": 1,
        "1": 9,
        "2": 71,
        "3": 557,
        "4": 4264,
        "5": 14928,
        "6": 39351
    },
    "6659": {
        "0": 1,
        "1": 1,
        "2": 10,
        "3": 78,
        "4": 598,
        "5": 4614,
        "6": 16547
    },
    "6660": {
        "0": 1,
        "1": 1,
        "2": 1,
        "3": 11,
        "4": 84,
        "5": 638,
        "6": 4936
    },
    "6661": {
        "0": 1,
        "1": 1,
        "2": 1,
        "3": 14,
        "4": 119,
        "5": 966,
        "6": 7791
    },
    "6662": {
        "0": 1,
        "1": 1,
        "2": 9,
        "3": 68,
        "4": 511,
        "5": 3866,
        "6": 10483
    },
    "6663": {
        "0": 1,
        "1": 10,
        "2": 77,
        "3": 576,
        "4": 4251,
        "5": 13978,
        "6": 30650
    },
    "6664": {
        "0": 1,
        "1": 1,
        "2": 10,
        "3": 83,
        "4": 690,
        "5": 5650,
        "6": 16295
    },
    "6665": {
        "0": 1,
        "1": 1,
        "2": 1,
        "3": 10,
        "4": 83,
        "5": 686,
        "6": 5606
    },
    "6666": {
        "0": 1,
        "1": 1,
        "2": 10,
        "3": 82,
        "4": 633,
        "5": 4693,
        "6": 18321
    },
    "6667": {
        "0": 1,
        "1": 1,
        "2": 11,
        "3": 97,
        "4": 816,
        "5": 6772,
        "6": 25561
    },
    "6668": {
        "0": 1,
        "1": 1,
        "2": 12,
        "3": 102,
        "4": 866,
        "5": 7359,
        "6": 29855
    },
    "6669": {
        "0": 1,
        "1": 11,
        "2": 83,
        "3": 606,
        "4": 4428,
        "5": 13561,
        "6": 30885
    },
    "6670": {
        "0": 1,
        "1": 11,
        "2": 90,
        "3": 709,
        "4": 5555,
        "5": 24626,
        "6": 76403
    },
    "6671": {
        "0": 1,
        "1": 1,
        "2": 1,
        "3": 9,
        "4": 69,
        "5": 528,
        "6": 4062
    },
    "6672": {
        "0": 1,
        "1": 1,
        "2": 10,
        "3": 74,
        "4": 558,
        "5": 4246,
        "6": 13335
    },
    "6673": {
        "0": 1,
        "1": 10,
        "2": 74,
        "3": 542,
        "4": 3965,
        "5": 11831,
        "6": 23023
    },
    "6674": {
        "0": 1,
        "1": 11,
        "2": 92,
        "3": 770,
        "4": 6471,
        "5": 22073,
        "6": 51569
    },
    "6675": {
        "0": 1,
        "1": 9,
        "2": 79,
        "3": 684,
        "4": 5911,
        "5": 18464,
        "6": 43672
    },
    "6676": {
        "0": 1,
        "1": 1,
        "2": 12,
        "3": 89,
        "4": 619,
        "5": 4307,
        "6": 19616
    },
    "6677": {
        "0": 1,
        "1": 11,
        "2": 91,
        "3": 757,
        "4": 6301,
        "5": 22203,
        "6": 50856
    },
    "6678": {
        "0": 1,
        "1": 9,
        "2": 68,
        "3": 519,
        "4": 3953,
        "5": 11065,
        "6": 23293
    },
    "6679": {
        "0": 1,
        "1": 1,
        "2": 10,
        "3": 87,
        "4": 741,
        "5": 6235,
        "6": 21633
    },
    "6680": {
        "0": 1,
        "1": 13,
        "2": 109,
        "3": 900,
        "4": 7530,
        "5": 31135,
        "6": 83089
    },
    "6681": {
        "0": 1,
        "1": 11,
        "2": 95,
        "3": 799,
        "4": 6625,
        "5": 24282,
        "6": 62666
    },
    "6682": {
        "0": 1,
        "1": 10,
        "2": 80,
        "3": 631,
        "4": 4929,
        "5": 19169,
        "6": 47944
    },
    "6683": {
        "0": 1,
        "1": 1,
        "2": 10,
        "3": 73,
        "4": 520,
        "5": 3682,
        "6": 15636
    },
    "6684": {
        "0": 1,
        "1": 1,
        "2": 1,
        "3": 14,
        "4": 116,
        "5": 901,
        "6": 6942
    },
    "6685": {
        "0": 1,
        "1": 9,
        "2": 71,
        "3": 563,
        "4": 4446,
        "5": 16160,
        "6": 42448
    },
    "6686": {
        "0": 1,
        "1": 1,
        "2": 9,
        "3": 77,
        "4": 654,
        "5": 5560,
        "6": 14693
    },
    "6687": {
        "0": 1,
        "1": 1,
        "2": 9,
        "3": 69,
        "4": 518,
        "5": 3851,
        "6": 11425
    },
    "6688": {
        "0": 1,
        "1": 1,
        "2": 13,
        "3": 121,
        "4": 1027,
        "5": 8385,
        "6": 37781
    },
    "6689": {
        "0": 1,
        "1": 13,
        "2": 112,
        "3": 937,
        "4": 7813,
        "5": 32588,
        "6": 84231
    },
    "6690": {
        "0": 1,
        "1": 1,
        "2": 1,
        "3": 9,
        "4": 76,
        "5": 635,
        "6": 5279
    },
    "6691": {
        "0": 1,
        "1": 1,
        "2": 1,
        "3": 1,
        "4": 1,
        "5": 11,
        "6": 96
    },
    "6692": {
        "0": 1,
        "1": 1,
        "2": 1,
        "3": 11,
        "4": 86,
        "5": 645,
        "6": 4782
    },
    "6693": {
        "0": 1,
        "1": 11,
        "2": 75,
        "3": 489,
        "4": 3205,
        "5": 10760,
        "6": 27983
    },
    "6694": {
        "0": 1,
        "1": 11,
        "2": 96,
        "3": 812,
        "4": 6800,
        "5": 26453,
        "6": 69560
    },
    "6695": {
        "0": 1,
        "1": 10,
        "2": 86,
        "3": 725,
        "4": 6009,
        "5": 18977,
        "6": 39504
    },
    "6696": {
        "0": 1,
        "1": 1,
        "2": 1,
        "3": 1,
        "4": 10,
        "5": 78,
        "6": 592
    },
    "6697": {
        "0": 1,
        "1": 1,
        "2": 12,
        "3": 93,
        "4": 704,
        "5": 5406,
        "6": 22519
    },
    "6698": {
        "0": 1,
        "1": 1,
        "2": 11,
        "3": 95,
        "4": 807,
        "5": 6864,
        "6": 25997
    },
    "6699": {
        "0": 1,
        "1": 1,
        "2": 9,
        "3": 59,
        "4": 398,
        "5": 2693,
        "6": 8049
    }
}