{
    "0": {
        "0": 1,
        "1": 9,
        "2": 62,
        "3": 398,
        "4": 2514,
        "5": 6817,
        "6": 14349
    },
    "1": {
        "0": 1,
        "1": 8,
        "2": 70,
        "3": 602,
        "4": 5125,
        "5": 13207,
        "6": 27661
    },
    "2": {
        "0": 1,
        "1": 1,
        "2": 8,
        "3": 51,
        "4": 325,
        "5": 2059,
        "6": 5300
    },
    "3": {
        "0": 1,
        "1": 1,
        "2": 1,
        "3": 10,
        "4": 68,
        "5": 464,
        "6": 3161
    },
    "4": {
        "0": 1,
        "1": 1,
        "2": 1,
        "3": 11,
        "4": 92,
        "5": 770,
        "6": 6511
    },
    "5": {
        "0": 1,
        "1": 1,
        "2": 9,
        "3": 69,
        "4": 542,
        "5": 4306,
        "6": 15267
    },
    "6": {
        "0": 1,
        "1": 1,
        "2": 10,
        "3": 76,
        "4": 590,
        "5": 4623,
        "6": 16943
    },
    "7": {
        "0": 1,
        "1": 1,
        "2": 12,
        "3": 107,
        "4": 898,
        "5": 7349,
        "6": 31583
    },
    "8": {
        "0": 1,
        "1": 1,
        "2": 1,
        "3": 10,
        "4": 70,
        "5": 472,
        "6": 3183
    },
    "9": {
        "0": 1,
        "1": 9,
        "2": 78,
        "3": 683,
        "4": 5947,
        "5": 18856,
        "6": 38457
    },
    "10": {
        "0": 1,
        "1": 1,
        "2": 11,
        "3": 80,
        "4": 544,
        "5": 3662,
        "6": 15607
    },
    "11": {
        "0": 1,
        "1": 1,
        "2": 12,
        "3": 95,
        "4": 700,
        "5": 5144,
        "6": 20779
    },
    "12": {
        "0": 1,
        "1": 1,
        "2": 9,
        "3": 71,
        "4": 559,
        "5": 4432,
        "6": 16120
    },
    "13": {
        "0": 1,
        "1": 11,
        "2": 92,
        "3": 780,
        "4": 6555,
        "5": 24917,
        "6": 58750
    },
    "14": {
        "0": 1,
        "1": 1,
        "2": 8,
        "3": 60,
        "4": 441,
        "5": 3241,
        "6": 6470
    },
    "15": {
        "0": 1,
        "1": 1,
        "2": 11,
        "3": 93,
        "4": 766,
        "5": 6303,
        "6": 21874
    },
    "16": {
        "0": 1,
        "1": 1,
        "2": 12,
        "3": 106,
        "4": 910,
        "5": 7746,
        "6": 32947
    },
    "17": {
        "0": 1,
        "1": 1,
        "2": 1,
        "3": 1,
        "4": 1,
        "5": 9,
        "6": 76
    },
    "18": {
        "0": 1,
        "1": 1,
        "2": 8,
        "3": 67,
        "4": 538,
        "5": 4171,
        "6": 6409
    },
    "19": {
        "0": 1,
        "1": 10,
        "2": 69,
        "3": 462,
        "4": 3105,
        "5": 10597,
        "6": 25276
    },
    "20": {
        "0": 1,
        "1": 1,
        "2": 1,
        "3": 1,
        "4": 9,
        "5": 66,
        "6": 494
    },
    "21": {
        "0": 1,
        "1": 9,
        "2": 75,
        "3": 627,
        "4": 5136,
        "5": 13731,
        "6": 25344
    },
    "22": {
        "0": 1,
        "1": 12,
        "2": 105,
        "3": 898,
        "4": 7563,
        "5": 32980,
        "6": 89500
    },
    "23": {
        "0": 1,
        "1": 8,
        "2": 59,
        "3": 450,
        "4": 3484,
        "5": 8030,
        "6": 17552
    },
    "24": {
        "0": 1,
        "1": 1,
        "2": 10,
        "3": 84,
        "4": 705,
        "5": 5873,
        "6": 18646
    },
    "25": {
        "0": 1,
        "1": 8,
        "2": 63,
        "3": 490,
        "4": 3794,
        "5": 10246,
        "6": 24733
    },
    "26": {
        "0": 1,
        "1": 1,
        "2": 15,
        "3": 122,
        "4": 850,
        "5": 5778,
        "6": 28773
    },
    "27": {
        "0": 1,
        "1": 12,
        "2": 105,
        "3": 901,
        "4": 7740,
        "5": 33911,
        "6": 99907
    },
    "28": {
        "0": 1,
        "1": 8,
        "2": 63,
        "3": 490,
        "4": 3731,
        "5": 10672,
        "6": 21283
    },
    "29": {
        "0": 1,
        "1": 10,
        "2": 79,
        "3": 595,
        "4": 4336,
        "5": 15417,
        "6": 37549
    },
    "30": {
        "0": 1,
        "1": 1,
        "2": 1,
        "3": 11,
        "4": 86,
        "5": 634,
        "6": 4642
    },
    "31": {
        "0": 1,
        "1": 1,
        "2": 12,
        "3": 87,
        "4": 553,
        "5": 3419,
        "6": 13457
    },
    "32": {
        "0": 1,
        "1": 10,
        "2": 68,
        "3": 469,
        "4": 3245,
        "5": 12228,
        "6": 28106
    },
    "33": {
        "0": 1,
        "1": 1,
        "2": 1,
        "3": 9,
        "4": 68,
        "5": 505,
        "6": 3718
    },
    "34": {
        "0": 1,
        "1": 1,
        "2": 1,
        "3": 12,
        "4": 104,
        "5": 887,
        "6": 7459
    },
    "35": {
        "0": 1,
        "1": 10,
        "2": 66,
        "3": 450,
        "4": 3149,
        "5": 12021,
        "6": 32715
    },
    "36": {
        "0": 1,
        "1": 12,
        "2": 99,
        "3": 778,
        "4": 6037,
        "5": 27388,
        "6": 82348
    },
    "37": {
        "0": 1,
        "1": 1,
        "2": 11,
        "3": 97,
        "4": 854,
        "5": 7475,
        "6": 32525
    },
    "38": {
        "0": 1,
        "1": 1,
        "2": 1,
        "3": 11,
        "4": 85,
        "5": 639,
        "6": 4836
    },
    "39": {
        "0": 1,
        "1": 10,
        "2": 82,
        "3": 680,
        "4": 5608,
        "5": 16083,
        "6": 31869
    },
    "40": {
        "0": 1,
        "1": 10,
        "2": 85,
        "3": 700,
        "4": 5603,
        "5": 18580,
        "6": 46614
    },
    "41": {
        "0": 1,
        "1": 13,
        "2": 107,
        "3": 789,
        "4": 5734,
        "5": 24190,
        "6": 75422
    },
    "42": {
        "0": 1,
        "1": 1,
        "2": 10,
        "3": 84,
        "4": 722,
        "5": 6198,
        "6": 20556
    },
    "43": {
        "0": 1,
        "1": 1,
        "2": 9,
        "3": 70,
        "4": 540,
        "5": 4183,
        "6": 13465
    },
    "44": {
        "0": 1,
        "1": 1,
        "2": 12,
        "3": 96,
        "4": 713,
        "5": 5220,
        "6": 20854
    },
    "45": {
        "0": 1,
        "1": 1,
        "2": 9,
        "3": 69,
        "4": 537,
        "5": 4094,
        "6": 13260
    },
    "46": {
        "0": 1,
        "1": 8,
        "2": 59,
        "3": 437,
        "4": 3238,
        "5": 6540,
        "6": 13840
    },
    "47": {
        "0": 1,
        "1": 1,
        "2": 10,
        "3": 79,
        "4": 603,
        "5": 4536,
        "6": 15091
    },
    "48": {
        "0": 1,
        "1": 1,
        "2": 11,
        "3": 86,
        "4": 659,
        "5": 5038,
        "6": 19142
    },
    "49": {
        "0": 1,
        "1": 1,
        "2": 14,
        "3": 126,
        "4": 1054,
        "5": 8626,
        "6": 39931
    },
    "50": {
        "0": 1,
        "1": 11,
        "2": 69,
        "3": 404,
        "4": 2392,
        "5": 9457,
        "6": 29053
    },
    "51": {
        "0": 1,
        "1": 8,
        "2": 71,
        "3": 632,
        "4": 5618,
        "5": 17218,
        "6": 41947
    },
    "52": {
        "0": 1,
        "1": 12,
        "2": 93,
        "3": 676,
        "4": 4848,
        "5": 17453,
        "6": 41650
    },
    "53": {
        "0": 1,
        "1": 1,
        "2": 1,
        "3": 8,
        "4": 62,
        "5": 475,
        "6": 3595
    },
    "54": {
        "0": 1,
        "1": 11,
        "2": 97,
        "3": 838,
        "4": 6997,
        "5": 29165,
        "6": 78842
    },
    "55": {
        "0": 1,
        "1": 1,
        "2": 11,
        "3": 87,
        "4": 645,
        "5": 4735,
        "6": 17426
    },
    "56": {
        "0": 1,
        "1": 11,
        "2": 87,
        "3": 657,
        "4": 4981,
        "5": 18917,
        "6": 52541
    },
    "57": {
        "0": 1,
        "1": 10,
        "2": 74,
        "3": 543,
        "4": 4021,
        "5": 10867,
        "6": 22219
    },
    "58": {
        "0": 1,
        "1": 1,
        "2": 1,
        "3": 1,
        "4": 1,
        "5": 10,
        "6": 66
    },
    "59": {
        "0": 1,
        "1": 1,
        "2": 11,
        "3": 81,
        "4": 573,
        "5": 4065,
        "6": 18448
    },
    "60": {
        "0": 1,
        "1": 1,
        "2": 1,
        "3": 10,
        "4": 77,
        "5": 581,
        "6": 4320
    },
    "61": {
        "0": 1,
        "1": 10,
        "2": 85,
        "3": 720,
        "4": 5983,
        "5": 19173,
        "6": 46381
    },
    "62": {
        "0": 1,
        "1": 11,
        "2": 83,
        "3": 601,
        "4": 4396,
        "5": 15164,
        "6": 38817
    },
    "63": {
        "0": 1,
        "1": 10,
        "2": 85,
        "3": 720,
        "4": 6029,
        "5": 19701,
        "6": 42919
    },
    "64": {
        "0": 1,
        "1": 1,
        "2": 10,
        "3": 61,
        "4": 367,
        "5": 2227,
        "6": 8715
    },
    "65": {
        "0": 1,
        "1": 9,
        "2": 68,
        "3": 510,
        "4": 3727,
        "5": 11051,
        "6": 25072
    },
    "66": {
        "0": 1,
        "1": 10,
        "2": 69,
        "3": 472,
        "4": 3260,
        "5": 12289,
        "6": 32410
    },
    "67": {
        "0": 1,
        "1": 1,
        "2": 1,
        "3": 1,
        "4": 10,
        "5": 78,
        "6": 585
    },
    "68": {
        "0": 1,
        "1": 1,
        "2": 10,
        "3": 86,
        "4": 727,
        "5": 6100,
        "6": 20602
    },
    "69": {
        "0": 1,
        "1": 11,
        "2": 91,
        "3": 767,
        "4": 6446,
        "5": 23540,
        "6": 52803
    },
    "70": {
        "0": 1,
        "1": 12,
        "2": 100,
        "3": 792,
        "4": 6255,
        "5": 30442,
        "6": 92608
    },
    "71": {
        "0": 1,
        "1": 1,
        "2": 11,
        "3": 88,
        "4": 692,
        "5": 5434,
        "6": 23500
    },
    "72": {
        "0": 1,
        "1": 1,
        "2": 9,
        "3": 72,
        "4": 580,
        "5": 4622,
        "6": 8981
    },
    "73": {
        "0": 1,
        "1": 1,
        "2": 11,
        "3": 87,
        "4": 664,
        "5": 5061,
        "6": 19508
    },
    "74": {
        "0": 1,
        "1": 1,
        "2": 10,
        "3": 76,
        "4": 572,
        "5": 4274,
        "6": 14541
    },
    "75": {
        "0": 1,
        "1": 9,
        "2": 77,
        "3": 654,
        "4": 5507,
        "5": 15961,
        "6": 31414
    },
    "76": {
        "0": 1,
        "1": 10,
        "2": 86,
        "3": 742,
        "4": 6276,
        "5": 22081,
        "6": 51039
    },
    "77": {
        "0": 1,
        "1": 1,
        "2": 1,
        "3": 1,
        "4": 9,
        "5": 67,
        "6": 495
    },
    "78": {
        "0": 1,
        "1": 1,
        "2": 1,
        "3": 9,
        "4": 60,
        "5": 404,
        "6": 2729
    },
    "79": {
        "0": 1,
        "1": 1,
        "2": 1,
        "3": 10,
        "4": 88,
        "5": 755,
        "6": 6449
    },
    "80": {
        "0": 1,
        "1": 1,
        "2": 11,
        "3": 93,
        "4": 780,
        "5": 6461,
        "6": 22818
    },
    "81": {
        "0": 1,
        "1": 12,
        "2": 94,
        "3": 710,
        "4": 5380,
        "5": 21682,
        "6": 57818
    },
    "82": {
        "0": 1,
        "1": 11,
        "2": 85,
        "3": 630,
        "4": 4647,
        "5": 17058,
        "6": 44082
    },
    "83": {
        "0": 1,
        "1": 8,
        "2": 60,
        "3": 457,
        "4": 3473,
        "5": 9155,
        "6": 19723
    },
    "84": {
        "0": 1,
        "1": 9,
        "2": 79,
        "3": 687,
        "4": 5887,
        "5": 19852,
        "6": 46343
    },
    "85": {
        "0": 1,
        "1": 11,
        "2": 98,
        "3": 860,
        "4": 7424,
        "5": 31229,
        "6": 79926
    },
    "86": {
        "0": 1,
        "1": 8,
        "2": 66,
        "3": 538,
        "4": 4352,
        "5": 7338,
        "6": 9848
    },
    "87": {
        "0": 1,
        "1": 10,
        "2": 59,
        "3": 347,
        "4": 2078,
        "5": 7559,
        "6": 20835
    },
    "88": {
        "0": 1,
        "1": 1,
        "2": 12,
        "3": 106,
        "4": 894,
        "5": 7214,
        "6": 29466
    },
    "89": {
        "0": 1,
        "1": 1,
        "2": 9,
        "3": 74,
        "4": 608,
        "5": 5023,
        "6": 11416
    },
    "90": {
        "0": 1,
        "1": 11,
        "2": 94,
        "3": 790,
        "4": 6517,
        "5": 22626,
        "6": 54775
    },
    "91": {
        "0": 1,
        "1": 1,
        "2": 11,
        "3": 94,
        "4": 804,
        "5": 6784,
        "6": 26534
    },
    "92": {
        "0": 1,
        "1": 11,
        "2": 93,
        "3": 795,
        "4": 6818,
        "5": 25751,
        "6": 62857
    },
    "93": {
        "0": 1,
        "1": 11,
        "2": 85,
        "3": 611,
        "4": 4325,
        "5": 13119,
        "6": 30327
    },
    "94": {
        "0": 1,
        "1": 13,
        "2": 104,
        "3": 753,
        "4": 5418,
        "5": 22050,
        "6": 62723
    },
    "95": {
        "0": 1,
        "1": 1,
        "2": 10,
        "3": 85,
        "4": 726,
        "5": 6179,
        "6": 19842
    },
    "96": {
        "0": 1,
        "1": 8,
        "2": 71,
        "3": 611,
        "4": 5176,
        "5": 13294,
        "6": 25632
    },
    "97": {
        "0": 1,
        "1": 11,
        "2": 94,
        "3": 787,
        "4": 6427,
        "5": 23908,
        "6": 59930
    },
    "98": {
        "0": 1,
        "1": 15,
        "2": 138,
        "3": 1160,
        "4": 9649,
        "5": 47813,
        "6": 149077
    },
    "99": {
        "0": 1,
        "1": 11,
        "2": 95,
        "3": 826,
        "4": 7201,
        "5": 30294,
        "6": 81478
    }
}