{
    "9100": {
        "0": 1,
        "1": 1,
        "2": 12,
        "3": 106,
        "4": 920,
        "5": 7951,
        "6": 36020
    },
    "9101": {
        "0": 1,
        "1": 1,
        "2": 9,
        "3": 69,
        "4": 512,
        "5": 3757,
        "6": 10023
    },
    "9102": {
        "0": 1,
        "1": 10,
        "2": 86,
        "3": 729,
        "4": 6121,
        "5": 18865,
        "6": 38361
    },
    "9103": {
        "0": 1,
        "1": 1,
        "2": 1,
        "3": 9,
        "4": 53,
        "5": 296,
        "6": 1678
    },
    "9104": {
        "0": 1,
        "1": 1,
        "2": 11,
        "3": 85,
        "4": 642,
        "5": 4835,
        "6": 17338
    },
    "9105": {
        "0": 1,
        "1": 1,
        "2": 1,
        "3": 10,
        "4": 88,
        "5": 768,
        "6": 6563
    },
    "9106": {
        "0": 1,
        "1": 1,
        "2": 11,
        "3": 98,
        "4": 845,
        "5": 7243,
        "6": 29498
    },
    "9107": {
        "0": 1,
        "1": 1,
        "2": 11,
        "3": 75,
        "4": 494,
        "5": 3348,
        "6": 12823
    },
    "9108": {
        "0": 1,
        "1": 1,
        "2": 14,
        "3": 118,
        "4": 891,
        "5": 6736,
        "6": 32230
    },
    "9109": {
        "0": 1,
        "1": 1,
        "2": 1,
        "3": 15,
        "4": 130,
        "5": 970,
        "6": 7014
    },
    "9110": {
        "0": 1,
        "1": 11,
        "2": 84,
        "3": 622,
        "4": 4685,
        "5": 16499,
        "6": 42926
    },
    "9111": {
        "0": 1,
        "1": 11,
        "2": 73,
        "3": 474,
        "4": 3098,
        "5": 11291,
        "6": 23981
    },
    "9112": {
        "0": 1,
        "1": 1,
        "2": 1,
        "3": 10,
        "4": 63,
        "5": 407,
        "6": 2725
    },
    "9113": {
        "0": 1,
        "1": 1,
        "2": 1,
        "3": 1,
        "4": 1,
        "5": 12,
        "6": 99
    },
    "9114": {
        "0": 1,
        "1": 1,
        "2": 1,
        "3": 1,
        "4": 1,
        "5": 11,
        "6": 94
    },
    "9115": {
        "0": 1,
        "1": 10,
        "2": 83,
        "3": 688,
        "4": 5699,
        "5": 16761,
        "6": 31861
    },
    "9116": {
        "0": 1,
        "1": 8,
        "2": 66,
        "3": 541,
        "4": 4398,
        "5": 7795,
        "6": 9439
    },
    "9117": {
        "0": 1,
        "1": 1,
        "2": 10,
        "3": 84,
        "4": 684,
        "5": 5389,
        "6": 16172
    },
    "9118": {
        "0": 1,
        "1": 1,
        "2": 1,
        "3": 10,
        "4": 86,
        "5": 747,
        "6": 6378
    },
    "9119": {
        "0": 1,
        "1": 9,
        "2": 64,
        "3": 458,
        "4": 3224,
        "5": 13452,
        "6": 36292
    },
    "9120": {
        "0": 1,
        "1": 10,
        "2": 86,
        "3": 718,
        "4": 5899,
        "5": 20023,
        "6": 47032
    },
    "9121": {
        "0": 1,
        "1": 10,
        "2": 80,
        "3": 664,
        "4": 5528,
        "5": 13819,
        "6": 23588
    },
    "9122": {
        "0": 1,
        "1": 10,
        "2": 84,
        "3": 732,
        "4": 6389,
        "5": 22790,
        "6": 50040
    },
    "9123": {
        "0": 1,
        "1": 1,
        "2": 8,
        "3": 68,
        "4": 563,
        "5": 4573,
        "6": 8424
    },
    "9124": {
        "0": 1,
        "1": 1,
        "2": 1,
        "3": 9,
        "4": 61,
        "5": 425,
        "6": 2995
    },
    "9125": {
        "0": 1,
        "1": 10,
        "2": 77,
        "3": 595,
        "4": 4581,
        "5": 16145,
        "6": 38528
    },
    "9126": {
        "0": 1,
        "1": 1,
        "2": 12,
        "3": 105,
        "4": 902,
        "5": 7643,
        "6": 34030
    },
    "9127": {
        "0": 1,
        "1": 1,
        "2": 9,
        "3": 68,
        "4": 516,
        "5": 3897,
        "6": 12088
    },
    "9128": {
        "0": 1,
        "1": 1,
        "2": 1,
        "3": 10,
        "4": 80,
        "5": 632,
        "6": 4980
    },
    "9129": {
        "0": 1,
        "1": 1,
        "2": 10,
        "3": 84,
        "4": 707,
        "5": 5877,
        "6": 18354
    },
    "9130": {
        "0": 1,
        "1": 1,
        "2": 10,
        "3": 84,
        "4": 696,
        "5": 5729,
        "6": 16957
    },
    "9131": {
        "0": 1,
        "1": 1,
        "2": 12,
        "3": 96,
        "4": 694,
        "5": 4849,
        "6": 18114
    },
    "9132": {
        "0": 1,
        "1": 9,
        "2": 69,
        "3": 545,
        "4": 4272,
        "5": 14427,
        "6": 30845
    },
    "9133": {
        "0": 1,
        "1": 1,
        "2": 10,
        "3": 76,
        "4": 566,
        "5": 4237,
        "6": 14623
    },
    "9134": {
        "0": 1,
        "1": 11,
        "2": 86,
        "3": 658,
        "4": 5062,
        "5": 21519,
        "6": 58748
    },
    "9135": {
        "0": 1,
        "1": 1,
        "2": 9,
        "3": 78,
        "4": 663,
        "5": 5574,
        "6": 18606
    },
    "9136": {
        "0": 1,
        "1": 1,
        "2": 9,
        "3": 77,
        "4": 654,
        "5": 5543,
        "6": 16659
    },
    "9137": {
        "0": 1,
        "1": 13,
        "2": 116,
        "3": 999,
        "4": 8597,
        "5": 41316,
        "6": 121790
    },
    "9138": {
        "0": 1,
        "1": 1,
        "2": 1,
        "3": 11,
        "4": 85,
        "5": 633,
        "6": 4736
    },
    "9139": {
        "0": 1,
        "1": 12,
        "2": 95,
        "3": 655,
        "4": 4301,
        "5": 18683,
        "6": 58798
    },
    "9140": {
        "0": 1,
        "1": 1,
        "2": 1,
        "3": 9,
        "4": 76,
        "5": 637,
        "6": 5225
    },
    "9141": {
        "0": 1,
        "1": 1,
        "2": 10,
        "3": 61,
        "4": 343,
        "5": 1958,
        "6": 7105
    },
    "9142": {
        "0": 1,
        "1": 1,
        "2": 12,
        "3": 99,
        "4": 758,
        "5": 5756,
        "6": 24442
    },
    "9143": {
        "0": 1,
        "1": 1,
        "2": 11,
        "3": 96,
        "4": 824,
        "5": 6944,
        "6": 27622
    },
    "9144": {
        "0": 1,
        "1": 10,
        "2": 89,
        "3": 781,
        "4": 6826,
        "5": 26746,
        "6": 74236
    },
    "9145": {
        "0": 1,
        "1": 10,
        "2": 82,
        "3": 684,
        "4": 5779,
        "5": 16549,
        "6": 35613
    },
    "9146": {
        "0": 1,
        "1": 12,
        "2": 92,
        "3": 683,
        "4": 5098,
        "5": 20885,
        "6": 57604
    },
    "9147": {
        "0": 1,
        "1": 12,
        "2": 101,
        "3": 834,
        "4": 6854,
        "5": 25602,
        "6": 59654
    },
    "9148": {
        "0": 1,
        "1": 12,
        "2": 99,
        "3": 792,
        "4": 6234,
        "5": 29544,
        "6": 84480
    },
    "9149": {
        "0": 1,
        "1": 10,
        "2": 78,
        "3": 587,
        "4": 4382,
        "5": 15225,
        "6": 34927
    },
    "9150": {
        "0": 1,
        "1": 9,
        "2": 69,
        "3": 535,
        "4": 4131,
        "5": 12805,
        "6": 28327
    },
    "9151": {
        "0": 1,
        "1": 10,
        "2": 84,
        "3": 722,
        "4": 6132,
        "5": 21515,
        "6": 54630
    },
    "9152": {
        "0": 1,
        "1": 1,
        "2": 12,
        "3": 86,
        "4": 566,
        "5": 3741,
        "6": 14465
    },
    "9153": {
        "0": 1,
        "1": 1,
        "2": 1,
        "3": 1,
        "4": 9,
        "5": 68,
        "6": 524
    },
    "9154": {
        "0": 1,
        "1": 1,
        "2": 9,
        "3": 70,
        "4": 539,
        "5": 4008,
        "6": 13148
    },
    "9155": {
        "0": 1,
        "1": 11,
        "2": 85,
        "3": 642,
        "4": 4862,
        "5": 17923,
        "6": 48700
    },
    "9156": {
        "0": 1,
        "1": 1,
        "2": 11,
        "3": 92,
        "4": 780,
        "5": 6541,
        "6": 23984
    },
    "9157": {
        "0": 1,
        "1": 9,
        "2": 74,
        "3": 617,
        "4": 5112,
        "5": 11996,
        "6": 19904
    },
    "9158": {
        "0": 1,
        "1": 1,
        "2": 10,
        "3": 85,
        "4": 698,
        "5": 5731,
        "6": 16764
    },
    "9159": {
        "0": 1,
        "1": 1,
        "2": 10,
        "3": 86,
        "4": 737,
        "5": 6213,
        "6": 21908
    },
    "9160": {
        "0": 1,
        "1": 1,
        "2": 9,
        "3": 75,
        "4": 591,
        "5": 4538,
        "6": 16926
    },
    "9161": {
        "0": 1,
        "1": 8,
        "2": 63,
        "3": 487,
        "4": 3717,
        "5": 9166,
        "6": 19655
    },
    "9162": {
        "0": 1,
        "1": 1,
        "2": 1,
        "3": 12,
        "4": 96,
        "5": 734,
        "6": 5585
    },
    "9163": {
        "0": 1,
        "1": 1,
        "2": 1,
        "3": 10,
        "4": 83,
        "5": 697,
        "6": 5807
    },
    "9164": {
        "0": 1,
        "1": 1,
        "2": 1,
        "3": 10,
        "4": 85,
        "5": 704,
        "6": 5756
    },
    "9165": {
        "0": 1,
        "1": 1,
        "2": 11,
        "3": 96,
        "4": 824,
        "5": 7119,
        "6": 28916
    },
    "9166": {
        "0": 1,
        "1": 11,
        "2": 83,
        "3": 601,
        "4": 4354,
        "5": 12687,
        "6": 27921
    },
    "9167": {
        "0": 1,
        "1": 9,
        "2": 75,
        "3": 629,
        "4": 5273,
        "5": 14156,
        "6": 27302
    },
    "9168": {
        "0": 1,
        "1": 1,
        "2": 12,
        "3": 106,
        "4": 919,
        "5": 7862,
        "6": 34111
    },
    "9169": {
        "0": 1,
        "1": 1,
        "2": 12,
        "3": 106,
        "4": 902,
        "5": 7601,
        "6": 31507
    },
    "9170": {
        "0": 1,
        "1": 1,
        "2": 1,
        "3": 1,
        "4": 1,
        "5": 11,
        "6": 86
    },
    "9171": {
        "0": 1,
        "1": 9,
        "2": 75,
        "3": 639,
        "4": 5476,
        "5": 14469,
        "6": 31547
    },
    "9172": {
        "0": 1,
        "1": 13,
        "2": 109,
        "3": 903,
        "4": 7570,
        "5": 31220,
        "6": 83914
    },
    "9173": {
        "0": 1,
        "1": 11,
        "2": 90,
        "3": 724,
        "4": 5810,
        "5": 16681,
        "6": 35360
    },
    "9174": {
        "0": 1,
        "1": 1,
        "2": 1,
        "3": 1,
        "4": 12,
        "5": 105,
        "6": 901
    },
    "9175": {
        "0": 1,
        "1": 1,
        "2": 1,
        "3": 1,
        "4": 10,
        "5": 83,
        "6": 695
    },
    "9176": {
        "0": 1,
        "1": 11,
        "2": 83,
        "3": 615,
        "4": 4617,
        "5": 15938,
        "6": 36022
    },
    "9177": {
        "0": 1,
        "1": 1,
        "2": 11,
        "3": 79,
        "4": 543,
        "5": 3702,
        "6": 15032
    },
    "9178": {
        "0": 1,
        "1": 10,
        "2": 78,
        "3": 592,
        "4": 4445,
        "5": 16228,
        "6": 42850
    },
    "9179": {
        "0": 1,
        "1": 1,
        "2": 11,
        "3": 92,
        "4": 751,
        "5": 6055,
        "6": 20851
    },
    "9180": {
        "0": 1,
        "1": 13,
        "2": 110,
        "3": 934,
        "4": 7993,
        "5": 35678,
        "6": 101993
    },
    "9181": {
        "0": 1,
        "1": 9,
        "2": 62,
        "3": 446,
        "4": 3255,
        "5": 13299,
        "6": 38716
    },
    "9182": {
        "0": 1,
        "1": 10,
        "2": 71,
        "3": 506,
        "4": 3709,
        "5": 8302,
        "6": 16713
    },
    "9183": {
        "0": 1,
        "1": 12,
        "2": 101,
        "3": 795,
        "4": 6175,
        "5": 28572,
        "6": 86818
    },
    "9184": {
        "0": 1,
        "1": 1,
        "2": 11,
        "3": 81,
        "4": 561,
        "5": 3929,
        "6": 17491
    },
    "9185": {
        "0": 1,
        "1": 1,
        "2": 1,
        "3": 10,
        "4": 83,
        "5": 687,
        "6": 5712
    },
    "9186": {
        "0": 1,
        "1": 11,
        "2": 86,
        "3": 671,
        "4": 5200,
        "5": 21059,
        "6": 55674
    },
    "9187": {
        "0": 1,
        "1": 1,
        "2": 1,
        "3": 9,
        "4": 62,
        "5": 430,
        "6": 2914
    },
    "9188": {
        "0": 1,
        "1": 1,
        "2": 1,
        "3": 10,
        "4": 66,
        "5": 442,
        "6": 2989
    },
    "9189": {
        "0": 1,
        "1": 10,
        "2": 79,
        "3": 599,
        "4": 4486,
        "5": 16111,
        "6": 41596
    },
    "9190": {
        "0": 1,
        "1": 9,
        "2": 76,
        "3": 642,
        "4": 5375,
        "5": 14552,
        "6": 35806
    },
    "9191": {
        "0": 1,
        "1": 9,
        "2": 75,
        "3": 625,
        "4": 5102,
        "5": 12444,
        "6": 23331
    },
    "9192": {
        "0": 1,
        "1": 1,
        "2": 10,
        "3": 84,
        "4": 715,
        "5": 5995,
        "6": 19689
    },
    "9193": {
        "0": 1,
        "1": 12,
        "2": 100,
        "3": 839,
        "4": 7041,
        "5": 26357,
        "6": 61240
    },
    "9194": {
        "0": 1,
        "1": 1,
        "2": 1,
        "3": 12,
        "4": 95,
        "5": 683,
        "6": 4894
    },
    "9195": {
        "0": 1,
        "1": 1,
        "2": 1,
        "3": 1,
        "4": 9,
        "5": 70,
        "6": 557
    },
    "9196": {
        "0": 1,
        "1": 12,
        "2": 99,
        "3": 811,
        "4": 6722,
        "5": 23676,
        "6": 53696
    },
    "9197": {
        "0": 1,
        "1": 12,
        "2": 95,
        "3": 695,
        "4": 5025,
        "5": 17312,
        "6": 38133
    },
    "9198": {
        "0": 1,
        "1": 9,
        "2": 64,
        "3": 451,
        "4": 3154,
        "5": 11511,
        "6": 31093
    },
    "9199": {
        "0": 1,
        "1": 1,
        "2": 1,
        "3": 12,
        "4": 97,
        "5": 721,
        "6": 5213
    }
}