{
    "2800": {
        "0": 1,
        "1": 1,
        "2": 10,
        "3": 70,
        "4": 474,
        "5": 3173,
        "6": 12011
    },
    "2801": {
        "0": 1,
        "1": 10,
        "2": 77,
        "3": 600,
        "4": 4659,
        "5": 16794,
        "6": 41883
    },
    "2802": {
        "0": 1,
        "1": 10,
        "2": 80,
        "3": 676,
        "4": 5796,
        "5": 17488,
        "6": 29441
    },
    "2803": {
        "0": 1,
        "1": 1,
        "2": 9,
        "3": 67,
        "4": 508,
        "5": 3873,
        "6": 10577
    },
    "2804": {
        "0": 1,
        "1": 9,
        "2": 77,
        "3": 639,
        "4": 5195,
        "5": 13973,
        "6": 24927
    },
    "2805": {
        "0": 1,
        "1": 10,
        "2": 86,
        "3": 727,
        "4": 5998,
        "5": 20866,
        "6": 48988
    },
    "2806": {
        "0": 1,
        "1": 10,
        "2": 84,
        "3": 706,
        "4": 5858,
        "5": 17913,
        "6": 32616
    },
    "2807": {
        "0": 1,
        "1": 1,
        "2": 12,
        "3": 102,
        "4": 861,
        "5": 7272,
        "6": 31223
    },
    "2808": {
        "0": 1,
        "1": 10,
        "2": 81,
        "3": 676,
        "4": 5673,
        "5": 17549,
        "6": 40740
    },
    "2809": {
        "0": 1,
        "1": 10,
        "2": 84,
        "3": 693,
        "4": 5582,
        "5": 18787,
        "6": 41636
    },
    "2810": {
        "0": 1,
        "1": 1,
        "2": 10,
        "3": 88,
        "4": 747,
        "5": 6296,
        "6": 22623
    },
    "2811": {
        "0": 1,
        "1": 1,
        "2": 11,
        "3": 84,
        "4": 639,
        "5": 4894,
        "6": 18257
    },
    "2812": {
        "0": 1,
        "1": 10,
        "2": 84,
        "3": 676,
        "4": 5331,
        "5": 22597,
        "6": 63516
    },
    "2813": {
        "0": 1,
        "1": 8,
        "2": 61,
        "3": 476,
        "4": 3792,
        "5": 11222,
        "6": 27660
    },
    "2814": {
        "0": 1,
        "1": 11,
        "2": 88,
        "3": 650,
        "4": 4653,
        "5": 17313,
        "6": 48708
    },
    "2815": {
        "0": 1,
        "1": 13,
        "2": 106,
        "3": 809,
        "4": 6216,
        "5": 29125,
        "6": 84089
    },
    "2816": {
        "0": 1,
        "1": 1,
        "2": 1,
        "3": 10,
        "4": 83,
        "5": 688,
        "6": 5717
    },
    "2817": {
        "0": 1,
        "1": 1,
        "2": 1,
        "3": 1,
        "4": 10,
        "5": 76,
        "6": 572
    },
    "2818": {
        "0": 1,
        "1": 8,
        "2": 62,
        "3": 472,
        "4": 3598,
        "5": 8302,
        "6": 16661
    },
    "2819": {
        "0": 1,
        "1": 1,
        "2": 12,
        "3": 90,
        "4": 608,
        "5": 4084,
        "6": 18215
    },
    "2820": {
        "0": 1,
        "1": 9,
        "2": 83,
        "3": 742,
        "4": 6595,
        "5": 25525,
        "6": 64520
    },
    "2821": {
        "0": 1,
        "1": 10,
        "2": 81,
        "3": 674,
        "4": 5576,
        "5": 15712,
        "6": 30957
    },
    "2822": {
        "0": 1,
        "1": 13,
        "2": 113,
        "3": 946,
        "4": 7942,
        "5": 34436,
        "6": 100475
    },
    "2823": {
        "0": 1,
        "1": 11,
        "2": 89,
        "3": 745,
        "4": 6252,
        "5": 19992,
        "6": 42296
    },
    "2824": {
        "0": 1,
        "1": 1,
        "2": 11,
        "3": 92,
        "4": 764,
        "5": 6234,
        "6": 22054
    },
    "2825": {
        "0": 1,
        "1": 1,
        "2": 9,
        "3": 79,
        "4": 684,
        "5": 5740,
        "6": 19539
    },
    "2826": {
        "0": 1,
        "1": 1,
        "2": 10,
        "3": 78,
        "4": 613,
        "5": 4809,
        "6": 18656
    },
    "2827": {
        "0": 1,
        "1": 11,
        "2": 94,
        "3": 774,
        "4": 6283,
        "5": 20627,
        "6": 46029
    },
    "2828": {
        "0": 1,
        "1": 1,
        "2": 8,
        "3": 53,
        "4": 363,
        "5": 2505,
        "6": 6929
    },
    "2829": {
        "0": 1,
        "1": 11,
        "2": 87,
        "3": 654,
        "4": 4870,
        "5": 18568,
        "6": 49973
    },
    "2830": {
        "0": 1,
        "1": 10,
        "2": 86,
        "3": 738,
        "4": 6226,
        "5": 21913,
        "6": 57431
    },
    "2831": {
        "0": 1,
        "1": 1,
        "2": 1,
        "3": 9,
        "4": 69,
        "5": 523,
        "6": 3952
    },
    "2832": {
        "0": 1,
        "1": 1,
        "2": 11,
        "3": 88,
        "4": 659,
        "5": 4922,
        "6": 17900
    },
    "2833": {
        "0": 1,
        "1": 1,
        "2": 13,
        "3": 108,
        "4": 834,
        "5": 6298,
        "6": 30011
    },
    "2834": {
        "0": 1,
        "1": 9,
        "2": 76,
        "3": 638,
        "4": 5297,
        "5": 13574,
        "6": 25062
    },
    "2835": {
        "0": 1,
        "1": 9,
        "2": 78,
        "3": 653,
        "4": 5433,
        "5": 14658,
        "6": 28496
    },
    "2836": {
        "0": 1,
        "1": 11,
        "2": 78,
        "3": 514,
        "4": 3369,
        "5": 11862,
        "6": 33529
    },
    "2837": {
        "0": 1,
        "1": 12,
        "2": 92,
        "3": 678,
        "4": 4997,
        "5": 19489,
        "6": 55206
    },
    "2838": {
        "0": 1,
        "1": 11,
        "2": 84,
        "3": 620,
        "4": 4621,
        "5": 17231,
        "6": 46949
    },
    "2839": {
        "0": 1,
        "1": 1,
        "2": 11,
        "3": 94,
        "4": 800,
        "5": 6759,
        "6": 26525
    },
    "2840": {
        "0": 1,
        "1": 1,
        "2": 1,
        "3": 11,
        "4": 86,
        "5": 657,
        "6": 5033
    },
    "2841": {
        "0": 1,
        "1": 1,
        "2": 12,
        "3": 86,
        "4": 576,
        "5": 3893,
        "6": 16345
    },
    "2842": {
        "0": 1,
        "1": 9,
        "2": 57,
        "3": 368,
        "4": 2476,
        "5": 6786,
        "6": 16018
    },
    "2843": {
        "0": 1,
        "1": 9,
        "2": 61,
        "3": 418,
        "4": 2875,
        "5": 9424,
        "6": 25122
    },
    "2844": {
        "0": 1,
        "1": 1,
        "2": 1,
        "3": 1,
        "4": 1,
        "5": 1,
        "6": 10
    },
    "2845": {
        "0": 1,
        "1": 1,
        "2": 12,
        "3": 99,
        "4": 733,
        "5": 5236,
        "6": 19734
    },
    "2846": {
        "0": 1,
        "1": 1,
        "2": 1,
        "3": 12,
        "4": 95,
        "5": 700,
        "6": 5067
    },
    "2847": {
        "0": 1,
        "1": 1,
        "2": 1,
        "3": 8,
        "4": 56,
        "5": 395,
        "6": 2765
    },
    "2848": {
        "0": 1,
        "1": 12,
        "2": 96,
        "3": 704,
        "4": 5104,
        "5": 19776,
        "6": 58806
    },
    "2849": {
        "0": 1,
        "1": 10,
        "2": 82,
        "3": 705,
        "4": 6077,
        "5": 19373,
        "6": 42725
    },
    "2850": {
        "0": 1,
        "1": 1,
        "2": 9,
        "3": 58,
        "4": 370,
        "5": 2378,
        "6": 5208
    },
    "2851": {
        "0": 1,
        "1": 9,
        "2": 65,
        "3": 475,
        "4": 3468,
        "5": 8031,
        "6": 18997
    },
    "2852": {
        "0": 1,
        "1": 1,
        "2": 10,
        "3": 68,
        "4": 461,
        "5": 3127,
        "6": 12192
    },
    "2853": {
        "0": 1,
        "1": 9,
        "2": 75,
        "3": 626,
        "4": 5181,
        "5": 12637,
        "6": 22246
    },
    "2854": {
        "0": 1,
        "1": 11,
        "2": 77,
        "3": 503,
        "4": 3185,
        "5": 10869,
        "6": 27921
    },
    "2855": {
        "0": 1,
        "1": 13,
        "2": 107,
        "3": 808,
        "4": 5964,
        "5": 26538,
        "6": 79395
    },
    "2856": {
        "0": 1,
        "1": 1,
        "2": 1,
        "3": 1,
        "4": 11,
        "5": 95,
        "6": 814
    },
    "2857": {
        "0": 1,
        "1": 1,
        "2": 10,
        "3": 76,
        "4": 561,
        "5": 4112,
        "6": 12835
    },
    "2858": {
        "0": 1,
        "1": 10,
        "2": 71,
        "3": 487,
        "4": 3342,
        "5": 12560,
        "6": 36102
    },
    "2859": {
        "0": 1,
        "1": 12,
        "2": 95,
        "3": 712,
        "4": 5326,
        "5": 20832,
        "6": 57179
    },
    "2860": {
        "0": 1,
        "1": 8,
        "2": 52,
        "3": 343,
        "4": 2307,
        "5": 5359,
        "6": 8931
    },
    "2861": {
        "0": 1,
        "1": 9,
        "2": 68,
        "3": 523,
        "4": 4039,
        "5": 12277,
        "6": 26565
    },
    "2862": {
        "0": 1,
        "1": 11,
        "2": 94,
        "3": 778,
        "4": 6220,
        "5": 23092,
        "6": 60252
    },
    "2863": {
        "0": 1,
        "1": 1,
        "2": 1,
        "3": 9,
        "4": 60,
        "5": 409,
        "6": 2820
    },
    "2864": {
        "0": 1,
        "1": 10,
        "2": 89,
        "3": 750,
        "4": 6244,
        "5": 23177,
        "6": 54511
    },
    "2865": {
        "0": 1,
        "1": 12,
        "2": 104,
        "3": 868,
        "4": 7023,
        "5": 28113,
        "6": 69633
    },
    "2866": {
        "0": 1,
        "1": 11,
        "2": 91,
        "3": 764,
        "4": 6483,
        "5": 22258,
        "6": 51398
    },
    "2867": {
        "0": 1,
        "1": 1,
        "2": 10,
        "3": 89,
        "4": 792,
        "5": 7013,
        "6": 28837
    },
    "2868": {
        "0": 1,
        "1": 1,
        "2": 1,
        "3": 1,
        "4": 1,
        "5": 11,
        "6": 92
    },
    "2869": {
        "0": 1,
        "1": 10,
        "2": 80,
        "3": 612,
        "4": 4615,
        "5": 17273,
        "6": 45483
    },
    "2870": {
        "0": 1,
        "1": 1,
        "2": 1,
        "3": 12,
        "4": 108,
        "5": 929,
        "6": 7768
    },
    "2871": {
        "0": 1,
        "1": 1,
        "2": 9,
        "3": 70,
        "4": 525,
        "5": 3946,
        "6": 12213
    },
    "2872": {
        "0": 1,
        "1": 11,
        "2": 99,
        "3": 873,
        "4": 7608,
        "5": 32837,
        "6": 93936
    },
    "2873": {
        "0": 1,
        "1": 1,
        "2": 13,
        "3": 118,
        "4": 1011,
        "5": 8437,
        "6": 39625
    },
    "2874": {
        "0": 1,
        "1": 1,
        "2": 10,
        "3": 76,
        "4": 579,
        "5": 4399,
        "6": 14300
    },
    "2875": {
        "0": 1,
        "1": 11,
        "2": 87,
        "3": 688,
        "4": 5449,
        "5": 24207,
        "6": 72180
    },
    "2876": {
        "0": 1,
        "1": 10,
        "2": 85,
        "3": 747,
        "4": 6438,
        "5": 22371,
        "6": 41911
    },
    "2877": {
        "0": 1,
        "1": 1,
        "2": 1,
        "3": 8,
        "4": 53,
        "5": 341,
        "6": 2195
    },
    "2878": {
        "0": 1,
        "1": 1,
        "2": 10,
        "3": 77,
        "4": 571,
        "5": 4216,
        "6": 13937
    },
    "2879": {
        "0": 1,
        "1": 9,
        "2": 73,
        "3": 609,
        "4": 5120,
        "5": 10575,
        "6": 13881
    },
    "2880": {
        "0": 1,
        "1": 9,
        "2": 62,
        "3": 407,
        "4": 2574,
        "5": 8223,
        "6": 19001
    },
    "2881": {
        "0": 1,
        "1": 1,
        "2": 1,
        "3": 11,
        "4": 87,
        "5": 675,
        "6": 5245
    },
    "2882": {
        "0": 1,
        "1": 11,
        "2": 87,
        "3": 627,
        "4": 4483,
        "5": 14622,
        "6": 36174
    },
    "2883": {
        "0": 1,
        "1": 13,
        "2": 118,
        "3": 1003,
        "4": 8342,
        "5": 38256,
        "6": 110020
    },
    "2884": {
        "0": 1,
        "1": 9,
        "2": 77,
        "3": 661,
        "4": 5611,
        "5": 16951,
        "6": 31968
    },
    "2885": {
        "0": 1,
        "1": 12,
        "2": 94,
        "3": 694,
        "4": 5111,
        "5": 20457,
        "6": 54107
    },
    "2886": {
        "0": 1,
        "1": 10,
        "2": 68,
        "3": 479,
        "4": 3423,
        "5": 14268,
        "6": 42422
    },
    "2887": {
        "0": 1,
        "1": 11,
        "2": 95,
        "3": 808,
        "4": 6808,
        "5": 26680,
        "6": 72009
    },
    "2888": {
        "0": 1,
        "1": 1,
        "2": 9,
        "3": 74,
        "4": 605,
        "5": 4981,
        "6": 11007
    },
    "2889": {
        "0": 1,
        "1": 1,
        "2": 11,
        "3": 83,
        "4": 624,
        "5": 4785,
        "6": 17878
    },
    "2890": {
        "0": 1,
        "1": 1,
        "2": 11,
        "3": 75,
        "4": 490,
        "5": 3256,
        "6": 11765
    },
    "2891": {
        "0": 1,
        "1": 11,
        "2": 86,
        "3": 644,
        "4": 4692,
        "5": 15937,
        "6": 38435
    },
    "2892": {
        "0": 1,
        "1": 1,
        "2": 1,
        "3": 9,
        "4": 62,
        "5": 430,
        "6": 2958
    },
    "2893": {
        "0": 1,
        "1": 9,
        "2": 81,
        "3": 731,
        "4": 6491,
        "5": 24351,
        "6": 57338
    },
    "2894": {
        "0": 1,
        "1": 10,
        "2": 79,
        "3": 621,
        "4": 4872,
        "5": 18706,
        "6": 52304
    },
    "2895": {
        "0": 1,
        "1": 1,
        "2": 1,
        "3": 1,
        "4": 11,
        "5": 96,
        "6": 828
    },
    "2896": {
        "0": 1,
        "1": 1,
        "2": 9,
        "3": 67,
        "4": 517,
        "5": 4026,
        "6": 12408
    },
    "2897": {
        "0": 1,
        "1": 9,
        "2": 75,
        "3": 649,
        "4": 5612,
        "5": 15823,
        "6": 30109
    },
    "2898": {
        "0": 1,
        "1": 8,
        "2": 72,
        "3": 636,
        "4": 5605,
        "5": 16523,
        "6": 37015
    },
    "2899": {
        "0": 1,
        "1": 12,
        "2": 103,
        "3": 841,
        "4": 6735,
        "5": 25653,
        "6": 66896
    }
}