{
    "22200": {
        "0": 1,
        "1": 12,
        "2": 105,
        "3": 898,
        "4": 7604,
        "5": 33781,
        "6": 92708
    },
    "22201": {
        "0": 1,
        "1": 1,
        "2": 13,
        "3": 110,
        "4": 833,
        "5": 6213,
        "6": 28887
    },
    "22202": {
        "0": 1,
        "1": 1,
        "2": 1,
        "3": 9,
        "4": 80,
        "5": 693,
        "6": 5949
    },
    "22203": {
        "0": 1,
        "1": 1,
        "2": 9,
        "3": 73,
        "4": 607,
        "5": 5079,
        "6": 10421
    },
    "22204": {
        "0": 1,
        "1": 1,
        "2": 1,
        "3": 10,
        "4": 77,
        "5": 580,
        "6": 4290
    },
    "22205": {
        "0": 1,
        "1": 10,
        "2": 66,
        "3": 419,
        "4": 2698,
        "5": 8661,
        "6": 22842
    },
    "22206": {
        "0": 1,
        "1": 1,
        "2": 1,
        "3": 1,
        "4": 1,
        "5": 1,
        "6": 9
    },
    "22207": {
        "0": 1,
        "1": 8,
        "2": 70,
        "3": 598,
        "4": 5010,
        "5": 12785,
        "6": 23250
    },
    "22208": {
        "0": 1,
        "1": 10,
        "2": 83,
        "3": 708,
        "4": 5958,
        "5": 19702,
        "6": 43787
    },
    "22209": {
        "0": 1,
        "1": 1,
        "2": 10,
        "3": 86,
        "4": 717,
        "5": 5964,
        "6": 19233
    },
    "22210": {
        "0": 1,
        "1": 1,
        "2": 1,
        "3": 11,
        "4": 97,
        "5": 856,
        "6": 7476
    },
    "22211": {
        "0": 1,
        "1": 10,
        "2": 76,
        "3": 594,
        "4": 4595,
        "5": 16188,
        "6": 37252
    },
    "22212": {
        "0": 1,
        "1": 11,
        "2": 76,
        "3": 510,
        "4": 3497,
        "5": 13817,
        "6": 41674
    },
    "22213": {
        "0": 1,
        "1": 12,
        "2": 89,
        "3": 596,
        "4": 3969,
        "5": 16222,
        "6": 46915
    },
    "22214": {
        "0": 1,
        "1": 10,
        "2": 76,
        "3": 566,
        "4": 4090,
        "5": 13572,
        "6": 33260
    },
    "22215": {
        "0": 1,
        "1": 10,
        "2": 67,
        "3": 437,
        "4": 2871,
        "5": 8579,
        "6": 20505
    },
    "22216": {
        "0": 1,
        "1": 9,
        "2": 69,
        "3": 527,
        "4": 4033,
        "5": 11891,
        "6": 26929
    },
    "22217": {
        "0": 1,
        "1": 1,
        "2": 12,
        "3": 106,
        "4": 893,
        "5": 7284,
        "6": 29897
    },
    "22218": {
        "0": 1,
        "1": 13,
        "2": 106,
        "3": 806,
        "4": 6032,
        "5": 27576,
        "6": 85081
    },
    "22219": {
        "0": 1,
        "1": 10,
        "2": 73,
        "3": 508,
        "4": 3468,
        "5": 7902,
        "6": 15731
    },
    "22220": {
        "0": 1,
        "1": 1,
        "2": 12,
        "3": 96,
        "4": 731,
        "5": 5486,
        "6": 22061
    },
    "22221": {
        "0": 1,
        "1": 1,
        "2": 9,
        "3": 76,
        "4": 647,
        "5": 5521,
        "6": 14501
    },
    "22222": {
        "0": 1,
        "1": 1,
        "2": 8,
        "3": 64,
        "4": 509,
        "5": 4063,
        "6": 13154
    },
    "22223": {
        "0": 1,
        "1": 1,
        "2": 11,
        "3": 87,
        "4": 647,
        "5": 4814,
        "6": 16952
    },
    "22224": {
        "0": 1,
        "1": 9,
        "2": 69,
        "3": 524,
        "4": 3985,
        "5": 13039,
        "6": 31354
    },
    "22225": {
        "0": 1,
        "1": 1,
        "2": 1,
        "3": 9,
        "4": 78,
        "5": 657,
        "6": 5452
    },
    "22226": {
        "0": 1,
        "1": 12,
        "2": 101,
        "3": 830,
        "4": 6694,
        "5": 25440,
        "6": 59188
    },
    "22227": {
        "0": 1,
        "1": 1,
        "2": 10,
        "3": 89,
        "4": 791,
        "5": 7001,
        "6": 29084
    },
    "22228": {
        "0": 1,
        "1": 1,
        "2": 1,
        "3": 1,
        "4": 11,
        "5": 97,
        "6": 851
    },
    "22229": {
        "0": 1,
        "1": 1,
        "2": 9,
        "3": 61,
        "4": 417,
        "5": 2845,
        "6": 9004
    },
    "22230": {
        "0": 1,
        "1": 1,
        "2": 10,
        "3": 82,
        "4": 692,
        "5": 5805,
        "6": 18187
    },
    "22231": {
        "0": 1,
        "1": 1,
        "2": 1,
        "3": 1,
        "4": 10,
        "5": 86,
        "6": 728
    },
    "22232": {
        "0": 1,
        "1": 10,
        "2": 86,
        "3": 742,
        "4": 6323,
        "5": 21125,
        "6": 48743
    },
    "22233": {
        "0": 1,
        "1": 8,
        "2": 67,
        "3": 566,
        "4": 4767,
        "5": 9894,
        "6": 16585
    },
    "22234": {
        "0": 1,
        "1": 13,
        "2": 110,
        "3": 885,
        "4": 6975,
        "5": 26672,
        "6": 71049
    },
    "22235": {
        "0": 1,
        "1": 10,
        "2": 74,
        "3": 560,
        "4": 4328,
        "5": 14808,
        "6": 36180
    },
    "22236": {
        "0": 1,
        "1": 10,
        "2": 83,
        "3": 698,
        "4": 5906,
        "5": 17326,
        "6": 35182
    },
    "22237": {
        "0": 1,
        "1": 1,
        "2": 1,
        "3": 9,
        "4": 80,
        "5": 691,
        "6": 5818
    },
    "22238": {
        "0": 1,
        "1": 1,
        "2": 9,
        "3": 77,
        "4": 642,
        "5": 5333,
        "6": 13948
    },
    "22239": {
        "0": 1,
        "1": 11,
        "2": 91,
        "3": 764,
        "4": 6386,
        "5": 22903,
        "6": 49666
    },
    "22240": {
        "0": 1,
        "1": 1,
        "2": 11,
        "3": 97,
        "4": 833,
        "5": 7055,
        "6": 29104
    },
    "22241": {
        "0": 1,
        "1": 1,
        "2": 13,
        "3": 110,
        "4": 856,
        "5": 6326,
        "6": 29693
    },
    "22242": {
        "0": 1,
        "1": 1,
        "2": 9,
        "3": 73,
        "4": 610,
        "5": 5152,
        "6": 11028
    },
    "22243": {
        "0": 1,
        "1": 1,
        "2": 1,
        "3": 1,
        "4": 12,
        "5": 90,
        "6": 613
    },
    "22244": {
        "0": 1,
        "1": 1,
        "2": 1,
        "3": 9,
        "4": 79,
        "5": 672,
        "6": 5641
    },
    "22245": {
        "0": 1,
        "1": 8,
        "2": 72,
        "3": 638,
        "4": 5651,
        "5": 16969,
        "6": 34234
    },
    "22246": {
        "0": 1,
        "1": 1,
        "2": 13,
        "3": 106,
        "4": 796,
        "5": 5942,
        "6": 25314
    },
    "22247": {
        "0": 1,
        "1": 1,
        "2": 1,
        "3": 8,
        "4": 58,
        "5": 427,
        "6": 3112
    },
    "22248": {
        "0": 1,
        "1": 12,
        "2": 103,
        "3": 859,
        "4": 7166,
        "5": 27376,
        "6": 62503
    },
    "22249": {
        "0": 1,
        "1": 10,
        "2": 76,
        "3": 579,
        "4": 4458,
        "5": 15333,
        "6": 36647
    },
    "22250": {
        "0": 1,
        "1": 11,
        "2": 92,
        "3": 777,
        "4": 6539,
        "5": 22708,
        "6": 50182
    },
    "22251": {
        "0": 1,
        "1": 1,
        "2": 10,
        "3": 82,
        "4": 687,
        "5": 5739,
        "6": 17654
    },
    "22252": {
        "0": 1,
        "1": 9,
        "2": 73,
        "3": 589,
        "4": 4683,
        "5": 9127,
        "6": 14030
    },
    "22253": {
        "0": 1,
        "1": 1,
        "2": 1,
        "3": 11,
        "4": 83,
        "5": 625,
        "6": 4662
    },
    "22254": {
        "0": 1,
        "1": 10,
        "2": 83,
        "3": 699,
        "4": 5837,
        "5": 18251,
        "6": 40500
    },
    "22255": {
        "0": 1,
        "1": 11,
        "2": 95,
        "3": 813,
        "4": 6970,
        "5": 26917,
        "6": 59066
    },
    "22256": {
        "0": 1,
        "1": 1,
        "2": 10,
        "3": 75,
        "4": 541,
        "5": 3872,
        "6": 10327
    },
    "22257": {
        "0": 1,
        "1": 1,
        "2": 1,
        "3": 1,
        "4": 10,
        "5": 85,
        "6": 726
    },
    "22258": {
        "0": 1,
        "1": 9,
        "2": 66,
        "3": 474,
        "4": 3354,
        "5": 8057,
        "6": 16361
    },
    "22259": {
        "0": 1,
        "1": 10,
        "2": 68,
        "3": 459,
        "4": 3159,
        "5": 11540,
        "6": 28729
    },
    "22260": {
        "0": 1,
        "1": 9,
        "2": 80,
        "3": 702,
        "4": 6023,
        "5": 20645,
        "6": 47015
    },
    "22261": {
        "0": 1,
        "1": 1,
        "2": 1,
        "3": 1,
        "4": 1,
        "5": 11,
        "6": 89
    },
    "22262": {
        "0": 1,
        "1": 10,
        "2": 78,
        "3": 620,
        "4": 4939,
        "5": 19844,
        "6": 52370
    },
    "22263": {
        "0": 1,
        "1": 10,
        "2": 87,
        "3": 728,
        "4": 5953,
        "5": 20223,
        "6": 42350
    },
    "22264": {
        "0": 1,
        "1": 1,
        "2": 9,
        "3": 69,
        "4": 515,
        "5": 3887,
        "6": 12183
    },
    "22265": {
        "0": 1,
        "1": 1,
        "2": 1,
        "3": 1,
        "4": 1,
        "5": 1,
        "6": 1
    },
    "22266": {
        "0": 1,
        "1": 8,
        "2": 65,
        "3": 520,
        "4": 4148,
        "5": 5309,
        "6": 10163
    },
    "22267": {
        "0": 1,
        "1": 11,
        "2": 83,
        "3": 616,
        "4": 4526,
        "5": 17517,
        "6": 44863
    },
    "22268": {
        "0": 1,
        "1": 1,
        "2": 10,
        "3": 83,
        "4": 683,
        "5": 5582,
        "6": 17481
    },
    "22269": {
        "0": 1,
        "1": 11,
        "2": 100,
        "3": 880,
        "4": 7681,
        "5": 33888,
        "6": 96223
    },
    "22270": {
        "0": 1,
        "1": 14,
        "2": 123,
        "3": 1026,
        "4": 8521,
        "5": 38168,
        "6": 110960
    },
    "22271": {
        "0": 1,
        "1": 1,
        "2": 10,
        "3": 84,
        "4": 713,
        "5": 6007,
        "6": 20065
    },
    "22272": {
        "0": 1,
        "1": 9,
        "2": 78,
        "3": 666,
        "4": 5656,
        "5": 15700,
        "6": 34611
    },
    "22273": {
        "0": 1,
        "1": 1,
        "2": 13,
        "3": 107,
        "4": 795,
        "5": 5831,
        "6": 25490
    },
    "22274": {
        "0": 1,
        "1": 1,
        "2": 8,
        "3": 61,
        "4": 464,
        "5": 3485,
        "6": 8558
    },
    "22275": {
        "0": 1,
        "1": 11,
        "2": 86,
        "3": 653,
        "4": 4983,
        "5": 19161,
        "6": 49028
    },
    "22276": {
        "0": 1,
        "1": 1,
        "2": 11,
        "3": 85,
        "4": 636,
        "5": 4715,
        "6": 17502
    },
    "22277": {
        "0": 1,
        "1": 10,
        "2": 77,
        "3": 594,
        "4": 4606,
        "5": 16675,
        "6": 39404
    },
    "22278": {
        "0": 1,
        "1": 1,
        "2": 10,
        "3": 80,
        "4": 634,
        "5": 4948,
        "6": 20845
    },
    "22279": {
        "0": 1,
        "1": 12,
        "2": 105,
        "3": 897,
        "4": 7578,
        "5": 33148,
        "6": 86895
    },
    "22280": {
        "0": 1,
        "1": 10,
        "2": 76,
        "3": 567,
        "4": 4246,
        "5": 12992,
        "6": 30564
    },
    "22281": {
        "0": 1,
        "1": 1,
        "2": 1,
        "3": 1,
        "4": 10,
        "5": 78,
        "6": 606
    },
    "22282": {
        "0": 1,
        "1": 1,
        "2": 1,
        "3": 1,
        "4": 11,
        "5": 95,
        "6": 754
    },
    "22283": {
        "0": 1,
        "1": 1,
        "2": 9,
        "3": 62,
        "4": 422,
        "5": 2882,
        "6": 9273
    },
    "22284": {
        "0": 1,
        "1": 9,
        "2": 78,
        "3": 671,
        "4": 5649,
        "5": 17045,
        "6": 37004
    },
    "22285": {
        "0": 1,
        "1": 1,
        "2": 11,
        "3": 91,
        "4": 758,
        "5": 6277,
        "6": 21485
    },
    "22286": {
        "0": 1,
        "1": 10,
        "2": 78,
        "3": 586,
        "4": 4296,
        "5": 13758,
        "6": 33208
    },
    "22287": {
        "0": 1,
        "1": 1,
        "2": 1,
        "3": 1,
        "4": 9,
        "5": 74,
        "6": 612
    },
    "22288": {
        "0": 1,
        "1": 10,
        "2": 80,
        "3": 660,
        "4": 5421,
        "5": 14295,
        "6": 29108
    },
    "22289": {
        "0": 1,
        "1": 1,
        "2": 8,
        "3": 59,
        "4": 437,
        "5": 3233,
        "6": 6779
    },
    "22290": {
        "0": 1,
        "1": 8,
        "2": 60,
        "3": 453,
        "4": 3452,
        "5": 7356,
        "6": 13142
    },
    "22291": {
        "0": 1,
        "1": 10,
        "2": 85,
        "3": 736,
        "4": 6332,
        "5": 21991,
        "6": 50858
    },
    "22292": {
        "0": 1,
        "1": 11,
        "2": 96,
        "3": 831,
        "4": 7080,
        "5": 29206,
        "6": 80522
    },
    "22293": {
        "0": 1,
        "1": 1,
        "2": 9,
        "3": 67,
        "4": 503,
        "5": 3735,
        "6": 10356
    },
    "22294": {
        "0": 1,
        "1": 10,
        "2": 76,
        "3": 571,
        "4": 4274,
        "5": 14616,
        "6": 31871
    },
    "22295": {
        "0": 1,
        "1": 1,
        "2": 1,
        "3": 1,
        "4": 1,
        "5": 8,
        "6": 63
    },
    "22296": {
        "0": 1,
        "1": 1,
        "2": 14,
        "3": 126,
        "4": 1055,
        "5": 8499,
        "6": 39419
    },
    "22297": {
        "0": 1,
        "1": 1,
        "2": 1,
        "3": 11,
        "4": 95,
        "5": 812,
        "6": 6754
    },
    "22298": {
        "0": 1,
        "1": 11,
        "2": 96,
        "3": 824,
        "4": 6914,
        "5": 27080,
        "6": 62149
    },
    "22299": {
        "0": 1,
        "1": 10,
        "2": 89,
        "3": 776,
        "4": 6709,
        "5": 25437,
        "6": 68093
    }
}