{
    "31700": {
        "0": 1,
        "1": 11,
        "2": 93,
        "3": 795,
        "4": 6801,
        "5": 25609,
        "6": 67038
    },
    "31701": {
        "0": 1,
        "1": 12,
        "2": 87,
        "3": 581,
        "4": 3863,
        "5": 15132,
        "6": 42030
    },
    "31702": {
        "0": 1,
        "1": 1,
        "2": 1,
        "3": 11,
        "4": 86,
        "5": 649,
        "6": 4847
    },
    "31703": {
        "0": 1,
        "1": 1,
        "2": 1,
        "3": 11,
        "4": 94,
        "5": 780,
        "6": 6486
    },
    "31704": {
        "0": 1,
        "1": 1,
        "2": 11,
        "3": 92,
        "4": 739,
        "5": 5835,
        "6": 18110
    },
    "31705": {
        "0": 1,
        "1": 1,
        "2": 10,
        "3": 76,
        "4": 564,
        "5": 4111,
        "6": 14103
    },
    "31706": {
        "0": 1,
        "1": 9,
        "2": 76,
        "3": 647,
        "4": 5482,
        "5": 13995,
        "6": 24973
    },
    "31707": {
        "0": 1,
        "1": 12,
        "2": 96,
        "3": 721,
        "4": 5384,
        "5": 21147,
        "6": 59674
    },
    "31708": {
        "0": 1,
        "1": 1,
        "2": 12,
        "3": 104,
        "4": 877,
        "5": 7386,
        "6": 29612
    },
    "31709": {
        "0": 1,
        "1": 1,
        "2": 1,
        "3": 1,
        "4": 9,
        "5": 68,
        "6": 506
    },
    "31710": {
        "0": 1,
        "1": 1,
        "2": 11,
        "3": 82,
        "4": 600,
        "5": 4418,
        "6": 13598
    },
    "31711": {
        "0": 1,
        "1": 9,
        "2": 78,
        "3": 674,
        "4": 5758,
        "5": 18674,
        "6": 40035
    },
    "31712": {
        "0": 1,
        "1": 11,
        "2": 93,
        "3": 772,
        "4": 6349,
        "5": 21966,
        "6": 51163
    },
    "31713": {
        "0": 1,
        "1": 1,
        "2": 9,
        "3": 71,
        "4": 560,
        "5": 4399,
        "6": 15491
    },
    "31714": {
        "0": 1,
        "1": 1,
        "2": 1,
        "3": 1,
        "4": 9,
        "5": 78,
        "6": 668
    },
    "31715": {
        "0": 1,
        "1": 1,
        "2": 9,
        "3": 60,
        "4": 401,
        "5": 2701,
        "6": 8090
    },
    "31716": {
        "0": 1,
        "1": 9,
        "2": 78,
        "3": 676,
        "4": 5750,
        "5": 18251,
        "6": 39098
    },
    "31717": {
        "0": 1,
        "1": 10,
        "2": 66,
        "3": 413,
        "4": 2536,
        "5": 10630,
        "6": 34030
    },
    "31718": {
        "0": 1,
        "1": 10,
        "2": 80,
        "3": 618,
        "4": 4640,
        "5": 16975,
        "6": 47330
    },
    "31719": {
        "0": 1,
        "1": 1,
        "2": 1,
        "3": 10,
        "4": 87,
        "5": 736,
        "6": 6069
    },
    "31720": {
        "0": 1,
        "1": 8,
        "2": 70,
        "3": 607,
        "4": 5263,
        "5": 12830,
        "6": 22245
    },
    "31721": {
        "0": 1,
        "1": 13,
        "2": 112,
        "3": 923,
        "4": 7568,
        "5": 31714,
        "6": 84044
    },
    "31722": {
        "0": 1,
        "1": 11,
        "2": 77,
        "3": 489,
        "4": 3099,
        "5": 10704,
        "6": 28707
    },
    "31723": {
        "0": 1,
        "1": 1,
        "2": 12,
        "3": 109,
        "4": 931,
        "5": 7794,
        "6": 34505
    },
    "31724": {
        "0": 1,
        "1": 1,
        "2": 12,
        "3": 94,
        "4": 705,
        "5": 5300,
        "6": 20630
    },
    "31725": {
        "0": 1,
        "1": 10,
        "2": 69,
        "3": 479,
        "4": 3351,
        "5": 13127,
        "6": 33536
    },
    "31726": {
        "0": 1,
        "1": 9,
        "2": 78,
        "3": 693,
        "4": 6130,
        "5": 21319,
        "6": 49041
    },
    "31727": {
        "0": 1,
        "1": 8,
        "2": 63,
        "3": 491,
        "4": 3765,
        "5": 11302,
        "6": 27841
    },
    "31728": {
        "0": 1,
        "1": 1,
        "2": 1,
        "3": 1,
        "4": 11,
        "5": 90,
        "6": 709
    },
    "31729": {
        "0": 1,
        "1": 8,
        "2": 68,
        "3": 572,
        "4": 4831,
        "5": 8156,
        "6": 7814
    },
    "31730": {
        "0": 1,
        "1": 10,
        "2": 85,
        "3": 732,
        "4": 6311,
        "5": 22027,
        "6": 55769
    },
    "31731": {
        "0": 1,
        "1": 1,
        "2": 11,
        "3": 88,
        "4": 673,
        "5": 5094,
        "6": 21327
    },
    "31732": {
        "0": 1,
        "1": 1,
        "2": 11,
        "3": 94,
        "4": 787,
        "5": 6415,
        "6": 23634
    },
    "31733": {
        "0": 1,
        "1": 9,
        "2": 69,
        "3": 542,
        "4": 4303,
        "5": 15092,
        "6": 36708
    },
    "31734": {
        "0": 1,
        "1": 1,
        "2": 1,
        "3": 11,
        "4": 92,
        "5": 771,
        "6": 6487
    },
    "31735": {
        "0": 1,
        "1": 10,
        "2": 83,
        "3": 694,
        "4": 5729,
        "5": 16940,
        "6": 38517
    },
    "31736": {
        "0": 1,
        "1": 10,
        "2": 83,
        "3": 694,
        "4": 5866,
        "5": 17301,
        "6": 33161
    },
    "31737": {
        "0": 1,
        "1": 1,
        "2": 10,
        "3": 84,
        "4": 715,
        "5": 6141,
        "6": 19996
    },
    "31738": {
        "0": 1,
        "1": 13,
        "2": 117,
        "3": 1025,
        "4": 8877,
        "5": 43511,
        "6": 134565
    },
    "31739": {
        "0": 1,
        "1": 11,
        "2": 85,
        "3": 638,
        "4": 4786,
        "5": 16783,
        "6": 40005
    },
    "31740": {
        "0": 1,
        "1": 1,
        "2": 1,
        "3": 11,
        "4": 95,
        "5": 796,
        "6": 6623
    },
    "31741": {
        "0": 1,
        "1": 1,
        "2": 9,
        "3": 76,
        "4": 645,
        "5": 5458,
        "6": 13577
    },
    "31742": {
        "0": 1,
        "1": 11,
        "2": 90,
        "3": 720,
        "4": 5685,
        "5": 25391,
        "6": 76668
    },
    "31743": {
        "0": 1,
        "1": 1,
        "2": 1,
        "3": 1,
        "4": 11,
        "5": 91,
        "6": 775
    },
    "31744": {
        "0": 1,
        "1": 13,
        "2": 111,
        "3": 895,
        "4": 7198,
        "5": 27968,
        "6": 65271
    },
    "31745": {
        "0": 1,
        "1": 14,
        "2": 117,
        "3": 871,
        "4": 6367,
        "5": 27612,
        "6": 83847
    },
    "31746": {
        "0": 1,
        "1": 9,
        "2": 57,
        "3": 360,
        "4": 2290,
        "5": 4514,
        "6": 7347
    },
    "31747": {
        "0": 1,
        "1": 10,
        "2": 89,
        "3": 775,
        "4": 6718,
        "5": 25448,
        "6": 64250
    },
    "31748": {
        "0": 1,
        "1": 11,
        "2": 85,
        "3": 655,
        "4": 5099,
        "5": 20520,
        "6": 52470
    },
    "31749": {
        "0": 1,
        "1": 8,
        "2": 61,
        "3": 464,
        "4": 3546,
        "5": 9873,
        "6": 20746
    },
    "31750": {
        "0": 1,
        "1": 10,
        "2": 90,
        "3": 800,
        "4": 7021,
        "5": 28626,
        "6": 82005
    },
    "31751": {
        "0": 1,
        "1": 10,
        "2": 68,
        "3": 437,
        "4": 2765,
        "5": 8295,
        "6": 21275
    },
    "31752": {
        "0": 1,
        "1": 10,
        "2": 75,
        "3": 556,
        "4": 4133,
        "5": 13435,
        "6": 32030
    },
    "31753": {
        "0": 1,
        "1": 10,
        "2": 74,
        "3": 546,
        "4": 3979,
        "5": 13274,
        "6": 26244
    },
    "31754": {
        "0": 1,
        "1": 1,
        "2": 1,
        "3": 1,
        "4": 1,
        "5": 1,
        "6": 11
    },
    "31755": {
        "0": 1,
        "1": 12,
        "2": 95,
        "3": 697,
        "4": 4976,
        "5": 18002,
        "6": 45761
    },
    "31756": {
        "0": 1,
        "1": 1,
        "2": 1,
        "3": 10,
        "4": 81,
        "5": 651,
        "6": 5240
    },
    "31757": {
        "0": 1,
        "1": 10,
        "2": 75,
        "3": 573,
        "4": 4388,
        "5": 14632,
        "6": 32867
    },
    "31758": {
        "0": 1,
        "1": 11,
        "2": 78,
        "3": 519,
        "4": 3440,
        "5": 12726,
        "6": 33958
    },
    "31759": {
        "0": 1,
        "1": 10,
        "2": 74,
        "3": 554,
        "4": 4180,
        "5": 12683,
        "6": 30297
    },
    "31760": {
        "0": 1,
        "1": 9,
        "2": 75,
        "3": 629,
        "4": 5165,
        "5": 14095,
        "6": 25140
    },
    "31761": {
        "0": 1,
        "1": 1,
        "2": 10,
        "3": 87,
        "4": 751,
        "5": 6485,
        "6": 23289
    },
    "31762": {
        "0": 1,
        "1": 1,
        "2": 11,
        "3": 79,
        "4": 531,
        "5": 3624,
        "6": 14676
    },
    "31763": {
        "0": 1,
        "1": 8,
        "2": 53,
        "3": 340,
        "4": 2152,
        "5": 4649,
        "6": 8469
    },
    "31764": {
        "0": 1,
        "1": 10,
        "2": 81,
        "3": 609,
        "4": 4493,
        "5": 15477,
        "6": 42799
    },
    "31765": {
        "0": 1,
        "1": 13,
        "2": 115,
        "3": 970,
        "4": 8049,
        "5": 36013,
        "6": 103807
    },
    "31766": {
        "0": 1,
        "1": 1,
        "2": 1,
        "3": 8,
        "4": 75,
        "5": 691,
        "6": 6249
    },
    "31767": {
        "0": 1,
        "1": 9,
        "2": 58,
        "3": 373,
        "4": 2408,
        "5": 6382,
        "6": 14723
    },
    "31768": {
        "0": 1,
        "1": 10,
        "2": 79,
        "3": 604,
        "4": 4572,
        "5": 16926,
        "6": 42328
    },
    "31769": {
        "0": 1,
        "1": 1,
        "2": 1,
        "3": 11,
        "4": 94,
        "5": 797,
        "6": 6745
    },
    "31770": {
        "0": 1,
        "1": 1,
        "2": 10,
        "3": 69,
        "4": 446,
        "5": 2823,
        "6": 8838
    },
    "31771": {
        "0": 1,
        "1": 8,
        "2": 61,
        "3": 467,
        "4": 3618,
        "5": 8982,
        "6": 16554
    },
    "31772": {
        "0": 1,
        "1": 8,
        "2": 70,
        "3": 609,
        "4": 5282,
        "5": 13456,
        "6": 24384
    },
    "31773": {
        "0": 1,
        "1": 1,
        "2": 10,
        "3": 87,
        "4": 749,
        "5": 6438,
        "6": 22525
    },
    "31774": {
        "0": 1,
        "1": 13,
        "2": 114,
        "3": 966,
        "4": 8013,
        "5": 35552,
        "6": 96852
    },
    "31775": {
        "0": 1,
        "1": 1,
        "2": 1,
        "3": 9,
        "4": 81,
        "5": 728,
        "6": 6438
    },
    "31776": {
        "0": 1,
        "1": 1,
        "2": 1,
        "3": 12,
        "4": 88,
        "5": 607,
        "6": 4153
    },
    "31777": {
        "0": 1,
        "1": 10,
        "2": 85,
        "3": 730,
        "4": 6224,
        "5": 22866,
        "6": 56377
    },
    "31778": {
        "0": 1,
        "1": 9,
        "2": 70,
        "3": 526,
        "4": 3885,
        "5": 12915,
        "6": 30997
    },
    "31779": {
        "0": 1,
        "1": 10,
        "2": 83,
        "3": 671,
        "4": 5332,
        "5": 14286,
        "6": 28859
    },
    "31780": {
        "0": 1,
        "1": 1,
        "2": 1,
        "3": 8,
        "4": 53,
        "5": 362,
        "6": 2524
    },
    "31781": {
        "0": 1,
        "1": 9,
        "2": 59,
        "3": 390,
        "4": 2640,
        "5": 7901,
        "6": 17890
    },
    "31782": {
        "0": 1,
        "1": 11,
        "2": 96,
        "3": 821,
        "4": 6894,
        "5": 27176,
        "6": 69294
    },
    "31783": {
        "0": 1,
        "1": 1,
        "2": 1,
        "3": 1,
        "4": 11,
        "5": 83,
        "6": 592
    },
    "31784": {
        "0": 1,
        "1": 1,
        "2": 11,
        "3": 90,
        "4": 713,
        "5": 5624,
        "6": 25018
    },
    "31785": {
        "0": 1,
        "1": 10,
        "2": 68,
        "3": 463,
        "4": 3223,
        "5": 12426,
        "6": 30824
    },
    "31786": {
        "0": 1,
        "1": 1,
        "2": 1,
        "3": 1,
        "4": 1,
        "5": 9,
        "6": 71
    },
    "31787": {
        "0": 1,
        "1": 11,
        "2": 96,
        "3": 828,
        "4": 7120,
        "5": 28173,
        "6": 73766
    },
    "31788": {
        "0": 1,
        "1": 1,
        "2": 10,
        "3": 86,
        "4": 732,
        "5": 6105,
        "6": 20404
    },
    "31789": {
        "0": 1,
        "1": 10,
        "2": 63,
        "3": 387,
        "4": 2372,
        "5": 9784,
        "6": 29310
    },
    "31790": {
        "0": 1,
        "1": 10,
        "2": 75,
        "3": 539,
        "4": 3834,
        "5": 11702,
        "6": 29124
    },
    "31791": {
        "0": 1,
        "1": 10,
        "2": 76,
        "3": 570,
        "4": 4284,
        "5": 13155,
        "6": 26065
    },
    "31792": {
        "0": 1,
        "1": 10,
        "2": 74,
        "3": 548,
        "4": 4098,
        "5": 13487,
        "6": 32290
    },
    "31793": {
        "0": 1,
        "1": 1,
        "2": 1,
        "3": 10,
        "4": 72,
        "5": 524,
        "6": 3794
    },
    "31794": {
        "0": 1,
        "1": 11,
        "2": 94,
        "3": 784,
        "4": 6421,
        "5": 21861,
        "6": 49933
    },
    "31795": {
        "0": 1,
        "1": 11,
        "2": 77,
        "3": 523,
        "4": 3625,
        "5": 14910,
        "6": 42153
    },
    "31796": {
        "0": 1,
        "1": 11,
        "2": 96,
        "3": 810,
        "4": 6663,
        "5": 25820,
        "6": 65142
    },
    "31797": {
        "0": 1,
        "1": 9,
        "2": 60,
        "3": 405,
        "4": 2756,
        "5": 8458,
        "6": 20144
    },
    "31798": {
        "0": 1,
        "1": 11,
        "2": 83,
        "3": 604,
        "4": 4477,
        "5": 16112,
        "6": 43395
    },
    "31799": {
        "0": 1,
        "1": 10,
        "2": 78,
        "3": 588,
        "4": 4386,
        "5": 15419,
        "6": 41576
    }
}