{
    "24900": {
        "0": 1,
        "1": 11,
        "2": 93,
        "3": 752,
        "4": 6074,
        "5": 18769,
        "6": 37495
    },
    "24901": {
        "0": 1,
        "1": 1,
        "2": 12,
        "3": 99,
        "4": 818,
        "5": 6796,
        "6": 24101
    },
    "24902": {
        "0": 1,
        "1": 13,
        "2": 106,
        "3": 788,
        "4": 5738,
        "5": 24277,
        "6": 72752
    },
    "24903": {
        "0": 1,
        "1": 1,
        "2": 1,
        "3": 1,
        "4": 11,
        "5": 79,
        "6": 545
    },
    "24904": {
        "0": 1,
        "1": 1,
        "2": 1,
        "3": 9,
        "4": 72,
        "5": 603,
        "6": 5115
    },
    "24905": {
        "0": 1,
        "1": 1,
        "2": 1,
        "3": 10,
        "4": 74,
        "5": 519,
        "6": 3636
    },
    "24906": {
        "0": 1,
        "1": 12,
        "2": 91,
        "3": 663,
        "4": 4815,
        "5": 17601,
        "6": 49091
    },
    "24907": {
        "0": 1,
        "1": 1,
        "2": 9,
        "3": 76,
        "4": 658,
        "5": 5658,
        "6": 18206
    },
    "24908": {
        "0": 1,
        "1": 10,
        "2": 88,
        "3": 729,
        "4": 5793,
        "5": 19471,
        "6": 43904
    },
    "24909": {
        "0": 1,
        "1": 11,
        "2": 84,
        "3": 610,
        "4": 4391,
        "5": 14415,
        "6": 34355
    },
    "24910": {
        "0": 1,
        "1": 10,
        "2": 71,
        "3": 474,
        "4": 3132,
        "5": 11697,
        "6": 30818
    },
    "24911": {
        "0": 1,
        "1": 1,
        "2": 9,
        "3": 69,
        "4": 537,
        "5": 4200,
        "6": 13889
    },
    "24912": {
        "0": 1,
        "1": 1,
        "2": 11,
        "3": 86,
        "4": 661,
        "5": 5108,
        "6": 20356
    },
    "24913": {
        "0": 1,
        "1": 1,
        "2": 8,
        "3": 59,
        "4": 444,
        "5": 3386,
        "6": 8721
    },
    "24914": {
        "0": 1,
        "1": 1,
        "2": 11,
        "3": 84,
        "4": 616,
        "5": 4545,
        "6": 14611
    },
    "24915": {
        "0": 1,
        "1": 9,
        "2": 63,
        "3": 446,
        "4": 3190,
        "5": 12395,
        "6": 35414
    },
    "24916": {
        "0": 1,
        "1": 1,
        "2": 12,
        "3": 85,
        "4": 568,
        "5": 3864,
        "6": 16347
    },
    "24917": {
        "0": 1,
        "1": 1,
        "2": 12,
        "3": 87,
        "4": 576,
        "5": 3816,
        "6": 15160
    },
    "24918": {
        "0": 1,
        "1": 1,
        "2": 1,
        "3": 1,
        "4": 1,
        "5": 8,
        "6": 69
    },
    "24919": {
        "0": 1,
        "1": 12,
        "2": 105,
        "3": 860,
        "4": 6850,
        "5": 26198,
        "6": 70372
    },
    "24920": {
        "0": 1,
        "1": 1,
        "2": 11,
        "3": 95,
        "4": 809,
        "5": 6754,
        "6": 25474
    },
    "24921": {
        "0": 1,
        "1": 8,
        "2": 52,
        "3": 348,
        "4": 2376,
        "5": 6109,
        "6": 11227
    },
    "24922": {
        "0": 1,
        "1": 10,
        "2": 89,
        "3": 780,
        "4": 6703,
        "5": 26668,
        "6": 70906
    },
    "24923": {
        "0": 1,
        "1": 10,
        "2": 86,
        "3": 733,
        "4": 6122,
        "5": 20351,
        "6": 43734
    },
    "24924": {
        "0": 1,
        "1": 1,
        "2": 1,
        "3": 10,
        "4": 86,
        "5": 720,
        "6": 5919
    },
    "24925": {
        "0": 1,
        "1": 1,
        "2": 10,
        "3": 86,
        "4": 733,
        "5": 6158,
        "6": 21120
    },
    "24926": {
        "0": 1,
        "1": 1,
        "2": 1,
        "3": 1,
        "4": 9,
        "5": 78,
        "6": 700
    },
    "24927": {
        "0": 1,
        "1": 1,
        "2": 10,
        "3": 85,
        "4": 710,
        "5": 5768,
        "6": 17028
    },
    "24928": {
        "0": 1,
        "1": 1,
        "2": 9,
        "3": 58,
        "4": 374,
        "5": 2451,
        "6": 5841
    },
    "24929": {
        "0": 1,
        "1": 1,
        "2": 1,
        "3": 1,
        "4": 10,
        "5": 85,
        "6": 718
    },
    "24930": {
        "0": 1,
        "1": 1,
        "2": 1,
        "3": 11,
        "4": 88,
        "5": 687,
        "6": 5345
    },
    "24931": {
        "0": 1,
        "1": 11,
        "2": 79,
        "3": 543,
        "4": 3768,
        "5": 16024,
        "6": 48926
    },
    "24932": {
        "0": 1,
        "1": 13,
        "2": 101,
        "3": 681,
        "4": 4499,
        "5": 20654,
        "6": 68130
    },
    "24933": {
        "0": 1,
        "1": 12,
        "2": 108,
        "3": 937,
        "4": 7948,
        "5": 36559,
        "6": 110344
    },
    "24934": {
        "0": 1,
        "1": 10,
        "2": 87,
        "3": 741,
        "4": 6206,
        "5": 21278,
        "6": 47238
    },
    "24935": {
        "0": 1,
        "1": 1,
        "2": 13,
        "3": 114,
        "4": 973,
        "5": 8291,
        "6": 37881
    },
    "24936": {
        "0": 1,
        "1": 1,
        "2": 9,
        "3": 81,
        "4": 699,
        "5": 5957,
        "6": 20043
    },
    "24937": {
        "0": 1,
        "1": 1,
        "2": 9,
        "3": 70,
        "4": 534,
        "5": 4016,
        "6": 11095
    },
    "24938": {
        "0": 1,
        "1": 13,
        "2": 112,
        "3": 936,
        "4": 7772,
        "5": 34053,
        "6": 99560
    },
    "24939": {
        "0": 1,
        "1": 8,
        "2": 68,
        "3": 567,
        "4": 4611,
        "5": 9337,
        "6": 17199
    },
    "24940": {
        "0": 1,
        "1": 1,
        "2": 12,
        "3": 104,
        "4": 876,
        "5": 7278,
        "6": 29912
    },
    "24941": {
        "0": 1,
        "1": 10,
        "2": 86,
        "3": 741,
        "4": 6333,
        "5": 21277,
        "6": 45588
    },
    "24942": {
        "0": 1,
        "1": 1,
        "2": 1,
        "3": 12,
        "4": 89,
        "5": 595,
        "6": 3916
    },
    "24943": {
        "0": 1,
        "1": 9,
        "2": 60,
        "3": 404,
        "4": 2712,
        "5": 7935,
        "6": 17226
    },
    "24944": {
        "0": 1,
        "1": 1,
        "2": 13,
        "3": 107,
        "4": 882,
        "5": 7229,
        "6": 28759
    },
    "24945": {
        "0": 1,
        "1": 1,
        "2": 9,
        "3": 79,
        "4": 663,
        "5": 5440,
        "6": 16199
    },
    "24946": {
        "0": 1,
        "1": 11,
        "2": 84,
        "3": 617,
        "4": 4623,
        "5": 16056,
        "6": 39398
    },
    "24947": {
        "0": 1,
        "1": 1,
        "2": 12,
        "3": 108,
        "4": 949,
        "5": 8248,
        "6": 38771
    },
    "24948": {
        "0": 1,
        "1": 1,
        "2": 11,
        "3": 93,
        "4": 774,
        "5": 6299,
        "6": 22704
    },
    "24949": {
        "0": 1,
        "1": 10,
        "2": 90,
        "3": 747,
        "4": 6145,
        "5": 21852,
        "6": 54802
    },
    "24950": {
        "0": 1,
        "1": 1,
        "2": 11,
        "3": 96,
        "4": 822,
        "5": 7006,
        "6": 27382
    },
    "24951": {
        "0": 1,
        "1": 1,
        "2": 11,
        "3": 90,
        "4": 659,
        "5": 4686,
        "6": 16704
    },
    "24952": {
        "0": 1,
        "1": 12,
        "2": 107,
        "3": 909,
        "4": 7463,
        "5": 32421,
        "6": 92712
    },
    "24953": {
        "0": 1,
        "1": 1,
        "2": 10,
        "3": 77,
        "4": 584,
        "5": 4370,
        "6": 15089
    },
    "24954": {
        "0": 1,
        "1": 1,
        "2": 10,
        "3": 68,
        "4": 453,
        "5": 3054,
        "6": 10362
    },
    "24955": {
        "0": 1,
        "1": 1,
        "2": 1,
        "3": 13,
        "4": 118,
        "5": 1004,
        "6": 8322
    },
    "24956": {
        "0": 1,
        "1": 1,
        "2": 1,
        "3": 8,
        "4": 60,
        "5": 451,
        "6": 3383
    },
    "24957": {
        "0": 1,
        "1": 1,
        "2": 1,
        "3": 9,
        "4": 78,
        "5": 671,
        "6": 5727
    },
    "24958": {
        "0": 1,
        "1": 11,
        "2": 87,
        "3": 665,
        "4": 5093,
        "5": 20367,
        "6": 54132
    },
    "24959": {
        "0": 1,
        "1": 10,
        "2": 66,
        "3": 446,
        "4": 3003,
        "5": 10177,
        "6": 27611
    },
    "24960": {
        "0": 1,
        "1": 1,
        "2": 1,
        "3": 11,
        "4": 96,
        "5": 822,
        "6": 6919
    },
    "24961": {
        "0": 1,
        "1": 1,
        "2": 9,
        "3": 79,
        "4": 686,
        "5": 5879,
        "6": 19672
    },
    "24962": {
        "0": 1,
        "1": 1,
        "2": 1,
        "3": 1,
        "4": 10,
        "5": 83,
        "6": 703
    },
    "24963": {
        "0": 1,
        "1": 11,
        "2": 88,
        "3": 667,
        "4": 4998,
        "5": 19840,
        "6": 50053
    },
    "24964": {
        "0": 1,
        "1": 13,
        "2": 112,
        "3": 941,
        "4": 7914,
        "5": 34130,
        "6": 89758
    },
    "24965": {
        "0": 1,
        "1": 1,
        "2": 10,
        "3": 87,
        "4": 759,
        "5": 6604,
        "6": 24663
    },
    "24966": {
        "0": 1,
        "1": 11,
        "2": 92,
        "3": 702,
        "4": 5198,
        "5": 22414,
        "6": 71555
    },
    "24967": {
        "0": 1,
        "1": 10,
        "2": 82,
        "3": 687,
        "4": 5666,
        "5": 16144,
        "6": 31762
    },
    "24968": {
        "0": 1,
        "1": 9,
        "2": 62,
        "3": 436,
        "4": 3035,
        "5": 11831,
        "6": 32437
    },
    "24969": {
        "0": 1,
        "1": 12,
        "2": 105,
        "3": 885,
        "4": 7381,
        "5": 29127,
        "6": 80829
    },
    "24970": {
        "0": 1,
        "1": 1,
        "2": 1,
        "3": 1,
        "4": 11,
        "5": 92,
        "6": 766
    },
    "24971": {
        "0": 1,
        "1": 1,
        "2": 12,
        "3": 111,
        "4": 955,
        "5": 8034,
        "6": 36586
    },
    "24972": {
        "0": 1,
        "1": 1,
        "2": 1,
        "3": 11,
        "4": 59,
        "5": 332,
        "6": 1852
    },
    "24973": {
        "0": 1,
        "1": 11,
        "2": 91,
        "3": 737,
        "4": 5848,
        "5": 18071,
        "6": 37472
    },
    "24974": {
        "0": 1,
        "1": 1,
        "2": 1,
        "3": 1,
        "4": 9,
        "5": 67,
        "6": 515
    },
    "24975": {
        "0": 1,
        "1": 1,
        "2": 1,
        "3": 9,
        "4": 69,
        "5": 515,
        "6": 3842
    },
    "24976": {
        "0": 1,
        "1": 1,
        "2": 10,
        "3": 81,
        "4": 627,
        "5": 4738,
        "6": 18116
    },
    "24977": {
        "0": 1,
        "1": 9,
        "2": 71,
        "3": 551,
        "4": 4248,
        "5": 13341,
        "6": 27432
    },
    "24978": {
        "0": 1,
        "1": 11,
        "2": 92,
        "3": 763,
        "4": 6292,
        "5": 21515,
        "6": 51304
    },
    "24979": {
        "0": 1,
        "1": 9,
        "2": 79,
        "3": 679,
        "4": 5752,
        "5": 17924,
        "6": 39098
    },
    "24980": {
        "0": 1,
        "1": 1,
        "2": 1,
        "3": 10,
        "4": 69,
        "5": 450,
        "6": 2900
    },
    "24981": {
        "0": 1,
        "1": 8,
        "2": 69,
        "3": 584,
        "4": 4886,
        "5": 10787,
        "6": 16542
    },
    "24982": {
        "0": 1,
        "1": 18,
        "2": 163,
        "3": 1239,
        "4": 9276,
        "5": 50580,
        "6": 179898
    },
    "24983": {
        "0": 1,
        "1": 10,
        "2": 84,
        "3": 706,
        "4": 5794,
        "5": 19352,
        "6": 44374
    },
    "24984": {
        "0": 1,
        "1": 13,
        "2": 114,
        "3": 964,
        "4": 8152,
        "5": 36627,
        "6": 103421
    },
    "24985": {
        "0": 1,
        "1": 1,
        "2": 10,
        "3": 66,
        "4": 437,
        "5": 2926,
        "6": 9448
    },
    "24986": {
        "0": 1,
        "1": 11,
        "2": 94,
        "3": 798,
        "4": 6691,
        "5": 25700,
        "6": 61480
    },
    "24987": {
        "0": 1,
        "1": 11,
        "2": 92,
        "3": 763,
        "4": 6281,
        "5": 21327,
        "6": 43414
    },
    "24988": {
        "0": 1,
        "1": 1,
        "2": 1,
        "3": 1,
        "4": 12,
        "5": 96,
        "6": 716
    },
    "24989": {
        "0": 1,
        "1": 9,
        "2": 76,
        "3": 646,
        "4": 5445,
        "5": 15294,
        "6": 28223
    },
    "24990": {
        "0": 1,
        "1": 10,
        "2": 85,
        "3": 722,
        "4": 6062,
        "5": 20650,
        "6": 51033
    },
    "24991": {
        "0": 1,
        "1": 1,
        "2": 8,
        "3": 69,
        "4": 576,
        "5": 4698,
        "6": 10160
    },
    "24992": {
        "0": 1,
        "1": 11,
        "2": 96,
        "3": 824,
        "4": 7006,
        "5": 26767,
        "6": 62062
    },
    "24993": {
        "0": 1,
        "1": 1,
        "2": 1,
        "3": 12,
        "4": 102,
        "5": 836,
        "6": 6758
    },
    "24994": {
        "0": 1,
        "1": 1,
        "2": 1,
        "3": 10,
        "4": 79,
        "5": 606,
        "6": 4654
    },
    "24995": {
        "0": 1,
        "1": 1,
        "2": 1,
        "3": 10,
        "4": 86,
        "5": 757,
        "6": 6576
    },
    "24996": {
        "0": 1,
        "1": 1,
        "2": 1,
        "3": 9,
        "4": 68,
        "5": 513,
        "6": 3917
    },
    "24997": {
        "0": 1,
        "1": 1,
        "2": 1,
        "3": 12,
        "4": 95,
        "5": 693,
        "6": 4977
    },
    "24998": {
        "0": 1,
        "1": 1,
        "2": 9,
        "3": 72,
        "4": 570,
        "5": 4515,
        "6": 16399
    },
    "24999": {
        "0": 1,
        "1": 11,
        "2": 93,
        "3": 778,
        "4": 6469,
        "5": 23591,
        "6": 57227
    }
}