{
    "10400": {
        "0": 1,
        "1": 1,
        "2": 10,
        "3": 78,
        "4": 586,
        "5": 4330,
        "6": 14554
    },
    "10401": {
        "0": 1,
        "1": 11,
        "2": 81,
        "3": 544,
        "4": 3633,
        "5": 15254,
        "6": 46579
    },
    "10402": {
        "0": 1,
        "1": 1,
        "2": 10,
        "3": 81,
        "4": 635,
        "5": 4936,
        "6": 19158
    },
    "10403": {
        "0": 1,
        "1": 8,
        "2": 68,
        "3": 582,
        "4": 4967,
        "5": 9545,
        "6": 13608
    },
    "10404": {
        "0": 1,
        "1": 1,
        "2": 9,
        "3": 69,
        "4": 499,
        "5": 3565,
        "6": 9902
    },
    "10405": {
        "0": 1,
        "1": 1,
        "2": 8,
        "3": 70,
        "4": 605,
        "5": 5175,
        "6": 13648
    },
    "10406": {
        "0": 1,
        "1": 10,
        "2": 78,
        "3": 590,
        "4": 4462,
        "5": 14520,
        "6": 33003
    },
    "10407": {
        "0": 1,
        "1": 1,
        "2": 1,
        "3": 1,
        "4": 10,
        "5": 79,
        "6": 618
    },
    "10408": {
        "0": 1,
        "1": 11,
        "2": 97,
        "3": 850,
        "4": 7397,
        "5": 31023,
        "6": 83788
    },
    "10409": {
        "0": 1,
        "1": 10,
        "2": 73,
        "3": 538,
        "4": 3945,
        "5": 11531,
        "6": 23158
    },
    "10410": {
        "0": 1,
        "1": 11,
        "2": 91,
        "3": 740,
        "4": 5947,
        "5": 17468,
        "6": 36912
    },
    "10411": {
        "0": 1,
        "1": 1,
        "2": 1,
        "3": 10,
        "4": 74,
        "5": 563,
        "6": 4309
    },
    "10412": {
        "0": 1,
        "1": 1,
        "2": 10,
        "3": 66,
        "4": 421,
        "5": 2721,
        "6": 7549
    },
    "10413": {
        "0": 1,
        "1": 12,
        "2": 96,
        "3": 741,
        "4": 5788,
        "5": 26193,
        "6": 80471
    },
    "10414": {
        "0": 1,
        "1": 10,
        "2": 83,
        "3": 694,
        "4": 5806,
        "5": 18476,
        "6": 39612
    },
    "10415": {
        "0": 1,
        "1": 1,
        "2": 1,
        "3": 9,
        "4": 74,
        "5": 617,
        "6": 5182
    },
    "10416": {
        "0": 1,
        "1": 1,
        "2": 1,
        "3": 11,
        "4": 87,
        "5": 670,
        "6": 5138
    },
    "10417": {
        "0": 1,
        "1": 11,
        "2": 87,
        "3": 665,
        "4": 5075,
        "5": 19665,
        "6": 54576
    },
    "10418": {
        "0": 1,
        "1": 1,
        "2": 1,
        "3": 1,
        "4": 9,
        "5": 64,
        "6": 442
    },
    "10419": {
        "0": 1,
        "1": 10,
        "2": 84,
        "3": 708,
        "4": 5947,
        "5": 19657,
        "6": 47285
    },
    "10420": {
        "0": 1,
        "1": 1,
        "2": 10,
        "3": 75,
        "4": 566,
        "5": 4292,
        "6": 15326
    },
    "10421": {
        "0": 1,
        "1": 11,
        "2": 92,
        "3": 764,
        "4": 6310,
        "5": 21897,
        "6": 51405
    },
    "10422": {
        "0": 1,
        "1": 1,
        "2": 12,
        "3": 99,
        "4": 822,
        "5": 6836,
        "6": 26707
    },
    "10423": {
        "0": 1,
        "1": 9,
        "2": 78,
        "3": 667,
        "4": 5726,
        "5": 16436,
        "6": 31122
    },
    "10424": {
        "0": 1,
        "1": 11,
        "2": 87,
        "3": 663,
        "4": 5081,
        "5": 20107,
        "6": 54501
    },
    "10425": {
        "0": 1,
        "1": 11,
        "2": 87,
        "3": 647,
        "4": 4736,
        "5": 17093,
        "6": 42128
    },
    "10426": {
        "0": 1,
        "1": 10,
        "2": 75,
        "3": 564,
        "4": 4270,
        "5": 13298,
        "6": 28322
    },
    "10427": {
        "0": 1,
        "1": 1,
        "2": 1,
        "3": 1,
        "4": 10,
        "5": 78,
        "6": 601
    },
    "10428": {
        "0": 1,
        "1": 1,
        "2": 1,
        "3": 8,
        "4": 60,
        "5": 453,
        "6": 3401
    },
    "10429": {
        "0": 1,
        "1": 10,
        "2": 83,
        "3": 697,
        "4": 5802,
        "5": 18006,
        "6": 31274
    },
    "10430": {
        "0": 1,
        "1": 1,
        "2": 1,
        "3": 12,
        "4": 82,
        "5": 539,
        "6": 3606
    },
    "10431": {
        "0": 1,
        "1": 13,
        "2": 113,
        "3": 940,
        "4": 7742,
        "5": 33222,
        "6": 83664
    },
    "10432": {
        "0": 1,
        "1": 11,
        "2": 79,
        "3": 543,
        "4": 3735,
        "5": 15317,
        "6": 44413
    },
    "10433": {
        "0": 1,
        "1": 11,
        "2": 78,
        "3": 513,
        "4": 3449,
        "5": 12849,
        "6": 38436
    },
    "10434": {
        "0": 1,
        "1": 11,
        "2": 91,
        "3": 737,
        "4": 5855,
        "5": 18381,
        "6": 39555
    },
    "10435": {
        "0": 1,
        "1": 13,
        "2": 111,
        "3": 833,
        "4": 6043,
        "5": 27588,
        "6": 86035
    },
    "10436": {
        "0": 1,
        "1": 10,
        "2": 79,
        "3": 598,
        "4": 4525,
        "5": 15270,
        "6": 36498
    },
    "10437": {
        "0": 1,
        "1": 9,
        "2": 67,
        "3": 512,
        "4": 3938,
        "5": 11055,
        "6": 23010
    },
    "10438": {
        "0": 1,
        "1": 1,
        "2": 11,
        "3": 86,
        "4": 652,
        "5": 4943,
        "6": 18508
    },
    "10439": {
        "0": 1,
        "1": 1,
        "2": 10,
        "3": 82,
        "4": 684,
        "5": 5644,
        "6": 16178
    },
    "10440": {
        "0": 1,
        "1": 1,
        "2": 11,
        "3": 94,
        "4": 781,
        "5": 6263,
        "6": 23850
    },
    "10441": {
        "0": 1,
        "1": 1,
        "2": 10,
        "3": 77,
        "4": 591,
        "5": 4568,
        "6": 16230
    },
    "10442": {
        "0": 1,
        "1": 1,
        "2": 10,
        "3": 67,
        "4": 431,
        "5": 2815,
        "6": 8112
    },
    "10443": {
        "0": 1,
        "1": 1,
        "2": 1,
        "3": 1,
        "4": 14,
        "5": 121,
        "6": 935
    },
    "10444": {
        "0": 1,
        "1": 1,
        "2": 12,
        "3": 84,
        "4": 550,
        "5": 3626,
        "6": 13579
    },
    "10445": {
        "0": 1,
        "1": 11,
        "2": 84,
        "3": 632,
        "4": 4736,
        "5": 17840,
        "6": 46332
    },
    "10446": {
        "0": 1,
        "1": 11,
        "2": 85,
        "3": 648,
        "4": 4919,
        "5": 18296,
        "6": 44327
    },
    "10447": {
        "0": 1,
        "1": 1,
        "2": 11,
        "3": 93,
        "4": 780,
        "5": 6500,
        "6": 23897
    },
    "10448": {
        "0": 1,
        "1": 1,
        "2": 11,
        "3": 84,
        "4": 604,
        "5": 4228,
        "6": 13967
    },
    "10449": {
        "0": 1,
        "1": 11,
        "2": 84,
        "3": 605,
        "4": 4349,
        "5": 13997,
        "6": 34774
    },
    "10450": {
        "0": 1,
        "1": 1,
        "2": 1,
        "3": 11,
        "4": 75,
        "5": 483,
        "6": 3087
    },
    "10451": {
        "0": 1,
        "1": 12,
        "2": 109,
        "3": 962,
        "4": 8214,
        "5": 38474,
        "6": 108595
    },
    "10452": {
        "0": 1,
        "1": 1,
        "2": 11,
        "3": 85,
        "4": 626,
        "5": 4570,
        "6": 15955
    },
    "10453": {
        "0": 1,
        "1": 1,
        "2": 9,
        "3": 79,
        "4": 685,
        "5": 5850,
        "6": 19533
    },
    "10454": {
        "0": 1,
        "1": 1,
        "2": 1,
        "3": 1,
        "4": 10,
        "5": 82,
        "6": 701
    },
    "10455": {
        "0": 1,
        "1": 9,
        "2": 63,
        "3": 436,
        "4": 2959,
        "5": 10798,
        "6": 28086
    },
    "10456": {
        "0": 1,
        "1": 1,
        "2": 8,
        "3": 62,
        "4": 480,
        "5": 3739,
        "6": 9970
    },
    "10457": {
        "0": 1,
        "1": 1,
        "2": 1,
        "3": 10,
        "4": 76,
        "5": 596,
        "6": 4662
    },
    "10458": {
        "0": 1,
        "1": 1,
        "2": 10,
        "3": 78,
        "4": 598,
        "5": 4530,
        "6": 14715
    },
    "10459": {
        "0": 1,
        "1": 10,
        "2": 81,
        "3": 672,
        "4": 5591,
        "5": 16164,
        "6": 35595
    },
    "10460": {
        "0": 1,
        "1": 9,
        "2": 69,
        "3": 526,
        "4": 4038,
        "5": 12171,
        "6": 25891
    },
    "10461": {
        "0": 1,
        "1": 1,
        "2": 1,
        "3": 1,
        "4": 13,
        "5": 117,
        "6": 971
    },
    "10462": {
        "0": 1,
        "1": 1,
        "2": 9,
        "3": 79,
        "4": 664,
        "5": 5435,
        "6": 16051
    },
    "10463": {
        "0": 1,
        "1": 1,
        "2": 1,
        "3": 12,
        "4": 87,
        "5": 568,
        "6": 3759
    },
    "10464": {
        "0": 1,
        "1": 11,
        "2": 87,
        "3": 667,
        "4": 5108,
        "5": 19727,
        "6": 53921
    },
    "10465": {
        "0": 1,
        "1": 1,
        "2": 8,
        "3": 61,
        "4": 463,
        "5": 3552,
        "6": 8217
    },
    "10466": {
        "0": 1,
        "1": 1,
        "2": 1,
        "3": 1,
        "4": 1,
        "5": 8,
        "6": 63
    },
    "10467": {
        "0": 1,
        "1": 9,
        "2": 80,
        "3": 694,
        "4": 5996,
        "5": 18739,
        "6": 40435
    },
    "10468": {
        "0": 1,
        "1": 1,
        "2": 11,
        "3": 86,
        "4": 653,
        "5": 4988,
        "6": 18972
    },
    "10469": {
        "0": 1,
        "1": 10,
        "2": 88,
        "3": 770,
        "4": 6717,
        "5": 25601,
        "6": 60795
    },
    "10470": {
        "0": 1,
        "1": 11,
        "2": 99,
        "3": 857,
        "4": 7316,
        "5": 29872,
        "6": 82381
    },
    "10471": {
        "0": 1,
        "1": 10,
        "2": 69,
        "3": 450,
        "4": 2904,
        "5": 9600,
        "6": 23233
    },
    "10472": {
        "0": 1,
        "1": 10,
        "2": 71,
        "3": 491,
        "4": 3356,
        "5": 13761,
        "6": 40021
    },
    "10473": {
        "0": 1,
        "1": 9,
        "2": 74,
        "3": 604,
        "4": 4943,
        "5": 10289,
        "6": 18703
    },
    "10474": {
        "0": 1,
        "1": 9,
        "2": 65,
        "3": 469,
        "4": 3403,
        "5": 7479,
        "6": 15262
    },
    "10475": {
        "0": 1,
        "1": 11,
        "2": 95,
        "3": 801,
        "4": 6681,
        "5": 25158,
        "6": 63065
    },
    "10476": {
        "0": 1,
        "1": 1,
        "2": 10,
        "3": 75,
        "4": 568,
        "5": 4367,
        "6": 14814
    },
    "10477": {
        "0": 1,
        "1": 9,
        "2": 75,
        "3": 632,
        "4": 5287,
        "5": 13861,
        "6": 27802
    },
    "10478": {
        "0": 1,
        "1": 11,
        "2": 83,
        "3": 603,
        "4": 4373,
        "5": 14439,
        "6": 35668
    },
    "10479": {
        "0": 1,
        "1": 9,
        "2": 70,
        "3": 534,
        "4": 4003,
        "5": 12484,
        "6": 29767
    },
    "10480": {
        "0": 1,
        "1": 8,
        "2": 63,
        "3": 488,
        "4": 3776,
        "5": 9983,
        "6": 19733
    },
    "10481": {
        "0": 1,
        "1": 1,
        "2": 10,
        "3": 87,
        "4": 752,
        "5": 6478,
        "6": 23105
    },
    "10482": {
        "0": 1,
        "1": 1,
        "2": 1,
        "3": 12,
        "4": 92,
        "5": 682,
        "6": 5198
    },
    "10483": {
        "0": 1,
        "1": 11,
        "2": 86,
        "3": 647,
        "4": 4840,
        "5": 17031,
        "6": 45138
    },
    "10484": {
        "0": 1,
        "1": 9,
        "2": 69,
        "3": 535,
        "4": 4110,
        "5": 12569,
        "6": 28843
    },
    "10485": {
        "0": 1,
        "1": 10,
        "2": 71,
        "3": 481,
        "4": 3231,
        "5": 11365,
        "6": 27239
    },
    "10486": {
        "0": 1,
        "1": 9,
        "2": 62,
        "3": 414,
        "4": 2772,
        "5": 9584,
        "6": 24854
    },
    "10487": {
        "0": 1,
        "1": 9,
        "2": 79,
        "3": 694,
        "4": 6053,
        "5": 19914,
        "6": 39498
    },
    "10488": {
        "0": 1,
        "1": 1,
        "2": 1,
        "3": 9,
        "4": 75,
        "5": 614,
        "6": 4952
    },
    "10489": {
        "0": 1,
        "1": 1,
        "2": 11,
        "3": 94,
        "4": 815,
        "5": 6976,
        "6": 26970
    },
    "10490": {
        "0": 1,
        "1": 1,
        "2": 11,
        "3": 71,
        "4": 437,
        "5": 2711,
        "6": 9345
    },
    "10491": {
        "0": 1,
        "1": 9,
        "2": 59,
        "3": 376,
        "4": 2379,
        "5": 6009,
        "6": 12842
    },
    "10492": {
        "0": 1,
        "1": 9,
        "2": 82,
        "3": 734,
        "4": 6315,
        "5": 24815,
        "6": 65707
    },
    "10493": {
        "0": 1,
        "1": 9,
        "2": 76,
        "3": 636,
        "4": 5181,
        "5": 13840,
        "6": 25932
    },
    "10494": {
        "0": 1,
        "1": 10,
        "2": 77,
        "3": 588,
        "4": 4462,
        "5": 16371,
        "6": 42049
    },
    "10495": {
        "0": 1,
        "1": 10,
        "2": 84,
        "3": 729,
        "4": 6366,
        "5": 23085,
        "6": 57353
    },
    "10496": {
        "0": 1,
        "1": 1,
        "2": 1,
        "3": 11,
        "4": 87,
        "5": 664,
        "6": 5079
    },
    "10497": {
        "0": 1,
        "1": 1,
        "2": 12,
        "3": 105,
        "4": 887,
        "5": 7457,
        "6": 30150
    },
    "10498": {
        "0": 1,
        "1": 1,
        "2": 9,
        "3": 79,
        "4": 708,
        "5": 6232,
        "6": 21216
    },
    "10499": {
        "0": 1,
        "1": 1,
        "2": 10,
        "3": 76,
        "4": 565,
        "5": 4182,
        "6": 13595
    }
}