{
    "8400": {
        "0": 1,
        "1": 1,
        "2": 1,
        "3": 11,
        "4": 78,
        "5": 506,
        "6": 3172
    },
    "8401": {
        "0": 1,
        "1": 1,
        "2": 12,
        "3": 93,
        "4": 697,
        "5": 5279,
        "6": 21094
    },
    "8402": {
        "0": 1,
        "1": 11,
        "2": 90,
        "3": 719,
        "4": 5641,
        "5": 16013,
        "6": 32422
    },
    "8403": {
        "0": 1,
        "1": 11,
        "2": 92,
        "3": 757,
        "4": 6067,
        "5": 20302,
        "6": 44608
    },
    "8404": {
        "0": 1,
        "1": 1,
        "2": 1,
        "3": 13,
        "4": 104,
        "5": 767,
        "6": 5724
    },
    "8405": {
        "0": 1,
        "1": 11,
        "2": 95,
        "3": 789,
        "4": 6362,
        "5": 22700,
        "6": 56516
    },
    "8406": {
        "0": 1,
        "1": 11,
        "2": 88,
        "3": 718,
        "4": 5792,
        "5": 16466,
        "6": 31099
    },
    "8407": {
        "0": 1,
        "1": 10,
        "2": 86,
        "3": 732,
        "4": 6102,
        "5": 20383,
        "6": 49115
    },
    "8408": {
        "0": 1,
        "1": 1,
        "2": 9,
        "3": 67,
        "4": 488,
        "5": 3538,
        "6": 8499
    },
    "8409": {
        "0": 1,
        "1": 1,
        "2": 11,
        "3": 88,
        "4": 653,
        "5": 4737,
        "6": 16822
    },
    "8410": {
        "0": 1,
        "1": 1,
        "2": 1,
        "3": 10,
        "4": 79,
        "5": 617,
        "6": 4738
    },
    "8411": {
        "0": 1,
        "1": 1,
        "2": 1,
        "3": 1,
        "4": 12,
        "5": 93,
        "6": 689
    },
    "8412": {
        "0": 1,
        "1": 1,
        "2": 1,
        "3": 1,
        "4": 9,
        "5": 75,
        "6": 604
    },
    "8413": {
        "0": 1,
        "1": 1,
        "2": 8,
        "3": 69,
        "4": 591,
        "5": 5098,
        "6": 11463
    },
    "8414": {
        "0": 1,
        "1": 9,
        "2": 77,
        "3": 643,
        "4": 5239,
        "5": 14243,
        "6": 27656
    },
    "8415": {
        "0": 1,
        "1": 1,
        "2": 11,
        "3": 92,
        "4": 780,
        "5": 6608,
        "6": 23236
    },
    "8416": {
        "0": 1,
        "1": 1,
        "2": 11,
        "3": 84,
        "4": 625,
        "5": 4675,
        "6": 15880
    },
    "8417": {
        "0": 1,
        "1": 9,
        "2": 68,
        "3": 514,
        "4": 3828,
        "5": 11097,
        "6": 21754
    },
    "8418": {
        "0": 1,
        "1": 1,
        "2": 10,
        "3": 81,
        "4": 640,
        "5": 4944,
        "6": 18831
    },
    "8419": {
        "0": 1,
        "1": 1,
        "2": 10,
        "3": 86,
        "4": 718,
        "5": 5853,
        "6": 19028
    },
    "8420": {
        "0": 1,
        "1": 11,
        "2": 84,
        "3": 611,
        "4": 4386,
        "5": 15714,
        "6": 37595
    },
    "8421": {
        "0": 1,
        "1": 1,
        "2": 1,
        "3": 1,
        "4": 9,
        "5": 59,
        "6": 387
    },
    "8422": {
        "0": 1,
        "1": 10,
        "2": 76,
        "3": 593,
        "4": 4645,
        "5": 17231,
        "6": 46154
    },
    "8423": {
        "0": 1,
        "1": 1,
        "2": 10,
        "3": 74,
        "4": 572,
        "5": 4463,
        "6": 16151
    },
    "8424": {
        "0": 1,
        "1": 11,
        "2": 77,
        "3": 524,
        "4": 3595,
        "5": 14470,
        "6": 36685
    },
    "8425": {
        "0": 1,
        "1": 9,
        "2": 77,
        "3": 660,
        "4": 5570,
        "5": 16530,
        "6": 32975
    },
    "8426": {
        "0": 1,
        "1": 9,
        "2": 69,
        "3": 523,
        "4": 3999,
        "5": 11338,
        "6": 24953
    },
    "8427": {
        "0": 1,
        "1": 1,
        "2": 1,
        "3": 9,
        "4": 65,
        "5": 453,
        "6": 3094
    },
    "8428": {
        "0": 1,
        "1": 9,
        "2": 67,
        "3": 509,
        "4": 3904,
        "5": 10945,
        "6": 23075
    },
    "8429": {
        "0": 1,
        "1": 1,
        "2": 11,
        "3": 88,
        "4": 670,
        "5": 5062,
        "6": 20682
    },
    "8430": {
        "0": 1,
        "1": 1,
        "2": 13,
        "3": 109,
        "4": 825,
        "5": 6120,
        "6": 26274
    },
    "8431": {
        "0": 1,
        "1": 1,
        "2": 1,
        "3": 12,
        "4": 90,
        "5": 660,
        "6": 4857
    },
    "8432": {
        "0": 1,
        "1": 9,
        "2": 75,
        "3": 633,
        "4": 5322,
        "5": 12385,
        "6": 20880
    },
    "8433": {
        "0": 1,
        "1": 1,
        "2": 12,
        "3": 97,
        "4": 781,
        "5": 6352,
        "6": 21802
    },
    "8434": {
        "0": 1,
        "1": 11,
        "2": 85,
        "3": 609,
        "4": 4345,
        "5": 13551,
        "6": 32945
    },
    "8435": {
        "0": 1,
        "1": 11,
        "2": 91,
        "3": 766,
        "4": 6486,
        "5": 22660,
        "6": 56761
    },
    "8436": {
        "0": 1,
        "1": 12,
        "2": 103,
        "3": 878,
        "4": 7468,
        "5": 30831,
        "6": 79312
    },
    "8437": {
        "0": 1,
        "1": 1,
        "2": 1,
        "3": 1,
        "4": 9,
        "5": 76,
        "6": 676
    },
    "8438": {
        "0": 1,
        "1": 1,
        "2": 8,
        "3": 61,
        "4": 464,
        "5": 3547,
        "6": 8190
    },
    "8439": {
        "0": 1,
        "1": 10,
        "2": 75,
        "3": 569,
        "4": 4259,
        "5": 14056,
        "6": 32498
    },
    "8440": {
        "0": 1,
        "1": 1,
        "2": 10,
        "3": 84,
        "4": 715,
        "5": 6028,
        "6": 20452
    },
    "8441": {
        "0": 1,
        "1": 1,
        "2": 1,
        "3": 8,
        "4": 67,
        "5": 559,
        "6": 4579
    },
    "8442": {
        "0": 1,
        "1": 10,
        "2": 87,
        "3": 754,
        "4": 6337,
        "5": 22567,
        "6": 53135
    },
    "8443": {
        "0": 1,
        "1": 1,
        "2": 12,
        "3": 93,
        "4": 642,
        "5": 4222,
        "6": 13384
    },
    "8444": {
        "0": 1,
        "1": 1,
        "2": 1,
        "3": 1,
        "4": 1,
        "5": 1,
        "6": 9
    },
    "8445": {
        "0": 1,
        "1": 1,
        "2": 12,
        "3": 89,
        "4": 597,
        "5": 3925,
        "6": 16686
    },
    "8446": {
        "0": 1,
        "1": 11,
        "2": 77,
        "3": 523,
        "4": 3570,
        "5": 14210,
        "6": 36427
    },
    "8447": {
        "0": 1,
        "1": 11,
        "2": 97,
        "3": 833,
        "4": 7071,
        "5": 29611,
        "6": 77711
    },
    "8448": {
        "0": 1,
        "1": 12,
        "2": 107,
        "3": 918,
        "4": 7814,
        "5": 33721,
        "6": 89070
    },
    "8449": {
        "0": 1,
        "1": 1,
        "2": 10,
        "3": 84,
        "4": 708,
        "5": 5901,
        "6": 18981
    },
    "8450": {
        "0": 1,
        "1": 1,
        "2": 9,
        "3": 81,
        "4": 698,
        "5": 5930,
        "6": 19889
    },
    "8451": {
        "0": 1,
        "1": 1,
        "2": 11,
        "3": 97,
        "4": 855,
        "5": 7397,
        "6": 32966
    },
    "8452": {
        "0": 1,
        "1": 1,
        "2": 1,
        "3": 13,
        "4": 105,
        "5": 785,
        "6": 5837
    },
    "8453": {
        "0": 1,
        "1": 1,
        "2": 1,
        "3": 1,
        "4": 13,
        "5": 111,
        "6": 852
    },
    "8454": {
        "0": 1,
        "1": 1,
        "2": 12,
        "3": 102,
        "4": 866,
        "5": 7305,
        "6": 28875
    },
    "8455": {
        "0": 1,
        "1": 9,
        "2": 60,
        "3": 394,
        "4": 2634,
        "5": 7654,
        "6": 16324
    },
    "8456": {
        "0": 1,
        "1": 1,
        "2": 12,
        "3": 103,
        "4": 874,
        "5": 7425,
        "6": 30725
    },
    "8457": {
        "0": 1,
        "1": 1,
        "2": 12,
        "3": 93,
        "4": 690,
        "5": 5172,
        "6": 19866
    },
    "8458": {
        "0": 1,
        "1": 1,
        "2": 13,
        "3": 114,
        "4": 967,
        "5": 8138,
        "6": 35631
    },
    "8459": {
        "0": 1,
        "1": 1,
        "2": 11,
        "3": 91,
        "4": 749,
        "5": 6112,
        "6": 19591
    },
    "8460": {
        "0": 1,
        "1": 1,
        "2": 1,
        "3": 10,
        "4": 86,
        "5": 734,
        "6": 6276
    },
    "8461": {
        "0": 1,
        "1": 10,
        "2": 80,
        "3": 613,
        "4": 4684,
        "5": 16806,
        "6": 42410
    },
    "8462": {
        "0": 1,
        "1": 1,
        "2": 1,
        "3": 1,
        "4": 1,
        "5": 1,
        "6": 9
    },
    "8463": {
        "0": 1,
        "1": 1,
        "2": 1,
        "3": 9,
        "4": 67,
        "5": 502,
        "6": 3774
    },
    "8464": {
        "0": 1,
        "1": 13,
        "2": 106,
        "3": 779,
        "4": 5586,
        "5": 24519,
        "6": 77093
    },
    "8465": {
        "0": 1,
        "1": 1,
        "2": 1,
        "3": 9,
        "4": 77,
        "5": 650,
        "6": 5440
    },
    "8466": {
        "0": 1,
        "1": 1,
        "2": 1,
        "3": 9,
        "4": 70,
        "5": 540,
        "6": 4127
    },
    "8467": {
        "0": 1,
        "1": 10,
        "2": 66,
        "3": 439,
        "4": 2975,
        "5": 9976,
        "6": 26775
    },
    "8468": {
        "0": 1,
        "1": 1,
        "2": 9,
        "3": 59,
        "4": 377,
        "5": 2388,
        "6": 6150
    },
    "8469": {
        "0": 1,
        "1": 9,
        "2": 83,
        "3": 743,
        "4": 6566,
        "5": 24843,
        "6": 59093
    },
    "8470": {
        "0": 1,
        "1": 8,
        "2": 69,
        "3": 590,
        "4": 5016,
        "5": 10080,
        "6": 16508
    },
    "8471": {
        "0": 1,
        "1": 10,
        "2": 67,
        "3": 435,
        "4": 2818,
        "5": 7933,
        "6": 14388
    },
    "8472": {
        "0": 1,
        "1": 1,
        "2": 12,
        "3": 91,
        "4": 647,
        "5": 4695,
        "6": 15494
    },
    "8473": {
        "0": 1,
        "1": 10,
        "2": 73,
        "3": 534,
        "4": 3963,
        "5": 12488,
        "6": 27094
    },
    "8474": {
        "0": 1,
        "1": 1,
        "2": 9,
        "3": 69,
        "4": 513,
        "5": 3728,
        "6": 11326
    },
    "8475": {
        "0": 1,
        "1": 1,
        "2": 10,
        "3": 65,
        "4": 423,
        "5": 2803,
        "6": 8437
    },
    "8476": {
        "0": 1,
        "1": 1,
        "2": 1,
        "3": 1,
        "4": 10,
        "5": 80,
        "6": 627
    },
    "8477": {
        "0": 1,
        "1": 1,
        "2": 1,
        "3": 12,
        "4": 84,
        "5": 550,
        "6": 3703
    },
    "8478": {
        "0": 1,
        "1": 1,
        "2": 8,
        "3": 59,
        "4": 450,
        "5": 3478,
        "6": 8037
    },
    "8479": {
        "0": 1,
        "1": 1,
        "2": 1,
        "3": 8,
        "4": 68,
        "5": 575,
        "6": 4901
    },
    "8480": {
        "0": 1,
        "1": 1,
        "2": 1,
        "3": 10,
        "4": 78,
        "5": 595,
        "6": 4531
    },
    "8481": {
        "0": 1,
        "1": 1,
        "2": 1,
        "3": 10,
        "4": 75,
        "5": 559,
        "6": 4179
    },
    "8482": {
        "0": 1,
        "1": 11,
        "2": 93,
        "3": 776,
        "4": 6403,
        "5": 22154,
        "6": 50288
    },
    "8483": {
        "0": 1,
        "1": 1,
        "2": 10,
        "3": 78,
        "4": 615,
        "5": 4827,
        "6": 18715
    },
    "8484": {
        "0": 1,
        "1": 1,
        "2": 13,
        "3": 119,
        "4": 985,
        "5": 7814,
        "6": 33224
    },
    "8485": {
        "0": 1,
        "1": 13,
        "2": 116,
        "3": 931,
        "4": 7178,
        "5": 36725,
        "6": 128373
    },
    "8486": {
        "0": 1,
        "1": 1,
        "2": 8,
        "3": 71,
        "4": 625,
        "5": 5416,
        "6": 16100
    },
    "8487": {
        "0": 1,
        "1": 1,
        "2": 1,
        "3": 1,
        "4": 10,
        "5": 78,
        "6": 600
    },
    "8488": {
        "0": 1,
        "1": 1,
        "2": 11,
        "3": 85,
        "4": 619,
        "5": 4489,
        "6": 15495
    },
    "8489": {
        "0": 1,
        "1": 12,
        "2": 103,
        "3": 882,
        "4": 7496,
        "5": 31058,
        "6": 78892
    },
    "8490": {
        "0": 1,
        "1": 10,
        "2": 85,
        "3": 716,
        "4": 6085,
        "5": 19363,
        "6": 39903
    },
    "8491": {
        "0": 1,
        "1": 1,
        "2": 11,
        "3": 66,
        "4": 387,
        "5": 2218,
        "6": 8753
    },
    "8492": {
        "0": 1,
        "1": 10,
        "2": 86,
        "3": 736,
        "4": 6242,
        "5": 22308,
        "6": 49785
    },
    "8493": {
        "0": 1,
        "1": 1,
        "2": 1,
        "3": 1,
        "4": 9,
        "5": 82,
        "6": 695
    },
    "8494": {
        "0": 1,
        "1": 8,
        "2": 70,
        "3": 609,
        "4": 5289,
        "5": 13337,
        "6": 24310
    },
    "8495": {
        "0": 1,
        "1": 9,
        "2": 77,
        "3": 640,
        "4": 5293,
        "5": 13446,
        "6": 25347
    },
    "8496": {
        "0": 1,
        "1": 12,
        "2": 104,
        "3": 882,
        "4": 7419,
        "5": 29793,
        "6": 75158
    },
    "8497": {
        "0": 1,
        "1": 1,
        "2": 11,
        "3": 94,
        "4": 800,
        "5": 6621,
        "6": 25259
    },
    "8498": {
        "0": 1,
        "1": 1,
        "2": 10,
        "3": 79,
        "4": 611,
        "5": 4755,
        "6": 17855
    },
    "8499": {
        "0": 1,
        "1": 10,
        "2": 86,
        "3": 738,
        "4": 6102,
        "5": 21408,
        "6": 50702
    }
}