{
    "23500": {
        "0": 1,
        "1": 10,
        "2": 83,
        "3": 692,
        "4": 5738,
        "5": 17205,
        "6": 30318
    },
    "23501": {
        "0": 1,
        "1": 10,
        "2": 85,
        "3": 709,
        "4": 5800,
        "5": 16823,
        "6": 31443
    },
    "23502": {
        "0": 1,
        "1": 11,
        "2": 85,
        "3": 635,
        "4": 4716,
        "5": 17705,
        "6": 43367
    },
    "23503": {
        "0": 1,
        "1": 1,
        "2": 1,
        "3": 1,
        "4": 12,
        "5": 92,
        "6": 673
    },
    "23504": {
        "0": 1,
        "1": 9,
        "2": 72,
        "3": 561,
        "4": 4271,
        "5": 15197,
        "6": 38592
    },
    "23505": {
        "0": 1,
        "1": 1,
        "2": 1,
        "3": 10,
        "4": 76,
        "5": 567,
        "6": 4231
    },
    "23506": {
        "0": 1,
        "1": 1,
        "2": 10,
        "3": 80,
        "4": 625,
        "5": 4840,
        "6": 18015
    },
    "23507": {
        "0": 1,
        "1": 1,
        "2": 11,
        "3": 92,
        "4": 787,
        "5": 6631,
        "6": 25120
    },
    "23508": {
        "0": 1,
        "1": 1,
        "2": 1,
        "3": 10,
        "4": 80,
        "5": 632,
        "6": 4961
    },
    "23509": {
        "0": 1,
        "1": 1,
        "2": 9,
        "3": 70,
        "4": 537,
        "5": 4132,
        "6": 12552
    },
    "23510": {
        "0": 1,
        "1": 1,
        "2": 1,
        "3": 15,
        "4": 137,
        "5": 1117,
        "6": 8835
    },
    "23511": {
        "0": 1,
        "1": 1,
        "2": 1,
        "3": 1,
        "4": 1,
        "5": 1,
        "6": 11
    },
    "23512": {
        "0": 1,
        "1": 12,
        "2": 105,
        "3": 867,
        "4": 6937,
        "5": 26935,
        "6": 71752
    },
    "23513": {
        "0": 1,
        "1": 1,
        "2": 1,
        "3": 13,
        "4": 102,
        "5": 721,
        "6": 4999
    },
    "23514": {
        "0": 1,
        "1": 10,
        "2": 75,
        "3": 547,
        "4": 3994,
        "5": 11912,
        "6": 27126
    },
    "23515": {
        "0": 1,
        "1": 1,
        "2": 12,
        "3": 104,
        "4": 856,
        "5": 6935,
        "6": 25928
    },
    "23516": {
        "0": 1,
        "1": 1,
        "2": 1,
        "3": 1,
        "4": 9,
        "5": 69,
        "6": 537
    },
    "23517": {
        "0": 1,
        "1": 10,
        "2": 66,
        "3": 416,
        "4": 2671,
        "5": 7209,
        "6": 17455
    },
    "23518": {
        "0": 1,
        "1": 9,
        "2": 61,
        "3": 400,
        "4": 2631,
        "5": 6989,
        "6": 14556
    },
    "23519": {
        "0": 1,
        "1": 9,
        "2": 65,
        "3": 480,
        "4": 3587,
        "5": 7927,
        "6": 13539
    },
    "23520": {
        "0": 1,
        "1": 1,
        "2": 14,
        "3": 95,
        "4": 559,
        "5": 3326,
        "6": 15050
    },
    "23521": {
        "0": 1,
        "1": 11,
        "2": 78,
        "3": 524,
        "4": 3463,
        "5": 12610,
        "6": 32584
    },
    "23522": {
        "0": 1,
        "1": 9,
        "2": 75,
        "3": 597,
        "4": 4647,
        "5": 16729,
        "6": 48425
    },
    "23523": {
        "0": 1,
        "1": 10,
        "2": 72,
        "3": 506,
        "4": 3490,
        "5": 13775,
        "6": 40770
    },
    "23524": {
        "0": 1,
        "1": 1,
        "2": 9,
        "3": 60,
        "4": 408,
        "5": 2788,
        "6": 8608
    },
    "23525": {
        "0": 1,
        "1": 10,
        "2": 82,
        "3": 678,
        "4": 5549,
        "5": 17360,
        "6": 36975
    },
    "23526": {
        "0": 1,
        "1": 1,
        "2": 1,
        "3": 10,
        "4": 74,
        "5": 559,
        "6": 4276
    },
    "23527": {
        "0": 1,
        "1": 8,
        "2": 60,
        "3": 449,
        "4": 3371,
        "5": 6253,
        "6": 12380
    },
    "23528": {
        "0": 1,
        "1": 1,
        "2": 10,
        "3": 84,
        "4": 723,
        "5": 6202,
        "6": 20837
    },
    "23529": {
        "0": 1,
        "1": 8,
        "2": 70,
        "3": 605,
        "4": 5164,
        "5": 13154,
        "6": 24449
    },
    "23530": {
        "0": 1,
        "1": 1,
        "2": 10,
        "3": 73,
        "4": 537,
        "5": 4062,
        "6": 12152
    },
    "23531": {
        "0": 1,
        "1": 1,
        "2": 12,
        "3": 90,
        "4": 663,
        "5": 4983,
        "6": 18875
    },
    "23532": {
        "0": 1,
        "1": 1,
        "2": 11,
        "3": 84,
        "4": 628,
        "5": 4709,
        "6": 16422
    },
    "23533": {
        "0": 1,
        "1": 1,
        "2": 1,
        "3": 1,
        "4": 11,
        "5": 95,
        "6": 817
    },
    "23534": {
        "0": 1,
        "1": 10,
        "2": 69,
        "3": 460,
        "4": 3122,
        "5": 11153,
        "6": 30054
    },
    "23535": {
        "0": 1,
        "1": 1,
        "2": 1,
        "3": 11,
        "4": 94,
        "5": 807,
        "6": 6955
    },
    "23536": {
        "0": 1,
        "1": 10,
        "2": 75,
        "3": 564,
        "4": 4278,
        "5": 13555,
        "6": 27231
    },
    "23537": {
        "0": 1,
        "1": 9,
        "2": 78,
        "3": 684,
        "4": 5921,
        "5": 20656,
        "6": 44684
    },
    "23538": {
        "0": 1,
        "1": 10,
        "2": 74,
        "3": 537,
        "4": 3886,
        "5": 10800,
        "6": 23059
    },
    "23539": {
        "0": 1,
        "1": 1,
        "2": 1,
        "3": 9,
        "4": 61,
        "5": 408,
        "6": 2703
    },
    "23540": {
        "0": 1,
        "1": 10,
        "2": 82,
        "3": 675,
        "4": 5460,
        "5": 16050,
        "6": 32362
    },
    "23541": {
        "0": 1,
        "1": 10,
        "2": 75,
        "3": 558,
        "4": 4096,
        "5": 12693,
        "6": 28054
    },
    "23542": {
        "0": 1,
        "1": 11,
        "2": 96,
        "3": 805,
        "4": 6484,
        "5": 25533,
        "6": 65484
    },
    "23543": {
        "0": 1,
        "1": 12,
        "2": 107,
        "3": 907,
        "4": 7575,
        "5": 32648,
        "6": 89101
    },
    "23544": {
        "0": 1,
        "1": 1,
        "2": 10,
        "3": 70,
        "4": 479,
        "5": 3238,
        "6": 12776
    },
    "23545": {
        "0": 1,
        "1": 11,
        "2": 83,
        "3": 619,
        "4": 4681,
        "5": 16829,
        "6": 40351
    },
    "23546": {
        "0": 1,
        "1": 8,
        "2": 67,
        "3": 580,
        "4": 5110,
        "5": 12542,
        "6": 23671
    },
    "23547": {
        "0": 1,
        "1": 11,
        "2": 84,
        "3": 639,
        "4": 4883,
        "5": 18423,
        "6": 46555
    },
    "23548": {
        "0": 1,
        "1": 9,
        "2": 78,
        "3": 679,
        "4": 5894,
        "5": 18468,
        "6": 39208
    },
    "23549": {
        "0": 1,
        "1": 1,
        "2": 12,
        "3": 98,
        "4": 755,
        "5": 5784,
        "6": 25184
    },
    "23550": {
        "0": 1,
        "1": 1,
        "2": 1,
        "3": 9,
        "4": 68,
        "5": 492,
        "6": 3435
    },
    "23551": {
        "0": 1,
        "1": 9,
        "2": 72,
        "3": 568,
        "4": 4409,
        "5": 14848,
        "6": 36160
    },
    "23552": {
        "0": 1,
        "1": 11,
        "2": 69,
        "3": 410,
        "4": 2460,
        "5": 9954,
        "6": 30214
    },
    "23553": {
        "0": 1,
        "1": 1,
        "2": 1,
        "3": 9,
        "4": 75,
        "5": 631,
        "6": 5259
    },
    "23554": {
        "0": 1,
        "1": 10,
        "2": 84,
        "3": 698,
        "4": 5702,
        "5": 15997,
        "6": 38184
    },
    "23555": {
        "0": 1,
        "1": 9,
        "2": 68,
        "3": 527,
        "4": 4103,
        "5": 12843,
        "6": 28344
    },
    "23556": {
        "0": 1,
        "1": 10,
        "2": 83,
        "3": 688,
        "4": 5637,
        "5": 15898,
        "6": 30011
    },
    "23557": {
        "0": 1,
        "1": 15,
        "2": 125,
        "3": 917,
        "4": 6771,
        "5": 31327,
        "6": 107758
    },
    "23558": {
        "0": 1,
        "1": 10,
        "2": 84,
        "3": 708,
        "4": 5885,
        "5": 18551,
        "6": 41074
    },
    "23559": {
        "0": 1,
        "1": 11,
        "2": 82,
        "3": 574,
        "4": 4020,
        "5": 17959,
        "6": 54805
    },
    "23560": {
        "0": 1,
        "1": 11,
        "2": 92,
        "3": 780,
        "4": 6632,
        "5": 23923,
        "6": 57646
    },
    "23561": {
        "0": 1,
        "1": 1,
        "2": 10,
        "3": 90,
        "4": 784,
        "5": 6775,
        "6": 27313
    },
    "23562": {
        "0": 1,
        "1": 1,
        "2": 10,
        "3": 67,
        "4": 445,
        "5": 2989,
        "6": 9831
    },
    "23563": {
        "0": 1,
        "1": 1,
        "2": 10,
        "3": 69,
        "4": 475,
        "5": 3242,
        "6": 12981
    },
    "23564": {
        "0": 1,
        "1": 1,
        "2": 11,
        "3": 84,
        "4": 616,
        "5": 4607,
        "6": 15706
    },
    "23565": {
        "0": 1,
        "1": 12,
        "2": 103,
        "3": 854,
        "4": 6891,
        "5": 26986,
        "6": 68670
    },
    "23566": {
        "0": 1,
        "1": 10,
        "2": 66,
        "3": 425,
        "4": 2797,
        "5": 9540,
        "6": 27332
    },
    "23567": {
        "0": 1,
        "1": 9,
        "2": 71,
        "3": 568,
        "4": 4539,
        "5": 6182,
        "6": 8917
    },
    "23568": {
        "0": 1,
        "1": 1,
        "2": 1,
        "3": 1,
        "4": 1,
        "5": 10,
        "6": 83
    },
    "23569": {
        "0": 1,
        "1": 10,
        "2": 68,
        "3": 436,
        "4": 2842,
        "5": 9750,
        "6": 23573
    },
    "23570": {
        "0": 1,
        "1": 1,
        "2": 11,
        "3": 88,
        "4": 684,
        "5": 5276,
        "6": 21304
    },
    "23571": {
        "0": 1,
        "1": 9,
        "2": 69,
        "3": 536,
        "4": 4147,
        "5": 12938,
        "6": 29468
    },
    "23572": {
        "0": 1,
        "1": 11,
        "2": 90,
        "3": 730,
        "4": 5904,
        "5": 17414,
        "6": 34178
    },
    "23573": {
        "0": 1,
        "1": 10,
        "2": 74,
        "3": 538,
        "4": 3951,
        "5": 10113,
        "6": 20560
    },
    "23574": {
        "0": 1,
        "1": 1,
        "2": 1,
        "3": 1,
        "4": 13,
        "5": 110,
        "6": 842
    },
    "23575": {
        "0": 1,
        "1": 9,
        "2": 75,
        "3": 646,
        "4": 5596,
        "5": 15885,
        "6": 28929
    },
    "23576": {
        "0": 1,
        "1": 10,
        "2": 85,
        "3": 724,
        "4": 6175,
        "5": 20065,
        "6": 40457
    },
    "23577": {
        "0": 1,
        "1": 1,
        "2": 11,
        "3": 97,
        "4": 840,
        "5": 7130,
        "6": 29546
    },
    "23578": {
        "0": 1,
        "1": 11,
        "2": 82,
        "3": 615,
        "4": 4677,
        "5": 16758,
        "6": 37324
    },
    "23579": {
        "0": 1,
        "1": 12,
        "2": 98,
        "3": 746,
        "4": 5594,
        "5": 22581,
        "6": 61390
    },
    "23580": {
        "0": 1,
        "1": 10,
        "2": 66,
        "3": 438,
        "4": 2983,
        "5": 10165,
        "6": 26080
    },
    "23581": {
        "0": 1,
        "1": 10,
        "2": 86,
        "3": 740,
        "4": 6272,
        "5": 22435,
        "6": 56983
    },
    "23582": {
        "0": 1,
        "1": 1,
        "2": 10,
        "3": 73,
        "4": 524,
        "5": 3790,
        "6": 8765
    },
    "23583": {
        "0": 1,
        "1": 13,
        "2": 110,
        "3": 840,
        "4": 6153,
        "5": 27328,
        "6": 81659
    },
    "23584": {
        "0": 1,
        "1": 12,
        "2": 98,
        "3": 758,
        "4": 5826,
        "5": 25488,
        "6": 73025
    },
    "23585": {
        "0": 1,
        "1": 9,
        "2": 70,
        "3": 520,
        "4": 3818,
        "5": 10621,
        "6": 24401
    },
    "23586": {
        "0": 1,
        "1": 9,
        "2": 66,
        "3": 490,
        "4": 3657,
        "5": 8101,
        "6": 16717
    },
    "23587": {
        "0": 1,
        "1": 9,
        "2": 81,
        "3": 688,
        "4": 5743,
        "5": 19526,
        "6": 50796
    },
    "23588": {
        "0": 1,
        "1": 1,
        "2": 9,
        "3": 69,
        "4": 513,
        "5": 3796,
        "6": 10727
    },
    "23589": {
        "0": 1,
        "1": 10,
        "2": 82,
        "3": 676,
        "4": 5471,
        "5": 24860,
        "6": 68021
    },
    "23590": {
        "0": 1,
        "1": 1,
        "2": 9,
        "3": 63,
        "4": 445,
        "5": 3121,
        "6": 11321
    },
    "23591": {
        "0": 1,
        "1": 1,
        "2": 1,
        "3": 1,
        "4": 10,
        "5": 84,
        "6": 733
    },
    "23592": {
        "0": 1,
        "1": 1,
        "2": 9,
        "3": 76,
        "4": 648,
        "5": 5466,
        "6": 15637
    },
    "23593": {
        "0": 1,
        "1": 12,
        "2": 103,
        "3": 856,
        "4": 7010,
        "5": 26938,
        "6": 68237
    },
    "23594": {
        "0": 1,
        "1": 10,
        "2": 78,
        "3": 593,
        "4": 4502,
        "5": 15183,
        "6": 36215
    },
    "23595": {
        "0": 1,
        "1": 10,
        "2": 82,
        "3": 647,
        "4": 5061,
        "5": 20459,
        "6": 55153
    },
    "23596": {
        "0": 1,
        "1": 10,
        "2": 72,
        "3": 517,
        "4": 3701,
        "5": 9327,
        "6": 21190
    },
    "23597": {
        "0": 1,
        "1": 1,
        "2": 10,
        "3": 81,
        "4": 678,
        "5": 5688,
        "6": 15037
    },
    "23598": {
        "0": 1,
        "1": 12,
        "2": 113,
        "3": 995,
        "4": 8587,
        "5": 40759,
        "6": 123620
    },
    "23599": {
        "0": 1,
        "1": 10,
        "2": 84,
        "3": 715,
        "4": 6100,
        "5": 19376,
        "6": 38321
    }
}