{
    "6700": {
        "0": 1,
        "1": 12,
        "2": 105,
        "3": 885,
        "4": 7401,
        "5": 29238,
        "6": 69798
    },
    "6701": {
        "0": 1,
        "1": 11,
        "2": 87,
        "3": 650,
        "4": 4848,
        "5": 18474,
        "6": 50722
    },
    "6702": {
        "0": 1,
        "1": 1,
        "2": 1,
        "3": 1,
        "4": 9,
        "5": 55,
        "6": 343
    },
    "6703": {
        "0": 1,
        "1": 10,
        "2": 79,
        "3": 605,
        "4": 4627,
        "5": 17944,
        "6": 48891
    },
    "6704": {
        "0": 1,
        "1": 1,
        "2": 1,
        "3": 10,
        "4": 78,
        "5": 588,
        "6": 4406
    },
    "6705": {
        "0": 1,
        "1": 1,
        "2": 10,
        "3": 79,
        "4": 616,
        "5": 4802,
        "6": 18362
    },
    "6706": {
        "0": 1,
        "1": 1,
        "2": 1,
        "3": 9,
        "4": 66,
        "5": 479,
        "6": 3524
    },
    "6707": {
        "0": 1,
        "1": 1,
        "2": 11,
        "3": 85,
        "4": 647,
        "5": 4970,
        "6": 19145
    },
    "6708": {
        "0": 1,
        "1": 1,
        "2": 13,
        "3": 122,
        "4": 1057,
        "5": 8773,
        "6": 43249
    },
    "6709": {
        "0": 1,
        "1": 1,
        "2": 12,
        "3": 102,
        "4": 861,
        "5": 7272,
        "6": 28735
    },
    "6710": {
        "0": 1,
        "1": 11,
        "2": 93,
        "3": 794,
        "4": 6676,
        "5": 25545,
        "6": 58683
    },
    "6711": {
        "0": 1,
        "1": 8,
        "2": 69,
        "3": 581,
        "4": 4839,
        "5": 12275,
        "6": 21611
    },
    "6712": {
        "0": 1,
        "1": 1,
        "2": 1,
        "3": 10,
        "4": 86,
        "5": 718,
        "6": 5840
    },
    "6713": {
        "0": 1,
        "1": 10,
        "2": 83,
        "3": 704,
        "4": 6011,
        "5": 18851,
        "6": 35319
    },
    "6714": {
        "0": 1,
        "1": 1,
        "2": 9,
        "3": 76,
        "4": 650,
        "5": 5485,
        "6": 15854
    },
    "6715": {
        "0": 1,
        "1": 1,
        "2": 11,
        "3": 91,
        "4": 752,
        "5": 6190,
        "6": 20565
    },
    "6716": {
        "0": 1,
        "1": 1,
        "2": 1,
        "3": 10,
        "4": 65,
        "5": 399,
        "6": 2484
    },
    "6717": {
        "0": 1,
        "1": 1,
        "2": 11,
        "3": 87,
        "4": 678,
        "5": 5263,
        "6": 21706
    },
    "6718": {
        "0": 1,
        "1": 1,
        "2": 10,
        "3": 89,
        "4": 788,
        "5": 6837,
        "6": 28225
    },
    "6719": {
        "0": 1,
        "1": 1,
        "2": 1,
        "3": 11,
        "4": 73,
        "5": 473,
        "6": 3116
    },
    "6720": {
        "0": 1,
        "1": 1,
        "2": 1,
        "3": 13,
        "4": 107,
        "5": 803,
        "6": 5879
    },
    "6721": {
        "0": 1,
        "1": 1,
        "2": 1,
        "3": 10,
        "4": 73,
        "5": 526,
        "6": 3789
    },
    "6722": {
        "0": 1,
        "1": 11,
        "2": 90,
        "3": 746,
        "4": 6214,
        "5": 21449,
        "6": 50544
    },
    "6723": {
        "0": 1,
        "1": 11,
        "2": 85,
        "3": 652,
        "4": 5015,
        "5": 19760,
        "6": 58091
    },
    "6724": {
        "0": 1,
        "1": 10,
        "2": 84,
        "3": 727,
        "4": 6311,
        "5": 22061,
        "6": 50998
    },
    "6725": {
        "0": 1,
        "1": 1,
        "2": 1,
        "3": 12,
        "4": 107,
        "5": 916,
        "6": 7722
    },
    "6726": {
        "0": 1,
        "1": 1,
        "2": 10,
        "3": 68,
        "4": 469,
        "5": 3278,
        "6": 12880
    },
    "6727": {
        "0": 1,
        "1": 1,
        "2": 1,
        "3": 11,
        "4": 94,
        "5": 782,
        "6": 6333
    },
    "6728": {
        "0": 1,
        "1": 11,
        "2": 76,
        "3": 510,
        "4": 3478,
        "5": 13494,
        "6": 37824
    },
    "6729": {
        "0": 1,
        "1": 1,
        "2": 1,
        "3": 9,
        "4": 77,
        "5": 662,
        "6": 5667
    },
    "6730": {
        "0": 1,
        "1": 1,
        "2": 8,
        "3": 71,
        "4": 631,
        "5": 5544,
        "6": 15039
    },
    "6731": {
        "0": 1,
        "1": 1,
        "2": 11,
        "3": 89,
        "4": 747,
        "5": 6295,
        "6": 22713
    },
    "6732": {
        "0": 1,
        "1": 1,
        "2": 1,
        "3": 1,
        "4": 10,
        "5": 87,
        "6": 760
    },
    "6733": {
        "0": 1,
        "1": 1,
        "2": 1,
        "3": 10,
        "4": 77,
        "5": 599,
        "6": 4672
    },
    "6734": {
        "0": 1,
        "1": 1,
        "2": 1,
        "3": 1,
        "4": 9,
        "5": 74,
        "6": 599
    },
    "6735": {
        "0": 1,
        "1": 10,
        "2": 84,
        "3": 679,
        "4": 5292,
        "5": 22697,
        "6": 70448
    },
    "6736": {
        "0": 1,
        "1": 13,
        "2": 104,
        "3": 775,
        "4": 5816,
        "5": 24946,
        "6": 68422
    },
    "6737": {
        "0": 1,
        "1": 9,
        "2": 75,
        "3": 616,
        "4": 5049,
        "5": 10870,
        "6": 18467
    },
    "6738": {
        "0": 1,
        "1": 1,
        "2": 1,
        "3": 13,
        "4": 110,
        "5": 894,
        "6": 7244
    },
    "6739": {
        "0": 1,
        "1": 1,
        "2": 10,
        "3": 89,
        "4": 769,
        "5": 6597,
        "6": 23908
    },
    "6740": {
        "0": 1,
        "1": 9,
        "2": 70,
        "3": 540,
        "4": 4146,
        "5": 13983,
        "6": 34554
    },
    "6741": {
        "0": 1,
        "1": 11,
        "2": 83,
        "3": 604,
        "4": 4376,
        "5": 12849,
        "6": 26988
    },
    "6742": {
        "0": 1,
        "1": 1,
        "2": 1,
        "3": 10,
        "4": 89,
        "5": 793,
        "6": 7021
    },
    "6743": {
        "0": 1,
        "1": 12,
        "2": 84,
        "3": 539,
        "4": 3438,
        "5": 12915,
        "6": 35740
    },
    "6744": {
        "0": 1,
        "1": 1,
        "2": 1,
        "3": 10,
        "4": 84,
        "5": 708,
        "6": 5798
    },
    "6745": {
        "0": 1,
        "1": 9,
        "2": 75,
        "3": 628,
        "4": 5209,
        "5": 12928,
        "6": 23842
    },
    "6746": {
        "0": 1,
        "1": 1,
        "2": 1,
        "3": 10,
        "4": 87,
        "5": 728,
        "6": 6008
    },
    "6747": {
        "0": 1,
        "1": 1,
        "2": 12,
        "3": 93,
        "4": 699,
        "5": 5243,
        "6": 22033
    },
    "6748": {
        "0": 1,
        "1": 1,
        "2": 10,
        "3": 82,
        "4": 694,
        "5": 5924,
        "6": 18219
    },
    "6749": {
        "0": 1,
        "1": 1,
        "2": 1,
        "3": 11,
        "4": 73,
        "5": 453,
        "6": 2776
    },
    "6750": {
        "0": 1,
        "1": 10,
        "2": 84,
        "3": 695,
        "4": 5650,
        "5": 17698,
        "6": 37080
    },
    "6751": {
        "0": 1,
        "1": 10,
        "2": 81,
        "3": 666,
        "4": 5431,
        "5": 16011,
        "6": 33582
    },
    "6752": {
        "0": 1,
        "1": 1,
        "2": 10,
        "3": 81,
        "4": 677,
        "5": 5599,
        "6": 15908
    },
    "6753": {
        "0": 1,
        "1": 9,
        "2": 75,
        "3": 639,
        "4": 5436,
        "5": 13842,
        "6": 24899
    },
    "6754": {
        "0": 1,
        "1": 1,
        "2": 12,
        "3": 101,
        "4": 840,
        "5": 6934,
        "6": 26853
    },
    "6755": {
        "0": 1,
        "1": 1,
        "2": 1,
        "3": 11,
        "4": 86,
        "5": 668,
        "6": 5210
    },
    "6756": {
        "0": 1,
        "1": 9,
        "2": 69,
        "3": 522,
        "4": 3900,
        "5": 11717,
        "6": 25087
    },
    "6757": {
        "0": 1,
        "1": 1,
        "2": 1,
        "3": 10,
        "4": 85,
        "5": 719,
        "6": 6078
    },
    "6758": {
        "0": 1,
        "1": 10,
        "2": 84,
        "3": 715,
        "4": 5939,
        "5": 20603,
        "6": 48997
    },
    "6759": {
        "0": 1,
        "1": 9,
        "2": 69,
        "3": 533,
        "4": 4170,
        "5": 13550,
        "6": 33059
    },
    "6760": {
        "0": 1,
        "1": 1,
        "2": 1,
        "3": 1,
        "4": 10,
        "5": 80,
        "6": 587
    },
    "6761": {
        "0": 1,
        "1": 1,
        "2": 12,
        "3": 103,
        "4": 866,
        "5": 7280,
        "6": 27974
    },
    "6762": {
        "0": 1,
        "1": 1,
        "2": 1,
        "3": 12,
        "4": 94,
        "5": 688,
        "6": 5025
    },
    "6763": {
        "0": 1,
        "1": 10,
        "2": 79,
        "3": 622,
        "4": 4865,
        "5": 18492,
        "6": 43237
    },
    "6764": {
        "0": 1,
        "1": 10,
        "2": 82,
        "3": 618,
        "4": 4595,
        "5": 16526,
        "6": 42610
    },
    "6765": {
        "0": 1,
        "1": 11,
        "2": 84,
        "3": 591,
        "4": 4078,
        "5": 17497,
        "6": 54278
    },
    "6766": {
        "0": 1,
        "1": 1,
        "2": 11,
        "3": 86,
        "4": 628,
        "5": 4535,
        "6": 16929
    },
    "6767": {
        "0": 1,
        "1": 11,
        "2": 85,
        "3": 652,
        "4": 5033,
        "5": 19969,
        "6": 47787
    },
    "6768": {
        "0": 1,
        "1": 1,
        "2": 9,
        "3": 75,
        "4": 626,
        "5": 5171,
        "6": 12364
    },
    "6769": {
        "0": 1,
        "1": 11,
        "2": 83,
        "3": 612,
        "4": 4482,
        "5": 15426,
        "6": 34372
    },
    "6770": {
        "0": 1,
        "1": 1,
        "2": 1,
        "3": 1,
        "4": 10,
        "5": 85,
        "6": 696
    },
    "6771": {
        "0": 1,
        "1": 9,
        "2": 66,
        "3": 501,
        "4": 3844,
        "5": 10806,
        "6": 19575
    },
    "6772": {
        "0": 1,
        "1": 10,
        "2": 67,
        "3": 456,
        "4": 3146,
        "5": 11419,
        "6": 29466
    },
    "6773": {
        "0": 1,
        "1": 1,
        "2": 9,
        "3": 73,
        "4": 562,
        "5": 4215,
        "6": 13970
    },
    "6774": {
        "0": 1,
        "1": 1,
        "2": 9,
        "3": 62,
        "4": 432,
        "5": 2978,
        "6": 10433
    },
    "6775": {
        "0": 1,
        "1": 10,
        "2": 64,
        "3": 420,
        "4": 2789,
        "5": 8327,
        "6": 14076
    },
    "6776": {
        "0": 1,
        "1": 10,
        "2": 84,
        "3": 723,
        "4": 6136,
        "5": 21562,
        "6": 49882
    },
    "6777": {
        "0": 1,
        "1": 11,
        "2": 89,
        "3": 746,
        "4": 6294,
        "5": 20620,
        "6": 42707
    },
    "6778": {
        "0": 1,
        "1": 11,
        "2": 89,
        "3": 675,
        "4": 5099,
        "5": 19645,
        "6": 50763
    },
    "6779": {
        "0": 1,
        "1": 1,
        "2": 10,
        "3": 82,
        "4": 674,
        "5": 5508,
        "6": 17091
    },
    "6780": {
        "0": 1,
        "1": 12,
        "2": 106,
        "3": 869,
        "4": 6990,
        "5": 27916,
        "6": 76487
    },
    "6781": {
        "0": 1,
        "1": 11,
        "2": 89,
        "3": 708,
        "4": 5537,
        "5": 15476,
        "6": 33218
    },
    "6782": {
        "0": 1,
        "1": 10,
        "2": 83,
        "3": 700,
        "4": 5973,
        "5": 18544,
        "6": 41644
    },
    "6783": {
        "0": 1,
        "1": 1,
        "2": 9,
        "3": 81,
        "4": 729,
        "5": 6484,
        "6": 24540
    },
    "6784": {
        "0": 1,
        "1": 1,
        "2": 10,
        "3": 76,
        "4": 559,
        "5": 4100,
        "6": 12869
    },
    "6785": {
        "0": 1,
        "1": 1,
        "2": 1,
        "3": 10,
        "4": 70,
        "5": 467,
        "6": 3090
    },
    "6786": {
        "0": 1,
        "1": 1,
        "2": 10,
        "3": 85,
        "4": 733,
        "5": 6319,
        "6": 21923
    },
    "6787": {
        "0": 1,
        "1": 1,
        "2": 8,
        "3": 70,
        "4": 596,
        "5": 5016,
        "6": 13896
    },
    "6788": {
        "0": 1,
        "1": 1,
        "2": 11,
        "3": 86,
        "4": 651,
        "5": 4944,
        "6": 18665
    },
    "6789": {
        "0": 1,
        "1": 1,
        "2": 8,
        "3": 67,
        "4": 556,
        "5": 4554,
        "6": 7138
    },
    "6790": {
        "0": 1,
        "1": 10,
        "2": 84,
        "3": 704,
        "4": 5882,
        "5": 18806,
        "6": 40891
    },
    "6791": {
        "0": 1,
        "1": 1,
        "2": 1,
        "3": 9,
        "4": 68,
        "5": 516,
        "6": 3944
    },
    "6792": {
        "0": 1,
        "1": 9,
        "2": 74,
        "3": 595,
        "4": 4696,
        "5": 11378,
        "6": 23943
    },
    "6793": {
        "0": 1,
        "1": 1,
        "2": 1,
        "3": 11,
        "4": 90,
        "5": 720,
        "6": 5752
    },
    "6794": {
        "0": 1,
        "1": 11,
        "2": 81,
        "3": 558,
        "4": 3801,
        "5": 16921,
        "6": 54618
    },
    "6795": {
        "0": 1,
        "1": 1,
        "2": 10,
        "3": 77,
        "4": 600,
        "5": 4684,
        "6": 17339
    },
    "6796": {
        "0": 1,
        "1": 1,
        "2": 11,
        "3": 94,
        "4": 766,
        "5": 6171,
        "6": 21631
    },
    "6797": {
        "0": 1,
        "1": 1,
        "2": 11,
        "3": 85,
        "4": 647,
        "5": 4941,
        "6": 18864
    },
    "6798": {
        "0": 1,
        "1": 11,
        "2": 95,
        "3": 819,
        "4": 6976,
        "5": 28484,
        "6": 76131
    },
    "6799": {
        "0": 1,
        "1": 1,
        "2": 1,
        "3": 11,
        "4": 85,
        "5": 646,
        "6": 4921
    }
}