{
    "13200": {
        "0": 1,
        "1": 1,
        "2": 1,
        "3": 12,
        "4": 96,
        "5": 724,
        "6": 5417
    },
    "13201": {
        "0": 1,
        "1": 1,
        "2": 12,
        "3": 105,
        "4": 874,
        "5": 7178,
        "6": 28116
    },
    "13202": {
        "0": 1,
        "1": 10,
        "2": 69,
        "3": 463,
        "4": 3136,
        "5": 10808,
        "6": 27990
    },
    "13203": {
        "0": 1,
        "1": 1,
        "2": 1,
        "3": 9,
        "4": 68,
        "5": 512,
        "6": 3856
    },
    "13204": {
        "0": 1,
        "1": 9,
        "2": 75,
        "3": 631,
        "4": 5260,
        "5": 15784,
        "6": 32756
    },
    "13205": {
        "0": 1,
        "1": 11,
        "2": 92,
        "3": 750,
        "4": 6047,
        "5": 18550,
        "6": 36635
    },
    "13206": {
        "0": 1,
        "1": 9,
        "2": 58,
        "3": 386,
        "4": 2635,
        "5": 7942,
        "6": 17013
    },
    "13207": {
        "0": 1,
        "1": 1,
        "2": 1,
        "3": 9,
        "4": 60,
        "5": 407,
        "6": 2784
    },
    "13208": {
        "0": 1,
        "1": 1,
        "2": 1,
        "3": 10,
        "4": 65,
        "5": 415,
        "6": 2713
    },
    "13209": {
        "0": 1,
        "1": 1,
        "2": 10,
        "3": 85,
        "4": 721,
        "5": 5950,
        "6": 20519
    },
    "13210": {
        "0": 1,
        "1": 1,
        "2": 11,
        "3": 92,
        "4": 768,
        "5": 6353,
        "6": 21975
    },
    "13211": {
        "0": 1,
        "1": 1,
        "2": 9,
        "3": 78,
        "4": 670,
        "5": 5707,
        "6": 18213
    },
    "13212": {
        "0": 1,
        "1": 1,
        "2": 9,
        "3": 78,
        "4": 666,
        "5": 5634,
        "6": 17052
    },
    "13213": {
        "0": 1,
        "1": 9,
        "2": 69,
        "3": 513,
        "4": 3774,
        "5": 8653,
        "6": 15179
    },
    "13214": {
        "0": 1,
        "1": 1,
        "2": 1,
        "3": 1,
        "4": 9,
        "5": 62,
        "6": 417
    },
    "13215": {
        "0": 1,
        "1": 1,
        "2": 15,
        "3": 125,
        "4": 919,
        "5": 6626,
        "6": 30560
    },
    "13216": {
        "0": 1,
        "1": 10,
        "2": 77,
        "3": 603,
        "4": 4733,
        "5": 18127,
        "6": 45669
    },
    "13217": {
        "0": 1,
        "1": 1,
        "2": 8,
        "3": 66,
        "4": 563,
        "5": 4843,
        "6": 9071
    },
    "13218": {
        "0": 1,
        "1": 8,
        "2": 67,
        "3": 564,
        "4": 4757,
        "5": 9973,
        "6": 16216
    },
    "13219": {
        "0": 1,
        "1": 10,
        "2": 88,
        "3": 758,
        "4": 6522,
        "5": 22271,
        "6": 53380
    },
    "13220": {
        "0": 1,
        "1": 10,
        "2": 76,
        "3": 589,
        "4": 4574,
        "5": 16429,
        "6": 41867
    },
    "13221": {
        "0": 1,
        "1": 9,
        "2": 79,
        "3": 684,
        "4": 5960,
        "5": 19258,
        "6": 43561
    },
    "13222": {
        "0": 1,
        "1": 11,
        "2": 85,
        "3": 641,
        "4": 4847,
        "5": 17642,
        "6": 44101
    },
    "13223": {
        "0": 1,
        "1": 1,
        "2": 11,
        "3": 92,
        "4": 759,
        "5": 6187,
        "6": 20150
    },
    "13224": {
        "0": 1,
        "1": 10,
        "2": 86,
        "3": 728,
        "4": 6152,
        "5": 21494,
        "6": 53933
    },
    "13225": {
        "0": 1,
        "1": 12,
        "2": 102,
        "3": 846,
        "4": 6996,
        "5": 27845,
        "6": 76034
    },
    "13226": {
        "0": 1,
        "1": 12,
        "2": 89,
        "3": 587,
        "4": 3794,
        "5": 15464,
        "6": 45579
    },
    "13227": {
        "0": 1,
        "1": 10,
        "2": 78,
        "3": 582,
        "4": 4279,
        "5": 14111,
        "6": 33747
    },
    "13228": {
        "0": 1,
        "1": 11,
        "2": 85,
        "3": 630,
        "4": 4699,
        "5": 16244,
        "6": 41535
    },
    "13229": {
        "0": 1,
        "1": 1,
        "2": 10,
        "3": 76,
        "4": 554,
        "5": 3984,
        "6": 12837
    },
    "13230": {
        "0": 1,
        "1": 1,
        "2": 10,
        "3": 87,
        "4": 737,
        "5": 6059,
        "6": 21263
    },
    "13231": {
        "0": 1,
        "1": 11,
        "2": 90,
        "3": 741,
        "4": 5997,
        "5": 20408,
        "6": 44249
    },
    "13232": {
        "0": 1,
        "1": 9,
        "2": 63,
        "3": 448,
        "4": 3144,
        "5": 11620,
        "6": 30206
    },
    "13233": {
        "0": 1,
        "1": 1,
        "2": 9,
        "3": 80,
        "4": 686,
        "5": 5858,
        "6": 17394
    },
    "13234": {
        "0": 1,
        "1": 9,
        "2": 74,
        "3": 623,
        "4": 5166,
        "5": 12456,
        "6": 24904
    },
    "13235": {
        "0": 1,
        "1": 1,
        "2": 1,
        "3": 1,
        "4": 1,
        "5": 8,
        "6": 59
    },
    "13236": {
        "0": 1,
        "1": 1,
        "2": 10,
        "3": 76,
        "4": 585,
        "5": 4553,
        "6": 16563
    },
    "13237": {
        "0": 1,
        "1": 1,
        "2": 10,
        "3": 77,
        "4": 596,
        "5": 4642,
        "6": 17066
    },
    "13238": {
        "0": 1,
        "1": 12,
        "2": 90,
        "3": 618,
        "4": 4165,
        "5": 18934,
        "6": 62609
    },
    "13239": {
        "0": 1,
        "1": 1,
        "2": 10,
        "3": 77,
        "4": 577,
        "5": 4281,
        "6": 14192
    },
    "13240": {
        "0": 1,
        "1": 11,
        "2": 80,
        "3": 548,
        "4": 3757,
        "5": 15555,
        "6": 45619
    },
    "13241": {
        "0": 1,
        "1": 12,
        "2": 98,
        "3": 750,
        "4": 5691,
        "5": 23900,
        "6": 71079
    },
    "13242": {
        "0": 1,
        "1": 1,
        "2": 12,
        "3": 96,
        "4": 728,
        "5": 5547,
        "6": 23679
    },
    "13243": {
        "0": 1,
        "1": 8,
        "2": 70,
        "3": 606,
        "4": 5167,
        "5": 13294,
        "6": 24483
    },
    "13244": {
        "0": 1,
        "1": 1,
        "2": 12,
        "3": 99,
        "4": 796,
        "5": 6293,
        "6": 21372
    },
    "13245": {
        "0": 1,
        "1": 11,
        "2": 94,
        "3": 778,
        "4": 6333,
        "5": 23314,
        "6": 56019
    },
    "13246": {
        "0": 1,
        "1": 1,
        "2": 1,
        "3": 11,
        "4": 92,
        "5": 770,
        "6": 6379
    },
    "13247": {
        "0": 1,
        "1": 1,
        "2": 8,
        "3": 68,
        "4": 572,
        "5": 4726,
        "6": 10944
    },
    "13248": {
        "0": 1,
        "1": 1,
        "2": 9,
        "3": 70,
        "4": 550,
        "5": 4286,
        "6": 15861
    },
    "13249": {
        "0": 1,
        "1": 1,
        "2": 8,
        "3": 60,
        "4": 453,
        "5": 3441,
        "6": 7108
    },
    "13250": {
        "0": 1,
        "1": 11,
        "2": 88,
        "3": 689,
        "4": 5433,
        "5": 23945,
        "6": 70813
    },
    "13251": {
        "0": 1,
        "1": 9,
        "2": 80,
        "3": 688,
        "4": 5880,
        "5": 19718,
        "6": 47908
    },
    "13252": {
        "0": 1,
        "1": 9,
        "2": 74,
        "3": 613,
        "4": 4791,
        "5": 6419,
        "6": 10047
    },
    "13253": {
        "0": 1,
        "1": 1,
        "2": 8,
        "3": 72,
        "4": 635,
        "5": 5458,
        "6": 18016
    },
    "13254": {
        "0": 1,
        "1": 1,
        "2": 9,
        "3": 70,
        "4": 538,
        "5": 4083,
        "6": 13528
    },
    "13255": {
        "0": 1,
        "1": 1,
        "2": 10,
        "3": 85,
        "4": 728,
        "5": 6128,
        "6": 21010
    },
    "13256": {
        "0": 1,
        "1": 1,
        "2": 10,
        "3": 79,
        "4": 604,
        "5": 4581,
        "6": 17026
    },
    "13257": {
        "0": 1,
        "1": 1,
        "2": 9,
        "3": 71,
        "4": 553,
        "5": 4280,
        "6": 13789
    },
    "13258": {
        "0": 1,
        "1": 8,
        "2": 62,
        "3": 479,
        "4": 3666,
        "5": 8940,
        "6": 19074
    },
    "13259": {
        "0": 1,
        "1": 10,
        "2": 84,
        "3": 722,
        "4": 6117,
        "5": 21085,
        "6": 48253
    },
    "13260": {
        "0": 1,
        "1": 9,
        "2": 68,
        "3": 506,
        "4": 3735,
        "5": 10047,
        "6": 19977
    },
    "13261": {
        "0": 1,
        "1": 9,
        "2": 62,
        "3": 426,
        "4": 2962,
        "5": 10548,
        "6": 25478
    },
    "13262": {
        "0": 1,
        "1": 10,
        "2": 75,
        "3": 564,
        "4": 4304,
        "5": 14132,
        "6": 35260
    },
    "13263": {
        "0": 1,
        "1": 1,
        "2": 1,
        "3": 12,
        "4": 98,
        "5": 757,
        "6": 5795
    },
    "13264": {
        "0": 1,
        "1": 10,
        "2": 81,
        "3": 679,
        "4": 5711,
        "5": 15228,
        "6": 24522
    },
    "13265": {
        "0": 1,
        "1": 12,
        "2": 92,
        "3": 691,
        "4": 5166,
        "5": 19448,
        "6": 48509
    },
    "13266": {
        "0": 1,
        "1": 10,
        "2": 74,
        "3": 541,
        "4": 3882,
        "5": 11723,
        "6": 20476
    },
    "13267": {
        "0": 1,
        "1": 12,
        "2": 90,
        "3": 643,
        "4": 4654,
        "5": 16676,
        "6": 41861
    },
    "13268": {
        "0": 1,
        "1": 9,
        "2": 68,
        "3": 499,
        "4": 3628,
        "5": 9090,
        "6": 15122
    },
    "13269": {
        "0": 1,
        "1": 11,
        "2": 87,
        "3": 668,
        "4": 5180,
        "5": 21253,
        "6": 60046
    },
    "13270": {
        "0": 1,
        "1": 14,
        "2": 115,
        "3": 855,
        "4": 6293,
        "5": 27463,
        "6": 78063
    },
    "13271": {
        "0": 1,
        "1": 13,
        "2": 109,
        "3": 895,
        "4": 7391,
        "5": 28727,
        "6": 68713
    },
    "13272": {
        "0": 1,
        "1": 1,
        "2": 11,
        "3": 90,
        "4": 693,
        "5": 5327,
        "6": 22047
    },
    "13273": {
        "0": 1,
        "1": 1,
        "2": 10,
        "3": 85,
        "4": 730,
        "5": 6268,
        "6": 21121
    },
    "13274": {
        "0": 1,
        "1": 11,
        "2": 89,
        "3": 686,
        "4": 5252,
        "5": 21035,
        "6": 61493
    },
    "13275": {
        "0": 1,
        "1": 1,
        "2": 11,
        "3": 94,
        "4": 819,
        "5": 7091,
        "6": 27920
    },
    "13276": {
        "0": 1,
        "1": 1,
        "2": 10,
        "3": 77,
        "4": 578,
        "5": 4294,
        "6": 14178
    },
    "13277": {
        "0": 1,
        "1": 8,
        "2": 64,
        "3": 504,
        "4": 3872,
        "5": 12115,
        "6": 28808
    },
    "13278": {
        "0": 1,
        "1": 1,
        "2": 9,
        "3": 73,
        "4": 599,
        "5": 4952,
        "6": 11076
    },
    "13279": {
        "0": 1,
        "1": 9,
        "2": 67,
        "3": 503,
        "4": 3828,
        "5": 10187,
        "6": 20285
    },
    "13280": {
        "0": 1,
        "1": 10,
        "2": 87,
        "3": 755,
        "4": 6457,
        "5": 24302,
        "6": 61070
    },
    "13281": {
        "0": 1,
        "1": 11,
        "2": 88,
        "3": 651,
        "4": 4791,
        "5": 17898,
        "6": 47919
    },
    "13282": {
        "0": 1,
        "1": 11,
        "2": 89,
        "3": 688,
        "4": 5295,
        "5": 21518,
        "6": 61440
    },
    "13283": {
        "0": 1,
        "1": 1,
        "2": 9,
        "3": 74,
        "4": 608,
        "5": 4900,
        "6": 11159
    },
    "13284": {
        "0": 1,
        "1": 1,
        "2": 10,
        "3": 77,
        "4": 584,
        "5": 4426,
        "6": 14582
    },
    "13285": {
        "0": 1,
        "1": 10,
        "2": 75,
        "3": 559,
        "4": 4171,
        "5": 13943,
        "6": 32391
    },
    "13286": {
        "0": 1,
        "1": 1,
        "2": 1,
        "3": 9,
        "4": 66,
        "5": 466,
        "6": 3205
    },
    "13287": {
        "0": 1,
        "1": 9,
        "2": 58,
        "3": 374,
        "4": 2464,
        "5": 6109,
        "6": 12701
    },
    "13288": {
        "0": 1,
        "1": 1,
        "2": 10,
        "3": 80,
        "4": 605,
        "5": 4553,
        "6": 15146
    },
    "13289": {
        "0": 1,
        "1": 1,
        "2": 1,
        "3": 11,
        "4": 90,
        "5": 719,
        "6": 5728
    },
    "13290": {
        "0": 1,
        "1": 11,
        "2": 93,
        "3": 772,
        "4": 6333,
        "5": 21454,
        "6": 49761
    },
    "13291": {
        "0": 1,
        "1": 1,
        "2": 1,
        "3": 10,
        "4": 78,
        "5": 599,
        "6": 4646
    },
    "13292": {
        "0": 1,
        "1": 10,
        "2": 80,
        "3": 621,
        "4": 4775,
        "5": 17340,
        "6": 40571
    },
    "13293": {
        "0": 1,
        "1": 8,
        "2": 57,
        "3": 387,
        "4": 2515,
        "5": 8282,
        "6": 20400
    },
    "13294": {
        "0": 1,
        "1": 10,
        "2": 87,
        "3": 739,
        "4": 6079,
        "5": 21447,
        "6": 54001
    },
    "13295": {
        "0": 1,
        "1": 10,
        "2": 69,
        "3": 468,
        "4": 3237,
        "5": 12307,
        "6": 35072
    },
    "13296": {
        "0": 1,
        "1": 8,
        "2": 53,
        "3": 348,
        "4": 2259,
        "5": 5692,
        "6": 11051
    },
    "13297": {
        "0": 1,
        "1": 1,
        "2": 9,
        "3": 62,
        "4": 390,
        "5": 2420,
        "6": 5998
    },
    "13298": {
        "0": 1,
        "1": 10,
        "2": 69,
        "3": 468,
        "4": 3200,
        "5": 11857,
        "6": 31833
    },
    "13299": {
        "0": 1,
        "1": 1,
        "2": 1,
        "3": 9,
        "4": 60,
        "5": 395,
        "6": 2612
    }
}