{
    "14000": {
        "0": 1,
        "1": 1,
        "2": 9,
        "3": 73,
        "4": 617,
        "5": 5252,
        "6": 12396
    },
    "14001": {
        "0": 1,
        "1": 9,
        "2": 70,
        "3": 521,
        "4": 3770,
        "5": 11273,
        "6": 26364
    },
    "14002": {
        "0": 1,
        "1": 1,
        "2": 9,
        "3": 79,
        "4": 687,
        "5": 5934,
        "6": 18184
    },
    "14003": {
        "0": 1,
        "1": 10,
        "2": 79,
        "3": 618,
        "4": 4838,
        "5": 18963,
        "6": 55445
    },
    "14004": {
        "0": 1,
        "1": 1,
        "2": 10,
        "3": 80,
        "4": 637,
        "5": 5041,
        "6": 20548
    },
    "14005": {
        "0": 1,
        "1": 11,
        "2": 89,
        "3": 699,
        "4": 5414,
        "5": 22197,
        "6": 59979
    },
    "14006": {
        "0": 1,
        "1": 1,
        "2": 1,
        "3": 1,
        "4": 1,
        "5": 1,
        "6": 1
    },
    "14007": {
        "0": 1,
        "1": 1,
        "2": 9,
        "3": 69,
        "4": 536,
        "5": 4162,
        "6": 13167
    },
    "14008": {
        "0": 1,
        "1": 1,
        "2": 11,
        "3": 89,
        "4": 677,
        "5": 5116,
        "6": 19787
    },
    "14009": {
        "0": 1,
        "1": 1,
        "2": 1,
        "3": 10,
        "4": 76,
        "5": 595,
        "6": 4617
    },
    "14010": {
        "0": 1,
        "1": 1,
        "2": 8,
        "3": 61,
        "4": 463,
        "5": 3469,
        "6": 8561
    },
    "14011": {
        "0": 1,
        "1": 12,
        "2": 97,
        "3": 730,
        "4": 5435,
        "5": 21486,
        "6": 55607
    },
    "14012": {
        "0": 1,
        "1": 11,
        "2": 85,
        "3": 639,
        "4": 4812,
        "5": 17407,
        "6": 46336
    },
    "14013": {
        "0": 1,
        "1": 9,
        "2": 80,
        "3": 702,
        "4": 6133,
        "5": 20923,
        "6": 47473
    },
    "14014": {
        "0": 1,
        "1": 12,
        "2": 105,
        "3": 888,
        "4": 7482,
        "5": 30439,
        "6": 79754
    },
    "14015": {
        "0": 1,
        "1": 10,
        "2": 85,
        "3": 730,
        "4": 6252,
        "5": 20856,
        "6": 45906
    },
    "14016": {
        "0": 1,
        "1": 1,
        "2": 10,
        "3": 86,
        "4": 714,
        "5": 5935,
        "6": 18870
    },
    "14017": {
        "0": 1,
        "1": 10,
        "2": 77,
        "3": 585,
        "4": 4322,
        "5": 14280,
        "6": 32162
    },
    "14018": {
        "0": 1,
        "1": 11,
        "2": 85,
        "3": 619,
        "4": 4541,
        "5": 14644,
        "6": 40156
    },
    "14019": {
        "0": 1,
        "1": 10,
        "2": 69,
        "3": 461,
        "4": 3111,
        "5": 11050,
        "6": 30933
    },
    "14020": {
        "0": 1,
        "1": 1,
        "2": 9,
        "3": 75,
        "4": 638,
        "5": 5449,
        "6": 14218
    },
    "14021": {
        "0": 1,
        "1": 1,
        "2": 10,
        "3": 75,
        "4": 554,
        "5": 4090,
        "6": 13061
    },
    "14022": {
        "0": 1,
        "1": 1,
        "2": 1,
        "3": 13,
        "4": 108,
        "5": 869,
        "6": 7017
    },
    "14023": {
        "0": 1,
        "1": 10,
        "2": 75,
        "3": 558,
        "4": 4216,
        "5": 13112,
        "6": 32152
    },
    "14024": {
        "0": 1,
        "1": 1,
        "2": 10,
        "3": 86,
        "4": 753,
        "5": 6538,
        "6": 23494
    },
    "14025": {
        "0": 1,
        "1": 9,
        "2": 73,
        "3": 602,
        "4": 4939,
        "5": 10208,
        "6": 15524
    },
    "14026": {
        "0": 1,
        "1": 10,
        "2": 67,
        "3": 442,
        "4": 2981,
        "5": 10187,
        "6": 28484
    },
    "14027": {
        "0": 1,
        "1": 1,
        "2": 9,
        "3": 65,
        "4": 481,
        "5": 3612,
        "6": 8185
    },
    "14028": {
        "0": 1,
        "1": 11,
        "2": 93,
        "3": 730,
        "4": 5637,
        "5": 24080,
        "6": 73219
    },
    "14029": {
        "0": 1,
        "1": 1,
        "2": 10,
        "3": 76,
        "4": 579,
        "5": 4422,
        "6": 14639
    },
    "14030": {
        "0": 1,
        "1": 1,
        "2": 1,
        "3": 9,
        "4": 70,
        "5": 546,
        "6": 4214
    },
    "14031": {
        "0": 1,
        "1": 9,
        "2": 75,
        "3": 638,
        "4": 5321,
        "5": 16129,
        "6": 31629
    },
    "14032": {
        "0": 1,
        "1": 10,
        "2": 86,
        "3": 744,
        "4": 6421,
        "5": 22745,
        "6": 47097
    },
    "14033": {
        "0": 1,
        "1": 1,
        "2": 11,
        "3": 77,
        "4": 513,
        "5": 3451,
        "6": 13011
    },
    "14034": {
        "0": 1,
        "1": 1,
        "2": 1,
        "3": 10,
        "4": 75,
        "5": 544,
        "6": 3905
    },
    "14035": {
        "0": 1,
        "1": 8,
        "2": 61,
        "3": 464,
        "4": 3468,
        "5": 8394,
        "6": 18696
    },
    "14036": {
        "0": 1,
        "1": 1,
        "2": 1,
        "3": 1,
        "4": 11,
        "5": 86,
        "6": 651
    },
    "14037": {
        "0": 1,
        "1": 11,
        "2": 87,
        "3": 670,
        "4": 5176,
        "5": 20955,
        "6": 56184
    },
    "14038": {
        "0": 1,
        "1": 1,
        "2": 10,
        "3": 73,
        "4": 538,
        "5": 3993,
        "6": 12474
    },
    "14039": {
        "0": 1,
        "1": 1,
        "2": 10,
        "3": 79,
        "4": 625,
        "5": 4928,
        "6": 19722
    },
    "14040": {
        "0": 1,
        "1": 1,
        "2": 10,
        "3": 76,
        "4": 583,
        "5": 4533,
        "6": 16217
    },
    "14041": {
        "0": 1,
        "1": 10,
        "2": 77,
        "3": 579,
        "4": 4367,
        "5": 14030,
        "6": 34009
    },
    "14042": {
        "0": 1,
        "1": 1,
        "2": 1,
        "3": 11,
        "4": 73,
        "5": 469,
        "6": 3051
    },
    "14043": {
        "0": 1,
        "1": 11,
        "2": 94,
        "3": 790,
        "4": 6581,
        "5": 24187,
        "6": 53002
    },
    "14044": {
        "0": 1,
        "1": 10,
        "2": 83,
        "3": 689,
        "4": 5643,
        "5": 15659,
        "6": 25341
    },
    "14045": {
        "0": 1,
        "1": 1,
        "2": 12,
        "3": 105,
        "4": 898,
        "5": 7714,
        "6": 33700
    },
    "14046": {
        "0": 1,
        "1": 1,
        "2": 10,
        "3": 75,
        "4": 554,
        "5": 4089,
        "6": 12848
    },
    "14047": {
        "0": 1,
        "1": 1,
        "2": 10,
        "3": 86,
        "4": 738,
        "5": 6323,
        "6": 21383
    },
    "14048": {
        "0": 1,
        "1": 11,
        "2": 82,
        "3": 614,
        "4": 4688,
        "5": 17137,
        "6": 42272
    },
    "14049": {
        "0": 1,
        "1": 10,
        "2": 81,
        "3": 638,
        "4": 4929,
        "5": 20299,
        "6": 54965
    },
    "14050": {
        "0": 1,
        "1": 10,
        "2": 78,
        "3": 598,
        "4": 4605,
        "5": 16370,
        "6": 42918
    },
    "14051": {
        "0": 1,
        "1": 10,
        "2": 73,
        "3": 531,
        "4": 3910,
        "5": 10016,
        "6": 21799
    },
    "14052": {
        "0": 1,
        "1": 1,
        "2": 1,
        "3": 1,
        "4": 10,
        "5": 83,
        "6": 680
    },
    "14053": {
        "0": 1,
        "1": 1,
        "2": 10,
        "3": 70,
        "4": 474,
        "5": 3202,
        "6": 12619
    },
    "14054": {
        "0": 1,
        "1": 1,
        "2": 1,
        "3": 11,
        "4": 93,
        "5": 793,
        "6": 6677
    },
    "14055": {
        "0": 1,
        "1": 14,
        "2": 124,
        "3": 1026,
        "4": 8382,
        "5": 38023,
        "6": 106909
    },
    "14056": {
        "0": 1,
        "1": 10,
        "2": 86,
        "3": 735,
        "4": 6167,
        "5": 19397,
        "6": 39400
    },
    "14057": {
        "0": 1,
        "1": 10,
        "2": 71,
        "3": 497,
        "4": 3449,
        "5": 13483,
        "6": 40171
    },
    "14058": {
        "0": 1,
        "1": 1,
        "2": 1,
        "3": 10,
        "4": 76,
        "5": 599,
        "6": 4711
    },
    "14059": {
        "0": 1,
        "1": 11,
        "2": 85,
        "3": 642,
        "4": 4872,
        "5": 17909,
        "6": 50145
    },
    "14060": {
        "0": 1,
        "1": 1,
        "2": 9,
        "3": 68,
        "4": 498,
        "5": 3587,
        "6": 8445
    },
    "14061": {
        "0": 1,
        "1": 11,
        "2": 97,
        "3": 842,
        "4": 7303,
        "5": 30636,
        "6": 81016
    },
    "14062": {
        "0": 1,
        "1": 1,
        "2": 1,
        "3": 11,
        "4": 87,
        "5": 663,
        "6": 5080
    },
    "14063": {
        "0": 1,
        "1": 1,
        "2": 1,
        "3": 1,
        "4": 14,
        "5": 128,
        "6": 1087
    },
    "14064": {
        "0": 1,
        "1": 1,
        "2": 11,
        "3": 80,
        "4": 541,
        "5": 3633,
        "6": 14131
    },
    "14065": {
        "0": 1,
        "1": 12,
        "2": 95,
        "3": 750,
        "4": 5855,
        "5": 17707,
        "6": 37496
    },
    "14066": {
        "0": 1,
        "1": 1,
        "2": 8,
        "3": 61,
        "4": 476,
        "5": 3752,
        "6": 10518
    },
    "14067": {
        "0": 1,
        "1": 11,
        "2": 93,
        "3": 790,
        "4": 6732,
        "5": 24981,
        "6": 59717
    },
    "14068": {
        "0": 1,
        "1": 1,
        "2": 10,
        "3": 86,
        "4": 752,
        "5": 6529,
        "6": 23482
    },
    "14069": {
        "0": 1,
        "1": 1,
        "2": 10,
        "3": 75,
        "4": 565,
        "5": 4236,
        "6": 12520
    },
    "14070": {
        "0": 1,
        "1": 1,
        "2": 9,
        "3": 78,
        "4": 653,
        "5": 5373,
        "6": 15952
    },
    "14071": {
        "0": 1,
        "1": 10,
        "2": 69,
        "3": 456,
        "4": 2956,
        "5": 10008,
        "6": 25904
    },
    "14072": {
        "0": 1,
        "1": 1,
        "2": 1,
        "3": 1,
        "4": 1,
        "5": 10,
        "6": 74
    },
    "14073": {
        "0": 1,
        "1": 1,
        "2": 10,
        "3": 68,
        "4": 435,
        "5": 2747,
        "6": 8135
    },
    "14074": {
        "0": 1,
        "1": 1,
        "2": 10,
        "3": 77,
        "4": 580,
        "5": 4325,
        "6": 14672
    },
    "14075": {
        "0": 1,
        "1": 10,
        "2": 89,
        "3": 788,
        "4": 6890,
        "5": 28922,
        "6": 78997
    },
    "14076": {
        "0": 1,
        "1": 1,
        "2": 1,
        "3": 12,
        "4": 106,
        "5": 870,
        "6": 6791
    },
    "14077": {
        "0": 1,
        "1": 1,
        "2": 1,
        "3": 10,
        "4": 84,
        "5": 717,
        "6": 6111
    },
    "14078": {
        "0": 1,
        "1": 8,
        "2": 63,
        "3": 492,
        "4": 3831,
        "5": 10711,
        "6": 19533
    },
    "14079": {
        "0": 1,
        "1": 1,
        "2": 11,
        "3": 88,
        "4": 672,
        "5": 5041,
        "6": 20508
    },
    "14080": {
        "0": 1,
        "1": 1,
        "2": 9,
        "3": 69,
        "4": 541,
        "5": 4256,
        "6": 14526
    },
    "14081": {
        "0": 1,
        "1": 10,
        "2": 90,
        "3": 821,
        "4": 7434,
        "5": 33696,
        "6": 98789
    },
    "14082": {
        "0": 1,
        "1": 12,
        "2": 98,
        "3": 749,
        "4": 5555,
        "5": 23320,
        "6": 66213
    },
    "14083": {
        "0": 1,
        "1": 1,
        "2": 11,
        "3": 96,
        "4": 829,
        "5": 7208,
        "6": 29695
    },
    "14084": {
        "0": 1,
        "1": 8,
        "2": 60,
        "3": 452,
        "4": 3421,
        "5": 8514,
        "6": 16611
    },
    "14085": {
        "0": 1,
        "1": 11,
        "2": 93,
        "3": 792,
        "4": 6748,
        "5": 24646,
        "6": 59485
    },
    "14086": {
        "0": 1,
        "1": 10,
        "2": 76,
        "3": 585,
        "4": 4527,
        "5": 15942,
        "6": 38171
    },
    "14087": {
        "0": 1,
        "1": 1,
        "2": 8,
        "3": 69,
        "4": 590,
        "5": 5028,
        "6": 10467
    },
    "14088": {
        "0": 1,
        "1": 10,
        "2": 76,
        "3": 572,
        "4": 4333,
        "5": 13861,
        "6": 32127
    },
    "14089": {
        "0": 1,
        "1": 1,
        "2": 1,
        "3": 9,
        "4": 78,
        "5": 671,
        "6": 5743
    },
    "14090": {
        "0": 1,
        "1": 8,
        "2": 53,
        "3": 354,
        "4": 2347,
        "5": 6536,
        "6": 15951
    },
    "14091": {
        "0": 1,
        "1": 8,
        "2": 72,
        "3": 650,
        "4": 5836,
        "5": 19144,
        "6": 45853
    },
    "14092": {
        "0": 1,
        "1": 12,
        "2": 97,
        "3": 733,
        "4": 5484,
        "5": 21813,
        "6": 56134
    },
    "14093": {
        "0": 1,
        "1": 8,
        "2": 70,
        "3": 599,
        "4": 5070,
        "5": 12467,
        "6": 22163
    },
    "14094": {
        "0": 1,
        "1": 1,
        "2": 1,
        "3": 1,
        "4": 11,
        "5": 95,
        "6": 809
    },
    "14095": {
        "0": 1,
        "1": 10,
        "2": 76,
        "3": 555,
        "4": 4031,
        "5": 11911,
        "6": 25881
    },
    "14096": {
        "0": 1,
        "1": 1,
        "2": 8,
        "3": 72,
        "4": 617,
        "5": 5206,
        "6": 15519
    },
    "14097": {
        "0": 1,
        "1": 1,
        "2": 11,
        "3": 90,
        "4": 757,
        "5": 6416,
        "6": 22140
    },
    "14098": {
        "0": 1,
        "1": 1,
        "2": 1,
        "3": 1,
        "4": 9,
        "5": 68,
        "6": 501
    },
    "14099": {
        "0": 1,
        "1": 10,
        "2": 83,
        "3": 693,
        "4": 5772,
        "5": 17906,
        "6": 39544
    }
}