{
    "16400": {
        "0": 1,
        "1": 1,
        "2": 8,
        "3": 66,
        "4": 546,
        "5": 4491,
        "6": 6982
    },
    "16401": {
        "0": 1,
        "1": 12,
        "2": 102,
        "3": 868,
        "4": 7262,
        "5": 29780,
        "6": 75607
    },
    "16402": {
        "0": 1,
        "1": 1,
        "2": 11,
        "3": 76,
        "4": 508,
        "5": 3428,
        "6": 12898
    },
    "16403": {
        "0": 1,
        "1": 1,
        "2": 1,
        "3": 8,
        "4": 54,
        "5": 380,
        "6": 2675
    },
    "16404": {
        "0": 1,
        "1": 9,
        "2": 68,
        "3": 509,
        "4": 3808,
        "5": 11235,
        "6": 26168
    },
    "16405": {
        "0": 1,
        "1": 10,
        "2": 78,
        "3": 607,
        "4": 4736,
        "5": 17743,
        "6": 45010
    },
    "16406": {
        "0": 1,
        "1": 1,
        "2": 1,
        "3": 11,
        "4": 86,
        "5": 648,
        "6": 4812
    },
    "16407": {
        "0": 1,
        "1": 9,
        "2": 76,
        "3": 646,
        "4": 5422,
        "5": 14950,
        "6": 25734
    },
    "16408": {
        "0": 1,
        "1": 1,
        "2": 10,
        "3": 83,
        "4": 681,
        "5": 5511,
        "6": 16475
    },
    "16409": {
        "0": 1,
        "1": 1,
        "2": 11,
        "3": 90,
        "4": 728,
        "5": 5826,
        "6": 18638
    },
    "16410": {
        "0": 1,
        "1": 10,
        "2": 86,
        "3": 748,
        "4": 6426,
        "5": 24706,
        "6": 64830
    },
    "16411": {
        "0": 1,
        "1": 11,
        "2": 92,
        "3": 727,
        "4": 5685,
        "5": 25073,
        "6": 73087
    },
    "16412": {
        "0": 1,
        "1": 11,
        "2": 91,
        "3": 735,
        "4": 5872,
        "5": 18962,
        "6": 40368
    },
    "16413": {
        "0": 1,
        "1": 8,
        "2": 65,
        "3": 526,
        "4": 4239,
        "5": 15020,
        "6": 37628
    },
    "16414": {
        "0": 1,
        "1": 1,
        "2": 1,
        "3": 8,
        "4": 62,
        "5": 484,
        "6": 3776
    },
    "16415": {
        "0": 1,
        "1": 1,
        "2": 13,
        "3": 107,
        "4": 840,
        "5": 6594,
        "6": 32468
    },
    "16416": {
        "0": 1,
        "1": 12,
        "2": 103,
        "3": 849,
        "4": 6882,
        "5": 25378,
        "6": 61196
    },
    "16417": {
        "0": 1,
        "1": 1,
        "2": 1,
        "3": 11,
        "4": 75,
        "5": 506,
        "6": 3507
    },
    "16418": {
        "0": 1,
        "1": 1,
        "2": 10,
        "3": 89,
        "4": 775,
        "5": 6682,
        "6": 24768
    },
    "16419": {
        "0": 1,
        "1": 1,
        "2": 10,
        "3": 87,
        "4": 742,
        "5": 6178,
        "6": 22671
    },
    "16420": {
        "0": 1,
        "1": 1,
        "2": 11,
        "3": 84,
        "4": 621,
        "5": 4663,
        "6": 16217
    },
    "16421": {
        "0": 1,
        "1": 8,
        "2": 65,
        "3": 533,
        "4": 4347,
        "5": 5175,
        "6": 7787
    },
    "16422": {
        "0": 1,
        "1": 1,
        "2": 11,
        "3": 82,
        "4": 621,
        "5": 4773,
        "6": 17825
    },
    "16423": {
        "0": 1,
        "1": 10,
        "2": 81,
        "3": 648,
        "4": 5131,
        "5": 21206,
        "6": 58848
    },
    "16424": {
        "0": 1,
        "1": 1,
        "2": 9,
        "3": 77,
        "4": 655,
        "5": 5482,
        "6": 15454
    },
    "16425": {
        "0": 1,
        "1": 1,
        "2": 1,
        "3": 9,
        "4": 69,
        "5": 523,
        "6": 3942
    },
    "16426": {
        "0": 1,
        "1": 1,
        "2": 1,
        "3": 11,
        "4": 85,
        "5": 646,
        "6": 4949
    },
    "16427": {
        "0": 1,
        "1": 1,
        "2": 1,
        "3": 12,
        "4": 98,
        "5": 733,
        "6": 5314
    },
    "16428": {
        "0": 1,
        "1": 13,
        "2": 112,
        "3": 913,
        "4": 7389,
        "5": 29713,
        "6": 79610
    },
    "16429": {
        "0": 1,
        "1": 1,
        "2": 1,
        "3": 10,
        "4": 82,
        "5": 705,
        "6": 6074
    },
    "16430": {
        "0": 1,
        "1": 10,
        "2": 79,
        "3": 600,
        "4": 4499,
        "5": 14602,
        "6": 35224
    },
    "16431": {
        "0": 1,
        "1": 10,
        "2": 68,
        "3": 464,
        "4": 3247,
        "5": 12610,
        "6": 34216
    },
    "16432": {
        "0": 1,
        "1": 12,
        "2": 87,
        "3": 583,
        "4": 3905,
        "5": 15988,
        "6": 46263
    },
    "16433": {
        "0": 1,
        "1": 11,
        "2": 90,
        "3": 742,
        "4": 6025,
        "5": 18684,
        "6": 36282
    },
    "16434": {
        "0": 1,
        "1": 9,
        "2": 75,
        "3": 628,
        "4": 5192,
        "5": 11748,
        "6": 18507
    },
    "16435": {
        "0": 1,
        "1": 11,
        "2": 84,
        "3": 637,
        "4": 4796,
        "5": 18584,
        "6": 50225
    },
    "16436": {
        "0": 1,
        "1": 12,
        "2": 103,
        "3": 840,
        "4": 6760,
        "5": 24042,
        "6": 54683
    },
    "16437": {
        "0": 1,
        "1": 10,
        "2": 74,
        "3": 549,
        "4": 4100,
        "5": 11617,
        "6": 24641
    },
    "16438": {
        "0": 1,
        "1": 12,
        "2": 98,
        "3": 740,
        "4": 5575,
        "5": 22933,
        "6": 68997
    },
    "16439": {
        "0": 1,
        "1": 8,
        "2": 62,
        "3": 480,
        "4": 3720,
        "5": 9846,
        "6": 18257
    },
    "16440": {
        "0": 1,
        "1": 1,
        "2": 10,
        "3": 77,
        "4": 592,
        "5": 4577,
        "6": 16267
    },
    "16441": {
        "0": 1,
        "1": 1,
        "2": 1,
        "3": 1,
        "4": 12,
        "5": 97,
        "6": 721
    },
    "16442": {
        "0": 1,
        "1": 1,
        "2": 1,
        "3": 1,
        "4": 10,
        "5": 88,
        "6": 754
    },
    "16443": {
        "0": 1,
        "1": 1,
        "2": 10,
        "3": 83,
        "4": 713,
        "5": 6107,
        "6": 20008
    },
    "16444": {
        "0": 1,
        "1": 1,
        "2": 11,
        "3": 93,
        "4": 773,
        "5": 6412,
        "6": 22884
    },
    "16445": {
        "0": 1,
        "1": 11,
        "2": 75,
        "3": 500,
        "4": 3391,
        "5": 12914,
        "6": 39163
    },
    "16446": {
        "0": 1,
        "1": 1,
        "2": 11,
        "3": 91,
        "4": 724,
        "5": 5652,
        "6": 24272
    },
    "16447": {
        "0": 1,
        "1": 1,
        "2": 11,
        "3": 84,
        "4": 604,
        "5": 4326,
        "6": 20477
    },
    "16448": {
        "0": 1,
        "1": 1,
        "2": 11,
        "3": 88,
        "4": 712,
        "5": 5777,
        "6": 16946
    },
    "16449": {
        "0": 1,
        "1": 1,
        "2": 11,
        "3": 93,
        "4": 788,
        "5": 6535,
        "6": 22809
    },
    "16450": {
        "0": 1,
        "1": 11,
        "2": 85,
        "3": 636,
        "4": 4713,
        "5": 17520,
        "6": 42862
    },
    "16451": {
        "0": 1,
        "1": 1,
        "2": 11,
        "3": 88,
        "4": 702,
        "5": 5618,
        "6": 25921
    },
    "16452": {
        "0": 1,
        "1": 1,
        "2": 1,
        "3": 1,
        "4": 10,
        "5": 85,
        "6": 721
    },
    "16453": {
        "0": 1,
        "1": 10,
        "2": 85,
        "3": 724,
        "4": 5999,
        "5": 21103,
        "6": 50776
    },
    "16454": {
        "0": 1,
        "1": 1,
        "2": 10,
        "3": 81,
        "4": 667,
        "5": 5476,
        "6": 14869
    },
    "16455": {
        "0": 1,
        "1": 10,
        "2": 82,
        "3": 661,
        "4": 5242,
        "5": 22146,
        "6": 57823
    },
    "16456": {
        "0": 1,
        "1": 1,
        "2": 10,
        "3": 85,
        "4": 736,
        "5": 6387,
        "6": 22821
    },
    "16457": {
        "0": 1,
        "1": 10,
        "2": 77,
        "3": 592,
        "4": 4534,
        "5": 17356,
        "6": 46152
    },
    "16458": {
        "0": 1,
        "1": 11,
        "2": 92,
        "3": 783,
        "4": 6668,
        "5": 24482,
        "6": 63249
    },
    "16459": {
        "0": 1,
        "1": 9,
        "2": 81,
        "3": 706,
        "4": 6124,
        "5": 22143,
        "6": 57227
    },
    "16460": {
        "0": 1,
        "1": 1,
        "2": 1,
        "3": 1,
        "4": 14,
        "5": 115,
        "6": 832
    },
    "16461": {
        "0": 1,
        "1": 10,
        "2": 73,
        "3": 542,
        "4": 4079,
        "5": 11857,
        "6": 28578
    },
    "16462": {
        "0": 1,
        "1": 12,
        "2": 96,
        "3": 723,
        "4": 5446,
        "5": 22107,
        "6": 64585
    },
    "16463": {
        "0": 1,
        "1": 1,
        "2": 1,
        "3": 1,
        "4": 11,
        "5": 85,
        "6": 613
    },
    "16464": {
        "0": 1,
        "1": 10,
        "2": 88,
        "3": 737,
        "4": 5946,
        "5": 21316,
        "6": 53907
    },
    "16465": {
        "0": 1,
        "1": 11,
        "2": 77,
        "3": 521,
        "4": 3575,
        "5": 14313,
        "6": 38774
    },
    "16466": {
        "0": 1,
        "1": 11,
        "2": 70,
        "3": 396,
        "4": 2298,
        "5": 9431,
        "6": 28778
    },
    "16467": {
        "0": 1,
        "1": 9,
        "2": 72,
        "3": 557,
        "4": 4305,
        "5": 14023,
        "6": 35149
    },
    "16468": {
        "0": 1,
        "1": 1,
        "2": 13,
        "3": 106,
        "4": 786,
        "5": 5663,
        "6": 24820
    },
    "16469": {
        "0": 1,
        "1": 1,
        "2": 1,
        "3": 11,
        "4": 92,
        "5": 763,
        "6": 6311
    },
    "16470": {
        "0": 1,
        "1": 10,
        "2": 83,
        "3": 697,
        "4": 5816,
        "5": 18245,
        "6": 38060
    },
    "16471": {
        "0": 1,
        "1": 10,
        "2": 70,
        "3": 482,
        "4": 3351,
        "5": 12948,
        "6": 37579
    },
    "16472": {
        "0": 1,
        "1": 1,
        "2": 10,
        "3": 69,
        "4": 463,
        "5": 3108,
        "6": 10479
    },
    "16473": {
        "0": 1,
        "1": 1,
        "2": 10,
        "3": 78,
        "4": 603,
        "5": 4612,
        "6": 17705
    },
    "16474": {
        "0": 1,
        "1": 1,
        "2": 1,
        "3": 1,
        "4": 1,
        "5": 1,
        "6": 1
    },
    "16475": {
        "0": 1,
        "1": 10,
        "2": 76,
        "3": 563,
        "4": 4164,
        "5": 11795,
        "6": 22803
    },
    "16476": {
        "0": 1,
        "1": 1,
        "2": 12,
        "3": 102,
        "4": 857,
        "5": 7254,
        "6": 28709
    },
    "16477": {
        "0": 1,
        "1": 1,
        "2": 1,
        "3": 9,
        "4": 82,
        "5": 692,
        "6": 5845
    },
    "16478": {
        "0": 1,
        "1": 10,
        "2": 69,
        "3": 447,
        "4": 2865,
        "5": 9322,
        "6": 23954
    },
    "16479": {
        "0": 1,
        "1": 11,
        "2": 95,
        "3": 797,
        "4": 6555,
        "5": 25159,
        "6": 66969
    },
    "16480": {
        "0": 1,
        "1": 10,
        "2": 79,
        "3": 621,
        "4": 4915,
        "5": 19659,
        "6": 53862
    },
    "16481": {
        "0": 1,
        "1": 1,
        "2": 9,
        "3": 75,
        "4": 613,
        "5": 4949,
        "6": 11937
    },
    "16482": {
        "0": 1,
        "1": 8,
        "2": 61,
        "3": 473,
        "4": 3663,
        "5": 9282,
        "6": 18418
    },
    "16483": {
        "0": 1,
        "1": 1,
        "2": 1,
        "3": 1,
        "4": 11,
        "5": 96,
        "6": 812
    },
    "16484": {
        "0": 1,
        "1": 1,
        "2": 1,
        "3": 1,
        "4": 1,
        "5": 1,
        "6": 10
    },
    "16485": {
        "0": 1,
        "1": 1,
        "2": 1,
        "3": 1,
        "4": 12,
        "5": 90,
        "6": 626
    },
    "16486": {
        "0": 1,
        "1": 1,
        "2": 1,
        "3": 12,
        "4": 103,
        "5": 841,
        "6": 6665
    },
    "16487": {
        "0": 1,
        "1": 1,
        "2": 10,
        "3": 88,
        "4": 758,
        "5": 6437,
        "6": 23864
    },
    "16488": {
        "0": 1,
        "1": 1,
        "2": 10,
        "3": 86,
        "4": 755,
        "5": 6573,
        "6": 24226
    },
    "16489": {
        "0": 1,
        "1": 11,
        "2": 83,
        "3": 580,
        "4": 4020,
        "5": 17685,
        "6": 53539
    },
    "16490": {
        "0": 1,
        "1": 1,
        "2": 1,
        "3": 1,
        "4": 9,
        "5": 81,
        "6": 714
    },
    "16491": {
        "0": 1,
        "1": 1,
        "2": 9,
        "3": 72,
        "4": 564,
        "5": 4317,
        "6": 16881
    },
    "16492": {
        "0": 1,
        "1": 1,
        "2": 1,
        "3": 1,
        "4": 9,
        "5": 71,
        "6": 551
    },
    "16493": {
        "0": 1,
        "1": 1,
        "2": 1,
        "3": 10,
        "4": 78,
        "5": 594,
        "6": 4510
    },
    "16494": {
        "0": 1,
        "1": 1,
        "2": 10,
        "3": 82,
        "4": 686,
        "5": 5772,
        "6": 16520
    },
    "16495": {
        "0": 1,
        "1": 1,
        "2": 11,
        "3": 85,
        "4": 658,
        "5": 5145,
        "6": 21304
    },
    "16496": {
        "0": 1,
        "1": 9,
        "2": 62,
        "3": 427,
        "4": 2918,
        "5": 10739,
        "6": 26080
    },
    "16497": {
        "0": 1,
        "1": 10,
        "2": 77,
        "3": 579,
        "4": 4300,
        "5": 14642,
        "6": 32260
    },
    "16498": {
        "0": 1,
        "1": 11,
        "2": 74,
        "3": 474,
        "4": 3111,
        "5": 10461,
        "6": 29381
    },
    "16499": {
        "0": 1,
        "1": 11,
        "2": 84,
        "3": 642,
        "4": 4941,
        "5": 18958,
        "6": 48743
    }
}