{
    "3400": {
        "0": 1,
        "1": 1,
        "2": 10,
        "3": 79,
        "4": 589,
        "5": 4361,
        "6": 16441
    },
    "3401": {
        "0": 1,
        "1": 9,
        "2": 73,
        "3": 576,
        "4": 4527,
        "5": 16241,
        "6": 41462
    },
    "3402": {
        "0": 1,
        "1": 10,
        "2": 75,
        "3": 543,
        "4": 3923,
        "5": 11069,
        "6": 23390
    },
    "3403": {
        "0": 1,
        "1": 12,
        "2": 103,
        "3": 848,
        "4": 6729,
        "5": 26505,
        "6": 69169
    },
    "3404": {
        "0": 1,
        "1": 1,
        "2": 8,
        "3": 64,
        "4": 507,
        "5": 3962,
        "6": 13227
    },
    "3405": {
        "0": 1,
        "1": 10,
        "2": 86,
        "3": 734,
        "4": 6246,
        "5": 22882,
        "6": 54440
    },
    "3406": {
        "0": 1,
        "1": 8,
        "2": 54,
        "3": 354,
        "4": 2298,
        "5": 5818,
        "6": 12238
    },
    "3407": {
        "0": 1,
        "1": 1,
        "2": 10,
        "3": 78,
        "4": 599,
        "5": 4607,
        "6": 16349
    },
    "3408": {
        "0": 1,
        "1": 1,
        "2": 1,
        "3": 1,
        "4": 1,
        "5": 1,
        "6": 1
    },
    "3409": {
        "0": 1,
        "1": 1,
        "2": 12,
        "3": 103,
        "4": 868,
        "5": 7181,
        "6": 30547
    },
    "3410": {
        "0": 1,
        "1": 1,
        "2": 9,
        "3": 80,
        "4": 707,
        "5": 6174,
        "6": 20891
    },
    "3411": {
        "0": 1,
        "1": 9,
        "2": 78,
        "3": 667,
        "4": 5676,
        "5": 16055,
        "6": 33889
    },
    "3412": {
        "0": 1,
        "1": 1,
        "2": 1,
        "3": 1,
        "4": 9,
        "5": 69,
        "6": 531
    },
    "3413": {
        "0": 1,
        "1": 10,
        "2": 83,
        "3": 701,
        "4": 5843,
        "5": 18389,
        "6": 38707
    },
    "3414": {
        "0": 1,
        "1": 9,
        "2": 68,
        "3": 527,
        "4": 4046,
        "5": 11932,
        "6": 26276
    },
    "3415": {
        "0": 1,
        "1": 1,
        "2": 1,
        "3": 8,
        "4": 64,
        "5": 514,
        "6": 4028
    },
    "3416": {
        "0": 1,
        "1": 1,
        "2": 1,
        "3": 1,
        "4": 10,
        "5": 79,
        "6": 593
    },
    "3417": {
        "0": 1,
        "1": 11,
        "2": 87,
        "3": 648,
        "4": 4817,
        "5": 18582,
        "6": 54130
    },
    "3418": {
        "0": 1,
        "1": 1,
        "2": 11,
        "3": 87,
        "4": 661,
        "5": 4988,
        "6": 18478
    },
    "3419": {
        "0": 1,
        "1": 13,
        "2": 109,
        "3": 871,
        "4": 6975,
        "5": 25973,
        "6": 61091
    },
    "3420": {
        "0": 1,
        "1": 9,
        "2": 79,
        "3": 697,
        "4": 6112,
        "5": 20609,
        "6": 46652
    },
    "3421": {
        "0": 1,
        "1": 1,
        "2": 1,
        "3": 11,
        "4": 86,
        "5": 642,
        "6": 4680
    },
    "3422": {
        "0": 1,
        "1": 1,
        "2": 10,
        "3": 83,
        "4": 684,
        "5": 5621,
        "6": 16077
    },
    "3423": {
        "0": 1,
        "1": 9,
        "2": 62,
        "3": 435,
        "4": 3097,
        "5": 11818,
        "6": 33228
    },
    "3424": {
        "0": 1,
        "1": 10,
        "2": 81,
        "3": 673,
        "4": 5651,
        "5": 15228,
        "6": 30578
    },
    "3425": {
        "0": 1,
        "1": 1,
        "2": 10,
        "3": 83,
        "4": 683,
        "5": 5510,
        "6": 15416
    },
    "3426": {
        "0": 1,
        "1": 9,
        "2": 74,
        "3": 610,
        "4": 5061,
        "5": 9725,
        "6": 12799
    },
    "3427": {
        "0": 1,
        "1": 1,
        "2": 1,
        "3": 1,
        "4": 12,
        "5": 104,
        "6": 896
    },
    "3428": {
        "0": 1,
        "1": 9,
        "2": 68,
        "3": 522,
        "4": 4064,
        "5": 12707,
        "6": 23329
    },
    "3429": {
        "0": 1,
        "1": 10,
        "2": 83,
        "3": 680,
        "4": 5476,
        "5": 15934,
        "6": 32056
    },
    "3430": {
        "0": 1,
        "1": 10,
        "2": 89,
        "3": 775,
        "4": 6723,
        "5": 25416,
        "6": 63931
    },
    "3431": {
        "0": 1,
        "1": 1,
        "2": 8,
        "3": 73,
        "4": 629,
        "5": 5283,
        "6": 15865
    },
    "3432": {
        "0": 1,
        "1": 1,
        "2": 1,
        "3": 8,
        "4": 71,
        "5": 617,
        "6": 5341
    },
    "3433": {
        "0": 1,
        "1": 10,
        "2": 80,
        "3": 622,
        "4": 4828,
        "5": 18395,
        "6": 49143
    },
    "3434": {
        "0": 1,
        "1": 9,
        "2": 70,
        "3": 544,
        "4": 4192,
        "5": 13001,
        "6": 27047
    },
    "3435": {
        "0": 1,
        "1": 10,
        "2": 87,
        "3": 757,
        "4": 6477,
        "5": 24528,
        "6": 62602
    },
    "3436": {
        "0": 1,
        "1": 10,
        "2": 81,
        "3": 618,
        "4": 4669,
        "5": 15946,
        "6": 42238
    },
    "3437": {
        "0": 1,
        "1": 1,
        "2": 9,
        "3": 68,
        "4": 500,
        "5": 3665,
        "6": 9561
    },
    "3438": {
        "0": 1,
        "1": 1,
        "2": 10,
        "3": 86,
        "4": 710,
        "5": 5763,
        "6": 18426
    },
    "3439": {
        "0": 1,
        "1": 10,
        "2": 81,
        "3": 639,
        "4": 4958,
        "5": 20704,
        "6": 64889
    },
    "3440": {
        "0": 1,
        "1": 10,
        "2": 85,
        "3": 719,
        "4": 6024,
        "5": 20030,
        "6": 43073
    },
    "3441": {
        "0": 1,
        "1": 11,
        "2": 92,
        "3": 751,
        "4": 6105,
        "5": 19529,
        "6": 41208
    },
    "3442": {
        "0": 1,
        "1": 1,
        "2": 10,
        "3": 80,
        "4": 655,
        "5": 5402,
        "6": 12155
    },
    "3443": {
        "0": 1,
        "1": 13,
        "2": 116,
        "3": 988,
        "4": 8249,
        "5": 38121,
        "6": 112582
    },
    "3444": {
        "0": 1,
        "1": 1,
        "2": 11,
        "3": 88,
        "4": 659,
        "5": 4849,
        "6": 18114
    },
    "3445": {
        "0": 1,
        "1": 10,
        "2": 73,
        "3": 487,
        "4": 3239,
        "5": 12476,
        "6": 34809
    },
    "3446": {
        "0": 1,
        "1": 1,
        "2": 10,
        "3": 87,
        "4": 757,
        "5": 6581,
        "6": 24280
    },
    "3447": {
        "0": 1,
        "1": 10,
        "2": 84,
        "3": 674,
        "4": 5200,
        "5": 16027,
        "6": 37338
    },
    "3448": {
        "0": 1,
        "1": 9,
        "2": 74,
        "3": 606,
        "4": 4963,
        "5": 10391,
        "6": 18997
    },
    "3449": {
        "0": 1,
        "1": 8,
        "2": 71,
        "3": 605,
        "4": 5066,
        "5": 14058,
        "6": 26513
    },
    "3450": {
        "0": 1,
        "1": 1,
        "2": 1,
        "3": 1,
        "4": 1,
        "5": 1,
        "6": 11
    },
    "3451": {
        "0": 1,
        "1": 1,
        "2": 1,
        "3": 1,
        "4": 1,
        "5": 14,
        "6": 123
    },
    "3452": {
        "0": 1,
        "1": 11,
        "2": 98,
        "3": 875,
        "4": 7598,
        "5": 34156,
        "6": 96017
    },
    "3453": {
        "0": 1,
        "1": 1,
        "2": 12,
        "3": 96,
        "4": 717,
        "5": 5360,
        "6": 21157
    },
    "3454": {
        "0": 1,
        "1": 1,
        "2": 1,
        "3": 9,
        "4": 68,
        "5": 509,
        "6": 3773
    },
    "3455": {
        "0": 1,
        "1": 8,
        "2": 57,
        "3": 409,
        "4": 2958,
        "5": 5993,
        "6": 9433
    },
    "3456": {
        "0": 1,
        "1": 1,
        "2": 1,
        "3": 9,
        "4": 75,
        "5": 626,
        "6": 5187
    },
    "3457": {
        "0": 1,
        "1": 8,
        "2": 60,
        "3": 447,
        "4": 3307,
        "5": 7104,
        "6": 14806
    },
    "3458": {
        "0": 1,
        "1": 1,
        "2": 1,
        "3": 8,
        "4": 68,
        "5": 565,
        "6": 4620
    },
    "3459": {
        "0": 1,
        "1": 1,
        "2": 1,
        "3": 10,
        "4": 88,
        "5": 741,
        "6": 6092
    },
    "3460": {
        "0": 1,
        "1": 1,
        "2": 10,
        "3": 77,
        "4": 587,
        "5": 4379,
        "6": 14946
    },
    "3461": {
        "0": 1,
        "1": 10,
        "2": 84,
        "3": 711,
        "4": 5903,
        "5": 20699,
        "6": 47585
    },
    "3462": {
        "0": 1,
        "1": 9,
        "2": 74,
        "3": 620,
        "4": 5072,
        "5": 13320,
        "6": 24340
    },
    "3463": {
        "0": 1,
        "1": 12,
        "2": 85,
        "3": 575,
        "4": 3992,
        "5": 17909,
        "6": 53895
    },
    "3464": {
        "0": 1,
        "1": 10,
        "2": 76,
        "3": 554,
        "4": 3933,
        "5": 11989,
        "6": 26987
    },
    "3465": {
        "0": 1,
        "1": 10,
        "2": 66,
        "3": 448,
        "4": 3114,
        "5": 11725,
        "6": 29220
    },
    "3466": {
        "0": 1,
        "1": 10,
        "2": 69,
        "3": 465,
        "4": 3200,
        "5": 11921,
        "6": 35417
    },
    "3467": {
        "0": 1,
        "1": 1,
        "2": 10,
        "3": 83,
        "4": 708,
        "5": 6066,
        "6": 19421
    },
    "3468": {
        "0": 1,
        "1": 1,
        "2": 1,
        "3": 13,
        "4": 107,
        "5": 802,
        "6": 5882
    },
    "3469": {
        "0": 1,
        "1": 9,
        "2": 80,
        "3": 682,
        "4": 5756,
        "5": 17886,
        "6": 35837
    },
    "3470": {
        "0": 1,
        "1": 12,
        "2": 93,
        "3": 657,
        "4": 4518,
        "5": 20554,
        "6": 68886
    },
    "3471": {
        "0": 1,
        "1": 10,
        "2": 76,
        "3": 564,
        "4": 4191,
        "5": 12238,
        "6": 27422
    },
    "3472": {
        "0": 1,
        "1": 12,
        "2": 90,
        "3": 640,
        "4": 4584,
        "5": 14188,
        "6": 33718
    },
    "3473": {
        "0": 1,
        "1": 1,
        "2": 8,
        "3": 63,
        "4": 501,
        "5": 3996,
        "6": 12918
    },
    "3474": {
        "0": 1,
        "1": 11,
        "2": 95,
        "3": 776,
        "4": 6218,
        "5": 21631,
        "6": 52287
    },
    "3475": {
        "0": 1,
        "1": 1,
        "2": 13,
        "3": 112,
        "4": 937,
        "5": 7692,
        "6": 32072
    },
    "3476": {
        "0": 1,
        "1": 9,
        "2": 79,
        "3": 696,
        "4": 6067,
        "5": 20150,
        "6": 46891
    },
    "3477": {
        "0": 1,
        "1": 1,
        "2": 1,
        "3": 1,
        "4": 1,
        "5": 12,
        "6": 104
    },
    "3478": {
        "0": 1,
        "1": 1,
        "2": 10,
        "3": 91,
        "4": 817,
        "5": 7160,
        "6": 31288
    },
    "3479": {
        "0": 1,
        "1": 12,
        "2": 100,
        "3": 829,
        "4": 6858,
        "5": 26688,
        "6": 59305
    },
    "3480": {
        "0": 1,
        "1": 1,
        "2": 1,
        "3": 9,
        "4": 71,
        "5": 553,
        "6": 4318
    },
    "3481": {
        "0": 1,
        "1": 1,
        "2": 1,
        "3": 10,
        "4": 74,
        "5": 520,
        "6": 3682
    },
    "3482": {
        "0": 1,
        "1": 1,
        "2": 10,
        "3": 83,
        "4": 717,
        "5": 6232,
        "6": 21643
    },
    "3483": {
        "0": 1,
        "1": 1,
        "2": 11,
        "3": 78,
        "4": 527,
        "5": 3606,
        "6": 15657
    },
    "3484": {
        "0": 1,
        "1": 9,
        "2": 78,
        "3": 670,
        "4": 5808,
        "5": 17799,
        "6": 41109
    },
    "3485": {
        "0": 1,
        "1": 1,
        "2": 1,
        "3": 1,
        "4": 1,
        "5": 10,
        "6": 87
    },
    "3486": {
        "0": 1,
        "1": 1,
        "2": 10,
        "3": 78,
        "4": 596,
        "5": 4494,
        "6": 16344
    },
    "3487": {
        "0": 1,
        "1": 12,
        "2": 105,
        "3": 907,
        "4": 7744,
        "5": 34879,
        "6": 97912
    },
    "3488": {
        "0": 1,
        "1": 10,
        "2": 75,
        "3": 534,
        "4": 3707,
        "5": 9872,
        "6": 20929
    },
    "3489": {
        "0": 1,
        "1": 11,
        "2": 76,
        "3": 501,
        "4": 3300,
        "5": 12580,
        "6": 36131
    },
    "3490": {
        "0": 1,
        "1": 11,
        "2": 93,
        "3": 800,
        "4": 6891,
        "5": 26827,
        "6": 66863
    },
    "3491": {
        "0": 1,
        "1": 10,
        "2": 70,
        "3": 492,
        "4": 3467,
        "5": 13940,
        "6": 39638
    },
    "3492": {
        "0": 1,
        "1": 1,
        "2": 1,
        "3": 10,
        "4": 84,
        "5": 715,
        "6": 6114
    },
    "3493": {
        "0": 1,
        "1": 1,
        "2": 12,
        "3": 94,
        "4": 698,
        "5": 5222,
        "6": 20314
    },
    "3494": {
        "0": 1,
        "1": 1,
        "2": 1,
        "3": 1,
        "4": 11,
        "5": 92,
        "6": 764
    },
    "3495": {
        "0": 1,
        "1": 1,
        "2": 11,
        "3": 84,
        "4": 645,
        "5": 5001,
        "6": 19677
    },
    "3496": {
        "0": 1,
        "1": 12,
        "2": 98,
        "3": 807,
        "4": 6606,
        "5": 23726,
        "6": 45424
    },
    "3497": {
        "0": 1,
        "1": 1,
        "2": 9,
        "3": 73,
        "4": 582,
        "5": 4599,
        "6": 16661
    },
    "3498": {
        "0": 1,
        "1": 1,
        "2": 1,
        "3": 1,
        "4": 10,
        "5": 79,
        "6": 612
    },
    "3499": {
        "0": 1,
        "1": 10,
        "2": 77,
        "3": 595,
        "4": 4598,
        "5": 16348,
        "6": 37229
    }
}