{
    "100": {
        "0": 1,
        "1": 11,
        "2": 89,
        "3": 737,
        "4": 6170,
        "5": 19635,
        "6": 39930
    },
    "101": {
        "0": 1,
        "1": 11,
        "2": 81,
        "3": 597,
        "4": 4450,
        "5": 14359,
        "6": 29788
    },
    "102": {
        "0": 1,
        "1": 9,
        "2": 60,
        "3": 396,
        "4": 2624,
        "5": 7253,
        "6": 16957
    },
    "103": {
        "0": 1,
        "1": 12,
        "2": 93,
        "3": 653,
        "4": 4504,
        "5": 20537,
        "6": 67141
    },
    "104": {
        "0": 1,
        "1": 10,
        "2": 74,
        "3": 566,
        "4": 4382,
        "5": 15097,
        "6": 37809
    },
    "105": {
        "0": 1,
        "1": 11,
        "2": 93,
        "3": 776,
        "4": 6471,
        "5": 23823,
        "6": 60694
    },
    "106": {
        "0": 1,
        "1": 1,
        "2": 1,
        "3": 12,
        "4": 105,
        "5": 901,
        "6": 7668
    },
    "107": {
        "0": 1,
        "1": 1,
        "2": 11,
        "3": 86,
        "4": 645,
        "5": 4784,
        "6": 18140
    },
    "108": {
        "0": 1,
        "1": 1,
        "2": 1,
        "3": 10,
        "4": 86,
        "5": 737,
        "6": 6211
    },
    "109": {
        "0": 1,
        "1": 1,
        "2": 10,
        "3": 75,
        "4": 562,
        "5": 4140,
        "6": 20048
    },
    "110": {
        "0": 1,
        "1": 1,
        "2": 11,
        "3": 91,
        "4": 744,
        "5": 6020,
        "6": 18267
    },
    "111": {
        "0": 1,
        "1": 10,
        "2": 84,
        "3": 701,
        "4": 5777,
        "5": 17322,
        "6": 36430
    },
    "112": {
        "0": 1,
        "1": 1,
        "2": 9,
        "3": 66,
        "4": 486,
        "5": 3534,
        "6": 10181
    },
    "113": {
        "0": 1,
        "1": 10,
        "2": 81,
        "3": 673,
        "4": 5460,
        "5": 15734,
        "6": 30944
    },
    "114": {
        "0": 1,
        "1": 10,
        "2": 84,
        "3": 698,
        "4": 5691,
        "5": 17653,
        "6": 34125
    },
    "115": {
        "0": 1,
        "1": 1,
        "2": 1,
        "3": 11,
        "4": 95,
        "5": 806,
        "6": 6834
    },
    "116": {
        "0": 1,
        "1": 10,
        "2": 79,
        "3": 616,
        "4": 4841,
        "5": 18816,
        "6": 53070
    },
    "117": {
        "0": 1,
        "1": 1,
        "2": 10,
        "3": 83,
        "4": 684,
        "5": 5597,
        "6": 15411
    },
    "118": {
        "0": 1,
        "1": 1,
        "2": 1,
        "3": 12,
        "4": 107,
        "5": 923,
        "6": 7797
    },
    "119": {
        "0": 1,
        "1": 1,
        "2": 10,
        "3": 72,
        "4": 543,
        "5": 4204,
        "6": 13660
    },
    "120": {
        "0": 1,
        "1": 10,
        "2": 86,
        "3": 740,
        "4": 6297,
        "5": 22944,
        "6": 57022
    },
    "121": {
        "0": 1,
        "1": 1,
        "2": 10,
        "3": 81,
        "4": 673,
        "5": 5506,
        "6": 14576
    },
    "122": {
        "0": 1,
        "1": 1,
        "2": 11,
        "3": 95,
        "4": 822,
        "5": 7086,
        "6": 28283
    },
    "123": {
        "0": 1,
        "1": 10,
        "2": 76,
        "3": 568,
        "4": 4194,
        "5": 13534,
        "6": 31591
    },
    "124": {
        "0": 1,
        "1": 1,
        "2": 8,
        "3": 72,
        "4": 636,
        "5": 5536,
        "6": 17439
    },
    "125": {
        "0": 1,
        "1": 12,
        "2": 90,
        "3": 601,
        "4": 3899,
        "5": 16202,
        "6": 45680
    },
    "126": {
        "0": 1,
        "1": 10,
        "2": 86,
        "3": 727,
        "4": 6000,
        "5": 21010,
        "6": 52245
    },
    "127": {
        "0": 1,
        "1": 12,
        "2": 91,
        "3": 645,
        "4": 4538,
        "5": 16329,
        "6": 42766
    },
    "128": {
        "0": 1,
        "1": 9,
        "2": 73,
        "3": 603,
        "4": 4960,
        "5": 10775,
        "6": 17182
    },
    "129": {
        "0": 1,
        "1": 1,
        "2": 10,
        "3": 86,
        "4": 733,
        "5": 6231,
        "6": 20483
    },
    "130": {
        "0": 1,
        "1": 8,
        "2": 70,
        "3": 606,
        "4": 5210,
        "5": 12304,
        "6": 21354
    },
    "131": {
        "0": 1,
        "1": 1,
        "2": 8,
        "3": 63,
        "4": 491,
        "5": 3807,
        "6": 12091
    },
    "132": {
        "0": 1,
        "1": 9,
        "2": 69,
        "3": 526,
        "4": 4052,
        "5": 12177,
        "6": 29875
    },
    "133": {
        "0": 1,
        "1": 10,
        "2": 80,
        "3": 638,
        "4": 5033,
        "5": 22061,
        "6": 62367
    },
    "134": {
        "0": 1,
        "1": 1,
        "2": 1,
        "3": 11,
        "4": 87,
        "5": 677,
        "6": 5295
    },
    "135": {
        "0": 1,
        "1": 9,
        "2": 77,
        "3": 667,
        "4": 5781,
        "5": 17323,
        "6": 36962
    },
    "136": {
        "0": 1,
        "1": 1,
        "2": 9,
        "3": 67,
        "4": 492,
        "5": 3635,
        "6": 8051
    },
    "137": {
        "0": 1,
        "1": 10,
        "2": 85,
        "3": 732,
        "4": 6329,
        "5": 21921,
        "6": 46699
    },
    "138": {
        "0": 1,
        "1": 1,
        "2": 1,
        "3": 1,
        "4": 12,
        "5": 87,
        "6": 576
    },
    "139": {
        "0": 1,
        "1": 10,
        "2": 77,
        "3": 583,
        "4": 4405,
        "5": 14210,
        "6": 34025
    },
    "140": {
        "0": 1,
        "1": 1,
        "2": 10,
        "3": 85,
        "4": 739,
        "5": 6422,
        "6": 23091
    },
    "141": {
        "0": 1,
        "1": 11,
        "2": 87,
        "3": 668,
        "4": 5184,
        "5": 21454,
        "6": 60893
    },
    "142": {
        "0": 1,
        "1": 1,
        "2": 9,
        "3": 70,
        "4": 518,
        "5": 3757,
        "6": 11188
    },
    "143": {
        "0": 1,
        "1": 1,
        "2": 1,
        "3": 9,
        "4": 69,
        "5": 539,
        "6": 4214
    },
    "144": {
        "0": 1,
        "1": 11,
        "2": 89,
        "3": 731,
        "4": 6033,
        "5": 19835,
        "6": 40739
    },
    "145": {
        "0": 1,
        "1": 1,
        "2": 1,
        "3": 1,
        "4": 1,
        "5": 8,
        "6": 65
    },
    "146": {
        "0": 1,
        "1": 1,
        "2": 8,
        "3": 67,
        "4": 556,
        "5": 4580,
        "6": 7648
    },
    "147": {
        "0": 1,
        "1": 8,
        "2": 60,
        "3": 440,
        "4": 3218,
        "5": 6333,
        "6": 12226
    },
    "148": {
        "0": 1,
        "1": 1,
        "2": 11,
        "3": 78,
        "4": 543,
        "5": 3796,
        "6": 16254
    },
    "149": {
        "0": 1,
        "1": 11,
        "2": 85,
        "3": 647,
        "4": 4872,
        "5": 19298,
        "6": 50366
    },
    "150": {
        "0": 1,
        "1": 1,
        "2": 1,
        "3": 1,
        "4": 1,
        "5": 12,
        "6": 105
    },
    "151": {
        "0": 1,
        "1": 1,
        "2": 14,
        "3": 97,
        "4": 642,
        "5": 4260,
        "6": 18228
    },
    "152": {
        "0": 1,
        "1": 9,
        "2": 78,
        "3": 665,
        "4": 5579,
        "5": 16272,
        "6": 33053
    },
    "153": {
        "0": 1,
        "1": 14,
        "2": 127,
        "3": 1061,
        "4": 8661,
        "5": 40032,
        "6": 118521
    },
    "154": {
        "0": 1,
        "1": 12,
        "2": 91,
        "3": 657,
        "4": 4809,
        "5": 16395,
        "6": 36025
    },
    "155": {
        "0": 1,
        "1": 1,
        "2": 1,
        "3": 1,
        "4": 11,
        "5": 76,
        "6": 516
    },
    "156": {
        "0": 1,
        "1": 1,
        "2": 8,
        "3": 46,
        "4": 277,
        "5": 1653,
        "6": 5000
    },
    "157": {
        "0": 1,
        "1": 10,
        "2": 78,
        "3": 587,
        "4": 4420,
        "5": 14363,
        "6": 33678
    },
    "158": {
        "0": 1,
        "1": 1,
        "2": 9,
        "3": 66,
        "4": 495,
        "5": 3745,
        "6": 9229
    },
    "159": {
        "0": 1,
        "1": 1,
        "2": 1,
        "3": 1,
        "4": 1,
        "5": 10,
        "6": 80
    },
    "160": {
        "0": 1,
        "1": 11,
        "2": 83,
        "3": 606,
        "4": 4491,
        "5": 14527,
        "6": 35768
    },
    "161": {
        "0": 1,
        "1": 1,
        "2": 10,
        "3": 77,
        "4": 575,
        "5": 4314,
        "6": 15103
    },
    "162": {
        "0": 1,
        "1": 1,
        "2": 11,
        "3": 95,
        "4": 800,
        "5": 6667,
        "6": 24647
    },
    "163": {
        "0": 1,
        "1": 1,
        "2": 9,
        "3": 78,
        "4": 672,
        "5": 5762,
        "6": 16879
    },
    "164": {
        "0": 1,
        "1": 11,
        "2": 100,
        "3": 876,
        "4": 7566,
        "5": 32218,
        "6": 89437
    },
    "165": {
        "0": 1,
        "1": 1,
        "2": 1,
        "3": 11,
        "4": 74,
        "5": 465,
        "6": 2915
    },
    "166": {
        "0": 1,
        "1": 15,
        "2": 132,
        "3": 959,
        "4": 6605,
        "5": 29448,
        "6": 96917
    },
    "167": {
        "0": 1,
        "1": 1,
        "2": 9,
        "3": 60,
        "4": 399,
        "5": 2696,
        "6": 9210
    },
    "168": {
        "0": 1,
        "1": 11,
        "2": 77,
        "3": 527,
        "4": 3627,
        "5": 14946,
        "6": 40270
    },
    "169": {
        "0": 1,
        "1": 9,
        "2": 67,
        "3": 501,
        "4": 3791,
        "5": 9689,
        "6": 16515
    },
    "170": {
        "0": 1,
        "1": 8,
        "2": 66,
        "3": 551,
        "4": 4649,
        "5": 6994,
        "6": 7293
    },
    "171": {
        "0": 1,
        "1": 1,
        "2": 9,
        "3": 66,
        "4": 509,
        "5": 3988,
        "6": 12674
    },
    "172": {
        "0": 1,
        "1": 10,
        "2": 81,
        "3": 632,
        "4": 4903,
        "5": 20400,
        "6": 57564
    },
    "173": {
        "0": 1,
        "1": 1,
        "2": 1,
        "3": 10,
        "4": 76,
        "5": 577,
        "6": 4400
    },
    "174": {
        "0": 1,
        "1": 1,
        "2": 9,
        "3": 80,
        "4": 713,
        "5": 6232,
        "6": 21400
    },
    "175": {
        "0": 1,
        "1": 10,
        "2": 87,
        "3": 744,
        "4": 6353,
        "5": 21766,
        "6": 47626
    },
    "176": {
        "0": 1,
        "1": 10,
        "2": 79,
        "3": 612,
        "4": 4757,
        "5": 17867,
        "6": 45607
    },
    "177": {
        "0": 1,
        "1": 1,
        "2": 1,
        "3": 11,
        "4": 84,
        "5": 649,
        "6": 4972
    },
    "178": {
        "0": 1,
        "1": 1,
        "2": 10,
        "3": 88,
        "4": 738,
        "5": 6150,
        "6": 20702
    },
    "179": {
        "0": 1,
        "1": 12,
        "2": 96,
        "3": 739,
        "4": 5691,
        "5": 24730,
        "6": 73110
    },
    "180": {
        "0": 1,
        "1": 1,
        "2": 1,
        "3": 11,
        "4": 90,
        "5": 697,
        "6": 5331
    },
    "181": {
        "0": 1,
        "1": 1,
        "2": 11,
        "3": 84,
        "4": 618,
        "5": 4557,
        "6": 14605
    },
    "182": {
        "0": 1,
        "1": 1,
        "2": 11,
        "3": 89,
        "4": 718,
        "5": 5700,
        "6": 17164
    },
    "183": {
        "0": 1,
        "1": 13,
        "2": 111,
        "3": 896,
        "4": 7102,
        "5": 28013,
        "6": 70586
    },
    "184": {
        "0": 1,
        "1": 1,
        "2": 1,
        "3": 9,
        "4": 66,
        "5": 497,
        "6": 3791
    },
    "185": {
        "0": 1,
        "1": 1,
        "2": 1,
        "3": 8,
        "4": 61,
        "5": 468,
        "6": 3625
    },
    "186": {
        "0": 1,
        "1": 12,
        "2": 94,
        "3": 693,
        "4": 5068,
        "5": 19551,
        "6": 57687
    },
    "187": {
        "0": 1,
        "1": 1,
        "2": 12,
        "3": 104,
        "4": 872,
        "5": 7311,
        "6": 28977
    },
    "188": {
        "0": 1,
        "1": 9,
        "2": 68,
        "3": 515,
        "4": 3932,
        "5": 10951,
        "6": 21739
    },
    "189": {
        "0": 1,
        "1": 1,
        "2": 1,
        "3": 11,
        "4": 95,
        "5": 808,
        "6": 6763
    },
    "190": {
        "0": 1,
        "1": 11,
        "2": 83,
        "3": 612,
        "4": 4516,
        "5": 14367,
        "6": 30054
    },
    "191": {
        "0": 1,
        "1": 11,
        "2": 91,
        "3": 763,
        "4": 6425,
        "5": 21506,
        "6": 41627
    },
    "192": {
        "0": 1,
        "1": 1,
        "2": 11,
        "3": 66,
        "4": 385,
        "5": 2270,
        "6": 8350
    },
    "193": {
        "0": 1,
        "1": 1,
        "2": 10,
        "3": 85,
        "4": 722,
        "5": 6155,
        "6": 20015
    },
    "194": {
        "0": 1,
        "1": 9,
        "2": 76,
        "3": 643,
        "4": 5424,
        "5": 13059,
        "6": 21707
    },
    "195": {
        "0": 1,
        "1": 1,
        "2": 10,
        "3": 72,
        "4": 487,
        "5": 3222,
        "6": 11060
    },
    "196": {
        "0": 1,
        "1": 9,
        "2": 64,
        "3": 444,
        "4": 3088,
        "5": 11041,
        "6": 28001
    },
    "197": {
        "0": 1,
        "1": 1,
        "2": 12,
        "3": 107,
        "4": 941,
        "5": 8183,
        "6": 38049
    },
    "198": {
        "0": 1,
        "1": 1,
        "2": 1,
        "3": 11,
        "4": 88,
        "5": 666,
        "6": 4981
    },
    "199": {
        "0": 1,
        "1": 1,
        "2": 12,
        "3": 90,
        "4": 650,
        "5": 4778,
        "6": 16365
    }
}