{
    "16900": {
        "0": 1,
        "1": 1,
        "2": 11,
        "3": 98,
        "4": 874,
        "5": 7717,
        "6": 34603
    },
    "16901": {
        "0": 1,
        "1": 1,
        "2": 1,
        "3": 11,
        "4": 83,
        "5": 610,
        "6": 4580
    },
    "16902": {
        "0": 1,
        "1": 1,
        "2": 1,
        "3": 11,
        "4": 93,
        "5": 785,
        "6": 6589
    },
    "16903": {
        "0": 1,
        "1": 1,
        "2": 1,
        "3": 1,
        "4": 10,
        "5": 78,
        "6": 595
    },
    "16904": {
        "0": 1,
        "1": 8,
        "2": 62,
        "3": 478,
        "4": 3682,
        "5": 9265,
        "6": 17357
    },
    "16905": {
        "0": 1,
        "1": 10,
        "2": 83,
        "3": 704,
        "4": 5924,
        "5": 19615,
        "6": 45844
    },
    "16906": {
        "0": 1,
        "1": 1,
        "2": 1,
        "3": 1,
        "4": 11,
        "5": 86,
        "6": 659
    },
    "16907": {
        "0": 1,
        "1": 9,
        "2": 71,
        "3": 544,
        "4": 4114,
        "5": 13589,
        "6": 37446
    },
    "16908": {
        "0": 1,
        "1": 1,
        "2": 8,
        "3": 61,
        "4": 477,
        "5": 3747,
        "6": 10161
    },
    "16909": {
        "0": 1,
        "1": 11,
        "2": 87,
        "3": 679,
        "4": 5235,
        "5": 22679,
        "6": 69096
    },
    "16910": {
        "0": 1,
        "1": 10,
        "2": 78,
        "3": 605,
        "4": 4680,
        "5": 17023,
        "6": 38781
    },
    "16911": {
        "0": 1,
        "1": 10,
        "2": 83,
        "3": 724,
        "4": 6360,
        "5": 23030,
        "6": 59456
    },
    "16912": {
        "0": 1,
        "1": 10,
        "2": 78,
        "3": 599,
        "4": 4623,
        "5": 16829,
        "6": 42051
    },
    "16913": {
        "0": 1,
        "1": 1,
        "2": 11,
        "3": 86,
        "4": 650,
        "5": 4821,
        "6": 18121
    },
    "16914": {
        "0": 1,
        "1": 1,
        "2": 1,
        "3": 10,
        "4": 70,
        "5": 483,
        "6": 3331
    },
    "16915": {
        "0": 1,
        "1": 1,
        "2": 10,
        "3": 83,
        "4": 699,
        "5": 5905,
        "6": 17326
    },
    "16916": {
        "0": 1,
        "1": 9,
        "2": 70,
        "3": 541,
        "4": 4182,
        "5": 13324,
        "6": 29536
    },
    "16917": {
        "0": 1,
        "1": 1,
        "2": 9,
        "3": 75,
        "4": 635,
        "5": 5376,
        "6": 15347
    },
    "16918": {
        "0": 1,
        "1": 10,
        "2": 82,
        "3": 670,
        "4": 5519,
        "5": 15491,
        "6": 35885
    },
    "16919": {
        "0": 1,
        "1": 10,
        "2": 87,
        "3": 768,
        "4": 6719,
        "5": 25637,
        "6": 61457
    },
    "16920": {
        "0": 1,
        "1": 1,
        "2": 11,
        "3": 76,
        "4": 496,
        "5": 3243,
        "6": 12178
    },
    "16921": {
        "0": 1,
        "1": 10,
        "2": 82,
        "3": 693,
        "4": 5879,
        "5": 17341,
        "6": 34460
    },
    "16922": {
        "0": 1,
        "1": 1,
        "2": 1,
        "3": 1,
        "4": 1,
        "5": 10,
        "6": 86
    },
    "16923": {
        "0": 1,
        "1": 1,
        "2": 11,
        "3": 79,
        "4": 533,
        "5": 3615,
        "6": 14493
    },
    "16924": {
        "0": 1,
        "1": 10,
        "2": 85,
        "3": 739,
        "4": 6390,
        "5": 22481,
        "6": 50312
    },
    "16925": {
        "0": 1,
        "1": 1,
        "2": 10,
        "3": 82,
        "4": 637,
        "5": 4900,
        "6": 18448
    },
    "16926": {
        "0": 1,
        "1": 1,
        "2": 10,
        "3": 75,
        "4": 566,
        "5": 4309,
        "6": 13742
    },
    "16927": {
        "0": 1,
        "1": 10,
        "2": 79,
        "3": 614,
        "4": 4707,
        "5": 16523,
        "6": 42246
    },
    "16928": {
        "0": 1,
        "1": 11,
        "2": 90,
        "3": 746,
        "4": 6261,
        "5": 20017,
        "6": 45128
    },
    "16929": {
        "0": 1,
        "1": 1,
        "2": 1,
        "3": 10,
        "4": 83,
        "5": 686,
        "6": 5662
    },
    "16930": {
        "0": 1,
        "1": 1,
        "2": 1,
        "3": 1,
        "4": 10,
        "5": 77,
        "6": 594
    },
    "16931": {
        "0": 1,
        "1": 12,
        "2": 99,
        "3": 818,
        "4": 6785,
        "5": 24043,
        "6": 54023
    },
    "16932": {
        "0": 1,
        "1": 1,
        "2": 10,
        "3": 68,
        "4": 456,
        "5": 3076,
        "6": 10664
    },
    "16933": {
        "0": 1,
        "1": 1,
        "2": 9,
        "3": 65,
        "4": 475,
        "5": 3527,
        "6": 7341
    },
    "16934": {
        "0": 1,
        "1": 12,
        "2": 106,
        "3": 899,
        "4": 7575,
        "5": 31429,
        "6": 90829
    },
    "16935": {
        "0": 1,
        "1": 1,
        "2": 1,
        "3": 9,
        "4": 63,
        "5": 458,
        "6": 3321
    },
    "16936": {
        "0": 1,
        "1": 1,
        "2": 1,
        "3": 1,
        "4": 9,
        "5": 74,
        "6": 623
    },
    "16937": {
        "0": 1,
        "1": 8,
        "2": 63,
        "3": 496,
        "4": 3919,
        "5": 12130,
        "6": 27969
    },
    "16938": {
        "0": 1,
        "1": 12,
        "2": 103,
        "3": 844,
        "4": 6758,
        "5": 25753,
        "6": 66555
    },
    "16939": {
        "0": 1,
        "1": 1,
        "2": 10,
        "3": 81,
        "4": 647,
        "5": 5101,
        "6": 20928
    },
    "16940": {
        "0": 1,
        "1": 12,
        "2": 101,
        "3": 849,
        "4": 7158,
        "5": 27951,
        "6": 66982
    },
    "16941": {
        "0": 1,
        "1": 11,
        "2": 83,
        "3": 608,
        "4": 4485,
        "5": 14058,
        "6": 30276
    },
    "16942": {
        "0": 1,
        "1": 11,
        "2": 84,
        "3": 614,
        "4": 4556,
        "5": 15212,
        "6": 37511
    },
    "16943": {
        "0": 1,
        "1": 1,
        "2": 10,
        "3": 85,
        "4": 727,
        "5": 6231,
        "6": 20748
    },
    "16944": {
        "0": 1,
        "1": 9,
        "2": 62,
        "3": 421,
        "4": 2860,
        "5": 10347,
        "6": 24625
    },
    "16945": {
        "0": 1,
        "1": 1,
        "2": 1,
        "3": 1,
        "4": 1,
        "5": 1,
        "6": 10
    },
    "16946": {
        "0": 1,
        "1": 11,
        "2": 92,
        "3": 768,
        "4": 6456,
        "5": 21960,
        "6": 49210
    },
    "16947": {
        "0": 1,
        "1": 9,
        "2": 70,
        "3": 543,
        "4": 4151,
        "5": 14073,
        "6": 35054
    },
    "16948": {
        "0": 1,
        "1": 11,
        "2": 88,
        "3": 655,
        "4": 4826,
        "5": 18071,
        "6": 48142
    },
    "16949": {
        "0": 1,
        "1": 1,
        "2": 12,
        "3": 104,
        "4": 890,
        "5": 7641,
        "6": 33140
    },
    "16950": {
        "0": 1,
        "1": 1,
        "2": 11,
        "3": 72,
        "4": 448,
        "5": 2859,
        "6": 8224
    },
    "16951": {
        "0": 1,
        "1": 12,
        "2": 106,
        "3": 913,
        "4": 7772,
        "5": 33357,
        "6": 80942
    },
    "16952": {
        "0": 1,
        "1": 9,
        "2": 68,
        "3": 520,
        "4": 3981,
        "5": 11466,
        "6": 23989
    },
    "16953": {
        "0": 1,
        "1": 1,
        "2": 10,
        "3": 88,
        "4": 762,
        "5": 6536,
        "6": 23219
    },
    "16954": {
        "0": 1,
        "1": 12,
        "2": 98,
        "3": 806,
        "4": 6621,
        "5": 24076,
        "6": 50558
    },
    "16955": {
        "0": 1,
        "1": 10,
        "2": 81,
        "3": 665,
        "4": 5469,
        "5": 14657,
        "6": 30703
    },
    "16956": {
        "0": 1,
        "1": 1,
        "2": 1,
        "3": 11,
        "4": 88,
        "5": 687,
        "6": 5343
    },
    "16957": {
        "0": 1,
        "1": 9,
        "2": 67,
        "3": 512,
        "4": 3912,
        "5": 10877,
        "6": 21830
    },
    "16958": {
        "0": 1,
        "1": 1,
        "2": 12,
        "3": 97,
        "4": 729,
        "5": 5330,
        "6": 21321
    },
    "16959": {
        "0": 1,
        "1": 8,
        "2": 70,
        "3": 585,
        "4": 4699,
        "5": 9124,
        "6": 15599
    },
    "16960": {
        "0": 1,
        "1": 1,
        "2": 8,
        "3": 53,
        "4": 343,
        "5": 2203,
        "6": 5091
    },
    "16961": {
        "0": 1,
        "1": 12,
        "2": 103,
        "3": 834,
        "4": 6549,
        "5": 23094,
        "6": 58868
    },
    "16962": {
        "0": 1,
        "1": 1,
        "2": 1,
        "3": 10,
        "4": 85,
        "5": 733,
        "6": 6271
    },
    "16963": {
        "0": 1,
        "1": 1,
        "2": 12,
        "3": 102,
        "4": 852,
        "5": 7128,
        "6": 27358
    },
    "16964": {
        "0": 1,
        "1": 10,
        "2": 66,
        "3": 438,
        "4": 2996,
        "5": 10498,
        "6": 27538
    },
    "16965": {
        "0": 1,
        "1": 1,
        "2": 12,
        "3": 104,
        "4": 877,
        "5": 7369,
        "6": 29510
    },
    "16966": {
        "0": 1,
        "1": 1,
        "2": 10,
        "3": 88,
        "4": 763,
        "5": 6605,
        "6": 24553
    },
    "16967": {
        "0": 1,
        "1": 1,
        "2": 11,
        "3": 87,
        "4": 644,
        "5": 4645,
        "6": 15793
    },
    "16968": {
        "0": 1,
        "1": 1,
        "2": 1,
        "3": 1,
        "4": 13,
        "5": 115,
        "6": 926
    },
    "16969": {
        "0": 1,
        "1": 8,
        "2": 71,
        "3": 612,
        "4": 5116,
        "5": 12492,
        "6": 24576
    },
    "16970": {
        "0": 1,
        "1": 1,
        "2": 11,
        "3": 84,
        "4": 611,
        "5": 4373,
        "6": 13823
    },
    "16971": {
        "0": 1,
        "1": 9,
        "2": 65,
        "3": 466,
        "4": 3328,
        "5": 13578,
        "6": 41156
    },
    "16972": {
        "0": 1,
        "1": 8,
        "2": 67,
        "3": 559,
        "4": 4650,
        "5": 8765,
        "6": 11530
    },
    "16973": {
        "0": 1,
        "1": 1,
        "2": 1,
        "3": 11,
        "4": 88,
        "5": 695,
        "6": 5415
    },
    "16974": {
        "0": 1,
        "1": 1,
        "2": 9,
        "3": 66,
        "4": 484,
        "5": 3447,
        "6": 15062
    },
    "16975": {
        "0": 1,
        "1": 10,
        "2": 83,
        "3": 700,
        "4": 5914,
        "5": 17391,
        "6": 33348
    },
    "16976": {
        "0": 1,
        "1": 10,
        "2": 85,
        "3": 715,
        "4": 5959,
        "5": 18991,
        "6": 44064
    },
    "16977": {
        "0": 1,
        "1": 1,
        "2": 11,
        "3": 92,
        "4": 702,
        "5": 5131,
        "6": 19535
    },
    "16978": {
        "0": 1,
        "1": 10,
        "2": 75,
        "3": 563,
        "4": 4251,
        "5": 13213,
        "6": 33693
    },
    "16979": {
        "0": 1,
        "1": 10,
        "2": 78,
        "3": 611,
        "4": 4807,
        "5": 18651,
        "6": 49406
    },
    "16980": {
        "0": 1,
        "1": 1,
        "2": 14,
        "3": 108,
        "4": 705,
        "5": 4444,
        "6": 20046
    },
    "16981": {
        "0": 1,
        "1": 1,
        "2": 10,
        "3": 78,
        "4": 630,
        "5": 5032,
        "6": 21011
    },
    "16982": {
        "0": 1,
        "1": 1,
        "2": 11,
        "3": 95,
        "4": 818,
        "5": 7009,
        "6": 27270
    },
    "16983": {
        "0": 1,
        "1": 11,
        "2": 95,
        "3": 813,
        "4": 6885,
        "5": 27675,
        "6": 73669
    },
    "16984": {
        "0": 1,
        "1": 12,
        "2": 93,
        "3": 670,
        "4": 4750,
        "5": 18036,
        "6": 49668
    },
    "16985": {
        "0": 1,
        "1": 9,
        "2": 75,
        "3": 629,
        "4": 5290,
        "5": 12457,
        "6": 20263
    },
    "16986": {
        "0": 1,
        "1": 1,
        "2": 1,
        "3": 9,
        "4": 68,
        "5": 501,
        "6": 3642
    },
    "16987": {
        "0": 1,
        "1": 10,
        "2": 86,
        "3": 717,
        "4": 5934,
        "5": 18701,
        "6": 43854
    },
    "16988": {
        "0": 1,
        "1": 1,
        "2": 9,
        "3": 73,
        "4": 608,
        "5": 5028,
        "6": 11460
    },
    "16989": {
        "0": 1,
        "1": 10,
        "2": 78,
        "3": 617,
        "4": 4864,
        "5": 10581,
        "6": 19179
    },
    "16990": {
        "0": 1,
        "1": 1,
        "2": 1,
        "3": 8,
        "4": 52,
        "5": 333,
        "6": 2134
    },
    "16991": {
        "0": 1,
        "1": 1,
        "2": 11,
        "3": 94,
        "4": 744,
        "5": 5701,
        "6": 25503
    },
    "16992": {
        "0": 1,
        "1": 1,
        "2": 1,
        "3": 12,
        "4": 108,
        "5": 941,
        "6": 8067
    },
    "16993": {
        "0": 1,
        "1": 1,
        "2": 11,
        "3": 84,
        "4": 622,
        "5": 4587,
        "6": 16385
    },
    "16994": {
        "0": 1,
        "1": 1,
        "2": 9,
        "3": 77,
        "4": 655,
        "5": 5479,
        "6": 15185
    },
    "16995": {
        "0": 1,
        "1": 1,
        "2": 10,
        "3": 77,
        "4": 573,
        "5": 4268,
        "6": 12731
    },
    "16996": {
        "0": 1,
        "1": 1,
        "2": 9,
        "3": 80,
        "4": 707,
        "5": 6281,
        "6": 23233
    },
    "16997": {
        "0": 1,
        "1": 1,
        "2": 9,
        "3": 73,
        "4": 612,
        "5": 5137,
        "6": 12711
    },
    "16998": {
        "0": 1,
        "1": 12,
        "2": 97,
        "3": 743,
        "4": 5730,
        "5": 24758,
        "6": 73803
    },
    "16999": {
        "0": 1,
        "1": 1,
        "2": 10,
        "3": 73,
        "4": 521,
        "5": 3748,
        "6": 9579
    }
}