{
    "5400": {
        "0": 1,
        "1": 12,
        "2": 92,
        "3": 686,
        "4": 5181,
        "5": 20108,
        "6": 56304
    },
    "5401": {
        "0": 1,
        "1": 9,
        "2": 61,
        "3": 405,
        "4": 2669,
        "5": 8574,
        "6": 20942
    },
    "5402": {
        "0": 1,
        "1": 1,
        "2": 10,
        "3": 87,
        "4": 763,
        "5": 6697,
        "6": 25866
    },
    "5403": {
        "0": 1,
        "1": 9,
        "2": 77,
        "3": 681,
        "4": 6020,
        "5": 20511,
        "6": 44327
    },
    "5404": {
        "0": 1,
        "1": 1,
        "2": 10,
        "3": 68,
        "4": 443,
        "5": 2896,
        "6": 8788
    },
    "5405": {
        "0": 1,
        "1": 1,
        "2": 8,
        "3": 61,
        "4": 451,
        "5": 3249,
        "6": 7577
    },
    "5406": {
        "0": 1,
        "1": 1,
        "2": 1,
        "3": 12,
        "4": 106,
        "5": 909,
        "6": 7604
    },
    "5407": {
        "0": 1,
        "1": 10,
        "2": 79,
        "3": 614,
        "4": 4768,
        "5": 17845,
        "6": 50294
    },
    "5408": {
        "0": 1,
        "1": 1,
        "2": 8,
        "3": 52,
        "4": 343,
        "5": 2276,
        "6": 6087
    },
    "5409": {
        "0": 1,
        "1": 12,
        "2": 95,
        "3": 710,
        "4": 5307,
        "5": 20741,
        "6": 55196
    },
    "5410": {
        "0": 1,
        "1": 1,
        "2": 1,
        "3": 1,
        "4": 10,
        "5": 87,
        "6": 744
    },
    "5411": {
        "0": 1,
        "1": 10,
        "2": 83,
        "3": 695,
        "4": 5763,
        "5": 17419,
        "6": 36677
    },
    "5412": {
        "0": 1,
        "1": 11,
        "2": 75,
        "3": 477,
        "4": 3070,
        "5": 10853,
        "6": 28824
    },
    "5413": {
        "0": 1,
        "1": 1,
        "2": 1,
        "3": 13,
        "4": 101,
        "5": 744,
        "6": 5568
    },
    "5414": {
        "0": 1,
        "1": 9,
        "2": 77,
        "3": 661,
        "4": 5682,
        "5": 16519,
        "6": 33985
    },
    "5415": {
        "0": 1,
        "1": 1,
        "2": 1,
        "3": 10,
        "4": 77,
        "5": 551,
        "6": 3926
    },
    "5416": {
        "0": 1,
        "1": 1,
        "2": 1,
        "3": 9,
        "4": 79,
        "5": 677,
        "6": 5779
    },
    "5417": {
        "0": 1,
        "1": 11,
        "2": 96,
        "3": 836,
        "4": 7041,
        "5": 30180,
        "6": 81749
    },
    "5418": {
        "0": 1,
        "1": 9,
        "2": 70,
        "3": 541,
        "4": 4126,
        "5": 13764,
        "6": 35347
    },
    "5419": {
        "0": 1,
        "1": 1,
        "2": 1,
        "3": 1,
        "4": 9,
        "5": 66,
        "6": 479
    },
    "5420": {
        "0": 1,
        "1": 1,
        "2": 11,
        "3": 79,
        "4": 523,
        "5": 3440,
        "6": 12331
    },
    "5421": {
        "0": 1,
        "1": 1,
        "2": 12,
        "3": 96,
        "4": 721,
        "5": 5401,
        "6": 21462
    },
    "5422": {
        "0": 1,
        "1": 1,
        "2": 9,
        "3": 70,
        "4": 549,
        "5": 4272,
        "6": 15767
    },
    "5423": {
        "0": 1,
        "1": 1,
        "2": 11,
        "3": 90,
        "4": 731,
        "5": 5925,
        "6": 18008
    },
    "5424": {
        "0": 1,
        "1": 1,
        "2": 11,
        "3": 92,
        "4": 773,
        "5": 6388,
        "6": 22340
    },
    "5425": {
        "0": 1,
        "1": 12,
        "2": 88,
        "3": 574,
        "4": 3734,
        "5": 14229,
        "6": 42330
    },
    "5426": {
        "0": 1,
        "1": 1,
        "2": 1,
        "3": 9,
        "4": 78,
        "5": 681,
        "6": 5968
    },
    "5427": {
        "0": 1,
        "1": 9,
        "2": 81,
        "3": 723,
        "4": 6342,
        "5": 21582,
        "6": 51479
    },
    "5428": {
        "0": 1,
        "1": 1,
        "2": 10,
        "3": 76,
        "4": 570,
        "5": 4323,
        "6": 13847
    },
    "5429": {
        "0": 1,
        "1": 1,
        "2": 9,
        "3": 61,
        "4": 407,
        "5": 2739,
        "6": 8174
    },
    "5430": {
        "0": 1,
        "1": 10,
        "2": 74,
        "3": 558,
        "4": 4253,
        "5": 13464,
        "6": 28415
    },
    "5431": {
        "0": 1,
        "1": 1,
        "2": 1,
        "3": 11,
        "4": 88,
        "5": 675,
        "6": 5075
    },
    "5432": {
        "0": 1,
        "1": 11,
        "2": 87,
        "3": 668,
        "4": 5097,
        "5": 19755,
        "6": 53730
    },
    "5433": {
        "0": 1,
        "1": 1,
        "2": 1,
        "3": 11,
        "4": 94,
        "5": 800,
        "6": 6751
    },
    "5434": {
        "0": 1,
        "1": 1,
        "2": 9,
        "3": 78,
        "4": 668,
        "5": 5663,
        "6": 17290
    },
    "5435": {
        "0": 1,
        "1": 11,
        "2": 95,
        "3": 798,
        "4": 6640,
        "5": 24711,
        "6": 59441
    },
    "5436": {
        "0": 1,
        "1": 1,
        "2": 10,
        "3": 82,
        "4": 685,
        "5": 5725,
        "6": 17691
    },
    "5437": {
        "0": 1,
        "1": 1,
        "2": 1,
        "3": 9,
        "4": 72,
        "5": 562,
        "6": 4340
    },
    "5438": {
        "0": 1,
        "1": 1,
        "2": 1,
        "3": 1,
        "4": 10,
        "5": 74,
        "6": 523
    },
    "5439": {
        "0": 1,
        "1": 11,
        "2": 73,
        "3": 462,
        "4": 2987,
        "5": 10489,
        "6": 30088
    },
    "5440": {
        "0": 1,
        "1": 10,
        "2": 85,
        "3": 714,
        "4": 5889,
        "5": 18074,
        "6": 41117
    },
    "5441": {
        "0": 1,
        "1": 11,
        "2": 92,
        "3": 757,
        "4": 6142,
        "5": 21471,
        "6": 51015
    },
    "5442": {
        "0": 1,
        "1": 9,
        "2": 58,
        "3": 368,
        "4": 2356,
        "5": 4865,
        "6": 10957
    },
    "5443": {
        "0": 1,
        "1": 1,
        "2": 1,
        "3": 10,
        "4": 83,
        "5": 694,
        "6": 5668
    },
    "5444": {
        "0": 1,
        "1": 11,
        "2": 87,
        "3": 671,
        "4": 5137,
        "5": 20314,
        "6": 52941
    },
    "5445": {
        "0": 1,
        "1": 10,
        "2": 66,
        "3": 431,
        "4": 2889,
        "5": 9256,
        "6": 23062
    },
    "5446": {
        "0": 1,
        "1": 1,
        "2": 11,
        "3": 86,
        "4": 649,
        "5": 4854,
        "6": 18192
    },
    "5447": {
        "0": 1,
        "1": 1,
        "2": 1,
        "3": 1,
        "4": 1,
        "5": 13,
        "6": 104
    },
    "5448": {
        "0": 1,
        "1": 10,
        "2": 87,
        "3": 736,
        "4": 6085,
        "5": 21383,
        "6": 53930
    },
    "5449": {
        "0": 1,
        "1": 10,
        "2": 85,
        "3": 727,
        "4": 6074,
        "5": 21980,
        "6": 54944
    },
    "5450": {
        "0": 1,
        "1": 1,
        "2": 11,
        "3": 88,
        "4": 696,
        "5": 5534,
        "6": 24860
    },
    "5451": {
        "0": 1,
        "1": 1,
        "2": 9,
        "3": 75,
        "4": 617,
        "5": 5133,
        "6": 12606
    },
    "5452": {
        "0": 1,
        "1": 10,
        "2": 77,
        "3": 565,
        "4": 4117,
        "5": 12638,
        "6": 29793
    },
    "5453": {
        "0": 1,
        "1": 10,
        "2": 89,
        "3": 773,
        "4": 6654,
        "5": 24259,
        "6": 59701
    },
    "5454": {
        "0": 1,
        "1": 10,
        "2": 67,
        "3": 445,
        "4": 2996,
        "5": 10157,
        "6": 27026
    },
    "5455": {
        "0": 1,
        "1": 1,
        "2": 9,
        "3": 74,
        "4": 607,
        "5": 4887,
        "6": 11411
    },
    "5456": {
        "0": 1,
        "1": 10,
        "2": 88,
        "3": 764,
        "4": 6557,
        "5": 25541,
        "6": 64566
    },
    "5457": {
        "0": 1,
        "1": 1,
        "2": 10,
        "3": 73,
        "4": 498,
        "5": 3356,
        "6": 12444
    },
    "5458": {
        "0": 1,
        "1": 1,
        "2": 1,
        "3": 9,
        "4": 79,
        "5": 694,
        "6": 6038
    },
    "5459": {
        "0": 1,
        "1": 11,
        "2": 85,
        "3": 629,
        "4": 4665,
        "5": 15745,
        "6": 37079
    },
    "5460": {
        "0": 1,
        "1": 1,
        "2": 9,
        "3": 75,
        "4": 642,
        "5": 5526,
        "6": 14971
    },
    "5461": {
        "0": 1,
        "1": 10,
        "2": 67,
        "3": 421,
        "4": 2624,
        "5": 7357,
        "6": 13979
    },
    "5462": {
        "0": 1,
        "1": 11,
        "2": 92,
        "3": 788,
        "4": 6793,
        "5": 25849,
        "6": 59372
    },
    "5463": {
        "0": 1,
        "1": 9,
        "2": 74,
        "3": 617,
        "4": 5176,
        "5": 11106,
        "6": 14440
    },
    "5464": {
        "0": 1,
        "1": 1,
        "2": 1,
        "3": 11,
        "4": 97,
        "5": 832,
        "6": 7053
    },
    "5465": {
        "0": 1,
        "1": 13,
        "2": 105,
        "3": 809,
        "4": 6246,
        "5": 29198,
        "6": 94368
    },
    "5466": {
        "0": 1,
        "1": 1,
        "2": 10,
        "3": 78,
        "4": 590,
        "5": 4378,
        "6": 14903
    },
    "5467": {
        "0": 1,
        "1": 1,
        "2": 10,
        "3": 74,
        "4": 548,
        "5": 4095,
        "6": 11723
    },
    "5468": {
        "0": 1,
        "1": 10,
        "2": 86,
        "3": 744,
        "4": 6527,
        "5": 24555,
        "6": 64977
    },
    "5469": {
        "0": 1,
        "1": 10,
        "2": 71,
        "3": 479,
        "4": 3171,
        "5": 11629,
        "6": 29432
    },
    "5470": {
        "0": 1,
        "1": 1,
        "2": 12,
        "3": 98,
        "4": 807,
        "5": 6737,
        "6": 23298
    },
    "5471": {
        "0": 1,
        "1": 11,
        "2": 86,
        "3": 643,
        "4": 4752,
        "5": 17694,
        "6": 46949
    },
    "5472": {
        "0": 1,
        "1": 11,
        "2": 92,
        "3": 765,
        "4": 6421,
        "5": 21445,
        "6": 43559
    },
    "5473": {
        "0": 1,
        "1": 1,
        "2": 1,
        "3": 11,
        "4": 86,
        "5": 653,
        "6": 4985
    },
    "5474": {
        "0": 1,
        "1": 10,
        "2": 85,
        "3": 708,
        "4": 5855,
        "5": 17823,
        "6": 39593
    },
    "5475": {
        "0": 1,
        "1": 13,
        "2": 105,
        "3": 784,
        "4": 5744,
        "5": 24645,
        "6": 69044
    },
    "5476": {
        "0": 1,
        "1": 1,
        "2": 10,
        "3": 74,
        "4": 526,
        "5": 3679,
        "6": 10061
    },
    "5477": {
        "0": 1,
        "1": 1,
        "2": 1,
        "3": 11,
        "4": 94,
        "5": 771,
        "6": 6232
    },
    "5478": {
        "0": 1,
        "1": 1,
        "2": 1,
        "3": 1,
        "4": 10,
        "5": 65,
        "6": 416
    },
    "5479": {
        "0": 1,
        "1": 1,
        "2": 12,
        "3": 95,
        "4": 698,
        "5": 5126,
        "6": 20393
    },
    "5480": {
        "0": 1,
        "1": 12,
        "2": 101,
        "3": 846,
        "4": 7117,
        "5": 27344,
        "6": 65015
    },
    "5481": {
        "0": 1,
        "1": 1,
        "2": 1,
        "3": 1,
        "4": 11,
        "5": 77,
        "6": 497
    },
    "5482": {
        "0": 1,
        "1": 1,
        "2": 13,
        "3": 109,
        "4": 914,
        "5": 7698,
        "6": 32566
    },
    "5483": {
        "0": 1,
        "1": 1,
        "2": 11,
        "3": 89,
        "4": 697,
        "5": 5433,
        "6": 23106
    },
    "5484": {
        "0": 1,
        "1": 14,
        "2": 108,
        "3": 720,
        "4": 4758,
        "5": 21455,
        "6": 66180
    },
    "5485": {
        "0": 1,
        "1": 1,
        "2": 1,
        "3": 10,
        "4": 62,
        "5": 394,
        "6": 2519
    },
    "5486": {
        "0": 1,
        "1": 13,
        "2": 114,
        "3": 958,
        "4": 7946,
        "5": 32472,
        "6": 81793
    },
    "5487": {
        "0": 1,
        "1": 1,
        "2": 11,
        "3": 83,
        "4": 619,
        "5": 4648,
        "6": 16120
    },
    "5488": {
        "0": 1,
        "1": 1,
        "2": 8,
        "3": 61,
        "4": 466,
        "5": 3523,
        "6": 8615
    },
    "5489": {
        "0": 1,
        "1": 10,
        "2": 84,
        "3": 727,
        "4": 6248,
        "5": 20803,
        "6": 42053
    },
    "5490": {
        "0": 1,
        "1": 12,
        "2": 108,
        "3": 897,
        "4": 7212,
        "5": 29161,
        "6": 70257
    },
    "5491": {
        "0": 1,
        "1": 10,
        "2": 87,
        "3": 727,
        "4": 5910,
        "5": 19577,
        "6": 44501
    },
    "5492": {
        "0": 1,
        "1": 1,
        "2": 8,
        "3": 68,
        "4": 588,
        "5": 5107,
        "6": 11216
    },
    "5493": {
        "0": 1,
        "1": 1,
        "2": 1,
        "3": 1,
        "4": 10,
        "5": 84,
        "6": 717
    },
    "5494": {
        "0": 1,
        "1": 11,
        "2": 87,
        "3": 663,
        "4": 5028,
        "5": 18996,
        "6": 50677
    },
    "5495": {
        "0": 1,
        "1": 11,
        "2": 97,
        "3": 848,
        "4": 7343,
        "5": 30506,
        "6": 79143
    },
    "5496": {
        "0": 1,
        "1": 11,
        "2": 83,
        "3": 636,
        "4": 4923,
        "5": 19116,
        "6": 44162
    },
    "5497": {
        "0": 1,
        "1": 11,
        "2": 88,
        "3": 666,
        "4": 4973,
        "5": 19566,
        "6": 56445
    },
    "5498": {
        "0": 1,
        "1": 11,
        "2": 94,
        "3": 804,
        "4": 6867,
        "5": 26142,
        "6": 63468
    },
    "5499": {
        "0": 1,
        "1": 1,
        "2": 1,
        "3": 10,
        "4": 78,
        "5": 601,
        "6": 4626
    }
}