{
    "25400": {
        "0": 1,
        "1": 10,
        "2": 78,
        "3": 585,
        "4": 4386,
        "5": 13885,
        "6": 29495
    },
    "25401": {
        "0": 1,
        "1": 1,
        "2": 1,
        "3": 11,
        "4": 83,
        "5": 616,
        "6": 4588
    },
    "25402": {
        "0": 1,
        "1": 11,
        "2": 84,
        "3": 641,
        "4": 4908,
        "5": 18498,
        "6": 47020
    },
    "25403": {
        "0": 1,
        "1": 1,
        "2": 1,
        "3": 8,
        "4": 61,
        "5": 456,
        "6": 3386
    },
    "25404": {
        "0": 1,
        "1": 11,
        "2": 86,
        "3": 642,
        "4": 4810,
        "5": 17132,
        "6": 43785
    },
    "25405": {
        "0": 1,
        "1": 1,
        "2": 1,
        "3": 1,
        "4": 1,
        "5": 10,
        "6": 79
    },
    "25406": {
        "0": 1,
        "1": 9,
        "2": 66,
        "3": 480,
        "4": 3452,
        "5": 7485,
        "6": 15375
    },
    "25407": {
        "0": 1,
        "1": 1,
        "2": 11,
        "3": 97,
        "4": 823,
        "5": 6920,
        "6": 25550
    },
    "25408": {
        "0": 1,
        "1": 11,
        "2": 96,
        "3": 799,
        "4": 6525,
        "5": 24779,
        "6": 65097
    },
    "25409": {
        "0": 1,
        "1": 10,
        "2": 85,
        "3": 710,
        "4": 5802,
        "5": 19077,
        "6": 44027
    },
    "25410": {
        "0": 1,
        "1": 10,
        "2": 83,
        "3": 689,
        "4": 5566,
        "5": 16529,
        "6": 32508
    },
    "25411": {
        "0": 1,
        "1": 1,
        "2": 12,
        "3": 103,
        "4": 852,
        "5": 6973,
        "6": 26449
    },
    "25412": {
        "0": 1,
        "1": 10,
        "2": 72,
        "3": 524,
        "4": 3841,
        "5": 10893,
        "6": 24719
    },
    "25413": {
        "0": 1,
        "1": 1,
        "2": 10,
        "3": 79,
        "4": 623,
        "5": 4899,
        "6": 19269
    },
    "25414": {
        "0": 1,
        "1": 1,
        "2": 9,
        "3": 72,
        "4": 576,
        "5": 4540,
        "6": 16342
    },
    "25415": {
        "0": 1,
        "1": 1,
        "2": 1,
        "3": 1,
        "4": 1,
        "5": 10,
        "6": 68
    },
    "25416": {
        "0": 1,
        "1": 9,
        "2": 71,
        "3": 551,
        "4": 4253,
        "5": 13312,
        "6": 33760
    },
    "25417": {
        "0": 1,
        "1": 1,
        "2": 11,
        "3": 70,
        "4": 417,
        "5": 2477,
        "6": 10453
    },
    "25418": {
        "0": 1,
        "1": 12,
        "2": 97,
        "3": 714,
        "4": 5105,
        "5": 18803,
        "6": 46136
    },
    "25419": {
        "0": 1,
        "1": 1,
        "2": 1,
        "3": 1,
        "4": 1,
        "5": 1,
        "6": 11
    },
    "25420": {
        "0": 1,
        "1": 1,
        "2": 13,
        "3": 94,
        "4": 581,
        "5": 3586,
        "6": 13581
    },
    "25421": {
        "0": 1,
        "1": 1,
        "2": 8,
        "3": 69,
        "4": 604,
        "5": 5355,
        "6": 14466
    },
    "25422": {
        "0": 1,
        "1": 1,
        "2": 9,
        "3": 75,
        "4": 635,
        "5": 5471,
        "6": 14771
    },
    "25423": {
        "0": 1,
        "1": 8,
        "2": 56,
        "3": 382,
        "4": 2570,
        "5": 8179,
        "6": 18272
    },
    "25424": {
        "0": 1,
        "1": 10,
        "2": 79,
        "3": 634,
        "4": 5017,
        "5": 11809,
        "6": 18408
    },
    "25425": {
        "0": 1,
        "1": 1,
        "2": 10,
        "3": 83,
        "4": 699,
        "5": 5879,
        "6": 19095
    },
    "25426": {
        "0": 1,
        "1": 1,
        "2": 10,
        "3": 87,
        "4": 736,
        "5": 6083,
        "6": 21797
    },
    "25427": {
        "0": 1,
        "1": 11,
        "2": 93,
        "3": 781,
        "4": 6548,
        "5": 24428,
        "6": 56827
    },
    "25428": {
        "0": 1,
        "1": 12,
        "2": 103,
        "3": 874,
        "4": 7407,
        "5": 30171,
        "6": 74511
    },
    "25429": {
        "0": 1,
        "1": 1,
        "2": 1,
        "3": 1,
        "4": 1,
        "5": 9,
        "6": 68
    },
    "25430": {
        "0": 1,
        "1": 1,
        "2": 1,
        "3": 12,
        "4": 100,
        "5": 772,
        "6": 5845
    },
    "25431": {
        "0": 1,
        "1": 1,
        "2": 1,
        "3": 9,
        "4": 70,
        "5": 550,
        "6": 4302
    },
    "25432": {
        "0": 1,
        "1": 1,
        "2": 1,
        "3": 1,
        "4": 9,
        "5": 77,
        "6": 666
    },
    "25433": {
        "0": 1,
        "1": 1,
        "2": 1,
        "3": 11,
        "4": 96,
        "5": 805,
        "6": 6667
    },
    "25434": {
        "0": 1,
        "1": 9,
        "2": 77,
        "3": 662,
        "4": 5626,
        "5": 17274,
        "6": 34191
    },
    "25435": {
        "0": 1,
        "1": 1,
        "2": 11,
        "3": 91,
        "4": 742,
        "5": 6079,
        "6": 19767
    },
    "25436": {
        "0": 1,
        "1": 9,
        "2": 75,
        "3": 629,
        "4": 5240,
        "5": 13107,
        "6": 25926
    },
    "25437": {
        "0": 1,
        "1": 1,
        "2": 1,
        "3": 10,
        "4": 65,
        "5": 427,
        "6": 2880
    },
    "25438": {
        "0": 1,
        "1": 11,
        "2": 99,
        "3": 889,
        "4": 7827,
        "5": 35437,
        "6": 103990
    },
    "25439": {
        "0": 1,
        "1": 1,
        "2": 10,
        "3": 79,
        "4": 612,
        "5": 4710,
        "6": 18790
    },
    "25440": {
        "0": 1,
        "1": 1,
        "2": 1,
        "3": 9,
        "4": 68,
        "5": 520,
        "6": 4009
    },
    "25441": {
        "0": 1,
        "1": 1,
        "2": 1,
        "3": 10,
        "4": 77,
        "5": 583,
        "6": 4473
    },
    "25442": {
        "0": 1,
        "1": 1,
        "2": 10,
        "3": 91,
        "4": 795,
        "5": 6819,
        "6": 27581
    },
    "25443": {
        "0": 1,
        "1": 1,
        "2": 11,
        "3": 82,
        "4": 625,
        "5": 4795,
        "6": 17911
    },
    "25444": {
        "0": 1,
        "1": 1,
        "2": 9,
        "3": 74,
        "4": 609,
        "5": 5021,
        "6": 11490
    },
    "25445": {
        "0": 1,
        "1": 9,
        "2": 75,
        "3": 612,
        "4": 4917,
        "5": 11216,
        "6": 21073
    },
    "25446": {
        "0": 1,
        "1": 1,
        "2": 11,
        "3": 99,
        "4": 867,
        "5": 7278,
        "6": 31853
    },
    "25447": {
        "0": 1,
        "1": 1,
        "2": 1,
        "3": 11,
        "4": 80,
        "5": 537,
        "6": 3649
    },
    "25448": {
        "0": 1,
        "1": 11,
        "2": 98,
        "3": 853,
        "4": 7386,
        "5": 30778,
        "6": 82023
    },
    "25449": {
        "0": 1,
        "1": 1,
        "2": 11,
        "3": 85,
        "4": 623,
        "5": 4489,
        "6": 14778
    },
    "25450": {
        "0": 1,
        "1": 8,
        "2": 67,
        "3": 575,
        "4": 4996,
        "5": 11122,
        "6": 18918
    },
    "25451": {
        "0": 1,
        "1": 12,
        "2": 85,
        "3": 559,
        "4": 3680,
        "5": 15242,
        "6": 47243
    },
    "25452": {
        "0": 1,
        "1": 10,
        "2": 83,
        "3": 698,
        "4": 5817,
        "5": 17933,
        "6": 38859
    },
    "25453": {
        "0": 1,
        "1": 10,
        "2": 86,
        "3": 722,
        "4": 6013,
        "5": 19558,
        "6": 41012
    },
    "25454": {
        "0": 1,
        "1": 1,
        "2": 12,
        "3": 105,
        "4": 905,
        "5": 7815,
        "6": 34538
    },
    "25455": {
        "0": 1,
        "1": 10,
        "2": 86,
        "3": 727,
        "4": 6017,
        "5": 21269,
        "6": 53957
    },
    "25456": {
        "0": 1,
        "1": 1,
        "2": 11,
        "3": 96,
        "4": 830,
        "5": 7152,
        "6": 28782
    },
    "25457": {
        "0": 1,
        "1": 1,
        "2": 10,
        "3": 85,
        "4": 727,
        "5": 6229,
        "6": 20778
    },
    "25458": {
        "0": 1,
        "1": 8,
        "2": 59,
        "3": 427,
        "4": 3094,
        "5": 5205,
        "6": 8487
    },
    "25459": {
        "0": 1,
        "1": 10,
        "2": 75,
        "3": 581,
        "4": 4540,
        "5": 16299,
        "6": 42145
    },
    "25460": {
        "0": 1,
        "1": 1,
        "2": 11,
        "3": 85,
        "4": 654,
        "5": 5010,
        "6": 19112
    },
    "25461": {
        "0": 1,
        "1": 1,
        "2": 11,
        "3": 87,
        "4": 660,
        "5": 4998,
        "6": 18931
    },
    "25462": {
        "0": 1,
        "1": 1,
        "2": 9,
        "3": 66,
        "4": 481,
        "5": 3502,
        "6": 8359
    },
    "25463": {
        "0": 1,
        "1": 1,
        "2": 10,
        "3": 82,
        "4": 669,
        "5": 5413,
        "6": 24330
    },
    "25464": {
        "0": 1,
        "1": 1,
        "2": 8,
        "3": 67,
        "4": 558,
        "5": 4623,
        "6": 10240
    },
    "25465": {
        "0": 1,
        "1": 12,
        "2": 104,
        "3": 864,
        "4": 7057,
        "5": 27278,
        "6": 67263
    },
    "25466": {
        "0": 1,
        "1": 9,
        "2": 69,
        "3": 522,
        "4": 3852,
        "5": 12533,
        "6": 31177
    },
    "25467": {
        "0": 1,
        "1": 9,
        "2": 77,
        "3": 656,
        "4": 5598,
        "5": 15152,
        "6": 27501
    },
    "25468": {
        "0": 1,
        "1": 9,
        "2": 75,
        "3": 608,
        "4": 4887,
        "5": 11185,
        "6": 22423
    },
    "25469": {
        "0": 1,
        "1": 1,
        "2": 1,
        "3": 1,
        "4": 1,
        "5": 11,
        "6": 77
    },
    "25470": {
        "0": 1,
        "1": 1,
        "2": 1,
        "3": 10,
        "4": 74,
        "5": 576,
        "6": 4487
    },
    "25471": {
        "0": 1,
        "1": 8,
        "2": 70,
        "3": 591,
        "4": 4915,
        "5": 10343,
        "6": 13694
    },
    "25472": {
        "0": 1,
        "1": 11,
        "2": 85,
        "3": 638,
        "4": 4670,
        "5": 18209,
        "6": 44953
    },
    "25473": {
        "0": 1,
        "1": 10,
        "2": 76,
        "3": 598,
        "4": 4724,
        "5": 18159,
        "6": 47057
    },
    "25474": {
        "0": 1,
        "1": 1,
        "2": 1,
        "3": 11,
        "4": 90,
        "5": 752,
        "6": 6216
    },
    "25475": {
        "0": 1,
        "1": 1,
        "2": 1,
        "3": 1,
        "4": 1,
        "5": 8,
        "6": 60
    },
    "25476": {
        "0": 1,
        "1": 10,
        "2": 83,
        "3": 682,
        "4": 5483,
        "5": 15753,
        "6": 30300
    },
    "25477": {
        "0": 1,
        "1": 10,
        "2": 79,
        "3": 619,
        "4": 4808,
        "5": 17870,
        "6": 48411
    },
    "25478": {
        "0": 1,
        "1": 1,
        "2": 11,
        "3": 85,
        "4": 642,
        "5": 4901,
        "6": 18253
    },
    "25479": {
        "0": 1,
        "1": 10,
        "2": 82,
        "3": 671,
        "4": 5498,
        "5": 14884,
        "6": 24076
    },
    "25480": {
        "0": 1,
        "1": 10,
        "2": 77,
        "3": 589,
        "4": 4548,
        "5": 16322,
        "6": 39650
    },
    "25481": {
        "0": 1,
        "1": 1,
        "2": 1,
        "3": 1,
        "4": 10,
        "5": 84,
        "6": 717
    },
    "25482": {
        "0": 1,
        "1": 13,
        "2": 113,
        "3": 899,
        "4": 6884,
        "5": 26329,
        "6": 69206
    },
    "25483": {
        "0": 1,
        "1": 1,
        "2": 11,
        "3": 88,
        "4": 728,
        "5": 6021,
        "6": 19483
    },
    "25484": {
        "0": 1,
        "1": 1,
        "2": 10,
        "3": 83,
        "4": 701,
        "5": 5963,
        "6": 18564
    },
    "25485": {
        "0": 1,
        "1": 1,
        "2": 1,
        "3": 10,
        "4": 82,
        "5": 699,
        "6": 5950
    },
    "25486": {
        "0": 1,
        "1": 1,
        "2": 12,
        "3": 91,
        "4": 671,
        "5": 5007,
        "6": 18730
    },
    "25487": {
        "0": 1,
        "1": 12,
        "2": 110,
        "3": 932,
        "4": 7542,
        "5": 33850,
        "6": 104337
    },
    "25488": {
        "0": 1,
        "1": 8,
        "2": 53,
        "3": 359,
        "4": 2469,
        "5": 6656,
        "6": 13531
    },
    "25489": {
        "0": 1,
        "1": 10,
        "2": 75,
        "3": 559,
        "4": 4125,
        "5": 12919,
        "6": 28360
    },
    "25490": {
        "0": 1,
        "1": 1,
        "2": 9,
        "3": 67,
        "4": 521,
        "5": 4081,
        "6": 13085
    },
    "25491": {
        "0": 1,
        "1": 1,
        "2": 10,
        "3": 69,
        "4": 454,
        "5": 3002,
        "6": 9696
    },
    "25492": {
        "0": 1,
        "1": 1,
        "2": 9,
        "3": 76,
        "4": 640,
        "5": 5383,
        "6": 14791
    },
    "25493": {
        "0": 1,
        "1": 8,
        "2": 68,
        "3": 577,
        "4": 4874,
        "5": 10721,
        "6": 22538
    },
    "25494": {
        "0": 1,
        "1": 1,
        "2": 11,
        "3": 92,
        "4": 779,
        "5": 6641,
        "6": 24269
    },
    "25495": {
        "0": 1,
        "1": 12,
        "2": 84,
        "3": 545,
        "4": 3596,
        "5": 13999,
        "6": 39538
    },
    "25496": {
        "0": 1,
        "1": 1,
        "2": 14,
        "3": 120,
        "4": 998,
        "5": 8330,
        "6": 36888
    },
    "25497": {
        "0": 1,
        "1": 12,
        "2": 99,
        "3": 749,
        "4": 5484,
        "5": 21496,
        "6": 62190
    },
    "25498": {
        "0": 1,
        "1": 9,
        "2": 73,
        "3": 612,
        "4": 5205,
        "5": 11683,
        "6": 21789
    },
    "25499": {
        "0": 1,
        "1": 1,
        "2": 10,
        "3": 76,
        "4": 565,
        "5": 4181,
        "6": 15344
    }
}