{
    "20800": {
        "0": 1,
        "1": 1,
        "2": 9,
        "3": 79,
        "4": 691,
        "5": 6039,
        "6": 19837
    },
    "20801": {
        "0": 1,
        "1": 1,
        "2": 1,
        "3": 1,
        "4": 11,
        "5": 98,
        "6": 831
    },
    "20802": {
        "0": 1,
        "1": 1,
        "2": 11,
        "3": 93,
        "4": 798,
        "5": 6853,
        "6": 25887
    },
    "20803": {
        "0": 1,
        "1": 1,
        "2": 10,
        "3": 82,
        "4": 650,
        "5": 5036,
        "6": 21130
    },
    "20804": {
        "0": 1,
        "1": 10,
        "2": 81,
        "3": 620,
        "4": 4628,
        "5": 18427,
        "6": 52874
    },
    "20805": {
        "0": 1,
        "1": 12,
        "2": 104,
        "3": 860,
        "4": 7017,
        "5": 29275,
        "6": 88602
    },
    "20806": {
        "0": 1,
        "1": 11,
        "2": 93,
        "3": 772,
        "4": 6372,
        "5": 22288,
        "6": 52056
    },
    "20807": {
        "0": 1,
        "1": 9,
        "2": 70,
        "3": 548,
        "4": 4280,
        "5": 14357,
        "6": 32995
    },
    "20808": {
        "0": 1,
        "1": 9,
        "2": 63,
        "3": 428,
        "4": 2901,
        "5": 10570,
        "6": 24836
    },
    "20809": {
        "0": 1,
        "1": 1,
        "2": 1,
        "3": 11,
        "4": 75,
        "5": 478,
        "6": 3005
    },
    "20810": {
        "0": 1,
        "1": 1,
        "2": 9,
        "3": 65,
        "4": 472,
        "5": 3433,
        "6": 7905
    },
    "20811": {
        "0": 1,
        "1": 1,
        "2": 1,
        "3": 1,
        "4": 9,
        "5": 77,
        "6": 652
    },
    "20812": {
        "0": 1,
        "1": 1,
        "2": 8,
        "3": 46,
        "4": 279,
        "5": 1699,
        "6": 5598
    },
    "20813": {
        "0": 1,
        "1": 1,
        "2": 1,
        "3": 11,
        "4": 93,
        "5": 782,
        "6": 6485
    },
    "20814": {
        "0": 1,
        "1": 11,
        "2": 92,
        "3": 772,
        "4": 6425,
        "5": 23007,
        "6": 53973
    },
    "20815": {
        "0": 1,
        "1": 1,
        "2": 1,
        "3": 1,
        "4": 9,
        "5": 72,
        "6": 578
    },
    "20816": {
        "0": 1,
        "1": 1,
        "2": 9,
        "3": 68,
        "4": 518,
        "5": 3960,
        "6": 11159
    },
    "20817": {
        "0": 1,
        "1": 8,
        "2": 70,
        "3": 594,
        "4": 4962,
        "5": 13187,
        "6": 25393
    },
    "20818": {
        "0": 1,
        "1": 8,
        "2": 52,
        "3": 342,
        "4": 2253,
        "5": 5874,
        "6": 10925
    },
    "20819": {
        "0": 1,
        "1": 1,
        "2": 12,
        "3": 109,
        "4": 924,
        "5": 7654,
        "6": 32448
    },
    "20820": {
        "0": 1,
        "1": 10,
        "2": 86,
        "3": 738,
        "4": 6304,
        "5": 21019,
        "6": 43246
    },
    "20821": {
        "0": 1,
        "1": 11,
        "2": 87,
        "3": 661,
        "4": 4980,
        "5": 18391,
        "6": 50239
    },
    "20822": {
        "0": 1,
        "1": 11,
        "2": 90,
        "3": 712,
        "4": 5569,
        "5": 24282,
        "6": 67565
    },
    "20823": {
        "0": 1,
        "1": 1,
        "2": 11,
        "3": 82,
        "4": 615,
        "5": 4669,
        "6": 16641
    },
    "20824": {
        "0": 1,
        "1": 1,
        "2": 1,
        "3": 1,
        "4": 11,
        "5": 86,
        "6": 649
    },
    "20825": {
        "0": 1,
        "1": 9,
        "2": 63,
        "3": 437,
        "4": 2981,
        "5": 11082,
        "6": 28720
    },
    "20826": {
        "0": 1,
        "1": 1,
        "2": 9,
        "3": 75,
        "4": 635,
        "5": 5316,
        "6": 14079
    },
    "20827": {
        "0": 1,
        "1": 1,
        "2": 8,
        "3": 71,
        "4": 609,
        "5": 5151,
        "6": 12963
    },
    "20828": {
        "0": 1,
        "1": 10,
        "2": 71,
        "3": 484,
        "4": 3275,
        "5": 11797,
        "6": 32530
    },
    "20829": {
        "0": 1,
        "1": 10,
        "2": 76,
        "3": 590,
        "4": 4649,
        "5": 17389,
        "6": 45669
    },
    "20830": {
        "0": 1,
        "1": 9,
        "2": 74,
        "3": 625,
        "4": 5299,
        "5": 12152,
        "6": 18267
    },
    "20831": {
        "0": 1,
        "1": 10,
        "2": 75,
        "3": 564,
        "4": 4215,
        "5": 13943,
        "6": 34491
    },
    "20832": {
        "0": 1,
        "1": 10,
        "2": 86,
        "3": 712,
        "4": 5744,
        "5": 17985,
        "6": 37744
    },
    "20833": {
        "0": 1,
        "1": 12,
        "2": 103,
        "3": 872,
        "4": 7351,
        "5": 29438,
        "6": 72433
    },
    "20834": {
        "0": 1,
        "1": 11,
        "2": 92,
        "3": 749,
        "4": 6017,
        "5": 19977,
        "6": 46231
    },
    "20835": {
        "0": 1,
        "1": 1,
        "2": 9,
        "3": 70,
        "4": 527,
        "5": 3946,
        "6": 12083
    },
    "20836": {
        "0": 1,
        "1": 10,
        "2": 86,
        "3": 740,
        "4": 6337,
        "5": 21698,
        "6": 46285
    },
    "20837": {
        "0": 1,
        "1": 9,
        "2": 74,
        "3": 599,
        "4": 4792,
        "5": 18873,
        "6": 54279
    },
    "20838": {
        "0": 1,
        "1": 1,
        "2": 1,
        "3": 10,
        "4": 87,
        "5": 747,
        "6": 6307
    },
    "20839": {
        "0": 1,
        "1": 11,
        "2": 91,
        "3": 751,
        "4": 6119,
        "5": 19332,
        "6": 41772
    },
    "20840": {
        "0": 1,
        "1": 1,
        "2": 9,
        "3": 66,
        "4": 485,
        "5": 3594,
        "6": 9381
    },
    "20841": {
        "0": 1,
        "1": 9,
        "2": 70,
        "3": 530,
        "4": 3949,
        "5": 13534,
        "6": 31143
    },
    "20842": {
        "0": 1,
        "1": 1,
        "2": 1,
        "3": 11,
        "4": 64,
        "5": 360,
        "6": 2090
    },
    "20843": {
        "0": 1,
        "1": 1,
        "2": 12,
        "3": 93,
        "4": 699,
        "5": 5282,
        "6": 20951
    },
    "20844": {
        "0": 1,
        "1": 1,
        "2": 10,
        "3": 84,
        "4": 696,
        "5": 5609,
        "6": 17021
    },
    "20845": {
        "0": 1,
        "1": 1,
        "2": 1,
        "3": 9,
        "4": 69,
        "5": 530,
        "6": 4004
    },
    "20846": {
        "0": 1,
        "1": 11,
        "2": 91,
        "3": 760,
        "4": 6290,
        "5": 21799,
        "6": 48201
    },
    "20847": {
        "0": 1,
        "1": 1,
        "2": 1,
        "3": 1,
        "4": 12,
        "5": 99,
        "6": 761
    },
    "20848": {
        "0": 1,
        "1": 1,
        "2": 11,
        "3": 84,
        "4": 637,
        "5": 4858,
        "6": 18181
    },
    "20849": {
        "0": 1,
        "1": 1,
        "2": 8,
        "3": 47,
        "4": 276,
        "5": 1606,
        "6": 4371
    },
    "20850": {
        "0": 1,
        "1": 1,
        "2": 1,
        "3": 11,
        "4": 85,
        "5": 667,
        "6": 5231
    },
    "20851": {
        "0": 1,
        "1": 9,
        "2": 69,
        "3": 530,
        "4": 4086,
        "5": 12387,
        "6": 27167
    },
    "20852": {
        "0": 1,
        "1": 1,
        "2": 1,
        "3": 1,
        "4": 1,
        "5": 11,
        "6": 81
    },
    "20853": {
        "0": 1,
        "1": 9,
        "2": 68,
        "3": 527,
        "4": 4114,
        "5": 13161,
        "6": 31851
    },
    "20854": {
        "0": 1,
        "1": 10,
        "2": 78,
        "3": 580,
        "4": 4271,
        "5": 14064,
        "6": 33837
    },
    "20855": {
        "0": 1,
        "1": 1,
        "2": 11,
        "3": 87,
        "4": 642,
        "5": 4645,
        "6": 16081
    },
    "20856": {
        "0": 1,
        "1": 10,
        "2": 87,
        "3": 745,
        "4": 6434,
        "5": 22850,
        "6": 50586
    },
    "20857": {
        "0": 1,
        "1": 12,
        "2": 102,
        "3": 807,
        "4": 6228,
        "5": 19978,
        "6": 41506
    },
    "20858": {
        "0": 1,
        "1": 1,
        "2": 1,
        "3": 11,
        "4": 84,
        "5": 647,
        "6": 5007
    },
    "20859": {
        "0": 1,
        "1": 11,
        "2": 78,
        "3": 551,
        "4": 3956,
        "5": 18115,
        "6": 59256
    },
    "20860": {
        "0": 1,
        "1": 1,
        "2": 10,
        "3": 71,
        "4": 477,
        "5": 3171,
        "6": 10634
    },
    "20861": {
        "0": 1,
        "1": 10,
        "2": 70,
        "3": 492,
        "4": 3461,
        "5": 14049,
        "6": 37508
    },
    "20862": {
        "0": 1,
        "1": 10,
        "2": 85,
        "3": 734,
        "4": 6343,
        "5": 22093,
        "6": 55354
    },
    "20863": {
        "0": 1,
        "1": 10,
        "2": 66,
        "3": 432,
        "4": 2859,
        "5": 8848,
        "6": 24234
    },
    "20864": {
        "0": 1,
        "1": 12,
        "2": 87,
        "3": 588,
        "4": 4017,
        "5": 17166,
        "6": 51374
    },
    "20865": {
        "0": 1,
        "1": 9,
        "2": 77,
        "3": 655,
        "4": 5508,
        "5": 16088,
        "6": 31707
    },
    "20866": {
        "0": 1,
        "1": 1,
        "2": 9,
        "3": 69,
        "4": 527,
        "5": 4033,
        "6": 11837
    },
    "20867": {
        "0": 1,
        "1": 10,
        "2": 84,
        "3": 717,
        "4": 6083,
        "5": 21237,
        "6": 47498
    },
    "20868": {
        "0": 1,
        "1": 11,
        "2": 92,
        "3": 764,
        "4": 6261,
        "5": 23033,
        "6": 56833
    },
    "20869": {
        "0": 1,
        "1": 1,
        "2": 1,
        "3": 1,
        "4": 1,
        "5": 12,
        "6": 85
    },
    "20870": {
        "0": 1,
        "1": 1,
        "2": 9,
        "3": 70,
        "4": 540,
        "5": 4167,
        "6": 14822
    },
    "20871": {
        "0": 1,
        "1": 1,
        "2": 1,
        "3": 1,
        "4": 11,
        "5": 97,
        "6": 841
    },
    "20872": {
        "0": 1,
        "1": 10,
        "2": 80,
        "3": 618,
        "4": 4756,
        "5": 19105,
        "6": 51970
    },
    "20873": {
        "0": 1,
        "1": 9,
        "2": 69,
        "3": 527,
        "4": 3999,
        "5": 11310,
        "6": 24057
    },
    "20874": {
        "0": 1,
        "1": 1,
        "2": 12,
        "3": 100,
        "4": 789,
        "5": 6156,
        "6": 28998
    },
    "20875": {
        "0": 1,
        "1": 1,
        "2": 10,
        "3": 77,
        "4": 576,
        "5": 4212,
        "6": 12911
    },
    "20876": {
        "0": 1,
        "1": 1,
        "2": 13,
        "3": 120,
        "4": 1026,
        "5": 8538,
        "6": 39760
    },
    "20877": {
        "0": 1,
        "1": 11,
        "2": 86,
        "3": 655,
        "4": 4963,
        "5": 18363,
        "6": 48398
    },
    "20878": {
        "0": 1,
        "1": 1,
        "2": 10,
        "3": 86,
        "4": 727,
        "5": 6025,
        "6": 19328
    },
    "20879": {
        "0": 1,
        "1": 1,
        "2": 1,
        "3": 12,
        "4": 107,
        "5": 939,
        "6": 8199
    },
    "20880": {
        "0": 1,
        "1": 11,
        "2": 86,
        "3": 643,
        "4": 4809,
        "5": 17084,
        "6": 40805
    },
    "20881": {
        "0": 1,
        "1": 1,
        "2": 1,
        "3": 12,
        "4": 85,
        "5": 536,
        "6": 3364
    },
    "20882": {
        "0": 1,
        "1": 10,
        "2": 77,
        "3": 586,
        "4": 4473,
        "5": 15226,
        "6": 31743
    },
    "20883": {
        "0": 1,
        "1": 11,
        "2": 98,
        "3": 846,
        "4": 7280,
        "5": 29961,
        "6": 84070
    },
    "20884": {
        "0": 1,
        "1": 1,
        "2": 9,
        "3": 78,
        "4": 685,
        "5": 5979,
        "6": 19333
    },
    "20885": {
        "0": 1,
        "1": 13,
        "2": 104,
        "3": 778,
        "4": 5840,
        "5": 25022,
        "6": 77931
    },
    "20886": {
        "0": 1,
        "1": 1,
        "2": 12,
        "3": 94,
        "4": 698,
        "5": 5148,
        "6": 20562
    },
    "20887": {
        "0": 1,
        "1": 1,
        "2": 10,
        "3": 61,
        "4": 367,
        "5": 2251,
        "6": 8850
    },
    "20888": {
        "0": 1,
        "1": 10,
        "2": 78,
        "3": 603,
        "4": 4596,
        "5": 17382,
        "6": 47312
    },
    "20889": {
        "0": 1,
        "1": 1,
        "2": 8,
        "3": 62,
        "4": 471,
        "5": 3574,
        "6": 7936
    },
    "20890": {
        "0": 1,
        "1": 1,
        "2": 1,
        "3": 1,
        "4": 12,
        "5": 91,
        "6": 667
    },
    "20891": {
        "0": 1,
        "1": 1,
        "2": 11,
        "3": 86,
        "4": 646,
        "5": 4830,
        "6": 18780
    },
    "20892": {
        "0": 1,
        "1": 1,
        "2": 1,
        "3": 1,
        "4": 9,
        "5": 76,
        "6": 660
    },
    "20893": {
        "0": 1,
        "1": 10,
        "2": 81,
        "3": 636,
        "4": 4863,
        "5": 20980,
        "6": 56011
    },
    "20894": {
        "0": 1,
        "1": 10,
        "2": 74,
        "3": 549,
        "4": 4091,
        "5": 13185,
        "6": 29069
    },
    "20895": {
        "0": 1,
        "1": 1,
        "2": 10,
        "3": 77,
        "4": 606,
        "5": 4816,
        "6": 18911
    },
    "20896": {
        "0": 1,
        "1": 1,
        "2": 10,
        "3": 78,
        "4": 597,
        "5": 4515,
        "6": 16757
    },
    "20897": {
        "0": 1,
        "1": 1,
        "2": 10,
        "3": 77,
        "4": 590,
        "5": 4555,
        "6": 16300
    },
    "20898": {
        "0": 1,
        "1": 10,
        "2": 68,
        "3": 449,
        "4": 2977,
        "5": 10900,
        "6": 30038
    },
    "20899": {
        "0": 1,
        "1": 8,
        "2": 62,
        "3": 471,
        "4": 3473,
        "5": 9696,
        "6": 19420
    }
}