{
    "16000": {
        "0": 1,
        "1": 1,
        "2": 10,
        "3": 75,
        "4": 552,
        "5": 4080,
        "6": 11280
    },
    "16001": {
        "0": 1,
        "1": 10,
        "2": 67,
        "3": 449,
        "4": 3017,
        "5": 9986,
        "6": 23507
    },
    "16002": {
        "0": 1,
        "1": 10,
        "2": 85,
        "3": 710,
        "4": 5905,
        "5": 18971,
        "6": 44275
    },
    "16003": {
        "0": 1,
        "1": 1,
        "2": 1,
        "3": 1,
        "4": 11,
        "5": 75,
        "6": 487
    },
    "16004": {
        "0": 1,
        "1": 1,
        "2": 9,
        "3": 75,
        "4": 628,
        "5": 5163,
        "6": 14176
    },
    "16005": {
        "0": 1,
        "1": 9,
        "2": 66,
        "3": 485,
        "4": 3580,
        "5": 9234,
        "6": 20069
    },
    "16006": {
        "0": 1,
        "1": 1,
        "2": 1,
        "3": 10,
        "4": 67,
        "5": 429,
        "6": 2757
    },
    "16007": {
        "0": 1,
        "1": 1,
        "2": 9,
        "3": 78,
        "4": 670,
        "5": 5598,
        "6": 18044
    },
    "16008": {
        "0": 1,
        "1": 1,
        "2": 10,
        "3": 78,
        "4": 599,
        "5": 4516,
        "6": 16354
    },
    "16009": {
        "0": 1,
        "1": 12,
        "2": 107,
        "3": 908,
        "4": 7546,
        "5": 31856,
        "6": 85879
    },
    "16010": {
        "0": 1,
        "1": 10,
        "2": 76,
        "3": 550,
        "4": 4052,
        "5": 12967,
        "6": 37309
    },
    "16011": {
        "0": 1,
        "1": 1,
        "2": 1,
        "3": 11,
        "4": 86,
        "5": 653,
        "6": 4973
    },
    "16012": {
        "0": 1,
        "1": 1,
        "2": 1,
        "3": 10,
        "4": 79,
        "5": 580,
        "6": 4174
    },
    "16013": {
        "0": 1,
        "1": 1,
        "2": 1,
        "3": 12,
        "4": 99,
        "5": 786,
        "6": 6235
    },
    "16014": {
        "0": 1,
        "1": 11,
        "2": 81,
        "3": 583,
        "4": 4191,
        "5": 12803,
        "6": 27126
    },
    "16015": {
        "0": 1,
        "1": 11,
        "2": 92,
        "3": 761,
        "4": 6241,
        "5": 20946,
        "6": 50148
    },
    "16016": {
        "0": 1,
        "1": 9,
        "2": 63,
        "3": 421,
        "4": 2795,
        "5": 8209,
        "6": 19626
    },
    "16017": {
        "0": 1,
        "1": 10,
        "2": 69,
        "3": 451,
        "4": 2957,
        "5": 9147,
        "6": 22147
    },
    "16018": {
        "0": 1,
        "1": 1,
        "2": 8,
        "3": 70,
        "4": 603,
        "5": 5171,
        "6": 11786
    },
    "16019": {
        "0": 1,
        "1": 10,
        "2": 85,
        "3": 699,
        "4": 5617,
        "5": 16698,
        "6": 34246
    },
    "16020": {
        "0": 1,
        "1": 1,
        "2": 10,
        "3": 85,
        "4": 722,
        "5": 6126,
        "6": 19431
    },
    "16021": {
        "0": 1,
        "1": 10,
        "2": 76,
        "3": 588,
        "4": 4600,
        "5": 17129,
        "6": 48482
    },
    "16022": {
        "0": 1,
        "1": 1,
        "2": 11,
        "3": 74,
        "4": 460,
        "5": 2847,
        "6": 8728
    },
    "16023": {
        "0": 1,
        "1": 1,
        "2": 11,
        "3": 92,
        "4": 769,
        "5": 6482,
        "6": 22132
    },
    "16024": {
        "0": 1,
        "1": 1,
        "2": 9,
        "3": 67,
        "4": 477,
        "5": 3372,
        "6": 6556
    },
    "16025": {
        "0": 1,
        "1": 1,
        "2": 10,
        "3": 78,
        "4": 603,
        "5": 4676,
        "6": 17083
    },
    "16026": {
        "0": 1,
        "1": 12,
        "2": 88,
        "3": 581,
        "4": 3867,
        "5": 16330,
        "6": 51774
    },
    "16027": {
        "0": 1,
        "1": 8,
        "2": 54,
        "3": 361,
        "4": 2376,
        "5": 6527,
        "6": 13233
    },
    "16028": {
        "0": 1,
        "1": 9,
        "2": 71,
        "3": 548,
        "4": 4241,
        "5": 13697,
        "6": 29749
    },
    "16029": {
        "0": 1,
        "1": 1,
        "2": 1,
        "3": 9,
        "4": 67,
        "5": 506,
        "6": 3806
    },
    "16030": {
        "0": 1,
        "1": 14,
        "2": 112,
        "3": 824,
        "4": 6047,
        "5": 25632,
        "6": 75480
    },
    "16031": {
        "0": 1,
        "1": 12,
        "2": 99,
        "3": 753,
        "4": 5611,
        "5": 22702,
        "6": 64682
    },
    "16032": {
        "0": 1,
        "1": 1,
        "2": 1,
        "3": 8,
        "4": 65,
        "5": 531,
        "6": 4298
    },
    "16033": {
        "0": 1,
        "1": 1,
        "2": 1,
        "3": 1,
        "4": 10,
        "5": 71,
        "6": 482
    },
    "16034": {
        "0": 1,
        "1": 8,
        "2": 60,
        "3": 447,
        "4": 3304,
        "5": 7018,
        "6": 11405
    },
    "16035": {
        "0": 1,
        "1": 1,
        "2": 11,
        "3": 88,
        "4": 650,
        "5": 4756,
        "6": 17436
    },
    "16036": {
        "0": 1,
        "1": 1,
        "2": 8,
        "3": 60,
        "4": 457,
        "5": 3531,
        "6": 8287
    },
    "16037": {
        "0": 1,
        "1": 1,
        "2": 11,
        "3": 85,
        "4": 654,
        "5": 4962,
        "6": 20137
    },
    "16038": {
        "0": 1,
        "1": 1,
        "2": 10,
        "3": 75,
        "4": 569,
        "5": 4301,
        "6": 15219
    },
    "16039": {
        "0": 1,
        "1": 1,
        "2": 11,
        "3": 91,
        "4": 750,
        "5": 6175,
        "6": 20744
    },
    "16040": {
        "0": 1,
        "1": 1,
        "2": 1,
        "3": 11,
        "4": 90,
        "5": 739,
        "6": 6036
    },
    "16041": {
        "0": 1,
        "1": 1,
        "2": 1,
        "3": 8,
        "4": 61,
        "5": 468,
        "6": 3590
    },
    "16042": {
        "0": 1,
        "1": 1,
        "2": 1,
        "3": 1,
        "4": 1,
        "5": 1,
        "6": 1
    },
    "16043": {
        "0": 1,
        "1": 1,
        "2": 11,
        "3": 85,
        "4": 630,
        "5": 4595,
        "6": 17596
    },
    "16044": {
        "0": 1,
        "1": 10,
        "2": 85,
        "3": 713,
        "4": 5938,
        "5": 19137,
        "6": 44284
    },
    "16045": {
        "0": 1,
        "1": 12,
        "2": 101,
        "3": 857,
        "4": 7285,
        "5": 29602,
        "6": 75117
    },
    "16046": {
        "0": 1,
        "1": 8,
        "2": 73,
        "3": 635,
        "4": 5451,
        "5": 16009,
        "6": 32292
    },
    "16047": {
        "0": 1,
        "1": 10,
        "2": 76,
        "3": 556,
        "4": 4009,
        "5": 11419,
        "6": 24570
    },
    "16048": {
        "0": 1,
        "1": 10,
        "2": 88,
        "3": 770,
        "4": 6652,
        "5": 26579,
        "6": 70744
    },
    "16049": {
        "0": 1,
        "1": 1,
        "2": 8,
        "3": 68,
        "4": 569,
        "5": 4709,
        "6": 8950
    },
    "16050": {
        "0": 1,
        "1": 12,
        "2": 99,
        "3": 763,
        "4": 5721,
        "5": 26605,
        "6": 88637
    },
    "16051": {
        "0": 1,
        "1": 1,
        "2": 9,
        "3": 70,
        "4": 538,
        "5": 4196,
        "6": 14012
    },
    "16052": {
        "0": 1,
        "1": 9,
        "2": 69,
        "3": 530,
        "4": 4018,
        "5": 12982,
        "6": 29389
    },
    "16053": {
        "0": 1,
        "1": 1,
        "2": 8,
        "3": 59,
        "4": 445,
        "5": 3409,
        "6": 7013
    },
    "16054": {
        "0": 1,
        "1": 1,
        "2": 1,
        "3": 10,
        "4": 71,
        "5": 490,
        "6": 3401
    },
    "16055": {
        "0": 1,
        "1": 10,
        "2": 78,
        "3": 590,
        "4": 4425,
        "5": 15806,
        "6": 40211
    },
    "16056": {
        "0": 1,
        "1": 11,
        "2": 98,
        "3": 834,
        "4": 6944,
        "5": 27305,
        "6": 76054
    },
    "16057": {
        "0": 1,
        "1": 11,
        "2": 70,
        "3": 427,
        "4": 2663,
        "5": 11669,
        "6": 37677
    },
    "16058": {
        "0": 1,
        "1": 1,
        "2": 10,
        "3": 68,
        "4": 448,
        "5": 3013,
        "6": 10213
    },
    "16059": {
        "0": 1,
        "1": 10,
        "2": 81,
        "3": 644,
        "4": 5101,
        "5": 21334,
        "6": 57460
    },
    "16060": {
        "0": 1,
        "1": 11,
        "2": 94,
        "3": 808,
        "4": 6824,
        "5": 26795,
        "6": 65689
    },
    "16061": {
        "0": 1,
        "1": 9,
        "2": 75,
        "3": 621,
        "4": 5014,
        "5": 12221,
        "6": 23720
    },
    "16062": {
        "0": 1,
        "1": 1,
        "2": 9,
        "3": 77,
        "4": 668,
        "5": 5621,
        "6": 18740
    },
    "16063": {
        "0": 1,
        "1": 11,
        "2": 95,
        "3": 782,
        "4": 6172,
        "5": 22047,
        "6": 51357
    },
    "16064": {
        "0": 1,
        "1": 9,
        "2": 64,
        "3": 468,
        "4": 3366,
        "5": 13803,
        "6": 38696
    },
    "16065": {
        "0": 1,
        "1": 9,
        "2": 70,
        "3": 532,
        "4": 4091,
        "5": 12360,
        "6": 25495
    },
    "16066": {
        "0": 1,
        "1": 11,
        "2": 88,
        "3": 674,
        "4": 5180,
        "5": 20732,
        "6": 54704
    },
    "16067": {
        "0": 1,
        "1": 1,
        "2": 10,
        "3": 81,
        "4": 651,
        "5": 5255,
        "6": 12443
    },
    "16068": {
        "0": 1,
        "1": 1,
        "2": 10,
        "3": 79,
        "4": 608,
        "5": 4640,
        "6": 16247
    },
    "16069": {
        "0": 1,
        "1": 1,
        "2": 13,
        "3": 115,
        "4": 966,
        "5": 8051,
        "6": 36814
    },
    "16070": {
        "0": 1,
        "1": 11,
        "2": 84,
        "3": 630,
        "4": 4714,
        "5": 17905,
        "6": 44818
    },
    "16071": {
        "0": 1,
        "1": 10,
        "2": 76,
        "3": 560,
        "4": 4067,
        "5": 13619,
        "6": 35705
    },
    "16072": {
        "0": 1,
        "1": 1,
        "2": 1,
        "3": 10,
        "4": 84,
        "5": 715,
        "6": 6011
    },
    "16073": {
        "0": 1,
        "1": 1,
        "2": 10,
        "3": 79,
        "4": 608,
        "5": 4674,
        "6": 16769
    },
    "16074": {
        "0": 1,
        "1": 1,
        "2": 1,
        "3": 11,
        "4": 82,
        "5": 584,
        "6": 4130
    },
    "16075": {
        "0": 1,
        "1": 11,
        "2": 95,
        "3": 819,
        "4": 7028,
        "5": 27570,
        "6": 69192
    },
    "16076": {
        "0": 1,
        "1": 1,
        "2": 11,
        "3": 89,
        "4": 682,
        "5": 5217,
        "6": 22675
    },
    "16077": {
        "0": 1,
        "1": 1,
        "2": 1,
        "3": 9,
        "4": 61,
        "5": 415,
        "6": 2843
    },
    "16078": {
        "0": 1,
        "1": 1,
        "2": 10,
        "3": 77,
        "4": 593,
        "5": 4501,
        "6": 16466
    },
    "16079": {
        "0": 1,
        "1": 11,
        "2": 86,
        "3": 649,
        "4": 4915,
        "5": 18415,
        "6": 51146
    },
    "16080": {
        "0": 1,
        "1": 1,
        "2": 9,
        "3": 69,
        "4": 533,
        "5": 4047,
        "6": 13198
    },
    "16081": {
        "0": 1,
        "1": 8,
        "2": 53,
        "3": 362,
        "4": 2511,
        "5": 7173,
        "6": 16924
    },
    "16082": {
        "0": 1,
        "1": 11,
        "2": 86,
        "3": 650,
        "4": 4952,
        "5": 18731,
        "6": 47700
    },
    "16083": {
        "0": 1,
        "1": 1,
        "2": 9,
        "3": 68,
        "4": 501,
        "5": 3636,
        "6": 8638
    },
    "16084": {
        "0": 1,
        "1": 1,
        "2": 9,
        "3": 77,
        "4": 643,
        "5": 5228,
        "6": 16287
    },
    "16085": {
        "0": 1,
        "1": 11,
        "2": 82,
        "3": 602,
        "4": 4401,
        "5": 14800,
        "6": 31697
    },
    "16086": {
        "0": 1,
        "1": 9,
        "2": 64,
        "3": 443,
        "4": 3093,
        "5": 11372,
        "6": 29499
    },
    "16087": {
        "0": 1,
        "1": 10,
        "2": 83,
        "3": 698,
        "4": 5818,
        "5": 18018,
        "6": 36490
    },
    "16088": {
        "0": 1,
        "1": 10,
        "2": 82,
        "3": 694,
        "4": 5936,
        "5": 18403,
        "6": 35641
    },
    "16089": {
        "0": 1,
        "1": 9,
        "2": 58,
        "3": 356,
        "4": 2150,
        "5": 5095,
        "6": 9620
    },
    "16090": {
        "0": 1,
        "1": 1,
        "2": 10,
        "3": 80,
        "4": 615,
        "5": 4685,
        "6": 16487
    },
    "16091": {
        "0": 1,
        "1": 1,
        "2": 1,
        "3": 9,
        "4": 61,
        "5": 421,
        "6": 2924
    },
    "16092": {
        "0": 1,
        "1": 1,
        "2": 1,
        "3": 1,
        "4": 9,
        "5": 66,
        "6": 479
    },
    "16093": {
        "0": 1,
        "1": 11,
        "2": 75,
        "3": 474,
        "4": 2965,
        "5": 10762,
        "6": 25831
    },
    "16094": {
        "0": 1,
        "1": 9,
        "2": 69,
        "3": 546,
        "4": 4321,
        "5": 15207,
        "6": 37873
    },
    "16095": {
        "0": 1,
        "1": 9,
        "2": 68,
        "3": 499,
        "4": 3655,
        "5": 9490,
        "6": 18829
    },
    "16096": {
        "0": 1,
        "1": 1,
        "2": 10,
        "3": 66,
        "4": 428,
        "5": 2793,
        "6": 8049
    },
    "16097": {
        "0": 1,
        "1": 11,
        "2": 78,
        "3": 522,
        "4": 3516,
        "5": 14612,
        "6": 40959
    },
    "16098": {
        "0": 1,
        "1": 1,
        "2": 1,
        "3": 11,
        "4": 86,
        "5": 652,
        "6": 4961
    },
    "16099": {
        "0": 1,
        "1": 1,
        "2": 1,
        "3": 1,
        "4": 1,
        "5": 1,
        "6": 11
    }
}