{
    "26500": {
        "0": 1,
        "1": 1,
        "2": 1,
        "3": 11,
        "4": 87,
        "5": 646,
        "6": 4716
    },
    "26501": {
        "0": 1,
        "1": 11,
        "2": 75,
        "3": 464,
        "4": 2883,
        "5": 8807,
        "6": 22846
    },
    "26502": {
        "0": 1,
        "1": 10,
        "2": 70,
        "3": 470,
        "4": 3167,
        "5": 11083,
        "6": 30995
    },
    "26503": {
        "0": 1,
        "1": 11,
        "2": 85,
        "3": 631,
        "4": 4714,
        "5": 16270,
        "6": 38001
    },
    "26504": {
        "0": 1,
        "1": 1,
        "2": 1,
        "3": 1,
        "4": 1,
        "5": 10,
        "6": 63
    },
    "26505": {
        "0": 1,
        "1": 9,
        "2": 70,
        "3": 533,
        "4": 4082,
        "5": 12290,
        "6": 27298
    },
    "26506": {
        "0": 1,
        "1": 10,
        "2": 84,
        "3": 719,
        "4": 6224,
        "5": 21690,
        "6": 49759
    },
    "26507": {
        "0": 1,
        "1": 1,
        "2": 10,
        "3": 83,
        "4": 715,
        "5": 6068,
        "6": 20911
    },
    "26508": {
        "0": 1,
        "1": 1,
        "2": 11,
        "3": 91,
        "4": 737,
        "5": 5879,
        "6": 18982
    },
    "26509": {
        "0": 1,
        "1": 11,
        "2": 63,
        "3": 387,
        "4": 2340,
        "5": 9503,
        "6": 30283
    },
    "26510": {
        "0": 1,
        "1": 10,
        "2": 77,
        "3": 591,
        "4": 4553,
        "5": 16222,
        "6": 38725
    },
    "26511": {
        "0": 1,
        "1": 1,
        "2": 11,
        "3": 90,
        "4": 745,
        "5": 6223,
        "6": 19494
    },
    "26512": {
        "0": 1,
        "1": 1,
        "2": 1,
        "3": 9,
        "4": 70,
        "5": 541,
        "6": 4163
    },
    "26513": {
        "0": 1,
        "1": 10,
        "2": 77,
        "3": 583,
        "4": 4371,
        "5": 14689,
        "6": 38699
    },
    "26514": {
        "0": 1,
        "1": 1,
        "2": 10,
        "3": 76,
        "4": 573,
        "5": 4333,
        "6": 13927
    },
    "26515": {
        "0": 1,
        "1": 1,
        "2": 9,
        "3": 75,
        "4": 642,
        "5": 5450,
        "6": 15567
    },
    "26516": {
        "0": 1,
        "1": 10,
        "2": 83,
        "3": 692,
        "4": 5682,
        "5": 18626,
        "6": 38418
    },
    "26517": {
        "0": 1,
        "1": 11,
        "2": 77,
        "3": 504,
        "4": 3268,
        "5": 12074,
        "6": 31428
    },
    "26518": {
        "0": 1,
        "1": 11,
        "2": 98,
        "3": 852,
        "4": 7337,
        "5": 32125,
        "6": 95462
    },
    "26519": {
        "0": 1,
        "1": 1,
        "2": 10,
        "3": 87,
        "4": 736,
        "5": 6204,
        "6": 21718
    },
    "26520": {
        "0": 1,
        "1": 10,
        "2": 78,
        "3": 599,
        "4": 4593,
        "5": 16067,
        "6": 39726
    },
    "26521": {
        "0": 1,
        "1": 12,
        "2": 103,
        "3": 872,
        "4": 7378,
        "5": 29592,
        "6": 77019
    },
    "26522": {
        "0": 1,
        "1": 10,
        "2": 74,
        "3": 543,
        "4": 3986,
        "5": 10331,
        "6": 21072
    },
    "26523": {
        "0": 1,
        "1": 10,
        "2": 87,
        "3": 727,
        "4": 5922,
        "5": 19613,
        "6": 46499
    },
    "26524": {
        "0": 1,
        "1": 11,
        "2": 94,
        "3": 784,
        "4": 6464,
        "5": 22769,
        "6": 50812
    },
    "26525": {
        "0": 1,
        "1": 10,
        "2": 87,
        "3": 756,
        "4": 6496,
        "5": 23247,
        "6": 57946
    },
    "26526": {
        "0": 1,
        "1": 1,
        "2": 1,
        "3": 8,
        "4": 63,
        "5": 481,
        "6": 3629
    },
    "26527": {
        "0": 1,
        "1": 9,
        "2": 77,
        "3": 675,
        "4": 5896,
        "5": 19173,
        "6": 42473
    },
    "26528": {
        "0": 1,
        "1": 1,
        "2": 9,
        "3": 63,
        "4": 424,
        "5": 2789,
        "6": 9379
    },
    "26529": {
        "0": 1,
        "1": 1,
        "2": 1,
        "3": 1,
        "4": 1,
        "5": 10,
        "6": 85
    },
    "26530": {
        "0": 1,
        "1": 10,
        "2": 86,
        "3": 743,
        "4": 6409,
        "5": 22377,
        "6": 52745
    },
    "26531": {
        "0": 1,
        "1": 1,
        "2": 1,
        "3": 10,
        "4": 70,
        "5": 485,
        "6": 3407
    },
    "26532": {
        "0": 1,
        "1": 1,
        "2": 10,
        "3": 85,
        "4": 739,
        "5": 6427,
        "6": 23009
    },
    "26533": {
        "0": 1,
        "1": 10,
        "2": 78,
        "3": 586,
        "4": 4381,
        "5": 15451,
        "6": 38157
    },
    "26534": {
        "0": 1,
        "1": 1,
        "2": 11,
        "3": 85,
        "4": 640,
        "5": 4731,
        "6": 19073
    },
    "26535": {
        "0": 1,
        "1": 8,
        "2": 63,
        "3": 470,
        "4": 3347,
        "5": 9535,
        "6": 20407
    },
    "26536": {
        "0": 1,
        "1": 12,
        "2": 94,
        "3": 691,
        "4": 5066,
        "5": 19758,
        "6": 53908
    },
    "26537": {
        "0": 1,
        "1": 8,
        "2": 59,
        "3": 437,
        "4": 3272,
        "5": 7467,
        "6": 13730
    },
    "26538": {
        "0": 1,
        "1": 10,
        "2": 70,
        "3": 485,
        "4": 3357,
        "5": 13116,
        "6": 33171
    },
    "26539": {
        "0": 1,
        "1": 11,
        "2": 94,
        "3": 792,
        "4": 6550,
        "5": 25720,
        "6": 71937
    },
    "26540": {
        "0": 1,
        "1": 10,
        "2": 85,
        "3": 728,
        "4": 6153,
        "5": 21495,
        "6": 51333
    },
    "26541": {
        "0": 1,
        "1": 11,
        "2": 92,
        "3": 777,
        "4": 6573,
        "5": 23344,
        "6": 54016
    },
    "26542": {
        "0": 1,
        "1": 1,
        "2": 9,
        "3": 77,
        "4": 647,
        "5": 5234,
        "6": 16076
    },
    "26543": {
        "0": 1,
        "1": 11,
        "2": 94,
        "3": 796,
        "4": 6744,
        "5": 26705,
        "6": 67988
    },
    "26544": {
        "0": 1,
        "1": 10,
        "2": 91,
        "3": 790,
        "4": 6672,
        "5": 25536,
        "6": 69044
    },
    "26545": {
        "0": 1,
        "1": 11,
        "2": 90,
        "3": 746,
        "4": 6243,
        "5": 19983,
        "6": 43595
    },
    "26546": {
        "0": 1,
        "1": 1,
        "2": 1,
        "3": 11,
        "4": 91,
        "5": 736,
        "6": 5877
    },
    "26547": {
        "0": 1,
        "1": 1,
        "2": 10,
        "3": 69,
        "4": 477,
        "5": 3289,
        "6": 13588
    },
    "26548": {
        "0": 1,
        "1": 12,
        "2": 97,
        "3": 743,
        "4": 5675,
        "5": 24281,
        "6": 72468
    },
    "26549": {
        "0": 1,
        "1": 1,
        "2": 11,
        "3": 87,
        "4": 661,
        "5": 4998,
        "6": 18683
    },
    "26550": {
        "0": 1,
        "1": 9,
        "2": 70,
        "3": 536,
        "4": 4040,
        "5": 14603,
        "6": 39364
    },
    "26551": {
        "0": 1,
        "1": 12,
        "2": 106,
        "3": 884,
        "4": 7110,
        "5": 27099,
        "6": 71123
    },
    "26552": {
        "0": 1,
        "1": 1,
        "2": 1,
        "3": 14,
        "4": 119,
        "5": 988,
        "6": 8241
    },
    "26553": {
        "0": 1,
        "1": 12,
        "2": 91,
        "3": 646,
        "4": 4604,
        "5": 15602,
        "6": 41254
    },
    "26554": {
        "0": 1,
        "1": 10,
        "2": 67,
        "3": 449,
        "4": 3050,
        "5": 10634,
        "6": 25084
    },
    "26555": {
        "0": 1,
        "1": 9,
        "2": 75,
        "3": 639,
        "4": 5412,
        "5": 15694,
        "6": 32399
    },
    "26556": {
        "0": 1,
        "1": 1,
        "2": 1,
        "3": 10,
        "4": 77,
        "5": 589,
        "6": 4518
    },
    "26557": {
        "0": 1,
        "1": 1,
        "2": 13,
        "3": 121,
        "4": 1041,
        "5": 8643,
        "6": 40807
    },
    "26558": {
        "0": 1,
        "1": 11,
        "2": 85,
        "3": 618,
        "4": 4493,
        "5": 13707,
        "6": 28722
    },
    "26559": {
        "0": 1,
        "1": 1,
        "2": 1,
        "3": 1,
        "4": 12,
        "5": 105,
        "6": 883
    },
    "26560": {
        "0": 1,
        "1": 1,
        "2": 1,
        "3": 10,
        "4": 77,
        "5": 589,
        "6": 4508
    },
    "26561": {
        "0": 1,
        "1": 1,
        "2": 10,
        "3": 77,
        "4": 579,
        "5": 4331,
        "6": 16751
    },
    "26562": {
        "0": 1,
        "1": 10,
        "2": 89,
        "3": 784,
        "4": 6763,
        "5": 27562,
        "6": 74443
    },
    "26563": {
        "0": 1,
        "1": 11,
        "2": 84,
        "3": 618,
        "4": 4567,
        "5": 16267,
        "6": 42866
    },
    "26564": {
        "0": 1,
        "1": 1,
        "2": 10,
        "3": 73,
        "4": 529,
        "5": 3824,
        "6": 10251
    },
    "26565": {
        "0": 1,
        "1": 1,
        "2": 12,
        "3": 93,
        "4": 699,
        "5": 5159,
        "6": 20561
    },
    "26566": {
        "0": 1,
        "1": 10,
        "2": 75,
        "3": 552,
        "4": 4138,
        "5": 12273,
        "6": 23763
    },
    "26567": {
        "0": 1,
        "1": 11,
        "2": 94,
        "3": 816,
        "4": 7047,
        "5": 27670,
        "6": 66378
    },
    "26568": {
        "0": 1,
        "1": 1,
        "2": 10,
        "3": 81,
        "4": 674,
        "5": 5660,
        "6": 15390
    },
    "26569": {
        "0": 1,
        "1": 11,
        "2": 72,
        "3": 465,
        "4": 3009,
        "5": 10487,
        "6": 26336
    },
    "26570": {
        "0": 1,
        "1": 8,
        "2": 63,
        "3": 494,
        "4": 3853,
        "5": 10587,
        "6": 23282
    },
    "26571": {
        "0": 1,
        "1": 1,
        "2": 1,
        "3": 9,
        "4": 72,
        "5": 585,
        "6": 4796
    },
    "26572": {
        "0": 1,
        "1": 8,
        "2": 62,
        "3": 478,
        "4": 3711,
        "5": 9528,
        "6": 21994
    },
    "26573": {
        "0": 1,
        "1": 1,
        "2": 9,
        "3": 71,
        "4": 561,
        "5": 4421,
        "6": 15394
    },
    "26574": {
        "0": 1,
        "1": 1,
        "2": 1,
        "3": 9,
        "4": 79,
        "5": 686,
        "6": 5901
    },
    "26575": {
        "0": 1,
        "1": 10,
        "2": 82,
        "3": 637,
        "4": 4905,
        "5": 20347,
        "6": 61181
    },
    "26576": {
        "0": 1,
        "1": 8,
        "2": 62,
        "3": 480,
        "4": 3704,
        "5": 9369,
        "6": 16368
    },
    "26577": {
        "0": 1,
        "1": 10,
        "2": 72,
        "3": 526,
        "4": 3884,
        "5": 11515,
        "6": 26334
    },
    "26578": {
        "0": 1,
        "1": 1,
        "2": 11,
        "3": 92,
        "4": 771,
        "5": 6425,
        "6": 23302
    },
    "26579": {
        "0": 1,
        "1": 10,
        "2": 85,
        "3": 716,
        "4": 5975,
        "5": 16457,
        "6": 30966
    },
    "26580": {
        "0": 1,
        "1": 1,
        "2": 10,
        "3": 81,
        "4": 627,
        "5": 4741,
        "6": 17222
    },
    "26581": {
        "0": 1,
        "1": 10,
        "2": 65,
        "3": 430,
        "4": 2830,
        "5": 9779,
        "6": 27232
    },
    "26582": {
        "0": 1,
        "1": 1,
        "2": 10,
        "3": 63,
        "4": 376,
        "5": 2249,
        "6": 9384
    },
    "26583": {
        "0": 1,
        "1": 11,
        "2": 97,
        "3": 828,
        "4": 6934,
        "5": 27089,
        "6": 70840
    },
    "26584": {
        "0": 1,
        "1": 9,
        "2": 67,
        "3": 496,
        "4": 3674,
        "5": 9975,
        "6": 21844
    },
    "26585": {
        "0": 1,
        "1": 1,
        "2": 12,
        "3": 94,
        "4": 657,
        "5": 4466,
        "6": 19650
    },
    "26586": {
        "0": 1,
        "1": 10,
        "2": 85,
        "3": 718,
        "4": 6018,
        "5": 20027,
        "6": 49282
    },
    "26587": {
        "0": 1,
        "1": 11,
        "2": 90,
        "3": 719,
        "4": 5700,
        "5": 27455,
        "6": 91945
    },
    "26588": {
        "0": 1,
        "1": 1,
        "2": 1,
        "3": 8,
        "4": 53,
        "5": 369,
        "6": 2603
    },
    "26589": {
        "0": 1,
        "1": 12,
        "2": 87,
        "3": 579,
        "4": 3831,
        "5": 15203,
        "6": 43255
    },
    "26590": {
        "0": 1,
        "1": 12,
        "2": 96,
        "3": 697,
        "4": 4917,
        "5": 18741,
        "6": 50875
    },
    "26591": {
        "0": 1,
        "1": 10,
        "2": 78,
        "3": 605,
        "4": 4675,
        "5": 16723,
        "6": 44028
    },
    "26592": {
        "0": 1,
        "1": 9,
        "2": 78,
        "3": 654,
        "4": 5347,
        "5": 15358,
        "6": 30013
    },
    "26593": {
        "0": 1,
        "1": 1,
        "2": 10,
        "3": 77,
        "4": 562,
        "5": 4102,
        "6": 12612
    },
    "26594": {
        "0": 1,
        "1": 1,
        "2": 8,
        "3": 59,
        "4": 441,
        "5": 3332,
        "6": 6128
    },
    "26595": {
        "0": 1,
        "1": 1,
        "2": 1,
        "3": 8,
        "4": 64,
        "5": 498,
        "6": 3802
    },
    "26596": {
        "0": 1,
        "1": 1,
        "2": 11,
        "3": 90,
        "4": 731,
        "5": 5888,
        "6": 19345
    },
    "26597": {
        "0": 1,
        "1": 1,
        "2": 9,
        "3": 75,
        "4": 629,
        "5": 5176,
        "6": 14330
    },
    "26598": {
        "0": 1,
        "1": 10,
        "2": 83,
        "3": 701,
        "4": 5840,
        "5": 18120,
        "6": 37910
    },
    "26599": {
        "0": 1,
        "1": 1,
        "2": 11,
        "3": 74,
        "4": 490,
        "5": 3328,
        "6": 12637
    }
}