{
    "2700": {
        "0": 1,
        "1": 1,
        "2": 8,
        "3": 71,
        "4": 607,
        "5": 5073,
        "6": 13864
    },
    "2701": {
        "0": 1,
        "1": 10,
        "2": 92,
        "3": 811,
        "4": 7109,
        "5": 29074,
        "6": 76026
    },
    "2702": {
        "0": 1,
        "1": 13,
        "2": 114,
        "3": 963,
        "4": 8140,
        "5": 36530,
        "6": 107924
    },
    "2703": {
        "0": 1,
        "1": 11,
        "2": 89,
        "3": 744,
        "4": 6201,
        "5": 21072,
        "6": 43478
    },
    "2704": {
        "0": 1,
        "1": 1,
        "2": 10,
        "3": 73,
        "4": 529,
        "5": 3839,
        "6": 12226
    },
    "2705": {
        "0": 1,
        "1": 1,
        "2": 1,
        "3": 1,
        "4": 1,
        "5": 11,
        "6": 85
    },
    "2706": {
        "0": 1,
        "1": 10,
        "2": 68,
        "3": 461,
        "4": 3194,
        "5": 11968,
        "6": 33889
    },
    "2707": {
        "0": 1,
        "1": 8,
        "2": 53,
        "3": 330,
        "4": 1987,
        "5": 4012,
        "6": 8873
    },
    "2708": {
        "0": 1,
        "1": 1,
        "2": 1,
        "3": 12,
        "4": 97,
        "5": 751,
        "6": 5757
    },
    "2709": {
        "0": 1,
        "1": 12,
        "2": 101,
        "3": 770,
        "4": 5780,
        "5": 25329,
        "6": 77000
    },
    "2710": {
        "0": 1,
        "1": 11,
        "2": 89,
        "3": 715,
        "4": 5610,
        "5": 24356,
        "6": 75874
    },
    "2711": {
        "0": 1,
        "1": 1,
        "2": 1,
        "3": 11,
        "4": 92,
        "5": 783,
        "6": 6606
    },
    "2712": {
        "0": 1,
        "1": 13,
        "2": 113,
        "3": 948,
        "4": 7972,
        "5": 34872,
        "6": 95083
    },
    "2713": {
        "0": 1,
        "1": 1,
        "2": 9,
        "3": 75,
        "4": 630,
        "5": 5325,
        "6": 12635
    },
    "2714": {
        "0": 1,
        "1": 11,
        "2": 93,
        "3": 763,
        "4": 6082,
        "5": 21879,
        "6": 56867
    },
    "2715": {
        "0": 1,
        "1": 10,
        "2": 88,
        "3": 771,
        "4": 6647,
        "5": 26231,
        "6": 65752
    },
    "2716": {
        "0": 1,
        "1": 12,
        "2": 104,
        "3": 890,
        "4": 7561,
        "5": 31319,
        "6": 80734
    },
    "2717": {
        "0": 1,
        "1": 1,
        "2": 10,
        "3": 75,
        "4": 560,
        "5": 4228,
        "6": 14896
    },
    "2718": {
        "0": 1,
        "1": 1,
        "2": 1,
        "3": 9,
        "4": 62,
        "5": 411,
        "6": 2723
    },
    "2719": {
        "0": 1,
        "1": 1,
        "2": 9,
        "3": 73,
        "4": 605,
        "5": 5050,
        "6": 9861
    },
    "2720": {
        "0": 1,
        "1": 9,
        "2": 71,
        "3": 542,
        "4": 4020,
        "5": 13855,
        "6": 36666
    },
    "2721": {
        "0": 1,
        "1": 1,
        "2": 10,
        "3": 85,
        "4": 705,
        "5": 5732,
        "6": 18169
    },
    "2722": {
        "0": 1,
        "1": 11,
        "2": 87,
        "3": 660,
        "4": 4974,
        "5": 20175,
        "6": 53632
    },
    "2723": {
        "0": 1,
        "1": 12,
        "2": 88,
        "3": 570,
        "4": 3616,
        "5": 12711,
        "6": 34883
    },
    "2724": {
        "0": 1,
        "1": 1,
        "2": 1,
        "3": 11,
        "4": 92,
        "5": 782,
        "6": 6558
    },
    "2725": {
        "0": 1,
        "1": 11,
        "2": 83,
        "3": 604,
        "4": 4432,
        "5": 13757,
        "6": 34496
    },
    "2726": {
        "0": 1,
        "1": 10,
        "2": 76,
        "3": 593,
        "4": 4623,
        "5": 16767,
        "6": 42090
    },
    "2727": {
        "0": 1,
        "1": 1,
        "2": 10,
        "3": 68,
        "4": 445,
        "5": 2966,
        "6": 9618
    },
    "2728": {
        "0": 1,
        "1": 12,
        "2": 99,
        "3": 771,
        "4": 5979,
        "5": 27350,
        "6": 79586
    },
    "2729": {
        "0": 1,
        "1": 1,
        "2": 1,
        "3": 13,
        "4": 111,
        "5": 911,
        "6": 7382
    },
    "2730": {
        "0": 1,
        "1": 1,
        "2": 9,
        "3": 71,
        "4": 539,
        "5": 3976,
        "6": 13189
    },
    "2731": {
        "0": 1,
        "1": 1,
        "2": 1,
        "3": 9,
        "4": 63,
        "5": 439,
        "6": 3105
    },
    "2732": {
        "0": 1,
        "1": 1,
        "2": 1,
        "3": 11,
        "4": 90,
        "5": 704,
        "6": 5446
    },
    "2733": {
        "0": 1,
        "1": 1,
        "2": 1,
        "3": 1,
        "4": 1,
        "5": 8,
        "6": 54
    },
    "2734": {
        "0": 1,
        "1": 13,
        "2": 117,
        "3": 956,
        "4": 7543,
        "5": 30968,
        "6": 83644
    },
    "2735": {
        "0": 1,
        "1": 1,
        "2": 1,
        "3": 9,
        "4": 76,
        "5": 631,
        "6": 5148
    },
    "2736": {
        "0": 1,
        "1": 9,
        "2": 75,
        "3": 638,
        "4": 5432,
        "5": 13735,
        "6": 24126
    },
    "2737": {
        "0": 1,
        "1": 10,
        "2": 80,
        "3": 620,
        "4": 4685,
        "5": 17694,
        "6": 46771
    },
    "2738": {
        "0": 1,
        "1": 1,
        "2": 1,
        "3": 1,
        "4": 11,
        "5": 85,
        "6": 636
    },
    "2739": {
        "0": 1,
        "1": 8,
        "2": 68,
        "3": 575,
        "4": 4838,
        "5": 10485,
        "6": 17413
    },
    "2740": {
        "0": 1,
        "1": 1,
        "2": 9,
        "3": 79,
        "4": 671,
        "5": 5614,
        "6": 16405
    },
    "2741": {
        "0": 1,
        "1": 11,
        "2": 75,
        "3": 494,
        "4": 3303,
        "5": 13144,
        "6": 42455
    },
    "2742": {
        "0": 1,
        "1": 1,
        "2": 11,
        "3": 87,
        "4": 667,
        "5": 5075,
        "6": 19378
    },
    "2743": {
        "0": 1,
        "1": 1,
        "2": 13,
        "3": 102,
        "4": 741,
        "5": 5404,
        "6": 20623
    },
    "2744": {
        "0": 1,
        "1": 1,
        "2": 10,
        "3": 87,
        "4": 745,
        "5": 6367,
        "6": 21802
    },
    "2745": {
        "0": 1,
        "1": 12,
        "2": 95,
        "3": 730,
        "4": 5599,
        "5": 25360,
        "6": 76211
    },
    "2746": {
        "0": 1,
        "1": 9,
        "2": 66,
        "3": 493,
        "4": 3764,
        "5": 9893,
        "6": 26805
    },
    "2747": {
        "0": 1,
        "1": 1,
        "2": 10,
        "3": 82,
        "4": 697,
        "5": 5861,
        "6": 18719
    },
    "2748": {
        "0": 1,
        "1": 10,
        "2": 69,
        "3": 467,
        "4": 3147,
        "5": 11168,
        "6": 29554
    },
    "2749": {
        "0": 1,
        "1": 1,
        "2": 12,
        "3": 98,
        "4": 754,
        "5": 5781,
        "6": 25330
    },
    "2750": {
        "0": 1,
        "1": 11,
        "2": 87,
        "3": 671,
        "4": 5125,
        "5": 20055,
        "6": 55685
    },
    "2751": {
        "0": 1,
        "1": 1,
        "2": 11,
        "3": 93,
        "4": 775,
        "5": 6341,
        "6": 23548
    },
    "2752": {
        "0": 1,
        "1": 12,
        "2": 98,
        "3": 742,
        "4": 5502,
        "5": 23469,
        "6": 68110
    },
    "2753": {
        "0": 1,
        "1": 1,
        "2": 9,
        "3": 58,
        "4": 372,
        "5": 2445,
        "6": 5827
    },
    "2754": {
        "0": 1,
        "1": 10,
        "2": 77,
        "3": 575,
        "4": 4245,
        "5": 13802,
        "6": 34146
    },
    "2755": {
        "0": 1,
        "1": 1,
        "2": 1,
        "3": 1,
        "4": 10,
        "5": 88,
        "6": 742
    },
    "2756": {
        "0": 1,
        "1": 1,
        "2": 10,
        "3": 85,
        "4": 711,
        "5": 5912,
        "6": 18933
    },
    "2757": {
        "0": 1,
        "1": 1,
        "2": 10,
        "3": 76,
        "4": 584,
        "5": 4457,
        "6": 16296
    },
    "2758": {
        "0": 1,
        "1": 11,
        "2": 88,
        "3": 665,
        "4": 5037,
        "5": 18808,
        "6": 49126
    },
    "2759": {
        "0": 1,
        "1": 11,
        "2": 86,
        "3": 659,
        "4": 5076,
        "5": 19912,
        "6": 55423
    },
    "2760": {
        "0": 1,
        "1": 10,
        "2": 74,
        "3": 554,
        "4": 4153,
        "5": 13488,
        "6": 33118
    },
    "2761": {
        "0": 1,
        "1": 1,
        "2": 13,
        "3": 108,
        "4": 864,
        "5": 6860,
        "6": 26392
    },
    "2762": {
        "0": 1,
        "1": 10,
        "2": 76,
        "3": 563,
        "4": 4045,
        "5": 12870,
        "6": 27555
    },
    "2763": {
        "0": 1,
        "1": 13,
        "2": 116,
        "3": 980,
        "4": 8024,
        "5": 34792,
        "6": 95956
    },
    "2764": {
        "0": 1,
        "1": 11,
        "2": 91,
        "3": 764,
        "4": 6426,
        "5": 21339,
        "6": 44542
    },
    "2765": {
        "0": 1,
        "1": 1,
        "2": 1,
        "3": 1,
        "4": 1,
        "5": 1,
        "6": 10
    },
    "2766": {
        "0": 1,
        "1": 10,
        "2": 76,
        "3": 604,
        "4": 4842,
        "5": 19700,
        "6": 43651
    },
    "2767": {
        "0": 1,
        "1": 12,
        "2": 90,
        "3": 638,
        "4": 4584,
        "5": 16013,
        "6": 40703
    },
    "2768": {
        "0": 1,
        "1": 1,
        "2": 11,
        "3": 87,
        "4": 676,
        "5": 5251,
        "6": 21766
    },
    "2769": {
        "0": 1,
        "1": 1,
        "2": 1,
        "3": 1,
        "4": 13,
        "5": 121,
        "6": 1059
    },
    "2770": {
        "0": 1,
        "1": 11,
        "2": 89,
        "3": 660,
        "4": 4822,
        "5": 17743,
        "6": 46867
    },
    "2771": {
        "0": 1,
        "1": 11,
        "2": 85,
        "3": 630,
        "4": 4651,
        "5": 16050,
        "6": 43229
    },
    "2772": {
        "0": 1,
        "1": 9,
        "2": 73,
        "3": 603,
        "4": 4889,
        "5": 11359,
        "6": 18381
    },
    "2773": {
        "0": 1,
        "1": 10,
        "2": 81,
        "3": 670,
        "4": 5529,
        "5": 15197,
        "6": 33187
    },
    "2774": {
        "0": 1,
        "1": 11,
        "2": 93,
        "3": 804,
        "4": 6927,
        "5": 25677,
        "6": 63343
    },
    "2775": {
        "0": 1,
        "1": 8,
        "2": 54,
        "3": 359,
        "4": 2409,
        "5": 5935,
        "6": 11760
    },
    "2776": {
        "0": 1,
        "1": 11,
        "2": 86,
        "3": 642,
        "4": 4802,
        "5": 16951,
        "6": 41937
    },
    "2777": {
        "0": 1,
        "1": 1,
        "2": 9,
        "3": 72,
        "4": 571,
        "5": 4417,
        "6": 16310
    },
    "2778": {
        "0": 1,
        "1": 10,
        "2": 86,
        "3": 726,
        "4": 6112,
        "5": 20931,
        "6": 45208
    },
    "2779": {
        "0": 1,
        "1": 12,
        "2": 94,
        "3": 715,
        "4": 5477,
        "5": 23092,
        "6": 61957
    },
    "2780": {
        "0": 1,
        "1": 10,
        "2": 77,
        "3": 596,
        "4": 4672,
        "5": 17709,
        "6": 46383
    },
    "2781": {
        "0": 1,
        "1": 1,
        "2": 1,
        "3": 10,
        "4": 83,
        "5": 694,
        "6": 5779
    },
    "2782": {
        "0": 1,
        "1": 8,
        "2": 54,
        "3": 368,
        "4": 2481,
        "5": 7830,
        "6": 16904
    },
    "2783": {
        "0": 1,
        "1": 1,
        "2": 9,
        "3": 82,
        "4": 718,
        "5": 6238,
        "6": 23432
    },
    "2784": {
        "0": 1,
        "1": 8,
        "2": 57,
        "3": 401,
        "4": 2786,
        "5": 8928,
        "6": 21923
    },
    "2785": {
        "0": 1,
        "1": 1,
        "2": 1,
        "3": 1,
        "4": 10,
        "5": 78,
        "6": 594
    },
    "2786": {
        "0": 1,
        "1": 11,
        "2": 74,
        "3": 469,
        "4": 2969,
        "5": 9742,
        "6": 21379
    },
    "2787": {
        "0": 1,
        "1": 1,
        "2": 11,
        "3": 90,
        "4": 725,
        "5": 5806,
        "6": 18596
    },
    "2788": {
        "0": 1,
        "1": 1,
        "2": 13,
        "3": 99,
        "4": 655,
        "5": 4160,
        "6": 17423
    },
    "2789": {
        "0": 1,
        "1": 1,
        "2": 9,
        "3": 52,
        "4": 312,
        "5": 1922,
        "6": 7010
    },
    "2790": {
        "0": 1,
        "1": 1,
        "2": 1,
        "3": 13,
        "4": 104,
        "5": 764,
        "6": 5575
    },
    "2791": {
        "0": 1,
        "1": 1,
        "2": 10,
        "3": 76,
        "4": 578,
        "5": 4460,
        "6": 15446
    },
    "2792": {
        "0": 1,
        "1": 10,
        "2": 68,
        "3": 452,
        "4": 3042,
        "5": 11502,
        "6": 31607
    },
    "2793": {
        "0": 1,
        "1": 9,
        "2": 81,
        "3": 699,
        "4": 5877,
        "5": 20657,
        "6": 51226
    },
    "2794": {
        "0": 1,
        "1": 1,
        "2": 10,
        "3": 83,
        "4": 714,
        "5": 6026,
        "6": 20287
    },
    "2795": {
        "0": 1,
        "1": 1,
        "2": 1,
        "3": 11,
        "4": 76,
        "5": 497,
        "6": 3275
    },
    "2796": {
        "0": 1,
        "1": 9,
        "2": 61,
        "3": 423,
        "4": 2923,
        "5": 11117,
        "6": 34118
    },
    "2797": {
        "0": 1,
        "1": 10,
        "2": 92,
        "3": 830,
        "4": 7379,
        "5": 32416,
        "6": 95308
    },
    "2798": {
        "0": 1,
        "1": 1,
        "2": 1,
        "3": 1,
        "4": 1,
        "5": 11,
        "6": 92
    },
    "2799": {
        "0": 1,
        "1": 1,
        "2": 11,
        "3": 98,
        "4": 861,
        "5": 7347,
        "6": 33476
    }
}