{
    "27800": {
        "0": 1,
        "1": 11,
        "2": 84,
        "3": 615,
        "4": 4465,
        "5": 14988,
        "6": 35418
    },
    "27801": {
        "0": 1,
        "1": 9,
        "2": 71,
        "3": 553,
        "4": 4285,
        "5": 14030,
        "6": 30706
    },
    "27802": {
        "0": 1,
        "1": 1,
        "2": 1,
        "3": 1,
        "4": 1,
        "5": 10,
        "6": 80
    },
    "27803": {
        "0": 1,
        "1": 11,
        "2": 96,
        "3": 817,
        "4": 6887,
        "5": 27579,
        "6": 76625
    },
    "27804": {
        "0": 1,
        "1": 11,
        "2": 87,
        "3": 670,
        "4": 5100,
        "5": 21048,
        "6": 55737
    },
    "27805": {
        "0": 1,
        "1": 9,
        "2": 69,
        "3": 543,
        "4": 4249,
        "5": 13885,
        "6": 32495
    },
    "27806": {
        "0": 1,
        "1": 1,
        "2": 1,
        "3": 9,
        "4": 66,
        "5": 467,
        "6": 3262
    },
    "27807": {
        "0": 1,
        "1": 1,
        "2": 10,
        "3": 86,
        "4": 753,
        "5": 6574,
        "6": 24630
    },
    "27808": {
        "0": 1,
        "1": 8,
        "2": 55,
        "3": 387,
        "4": 2731,
        "5": 8968,
        "6": 18738
    },
    "27809": {
        "0": 1,
        "1": 1,
        "2": 1,
        "3": 1,
        "4": 9,
        "5": 78,
        "6": 661
    },
    "27810": {
        "0": 1,
        "1": 11,
        "2": 85,
        "3": 632,
        "4": 4654,
        "5": 16935,
        "6": 35100
    },
    "27811": {
        "0": 1,
        "1": 9,
        "2": 73,
        "3": 584,
        "4": 4618,
        "5": 18415,
        "6": 53324
    },
    "27812": {
        "0": 1,
        "1": 10,
        "2": 82,
        "3": 692,
        "4": 5850,
        "5": 17077,
        "6": 30726
    },
    "27813": {
        "0": 1,
        "1": 11,
        "2": 88,
        "3": 688,
        "4": 5372,
        "5": 22347,
        "6": 61570
    },
    "27814": {
        "0": 1,
        "1": 1,
        "2": 8,
        "3": 43,
        "4": 248,
        "5": 1470,
        "6": 3917
    },
    "27815": {
        "0": 1,
        "1": 1,
        "2": 1,
        "3": 1,
        "4": 11,
        "5": 86,
        "6": 654
    },
    "27816": {
        "0": 1,
        "1": 9,
        "2": 77,
        "3": 672,
        "4": 5873,
        "5": 18749,
        "6": 42096
    },
    "27817": {
        "0": 1,
        "1": 11,
        "2": 95,
        "3": 827,
        "4": 7169,
        "5": 29071,
        "6": 75165
    },
    "27818": {
        "0": 1,
        "1": 1,
        "2": 1,
        "3": 10,
        "4": 84,
        "5": 717,
        "6": 6067
    },
    "27819": {
        "0": 1,
        "1": 11,
        "2": 100,
        "3": 876,
        "4": 7563,
        "5": 32165,
        "6": 88012
    },
    "27820": {
        "0": 1,
        "1": 1,
        "2": 10,
        "3": 78,
        "4": 580,
        "5": 4279,
        "6": 14194
    },
    "27821": {
        "0": 1,
        "1": 1,
        "2": 1,
        "3": 12,
        "4": 101,
        "5": 770,
        "6": 5752
    },
    "27822": {
        "0": 1,
        "1": 10,
        "2": 76,
        "3": 577,
        "4": 4405,
        "5": 14610,
        "6": 35350
    },
    "27823": {
        "0": 1,
        "1": 1,
        "2": 9,
        "3": 77,
        "4": 665,
        "5": 5666,
        "6": 17909
    },
    "27824": {
        "0": 1,
        "1": 1,
        "2": 12,
        "3": 104,
        "4": 869,
        "5": 7166,
        "6": 28828
    },
    "27825": {
        "0": 1,
        "1": 1,
        "2": 1,
        "3": 9,
        "4": 63,
        "5": 445,
        "6": 3138
    },
    "27826": {
        "0": 1,
        "1": 1,
        "2": 10,
        "3": 76,
        "4": 571,
        "5": 4291,
        "6": 13273
    },
    "27827": {
        "0": 1,
        "1": 1,
        "2": 10,
        "3": 76,
        "4": 575,
        "5": 4370,
        "6": 14370
    },
    "27828": {
        "0": 1,
        "1": 8,
        "2": 70,
        "3": 616,
        "4": 5409,
        "5": 14586,
        "6": 28207
    },
    "27829": {
        "0": 1,
        "1": 8,
        "2": 67,
        "3": 541,
        "4": 4277,
        "5": 8056,
        "6": 10776
    },
    "27830": {
        "0": 1,
        "1": 1,
        "2": 9,
        "3": 70,
        "4": 538,
        "5": 4087,
        "6": 13461
    },
    "27831": {
        "0": 1,
        "1": 1,
        "2": 11,
        "3": 86,
        "4": 643,
        "5": 4772,
        "6": 18060
    },
    "27832": {
        "0": 1,
        "1": 11,
        "2": 65,
        "3": 392,
        "4": 2386,
        "5": 9704,
        "6": 29746
    },
    "27833": {
        "0": 1,
        "1": 1,
        "2": 11,
        "3": 93,
        "4": 783,
        "5": 6522,
        "6": 23743
    },
    "27834": {
        "0": 1,
        "1": 11,
        "2": 92,
        "3": 751,
        "4": 5915,
        "5": 20107,
        "6": 46975
    },
    "27835": {
        "0": 1,
        "1": 1,
        "2": 1,
        "3": 1,
        "4": 9,
        "5": 77,
        "6": 638
    },
    "27836": {
        "0": 1,
        "1": 1,
        "2": 1,
        "3": 8,
        "4": 69,
        "5": 585,
        "6": 4903
    },
    "27837": {
        "0": 1,
        "1": 10,
        "2": 78,
        "3": 583,
        "4": 4358,
        "5": 15381,
        "6": 38590
    },
    "27838": {
        "0": 1,
        "1": 1,
        "2": 11,
        "3": 93,
        "4": 784,
        "5": 6550,
        "6": 24178
    },
    "27839": {
        "0": 1,
        "1": 1,
        "2": 11,
        "3": 94,
        "4": 802,
        "5": 6729,
        "6": 25589
    },
    "27840": {
        "0": 1,
        "1": 1,
        "2": 8,
        "3": 67,
        "4": 546,
        "5": 4346,
        "6": 6348
    },
    "27841": {
        "0": 1,
        "1": 1,
        "2": 8,
        "3": 68,
        "4": 579,
        "5": 4911,
        "6": 11436
    },
    "27842": {
        "0": 1,
        "1": 11,
        "2": 77,
        "3": 507,
        "4": 3353,
        "5": 12194,
        "6": 31419
    },
    "27843": {
        "0": 1,
        "1": 10,
        "2": 83,
        "3": 671,
        "4": 5298,
        "5": 23568,
        "6": 76389
    },
    "27844": {
        "0": 1,
        "1": 11,
        "2": 90,
        "3": 674,
        "4": 5016,
        "5": 19436,
        "6": 57460
    },
    "27845": {
        "0": 1,
        "1": 11,
        "2": 94,
        "3": 791,
        "4": 6568,
        "5": 24125,
        "6": 55990
    },
    "27846": {
        "0": 1,
        "1": 11,
        "2": 82,
        "3": 602,
        "4": 4455,
        "5": 15832,
        "6": 38872
    },
    "27847": {
        "0": 1,
        "1": 1,
        "2": 1,
        "3": 8,
        "4": 60,
        "5": 445,
        "6": 3275
    },
    "27848": {
        "0": 1,
        "1": 1,
        "2": 1,
        "3": 11,
        "4": 87,
        "5": 685,
        "6": 5413
    },
    "27849": {
        "0": 1,
        "1": 10,
        "2": 82,
        "3": 676,
        "4": 5458,
        "5": 15721,
        "6": 34862
    },
    "27850": {
        "0": 1,
        "1": 10,
        "2": 79,
        "3": 607,
        "4": 4589,
        "5": 17084,
        "6": 47591
    },
    "27851": {
        "0": 1,
        "1": 1,
        "2": 11,
        "3": 88,
        "4": 687,
        "5": 5304,
        "6": 21285
    },
    "27852": {
        "0": 1,
        "1": 1,
        "2": 1,
        "3": 1,
        "4": 1,
        "5": 1,
        "6": 1
    },
    "27853": {
        "0": 1,
        "1": 1,
        "2": 11,
        "3": 100,
        "4": 857,
        "5": 7053,
        "6": 29255
    },
    "27854": {
        "0": 1,
        "1": 1,
        "2": 10,
        "3": 74,
        "4": 532,
        "5": 3761,
        "6": 10847
    },
    "27855": {
        "0": 1,
        "1": 12,
        "2": 99,
        "3": 825,
        "4": 6964,
        "5": 26454,
        "6": 65715
    },
    "27856": {
        "0": 1,
        "1": 11,
        "2": 98,
        "3": 836,
        "4": 7010,
        "5": 28211,
        "6": 75715
    },
    "27857": {
        "0": 1,
        "1": 1,
        "2": 1,
        "3": 11,
        "4": 75,
        "5": 495,
        "6": 3283
    },
    "27858": {
        "0": 1,
        "1": 11,
        "2": 88,
        "3": 693,
        "4": 5447,
        "5": 23548,
        "6": 68711
    },
    "27859": {
        "0": 1,
        "1": 1,
        "2": 11,
        "3": 95,
        "4": 803,
        "5": 6720,
        "6": 25711
    },
    "27860": {
        "0": 1,
        "1": 11,
        "2": 88,
        "3": 732,
        "4": 6126,
        "5": 18860,
        "6": 36011
    },
    "27861": {
        "0": 1,
        "1": 1,
        "2": 10,
        "3": 81,
        "4": 626,
        "5": 4783,
        "6": 17350
    },
    "27862": {
        "0": 1,
        "1": 1,
        "2": 1,
        "3": 11,
        "4": 78,
        "5": 497,
        "6": 3161
    },
    "27863": {
        "0": 1,
        "1": 1,
        "2": 11,
        "3": 98,
        "4": 854,
        "5": 7305,
        "6": 31454
    },
    "27864": {
        "0": 1,
        "1": 1,
        "2": 1,
        "3": 10,
        "4": 71,
        "5": 503,
        "6": 3584
    },
    "27865": {
        "0": 1,
        "1": 1,
        "2": 8,
        "3": 60,
        "4": 433,
        "5": 3075,
        "6": 4582
    },
    "27866": {
        "0": 1,
        "1": 10,
        "2": 85,
        "3": 737,
        "4": 6326,
        "5": 21710,
        "6": 49666
    },
    "27867": {
        "0": 1,
        "1": 1,
        "2": 1,
        "3": 1,
        "4": 10,
        "5": 68,
        "6": 445
    },
    "27868": {
        "0": 1,
        "1": 1,
        "2": 1,
        "3": 9,
        "4": 68,
        "5": 509,
        "6": 3879
    },
    "27869": {
        "0": 1,
        "1": 1,
        "2": 10,
        "3": 68,
        "4": 455,
        "5": 3098,
        "6": 10947
    },
    "27870": {
        "0": 1,
        "1": 10,
        "2": 66,
        "3": 437,
        "4": 2971,
        "5": 10091,
        "6": 27704
    },
    "27871": {
        "0": 1,
        "1": 9,
        "2": 65,
        "3": 489,
        "4": 3689,
        "5": 10687,
        "6": 22140
    },
    "27872": {
        "0": 1,
        "1": 9,
        "2": 53,
        "3": 315,
        "4": 1901,
        "5": 6533,
        "6": 19105
    },
    "27873": {
        "0": 1,
        "1": 1,
        "2": 1,
        "3": 14,
        "4": 119,
        "5": 892,
        "6": 6555
    },
    "27874": {
        "0": 1,
        "1": 12,
        "2": 95,
        "3": 692,
        "4": 4958,
        "5": 18125,
        "6": 49439
    },
    "27875": {
        "0": 1,
        "1": 11,
        "2": 89,
        "3": 689,
        "4": 5337,
        "5": 22323,
        "6": 59943
    },
    "27876": {
        "0": 1,
        "1": 10,
        "2": 63,
        "3": 373,
        "4": 2226,
        "5": 8393,
        "6": 22813
    },
    "27877": {
        "0": 1,
        "1": 1,
        "2": 11,
        "3": 91,
        "4": 731,
        "5": 5829,
        "6": 27436
    },
    "27878": {
        "0": 1,
        "1": 1,
        "2": 1,
        "3": 1,
        "4": 14,
        "5": 120,
        "6": 925
    },
    "27879": {
        "0": 1,
        "1": 9,
        "2": 69,
        "3": 509,
        "4": 3665,
        "5": 10637,
        "6": 25859
    },
    "27880": {
        "0": 1,
        "1": 11,
        "2": 82,
        "3": 588,
        "4": 4198,
        "5": 12719,
        "6": 30730
    },
    "27881": {
        "0": 1,
        "1": 10,
        "2": 86,
        "3": 720,
        "4": 5965,
        "5": 21157,
        "6": 50857
    },
    "27882": {
        "0": 1,
        "1": 1,
        "2": 1,
        "3": 10,
        "4": 84,
        "5": 716,
        "6": 6140
    },
    "27883": {
        "0": 1,
        "1": 1,
        "2": 1,
        "3": 11,
        "4": 96,
        "5": 835,
        "6": 7196
    },
    "27884": {
        "0": 1,
        "1": 9,
        "2": 79,
        "3": 679,
        "4": 5820,
        "5": 17110,
        "6": 31439
    },
    "27885": {
        "0": 1,
        "1": 9,
        "2": 74,
        "3": 586,
        "4": 4641,
        "5": 17314,
        "6": 42203
    },
    "27886": {
        "0": 1,
        "1": 1,
        "2": 12,
        "3": 92,
        "4": 649,
        "5": 4401,
        "6": 13895
    },
    "27887": {
        "0": 1,
        "1": 10,
        "2": 86,
        "3": 745,
        "4": 6418,
        "5": 22428,
        "6": 50446
    },
    "27888": {
        "0": 1,
        "1": 1,
        "2": 1,
        "3": 11,
        "4": 91,
        "5": 759,
        "6": 6286
    },
    "27889": {
        "0": 1,
        "1": 1,
        "2": 11,
        "3": 95,
        "4": 792,
        "5": 6516,
        "6": 24766
    },
    "27890": {
        "0": 1,
        "1": 1,
        "2": 1,
        "3": 11,
        "4": 95,
        "5": 800,
        "6": 6658
    },
    "27891": {
        "0": 1,
        "1": 1,
        "2": 11,
        "3": 85,
        "4": 640,
        "5": 4814,
        "6": 18736
    },
    "27892": {
        "0": 1,
        "1": 11,
        "2": 94,
        "3": 802,
        "4": 6731,
        "5": 25813,
        "6": 63199
    },
    "27893": {
        "0": 1,
        "1": 10,
        "2": 75,
        "3": 575,
        "4": 4471,
        "5": 15686,
        "6": 37570
    },
    "27894": {
        "0": 1,
        "1": 1,
        "2": 8,
        "3": 58,
        "4": 407,
        "5": 2797,
        "6": 9968
    },
    "27895": {
        "0": 1,
        "1": 1,
        "2": 1,
        "3": 11,
        "4": 96,
        "5": 826,
        "6": 7123
    },
    "27896": {
        "0": 1,
        "1": 11,
        "2": 97,
        "3": 865,
        "4": 7623,
        "5": 33576,
        "6": 97967
    },
    "27897": {
        "0": 1,
        "1": 1,
        "2": 1,
        "3": 1,
        "4": 10,
        "5": 75,
        "6": 551
    },
    "27898": {
        "0": 1,
        "1": 10,
        "2": 87,
        "3": 759,
        "4": 6612,
        "5": 24679,
        "6": 60644
    },
    "27899": {
        "0": 1,
        "1": 1,
        "2": 1,
        "3": 1,
        "4": 1,
        "5": 9,
        "6": 76
    }
}