{
    "7400": {
        "0": 1,
        "1": 12,
        "2": 103,
        "3": 853,
        "4": 7067,
        "5": 28424,
        "6": 76487
    },
    "7401": {
        "0": 1,
        "1": 1,
        "2": 10,
        "3": 83,
        "4": 698,
        "5": 5843,
        "6": 18607
    },
    "7402": {
        "0": 1,
        "1": 9,
        "2": 76,
        "3": 643,
        "4": 5321,
        "5": 15833,
        "6": 31649
    },
    "7403": {
        "0": 1,
        "1": 10,
        "2": 72,
        "3": 524,
        "4": 3883,
        "5": 9894,
        "6": 23681
    },
    "7404": {
        "0": 1,
        "1": 1,
        "2": 10,
        "3": 76,
        "4": 571,
        "5": 4342,
        "6": 13874
    },
    "7405": {
        "0": 1,
        "1": 10,
        "2": 81,
        "3": 621,
        "4": 4707,
        "5": 18181,
        "6": 51552
    },
    "7406": {
        "0": 1,
        "1": 12,
        "2": 88,
        "3": 585,
        "4": 3881,
        "5": 15797,
        "6": 46368
    },
    "7407": {
        "0": 1,
        "1": 9,
        "2": 67,
        "3": 514,
        "4": 3983,
        "5": 12054,
        "6": 27814
    },
    "7408": {
        "0": 1,
        "1": 11,
        "2": 89,
        "3": 664,
        "4": 4886,
        "5": 18554,
        "6": 52246
    },
    "7409": {
        "0": 1,
        "1": 1,
        "2": 11,
        "3": 82,
        "4": 622,
        "5": 4816,
        "6": 18387
    },
    "7410": {
        "0": 1,
        "1": 9,
        "2": 62,
        "3": 430,
        "4": 3056,
        "5": 11361,
        "6": 31332
    },
    "7411": {
        "0": 1,
        "1": 11,
        "2": 86,
        "3": 662,
        "4": 5188,
        "5": 21939,
        "6": 65267
    },
    "7412": {
        "0": 1,
        "1": 11,
        "2": 82,
        "3": 592,
        "4": 4273,
        "5": 12127,
        "6": 25976
    },
    "7413": {
        "0": 1,
        "1": 1,
        "2": 14,
        "3": 125,
        "4": 1056,
        "5": 8873,
        "6": 41767
    },
    "7414": {
        "0": 1,
        "1": 10,
        "2": 74,
        "3": 532,
        "4": 3855,
        "5": 9202,
        "6": 17394
    },
    "7415": {
        "0": 1,
        "1": 1,
        "2": 1,
        "3": 10,
        "4": 84,
        "5": 710,
        "6": 5943
    },
    "7416": {
        "0": 1,
        "1": 1,
        "2": 1,
        "3": 9,
        "4": 59,
        "5": 384,
        "6": 2497
    },
    "7417": {
        "0": 1,
        "1": 1,
        "2": 10,
        "3": 86,
        "4": 708,
        "5": 5756,
        "6": 18851
    },
    "7418": {
        "0": 1,
        "1": 9,
        "2": 67,
        "3": 490,
        "4": 3578,
        "5": 8786,
        "6": 18904
    },
    "7419": {
        "0": 1,
        "1": 8,
        "2": 62,
        "3": 478,
        "4": 3662,
        "5": 10842,
        "6": 26118
    },
    "7420": {
        "0": 1,
        "1": 8,
        "2": 59,
        "3": 460,
        "4": 3665,
        "5": 10362,
        "6": 21132
    },
    "7421": {
        "0": 1,
        "1": 11,
        "2": 88,
        "3": 670,
        "4": 5068,
        "5": 19179,
        "6": 52813
    },
    "7422": {
        "0": 1,
        "1": 9,
        "2": 67,
        "3": 508,
        "4": 3859,
        "5": 10471,
        "6": 17048
    },
    "7423": {
        "0": 1,
        "1": 1,
        "2": 11,
        "3": 87,
        "4": 670,
        "5": 5174,
        "6": 20784
    },
    "7424": {
        "0": 1,
        "1": 1,
        "2": 12,
        "3": 102,
        "4": 862,
        "5": 7305,
        "6": 29467
    },
    "7425": {
        "0": 1,
        "1": 12,
        "2": 103,
        "3": 795,
        "4": 5925,
        "5": 26481,
        "6": 83226
    },
    "7426": {
        "0": 1,
        "1": 9,
        "2": 77,
        "3": 675,
        "4": 5934,
        "5": 19535,
        "6": 45671
    },
    "7427": {
        "0": 1,
        "1": 12,
        "2": 97,
        "3": 749,
        "4": 5731,
        "5": 24790,
        "6": 77090
    },
    "7428": {
        "0": 1,
        "1": 1,
        "2": 1,
        "3": 8,
        "4": 62,
        "5": 479,
        "6": 3679
    },
    "7429": {
        "0": 1,
        "1": 1,
        "2": 11,
        "3": 94,
        "4": 788,
        "5": 6567,
        "6": 24055
    },
    "7430": {
        "0": 1,
        "1": 11,
        "2": 82,
        "3": 594,
        "4": 4367,
        "5": 13561,
        "6": 31651
    },
    "7431": {
        "0": 1,
        "1": 11,
        "2": 93,
        "3": 772,
        "4": 6358,
        "5": 21964,
        "6": 50796
    },
    "7432": {
        "0": 1,
        "1": 1,
        "2": 1,
        "3": 10,
        "4": 61,
        "5": 364,
        "6": 2195
    },
    "7433": {
        "0": 1,
        "1": 1,
        "2": 1,
        "3": 1,
        "4": 8,
        "5": 58,
        "6": 431
    },
    "7434": {
        "0": 1,
        "1": 1,
        "2": 10,
        "3": 76,
        "4": 581,
        "5": 4459,
        "6": 15025
    },
    "7435": {
        "0": 1,
        "1": 12,
        "2": 101,
        "3": 828,
        "4": 6763,
        "5": 25041,
        "6": 60613
    },
    "7436": {
        "0": 1,
        "1": 12,
        "2": 103,
        "3": 849,
        "4": 6880,
        "5": 27676,
        "6": 67849
    },
    "7437": {
        "0": 1,
        "1": 11,
        "2": 91,
        "3": 774,
        "4": 6588,
        "5": 23594,
        "6": 49793
    },
    "7438": {
        "0": 1,
        "1": 1,
        "2": 10,
        "3": 77,
        "4": 594,
        "5": 4628,
        "6": 17029
    },
    "7439": {
        "0": 1,
        "1": 8,
        "2": 70,
        "3": 608,
        "4": 5192,
        "5": 13676,
        "6": 26408
    },
    "7440": {
        "0": 1,
        "1": 12,
        "2": 104,
        "3": 885,
        "4": 7441,
        "5": 31311,
        "6": 85779
    },
    "7441": {
        "0": 1,
        "1": 10,
        "2": 83,
        "3": 707,
        "4": 6065,
        "5": 19527,
        "6": 46778
    },
    "7442": {
        "0": 1,
        "1": 1,
        "2": 10,
        "3": 81,
        "4": 602,
        "5": 4295,
        "6": 14643
    },
    "7443": {
        "0": 1,
        "1": 9,
        "2": 79,
        "3": 688,
        "4": 5998,
        "5": 19622,
        "6": 45633
    },
    "7444": {
        "0": 1,
        "1": 8,
        "2": 71,
        "3": 609,
        "4": 5125,
        "5": 14598,
        "6": 29913
    },
    "7445": {
        "0": 1,
        "1": 10,
        "2": 80,
        "3": 660,
        "4": 5464,
        "5": 14966,
        "6": 27527
    },
    "7446": {
        "0": 1,
        "1": 1,
        "2": 9,
        "3": 71,
        "4": 543,
        "5": 4118,
        "6": 13683
    },
    "7447": {
        "0": 1,
        "1": 11,
        "2": 84,
        "3": 640,
        "4": 4943,
        "5": 18992,
        "6": 49591
    },
    "7448": {
        "0": 1,
        "1": 1,
        "2": 11,
        "3": 82,
        "4": 589,
        "5": 4201,
        "6": 14327
    },
    "7449": {
        "0": 1,
        "1": 10,
        "2": 85,
        "3": 698,
        "4": 5677,
        "5": 15873,
        "6": 29677
    },
    "7450": {
        "0": 1,
        "1": 10,
        "2": 74,
        "3": 546,
        "4": 4008,
        "5": 12016,
        "6": 27008
    },
    "7451": {
        "0": 1,
        "1": 9,
        "2": 66,
        "3": 459,
        "4": 3182,
        "5": 11668,
        "6": 30875
    },
    "7452": {
        "0": 1,
        "1": 1,
        "2": 10,
        "3": 77,
        "4": 565,
        "5": 4138,
        "6": 13043
    },
    "7453": {
        "0": 1,
        "1": 11,
        "2": 87,
        "3": 670,
        "4": 5169,
        "5": 20907,
        "6": 58734
    },
    "7454": {
        "0": 1,
        "1": 10,
        "2": 84,
        "3": 715,
        "4": 6072,
        "5": 18768,
        "6": 35246
    },
    "7455": {
        "0": 1,
        "1": 10,
        "2": 76,
        "3": 565,
        "4": 4192,
        "5": 13770,
        "6": 33120
    },
    "7456": {
        "0": 1,
        "1": 10,
        "2": 68,
        "3": 452,
        "4": 3020,
        "5": 9948,
        "6": 22859
    },
    "7457": {
        "0": 1,
        "1": 1,
        "2": 1,
        "3": 12,
        "4": 105,
        "5": 893,
        "6": 7483
    },
    "7458": {
        "0": 1,
        "1": 1,
        "2": 9,
        "3": 59,
        "4": 396,
        "5": 2670,
        "6": 7809
    },
    "7459": {
        "0": 1,
        "1": 1,
        "2": 1,
        "3": 1,
        "4": 1,
        "5": 14,
        "6": 129
    },
    "7460": {
        "0": 1,
        "1": 1,
        "2": 1,
        "3": 12,
        "4": 103,
        "5": 867,
        "6": 7280
    },
    "7461": {
        "0": 1,
        "1": 9,
        "2": 75,
        "3": 624,
        "4": 5118,
        "5": 11851,
        "6": 18456
    },
    "7462": {
        "0": 1,
        "1": 1,
        "2": 1,
        "3": 1,
        "4": 8,
        "5": 68,
        "6": 584
    },
    "7463": {
        "0": 1,
        "1": 1,
        "2": 10,
        "3": 75,
        "4": 564,
        "5": 4240,
        "6": 12867
    },
    "7464": {
        "0": 1,
        "1": 9,
        "2": 77,
        "3": 657,
        "4": 5552,
        "5": 15933,
        "6": 27734
    },
    "7465": {
        "0": 1,
        "1": 10,
        "2": 85,
        "3": 723,
        "4": 6098,
        "5": 21067,
        "6": 45628
    },
    "7466": {
        "0": 1,
        "1": 11,
        "2": 87,
        "3": 607,
        "4": 4158,
        "5": 12569,
        "6": 30405
    },
    "7467": {
        "0": 1,
        "1": 1,
        "2": 1,
        "3": 1,
        "4": 12,
        "5": 105,
        "6": 878
    },
    "7468": {
        "0": 1,
        "1": 8,
        "2": 68,
        "3": 573,
        "4": 4789,
        "5": 11786,
        "6": 24925
    },
    "7469": {
        "0": 1,
        "1": 9,
        "2": 66,
        "3": 489,
        "4": 3578,
        "5": 10651,
        "6": 19555
    },
    "7470": {
        "0": 1,
        "1": 1,
        "2": 11,
        "3": 74,
        "4": 479,
        "5": 3186,
        "6": 11272
    },
    "7471": {
        "0": 1,
        "1": 10,
        "2": 75,
        "3": 563,
        "4": 4295,
        "5": 14008,
        "6": 35385
    },
    "7472": {
        "0": 1,
        "1": 9,
        "2": 68,
        "3": 504,
        "4": 3776,
        "5": 9300,
        "6": 19295
    },
    "7473": {
        "0": 1,
        "1": 10,
        "2": 82,
        "3": 685,
        "4": 5702,
        "5": 17258,
        "6": 37441
    },
    "7474": {
        "0": 1,
        "1": 11,
        "2": 85,
        "3": 641,
        "4": 4799,
        "5": 16773,
        "6": 40999
    },
    "7475": {
        "0": 1,
        "1": 12,
        "2": 106,
        "3": 891,
        "4": 7314,
        "5": 29253,
        "6": 77631
    },
    "7476": {
        "0": 1,
        "1": 1,
        "2": 9,
        "3": 69,
        "4": 500,
        "5": 3596,
        "6": 8515
    },
    "7477": {
        "0": 1,
        "1": 10,
        "2": 81,
        "3": 668,
        "4": 5524,
        "5": 13053,
        "6": 21630
    },
    "7478": {
        "0": 1,
        "1": 1,
        "2": 1,
        "3": 13,
        "4": 96,
        "5": 618,
        "6": 3998
    },
    "7479": {
        "0": 1,
        "1": 10,
        "2": 78,
        "3": 586,
        "4": 4365,
        "5": 15244,
        "6": 38113
    },
    "7480": {
        "0": 1,
        "1": 9,
        "2": 69,
        "3": 545,
        "4": 4312,
        "5": 14710,
        "6": 35416
    },
    "7481": {
        "0": 1,
        "1": 12,
        "2": 105,
        "3": 900,
        "4": 7633,
        "5": 31656,
        "6": 84958
    },
    "7482": {
        "0": 1,
        "1": 1,
        "2": 1,
        "3": 11,
        "4": 90,
        "5": 743,
        "6": 6195
    },
    "7483": {
        "0": 1,
        "1": 10,
        "2": 81,
        "3": 665,
        "4": 5424,
        "5": 16069,
        "6": 31231
    },
    "7484": {
        "0": 1,
        "1": 11,
        "2": 74,
        "3": 483,
        "4": 3164,
        "5": 10627,
        "6": 27984
    },
    "7485": {
        "0": 1,
        "1": 8,
        "2": 63,
        "3": 489,
        "4": 3756,
        "5": 11430,
        "6": 25857
    },
    "7486": {
        "0": 1,
        "1": 1,
        "2": 10,
        "3": 68,
        "4": 462,
        "5": 3168,
        "6": 11559
    },
    "7487": {
        "0": 1,
        "1": 10,
        "2": 88,
        "3": 760,
        "4": 6394,
        "5": 25179,
        "6": 68859
    },
    "7488": {
        "0": 1,
        "1": 1,
        "2": 11,
        "3": 83,
        "4": 577,
        "5": 3934,
        "6": 16567
    },
    "7489": {
        "0": 1,
        "1": 1,
        "2": 1,
        "3": 10,
        "4": 84,
        "5": 720,
        "6": 6185
    },
    "7490": {
        "0": 1,
        "1": 1,
        "2": 10,
        "3": 74,
        "4": 542,
        "5": 4016,
        "6": 10936
    },
    "7491": {
        "0": 1,
        "1": 1,
        "2": 1,
        "3": 11,
        "4": 98,
        "5": 837,
        "6": 6900
    },
    "7492": {
        "0": 1,
        "1": 1,
        "2": 1,
        "3": 11,
        "4": 77,
        "5": 485,
        "6": 3083
    },
    "7493": {
        "0": 1,
        "1": 9,
        "2": 77,
        "3": 663,
        "4": 5717,
        "5": 16257,
        "6": 37213
    },
    "7494": {
        "0": 1,
        "1": 9,
        "2": 69,
        "3": 519,
        "4": 3863,
        "5": 11298,
        "6": 24380
    },
    "7495": {
        "0": 1,
        "1": 1,
        "2": 11,
        "3": 55,
        "4": 271,
        "5": 1430,
        "6": 5711
    },
    "7496": {
        "0": 1,
        "1": 13,
        "2": 105,
        "3": 786,
        "4": 5897,
        "5": 25348,
        "6": 75919
    },
    "7497": {
        "0": 1,
        "1": 1,
        "2": 1,
        "3": 13,
        "4": 112,
        "5": 941,
        "6": 7861
    },
    "7498": {
        "0": 1,
        "1": 10,
        "2": 79,
        "3": 608,
        "4": 4669,
        "5": 16995,
        "6": 48039
    },
    "7499": {
        "0": 1,
        "1": 1,
        "2": 9,
        "3": 78,
        "4": 674,
        "5": 5687,
        "6": 15751
    }
}