{
    "14700": {
        "0": 1,
        "1": 1,
        "2": 11,
        "3": 72,
        "4": 464,
        "5": 3071,
        "6": 10375
    },
    "14701": {
        "0": 1,
        "1": 11,
        "2": 86,
        "3": 642,
        "4": 4735,
        "5": 15906,
        "6": 36643
    },
    "14702": {
        "0": 1,
        "1": 1,
        "2": 1,
        "3": 10,
        "4": 78,
        "5": 580,
        "6": 4216
    },
    "14703": {
        "0": 1,
        "1": 10,
        "2": 82,
        "3": 676,
        "4": 5379,
        "5": 15687,
        "6": 31708
    },
    "14704": {
        "0": 1,
        "1": 1,
        "2": 10,
        "3": 85,
        "4": 720,
        "5": 6142,
        "6": 20216
    },
    "14705": {
        "0": 1,
        "1": 10,
        "2": 85,
        "3": 694,
        "4": 5637,
        "5": 16630,
        "6": 40617
    },
    "14706": {
        "0": 1,
        "1": 10,
        "2": 81,
        "3": 660,
        "4": 5365,
        "5": 13476,
        "6": 24141
    },
    "14707": {
        "0": 1,
        "1": 1,
        "2": 10,
        "3": 85,
        "4": 721,
        "5": 6023,
        "6": 19974
    },
    "14708": {
        "0": 1,
        "1": 1,
        "2": 1,
        "3": 11,
        "4": 89,
        "5": 702,
        "6": 5430
    },
    "14709": {
        "0": 1,
        "1": 11,
        "2": 87,
        "3": 651,
        "4": 4731,
        "5": 18513,
        "6": 50488
    },
    "14710": {
        "0": 1,
        "1": 1,
        "2": 11,
        "3": 89,
        "4": 670,
        "5": 4986,
        "6": 19575
    },
    "14711": {
        "0": 1,
        "1": 1,
        "2": 10,
        "3": 67,
        "4": 448,
        "5": 3028,
        "6": 10459
    },
    "14712": {
        "0": 1,
        "1": 1,
        "2": 1,
        "3": 1,
        "4": 9,
        "5": 61,
        "6": 417
    },
    "14713": {
        "0": 1,
        "1": 1,
        "2": 14,
        "3": 121,
        "4": 912,
        "5": 6667,
        "6": 31120
    },
    "14714": {
        "0": 1,
        "1": 1,
        "2": 12,
        "3": 93,
        "4": 649,
        "5": 4445,
        "6": 14982
    },
    "14715": {
        "0": 1,
        "1": 1,
        "2": 11,
        "3": 94,
        "4": 790,
        "5": 6546,
        "6": 23862
    },
    "14716": {
        "0": 1,
        "1": 1,
        "2": 10,
        "3": 77,
        "4": 577,
        "5": 4253,
        "6": 15430
    },
    "14717": {
        "0": 1,
        "1": 1,
        "2": 8,
        "3": 73,
        "4": 650,
        "5": 5763,
        "6": 18437
    },
    "14718": {
        "0": 1,
        "1": 1,
        "2": 9,
        "3": 69,
        "4": 540,
        "5": 4231,
        "6": 14093
    },
    "14719": {
        "0": 1,
        "1": 11,
        "2": 83,
        "3": 627,
        "4": 4828,
        "5": 18428,
        "6": 42820
    },
    "14720": {
        "0": 1,
        "1": 1,
        "2": 10,
        "3": 81,
        "4": 675,
        "5": 5615,
        "6": 16556
    },
    "14721": {
        "0": 1,
        "1": 1,
        "2": 10,
        "3": 85,
        "4": 726,
        "5": 6174,
        "6": 22153
    },
    "14722": {
        "0": 1,
        "1": 10,
        "2": 81,
        "3": 687,
        "4": 5781,
        "5": 17954,
        "6": 35241
    },
    "14723": {
        "0": 1,
        "1": 11,
        "2": 96,
        "3": 818,
        "4": 6876,
        "5": 27347,
        "6": 70399
    },
    "14724": {
        "0": 1,
        "1": 1,
        "2": 12,
        "3": 107,
        "4": 896,
        "5": 7213,
        "6": 29306
    },
    "14725": {
        "0": 1,
        "1": 1,
        "2": 11,
        "3": 74,
        "4": 497,
        "5": 3425,
        "6": 13399
    },
    "14726": {
        "0": 1,
        "1": 10,
        "2": 82,
        "3": 674,
        "4": 5525,
        "5": 14933,
        "6": 25583
    },
    "14727": {
        "0": 1,
        "1": 10,
        "2": 78,
        "3": 568,
        "4": 4002,
        "5": 12167,
        "6": 26990
    },
    "14728": {
        "0": 1,
        "1": 1,
        "2": 11,
        "3": 86,
        "4": 672,
        "5": 5278,
        "6": 22225
    },
    "14729": {
        "0": 1,
        "1": 1,
        "2": 1,
        "3": 9,
        "4": 60,
        "5": 383,
        "6": 2428
    },
    "14730": {
        "0": 1,
        "1": 8,
        "2": 62,
        "3": 456,
        "4": 3273,
        "5": 7725,
        "6": 13969
    },
    "14731": {
        "0": 1,
        "1": 1,
        "2": 12,
        "3": 97,
        "4": 723,
        "5": 5288,
        "6": 21278
    },
    "14732": {
        "0": 1,
        "1": 1,
        "2": 1,
        "3": 1,
        "4": 11,
        "5": 91,
        "6": 760
    },
    "14733": {
        "0": 1,
        "1": 9,
        "2": 71,
        "3": 569,
        "4": 4553,
        "5": 17011,
        "6": 45148
    },
    "14734": {
        "0": 1,
        "1": 1,
        "2": 9,
        "3": 67,
        "4": 501,
        "5": 3761,
        "6": 9211
    },
    "14735": {
        "0": 1,
        "1": 1,
        "2": 11,
        "3": 94,
        "4": 791,
        "5": 6685,
        "6": 23745
    },
    "14736": {
        "0": 1,
        "1": 1,
        "2": 1,
        "3": 10,
        "4": 75,
        "5": 561,
        "6": 4256
    },
    "14737": {
        "0": 1,
        "1": 1,
        "2": 1,
        "3": 9,
        "4": 76,
        "5": 655,
        "6": 5618
    },
    "14738": {
        "0": 1,
        "1": 9,
        "2": 75,
        "3": 647,
        "4": 5571,
        "5": 15179,
        "6": 28859
    },
    "14739": {
        "0": 1,
        "1": 1,
        "2": 1,
        "3": 12,
        "4": 88,
        "5": 603,
        "6": 4123
    },
    "14740": {
        "0": 1,
        "1": 1,
        "2": 11,
        "3": 94,
        "4": 800,
        "5": 6759,
        "6": 26491
    },
    "14741": {
        "0": 1,
        "1": 1,
        "2": 1,
        "3": 9,
        "4": 72,
        "5": 549,
        "6": 4145
    },
    "14742": {
        "0": 1,
        "1": 9,
        "2": 66,
        "3": 496,
        "4": 3786,
        "5": 9978,
        "6": 18160
    },
    "14743": {
        "0": 1,
        "1": 9,
        "2": 58,
        "3": 368,
        "4": 2331,
        "5": 5763,
        "6": 10464
    },
    "14744": {
        "0": 1,
        "1": 10,
        "2": 85,
        "3": 724,
        "4": 6079,
        "5": 20348,
        "6": 43300
    },
    "14745": {
        "0": 1,
        "1": 11,
        "2": 90,
        "3": 749,
        "4": 6204,
        "5": 20916,
        "6": 43639
    },
    "14746": {
        "0": 1,
        "1": 11,
        "2": 90,
        "3": 668,
        "4": 4713,
        "5": 18601,
        "6": 56450
    },
    "14747": {
        "0": 1,
        "1": 1,
        "2": 8,
        "3": 69,
        "4": 586,
        "5": 4901,
        "6": 9983
    },
    "14748": {
        "0": 1,
        "1": 8,
        "2": 70,
        "3": 618,
        "4": 5421,
        "5": 14455,
        "6": 31447
    },
    "14749": {
        "0": 1,
        "1": 1,
        "2": 8,
        "3": 66,
        "4": 532,
        "5": 4225,
        "6": 13870
    },
    "14750": {
        "0": 1,
        "1": 1,
        "2": 1,
        "3": 11,
        "4": 76,
        "5": 520,
        "6": 3584
    },
    "14751": {
        "0": 1,
        "1": 1,
        "2": 1,
        "3": 1,
        "4": 11,
        "5": 77,
        "6": 541
    },
    "14752": {
        "0": 1,
        "1": 1,
        "2": 9,
        "3": 79,
        "4": 698,
        "5": 6094,
        "6": 20408
    },
    "14753": {
        "0": 1,
        "1": 10,
        "2": 78,
        "3": 624,
        "4": 4968,
        "5": 20207,
        "6": 53371
    },
    "14754": {
        "0": 1,
        "1": 1,
        "2": 1,
        "3": 1,
        "4": 1,
        "5": 1,
        "6": 1
    },
    "14755": {
        "0": 1,
        "1": 1,
        "2": 11,
        "3": 97,
        "4": 827,
        "5": 6826,
        "6": 27501
    },
    "14756": {
        "0": 1,
        "1": 1,
        "2": 1,
        "3": 1,
        "4": 8,
        "5": 66,
        "6": 539
    },
    "14757": {
        "0": 1,
        "1": 10,
        "2": 87,
        "3": 759,
        "4": 6627,
        "5": 24514,
        "6": 63786
    },
    "14758": {
        "0": 1,
        "1": 11,
        "2": 92,
        "3": 758,
        "4": 6223,
        "5": 21034,
        "6": 51221
    },
    "14759": {
        "0": 1,
        "1": 1,
        "2": 10,
        "3": 82,
        "4": 679,
        "5": 5605,
        "6": 14015
    },
    "14760": {
        "0": 1,
        "1": 1,
        "2": 1,
        "3": 12,
        "4": 93,
        "5": 694,
        "6": 5141
    },
    "14761": {
        "0": 1,
        "1": 10,
        "2": 70,
        "3": 486,
        "4": 3361,
        "5": 12868,
        "6": 34309
    },
    "14762": {
        "0": 1,
        "1": 1,
        "2": 12,
        "3": 90,
        "4": 660,
        "5": 4919,
        "6": 18018
    },
    "14763": {
        "0": 1,
        "1": 1,
        "2": 10,
        "3": 86,
        "4": 737,
        "5": 6211,
        "6": 21601
    },
    "14764": {
        "0": 1,
        "1": 1,
        "2": 1,
        "3": 11,
        "4": 98,
        "5": 848,
        "6": 7309
    },
    "14765": {
        "0": 1,
        "1": 1,
        "2": 1,
        "3": 1,
        "4": 1,
        "5": 10,
        "6": 74
    },
    "14766": {
        "0": 1,
        "1": 1,
        "2": 1,
        "3": 9,
        "4": 60,
        "5": 394,
        "6": 2535
    },
    "14767": {
        "0": 1,
        "1": 10,
        "2": 74,
        "3": 553,
        "4": 4139,
        "5": 13684,
        "6": 30154
    },
    "14768": {
        "0": 1,
        "1": 9,
        "2": 71,
        "3": 575,
        "4": 4625,
        "5": 7066,
        "6": 9164
    },
    "14769": {
        "0": 1,
        "1": 11,
        "2": 95,
        "3": 814,
        "4": 6888,
        "5": 27764,
        "6": 71471
    },
    "14770": {
        "0": 1,
        "1": 1,
        "2": 1,
        "3": 1,
        "4": 9,
        "5": 73,
        "6": 581
    },
    "14771": {
        "0": 1,
        "1": 8,
        "2": 70,
        "3": 602,
        "4": 5124,
        "5": 13268,
        "6": 26951
    },
    "14772": {
        "0": 1,
        "1": 11,
        "2": 91,
        "3": 743,
        "4": 5984,
        "5": 19980,
        "6": 46082
    },
    "14773": {
        "0": 1,
        "1": 1,
        "2": 10,
        "3": 82,
        "4": 676,
        "5": 5535,
        "6": 15012
    },
    "14774": {
        "0": 1,
        "1": 9,
        "2": 79,
        "3": 696,
        "4": 6027,
        "5": 20809,
        "6": 53786
    },
    "14775": {
        "0": 1,
        "1": 1,
        "2": 1,
        "3": 1,
        "4": 1,
        "5": 9,
        "6": 69
    },
    "14776": {
        "0": 1,
        "1": 12,
        "2": 90,
        "3": 623,
        "4": 4271,
        "5": 19132,
        "6": 63582
    },
    "14777": {
        "0": 1,
        "1": 1,
        "2": 11,
        "3": 95,
        "4": 804,
        "5": 6689,
        "6": 24894
    },
    "14778": {
        "0": 1,
        "1": 11,
        "2": 95,
        "3": 801,
        "4": 6758,
        "5": 24384,
        "6": 56128
    },
    "14779": {
        "0": 1,
        "1": 9,
        "2": 77,
        "3": 672,
        "4": 5855,
        "5": 18142,
        "6": 40547
    },
    "14780": {
        "0": 1,
        "1": 1,
        "2": 10,
        "3": 75,
        "4": 575,
        "5": 4365,
        "6": 15712
    },
    "14781": {
        "0": 1,
        "1": 1,
        "2": 1,
        "3": 10,
        "4": 75,
        "5": 531,
        "6": 3710
    },
    "14782": {
        "0": 1,
        "1": 9,
        "2": 65,
        "3": 467,
        "4": 3384,
        "5": 7599,
        "6": 16034
    },
    "14783": {
        "0": 1,
        "1": 1,
        "2": 1,
        "3": 1,
        "4": 10,
        "5": 72,
        "6": 523
    },
    "14784": {
        "0": 1,
        "1": 1,
        "2": 9,
        "3": 63,
        "4": 440,
        "5": 3069,
        "6": 11082
    },
    "14785": {
        "0": 1,
        "1": 1,
        "2": 1,
        "3": 1,
        "4": 1,
        "5": 8,
        "6": 67
    },
    "14786": {
        "0": 1,
        "1": 12,
        "2": 96,
        "3": 732,
        "4": 5498,
        "5": 21968,
        "6": 66389
    },
    "14787": {
        "0": 1,
        "1": 1,
        "2": 10,
        "3": 84,
        "4": 698,
        "5": 5701,
        "6": 16074
    },
    "14788": {
        "0": 1,
        "1": 11,
        "2": 100,
        "3": 837,
        "4": 6811,
        "5": 26563,
        "6": 76988
    },
    "14789": {
        "0": 1,
        "1": 1,
        "2": 8,
        "3": 59,
        "4": 435,
        "5": 3176,
        "6": 6069
    },
    "14790": {
        "0": 1,
        "1": 11,
        "2": 100,
        "3": 877,
        "4": 7579,
        "5": 32227,
        "6": 89161
    },
    "14791": {
        "0": 1,
        "1": 1,
        "2": 1,
        "3": 1,
        "4": 1,
        "5": 9,
        "6": 77
    },
    "14792": {
        "0": 1,
        "1": 1,
        "2": 11,
        "3": 88,
        "4": 676,
        "5": 5142,
        "6": 21803
    },
    "14793": {
        "0": 1,
        "1": 1,
        "2": 10,
        "3": 87,
        "4": 741,
        "5": 6288,
        "6": 20704
    },
    "14794": {
        "0": 1,
        "1": 11,
        "2": 88,
        "3": 650,
        "4": 4724,
        "5": 16759,
        "6": 40913
    },
    "14795": {
        "0": 1,
        "1": 1,
        "2": 10,
        "3": 77,
        "4": 585,
        "5": 4433,
        "6": 16248
    },
    "14796": {
        "0": 1,
        "1": 1,
        "2": 12,
        "3": 97,
        "4": 729,
        "5": 5361,
        "6": 21756
    },
    "14797": {
        "0": 1,
        "1": 1,
        "2": 1,
        "3": 11,
        "4": 92,
        "5": 778,
        "6": 6527
    },
    "14798": {
        "0": 1,
        "1": 1,
        "2": 11,
        "3": 97,
        "4": 839,
        "5": 6959,
        "6": 30901
    },
    "14799": {
        "0": 1,
        "1": 10,
        "2": 72,
        "3": 526,
        "4": 3903,
        "5": 10202,
        "6": 22351
    }
}