{
    "26200": {
        "0": 1,
        "1": 1,
        "2": 9,
        "3": 75,
        "4": 639,
        "5": 5486,
        "6": 14590
    },
    "26201": {
        "0": 1,
        "1": 10,
        "2": 84,
        "3": 713,
        "4": 5996,
        "5": 19955,
        "6": 42567
    },
    "26202": {
        "0": 1,
        "1": 1,
        "2": 11,
        "3": 93,
        "4": 789,
        "5": 6659,
        "6": 25636
    },
    "26203": {
        "0": 1,
        "1": 1,
        "2": 9,
        "3": 60,
        "4": 400,
        "5": 2704,
        "6": 8180
    },
    "26204": {
        "0": 1,
        "1": 1,
        "2": 1,
        "3": 8,
        "4": 54,
        "5": 376,
        "6": 2621
    },
    "26205": {
        "0": 1,
        "1": 11,
        "2": 95,
        "3": 787,
        "4": 6431,
        "5": 22056,
        "6": 44430
    },
    "26206": {
        "0": 1,
        "1": 11,
        "2": 87,
        "3": 651,
        "4": 4895,
        "5": 17953,
        "6": 49182
    },
    "26207": {
        "0": 1,
        "1": 9,
        "2": 62,
        "3": 411,
        "4": 2665,
        "5": 8101,
        "6": 16131
    },
    "26208": {
        "0": 1,
        "1": 12,
        "2": 106,
        "3": 916,
        "4": 7725,
        "5": 34008,
        "6": 91751
    },
    "26209": {
        "0": 1,
        "1": 11,
        "2": 87,
        "3": 685,
        "4": 5452,
        "5": 24352,
        "6": 68748
    },
    "26210": {
        "0": 1,
        "1": 11,
        "2": 83,
        "3": 636,
        "4": 4868,
        "5": 20103,
        "6": 51238
    },
    "26211": {
        "0": 1,
        "1": 10,
        "2": 76,
        "3": 569,
        "4": 4270,
        "5": 14654,
        "6": 39492
    },
    "26212": {
        "0": 1,
        "1": 10,
        "2": 80,
        "3": 647,
        "4": 5182,
        "5": 13690,
        "6": 25441
    },
    "26213": {
        "0": 1,
        "1": 1,
        "2": 11,
        "3": 83,
        "4": 591,
        "5": 4184,
        "6": 12355
    },
    "26214": {
        "0": 1,
        "1": 1,
        "2": 1,
        "3": 9,
        "4": 65,
        "5": 474,
        "6": 3496
    },
    "26215": {
        "0": 1,
        "1": 1,
        "2": 1,
        "3": 11,
        "4": 92,
        "5": 723,
        "6": 5518
    },
    "26216": {
        "0": 1,
        "1": 1,
        "2": 10,
        "3": 69,
        "4": 478,
        "5": 3365,
        "6": 13528
    },
    "26217": {
        "0": 1,
        "1": 1,
        "2": 1,
        "3": 1,
        "4": 10,
        "5": 77,
        "6": 585
    },
    "26218": {
        "0": 1,
        "1": 12,
        "2": 101,
        "3": 826,
        "4": 6725,
        "5": 24687,
        "6": 61993
    },
    "26219": {
        "0": 1,
        "1": 11,
        "2": 86,
        "3": 645,
        "4": 4809,
        "5": 16961,
        "6": 45864
    },
    "26220": {
        "0": 1,
        "1": 1,
        "2": 10,
        "3": 86,
        "4": 733,
        "5": 6182,
        "6": 21560
    },
    "26221": {
        "0": 1,
        "1": 12,
        "2": 95,
        "3": 707,
        "4": 5275,
        "5": 20842,
        "6": 57578
    },
    "26222": {
        "0": 1,
        "1": 10,
        "2": 70,
        "3": 474,
        "4": 3217,
        "5": 12814,
        "6": 37068
    },
    "26223": {
        "0": 1,
        "1": 9,
        "2": 69,
        "3": 523,
        "4": 3960,
        "5": 12727,
        "6": 29571
    },
    "26224": {
        "0": 1,
        "1": 8,
        "2": 72,
        "3": 629,
        "4": 5409,
        "5": 15687,
        "6": 31921
    },
    "26225": {
        "0": 1,
        "1": 1,
        "2": 13,
        "3": 108,
        "4": 804,
        "5": 5797,
        "6": 24349
    },
    "26226": {
        "0": 1,
        "1": 1,
        "2": 1,
        "3": 12,
        "4": 93,
        "5": 703,
        "6": 5351
    },
    "26227": {
        "0": 1,
        "1": 1,
        "2": 9,
        "3": 72,
        "4": 566,
        "5": 4442,
        "6": 15821
    },
    "26228": {
        "0": 1,
        "1": 1,
        "2": 9,
        "3": 68,
        "4": 523,
        "5": 3993,
        "6": 12856
    },
    "26229": {
        "0": 1,
        "1": 10,
        "2": 81,
        "3": 683,
        "4": 5828,
        "5": 17475,
        "6": 29583
    },
    "26230": {
        "0": 1,
        "1": 12,
        "2": 73,
        "3": 431,
        "4": 2602,
        "5": 11018,
        "6": 32920
    },
    "26231": {
        "0": 1,
        "1": 1,
        "2": 11,
        "3": 96,
        "4": 818,
        "5": 6860,
        "6": 26904
    },
    "26232": {
        "0": 1,
        "1": 10,
        "2": 67,
        "3": 449,
        "4": 3094,
        "5": 11180,
        "6": 29416
    },
    "26233": {
        "0": 1,
        "1": 1,
        "2": 10,
        "3": 77,
        "4": 573,
        "5": 4236,
        "6": 12400
    },
    "26234": {
        "0": 1,
        "1": 11,
        "2": 92,
        "3": 762,
        "4": 6241,
        "5": 20705,
        "6": 43489
    },
    "26235": {
        "0": 1,
        "1": 1,
        "2": 10,
        "3": 83,
        "4": 708,
        "5": 5928,
        "6": 18988
    },
    "26236": {
        "0": 1,
        "1": 1,
        "2": 10,
        "3": 77,
        "4": 579,
        "5": 4343,
        "6": 13568
    },
    "26237": {
        "0": 1,
        "1": 1,
        "2": 13,
        "3": 114,
        "4": 942,
        "5": 7538,
        "6": 31599
    },
    "26238": {
        "0": 1,
        "1": 9,
        "2": 73,
        "3": 609,
        "4": 5118,
        "5": 10532,
        "6": 14672
    },
    "26239": {
        "0": 1,
        "1": 12,
        "2": 90,
        "3": 625,
        "4": 4290,
        "5": 13750,
        "6": 35836
    },
    "26240": {
        "0": 1,
        "1": 9,
        "2": 70,
        "3": 534,
        "4": 3974,
        "5": 11985,
        "6": 26806
    },
    "26241": {
        "0": 1,
        "1": 1,
        "2": 8,
        "3": 70,
        "4": 613,
        "5": 5388,
        "6": 14844
    },
    "26242": {
        "0": 1,
        "1": 1,
        "2": 11,
        "3": 69,
        "4": 401,
        "5": 2386,
        "6": 9457
    },
    "26243": {
        "0": 1,
        "1": 1,
        "2": 8,
        "3": 50,
        "4": 316,
        "5": 2048,
        "6": 3128
    },
    "26244": {
        "0": 1,
        "1": 1,
        "2": 1,
        "3": 10,
        "4": 77,
        "5": 586,
        "6": 4454
    },
    "26245": {
        "0": 1,
        "1": 1,
        "2": 1,
        "3": 8,
        "4": 69,
        "5": 580,
        "6": 4793
    },
    "26246": {
        "0": 1,
        "1": 8,
        "2": 53,
        "3": 365,
        "4": 2529,
        "5": 7381,
        "6": 15808
    },
    "26247": {
        "0": 1,
        "1": 1,
        "2": 11,
        "3": 85,
        "4": 648,
        "5": 4982,
        "6": 19339
    },
    "26248": {
        "0": 1,
        "1": 1,
        "2": 1,
        "3": 1,
        "4": 1,
        "5": 1,
        "6": 1
    },
    "26249": {
        "0": 1,
        "1": 1,
        "2": 1,
        "3": 9,
        "4": 75,
        "5": 634,
        "6": 5299
    },
    "26250": {
        "0": 1,
        "1": 10,
        "2": 77,
        "3": 564,
        "4": 4062,
        "5": 11829,
        "6": 26954
    },
    "26251": {
        "0": 1,
        "1": 1,
        "2": 9,
        "3": 78,
        "4": 673,
        "5": 5666,
        "6": 19229
    },
    "26252": {
        "0": 1,
        "1": 9,
        "2": 73,
        "3": 607,
        "4": 5058,
        "5": 11953,
        "6": 23376
    },
    "26253": {
        "0": 1,
        "1": 9,
        "2": 58,
        "3": 376,
        "4": 2460,
        "5": 5990,
        "6": 14813
    },
    "26254": {
        "0": 1,
        "1": 1,
        "2": 13,
        "3": 103,
        "4": 726,
        "5": 5006,
        "6": 24242
    },
    "26255": {
        "0": 1,
        "1": 10,
        "2": 75,
        "3": 522,
        "4": 3523,
        "5": 7962,
        "6": 16360
    },
    "26256": {
        "0": 1,
        "1": 1,
        "2": 1,
        "3": 10,
        "4": 76,
        "5": 560,
        "6": 4142
    },
    "26257": {
        "0": 1,
        "1": 1,
        "2": 1,
        "3": 11,
        "4": 90,
        "5": 740,
        "6": 6022
    },
    "26258": {
        "0": 1,
        "1": 11,
        "2": 84,
        "3": 625,
        "4": 4649,
        "5": 17108,
        "6": 46637
    },
    "26259": {
        "0": 1,
        "1": 1,
        "2": 9,
        "3": 58,
        "4": 375,
        "5": 2437,
        "6": 5879
    },
    "26260": {
        "0": 1,
        "1": 9,
        "2": 66,
        "3": 492,
        "4": 3696,
        "5": 8828,
        "6": 16806
    },
    "26261": {
        "0": 1,
        "1": 1,
        "2": 10,
        "3": 84,
        "4": 722,
        "5": 6048,
        "6": 20111
    },
    "26262": {
        "0": 1,
        "1": 1,
        "2": 1,
        "3": 9,
        "4": 66,
        "5": 499,
        "6": 3786
    },
    "26263": {
        "0": 1,
        "1": 1,
        "2": 1,
        "3": 10,
        "4": 70,
        "5": 492,
        "6": 3477
    },
    "26264": {
        "0": 1,
        "1": 1,
        "2": 10,
        "3": 84,
        "4": 703,
        "5": 5768,
        "6": 18932
    },
    "26265": {
        "0": 1,
        "1": 11,
        "2": 94,
        "3": 788,
        "4": 6537,
        "5": 23835,
        "6": 58288
    },
    "26266": {
        "0": 1,
        "1": 11,
        "2": 101,
        "3": 885,
        "4": 7516,
        "5": 32317,
        "6": 94703
    },
    "26267": {
        "0": 1,
        "1": 8,
        "2": 51,
        "3": 335,
        "4": 2200,
        "5": 5394,
        "6": 10679
    },
    "26268": {
        "0": 1,
        "1": 12,
        "2": 96,
        "3": 693,
        "4": 4914,
        "5": 17569,
        "6": 45167
    },
    "26269": {
        "0": 1,
        "1": 10,
        "2": 72,
        "3": 485,
        "4": 3271,
        "5": 12902,
        "6": 36259
    },
    "26270": {
        "0": 1,
        "1": 1,
        "2": 13,
        "3": 100,
        "4": 677,
        "5": 4479,
        "6": 19272
    },
    "26271": {
        "0": 1,
        "1": 1,
        "2": 11,
        "3": 80,
        "4": 544,
        "5": 3705,
        "6": 15024
    },
    "26272": {
        "0": 1,
        "1": 10,
        "2": 87,
        "3": 748,
        "4": 6341,
        "5": 22260,
        "6": 48518
    },
    "26273": {
        "0": 1,
        "1": 1,
        "2": 9,
        "3": 60,
        "4": 401,
        "5": 2726,
        "6": 8279
    },
    "26274": {
        "0": 1,
        "1": 1,
        "2": 1,
        "3": 1,
        "4": 9,
        "5": 68,
        "6": 522
    },
    "26275": {
        "0": 1,
        "1": 9,
        "2": 59,
        "3": 397,
        "4": 2715,
        "5": 8322,
        "6": 18632
    },
    "26276": {
        "0": 1,
        "1": 10,
        "2": 82,
        "3": 698,
        "4": 5949,
        "5": 18184,
        "6": 32505
    },
    "26277": {
        "0": 1,
        "1": 1,
        "2": 10,
        "3": 57,
        "4": 306,
        "5": 1683,
        "6": 4386
    },
    "26278": {
        "0": 1,
        "1": 10,
        "2": 77,
        "3": 570,
        "4": 4150,
        "5": 12619,
        "6": 26702
    },
    "26279": {
        "0": 1,
        "1": 8,
        "2": 65,
        "3": 517,
        "4": 4041,
        "5": 13939,
        "6": 29832
    },
    "26280": {
        "0": 1,
        "1": 12,
        "2": 86,
        "3": 575,
        "4": 3929,
        "5": 16915,
        "6": 47536
    },
    "26281": {
        "0": 1,
        "1": 1,
        "2": 12,
        "3": 89,
        "4": 613,
        "5": 4184,
        "6": 18278
    },
    "26282": {
        "0": 1,
        "1": 11,
        "2": 83,
        "3": 608,
        "4": 4476,
        "5": 15827,
        "6": 36493
    },
    "26283": {
        "0": 1,
        "1": 1,
        "2": 12,
        "3": 89,
        "4": 605,
        "5": 4065,
        "6": 18401
    },
    "26284": {
        "0": 1,
        "1": 8,
        "2": 74,
        "3": 657,
        "4": 5720,
        "5": 18872,
        "6": 41781
    },
    "26285": {
        "0": 1,
        "1": 1,
        "2": 1,
        "3": 12,
        "4": 104,
        "5": 868,
        "6": 7124
    },
    "26286": {
        "0": 1,
        "1": 1,
        "2": 10,
        "3": 86,
        "4": 725,
        "5": 6075,
        "6": 20542
    },
    "26287": {
        "0": 1,
        "1": 1,
        "2": 1,
        "3": 1,
        "4": 1,
        "5": 1,
        "6": 1
    },
    "26288": {
        "0": 1,
        "1": 1,
        "2": 1,
        "3": 11,
        "4": 84,
        "5": 650,
        "6": 4958
    },
    "26289": {
        "0": 1,
        "1": 1,
        "2": 9,
        "3": 72,
        "4": 565,
        "5": 4421,
        "6": 15426
    },
    "26290": {
        "0": 1,
        "1": 9,
        "2": 60,
        "3": 403,
        "4": 2719,
        "5": 9463,
        "6": 20062
    },
    "26291": {
        "0": 1,
        "1": 11,
        "2": 74,
        "3": 478,
        "4": 3129,
        "5": 11557,
        "6": 31870
    },
    "26292": {
        "0": 1,
        "1": 10,
        "2": 83,
        "3": 698,
        "4": 5783,
        "5": 17227,
        "6": 34764
    },
    "26293": {
        "0": 1,
        "1": 1,
        "2": 11,
        "3": 85,
        "4": 653,
        "5": 5014,
        "6": 19197
    },
    "26294": {
        "0": 1,
        "1": 1,
        "2": 8,
        "3": 69,
        "4": 578,
        "5": 4728,
        "6": 10420
    },
    "26295": {
        "0": 1,
        "1": 1,
        "2": 10,
        "3": 82,
        "4": 676,
        "5": 5526,
        "6": 14996
    },
    "26296": {
        "0": 1,
        "1": 9,
        "2": 79,
        "3": 667,
        "4": 5522,
        "5": 15124,
        "6": 23536
    },
    "26297": {
        "0": 1,
        "1": 10,
        "2": 73,
        "3": 525,
        "4": 3823,
        "5": 10659,
        "6": 24033
    },
    "26298": {
        "0": 1,
        "1": 1,
        "2": 10,
        "3": 66,
        "4": 418,
        "5": 2650,
        "6": 7685
    },
    "26299": {
        "0": 1,
        "1": 8,
        "2": 71,
        "3": 621,
        "4": 5406,
        "5": 16495,
        "6": 35756
    }
}