{
    "7200": {
        "0": 1,
        "1": 1,
        "2": 1,
        "3": 11,
        "4": 67,
        "5": 378,
        "6": 2155
    },
    "7201": {
        "0": 1,
        "1": 1,
        "2": 1,
        "3": 9,
        "4": 78,
        "5": 664,
        "6": 5553
    },
    "7202": {
        "0": 1,
        "1": 10,
        "2": 70,
        "3": 489,
        "4": 3399,
        "5": 14459,
        "6": 40239
    },
    "7203": {
        "0": 1,
        "1": 9,
        "2": 67,
        "3": 483,
        "4": 3480,
        "5": 7816,
        "6": 15509
    },
    "7204": {
        "0": 1,
        "1": 1,
        "2": 12,
        "3": 92,
        "4": 672,
        "5": 4939,
        "6": 17454
    },
    "7205": {
        "0": 1,
        "1": 11,
        "2": 95,
        "3": 777,
        "4": 6210,
        "5": 21495,
        "6": 52243
    },
    "7206": {
        "0": 1,
        "1": 1,
        "2": 8,
        "3": 63,
        "4": 502,
        "5": 3959,
        "6": 11910
    },
    "7207": {
        "0": 1,
        "1": 1,
        "2": 1,
        "3": 1,
        "4": 8,
        "5": 72,
        "6": 632
    },
    "7208": {
        "0": 1,
        "1": 10,
        "2": 77,
        "3": 585,
        "4": 4392,
        "5": 15340,
        "6": 37968
    },
    "7209": {
        "0": 1,
        "1": 10,
        "2": 80,
        "3": 677,
        "4": 5782,
        "5": 17036,
        "6": 31481
    },
    "7210": {
        "0": 1,
        "1": 8,
        "2": 62,
        "3": 470,
        "4": 3498,
        "5": 8672,
        "6": 15990
    },
    "7211": {
        "0": 1,
        "1": 11,
        "2": 94,
        "3": 796,
        "4": 6738,
        "5": 24438,
        "6": 53970
    },
    "7212": {
        "0": 1,
        "1": 10,
        "2": 68,
        "3": 462,
        "4": 3209,
        "5": 12355,
        "6": 31113
    },
    "7213": {
        "0": 1,
        "1": 1,
        "2": 1,
        "3": 9,
        "4": 69,
        "5": 516,
        "6": 3843
    },
    "7214": {
        "0": 1,
        "1": 12,
        "2": 85,
        "3": 566,
        "4": 3827,
        "5": 15895,
        "6": 46700
    },
    "7215": {
        "0": 1,
        "1": 1,
        "2": 12,
        "3": 98,
        "4": 768,
        "5": 5835,
        "6": 26253
    },
    "7216": {
        "0": 1,
        "1": 12,
        "2": 100,
        "3": 796,
        "4": 6173,
        "5": 28851,
        "6": 96617
    },
    "7217": {
        "0": 1,
        "1": 11,
        "2": 95,
        "3": 819,
        "4": 6919,
        "5": 26993,
        "6": 66738
    },
    "7218": {
        "0": 1,
        "1": 11,
        "2": 78,
        "3": 519,
        "4": 3465,
        "5": 12954,
        "6": 33801
    },
    "7219": {
        "0": 1,
        "1": 1,
        "2": 1,
        "3": 1,
        "4": 10,
        "5": 86,
        "6": 731
    },
    "7220": {
        "0": 1,
        "1": 10,
        "2": 77,
        "3": 573,
        "4": 4273,
        "5": 12907,
        "6": 28113
    },
    "7221": {
        "0": 1,
        "1": 1,
        "2": 8,
        "3": 69,
        "4": 587,
        "5": 4952,
        "6": 11351
    },
    "7222": {
        "0": 1,
        "1": 8,
        "2": 66,
        "3": 552,
        "4": 4681,
        "5": 7325,
        "6": 9872
    },
    "7223": {
        "0": 1,
        "1": 1,
        "2": 10,
        "3": 82,
        "4": 697,
        "5": 5835,
        "6": 18557
    },
    "7224": {
        "0": 1,
        "1": 1,
        "2": 10,
        "3": 71,
        "4": 471,
        "5": 3059,
        "6": 11826
    },
    "7225": {
        "0": 1,
        "1": 11,
        "2": 97,
        "3": 833,
        "4": 7053,
        "5": 28638,
        "6": 79254
    },
    "7226": {
        "0": 1,
        "1": 10,
        "2": 80,
        "3": 632,
        "4": 4985,
        "5": 20166,
        "6": 54757
    },
    "7227": {
        "0": 1,
        "1": 1,
        "2": 11,
        "3": 93,
        "4": 748,
        "5": 5761,
        "6": 17849
    },
    "7228": {
        "0": 1,
        "1": 12,
        "2": 108,
        "3": 918,
        "4": 7671,
        "5": 33396,
        "6": 93402
    },
    "7229": {
        "0": 1,
        "1": 10,
        "2": 79,
        "3": 622,
        "4": 4821,
        "5": 19531,
        "6": 54344
    },
    "7230": {
        "0": 1,
        "1": 1,
        "2": 1,
        "3": 1,
        "4": 11,
        "5": 78,
        "6": 526
    },
    "7231": {
        "0": 1,
        "1": 1,
        "2": 11,
        "3": 87,
        "4": 653,
        "5": 4847,
        "6": 18368
    },
    "7232": {
        "0": 1,
        "1": 12,
        "2": 98,
        "3": 731,
        "4": 5314,
        "5": 21090,
        "6": 58582
    },
    "7233": {
        "0": 1,
        "1": 1,
        "2": 11,
        "3": 98,
        "4": 833,
        "5": 6842,
        "6": 27192
    },
    "7234": {
        "0": 1,
        "1": 1,
        "2": 1,
        "3": 11,
        "4": 85,
        "5": 627,
        "6": 4667
    },
    "7235": {
        "0": 1,
        "1": 1,
        "2": 11,
        "3": 89,
        "4": 720,
        "5": 5850,
        "6": 17234
    },
    "7236": {
        "0": 1,
        "1": 11,
        "2": 78,
        "3": 531,
        "4": 3635,
        "5": 14378,
        "6": 40456
    },
    "7237": {
        "0": 1,
        "1": 10,
        "2": 81,
        "3": 642,
        "4": 5081,
        "5": 11295,
        "6": 21083
    },
    "7238": {
        "0": 1,
        "1": 10,
        "2": 84,
        "3": 727,
        "4": 6256,
        "5": 20820,
        "6": 39730
    },
    "7239": {
        "0": 1,
        "1": 11,
        "2": 93,
        "3": 777,
        "4": 6420,
        "5": 22407,
        "6": 54778
    },
    "7240": {
        "0": 1,
        "1": 10,
        "2": 76,
        "3": 575,
        "4": 4318,
        "5": 12966,
        "6": 28535
    },
    "7241": {
        "0": 1,
        "1": 1,
        "2": 1,
        "3": 11,
        "4": 94,
        "5": 796,
        "6": 6693
    },
    "7242": {
        "0": 1,
        "1": 11,
        "2": 78,
        "3": 541,
        "4": 3750,
        "5": 15775,
        "6": 42340
    },
    "7243": {
        "0": 1,
        "1": 1,
        "2": 9,
        "3": 77,
        "4": 652,
        "5": 5483,
        "6": 15724
    },
    "7244": {
        "0": 1,
        "1": 12,
        "2": 102,
        "3": 843,
        "4": 6900,
        "5": 25747,
        "6": 65425
    },
    "7245": {
        "0": 1,
        "1": 1,
        "2": 1,
        "3": 11,
        "4": 94,
        "5": 812,
        "6": 7017
    },
    "7246": {
        "0": 1,
        "1": 9,
        "2": 67,
        "3": 505,
        "4": 3763,
        "5": 10616,
        "6": 21625
    },
    "7247": {
        "0": 1,
        "1": 11,
        "2": 87,
        "3": 681,
        "4": 5338,
        "5": 22734,
        "6": 63706
    },
    "7248": {
        "0": 1,
        "1": 1,
        "2": 1,
        "3": 1,
        "4": 10,
        "5": 80,
        "6": 606
    },
    "7249": {
        "0": 1,
        "1": 1,
        "2": 1,
        "3": 10,
        "4": 79,
        "5": 600,
        "6": 4465
    },
    "7250": {
        "0": 1,
        "1": 9,
        "2": 61,
        "3": 412,
        "4": 2817,
        "5": 8961,
        "6": 17843
    },
    "7251": {
        "0": 1,
        "1": 9,
        "2": 74,
        "3": 617,
        "4": 5129,
        "5": 12465,
        "6": 22019
    },
    "7252": {
        "0": 1,
        "1": 11,
        "2": 96,
        "3": 828,
        "4": 6981,
        "5": 27995,
        "6": 68685
    },
    "7253": {
        "0": 1,
        "1": 10,
        "2": 83,
        "3": 713,
        "4": 6080,
        "5": 19188,
        "6": 35796
    },
    "7254": {
        "0": 1,
        "1": 9,
        "2": 72,
        "3": 535,
        "4": 3787,
        "5": 10675,
        "6": 24345
    },
    "7255": {
        "0": 1,
        "1": 11,
        "2": 86,
        "3": 650,
        "4": 4898,
        "5": 17783,
        "6": 44393
    },
    "7256": {
        "0": 1,
        "1": 10,
        "2": 79,
        "3": 622,
        "4": 4915,
        "5": 19799,
        "6": 56796
    },
    "7257": {
        "0": 1,
        "1": 1,
        "2": 1,
        "3": 10,
        "4": 82,
        "5": 695,
        "6": 5932
    },
    "7258": {
        "0": 1,
        "1": 9,
        "2": 68,
        "3": 517,
        "4": 3898,
        "5": 10367,
        "6": 21643
    },
    "7259": {
        "0": 1,
        "1": 10,
        "2": 73,
        "3": 537,
        "4": 3982,
        "5": 10485,
        "6": 18522
    },
    "7260": {
        "0": 1,
        "1": 1,
        "2": 9,
        "3": 68,
        "4": 507,
        "5": 3705,
        "6": 9548
    },
    "7261": {
        "0": 1,
        "1": 1,
        "2": 11,
        "3": 85,
        "4": 626,
        "5": 4578,
        "6": 16198
    },
    "7262": {
        "0": 1,
        "1": 1,
        "2": 12,
        "3": 96,
        "4": 701,
        "5": 5042,
        "6": 18930
    },
    "7263": {
        "0": 1,
        "1": 12,
        "2": 87,
        "3": 581,
        "4": 3863,
        "5": 15343,
        "6": 40472
    },
    "7264": {
        "0": 1,
        "1": 1,
        "2": 11,
        "3": 90,
        "4": 698,
        "5": 5393,
        "6": 22630
    },
    "7265": {
        "0": 1,
        "1": 14,
        "2": 130,
        "3": 1126,
        "4": 9553,
        "5": 47926,
        "6": 153578
    },
    "7266": {
        "0": 1,
        "1": 10,
        "2": 76,
        "3": 572,
        "4": 4324,
        "5": 13820,
        "6": 31069
    },
    "7267": {
        "0": 1,
        "1": 9,
        "2": 76,
        "3": 650,
        "4": 5516,
        "5": 16507,
        "6": 34285
    },
    "7268": {
        "0": 1,
        "1": 1,
        "2": 10,
        "3": 85,
        "4": 721,
        "5": 6076,
        "6": 20834
    },
    "7269": {
        "0": 1,
        "1": 12,
        "2": 98,
        "3": 755,
        "4": 5767,
        "5": 24884,
        "6": 70613
    },
    "7270": {
        "0": 1,
        "1": 11,
        "2": 94,
        "3": 772,
        "4": 6203,
        "5": 20240,
        "6": 49598
    },
    "7271": {
        "0": 1,
        "1": 10,
        "2": 84,
        "3": 710,
        "4": 6030,
        "5": 18503,
        "6": 36662
    },
    "7272": {
        "0": 1,
        "1": 1,
        "2": 9,
        "3": 76,
        "4": 649,
        "5": 5492,
        "6": 16189
    },
    "7273": {
        "0": 1,
        "1": 9,
        "2": 81,
        "3": 725,
        "4": 6434,
        "5": 23744,
        "6": 56803
    },
    "7274": {
        "0": 1,
        "1": 12,
        "2": 100,
        "3": 830,
        "4": 6860,
        "5": 26293,
        "6": 63855
    },
    "7275": {
        "0": 1,
        "1": 1,
        "2": 1,
        "3": 11,
        "4": 85,
        "5": 634,
        "6": 4721
    },
    "7276": {
        "0": 1,
        "1": 11,
        "2": 94,
        "3": 802,
        "4": 6841,
        "5": 25837,
        "6": 65231
    },
    "7277": {
        "0": 1,
        "1": 1,
        "2": 1,
        "3": 1,
        "4": 10,
        "5": 75,
        "6": 558
    },
    "7278": {
        "0": 1,
        "1": 10,
        "2": 76,
        "3": 580,
        "4": 4427,
        "5": 14507,
        "6": 38202
    },
    "7279": {
        "0": 1,
        "1": 12,
        "2": 100,
        "3": 827,
        "4": 6830,
        "5": 26028,
        "6": 60970
    },
    "7280": {
        "0": 1,
        "1": 10,
        "2": 82,
        "3": 611,
        "4": 4345,
        "5": 14441,
        "6": 34013
    },
    "7281": {
        "0": 1,
        "1": 9,
        "2": 67,
        "3": 488,
        "4": 3586,
        "5": 7449,
        "6": 14164
    },
    "7282": {
        "0": 1,
        "1": 9,
        "2": 76,
        "3": 658,
        "4": 5718,
        "5": 16959,
        "6": 38875
    },
    "7283": {
        "0": 1,
        "1": 10,
        "2": 85,
        "3": 723,
        "4": 6066,
        "5": 20075,
        "6": 44099
    },
    "7284": {
        "0": 1,
        "1": 9,
        "2": 71,
        "3": 538,
        "4": 4036,
        "5": 12818,
        "6": 30700
    },
    "7285": {
        "0": 1,
        "1": 1,
        "2": 11,
        "3": 86,
        "4": 659,
        "5": 5010,
        "6": 20472
    },
    "7286": {
        "0": 1,
        "1": 1,
        "2": 11,
        "3": 79,
        "4": 541,
        "5": 3664,
        "6": 14525
    },
    "7287": {
        "0": 1,
        "1": 1,
        "2": 9,
        "3": 74,
        "4": 633,
        "5": 5405,
        "6": 13323
    },
    "7288": {
        "0": 1,
        "1": 1,
        "2": 11,
        "3": 93,
        "4": 768,
        "5": 6240,
        "6": 22386
    },
    "7289": {
        "0": 1,
        "1": 1,
        "2": 10,
        "3": 77,
        "4": 583,
        "5": 4391,
        "6": 13975
    },
    "7290": {
        "0": 1,
        "1": 1,
        "2": 8,
        "3": 59,
        "4": 441,
        "5": 3328,
        "6": 8023
    },
    "7291": {
        "0": 1,
        "1": 11,
        "2": 95,
        "3": 831,
        "4": 7232,
        "5": 29543,
        "6": 73080
    },
    "7292": {
        "0": 1,
        "1": 1,
        "2": 11,
        "3": 92,
        "4": 745,
        "5": 5959,
        "6": 19588
    },
    "7293": {
        "0": 1,
        "1": 12,
        "2": 108,
        "3": 909,
        "4": 7231,
        "5": 27305,
        "6": 74710
    },
    "7294": {
        "0": 1,
        "1": 9,
        "2": 76,
        "3": 634,
        "4": 5222,
        "5": 14799,
        "6": 31188
    },
    "7295": {
        "0": 1,
        "1": 10,
        "2": 82,
        "3": 681,
        "4": 5568,
        "5": 16896,
        "6": 33498
    },
    "7296": {
        "0": 1,
        "1": 9,
        "2": 75,
        "3": 585,
        "4": 4333,
        "5": 17340,
        "6": 46855
    },
    "7297": {
        "0": 1,
        "1": 1,
        "2": 10,
        "3": 72,
        "4": 488,
        "5": 3298,
        "6": 11839
    },
    "7298": {
        "0": 1,
        "1": 10,
        "2": 72,
        "3": 520,
        "4": 3817,
        "5": 9239,
        "6": 16515
    },
    "7299": {
        "0": 1,
        "1": 1,
        "2": 10,
        "3": 71,
        "4": 501,
        "5": 3537,
        "6": 14516
    }
}