{
    "19800": {
        "0": 1,
        "1": 10,
        "2": 75,
        "3": 564,
        "4": 4189,
        "5": 13691,
        "6": 35696
    },
    "19801": {
        "0": 1,
        "1": 10,
        "2": 82,
        "3": 676,
        "4": 5565,
        "5": 15593,
        "6": 31458
    },
    "19802": {
        "0": 1,
        "1": 1,
        "2": 1,
        "3": 10,
        "4": 83,
        "5": 710,
        "6": 6058
    },
    "19803": {
        "0": 1,
        "1": 8,
        "2": 54,
        "3": 363,
        "4": 2446,
        "5": 6224,
        "6": 12711
    },
    "19804": {
        "0": 1,
        "1": 10,
        "2": 82,
        "3": 670,
        "4": 5415,
        "5": 15748,
        "6": 36774
    },
    "19805": {
        "0": 1,
        "1": 9,
        "2": 69,
        "3": 536,
        "4": 4154,
        "5": 13061,
        "6": 26437
    },
    "19806": {
        "0": 1,
        "1": 12,
        "2": 95,
        "3": 707,
        "4": 5220,
        "5": 21062,
        "6": 56790
    },
    "19807": {
        "0": 1,
        "1": 1,
        "2": 9,
        "3": 67,
        "4": 500,
        "5": 3819,
        "6": 10487
    },
    "19808": {
        "0": 1,
        "1": 11,
        "2": 90,
        "3": 706,
        "4": 5436,
        "5": 22232,
        "6": 64576
    },
    "19809": {
        "0": 1,
        "1": 1,
        "2": 1,
        "3": 10,
        "4": 73,
        "5": 533,
        "6": 3892
    },
    "19810": {
        "0": 1,
        "1": 11,
        "2": 90,
        "3": 699,
        "4": 5361,
        "5": 21688,
        "6": 63447
    },
    "19811": {
        "0": 1,
        "1": 1,
        "2": 1,
        "3": 9,
        "4": 78,
        "5": 671,
        "6": 5710
    },
    "19812": {
        "0": 1,
        "1": 11,
        "2": 92,
        "3": 779,
        "4": 6594,
        "5": 23445,
        "6": 50865
    },
    "19813": {
        "0": 1,
        "1": 11,
        "2": 95,
        "3": 809,
        "4": 6828,
        "5": 27125,
        "6": 68199
    },
    "19814": {
        "0": 1,
        "1": 1,
        "2": 13,
        "3": 108,
        "4": 871,
        "5": 7000,
        "6": 25871
    },
    "19815": {
        "0": 1,
        "1": 12,
        "2": 104,
        "3": 865,
        "4": 7172,
        "5": 26922,
        "6": 66728
    },
    "19816": {
        "0": 1,
        "1": 1,
        "2": 11,
        "3": 96,
        "4": 812,
        "5": 6816,
        "6": 26761
    },
    "19817": {
        "0": 1,
        "1": 9,
        "2": 75,
        "3": 638,
        "4": 5462,
        "5": 14403,
        "6": 25181
    },
    "19818": {
        "0": 1,
        "1": 1,
        "2": 11,
        "3": 75,
        "4": 491,
        "5": 3263,
        "6": 11706
    },
    "19819": {
        "0": 1,
        "1": 1,
        "2": 14,
        "3": 110,
        "4": 764,
        "5": 5332,
        "6": 27262
    },
    "19820": {
        "0": 1,
        "1": 1,
        "2": 1,
        "3": 9,
        "4": 72,
        "5": 585,
        "6": 4696
    },
    "19821": {
        "0": 1,
        "1": 1,
        "2": 1,
        "3": 11,
        "4": 85,
        "5": 619,
        "6": 4455
    },
    "19822": {
        "0": 1,
        "1": 1,
        "2": 1,
        "3": 9,
        "4": 80,
        "5": 681,
        "6": 5717
    },
    "19823": {
        "0": 1,
        "1": 1,
        "2": 1,
        "3": 1,
        "4": 11,
        "5": 86,
        "6": 667
    },
    "19824": {
        "0": 1,
        "1": 8,
        "2": 69,
        "3": 598,
        "4": 5179,
        "5": 12097,
        "6": 25916
    },
    "19825": {
        "0": 1,
        "1": 10,
        "2": 88,
        "3": 771,
        "4": 6730,
        "5": 25589,
        "6": 64585
    },
    "19826": {
        "0": 1,
        "1": 10,
        "2": 87,
        "3": 744,
        "4": 6352,
        "5": 21695,
        "6": 48694
    },
    "19827": {
        "0": 1,
        "1": 1,
        "2": 12,
        "3": 88,
        "4": 580,
        "5": 3807,
        "6": 16047
    },
    "19828": {
        "0": 1,
        "1": 12,
        "2": 99,
        "3": 785,
        "4": 6155,
        "5": 20296,
        "6": 49131
    },
    "19829": {
        "0": 1,
        "1": 10,
        "2": 86,
        "3": 730,
        "4": 6080,
        "5": 19773,
        "6": 39616
    },
    "19830": {
        "0": 1,
        "1": 1,
        "2": 1,
        "3": 1,
        "4": 14,
        "5": 119,
        "6": 921
    },
    "19831": {
        "0": 1,
        "1": 11,
        "2": 86,
        "3": 658,
        "4": 5081,
        "5": 20382,
        "6": 60433
    },
    "19832": {
        "0": 1,
        "1": 8,
        "2": 70,
        "3": 601,
        "4": 5109,
        "5": 12813,
        "6": 24337
    },
    "19833": {
        "0": 1,
        "1": 1,
        "2": 1,
        "3": 10,
        "4": 89,
        "5": 744,
        "6": 6088
    },
    "19834": {
        "0": 1,
        "1": 1,
        "2": 1,
        "3": 11,
        "4": 92,
        "5": 767,
        "6": 6317
    },
    "19835": {
        "0": 1,
        "1": 10,
        "2": 82,
        "3": 695,
        "4": 5843,
        "5": 18601,
        "6": 40453
    },
    "19836": {
        "0": 1,
        "1": 1,
        "2": 1,
        "3": 1,
        "4": 1,
        "5": 10,
        "6": 80
    },
    "19837": {
        "0": 1,
        "1": 12,
        "2": 102,
        "3": 849,
        "4": 7003,
        "5": 26414,
        "6": 59228
    },
    "19838": {
        "0": 1,
        "1": 1,
        "2": 1,
        "3": 1,
        "4": 13,
        "5": 102,
        "6": 723
    },
    "19839": {
        "0": 1,
        "1": 1,
        "2": 11,
        "3": 96,
        "4": 824,
        "5": 7010,
        "6": 28661
    },
    "19840": {
        "0": 1,
        "1": 13,
        "2": 109,
        "3": 851,
        "4": 6499,
        "5": 31880,
        "6": 97050
    },
    "19841": {
        "0": 1,
        "1": 1,
        "2": 11,
        "3": 89,
        "4": 711,
        "5": 5557,
        "6": 15220
    },
    "19842": {
        "0": 1,
        "1": 11,
        "2": 94,
        "3": 795,
        "4": 6604,
        "5": 26322,
        "6": 63135
    },
    "19843": {
        "0": 1,
        "1": 8,
        "2": 62,
        "3": 471,
        "4": 3522,
        "5": 9059,
        "6": 18508
    },
    "19844": {
        "0": 1,
        "1": 1,
        "2": 10,
        "3": 76,
        "4": 581,
        "5": 4435,
        "6": 14648
    },
    "19845": {
        "0": 1,
        "1": 11,
        "2": 97,
        "3": 829,
        "4": 7001,
        "5": 28656,
        "6": 80347
    },
    "19846": {
        "0": 1,
        "1": 1,
        "2": 1,
        "3": 1,
        "4": 10,
        "5": 83,
        "6": 686
    },
    "19847": {
        "0": 1,
        "1": 1,
        "2": 1,
        "3": 9,
        "4": 69,
        "5": 541,
        "6": 4208
    },
    "19848": {
        "0": 1,
        "1": 1,
        "2": 12,
        "3": 110,
        "4": 968,
        "5": 8347,
        "6": 40546
    },
    "19849": {
        "0": 1,
        "1": 1,
        "2": 1,
        "3": 12,
        "4": 100,
        "5": 769,
        "6": 5775
    },
    "19850": {
        "0": 1,
        "1": 1,
        "2": 1,
        "3": 9,
        "4": 78,
        "5": 665,
        "6": 5588
    },
    "19851": {
        "0": 1,
        "1": 1,
        "2": 10,
        "3": 79,
        "4": 623,
        "5": 4881,
        "6": 18974
    },
    "19852": {
        "0": 1,
        "1": 13,
        "2": 113,
        "3": 900,
        "4": 7058,
        "5": 35768,
        "6": 121351
    },
    "19853": {
        "0": 1,
        "1": 10,
        "2": 83,
        "3": 712,
        "4": 6048,
        "5": 20897,
        "6": 48964
    },
    "19854": {
        "0": 1,
        "1": 1,
        "2": 1,
        "3": 1,
        "4": 1,
        "5": 1,
        "6": 11
    },
    "19855": {
        "0": 1,
        "1": 1,
        "2": 1,
        "3": 1,
        "4": 9,
        "5": 67,
        "6": 502
    },
    "19856": {
        "0": 1,
        "1": 10,
        "2": 72,
        "3": 484,
        "4": 3216,
        "5": 11116,
        "6": 30182
    },
    "19857": {
        "0": 1,
        "1": 8,
        "2": 67,
        "3": 547,
        "4": 4391,
        "5": 7199,
        "6": 10391
    },
    "19858": {
        "0": 1,
        "1": 1,
        "2": 12,
        "3": 97,
        "4": 726,
        "5": 5408,
        "6": 23135
    },
    "19859": {
        "0": 1,
        "1": 10,
        "2": 77,
        "3": 592,
        "4": 4515,
        "5": 15451,
        "6": 39015
    },
    "19860": {
        "0": 1,
        "1": 10,
        "2": 86,
        "3": 727,
        "4": 5997,
        "5": 20996,
        "6": 46114
    },
    "19861": {
        "0": 1,
        "1": 9,
        "2": 68,
        "3": 523,
        "4": 4030,
        "5": 12021,
        "6": 27350
    },
    "19862": {
        "0": 1,
        "1": 1,
        "2": 1,
        "3": 11,
        "4": 94,
        "5": 796,
        "6": 6794
    },
    "19863": {
        "0": 1,
        "1": 10,
        "2": 87,
        "3": 736,
        "4": 6107,
        "5": 22433,
        "6": 55239
    },
    "19864": {
        "0": 1,
        "1": 1,
        "2": 12,
        "3": 107,
        "4": 911,
        "5": 7658,
        "6": 33673
    },
    "19865": {
        "0": 1,
        "1": 1,
        "2": 12,
        "3": 104,
        "4": 875,
        "5": 7232,
        "6": 29297
    },
    "19866": {
        "0": 1,
        "1": 10,
        "2": 58,
        "3": 321,
        "4": 1861,
        "5": 6025,
        "6": 13982
    },
    "19867": {
        "0": 1,
        "1": 11,
        "2": 94,
        "3": 780,
        "4": 6389,
        "5": 21920,
        "6": 51749
    },
    "19868": {
        "0": 1,
        "1": 8,
        "2": 62,
        "3": 461,
        "4": 3338,
        "5": 8226,
        "6": 15534
    },
    "19869": {
        "0": 1,
        "1": 11,
        "2": 94,
        "3": 785,
        "4": 6464,
        "5": 22676,
        "6": 54461
    },
    "19870": {
        "0": 1,
        "1": 1,
        "2": 1,
        "3": 10,
        "4": 87,
        "5": 753,
        "6": 6508
    },
    "19871": {
        "0": 1,
        "1": 1,
        "2": 9,
        "3": 77,
        "4": 633,
        "5": 5204,
        "6": 12615
    },
    "19872": {
        "0": 1,
        "1": 1,
        "2": 8,
        "3": 62,
        "4": 461,
        "5": 3344,
        "6": 8366
    },
    "19873": {
        "0": 1,
        "1": 1,
        "2": 10,
        "3": 88,
        "4": 758,
        "5": 6439,
        "6": 23922
    },
    "19874": {
        "0": 1,
        "1": 12,
        "2": 104,
        "3": 886,
        "4": 7451,
        "5": 31839,
        "6": 86985
    },
    "19875": {
        "0": 1,
        "1": 9,
        "2": 76,
        "3": 625,
        "4": 5010,
        "5": 14008,
        "6": 28909
    },
    "19876": {
        "0": 1,
        "1": 11,
        "2": 74,
        "3": 478,
        "4": 3123,
        "5": 11511,
        "6": 31310
    },
    "19877": {
        "0": 1,
        "1": 11,
        "2": 87,
        "3": 682,
        "4": 5348,
        "5": 22736,
        "6": 67385
    },
    "19878": {
        "0": 1,
        "1": 12,
        "2": 76,
        "3": 448,
        "4": 2716,
        "5": 11816,
        "6": 40482
    },
    "19879": {
        "0": 1,
        "1": 11,
        "2": 85,
        "3": 633,
        "4": 4723,
        "5": 17836,
        "6": 45572
    },
    "19880": {
        "0": 1,
        "1": 8,
        "2": 70,
        "3": 613,
        "4": 5336,
        "5": 13397,
        "6": 22627
    },
    "19881": {
        "0": 1,
        "1": 1,
        "2": 9,
        "3": 69,
        "4": 511,
        "5": 3759,
        "6": 10160
    },
    "19882": {
        "0": 1,
        "1": 1,
        "2": 1,
        "3": 1,
        "4": 11,
        "5": 78,
        "6": 530
    },
    "19883": {
        "0": 1,
        "1": 1,
        "2": 9,
        "3": 76,
        "4": 642,
        "5": 5343,
        "6": 13893
    },
    "19884": {
        "0": 1,
        "1": 8,
        "2": 69,
        "3": 585,
        "4": 4967,
        "5": 9544,
        "6": 14014
    },
    "19885": {
        "0": 1,
        "1": 1,
        "2": 1,
        "3": 11,
        "4": 80,
        "5": 543,
        "6": 3721
    },
    "19886": {
        "0": 1,
        "1": 9,
        "2": 72,
        "3": 582,
        "4": 4645,
        "5": 9252,
        "6": 14110
    },
    "19887": {
        "0": 1,
        "1": 12,
        "2": 106,
        "3": 909,
        "4": 7756,
        "5": 33729,
        "6": 97415
    },
    "19888": {
        "0": 1,
        "1": 11,
        "2": 91,
        "3": 740,
        "4": 5928,
        "5": 28297,
        "6": 89802
    },
    "19889": {
        "0": 1,
        "1": 1,
        "2": 9,
        "3": 71,
        "4": 527,
        "5": 3933,
        "6": 11874
    },
    "19890": {
        "0": 1,
        "1": 1,
        "2": 1,
        "3": 9,
        "4": 76,
        "5": 656,
        "6": 5557
    },
    "19891": {
        "0": 1,
        "1": 1,
        "2": 13,
        "3": 118,
        "4": 991,
        "5": 8080,
        "6": 35246
    },
    "19892": {
        "0": 1,
        "1": 1,
        "2": 1,
        "3": 1,
        "4": 11,
        "5": 97,
        "6": 809
    },
    "19893": {
        "0": 1,
        "1": 12,
        "2": 89,
        "3": 602,
        "4": 4061,
        "5": 17275,
        "6": 54245
    },
    "19894": {
        "0": 1,
        "1": 12,
        "2": 95,
        "3": 692,
        "4": 4890,
        "5": 18365,
        "6": 49388
    },
    "19895": {
        "0": 1,
        "1": 13,
        "2": 97,
        "3": 642,
        "4": 4217,
        "5": 18678,
        "6": 59591
    },
    "19896": {
        "0": 1,
        "1": 1,
        "2": 1,
        "3": 1,
        "4": 10,
        "5": 80,
        "6": 610
    },
    "19897": {
        "0": 1,
        "1": 1,
        "2": 1,
        "3": 13,
        "4": 96,
        "5": 650,
        "6": 4474
    },
    "19898": {
        "0": 1,
        "1": 1,
        "2": 12,
        "3": 95,
        "4": 714,
        "5": 5388,
        "6": 21365
    },
    "19899": {
        "0": 1,
        "1": 1,
        "2": 9,
        "3": 80,
        "4": 704,
        "5": 6111,
        "6": 21854
    }
}