{
    "26300": {
        "0": 1,
        "1": 8,
        "2": 67,
        "3": 565,
        "4": 4787,
        "5": 8032,
        "6": 10895
    },
    "26301": {
        "0": 1,
        "1": 11,
        "2": 88,
        "3": 663,
        "4": 5055,
        "5": 19487,
        "6": 49789
    },
    "26302": {
        "0": 1,
        "1": 1,
        "2": 1,
        "3": 1,
        "4": 9,
        "5": 75,
        "6": 631
    },
    "26303": {
        "0": 1,
        "1": 9,
        "2": 73,
        "3": 611,
        "4": 5085,
        "5": 12005,
        "6": 22407
    },
    "26304": {
        "0": 1,
        "1": 10,
        "2": 68,
        "3": 466,
        "4": 3238,
        "5": 12228,
        "6": 30776
    },
    "26305": {
        "0": 1,
        "1": 10,
        "2": 75,
        "3": 559,
        "4": 4108,
        "5": 12650,
        "6": 27930
    },
    "26306": {
        "0": 1,
        "1": 11,
        "2": 87,
        "3": 664,
        "4": 5046,
        "5": 19166,
        "6": 51675
    },
    "26307": {
        "0": 1,
        "1": 1,
        "2": 10,
        "3": 83,
        "4": 706,
        "5": 6006,
        "6": 18649
    },
    "26308": {
        "0": 1,
        "1": 1,
        "2": 10,
        "3": 88,
        "4": 736,
        "5": 5872,
        "6": 20123
    },
    "26309": {
        "0": 1,
        "1": 11,
        "2": 77,
        "3": 500,
        "4": 3275,
        "5": 11488,
        "6": 32201
    },
    "26310": {
        "0": 1,
        "1": 8,
        "2": 57,
        "3": 407,
        "4": 2877,
        "5": 9942,
        "6": 24094
    },
    "26311": {
        "0": 1,
        "1": 11,
        "2": 88,
        "3": 667,
        "4": 4991,
        "5": 18217,
        "6": 48077
    },
    "26312": {
        "0": 1,
        "1": 1,
        "2": 1,
        "3": 10,
        "4": 84,
        "5": 703,
        "6": 5874
    },
    "26313": {
        "0": 1,
        "1": 1,
        "2": 1,
        "3": 12,
        "4": 106,
        "5": 903,
        "6": 7523
    },
    "26314": {
        "0": 1,
        "1": 1,
        "2": 10,
        "3": 86,
        "4": 739,
        "5": 6338,
        "6": 22020
    },
    "26315": {
        "0": 1,
        "1": 11,
        "2": 95,
        "3": 802,
        "4": 6705,
        "5": 25647,
        "6": 64553
    },
    "26316": {
        "0": 1,
        "1": 1,
        "2": 9,
        "3": 68,
        "4": 532,
        "5": 4141,
        "6": 13043
    },
    "26317": {
        "0": 1,
        "1": 1,
        "2": 1,
        "3": 8,
        "4": 70,
        "5": 600,
        "6": 5098
    },
    "26318": {
        "0": 1,
        "1": 1,
        "2": 1,
        "3": 10,
        "4": 83,
        "5": 691,
        "6": 5668
    },
    "26319": {
        "0": 1,
        "1": 1,
        "2": 11,
        "3": 87,
        "4": 677,
        "5": 5293,
        "6": 22147
    },
    "26320": {
        "0": 1,
        "1": 1,
        "2": 10,
        "3": 84,
        "4": 710,
        "5": 6048,
        "6": 19147
    },
    "26321": {
        "0": 1,
        "1": 8,
        "2": 67,
        "3": 572,
        "4": 4920,
        "5": 9910,
        "6": 17766
    },
    "26322": {
        "0": 1,
        "1": 11,
        "2": 95,
        "3": 798,
        "4": 6613,
        "5": 24428,
        "6": 58503
    },
    "26323": {
        "0": 1,
        "1": 1,
        "2": 11,
        "3": 87,
        "4": 638,
        "5": 4562,
        "6": 16826
    },
    "26324": {
        "0": 1,
        "1": 1,
        "2": 12,
        "3": 101,
        "4": 781,
        "5": 5883,
        "6": 24758
    },
    "26325": {
        "0": 1,
        "1": 10,
        "2": 87,
        "3": 732,
        "4": 5974,
        "5": 20226,
        "6": 44936
    },
    "26326": {
        "0": 1,
        "1": 1,
        "2": 11,
        "3": 91,
        "4": 679,
        "5": 4898,
        "6": 19490
    },
    "26327": {
        "0": 1,
        "1": 1,
        "2": 1,
        "3": 1,
        "4": 11,
        "5": 98,
        "6": 825
    },
    "26328": {
        "0": 1,
        "1": 1,
        "2": 1,
        "3": 1,
        "4": 10,
        "5": 83,
        "6": 664
    },
    "26329": {
        "0": 1,
        "1": 9,
        "2": 80,
        "3": 697,
        "4": 5987,
        "5": 20977,
        "6": 54522
    },
    "26330": {
        "0": 1,
        "1": 12,
        "2": 101,
        "3": 859,
        "4": 7269,
        "5": 30930,
        "6": 83323
    },
    "26331": {
        "0": 1,
        "1": 10,
        "2": 75,
        "3": 531,
        "4": 3741,
        "5": 9206,
        "6": 20185
    },
    "26332": {
        "0": 1,
        "1": 9,
        "2": 78,
        "3": 660,
        "4": 5480,
        "5": 17044,
        "6": 33741
    },
    "26333": {
        "0": 1,
        "1": 9,
        "2": 67,
        "3": 506,
        "4": 3816,
        "5": 9793,
        "6": 20080
    },
    "26334": {
        "0": 1,
        "1": 9,
        "2": 74,
        "3": 616,
        "4": 5028,
        "5": 12740,
        "6": 27934
    },
    "26335": {
        "0": 1,
        "1": 1,
        "2": 1,
        "3": 10,
        "4": 77,
        "5": 593,
        "6": 4504
    },
    "26336": {
        "0": 1,
        "1": 1,
        "2": 11,
        "3": 96,
        "4": 796,
        "5": 6448,
        "6": 23765
    },
    "26337": {
        "0": 1,
        "1": 10,
        "2": 62,
        "3": 373,
        "4": 2297,
        "5": 9298,
        "6": 27727
    },
    "26338": {
        "0": 1,
        "1": 1,
        "2": 1,
        "3": 1,
        "4": 11,
        "5": 93,
        "6": 779
    },
    "26339": {
        "0": 1,
        "1": 9,
        "2": 75,
        "3": 637,
        "4": 5409,
        "5": 13424,
        "6": 24066
    },
    "26340": {
        "0": 1,
        "1": 1,
        "2": 1,
        "3": 12,
        "4": 105,
        "5": 869,
        "6": 6969
    },
    "26341": {
        "0": 1,
        "1": 10,
        "2": 85,
        "3": 709,
        "4": 5857,
        "5": 17854,
        "6": 35052
    },
    "26342": {
        "0": 1,
        "1": 10,
        "2": 68,
        "3": 448,
        "4": 2930,
        "5": 8871,
        "6": 18975
    },
    "26343": {
        "0": 1,
        "1": 12,
        "2": 93,
        "3": 692,
        "4": 5178,
        "5": 21575,
        "6": 61307
    },
    "26344": {
        "0": 1,
        "1": 9,
        "2": 71,
        "3": 558,
        "4": 4386,
        "5": 15479,
        "6": 37597
    },
    "26345": {
        "0": 1,
        "1": 9,
        "2": 69,
        "3": 535,
        "4": 4174,
        "5": 13415,
        "6": 33081
    },
    "26346": {
        "0": 1,
        "1": 11,
        "2": 88,
        "3": 675,
        "4": 5138,
        "5": 19869,
        "6": 58701
    },
    "26347": {
        "0": 1,
        "1": 10,
        "2": 75,
        "3": 551,
        "4": 4088,
        "5": 11396,
        "6": 24624
    },
    "26348": {
        "0": 1,
        "1": 9,
        "2": 77,
        "3": 646,
        "4": 5362,
        "5": 14085,
        "6": 25521
    },
    "26349": {
        "0": 1,
        "1": 1,
        "2": 9,
        "3": 73,
        "4": 611,
        "5": 5152,
        "6": 10884
    },
    "26350": {
        "0": 1,
        "1": 1,
        "2": 1,
        "3": 1,
        "4": 10,
        "5": 75,
        "6": 565
    },
    "26351": {
        "0": 1,
        "1": 9,
        "2": 76,
        "3": 646,
        "4": 5465,
        "5": 15957,
        "6": 30309
    },
    "26352": {
        "0": 1,
        "1": 10,
        "2": 87,
        "3": 733,
        "4": 6136,
        "5": 20878,
        "6": 46060
    },
    "26353": {
        "0": 1,
        "1": 10,
        "2": 76,
        "3": 576,
        "4": 4409,
        "5": 14994,
        "6": 37300
    },
    "26354": {
        "0": 1,
        "1": 1,
        "2": 11,
        "3": 86,
        "4": 668,
        "5": 5203,
        "6": 21503
    },
    "26355": {
        "0": 1,
        "1": 1,
        "2": 13,
        "3": 117,
        "4": 1005,
        "5": 8557,
        "6": 39611
    },
    "26356": {
        "0": 1,
        "1": 1,
        "2": 12,
        "3": 96,
        "4": 722,
        "5": 5361,
        "6": 22368
    },
    "26357": {
        "0": 1,
        "1": 1,
        "2": 1,
        "3": 1,
        "4": 9,
        "5": 76,
        "6": 653
    },
    "26358": {
        "0": 1,
        "1": 9,
        "2": 69,
        "3": 520,
        "4": 3873,
        "5": 11484,
        "6": 28610
    },
    "26359": {
        "0": 1,
        "1": 1,
        "2": 11,
        "3": 87,
        "4": 720,
        "5": 6051,
        "6": 18645
    },
    "26360": {
        "0": 1,
        "1": 10,
        "2": 72,
        "3": 479,
        "4": 3087,
        "5": 10730,
        "6": 27430
    },
    "26361": {
        "0": 1,
        "1": 1,
        "2": 9,
        "3": 68,
        "4": 516,
        "5": 3948,
        "6": 11351
    },
    "26362": {
        "0": 1,
        "1": 1,
        "2": 1,
        "3": 1,
        "4": 10,
        "5": 75,
        "6": 550
    },
    "26363": {
        "0": 1,
        "1": 10,
        "2": 74,
        "3": 557,
        "4": 4185,
        "5": 14159,
        "6": 31170
    },
    "26364": {
        "0": 1,
        "1": 1,
        "2": 11,
        "3": 79,
        "4": 557,
        "5": 3902,
        "6": 17084
    },
    "26365": {
        "0": 1,
        "1": 1,
        "2": 10,
        "3": 81,
        "4": 621,
        "5": 4666,
        "6": 17668
    },
    "26366": {
        "0": 1,
        "1": 11,
        "2": 90,
        "3": 734,
        "4": 5995,
        "5": 18829,
        "6": 35057
    },
    "26367": {
        "0": 1,
        "1": 1,
        "2": 1,
        "3": 8,
        "4": 55,
        "5": 368,
        "6": 2425
    },
    "26368": {
        "0": 1,
        "1": 11,
        "2": 96,
        "3": 818,
        "4": 6796,
        "5": 27787,
        "6": 74689
    },
    "26369": {
        "0": 1,
        "1": 1,
        "2": 9,
        "3": 67,
        "4": 518,
        "5": 4028,
        "6": 12459
    },
    "26370": {
        "0": 1,
        "1": 10,
        "2": 79,
        "3": 609,
        "4": 4723,
        "5": 17484,
        "6": 40671
    },
    "26371": {
        "0": 1,
        "1": 12,
        "2": 96,
        "3": 733,
        "4": 5600,
        "5": 23879,
        "6": 68174
    },
    "26372": {
        "0": 1,
        "1": 9,
        "2": 67,
        "3": 499,
        "4": 3738,
        "5": 8961,
        "6": 17310
    },
    "26373": {
        "0": 1,
        "1": 9,
        "2": 80,
        "3": 678,
        "4": 5599,
        "5": 19762,
        "6": 47680
    },
    "26374": {
        "0": 1,
        "1": 11,
        "2": 85,
        "3": 643,
        "4": 4911,
        "5": 18662,
        "6": 49843
    },
    "26375": {
        "0": 1,
        "1": 1,
        "2": 10,
        "3": 69,
        "4": 472,
        "5": 3227,
        "6": 12019
    },
    "26376": {
        "0": 1,
        "1": 1,
        "2": 8,
        "3": 63,
        "4": 483,
        "5": 3627,
        "6": 11334
    },
    "26377": {
        "0": 1,
        "1": 11,
        "2": 69,
        "3": 400,
        "4": 2322,
        "5": 8416,
        "6": 24363
    },
    "26378": {
        "0": 1,
        "1": 9,
        "2": 61,
        "3": 408,
        "4": 2708,
        "5": 7713,
        "6": 17444
    },
    "26379": {
        "0": 1,
        "1": 9,
        "2": 66,
        "3": 499,
        "4": 3809,
        "5": 10200,
        "6": 21033
    },
    "26380": {
        "0": 1,
        "1": 12,
        "2": 99,
        "3": 821,
        "4": 6772,
        "5": 25712,
        "6": 59768
    },
    "26381": {
        "0": 1,
        "1": 12,
        "2": 98,
        "3": 750,
        "4": 5703,
        "5": 24137,
        "6": 72247
    },
    "26382": {
        "0": 1,
        "1": 10,
        "2": 71,
        "3": 485,
        "4": 3287,
        "5": 11688,
        "6": 29909
    },
    "26383": {
        "0": 1,
        "1": 1,
        "2": 11,
        "3": 85,
        "4": 639,
        "5": 4789,
        "6": 16842
    },
    "26384": {
        "0": 1,
        "1": 9,
        "2": 75,
        "3": 636,
        "4": 5355,
        "5": 14720,
        "6": 26384
    },
    "26385": {
        "0": 1,
        "1": 9,
        "2": 71,
        "3": 534,
        "4": 3899,
        "5": 12565,
        "6": 29264
    },
    "26386": {
        "0": 1,
        "1": 1,
        "2": 1,
        "3": 11,
        "4": 88,
        "5": 678,
        "6": 5127
    },
    "26387": {
        "0": 1,
        "1": 10,
        "2": 71,
        "3": 472,
        "4": 3064,
        "5": 10461,
        "6": 26253
    },
    "26388": {
        "0": 1,
        "1": 1,
        "2": 9,
        "3": 59,
        "4": 379,
        "5": 2439,
        "6": 6811
    },
    "26389": {
        "0": 1,
        "1": 9,
        "2": 77,
        "3": 679,
        "4": 5945,
        "5": 19197,
        "6": 37463
    },
    "26390": {
        "0": 1,
        "1": 8,
        "2": 62,
        "3": 489,
        "4": 3844,
        "5": 11057,
        "6": 22472
    },
    "26391": {
        "0": 1,
        "1": 1,
        "2": 9,
        "3": 77,
        "4": 673,
        "5": 5825,
        "6": 19877
    },
    "26392": {
        "0": 1,
        "1": 1,
        "2": 1,
        "3": 10,
        "4": 70,
        "5": 496,
        "6": 3482
    },
    "26393": {
        "0": 1,
        "1": 11,
        "2": 96,
        "3": 838,
        "4": 7216,
        "5": 28981,
        "6": 75547
    },
    "26394": {
        "0": 1,
        "1": 1,
        "2": 1,
        "3": 1,
        "4": 11,
        "5": 85,
        "6": 608
    },
    "26395": {
        "0": 1,
        "1": 1,
        "2": 1,
        "3": 1,
        "4": 1,
        "5": 11,
        "6": 88
    },
    "26396": {
        "0": 1,
        "1": 1,
        "2": 1,
        "3": 9,
        "4": 76,
        "5": 655,
        "6": 5660
    },
    "26397": {
        "0": 1,
        "1": 11,
        "2": 92,
        "3": 753,
        "4": 6123,
        "5": 19297,
        "6": 44750
    },
    "26398": {
        "0": 1,
        "1": 1,
        "2": 9,
        "3": 70,
        "4": 522,
        "5": 3840,
        "6": 10845
    },
    "26399": {
        "0": 1,
        "1": 9,
        "2": 79,
        "3": 672,
        "4": 5619,
        "5": 18062,
        "6": 39983
    }
}