{
    "24700": {
        "0": 1,
        "1": 9,
        "2": 70,
        "3": 536,
        "4": 4116,
        "5": 12604,
        "6": 25882
    },
    "24701": {
        "0": 1,
        "1": 13,
        "2": 95,
        "3": 624,
        "4": 4131,
        "5": 17298,
        "6": 49502
    },
    "24702": {
        "0": 1,
        "1": 11,
        "2": 98,
        "3": 850,
        "4": 7237,
        "5": 30303,
        "6": 81482
    },
    "24703": {
        "0": 1,
        "1": 11,
        "2": 92,
        "3": 762,
        "4": 6252,
        "5": 20785,
        "6": 42753
    },
    "24704": {
        "0": 1,
        "1": 1,
        "2": 1,
        "3": 8,
        "4": 54,
        "5": 371,
        "6": 2570
    },
    "24705": {
        "0": 1,
        "1": 1,
        "2": 9,
        "3": 78,
        "4": 658,
        "5": 5587,
        "6": 14900
    },
    "24706": {
        "0": 1,
        "1": 10,
        "2": 77,
        "3": 577,
        "4": 4249,
        "5": 13927,
        "6": 27608
    },
    "24707": {
        "0": 1,
        "1": 10,
        "2": 78,
        "3": 593,
        "4": 4524,
        "5": 15506,
        "6": 40683
    },
    "24708": {
        "0": 1,
        "1": 1,
        "2": 10,
        "3": 74,
        "4": 547,
        "5": 4018,
        "6": 12188
    },
    "24709": {
        "0": 1,
        "1": 1,
        "2": 9,
        "3": 75,
        "4": 635,
        "5": 5333,
        "6": 14296
    },
    "24710": {
        "0": 1,
        "1": 10,
        "2": 77,
        "3": 578,
        "4": 4304,
        "5": 14317,
        "6": 35170
    },
    "24711": {
        "0": 1,
        "1": 1,
        "2": 10,
        "3": 77,
        "4": 592,
        "5": 4520,
        "6": 16639
    },
    "24712": {
        "0": 1,
        "1": 8,
        "2": 64,
        "3": 493,
        "4": 3697,
        "5": 9954,
        "6": 17644
    },
    "24713": {
        "0": 1,
        "1": 9,
        "2": 67,
        "3": 503,
        "4": 3821,
        "5": 10066,
        "6": 20357
    },
    "24714": {
        "0": 1,
        "1": 1,
        "2": 1,
        "3": 9,
        "4": 62,
        "5": 405,
        "6": 2647
    },
    "24715": {
        "0": 1,
        "1": 1,
        "2": 9,
        "3": 63,
        "4": 425,
        "5": 2798,
        "6": 9235
    },
    "24716": {
        "0": 1,
        "1": 11,
        "2": 99,
        "3": 863,
        "4": 7384,
        "5": 30141,
        "6": 79008
    },
    "24717": {
        "0": 1,
        "1": 1,
        "2": 1,
        "3": 13,
        "4": 105,
        "5": 779,
        "6": 5675
    },
    "24718": {
        "0": 1,
        "1": 1,
        "2": 1,
        "3": 9,
        "4": 77,
        "5": 643,
        "6": 5179
    },
    "24719": {
        "0": 1,
        "1": 1,
        "2": 1,
        "3": 12,
        "4": 104,
        "5": 868,
        "6": 7133
    },
    "24720": {
        "0": 1,
        "1": 9,
        "2": 67,
        "3": 486,
        "4": 3520,
        "5": 8163,
        "6": 15501
    },
    "24721": {
        "0": 1,
        "1": 10,
        "2": 76,
        "3": 563,
        "4": 4143,
        "5": 12975,
        "6": 35495
    },
    "24722": {
        "0": 1,
        "1": 1,
        "2": 1,
        "3": 11,
        "4": 96,
        "5": 819,
        "6": 6937
    },
    "24723": {
        "0": 1,
        "1": 1,
        "2": 10,
        "3": 84,
        "4": 693,
        "5": 5680,
        "6": 16189
    },
    "24724": {
        "0": 1,
        "1": 8,
        "2": 61,
        "3": 474,
        "4": 3664,
        "5": 9210,
        "6": 18632
    },
    "24725": {
        "0": 1,
        "1": 1,
        "2": 10,
        "3": 71,
        "4": 486,
        "5": 3289,
        "6": 12970
    },
    "24726": {
        "0": 1,
        "1": 1,
        "2": 10,
        "3": 86,
        "4": 745,
        "5": 6377,
        "6": 23707
    },
    "24727": {
        "0": 1,
        "1": 8,
        "2": 71,
        "3": 619,
        "4": 5321,
        "5": 15358,
        "6": 34385
    },
    "24728": {
        "0": 1,
        "1": 8,
        "2": 69,
        "3": 578,
        "4": 4761,
        "5": 8824,
        "6": 12617
    },
    "24729": {
        "0": 1,
        "1": 10,
        "2": 74,
        "3": 522,
        "4": 3639,
        "5": 7909,
        "6": 15342
    },
    "24730": {
        "0": 1,
        "1": 9,
        "2": 80,
        "3": 701,
        "4": 6029,
        "5": 20935,
        "6": 48129
    },
    "24731": {
        "0": 1,
        "1": 10,
        "2": 76,
        "3": 585,
        "4": 4498,
        "5": 15585,
        "6": 32149
    },
    "24732": {
        "0": 1,
        "1": 11,
        "2": 98,
        "3": 842,
        "4": 7059,
        "5": 28411,
        "6": 77023
    },
    "24733": {
        "0": 1,
        "1": 12,
        "2": 100,
        "3": 748,
        "4": 5333,
        "5": 21495,
        "6": 61974
    },
    "24734": {
        "0": 1,
        "1": 1,
        "2": 12,
        "3": 85,
        "4": 565,
        "5": 3814,
        "6": 15561
    },
    "24735": {
        "0": 1,
        "1": 1,
        "2": 10,
        "3": 83,
        "4": 697,
        "5": 5889,
        "6": 17497
    },
    "24736": {
        "0": 1,
        "1": 1,
        "2": 8,
        "3": 67,
        "4": 562,
        "5": 4747,
        "6": 7769
    },
    "24737": {
        "0": 1,
        "1": 1,
        "2": 11,
        "3": 90,
        "4": 709,
        "5": 5523,
        "6": 23768
    },
    "24738": {
        "0": 1,
        "1": 1,
        "2": 10,
        "3": 89,
        "4": 782,
        "5": 6683,
        "6": 28038
    },
    "24739": {
        "0": 1,
        "1": 1,
        "2": 11,
        "3": 94,
        "4": 801,
        "5": 6801,
        "6": 25068
    },
    "24740": {
        "0": 1,
        "1": 1,
        "2": 1,
        "3": 10,
        "4": 79,
        "5": 607,
        "6": 4669
    },
    "24741": {
        "0": 1,
        "1": 9,
        "2": 73,
        "3": 547,
        "4": 3966,
        "5": 12648,
        "6": 28323
    },
    "24742": {
        "0": 1,
        "1": 9,
        "2": 77,
        "3": 646,
        "4": 5363,
        "5": 16187,
        "6": 35709
    },
    "24743": {
        "0": 1,
        "1": 1,
        "2": 12,
        "3": 98,
        "4": 809,
        "5": 6603,
        "6": 23461
    },
    "24744": {
        "0": 1,
        "1": 1,
        "2": 1,
        "3": 1,
        "4": 1,
        "5": 11,
        "6": 77
    },
    "24745": {
        "0": 1,
        "1": 1,
        "2": 11,
        "3": 86,
        "4": 640,
        "5": 4727,
        "6": 15789
    },
    "24746": {
        "0": 1,
        "1": 9,
        "2": 76,
        "3": 643,
        "4": 5294,
        "5": 15016,
        "6": 28820
    },
    "24747": {
        "0": 1,
        "1": 10,
        "2": 72,
        "3": 519,
        "4": 3700,
        "5": 8999,
        "6": 16692
    },
    "24748": {
        "0": 1,
        "1": 12,
        "2": 103,
        "3": 841,
        "4": 6826,
        "5": 25302,
        "6": 59993
    },
    "24749": {
        "0": 1,
        "1": 10,
        "2": 80,
        "3": 612,
        "4": 4612,
        "5": 17159,
        "6": 47514
    },
    "24750": {
        "0": 1,
        "1": 12,
        "2": 95,
        "3": 716,
        "4": 5361,
        "5": 20904,
        "6": 57249
    },
    "24751": {
        "0": 1,
        "1": 1,
        "2": 1,
        "3": 1,
        "4": 10,
        "5": 83,
        "6": 683
    },
    "24752": {
        "0": 1,
        "1": 11,
        "2": 102,
        "3": 912,
        "4": 8035,
        "5": 37151,
        "6": 120897
    },
    "24753": {
        "0": 1,
        "1": 11,
        "2": 91,
        "3": 744,
        "4": 6059,
        "5": 17751,
        "6": 41525
    },
    "24754": {
        "0": 1,
        "1": 1,
        "2": 10,
        "3": 80,
        "4": 644,
        "5": 5095,
        "6": 12474
    },
    "24755": {
        "0": 1,
        "1": 9,
        "2": 69,
        "3": 542,
        "4": 4299,
        "5": 15082,
        "6": 38236
    },
    "24756": {
        "0": 1,
        "1": 9,
        "2": 80,
        "3": 698,
        "4": 6026,
        "5": 19324,
        "6": 42185
    },
    "24757": {
        "0": 1,
        "1": 9,
        "2": 67,
        "3": 502,
        "4": 3740,
        "5": 10597,
        "6": 17511
    },
    "24758": {
        "0": 1,
        "1": 1,
        "2": 8,
        "3": 68,
        "4": 564,
        "5": 4606,
        "6": 9070
    },
    "24759": {
        "0": 1,
        "1": 11,
        "2": 90,
        "3": 732,
        "4": 5878,
        "5": 19035,
        "6": 39048
    },
    "24760": {
        "0": 1,
        "1": 1,
        "2": 1,
        "3": 10,
        "4": 85,
        "5": 723,
        "6": 6092
    },
    "24761": {
        "0": 1,
        "1": 10,
        "2": 79,
        "3": 612,
        "4": 4720,
        "5": 17368,
        "6": 40417
    },
    "24762": {
        "0": 1,
        "1": 1,
        "2": 1,
        "3": 12,
        "4": 104,
        "5": 886,
        "6": 7503
    },
    "24763": {
        "0": 1,
        "1": 1,
        "2": 11,
        "3": 84,
        "4": 623,
        "5": 4603,
        "6": 16662
    },
    "24764": {
        "0": 1,
        "1": 10,
        "2": 84,
        "3": 690,
        "4": 5704,
        "5": 17251,
        "6": 37509
    },
    "24765": {
        "0": 1,
        "1": 1,
        "2": 9,
        "3": 62,
        "4": 435,
        "5": 3022,
        "6": 10753
    },
    "24766": {
        "0": 1,
        "1": 11,
        "2": 87,
        "3": 664,
        "4": 5084,
        "5": 20005,
        "6": 56734
    },
    "24767": {
        "0": 1,
        "1": 1,
        "2": 11,
        "3": 87,
        "4": 665,
        "5": 5025,
        "6": 18800
    },
    "24768": {
        "0": 1,
        "1": 1,
        "2": 1,
        "3": 10,
        "4": 80,
        "5": 626,
        "6": 4837
    },
    "24769": {
        "0": 1,
        "1": 10,
        "2": 83,
        "3": 712,
        "4": 6023,
        "5": 20409,
        "6": 43933
    },
    "24770": {
        "0": 1,
        "1": 1,
        "2": 9,
        "3": 69,
        "4": 535,
        "5": 4074,
        "6": 13557
    },
    "24771": {
        "0": 1,
        "1": 1,
        "2": 9,
        "3": 65,
        "4": 475,
        "5": 3470,
        "6": 8228
    },
    "24772": {
        "0": 1,
        "1": 11,
        "2": 95,
        "3": 810,
        "4": 6787,
        "5": 26304,
        "6": 69973
    },
    "24773": {
        "0": 1,
        "1": 11,
        "2": 95,
        "3": 800,
        "4": 6642,
        "5": 24457,
        "6": 55776
    },
    "24774": {
        "0": 1,
        "1": 9,
        "2": 67,
        "3": 493,
        "4": 3635,
        "5": 9473,
        "6": 18454
    },
    "24775": {
        "0": 1,
        "1": 12,
        "2": 97,
        "3": 793,
        "4": 6590,
        "5": 22758,
        "6": 48361
    },
    "24776": {
        "0": 1,
        "1": 1,
        "2": 11,
        "3": 90,
        "4": 693,
        "5": 5138,
        "6": 20021
    },
    "24777": {
        "0": 1,
        "1": 10,
        "2": 87,
        "3": 748,
        "4": 6396,
        "5": 21823,
        "6": 49987
    },
    "24778": {
        "0": 1,
        "1": 1,
        "2": 1,
        "3": 9,
        "4": 76,
        "5": 662,
        "6": 5721
    },
    "24779": {
        "0": 1,
        "1": 1,
        "2": 11,
        "3": 62,
        "4": 308,
        "5": 1651,
        "6": 6916
    },
    "24780": {
        "0": 1,
        "1": 1,
        "2": 10,
        "3": 87,
        "4": 747,
        "5": 6369,
        "6": 21370
    },
    "24781": {
        "0": 1,
        "1": 1,
        "2": 1,
        "3": 9,
        "4": 78,
        "5": 682,
        "6": 5908
    },
    "24782": {
        "0": 1,
        "1": 1,
        "2": 10,
        "3": 87,
        "4": 772,
        "5": 6774,
        "6": 26165
    },
    "24783": {
        "0": 1,
        "1": 1,
        "2": 10,
        "3": 87,
        "4": 751,
        "5": 6484,
        "6": 23401
    },
    "24784": {
        "0": 1,
        "1": 1,
        "2": 1,
        "3": 12,
        "4": 95,
        "5": 719,
        "6": 5507
    },
    "24785": {
        "0": 1,
        "1": 1,
        "2": 1,
        "3": 12,
        "4": 102,
        "5": 866,
        "6": 7332
    },
    "24786": {
        "0": 1,
        "1": 10,
        "2": 75,
        "3": 542,
        "4": 3879,
        "5": 10460,
        "6": 22904
    },
    "24787": {
        "0": 1,
        "1": 11,
        "2": 92,
        "3": 745,
        "4": 5900,
        "5": 18328,
        "6": 37890
    },
    "24788": {
        "0": 1,
        "1": 1,
        "2": 11,
        "3": 96,
        "4": 816,
        "5": 6761,
        "6": 25082
    },
    "24789": {
        "0": 1,
        "1": 11,
        "2": 88,
        "3": 670,
        "4": 5045,
        "5": 18644,
        "6": 46244
    },
    "24790": {
        "0": 1,
        "1": 12,
        "2": 103,
        "3": 869,
        "4": 7252,
        "5": 29810,
        "6": 76291
    },
    "24791": {
        "0": 1,
        "1": 1,
        "2": 9,
        "3": 61,
        "4": 414,
        "5": 2790,
        "6": 9736
    },
    "24792": {
        "0": 1,
        "1": 12,
        "2": 93,
        "3": 677,
        "4": 4889,
        "5": 17982,
        "6": 47330
    },
    "24793": {
        "0": 1,
        "1": 1,
        "2": 1,
        "3": 11,
        "4": 80,
        "5": 547,
        "6": 3752
    },
    "24794": {
        "0": 1,
        "1": 1,
        "2": 9,
        "3": 70,
        "4": 528,
        "5": 3918,
        "6": 13235
    },
    "24795": {
        "0": 1,
        "1": 10,
        "2": 70,
        "3": 476,
        "4": 3212,
        "5": 11317,
        "6": 27591
    },
    "24796": {
        "0": 1,
        "1": 1,
        "2": 1,
        "3": 11,
        "4": 92,
        "5": 753,
        "6": 6116
    },
    "24797": {
        "0": 1,
        "1": 1,
        "2": 1,
        "3": 10,
        "4": 70,
        "5": 471,
        "6": 3147
    },
    "24798": {
        "0": 1,
        "1": 1,
        "2": 10,
        "3": 80,
        "4": 648,
        "5": 5142,
        "6": 12723
    },
    "24799": {
        "0": 1,
        "1": 1,
        "2": 1,
        "3": 1,
        "4": 1,
        "5": 12,
        "6": 110
    }
}