{
    "20100": {
        "0": 1,
        "1": 1,
        "2": 11,
        "3": 86,
        "4": 640,
        "5": 4767,
        "6": 16590
    },
    "20101": {
        "0": 1,
        "1": 1,
        "2": 10,
        "3": 76,
        "4": 582,
        "5": 4443,
        "6": 14651
    },
    "20102": {
        "0": 1,
        "1": 10,
        "2": 82,
        "3": 674,
        "4": 5530,
        "5": 14558,
        "6": 28833
    },
    "20103": {
        "0": 1,
        "1": 1,
        "2": 1,
        "3": 9,
        "4": 77,
        "5": 656,
        "6": 5461
    },
    "20104": {
        "0": 1,
        "1": 1,
        "2": 11,
        "3": 82,
        "4": 610,
        "5": 4572,
        "6": 15131
    },
    "20105": {
        "0": 1,
        "1": 11,
        "2": 87,
        "3": 661,
        "4": 4995,
        "5": 18818,
        "6": 56179
    },
    "20106": {
        "0": 1,
        "1": 1,
        "2": 1,
        "3": 10,
        "4": 82,
        "5": 678,
        "6": 5580
    },
    "20107": {
        "0": 1,
        "1": 11,
        "2": 93,
        "3": 778,
        "4": 6444,
        "5": 22849,
        "6": 56102
    },
    "20108": {
        "0": 1,
        "1": 1,
        "2": 1,
        "3": 1,
        "4": 1,
        "5": 10,
        "6": 76
    },
    "20109": {
        "0": 1,
        "1": 1,
        "2": 1,
        "3": 11,
        "4": 83,
        "5": 627,
        "6": 4741
    },
    "20110": {
        "0": 1,
        "1": 1,
        "2": 10,
        "3": 86,
        "4": 729,
        "5": 6101,
        "6": 20364
    },
    "20111": {
        "0": 1,
        "1": 1,
        "2": 11,
        "3": 94,
        "4": 780,
        "5": 6331,
        "6": 22658
    },
    "20112": {
        "0": 1,
        "1": 11,
        "2": 88,
        "3": 724,
        "4": 5998,
        "5": 17363,
        "6": 25611
    },
    "20113": {
        "0": 1,
        "1": 1,
        "2": 11,
        "3": 85,
        "4": 610,
        "5": 4320,
        "6": 14991
    },
    "20114": {
        "0": 1,
        "1": 1,
        "2": 1,
        "3": 9,
        "4": 61,
        "5": 425,
        "6": 2912
    },
    "20115": {
        "0": 1,
        "1": 1,
        "2": 1,
        "3": 9,
        "4": 77,
        "5": 657,
        "6": 5476
    },
    "20116": {
        "0": 1,
        "1": 1,
        "2": 10,
        "3": 77,
        "4": 609,
        "5": 4818,
        "6": 18683
    },
    "20117": {
        "0": 1,
        "1": 9,
        "2": 79,
        "3": 677,
        "4": 5689,
        "5": 15389,
        "6": 33415
    },
    "20118": {
        "0": 1,
        "1": 10,
        "2": 84,
        "3": 715,
        "4": 5913,
        "5": 20328,
        "6": 42733
    },
    "20119": {
        "0": 1,
        "1": 1,
        "2": 10,
        "3": 69,
        "4": 466,
        "5": 3113,
        "6": 11630
    },
    "20120": {
        "0": 1,
        "1": 1,
        "2": 11,
        "3": 87,
        "4": 625,
        "5": 4352,
        "6": 14531
    },
    "20121": {
        "0": 1,
        "1": 1,
        "2": 1,
        "3": 11,
        "4": 91,
        "5": 764,
        "6": 6311
    },
    "20122": {
        "0": 1,
        "1": 1,
        "2": 1,
        "3": 10,
        "4": 86,
        "5": 717,
        "6": 5922
    },
    "20123": {
        "0": 1,
        "1": 1,
        "2": 13,
        "3": 115,
        "4": 948,
        "5": 7563,
        "6": 33884
    },
    "20124": {
        "0": 1,
        "1": 10,
        "2": 78,
        "3": 609,
        "4": 4704,
        "5": 17122,
        "6": 46848
    },
    "20125": {
        "0": 1,
        "1": 11,
        "2": 93,
        "3": 786,
        "4": 6521,
        "5": 23726,
        "6": 54271
    },
    "20126": {
        "0": 1,
        "1": 1,
        "2": 1,
        "3": 9,
        "4": 76,
        "5": 629,
        "6": 5157
    },
    "20127": {
        "0": 1,
        "1": 11,
        "2": 96,
        "3": 826,
        "4": 7069,
        "5": 27836,
        "6": 68053
    },
    "20128": {
        "0": 1,
        "1": 1,
        "2": 11,
        "3": 86,
        "4": 637,
        "5": 4677,
        "6": 16872
    },
    "20129": {
        "0": 1,
        "1": 1,
        "2": 1,
        "3": 11,
        "4": 85,
        "5": 642,
        "6": 4882
    },
    "20130": {
        "0": 1,
        "1": 1,
        "2": 1,
        "3": 9,
        "4": 73,
        "5": 605,
        "6": 4963
    },
    "20131": {
        "0": 1,
        "1": 1,
        "2": 1,
        "3": 10,
        "4": 66,
        "5": 441,
        "6": 3016
    },
    "20132": {
        "0": 1,
        "1": 1,
        "2": 1,
        "3": 12,
        "4": 105,
        "5": 871,
        "6": 7113
    },
    "20133": {
        "0": 1,
        "1": 1,
        "2": 1,
        "3": 13,
        "4": 116,
        "5": 956,
        "6": 7689
    },
    "20134": {
        "0": 1,
        "1": 1,
        "2": 1,
        "3": 15,
        "4": 135,
        "5": 1091,
        "6": 8549
    },
    "20135": {
        "0": 1,
        "1": 10,
        "2": 77,
        "3": 580,
        "4": 4422,
        "5": 15023,
        "6": 35503
    },
    "20136": {
        "0": 1,
        "1": 1,
        "2": 10,
        "3": 78,
        "4": 586,
        "5": 4389,
        "6": 15683
    },
    "20137": {
        "0": 1,
        "1": 12,
        "2": 105,
        "3": 893,
        "4": 7575,
        "5": 31226,
        "6": 80555
    },
    "20138": {
        "0": 1,
        "1": 9,
        "2": 74,
        "3": 581,
        "4": 4453,
        "5": 17696,
        "6": 49281
    },
    "20139": {
        "0": 1,
        "1": 11,
        "2": 93,
        "3": 788,
        "4": 6611,
        "5": 24628,
        "6": 65904
    },
    "20140": {
        "0": 1,
        "1": 9,
        "2": 72,
        "3": 569,
        "4": 4495,
        "5": 16298,
        "6": 41342
    },
    "20141": {
        "0": 1,
        "1": 10,
        "2": 80,
        "3": 631,
        "4": 4972,
        "5": 19352,
        "6": 52138
    },
    "20142": {
        "0": 1,
        "1": 1,
        "2": 11,
        "3": 89,
        "4": 734,
        "5": 6071,
        "6": 20110
    },
    "20143": {
        "0": 1,
        "1": 1,
        "2": 11,
        "3": 93,
        "4": 769,
        "5": 6324,
        "6": 21912
    },
    "20144": {
        "0": 1,
        "1": 10,
        "2": 86,
        "3": 725,
        "4": 6094,
        "5": 20737,
        "6": 44731
    },
    "20145": {
        "0": 1,
        "1": 9,
        "2": 70,
        "3": 528,
        "4": 4001,
        "5": 11260,
        "6": 25942
    },
    "20146": {
        "0": 1,
        "1": 1,
        "2": 9,
        "3": 78,
        "4": 676,
        "5": 5825,
        "6": 19519
    },
    "20147": {
        "0": 1,
        "1": 1,
        "2": 13,
        "3": 96,
        "4": 628,
        "5": 4054,
        "6": 16932
    },
    "20148": {
        "0": 1,
        "1": 1,
        "2": 11,
        "3": 86,
        "4": 649,
        "5": 4934,
        "6": 18491
    },
    "20149": {
        "0": 1,
        "1": 11,
        "2": 95,
        "3": 813,
        "4": 6816,
        "5": 26194,
        "6": 67034
    },
    "20150": {
        "0": 1,
        "1": 13,
        "2": 101,
        "3": 712,
        "4": 4886,
        "5": 17579,
        "6": 44807
    },
    "20151": {
        "0": 1,
        "1": 9,
        "2": 78,
        "3": 674,
        "4": 5729,
        "5": 17850,
        "6": 36243
    },
    "20152": {
        "0": 1,
        "1": 1,
        "2": 10,
        "3": 74,
        "4": 558,
        "5": 4198,
        "6": 14181
    },
    "20153": {
        "0": 1,
        "1": 9,
        "2": 78,
        "3": 675,
        "4": 5856,
        "5": 18036,
        "6": 36886
    },
    "20154": {
        "0": 1,
        "1": 10,
        "2": 85,
        "3": 729,
        "4": 6217,
        "5": 20344,
        "6": 41353
    },
    "20155": {
        "0": 1,
        "1": 1,
        "2": 12,
        "3": 110,
        "4": 938,
        "5": 7813,
        "6": 34351
    },
    "20156": {
        "0": 1,
        "1": 1,
        "2": 1,
        "3": 1,
        "4": 11,
        "5": 88,
        "6": 672
    },
    "20157": {
        "0": 1,
        "1": 1,
        "2": 1,
        "3": 1,
        "4": 1,
        "5": 11,
        "6": 93
    },
    "20158": {
        "0": 1,
        "1": 1,
        "2": 1,
        "3": 14,
        "4": 132,
        "5": 1123,
        "6": 9167
    },
    "20159": {
        "0": 1,
        "1": 11,
        "2": 90,
        "3": 698,
        "4": 5306,
        "5": 22818,
        "6": 68841
    },
    "20160": {
        "0": 1,
        "1": 1,
        "2": 1,
        "3": 1,
        "4": 1,
        "5": 10,
        "6": 85
    },
    "20161": {
        "0": 1,
        "1": 1,
        "2": 10,
        "3": 92,
        "4": 810,
        "5": 6968,
        "6": 28691
    },
    "20162": {
        "0": 1,
        "1": 1,
        "2": 10,
        "3": 88,
        "4": 722,
        "5": 5855,
        "6": 17095
    },
    "20163": {
        "0": 1,
        "1": 12,
        "2": 93,
        "3": 682,
        "4": 4998,
        "5": 17761,
        "6": 43945
    },
    "20164": {
        "0": 1,
        "1": 1,
        "2": 11,
        "3": 88,
        "4": 671,
        "5": 5099,
        "6": 19638
    },
    "20165": {
        "0": 1,
        "1": 8,
        "2": 66,
        "3": 546,
        "4": 4556,
        "5": 5766,
        "6": 6028
    },
    "20166": {
        "0": 1,
        "1": 8,
        "2": 69,
        "3": 598,
        "4": 5178,
        "5": 12187,
        "6": 22883
    },
    "20167": {
        "0": 1,
        "1": 1,
        "2": 11,
        "3": 98,
        "4": 846,
        "5": 7186,
        "6": 30261
    },
    "20168": {
        "0": 1,
        "1": 1,
        "2": 1,
        "3": 14,
        "4": 127,
        "5": 1085,
        "6": 9183
    },
    "20169": {
        "0": 1,
        "1": 1,
        "2": 8,
        "3": 63,
        "4": 494,
        "5": 3885,
        "6": 11447
    },
    "20170": {
        "0": 1,
        "1": 1,
        "2": 11,
        "3": 79,
        "4": 533,
        "5": 3552,
        "6": 14503
    },
    "20171": {
        "0": 1,
        "1": 1,
        "2": 8,
        "3": 69,
        "4": 602,
        "5": 5273,
        "6": 13856
    },
    "20172": {
        "0": 1,
        "1": 1,
        "2": 11,
        "3": 87,
        "4": 637,
        "5": 4645,
        "6": 16643
    },
    "20173": {
        "0": 1,
        "1": 8,
        "2": 57,
        "3": 403,
        "4": 2835,
        "5": 9439,
        "6": 26849
    },
    "20174": {
        "0": 1,
        "1": 1,
        "2": 12,
        "3": 99,
        "4": 773,
        "5": 5994,
        "6": 27081
    },
    "20175": {
        "0": 1,
        "1": 1,
        "2": 1,
        "3": 10,
        "4": 75,
        "5": 532,
        "6": 3689
    },
    "20176": {
        "0": 1,
        "1": 1,
        "2": 1,
        "3": 1,
        "4": 13,
        "5": 95,
        "6": 591
    },
    "20177": {
        "0": 1,
        "1": 10,
        "2": 83,
        "3": 671,
        "4": 5267,
        "5": 15211,
        "6": 29083
    },
    "20178": {
        "0": 1,
        "1": 12,
        "2": 102,
        "3": 813,
        "4": 6257,
        "5": 22019,
        "6": 54729
    },
    "20179": {
        "0": 1,
        "1": 9,
        "2": 76,
        "3": 646,
        "4": 5398,
        "5": 17002,
        "6": 38084
    },
    "20180": {
        "0": 1,
        "1": 9,
        "2": 71,
        "3": 571,
        "4": 4623,
        "5": 7406,
        "6": 12105
    },
    "20181": {
        "0": 1,
        "1": 11,
        "2": 94,
        "3": 800,
        "4": 6797,
        "5": 25031,
        "6": 59956
    },
    "20182": {
        "0": 1,
        "1": 1,
        "2": 1,
        "3": 10,
        "4": 81,
        "5": 628,
        "6": 4693
    },
    "20183": {
        "0": 1,
        "1": 1,
        "2": 1,
        "3": 11,
        "4": 90,
        "5": 747,
        "6": 6117
    },
    "20184": {
        "0": 1,
        "1": 11,
        "2": 97,
        "3": 814,
        "4": 6719,
        "5": 24860,
        "6": 60681
    },
    "20185": {
        "0": 1,
        "1": 11,
        "2": 85,
        "3": 644,
        "4": 4882,
        "5": 19582,
        "6": 54495
    },
    "20186": {
        "0": 1,
        "1": 1,
        "2": 11,
        "3": 94,
        "4": 775,
        "5": 6378,
        "6": 22427
    },
    "20187": {
        "0": 1,
        "1": 1,
        "2": 1,
        "3": 1,
        "4": 9,
        "5": 76,
        "6": 639
    },
    "20188": {
        "0": 1,
        "1": 13,
        "2": 102,
        "3": 710,
        "4": 4785,
        "5": 18257,
        "6": 53917
    },
    "20189": {
        "0": 1,
        "1": 1,
        "2": 13,
        "3": 104,
        "4": 766,
        "5": 5634,
        "6": 24185
    },
    "20190": {
        "0": 1,
        "1": 1,
        "2": 11,
        "3": 87,
        "4": 677,
        "5": 5293,
        "6": 22104
    },
    "20191": {
        "0": 1,
        "1": 1,
        "2": 1,
        "3": 10,
        "4": 77,
        "5": 591,
        "6": 4517
    },
    "20192": {
        "0": 1,
        "1": 1,
        "2": 11,
        "3": 91,
        "4": 726,
        "5": 5598,
        "6": 15821
    },
    "20193": {
        "0": 1,
        "1": 9,
        "2": 80,
        "3": 708,
        "4": 6174,
        "5": 23002,
        "6": 62001
    },
    "20194": {
        "0": 1,
        "1": 1,
        "2": 1,
        "3": 10,
        "4": 83,
        "5": 703,
        "6": 6002
    },
    "20195": {
        "0": 1,
        "1": 1,
        "2": 11,
        "3": 88,
        "4": 661,
        "5": 4796,
        "6": 18870
    },
    "20196": {
        "0": 1,
        "1": 1,
        "2": 11,
        "3": 76,
        "4": 504,
        "5": 3391,
        "6": 12661
    },
    "20197": {
        "0": 1,
        "1": 1,
        "2": 11,
        "3": 96,
        "4": 822,
        "5": 7035,
        "6": 27491
    },
    "20198": {
        "0": 1,
        "1": 1,
        "2": 1,
        "3": 12,
        "4": 105,
        "5": 913,
        "6": 7883
    },
    "20199": {
        "0": 1,
        "1": 12,
        "2": 103,
        "3": 865,
        "4": 7230,
        "5": 29994,
        "6": 82567
    }
}