{
    "31900": {
        "0": 1,
        "1": 10,
        "2": 83,
        "3": 687,
        "4": 5699,
        "5": 17548,
        "6": 41890
    },
    "31901": {
        "0": 1,
        "1": 12,
        "2": 87,
        "3": 589,
        "4": 4006,
        "5": 16954,
        "6": 48345
    },
    "31902": {
        "0": 1,
        "1": 10,
        "2": 81,
        "3": 670,
        "4": 5582,
        "5": 14471,
        "6": 22549
    },
    "31903": {
        "0": 1,
        "1": 12,
        "2": 101,
        "3": 849,
        "4": 7133,
        "5": 27341,
        "6": 61075
    },
    "31904": {
        "0": 1,
        "1": 10,
        "2": 72,
        "3": 517,
        "4": 3776,
        "5": 8840,
        "6": 18479
    },
    "31905": {
        "0": 1,
        "1": 10,
        "2": 75,
        "3": 546,
        "4": 3927,
        "5": 12387,
        "6": 28442
    },
    "31906": {
        "0": 1,
        "1": 12,
        "2": 93,
        "3": 693,
        "4": 5186,
        "5": 20376,
        "6": 58155
    },
    "31907": {
        "0": 1,
        "1": 9,
        "2": 68,
        "3": 533,
        "4": 4191,
        "5": 13775,
        "6": 28556
    },
    "31908": {
        "0": 1,
        "1": 12,
        "2": 96,
        "3": 728,
        "4": 5497,
        "5": 22474,
        "6": 60411
    },
    "31909": {
        "0": 1,
        "1": 8,
        "2": 71,
        "3": 629,
        "4": 5527,
        "5": 15425,
        "6": 32275
    },
    "31910": {
        "0": 1,
        "1": 11,
        "2": 93,
        "3": 780,
        "4": 6402,
        "5": 23940,
        "6": 56841
    },
    "31911": {
        "0": 1,
        "1": 12,
        "2": 101,
        "3": 827,
        "4": 6748,
        "5": 24975,
        "6": 61875
    },
    "31912": {
        "0": 1,
        "1": 1,
        "2": 1,
        "3": 1,
        "4": 12,
        "5": 104,
        "6": 872
    },
    "31913": {
        "0": 1,
        "1": 10,
        "2": 70,
        "3": 462,
        "4": 2939,
        "5": 10538,
        "6": 27931
    },
    "31914": {
        "0": 1,
        "1": 11,
        "2": 94,
        "3": 786,
        "4": 6532,
        "5": 24112,
        "6": 57342
    },
    "31915": {
        "0": 1,
        "1": 1,
        "2": 1,
        "3": 1,
        "4": 1,
        "5": 9,
        "6": 72
    },
    "31916": {
        "0": 1,
        "1": 1,
        "2": 1,
        "3": 8,
        "4": 57,
        "5": 409,
        "6": 3000
    },
    "31917": {
        "0": 1,
        "1": 10,
        "2": 77,
        "3": 578,
        "4": 4298,
        "5": 14601,
        "6": 36091
    },
    "31918": {
        "0": 1,
        "1": 1,
        "2": 11,
        "3": 92,
        "4": 706,
        "5": 5269,
        "6": 23250
    },
    "31919": {
        "0": 1,
        "1": 1,
        "2": 11,
        "3": 96,
        "4": 812,
        "5": 6643,
        "6": 25709
    },
    "31920": {
        "0": 1,
        "1": 1,
        "2": 10,
        "3": 76,
        "4": 578,
        "5": 4417,
        "6": 14784
    },
    "31921": {
        "0": 1,
        "1": 1,
        "2": 11,
        "3": 95,
        "4": 817,
        "5": 6940,
        "6": 28212
    },
    "31922": {
        "0": 1,
        "1": 1,
        "2": 11,
        "3": 93,
        "4": 802,
        "5": 6942,
        "6": 27447
    },
    "31923": {
        "0": 1,
        "1": 11,
        "2": 86,
        "3": 639,
        "4": 4752,
        "5": 18090,
        "6": 43168
    },
    "31924": {
        "0": 1,
        "1": 10,
        "2": 75,
        "3": 572,
        "4": 4341,
        "5": 15354,
        "6": 36520
    },
    "31925": {
        "0": 1,
        "1": 11,
        "2": 68,
        "3": 396,
        "4": 2356,
        "5": 9103,
        "6": 26335
    },
    "31926": {
        "0": 1,
        "1": 1,
        "2": 11,
        "3": 93,
        "4": 759,
        "5": 6102,
        "6": 20811
    },
    "31927": {
        "0": 1,
        "1": 9,
        "2": 73,
        "3": 604,
        "4": 4963,
        "5": 10730,
        "6": 18254
    },
    "31928": {
        "0": 1,
        "1": 10,
        "2": 84,
        "3": 690,
        "4": 5533,
        "5": 16237,
        "6": 35901
    },
    "31929": {
        "0": 1,
        "1": 9,
        "2": 65,
        "3": 474,
        "4": 3456,
        "5": 7982,
        "6": 14373
    },
    "31930": {
        "0": 1,
        "1": 11,
        "2": 95,
        "3": 795,
        "4": 6561,
        "5": 23646,
        "6": 60175
    },
    "31931": {
        "0": 1,
        "1": 11,
        "2": 98,
        "3": 844,
        "4": 7140,
        "5": 27243,
        "6": 65860
    },
    "31932": {
        "0": 1,
        "1": 1,
        "2": 1,
        "3": 1,
        "4": 1,
        "5": 1,
        "6": 11
    },
    "31933": {
        "0": 1,
        "1": 10,
        "2": 68,
        "3": 447,
        "4": 2914,
        "5": 9875,
        "6": 24446
    },
    "31934": {
        "0": 1,
        "1": 1,
        "2": 8,
        "3": 61,
        "4": 459,
        "5": 3460,
        "6": 7091
    },
    "31935": {
        "0": 1,
        "1": 1,
        "2": 1,
        "3": 12,
        "4": 103,
        "5": 855,
        "6": 7031
    },
    "31936": {
        "0": 1,
        "1": 8,
        "2": 68,
        "3": 571,
        "4": 4763,
        "5": 9409,
        "6": 17439
    },
    "31937": {
        "0": 1,
        "1": 9,
        "2": 69,
        "3": 510,
        "4": 3691,
        "5": 10961,
        "6": 22861
    },
    "31938": {
        "0": 1,
        "1": 10,
        "2": 82,
        "3": 686,
        "4": 5793,
        "5": 16485,
        "6": 27868
    },
    "31939": {
        "0": 1,
        "1": 11,
        "2": 95,
        "3": 818,
        "4": 7059,
        "5": 28137,
        "6": 75433
    },
    "31940": {
        "0": 1,
        "1": 12,
        "2": 104,
        "3": 894,
        "4": 7541,
        "5": 32840,
        "6": 93212
    },
    "31941": {
        "0": 1,
        "1": 10,
        "2": 77,
        "3": 577,
        "4": 4290,
        "5": 14389,
        "6": 35841
    },
    "31942": {
        "0": 1,
        "1": 9,
        "2": 74,
        "3": 614,
        "4": 5067,
        "5": 11441,
        "6": 19366
    },
    "31943": {
        "0": 1,
        "1": 1,
        "2": 8,
        "3": 70,
        "4": 605,
        "5": 5124,
        "6": 14748
    },
    "31944": {
        "0": 1,
        "1": 1,
        "2": 10,
        "3": 77,
        "4": 601,
        "5": 4636,
        "6": 16543
    },
    "31945": {
        "0": 1,
        "1": 1,
        "2": 1,
        "3": 1,
        "4": 1,
        "5": 10,
        "6": 71
    },
    "31946": {
        "0": 1,
        "1": 1,
        "2": 1,
        "3": 1,
        "4": 1,
        "5": 1,
        "6": 1
    },
    "31947": {
        "0": 1,
        "1": 1,
        "2": 11,
        "3": 92,
        "4": 765,
        "5": 6310,
        "6": 21870
    },
    "31948": {
        "0": 1,
        "1": 10,
        "2": 88,
        "3": 758,
        "4": 6385,
        "5": 25304,
        "6": 66944
    },
    "31949": {
        "0": 1,
        "1": 11,
        "2": 96,
        "3": 816,
        "4": 6871,
        "5": 27052,
        "6": 69991
    },
    "31950": {
        "0": 1,
        "1": 10,
        "2": 89,
        "3": 769,
        "4": 6520,
        "5": 24058,
        "6": 63268
    },
    "31951": {
        "0": 1,
        "1": 9,
        "2": 80,
        "3": 684,
        "4": 5740,
        "5": 19740,
        "6": 43684
    },
    "31952": {
        "0": 1,
        "1": 1,
        "2": 12,
        "3": 106,
        "4": 894,
        "5": 7399,
        "6": 30656
    },
    "31953": {
        "0": 1,
        "1": 11,
        "2": 85,
        "3": 631,
        "4": 4689,
        "5": 15379,
        "6": 36674
    },
    "31954": {
        "0": 1,
        "1": 1,
        "2": 10,
        "3": 85,
        "4": 711,
        "5": 5897,
        "6": 18303
    },
    "31955": {
        "0": 1,
        "1": 13,
        "2": 114,
        "3": 959,
        "4": 8020,
        "5": 36402,
        "6": 110457
    },
    "31956": {
        "0": 1,
        "1": 1,
        "2": 8,
        "3": 59,
        "4": 430,
        "5": 3115,
        "6": 5480
    },
    "31957": {
        "0": 1,
        "1": 12,
        "2": 100,
        "3": 835,
        "4": 7034,
        "5": 26805,
        "6": 66388
    },
    "31958": {
        "0": 1,
        "1": 10,
        "2": 56,
        "3": 320,
        "4": 1846,
        "5": 5883,
        "6": 13568
    },
    "31959": {
        "0": 1,
        "1": 1,
        "2": 10,
        "3": 80,
        "4": 631,
        "5": 4890,
        "6": 18277
    },
    "31960": {
        "0": 1,
        "1": 1,
        "2": 10,
        "3": 69,
        "4": 474,
        "5": 3290,
        "6": 12409
    },
    "31961": {
        "0": 1,
        "1": 11,
        "2": 88,
        "3": 681,
        "4": 5185,
        "5": 21539,
        "6": 62237
    },
    "31962": {
        "0": 1,
        "1": 1,
        "2": 1,
        "3": 1,
        "4": 11,
        "5": 82,
        "6": 615
    },
    "31963": {
        "0": 1,
        "1": 8,
        "2": 63,
        "3": 500,
        "4": 3923,
        "5": 13030,
        "6": 30809
    },
    "31964": {
        "0": 1,
        "1": 1,
        "2": 13,
        "3": 110,
        "4": 875,
        "5": 6727,
        "6": 25332
    },
    "31965": {
        "0": 1,
        "1": 1,
        "2": 1,
        "3": 11,
        "4": 94,
        "5": 806,
        "6": 6883
    },
    "31966": {
        "0": 1,
        "1": 1,
        "2": 8,
        "3": 54,
        "4": 375,
        "5": 2619,
        "6": 7948
    },
    "31967": {
        "0": 1,
        "1": 10,
        "2": 77,
        "3": 591,
        "4": 4592,
        "5": 16647,
        "6": 45506
    },
    "31968": {
        "0": 1,
        "1": 1,
        "2": 11,
        "3": 94,
        "4": 796,
        "5": 6673,
        "6": 25599
    },
    "31969": {
        "0": 1,
        "1": 9,
        "2": 77,
        "3": 670,
        "4": 5713,
        "5": 17835,
        "6": 37657
    },
    "31970": {
        "0": 1,
        "1": 11,
        "2": 87,
        "3": 665,
        "4": 5067,
        "5": 19641,
        "6": 51840
    },
    "31971": {
        "0": 1,
        "1": 1,
        "2": 1,
        "3": 12,
        "4": 96,
        "5": 751,
        "6": 5879
    },
    "31972": {
        "0": 1,
        "1": 9,
        "2": 76,
        "3": 640,
        "4": 5415,
        "5": 13287,
        "6": 22945
    },
    "31973": {
        "0": 1,
        "1": 11,
        "2": 91,
        "3": 715,
        "4": 5480,
        "5": 22111,
        "6": 62492
    },
    "31974": {
        "0": 1,
        "1": 10,
        "2": 77,
        "3": 586,
        "4": 4451,
        "5": 16444,
        "6": 42951
    },
    "31975": {
        "0": 1,
        "1": 1,
        "2": 13,
        "3": 103,
        "4": 759,
        "5": 5547,
        "6": 23060
    },
    "31976": {
        "0": 1,
        "1": 11,
        "2": 92,
        "3": 732,
        "4": 5761,
        "5": 25933,
        "6": 79211
    },
    "31977": {
        "0": 1,
        "1": 10,
        "2": 87,
        "3": 738,
        "4": 6143,
        "5": 22651,
        "6": 57407
    },
    "31978": {
        "0": 1,
        "1": 1,
        "2": 1,
        "3": 10,
        "4": 77,
        "5": 564,
        "6": 4127
    },
    "31979": {
        "0": 1,
        "1": 11,
        "2": 91,
        "3": 765,
        "4": 6397,
        "5": 20942,
        "6": 39969
    },
    "31980": {
        "0": 1,
        "1": 9,
        "2": 66,
        "3": 489,
        "4": 3665,
        "5": 8505,
        "6": 16499
    },
    "31981": {
        "0": 1,
        "1": 1,
        "2": 12,
        "3": 106,
        "4": 880,
        "5": 7143,
        "6": 29622
    },
    "31982": {
        "0": 1,
        "1": 12,
        "2": 95,
        "3": 722,
        "4": 5480,
        "5": 24207,
        "6": 66579
    },
    "31983": {
        "0": 1,
        "1": 1,
        "2": 11,
        "3": 87,
        "4": 681,
        "5": 5304,
        "6": 22102
    },
    "31984": {
        "0": 1,
        "1": 10,
        "2": 84,
        "3": 711,
        "4": 5962,
        "5": 19512,
        "6": 37990
    },
    "31985": {
        "0": 1,
        "1": 12,
        "2": 106,
        "3": 894,
        "4": 7444,
        "5": 29078,
        "6": 68513
    },
    "31986": {
        "0": 1,
        "1": 1,
        "2": 12,
        "3": 102,
        "4": 899,
        "5": 7818,
        "6": 35189
    },
    "31987": {
        "0": 1,
        "1": 1,
        "2": 10,
        "3": 78,
        "4": 603,
        "5": 4631,
        "6": 16460
    },
    "31988": {
        "0": 1,
        "1": 9,
        "2": 54,
        "3": 330,
        "4": 2050,
        "5": 7841,
        "6": 19517
    },
    "31989": {
        "0": 1,
        "1": 1,
        "2": 1,
        "3": 1,
        "4": 10,
        "5": 77,
        "6": 586
    },
    "31990": {
        "0": 1,
        "1": 1,
        "2": 9,
        "3": 64,
        "4": 446,
        "5": 3074,
        "6": 10654
    },
    "31991": {
        "0": 1,
        "1": 1,
        "2": 11,
        "3": 93,
        "4": 778,
        "5": 6456,
        "6": 23339
    },
    "31992": {
        "0": 1,
        "1": 9,
        "2": 68,
        "3": 541,
        "4": 4295,
        "5": 14639,
        "6": 32395
    },
    "31993": {
        "0": 1,
        "1": 13,
        "2": 105,
        "3": 791,
        "4": 5880,
        "5": 26313,
        "6": 77742
    },
    "31994": {
        "0": 1,
        "1": 11,
        "2": 86,
        "3": 640,
        "4": 4768,
        "5": 16397,
        "6": 41617
    },
    "31995": {
        "0": 1,
        "1": 1,
        "2": 12,
        "3": 84,
        "4": 535,
        "5": 3439,
        "6": 13368
    },
    "31996": {
        "0": 1,
        "1": 12,
        "2": 102,
        "3": 830,
        "4": 6537,
        "5": 25335,
        "6": 68624
    },
    "31997": {
        "0": 1,
        "1": 10,
        "2": 86,
        "3": 743,
        "4": 6395,
        "5": 22152,
        "6": 52682
    },
    "31998": {
        "0": 1,
        "1": 1,
        "2": 9,
        "3": 79,
        "4": 688,
        "5": 5958,
        "6": 21076
    },
    "31999": {
        "0": 1,
        "1": 11,
        "2": 96,
        "3": 821,
        "4": 7001,
        "5": 27030,
        "6": 66444
    }
}