{
    "13700": {
        "0": 1,
        "1": 1,
        "2": 11,
        "3": 85,
        "4": 618,
        "5": 4439,
        "6": 14444
    },
    "13701": {
        "0": 1,
        "1": 1,
        "2": 9,
        "3": 70,
        "4": 538,
        "5": 4156,
        "6": 13228
    },
    "13702": {
        "0": 1,
        "1": 1,
        "2": 12,
        "3": 95,
        "4": 716,
        "5": 5404,
        "6": 21868
    },
    "13703": {
        "0": 1,
        "1": 1,
        "2": 1,
        "3": 1,
        "4": 9,
        "5": 71,
        "6": 560
    },
    "13704": {
        "0": 1,
        "1": 1,
        "2": 11,
        "3": 79,
        "4": 550,
        "5": 3832,
        "6": 16276
    },
    "13705": {
        "0": 1,
        "1": 9,
        "2": 69,
        "3": 516,
        "4": 3884,
        "5": 10198,
        "6": 21761
    },
    "13706": {
        "0": 1,
        "1": 1,
        "2": 1,
        "3": 11,
        "4": 93,
        "5": 779,
        "6": 6392
    },
    "13707": {
        "0": 1,
        "1": 1,
        "2": 10,
        "3": 62,
        "4": 389,
        "5": 2467,
        "6": 10745
    },
    "13708": {
        "0": 1,
        "1": 12,
        "2": 103,
        "3": 879,
        "4": 7529,
        "5": 31833,
        "6": 85632
    },
    "13709": {
        "0": 1,
        "1": 10,
        "2": 87,
        "3": 758,
        "4": 6578,
        "5": 24136,
        "6": 55513
    },
    "13710": {
        "0": 1,
        "1": 12,
        "2": 96,
        "3": 699,
        "4": 5029,
        "5": 18799,
        "6": 45241
    },
    "13711": {
        "0": 1,
        "1": 1,
        "2": 11,
        "3": 82,
        "4": 589,
        "5": 4243,
        "6": 12646
    },
    "13712": {
        "0": 1,
        "1": 1,
        "2": 1,
        "3": 9,
        "4": 79,
        "5": 701,
        "6": 6224
    },
    "13713": {
        "0": 1,
        "1": 11,
        "2": 87,
        "3": 664,
        "4": 5006,
        "5": 20186,
        "6": 59513
    },
    "13714": {
        "0": 1,
        "1": 10,
        "2": 79,
        "3": 618,
        "4": 4775,
        "5": 16763,
        "6": 43507
    },
    "13715": {
        "0": 1,
        "1": 9,
        "2": 76,
        "3": 649,
        "4": 5458,
        "5": 15255,
        "6": 26461
    },
    "13716": {
        "0": 1,
        "1": 1,
        "2": 11,
        "3": 84,
        "4": 635,
        "5": 4821,
        "6": 19323
    },
    "13717": {
        "0": 1,
        "1": 1,
        "2": 1,
        "3": 10,
        "4": 81,
        "5": 652,
        "6": 5176
    },
    "13718": {
        "0": 1,
        "1": 1,
        "2": 10,
        "3": 84,
        "4": 722,
        "5": 6195,
        "6": 20394
    },
    "13719": {
        "0": 1,
        "1": 1,
        "2": 10,
        "3": 66,
        "4": 419,
        "5": 2741,
        "6": 9126
    },
    "13720": {
        "0": 1,
        "1": 1,
        "2": 1,
        "3": 10,
        "4": 68,
        "5": 459,
        "6": 3112
    },
    "13721": {
        "0": 1,
        "1": 11,
        "2": 88,
        "3": 702,
        "4": 5655,
        "5": 15662,
        "6": 32148
    },
    "13722": {
        "0": 1,
        "1": 1,
        "2": 1,
        "3": 9,
        "4": 65,
        "5": 470,
        "6": 3354
    },
    "13723": {
        "0": 1,
        "1": 11,
        "2": 78,
        "3": 526,
        "4": 3596,
        "5": 14524,
        "6": 38654
    },
    "13724": {
        "0": 1,
        "1": 1,
        "2": 9,
        "3": 68,
        "4": 516,
        "5": 3904,
        "6": 12187
    },
    "13725": {
        "0": 1,
        "1": 9,
        "2": 74,
        "3": 610,
        "4": 4933,
        "5": 11777,
        "6": 19388
    },
    "13726": {
        "0": 1,
        "1": 1,
        "2": 12,
        "3": 104,
        "4": 892,
        "5": 7633,
        "6": 32637
    },
    "13727": {
        "0": 1,
        "1": 1,
        "2": 10,
        "3": 71,
        "4": 463,
        "5": 2932,
        "6": 10541
    },
    "13728": {
        "0": 1,
        "1": 10,
        "2": 71,
        "3": 503,
        "4": 3558,
        "5": 14779,
        "6": 41439
    },
    "13729": {
        "0": 1,
        "1": 12,
        "2": 86,
        "3": 574,
        "4": 3870,
        "5": 16022,
        "6": 50011
    },
    "13730": {
        "0": 1,
        "1": 10,
        "2": 65,
        "3": 416,
        "4": 2715,
        "5": 8873,
        "6": 20474
    },
    "13731": {
        "0": 1,
        "1": 1,
        "2": 1,
        "3": 1,
        "4": 9,
        "5": 76,
        "6": 647
    },
    "13732": {
        "0": 1,
        "1": 1,
        "2": 1,
        "3": 1,
        "4": 1,
        "5": 1,
        "6": 11
    },
    "13733": {
        "0": 1,
        "1": 1,
        "2": 9,
        "3": 59,
        "4": 382,
        "5": 2493,
        "6": 6072
    },
    "13734": {
        "0": 1,
        "1": 12,
        "2": 103,
        "3": 858,
        "4": 7005,
        "5": 26547,
        "6": 66135
    },
    "13735": {
        "0": 1,
        "1": 1,
        "2": 10,
        "3": 71,
        "4": 486,
        "5": 3276,
        "6": 13102
    },
    "13736": {
        "0": 1,
        "1": 1,
        "2": 10,
        "3": 83,
        "4": 670,
        "5": 5321,
        "6": 14232
    },
    "13737": {
        "0": 1,
        "1": 11,
        "2": 93,
        "3": 804,
        "4": 6968,
        "5": 27663,
        "6": 71539
    },
    "13738": {
        "0": 1,
        "1": 1,
        "2": 11,
        "3": 96,
        "4": 842,
        "5": 7357,
        "6": 31475
    },
    "13739": {
        "0": 1,
        "1": 1,
        "2": 11,
        "3": 88,
        "4": 695,
        "5": 5482,
        "6": 23943
    },
    "13740": {
        "0": 1,
        "1": 12,
        "2": 96,
        "3": 711,
        "4": 5113,
        "5": 19270,
        "6": 51309
    },
    "13741": {
        "0": 1,
        "1": 9,
        "2": 68,
        "3": 513,
        "4": 3808,
        "5": 10836,
        "6": 21028
    },
    "13742": {
        "0": 1,
        "1": 1,
        "2": 10,
        "3": 86,
        "4": 726,
        "5": 6050,
        "6": 18719
    },
    "13743": {
        "0": 1,
        "1": 1,
        "2": 9,
        "3": 72,
        "4": 566,
        "5": 4428,
        "6": 15319
    },
    "13744": {
        "0": 1,
        "1": 10,
        "2": 62,
        "3": 373,
        "4": 2200,
        "5": 7943,
        "6": 22223
    },
    "13745": {
        "0": 1,
        "1": 12,
        "2": 86,
        "3": 572,
        "4": 3851,
        "5": 16051,
        "6": 49234
    },
    "13746": {
        "0": 1,
        "1": 1,
        "2": 9,
        "3": 69,
        "4": 515,
        "5": 3864,
        "6": 9835
    },
    "13747": {
        "0": 1,
        "1": 1,
        "2": 11,
        "3": 93,
        "4": 780,
        "5": 6352,
        "6": 22984
    },
    "13748": {
        "0": 1,
        "1": 1,
        "2": 1,
        "3": 1,
        "4": 12,
        "5": 94,
        "6": 695
    },
    "13749": {
        "0": 1,
        "1": 11,
        "2": 98,
        "3": 847,
        "4": 7236,
        "5": 28712,
        "6": 73023
    },
    "13750": {
        "0": 1,
        "1": 10,
        "2": 75,
        "3": 567,
        "4": 4293,
        "5": 13340,
        "6": 26011
    },
    "13751": {
        "0": 1,
        "1": 12,
        "2": 93,
        "3": 701,
        "4": 5337,
        "5": 21601,
        "6": 61456
    },
    "13752": {
        "0": 1,
        "1": 10,
        "2": 83,
        "3": 692,
        "4": 5773,
        "5": 16594,
        "6": 34264
    },
    "13753": {
        "0": 1,
        "1": 10,
        "2": 79,
        "3": 621,
        "4": 4761,
        "5": 18434,
        "6": 43225
    },
    "13754": {
        "0": 1,
        "1": 1,
        "2": 1,
        "3": 1,
        "4": 11,
        "5": 87,
        "6": 648
    },
    "13755": {
        "0": 1,
        "1": 13,
        "2": 114,
        "3": 955,
        "4": 7843,
        "5": 33805,
        "6": 95397
    },
    "13756": {
        "0": 1,
        "1": 1,
        "2": 1,
        "3": 1,
        "4": 10,
        "5": 68,
        "6": 449
    },
    "13757": {
        "0": 1,
        "1": 1,
        "2": 1,
        "3": 11,
        "4": 86,
        "5": 647,
        "6": 4876
    },
    "13758": {
        "0": 1,
        "1": 10,
        "2": 88,
        "3": 764,
        "4": 6571,
        "5": 23449,
        "6": 54909
    },
    "13759": {
        "0": 1,
        "1": 1,
        "2": 1,
        "3": 1,
        "4": 9,
        "5": 78,
        "6": 677
    },
    "13760": {
        "0": 1,
        "1": 1,
        "2": 8,
        "3": 68,
        "4": 568,
        "5": 4725,
        "6": 8941
    },
    "13761": {
        "0": 1,
        "1": 10,
        "2": 86,
        "3": 715,
        "4": 5893,
        "5": 18350,
        "6": 38102
    },
    "13762": {
        "0": 1,
        "1": 9,
        "2": 66,
        "3": 474,
        "4": 3367,
        "5": 14525,
        "6": 40534
    },
    "13763": {
        "0": 1,
        "1": 10,
        "2": 82,
        "3": 680,
        "4": 5585,
        "5": 15533,
        "6": 24637
    },
    "13764": {
        "0": 1,
        "1": 1,
        "2": 1,
        "3": 10,
        "4": 77,
        "5": 588,
        "6": 4563
    },
    "13765": {
        "0": 1,
        "1": 10,
        "2": 80,
        "3": 660,
        "4": 5493,
        "5": 13491,
        "6": 23141
    },
    "13766": {
        "0": 1,
        "1": 1,
        "2": 8,
        "3": 71,
        "4": 629,
        "5": 5563,
        "6": 16114
    },
    "13767": {
        "0": 1,
        "1": 1,
        "2": 1,
        "3": 9,
        "4": 75,
        "5": 640,
        "6": 5418
    },
    "13768": {
        "0": 1,
        "1": 10,
        "2": 88,
        "3": 774,
        "4": 6716,
        "5": 25278,
        "6": 63078
    },
    "13769": {
        "0": 1,
        "1": 1,
        "2": 8,
        "3": 61,
        "4": 471,
        "5": 3631,
        "6": 8941
    },
    "13770": {
        "0": 1,
        "1": 10,
        "2": 85,
        "3": 711,
        "4": 5933,
        "5": 19292,
        "6": 44639
    },
    "13771": {
        "0": 1,
        "1": 10,
        "2": 77,
        "3": 596,
        "4": 4570,
        "5": 17441,
        "6": 45891
    },
    "13772": {
        "0": 1,
        "1": 10,
        "2": 80,
        "3": 629,
        "4": 4987,
        "5": 20379,
        "6": 55573
    },
    "13773": {
        "0": 1,
        "1": 1,
        "2": 10,
        "3": 75,
        "4": 554,
        "5": 4090,
        "6": 12891
    },
    "13774": {
        "0": 1,
        "1": 1,
        "2": 1,
        "3": 1,
        "4": 1,
        "5": 9,
        "6": 70
    },
    "13775": {
        "0": 1,
        "1": 10,
        "2": 77,
        "3": 580,
        "4": 4347,
        "5": 15137,
        "6": 40830
    },
    "13776": {
        "0": 1,
        "1": 9,
        "2": 72,
        "3": 569,
        "4": 4420,
        "5": 16610,
        "6": 47514
    },
    "13777": {
        "0": 1,
        "1": 11,
        "2": 81,
        "3": 539,
        "4": 3496,
        "5": 13568,
        "6": 42963
    },
    "13778": {
        "0": 1,
        "1": 1,
        "2": 11,
        "3": 91,
        "4": 737,
        "5": 5837,
        "6": 26406
    },
    "13779": {
        "0": 1,
        "1": 1,
        "2": 9,
        "3": 73,
        "4": 594,
        "5": 4730,
        "6": 9487
    },
    "13780": {
        "0": 1,
        "1": 9,
        "2": 73,
        "3": 573,
        "4": 4501,
        "5": 16144,
        "6": 38794
    },
    "13781": {
        "0": 1,
        "1": 11,
        "2": 96,
        "3": 818,
        "4": 6908,
        "5": 25483,
        "6": 59540
    },
    "13782": {
        "0": 1,
        "1": 1,
        "2": 13,
        "3": 102,
        "4": 732,
        "5": 5224,
        "6": 20105
    },
    "13783": {
        "0": 1,
        "1": 10,
        "2": 84,
        "3": 703,
        "4": 5818,
        "5": 17912,
        "6": 38192
    },
    "13784": {
        "0": 1,
        "1": 1,
        "2": 12,
        "3": 94,
        "4": 708,
        "5": 5318,
        "6": 21140
    },
    "13785": {
        "0": 1,
        "1": 11,
        "2": 91,
        "3": 757,
        "4": 6334,
        "5": 20686,
        "6": 40233
    },
    "13786": {
        "0": 1,
        "1": 1,
        "2": 1,
        "3": 11,
        "4": 88,
        "5": 682,
        "6": 5228
    },
    "13787": {
        "0": 1,
        "1": 9,
        "2": 71,
        "3": 562,
        "4": 4404,
        "5": 14956,
        "6": 35961
    },
    "13788": {
        "0": 1,
        "1": 1,
        "2": 8,
        "3": 69,
        "4": 604,
        "5": 5263,
        "6": 12750
    },
    "13789": {
        "0": 1,
        "1": 1,
        "2": 10,
        "3": 76,
        "4": 572,
        "5": 4336,
        "6": 13705
    },
    "13790": {
        "0": 1,
        "1": 1,
        "2": 1,
        "3": 11,
        "4": 77,
        "5": 533,
        "6": 3682
    },
    "13791": {
        "0": 1,
        "1": 1,
        "2": 10,
        "3": 81,
        "4": 667,
        "5": 5501,
        "6": 15289
    },
    "13792": {
        "0": 1,
        "1": 1,
        "2": 1,
        "3": 10,
        "4": 76,
        "5": 573,
        "6": 4379
    },
    "13793": {
        "0": 1,
        "1": 12,
        "2": 104,
        "3": 881,
        "4": 7275,
        "5": 31345,
        "6": 88884
    },
    "13794": {
        "0": 1,
        "1": 1,
        "2": 1,
        "3": 12,
        "4": 105,
        "5": 894,
        "6": 7414
    },
    "13795": {
        "0": 1,
        "1": 1,
        "2": 10,
        "3": 75,
        "4": 569,
        "5": 4381,
        "6": 15031
    },
    "13796": {
        "0": 1,
        "1": 1,
        "2": 11,
        "3": 101,
        "4": 869,
        "5": 7271,
        "6": 31169
    },
    "13797": {
        "0": 1,
        "1": 10,
        "2": 83,
        "3": 715,
        "4": 6181,
        "5": 20590,
        "6": 45841
    },
    "13798": {
        "0": 1,
        "1": 9,
        "2": 67,
        "3": 503,
        "4": 3747,
        "5": 10604,
        "6": 24556
    },
    "13799": {
        "0": 1,
        "1": 1,
        "2": 8,
        "3": 62,
        "4": 473,
        "5": 3591,
        "6": 9848
    }
}