{
    "24000": {
        "0": 1,
        "1": 9,
        "2": 81,
        "3": 703,
        "4": 6014,
        "5": 20600,
        "6": 45878
    },
    "24001": {
        "0": 1,
        "1": 11,
        "2": 88,
        "3": 640,
        "4": 4541,
        "5": 16145,
        "6": 40678
    },
    "24002": {
        "0": 1,
        "1": 10,
        "2": 83,
        "3": 687,
        "4": 5689,
        "5": 14835,
        "6": 29061
    },
    "24003": {
        "0": 1,
        "1": 1,
        "2": 1,
        "3": 12,
        "4": 97,
        "5": 752,
        "6": 5828
    },
    "24004": {
        "0": 1,
        "1": 1,
        "2": 13,
        "3": 112,
        "4": 865,
        "5": 6372,
        "6": 28956
    },
    "24005": {
        "0": 1,
        "1": 1,
        "2": 1,
        "3": 11,
        "4": 84,
        "5": 613,
        "6": 4478
    },
    "24006": {
        "0": 1,
        "1": 1,
        "2": 9,
        "3": 75,
        "4": 645,
        "5": 5591,
        "6": 16043
    },
    "24007": {
        "0": 1,
        "1": 10,
        "2": 81,
        "3": 685,
        "4": 5809,
        "5": 16825,
        "6": 29932
    },
    "24008": {
        "0": 1,
        "1": 1,
        "2": 10,
        "3": 76,
        "4": 549,
        "5": 3948,
        "6": 11182
    },
    "24009": {
        "0": 1,
        "1": 1,
        "2": 1,
        "3": 12,
        "4": 105,
        "5": 882,
        "6": 7186
    },
    "24010": {
        "0": 1,
        "1": 1,
        "2": 1,
        "3": 11,
        "4": 85,
        "5": 641,
        "6": 4883
    },
    "24011": {
        "0": 1,
        "1": 8,
        "2": 52,
        "3": 346,
        "4": 2324,
        "5": 5424,
        "6": 10766
    },
    "24012": {
        "0": 1,
        "1": 1,
        "2": 10,
        "3": 88,
        "4": 764,
        "5": 6589,
        "6": 26316
    },
    "24013": {
        "0": 1,
        "1": 1,
        "2": 1,
        "3": 12,
        "4": 96,
        "5": 732,
        "6": 5575
    },
    "24014": {
        "0": 1,
        "1": 1,
        "2": 1,
        "3": 11,
        "4": 84,
        "5": 634,
        "6": 4801
    },
    "24015": {
        "0": 1,
        "1": 11,
        "2": 79,
        "3": 530,
        "4": 3536,
        "5": 13366,
        "6": 35642
    },
    "24016": {
        "0": 1,
        "1": 1,
        "2": 1,
        "3": 1,
        "4": 10,
        "5": 77,
        "6": 588
    },
    "24017": {
        "0": 1,
        "1": 10,
        "2": 77,
        "3": 587,
        "4": 4434,
        "5": 16073,
        "6": 36873
    },
    "24018": {
        "0": 1,
        "1": 8,
        "2": 62,
        "3": 484,
        "4": 3736,
        "5": 11229,
        "6": 26911
    },
    "24019": {
        "0": 1,
        "1": 12,
        "2": 88,
        "3": 592,
        "4": 3964,
        "5": 16280,
        "6": 47400
    },
    "24020": {
        "0": 1,
        "1": 10,
        "2": 84,
        "3": 714,
        "4": 5958,
        "5": 19007,
        "6": 35569
    },
    "24021": {
        "0": 1,
        "1": 12,
        "2": 100,
        "3": 817,
        "4": 6687,
        "5": 24717,
        "6": 58581
    },
    "24022": {
        "0": 1,
        "1": 1,
        "2": 9,
        "3": 80,
        "4": 705,
        "5": 6162,
        "6": 21171
    },
    "24023": {
        "0": 1,
        "1": 10,
        "2": 74,
        "3": 547,
        "4": 4010,
        "5": 12052,
        "6": 25000
    },
    "24024": {
        "0": 1,
        "1": 10,
        "2": 85,
        "3": 720,
        "4": 5998,
        "5": 19400,
        "6": 42188
    },
    "24025": {
        "0": 1,
        "1": 11,
        "2": 95,
        "3": 794,
        "4": 6465,
        "5": 23956,
        "6": 57211
    },
    "24026": {
        "0": 1,
        "1": 11,
        "2": 63,
        "3": 345,
        "4": 1983,
        "5": 7432,
        "6": 21155
    },
    "24027": {
        "0": 1,
        "1": 1,
        "2": 10,
        "3": 77,
        "4": 582,
        "5": 4443,
        "6": 15104
    },
    "24028": {
        "0": 1,
        "1": 1,
        "2": 11,
        "3": 84,
        "4": 627,
        "5": 4708,
        "6": 16507
    },
    "24029": {
        "0": 1,
        "1": 1,
        "2": 1,
        "3": 9,
        "4": 68,
        "5": 514,
        "6": 3895
    },
    "24030": {
        "0": 1,
        "1": 1,
        "2": 8,
        "3": 55,
        "4": 378,
        "5": 2599,
        "6": 7542
    },
    "24031": {
        "0": 1,
        "1": 11,
        "2": 94,
        "3": 773,
        "4": 6309,
        "5": 21449,
        "6": 47777
    },
    "24032": {
        "0": 1,
        "1": 12,
        "2": 98,
        "3": 790,
        "4": 6439,
        "5": 22605,
        "6": 47122
    },
    "24033": {
        "0": 1,
        "1": 1,
        "2": 12,
        "3": 103,
        "4": 872,
        "5": 7397,
        "6": 30367
    },
    "24034": {
        "0": 1,
        "1": 1,
        "2": 1,
        "3": 1,
        "4": 1,
        "5": 1,
        "6": 10
    },
    "24035": {
        "0": 1,
        "1": 12,
        "2": 95,
        "3": 707,
        "4": 5275,
        "5": 20476,
        "6": 54310
    },
    "24036": {
        "0": 1,
        "1": 1,
        "2": 1,
        "3": 10,
        "4": 83,
        "5": 702,
        "6": 5945
    },
    "24037": {
        "0": 1,
        "1": 1,
        "2": 1,
        "3": 1,
        "4": 11,
        "5": 91,
        "6": 739
    },
    "24038": {
        "0": 1,
        "1": 10,
        "2": 83,
        "3": 711,
        "4": 6138,
        "5": 20491,
        "6": 44818
    },
    "24039": {
        "0": 1,
        "1": 11,
        "2": 80,
        "3": 543,
        "4": 3651,
        "5": 14167,
        "6": 41159
    },
    "24040": {
        "0": 1,
        "1": 11,
        "2": 91,
        "3": 760,
        "4": 6330,
        "5": 22584,
        "6": 51076
    },
    "24041": {
        "0": 1,
        "1": 1,
        "2": 10,
        "3": 85,
        "4": 730,
        "5": 6269,
        "6": 21259
    },
    "24042": {
        "0": 1,
        "1": 1,
        "2": 1,
        "3": 10,
        "4": 81,
        "5": 642,
        "6": 4985
    },
    "24043": {
        "0": 1,
        "1": 1,
        "2": 9,
        "3": 77,
        "4": 641,
        "5": 5121,
        "6": 14553
    },
    "24044": {
        "0": 1,
        "1": 1,
        "2": 10,
        "3": 86,
        "4": 749,
        "5": 6514,
        "6": 24064
    },
    "24045": {
        "0": 1,
        "1": 1,
        "2": 1,
        "3": 9,
        "4": 69,
        "5": 540,
        "6": 4234
    },
    "24046": {
        "0": 1,
        "1": 8,
        "2": 68,
        "3": 591,
        "4": 5113,
        "5": 11553,
        "6": 24173
    },
    "24047": {
        "0": 1,
        "1": 10,
        "2": 83,
        "3": 709,
        "4": 6109,
        "5": 19951,
        "6": 39365
    },
    "24048": {
        "0": 1,
        "1": 1,
        "2": 10,
        "3": 81,
        "4": 627,
        "5": 4841,
        "6": 18210
    },
    "24049": {
        "0": 1,
        "1": 1,
        "2": 10,
        "3": 83,
        "4": 693,
        "5": 5723,
        "6": 16817
    },
    "24050": {
        "0": 1,
        "1": 9,
        "2": 67,
        "3": 499,
        "4": 3675,
        "5": 9559,
        "6": 19250
    },
    "24051": {
        "0": 1,
        "1": 10,
        "2": 76,
        "3": 568,
        "4": 4188,
        "5": 11688,
        "6": 24476
    },
    "24052": {
        "0": 1,
        "1": 1,
        "2": 9,
        "3": 78,
        "4": 672,
        "5": 5723,
        "6": 17828
    },
    "24053": {
        "0": 1,
        "1": 9,
        "2": 63,
        "3": 432,
        "4": 2977,
        "5": 10204,
        "6": 27377
    },
    "24054": {
        "0": 1,
        "1": 10,
        "2": 77,
        "3": 578,
        "4": 4331,
        "5": 15253,
        "6": 40687
    },
    "24055": {
        "0": 1,
        "1": 1,
        "2": 1,
        "3": 12,
        "4": 96,
        "5": 715,
        "6": 5259
    },
    "24056": {
        "0": 1,
        "1": 1,
        "2": 10,
        "3": 61,
        "4": 366,
        "5": 2220,
        "6": 8468
    },
    "24057": {
        "0": 1,
        "1": 10,
        "2": 79,
        "3": 630,
        "4": 4969,
        "5": 19734,
        "6": 54063
    },
    "24058": {
        "0": 1,
        "1": 10,
        "2": 74,
        "3": 566,
        "4": 4372,
        "5": 15004,
        "6": 32952
    },
    "24059": {
        "0": 1,
        "1": 11,
        "2": 91,
        "3": 736,
        "4": 5887,
        "5": 17018,
        "6": 35511
    },
    "24060": {
        "0": 1,
        "1": 1,
        "2": 10,
        "3": 77,
        "4": 579,
        "5": 4328,
        "6": 13323
    },
    "24061": {
        "0": 1,
        "1": 9,
        "2": 70,
        "3": 531,
        "4": 4031,
        "5": 11465,
        "6": 25857
    },
    "24062": {
        "0": 1,
        "1": 12,
        "2": 97,
        "3": 746,
        "4": 5707,
        "5": 24513,
        "6": 73438
    },
    "24063": {
        "0": 1,
        "1": 1,
        "2": 10,
        "3": 87,
        "4": 754,
        "5": 6524,
        "6": 23371
    },
    "24064": {
        "0": 1,
        "1": 12,
        "2": 93,
        "3": 679,
        "4": 4929,
        "5": 18655,
        "6": 49507
    },
    "24065": {
        "0": 1,
        "1": 13,
        "2": 108,
        "3": 841,
        "4": 6501,
        "5": 30987,
        "6": 101681
    },
    "24066": {
        "0": 1,
        "1": 1,
        "2": 11,
        "3": 85,
        "4": 635,
        "5": 4714,
        "6": 17531
    },
    "24067": {
        "0": 1,
        "1": 1,
        "2": 1,
        "3": 1,
        "4": 11,
        "5": 91,
        "6": 709
    },
    "24068": {
        "0": 1,
        "1": 10,
        "2": 84,
        "3": 692,
        "4": 5632,
        "5": 15498,
        "6": 29853
    },
    "24069": {
        "0": 1,
        "1": 10,
        "2": 85,
        "3": 711,
        "4": 5812,
        "5": 19190,
        "6": 44496
    },
    "24070": {
        "0": 1,
        "1": 10,
        "2": 80,
        "3": 627,
        "4": 4846,
        "5": 19727,
        "6": 58506
    },
    "24071": {
        "0": 1,
        "1": 1,
        "2": 10,
        "3": 75,
        "4": 559,
        "5": 4174,
        "6": 13505
    },
    "24072": {
        "0": 1,
        "1": 1,
        "2": 1,
        "3": 1,
        "4": 10,
        "5": 85,
        "6": 709
    },
    "24073": {
        "0": 1,
        "1": 1,
        "2": 11,
        "3": 74,
        "4": 485,
        "5": 3279,
        "6": 12212
    },
    "24074": {
        "0": 1,
        "1": 1,
        "2": 9,
        "3": 69,
        "4": 533,
        "5": 4105,
        "6": 12522
    },
    "24075": {
        "0": 1,
        "1": 1,
        "2": 8,
        "3": 60,
        "4": 451,
        "5": 3420,
        "6": 7001
    },
    "24076": {
        "0": 1,
        "1": 1,
        "2": 11,
        "3": 93,
        "4": 784,
        "5": 6567,
        "6": 22277
    },
    "24077": {
        "0": 1,
        "1": 10,
        "2": 75,
        "3": 577,
        "4": 4463,
        "5": 15580,
        "6": 38337
    },
    "24078": {
        "0": 1,
        "1": 1,
        "2": 10,
        "3": 69,
        "4": 467,
        "5": 3186,
        "6": 11420
    },
    "24079": {
        "0": 1,
        "1": 1,
        "2": 10,
        "3": 80,
        "4": 618,
        "5": 4690,
        "6": 17820
    },
    "24080": {
        "0": 1,
        "1": 11,
        "2": 96,
        "3": 837,
        "4": 7243,
        "5": 29627,
        "6": 73824
    },
    "24081": {
        "0": 1,
        "1": 10,
        "2": 82,
        "3": 694,
        "4": 5812,
        "5": 18452,
        "6": 36725
    },
    "24082": {
        "0": 1,
        "1": 1,
        "2": 11,
        "3": 96,
        "4": 828,
        "5": 7107,
        "6": 28316
    },
    "24083": {
        "0": 1,
        "1": 1,
        "2": 1,
        "3": 9,
        "4": 59,
        "5": 375,
        "6": 2399
    },
    "24084": {
        "0": 1,
        "1": 9,
        "2": 67,
        "3": 520,
        "4": 4053,
        "5": 12311,
        "6": 28703
    },
    "24085": {
        "0": 1,
        "1": 1,
        "2": 10,
        "3": 79,
        "4": 589,
        "5": 4327,
        "6": 15927
    },
    "24086": {
        "0": 1,
        "1": 1,
        "2": 1,
        "3": 11,
        "4": 95,
        "5": 801,
        "6": 6707
    },
    "24087": {
        "0": 1,
        "1": 10,
        "2": 81,
        "3": 635,
        "4": 4864,
        "5": 19353,
        "6": 52870
    },
    "24088": {
        "0": 1,
        "1": 10,
        "2": 89,
        "3": 769,
        "4": 6558,
        "5": 25060,
        "6": 68013
    },
    "24089": {
        "0": 1,
        "1": 11,
        "2": 91,
        "3": 726,
        "4": 5775,
        "5": 15947,
        "6": 35233
    },
    "24090": {
        "0": 1,
        "1": 1,
        "2": 1,
        "3": 1,
        "4": 11,
        "5": 95,
        "6": 835
    },
    "24091": {
        "0": 1,
        "1": 9,
        "2": 69,
        "3": 535,
        "4": 4216,
        "5": 14267,
        "6": 37538
    },
    "24092": {
        "0": 1,
        "1": 10,
        "2": 68,
        "3": 451,
        "4": 3007,
        "5": 11059,
        "6": 29865
    },
    "24093": {
        "0": 1,
        "1": 1,
        "2": 1,
        "3": 1,
        "4": 9,
        "5": 80,
        "6": 703
    },
    "24094": {
        "0": 1,
        "1": 1,
        "2": 1,
        "3": 9,
        "4": 78,
        "5": 658,
        "6": 5420
    },
    "24095": {
        "0": 1,
        "1": 9,
        "2": 70,
        "3": 557,
        "4": 4418,
        "5": 15903,
        "6": 40039
    },
    "24096": {
        "0": 1,
        "1": 1,
        "2": 12,
        "3": 94,
        "4": 717,
        "5": 5479,
        "6": 22664
    },
    "24097": {
        "0": 1,
        "1": 10,
        "2": 72,
        "3": 505,
        "4": 3552,
        "5": 6273,
        "6": 10190
    },
    "24098": {
        "0": 1,
        "1": 1,
        "2": 1,
        "3": 1,
        "4": 11,
        "5": 87,
        "6": 652
    },
    "24099": {
        "0": 1,
        "1": 11,
        "2": 73,
        "3": 480,
        "4": 3222,
        "5": 11524,
        "6": 32364
    }
}