{
    "30200": {
        "0": 1,
        "1": 11,
        "2": 89,
        "3": 683,
        "4": 5144,
        "5": 21259,
        "6": 68168
    },
    "30201": {
        "0": 1,
        "1": 1,
        "2": 1,
        "3": 1,
        "4": 9,
        "5": 78,
        "6": 663
    },
    "30202": {
        "0": 1,
        "1": 1,
        "2": 1,
        "3": 11,
        "4": 85,
        "5": 642,
        "6": 4829
    },
    "30203": {
        "0": 1,
        "1": 1,
        "2": 10,
        "3": 85,
        "4": 745,
        "5": 6439,
        "6": 22503
    },
    "30204": {
        "0": 1,
        "1": 1,
        "2": 11,
        "3": 85,
        "4": 612,
        "5": 4292,
        "6": 14361
    },
    "30205": {
        "0": 1,
        "1": 11,
        "2": 101,
        "3": 885,
        "4": 7675,
        "5": 33357,
        "6": 91713
    },
    "30206": {
        "0": 1,
        "1": 1,
        "2": 1,
        "3": 12,
        "4": 98,
        "5": 758,
        "6": 5756
    },
    "30207": {
        "0": 1,
        "1": 11,
        "2": 90,
        "3": 755,
        "4": 6389,
        "5": 21571,
        "6": 47757
    },
    "30208": {
        "0": 1,
        "1": 1,
        "2": 9,
        "3": 63,
        "4": 419,
        "5": 2732,
        "6": 8561
    },
    "30209": {
        "0": 1,
        "1": 1,
        "2": 10,
        "3": 85,
        "4": 724,
        "5": 6069,
        "6": 20449
    },
    "30210": {
        "0": 1,
        "1": 1,
        "2": 1,
        "3": 1,
        "4": 11,
        "5": 91,
        "6": 744
    },
    "30211": {
        "0": 1,
        "1": 1,
        "2": 1,
        "3": 10,
        "4": 86,
        "5": 731,
        "6": 6154
    },
    "30212": {
        "0": 1,
        "1": 1,
        "2": 1,
        "3": 10,
        "4": 79,
        "5": 609,
        "6": 4657
    },
    "30213": {
        "0": 1,
        "1": 1,
        "2": 1,
        "3": 1,
        "4": 9,
        "5": 68,
        "6": 499
    },
    "30214": {
        "0": 1,
        "1": 12,
        "2": 107,
        "3": 899,
        "4": 7389,
        "5": 30010,
        "6": 78648
    },
    "30215": {
        "0": 1,
        "1": 11,
        "2": 94,
        "3": 791,
        "4": 6538,
        "5": 23166,
        "6": 51383
    },
    "30216": {
        "0": 1,
        "1": 1,
        "2": 1,
        "3": 1,
        "4": 1,
        "5": 9,
        "6": 67
    },
    "30217": {
        "0": 1,
        "1": 10,
        "2": 86,
        "3": 726,
        "4": 5964,
        "5": 20360,
        "6": 45491
    },
    "30218": {
        "0": 1,
        "1": 1,
        "2": 12,
        "3": 95,
        "4": 703,
        "5": 5119,
        "6": 19925
    },
    "30219": {
        "0": 1,
        "1": 1,
        "2": 12,
        "3": 95,
        "4": 681,
        "5": 4775,
        "6": 17810
    },
    "30220": {
        "0": 1,
        "1": 1,
        "2": 10,
        "3": 80,
        "4": 615,
        "5": 4609,
        "6": 16885
    },
    "30221": {
        "0": 1,
        "1": 10,
        "2": 85,
        "3": 731,
        "4": 6278,
        "5": 21224,
        "6": 44468
    },
    "30222": {
        "0": 1,
        "1": 10,
        "2": 83,
        "3": 662,
        "4": 5173,
        "5": 12343,
        "6": 25053
    },
    "30223": {
        "0": 1,
        "1": 10,
        "2": 85,
        "3": 700,
        "4": 5665,
        "5": 17504,
        "6": 38400
    },
    "30224": {
        "0": 1,
        "1": 1,
        "2": 10,
        "3": 83,
        "4": 686,
        "5": 5583,
        "6": 15014
    },
    "30225": {
        "0": 1,
        "1": 13,
        "2": 113,
        "3": 959,
        "4": 8146,
        "5": 36746,
        "6": 105108
    },
    "30226": {
        "0": 1,
        "1": 11,
        "2": 85,
        "3": 621,
        "4": 4476,
        "5": 16519,
        "6": 43118
    },
    "30227": {
        "0": 1,
        "1": 10,
        "2": 80,
        "3": 658,
        "4": 5411,
        "5": 14300,
        "6": 24359
    },
    "30228": {
        "0": 1,
        "1": 10,
        "2": 68,
        "3": 454,
        "4": 3059,
        "5": 10448,
        "6": 25343
    },
    "30229": {
        "0": 1,
        "1": 1,
        "2": 11,
        "3": 87,
        "4": 659,
        "5": 4946,
        "6": 17877
    },
    "30230": {
        "0": 1,
        "1": 13,
        "2": 108,
        "3": 831,
        "4": 6366,
        "5": 29636,
        "6": 96733
    },
    "30231": {
        "0": 1,
        "1": 1,
        "2": 1,
        "3": 12,
        "4": 104,
        "5": 896,
        "6": 7704
    },
    "30232": {
        "0": 1,
        "1": 1,
        "2": 12,
        "3": 109,
        "4": 934,
        "5": 7706,
        "6": 34587
    },
    "30233": {
        "0": 1,
        "1": 8,
        "2": 68,
        "3": 573,
        "4": 4825,
        "5": 10069,
        "6": 13604
    },
    "30234": {
        "0": 1,
        "1": 10,
        "2": 78,
        "3": 606,
        "4": 4697,
        "5": 17394,
        "6": 47600
    },
    "30235": {
        "0": 1,
        "1": 1,
        "2": 9,
        "3": 67,
        "4": 512,
        "5": 3935,
        "6": 11336
    },
    "30236": {
        "0": 1,
        "1": 12,
        "2": 83,
        "3": 536,
        "4": 3517,
        "5": 13073,
        "6": 34830
    },
    "30237": {
        "0": 1,
        "1": 12,
        "2": 104,
        "3": 857,
        "4": 6916,
        "5": 27320,
        "6": 73795
    },
    "30238": {
        "0": 1,
        "1": 1,
        "2": 10,
        "3": 76,
        "4": 576,
        "5": 4398,
        "6": 14590
    },
    "30239": {
        "0": 1,
        "1": 1,
        "2": 1,
        "3": 12,
        "4": 100,
        "5": 783,
        "6": 6051
    },
    "30240": {
        "0": 1,
        "1": 10,
        "2": 77,
        "3": 594,
        "4": 4586,
        "5": 16406,
        "6": 40042
    },
    "30241": {
        "0": 1,
        "1": 1,
        "2": 8,
        "3": 53,
        "4": 352,
        "5": 2340,
        "6": 5278
    },
    "30242": {
        "0": 1,
        "1": 1,
        "2": 9,
        "3": 74,
        "4": 614,
        "5": 5085,
        "6": 11866
    },
    "30243": {
        "0": 1,
        "1": 9,
        "2": 64,
        "3": 438,
        "4": 2998,
        "5": 10381,
        "6": 26747
    },
    "30244": {
        "0": 1,
        "1": 10,
        "2": 76,
        "3": 575,
        "4": 4343,
        "5": 15400,
        "6": 40358
    },
    "30245": {
        "0": 1,
        "1": 1,
        "2": 1,
        "3": 1,
        "4": 9,
        "5": 79,
        "6": 695
    },
    "30246": {
        "0": 1,
        "1": 1,
        "2": 1,
        "3": 10,
        "4": 83,
        "5": 694,
        "6": 5874
    },
    "30247": {
        "0": 1,
        "1": 1,
        "2": 1,
        "3": 1,
        "4": 11,
        "5": 77,
        "6": 502
    },
    "30248": {
        "0": 1,
        "1": 11,
        "2": 94,
        "3": 796,
        "4": 6760,
        "5": 25063,
        "6": 62428
    },
    "30249": {
        "0": 1,
        "1": 1,
        "2": 1,
        "3": 12,
        "4": 93,
        "5": 678,
        "6": 4910
    },
    "30250": {
        "0": 1,
        "1": 11,
        "2": 84,
        "3": 647,
        "4": 5034,
        "5": 20357,
        "6": 54074
    },
    "30251": {
        "0": 1,
        "1": 1,
        "2": 12,
        "3": 94,
        "4": 698,
        "5": 5229,
        "6": 20514
    },
    "30252": {
        "0": 1,
        "1": 1,
        "2": 9,
        "3": 69,
        "4": 518,
        "5": 3868,
        "6": 11522
    },
    "30253": {
        "0": 1,
        "1": 1,
        "2": 10,
        "3": 82,
        "4": 693,
        "5": 5822,
        "6": 18161
    },
    "30254": {
        "0": 1,
        "1": 10,
        "2": 84,
        "3": 711,
        "4": 5960,
        "5": 19562,
        "6": 44108
    },
    "30255": {
        "0": 1,
        "1": 1,
        "2": 10,
        "3": 76,
        "4": 570,
        "5": 4241,
        "6": 12418
    },
    "30256": {
        "0": 1,
        "1": 11,
        "2": 87,
        "3": 661,
        "4": 5032,
        "5": 19387,
        "6": 52036
    },
    "30257": {
        "0": 1,
        "1": 1,
        "2": 1,
        "3": 11,
        "4": 82,
        "5": 543,
        "6": 3641
    },
    "30258": {
        "0": 1,
        "1": 8,
        "2": 70,
        "3": 604,
        "4": 5170,
        "5": 13789,
        "6": 29568
    },
    "30259": {
        "0": 1,
        "1": 10,
        "2": 74,
        "3": 549,
        "4": 4075,
        "5": 13009,
        "6": 27719
    },
    "30260": {
        "0": 1,
        "1": 9,
        "2": 68,
        "3": 511,
        "4": 3850,
        "5": 9908,
        "6": 20171
    },
    "30261": {
        "0": 1,
        "1": 10,
        "2": 84,
        "3": 715,
        "4": 6103,
        "5": 19444,
        "6": 42553
    },
    "30262": {
        "0": 1,
        "1": 10,
        "2": 64,
        "3": 419,
        "4": 2814,
        "5": 8408,
        "6": 22083
    },
    "30263": {
        "0": 1,
        "1": 1,
        "2": 11,
        "3": 88,
        "4": 725,
        "5": 6010,
        "6": 17402
    },
    "30264": {
        "0": 1,
        "1": 1,
        "2": 1,
        "3": 1,
        "4": 1,
        "5": 13,
        "6": 113
    },
    "30265": {
        "0": 1,
        "1": 10,
        "2": 77,
        "3": 583,
        "4": 4446,
        "5": 14914,
        "6": 38290
    },
    "30266": {
        "0": 1,
        "1": 9,
        "2": 72,
        "3": 569,
        "4": 4465,
        "5": 17383,
        "6": 44549
    },
    "30267": {
        "0": 1,
        "1": 11,
        "2": 96,
        "3": 818,
        "4": 6770,
        "5": 27197,
        "6": 76542
    },
    "30268": {
        "0": 1,
        "1": 1,
        "2": 1,
        "3": 1,
        "4": 10,
        "5": 77,
        "6": 549
    },
    "30269": {
        "0": 1,
        "1": 1,
        "2": 11,
        "3": 89,
        "4": 684,
        "5": 5158,
        "6": 19630
    },
    "30270": {
        "0": 1,
        "1": 10,
        "2": 83,
        "3": 690,
        "4": 5686,
        "5": 16530,
        "6": 29251
    },
    "30271": {
        "0": 1,
        "1": 10,
        "2": 78,
        "3": 590,
        "4": 4413,
        "5": 15641,
        "6": 37327
    },
    "30272": {
        "0": 1,
        "1": 1,
        "2": 1,
        "3": 1,
        "4": 14,
        "5": 130,
        "6": 1114
    },
    "30273": {
        "0": 1,
        "1": 1,
        "2": 10,
        "3": 87,
        "4": 766,
        "5": 6722,
        "6": 25913
    },
    "30274": {
        "0": 1,
        "1": 10,
        "2": 70,
        "3": 492,
        "4": 3377,
        "5": 12598,
        "6": 34924
    },
    "30275": {
        "0": 1,
        "1": 8,
        "2": 67,
        "3": 564,
        "4": 4774,
        "5": 10412,
        "6": 18441
    },
    "30276": {
        "0": 1,
        "1": 1,
        "2": 11,
        "3": 75,
        "4": 485,
        "5": 3210,
        "6": 11181
    },
    "30277": {
        "0": 1,
        "1": 1,
        "2": 1,
        "3": 11,
        "4": 93,
        "5": 780,
        "6": 6512
    },
    "30278": {
        "0": 1,
        "1": 1,
        "2": 1,
        "3": 12,
        "4": 100,
        "5": 766,
        "6": 5768
    },
    "30279": {
        "0": 1,
        "1": 1,
        "2": 1,
        "3": 1,
        "4": 10,
        "5": 77,
        "6": 579
    },
    "30280": {
        "0": 1,
        "1": 12,
        "2": 105,
        "3": 894,
        "4": 7583,
        "5": 33950,
        "6": 100125
    },
    "30281": {
        "0": 1,
        "1": 1,
        "2": 1,
        "3": 12,
        "4": 87,
        "5": 587,
        "6": 3952
    },
    "30282": {
        "0": 1,
        "1": 1,
        "2": 1,
        "3": 9,
        "4": 53,
        "5": 319,
        "6": 1931
    },
    "30283": {
        "0": 1,
        "1": 10,
        "2": 84,
        "3": 702,
        "4": 5831,
        "5": 18131,
        "6": 36877
    },
    "30284": {
        "0": 1,
        "1": 1,
        "2": 11,
        "3": 85,
        "4": 641,
        "5": 4836,
        "6": 17405
    },
    "30285": {
        "0": 1,
        "1": 1,
        "2": 10,
        "3": 82,
        "4": 678,
        "5": 5589,
        "6": 15911
    },
    "30286": {
        "0": 1,
        "1": 15,
        "2": 134,
        "3": 1109,
        "4": 9074,
        "5": 41723,
        "6": 108424
    },
    "30287": {
        "0": 1,
        "1": 1,
        "2": 1,
        "3": 12,
        "4": 85,
        "5": 547,
        "6": 3529
    },
    "30288": {
        "0": 1,
        "1": 12,
        "2": 93,
        "3": 687,
        "4": 5123,
        "5": 18916,
        "6": 47117
    },
    "30289": {
        "0": 1,
        "1": 1,
        "2": 1,
        "3": 8,
        "4": 60,
        "5": 454,
        "6": 3426
    },
    "30290": {
        "0": 1,
        "1": 1,
        "2": 1,
        "3": 1,
        "4": 11,
        "5": 97,
        "6": 852
    },
    "30291": {
        "0": 1,
        "1": 1,
        "2": 10,
        "3": 70,
        "4": 489,
        "5": 3374,
        "6": 14110
    },
    "30292": {
        "0": 1,
        "1": 10,
        "2": 75,
        "3": 565,
        "4": 4262,
        "5": 13234,
        "6": 26049
    },
    "30293": {
        "0": 1,
        "1": 12,
        "2": 93,
        "3": 710,
        "4": 5448,
        "5": 22757,
        "6": 61769
    },
    "30294": {
        "0": 1,
        "1": 9,
        "2": 67,
        "3": 503,
        "4": 3812,
        "5": 9908,
        "6": 22573
    },
    "30295": {
        "0": 1,
        "1": 10,
        "2": 77,
        "3": 585,
        "4": 4449,
        "5": 14905,
        "6": 35480
    },
    "30296": {
        "0": 1,
        "1": 1,
        "2": 1,
        "3": 10,
        "4": 74,
        "5": 545,
        "6": 3983
    },
    "30297": {
        "0": 1,
        "1": 1,
        "2": 1,
        "3": 1,
        "4": 1,
        "5": 1,
        "6": 13
    },
    "30298": {
        "0": 1,
        "1": 1,
        "2": 12,
        "3": 97,
        "4": 700,
        "5": 4821,
        "6": 18707
    },
    "30299": {
        "0": 1,
        "1": 1,
        "2": 1,
        "3": 11,
        "4": 82,
        "5": 606,
        "6": 4568
    }
}