{
    "21600": {
        "0": 1,
        "1": 1,
        "2": 1,
        "3": 9,
        "4": 77,
        "5": 675,
        "6": 5914
    },
    "21601": {
        "0": 1,
        "1": 10,
        "2": 74,
        "3": 535,
        "4": 3821,
        "5": 9927,
        "6": 18696
    },
    "21602": {
        "0": 1,
        "1": 1,
        "2": 9,
        "3": 75,
        "4": 615,
        "5": 4980,
        "6": 9921
    },
    "21603": {
        "0": 1,
        "1": 1,
        "2": 10,
        "3": 69,
        "4": 444,
        "5": 2816,
        "6": 8742
    },
    "21604": {
        "0": 1,
        "1": 1,
        "2": 11,
        "3": 92,
        "4": 738,
        "5": 5805,
        "6": 26466
    },
    "21605": {
        "0": 1,
        "1": 12,
        "2": 94,
        "3": 699,
        "4": 5143,
        "5": 20026,
        "6": 57376
    },
    "21606": {
        "0": 1,
        "1": 11,
        "2": 84,
        "3": 609,
        "4": 4423,
        "5": 14828,
        "6": 37616
    },
    "21607": {
        "0": 1,
        "1": 1,
        "2": 12,
        "3": 105,
        "4": 879,
        "5": 7231,
        "6": 28891
    },
    "21608": {
        "0": 1,
        "1": 1,
        "2": 10,
        "3": 81,
        "4": 631,
        "5": 4859,
        "6": 18384
    },
    "21609": {
        "0": 1,
        "1": 10,
        "2": 87,
        "3": 752,
        "4": 6411,
        "5": 24343,
        "6": 59290
    },
    "21610": {
        "0": 1,
        "1": 1,
        "2": 1,
        "3": 10,
        "4": 75,
        "5": 557,
        "6": 4124
    },
    "21611": {
        "0": 1,
        "1": 1,
        "2": 1,
        "3": 12,
        "4": 93,
        "5": 687,
        "6": 5051
    },
    "21612": {
        "0": 1,
        "1": 1,
        "2": 11,
        "3": 87,
        "4": 642,
        "5": 4694,
        "6": 16895
    },
    "21613": {
        "0": 1,
        "1": 1,
        "2": 10,
        "3": 73,
        "4": 538,
        "5": 4085,
        "6": 12268
    },
    "21614": {
        "0": 1,
        "1": 1,
        "2": 11,
        "3": 97,
        "4": 822,
        "5": 6851,
        "6": 26851
    },
    "21615": {
        "0": 1,
        "1": 9,
        "2": 77,
        "3": 660,
        "4": 5702,
        "5": 16817,
        "6": 36397
    },
    "21616": {
        "0": 1,
        "1": 1,
        "2": 9,
        "3": 69,
        "4": 545,
        "5": 4317,
        "6": 15140
    },
    "21617": {
        "0": 1,
        "1": 1,
        "2": 1,
        "3": 1,
        "4": 12,
        "5": 100,
        "6": 815
    },
    "21618": {
        "0": 1,
        "1": 10,
        "2": 78,
        "3": 594,
        "4": 4505,
        "5": 16769,
        "6": 47099
    },
    "21619": {
        "0": 1,
        "1": 9,
        "2": 75,
        "3": 642,
        "4": 5492,
        "5": 14509,
        "6": 26193
    },
    "21620": {
        "0": 1,
        "1": 1,
        "2": 10,
        "3": 84,
        "4": 709,
        "5": 5935,
        "6": 19476
    },
    "21621": {
        "0": 1,
        "1": 1,
        "2": 1,
        "3": 11,
        "4": 89,
        "5": 686,
        "6": 5232
    },
    "21622": {
        "0": 1,
        "1": 1,
        "2": 11,
        "3": 98,
        "4": 790,
        "5": 6071,
        "6": 27788
    },
    "21623": {
        "0": 1,
        "1": 10,
        "2": 82,
        "3": 673,
        "4": 5537,
        "5": 15513,
        "6": 27091
    },
    "21624": {
        "0": 1,
        "1": 1,
        "2": 13,
        "3": 103,
        "4": 759,
        "5": 5512,
        "6": 22393
    },
    "21625": {
        "0": 1,
        "1": 1,
        "2": 9,
        "3": 78,
        "4": 664,
        "5": 5657,
        "6": 15519
    },
    "21626": {
        "0": 1,
        "1": 1,
        "2": 10,
        "3": 86,
        "4": 752,
        "5": 6576,
        "6": 24222
    },
    "21627": {
        "0": 1,
        "1": 8,
        "2": 69,
        "3": 585,
        "4": 4907,
        "5": 10580,
        "6": 14566
    },
    "21628": {
        "0": 1,
        "1": 1,
        "2": 10,
        "3": 68,
        "4": 454,
        "5": 3036,
        "6": 11279
    },
    "21629": {
        "0": 1,
        "1": 10,
        "2": 76,
        "3": 577,
        "4": 4435,
        "5": 15321,
        "6": 36221
    },
    "21630": {
        "0": 1,
        "1": 14,
        "2": 128,
        "3": 1082,
        "4": 8936,
        "5": 41336,
        "6": 121705
    },
    "21631": {
        "0": 1,
        "1": 11,
        "2": 74,
        "3": 480,
        "4": 3199,
        "5": 11124,
        "6": 30955
    },
    "21632": {
        "0": 1,
        "1": 10,
        "2": 84,
        "3": 694,
        "4": 5602,
        "5": 16996,
        "6": 33030
    },
    "21633": {
        "0": 1,
        "1": 1,
        "2": 11,
        "3": 91,
        "4": 755,
        "5": 6225,
        "6": 20987
    },
    "21634": {
        "0": 1,
        "1": 1,
        "2": 10,
        "3": 77,
        "4": 590,
        "5": 4537,
        "6": 15886
    },
    "21635": {
        "0": 1,
        "1": 1,
        "2": 1,
        "3": 8,
        "4": 63,
        "5": 495,
        "6": 3841
    },
    "21636": {
        "0": 1,
        "1": 1,
        "2": 11,
        "3": 88,
        "4": 699,
        "5": 5513,
        "6": 24170
    },
    "21637": {
        "0": 1,
        "1": 1,
        "2": 14,
        "3": 116,
        "4": 886,
        "5": 6777,
        "6": 32777
    },
    "21638": {
        "0": 1,
        "1": 9,
        "2": 77,
        "3": 661,
        "4": 5633,
        "5": 17395,
        "6": 35373
    },
    "21639": {
        "0": 1,
        "1": 1,
        "2": 1,
        "3": 10,
        "4": 76,
        "5": 574,
        "6": 4375
    },
    "21640": {
        "0": 1,
        "1": 11,
        "2": 88,
        "3": 675,
        "4": 5095,
        "5": 20833,
        "6": 61512
    },
    "21641": {
        "0": 1,
        "1": 1,
        "2": 10,
        "3": 79,
        "4": 626,
        "5": 4975,
        "6": 20362
    },
    "21642": {
        "0": 1,
        "1": 12,
        "2": 106,
        "3": 916,
        "4": 7905,
        "5": 35676,
        "6": 104481
    },
    "21643": {
        "0": 1,
        "1": 11,
        "2": 92,
        "3": 756,
        "4": 6132,
        "5": 19552,
        "6": 41175
    },
    "21644": {
        "0": 1,
        "1": 10,
        "2": 84,
        "3": 708,
        "4": 5846,
        "5": 19548,
        "6": 47871
    },
    "21645": {
        "0": 1,
        "1": 12,
        "2": 97,
        "3": 743,
        "4": 5587,
        "5": 24126,
        "6": 70018
    },
    "21646": {
        "0": 1,
        "1": 11,
        "2": 82,
        "3": 601,
        "4": 4514,
        "5": 15056,
        "6": 33813
    },
    "21647": {
        "0": 1,
        "1": 1,
        "2": 9,
        "3": 64,
        "4": 433,
        "5": 2874,
        "6": 9812
    },
    "21648": {
        "0": 1,
        "1": 12,
        "2": 108,
        "3": 902,
        "4": 7295,
        "5": 29927,
        "6": 83075
    },
    "21649": {
        "0": 1,
        "1": 1,
        "2": 1,
        "3": 11,
        "4": 85,
        "5": 642,
        "6": 4788
    },
    "21650": {
        "0": 1,
        "1": 10,
        "2": 76,
        "3": 575,
        "4": 4410,
        "5": 14908,
        "6": 37246
    },
    "21651": {
        "0": 1,
        "1": 1,
        "2": 1,
        "3": 10,
        "4": 79,
        "5": 593,
        "6": 4418
    },
    "21652": {
        "0": 1,
        "1": 9,
        "2": 54,
        "3": 324,
        "4": 1974,
        "5": 7273,
        "6": 16282
    },
    "21653": {
        "0": 1,
        "1": 10,
        "2": 76,
        "3": 571,
        "4": 4297,
        "5": 13326,
        "6": 30673
    },
    "21654": {
        "0": 1,
        "1": 9,
        "2": 60,
        "3": 411,
        "4": 2814,
        "5": 9141,
        "6": 21089
    },
    "21655": {
        "0": 1,
        "1": 1,
        "2": 1,
        "3": 11,
        "4": 94,
        "5": 781,
        "6": 6398
    },
    "21656": {
        "0": 1,
        "1": 9,
        "2": 79,
        "3": 689,
        "4": 5866,
        "5": 19133,
        "6": 39017
    },
    "21657": {
        "0": 1,
        "1": 11,
        "2": 100,
        "3": 860,
        "4": 7189,
        "5": 29165,
        "6": 78267
    },
    "21658": {
        "0": 1,
        "1": 9,
        "2": 66,
        "3": 496,
        "4": 3726,
        "5": 8897,
        "6": 17259
    },
    "21659": {
        "0": 1,
        "1": 1,
        "2": 13,
        "3": 115,
        "4": 953,
        "5": 7690,
        "6": 33491
    },
    "21660": {
        "0": 1,
        "1": 9,
        "2": 57,
        "3": 347,
        "4": 2063,
        "5": 8148,
        "6": 24163
    },
    "21661": {
        "0": 1,
        "1": 11,
        "2": 88,
        "3": 688,
        "4": 5327,
        "5": 22153,
        "6": 63839
    },
    "21662": {
        "0": 1,
        "1": 11,
        "2": 91,
        "3": 709,
        "4": 5385,
        "5": 21372,
        "6": 60302
    },
    "21663": {
        "0": 1,
        "1": 1,
        "2": 11,
        "3": 93,
        "4": 790,
        "5": 6681,
        "6": 26205
    },
    "21664": {
        "0": 1,
        "1": 1,
        "2": 1,
        "3": 8,
        "4": 64,
        "5": 505,
        "6": 3976
    },
    "21665": {
        "0": 1,
        "1": 1,
        "2": 11,
        "3": 89,
        "4": 733,
        "5": 6036,
        "6": 19555
    },
    "21666": {
        "0": 1,
        "1": 10,
        "2": 76,
        "3": 574,
        "4": 4313,
        "5": 14956,
        "6": 39118
    },
    "21667": {
        "0": 1,
        "1": 1,
        "2": 1,
        "3": 13,
        "4": 106,
        "5": 832,
        "6": 6527
    },
    "21668": {
        "0": 1,
        "1": 13,
        "2": 106,
        "3": 787,
        "4": 5747,
        "5": 24667,
        "6": 75101
    },
    "21669": {
        "0": 1,
        "1": 8,
        "2": 68,
        "3": 578,
        "4": 4925,
        "5": 9554,
        "6": 12600
    },
    "21670": {
        "0": 1,
        "1": 12,
        "2": 88,
        "3": 591,
        "4": 3966,
        "5": 17609,
        "6": 58546
    },
    "21671": {
        "0": 1,
        "1": 11,
        "2": 75,
        "3": 484,
        "4": 3136,
        "5": 11351,
        "6": 32389
    },
    "21672": {
        "0": 1,
        "1": 1,
        "2": 12,
        "3": 102,
        "4": 795,
        "5": 6043,
        "6": 27997
    },
    "21673": {
        "0": 1,
        "1": 12,
        "2": 104,
        "3": 891,
        "4": 7618,
        "5": 32611,
        "6": 83894
    },
    "21674": {
        "0": 1,
        "1": 9,
        "2": 76,
        "3": 638,
        "4": 5264,
        "5": 15014,
        "6": 30564
    },
    "21675": {
        "0": 1,
        "1": 9,
        "2": 77,
        "3": 644,
        "4": 5376,
        "5": 14686,
        "6": 32191
    },
    "21676": {
        "0": 1,
        "1": 11,
        "2": 91,
        "3": 730,
        "4": 5746,
        "5": 17078,
        "6": 39857
    },
    "21677": {
        "0": 1,
        "1": 1,
        "2": 9,
        "3": 73,
        "4": 595,
        "5": 4754,
        "6": 9798
    },
    "21678": {
        "0": 1,
        "1": 10,
        "2": 84,
        "3": 741,
        "4": 6473,
        "5": 23281,
        "6": 53008
    },
    "21679": {
        "0": 1,
        "1": 10,
        "2": 79,
        "3": 640,
        "4": 5189,
        "5": 12165,
        "6": 19256
    },
    "21680": {
        "0": 1,
        "1": 9,
        "2": 80,
        "3": 702,
        "4": 6139,
        "5": 20957,
        "6": 50250
    },
    "21681": {
        "0": 1,
        "1": 10,
        "2": 73,
        "3": 557,
        "4": 4297,
        "5": 14132,
        "6": 32803
    },
    "21682": {
        "0": 1,
        "1": 1,
        "2": 11,
        "3": 92,
        "4": 768,
        "5": 6312,
        "6": 21287
    },
    "21683": {
        "0": 1,
        "1": 1,
        "2": 9,
        "3": 77,
        "4": 665,
        "5": 5710,
        "6": 18113
    },
    "21684": {
        "0": 1,
        "1": 9,
        "2": 76,
        "3": 659,
        "4": 5696,
        "5": 16529,
        "6": 31546
    },
    "21685": {
        "0": 1,
        "1": 11,
        "2": 93,
        "3": 779,
        "4": 6464,
        "5": 23367,
        "6": 60121
    },
    "21686": {
        "0": 1,
        "1": 10,
        "2": 76,
        "3": 556,
        "4": 4066,
        "5": 10824,
        "6": 26550
    },
    "21687": {
        "0": 1,
        "1": 1,
        "2": 10,
        "3": 73,
        "4": 542,
        "5": 4117,
        "6": 12615
    },
    "21688": {
        "0": 1,
        "1": 1,
        "2": 1,
        "3": 14,
        "4": 118,
        "5": 882,
        "6": 6439
    },
    "21689": {
        "0": 1,
        "1": 1,
        "2": 1,
        "3": 1,
        "4": 8,
        "5": 65,
        "6": 512
    },
    "21690": {
        "0": 1,
        "1": 1,
        "2": 10,
        "3": 89,
        "4": 789,
        "5": 6963,
        "6": 28719
    },
    "21691": {
        "0": 1,
        "1": 1,
        "2": 13,
        "3": 104,
        "4": 760,
        "5": 5536,
        "6": 21698
    },
    "21692": {
        "0": 1,
        "1": 10,
        "2": 76,
        "3": 571,
        "4": 4348,
        "5": 14024,
        "6": 29879
    },
    "21693": {
        "0": 1,
        "1": 1,
        "2": 10,
        "3": 74,
        "4": 559,
        "5": 4271,
        "6": 13531
    },
    "21694": {
        "0": 1,
        "1": 1,
        "2": 1,
        "3": 12,
        "4": 107,
        "5": 911,
        "6": 7544
    },
    "21695": {
        "0": 1,
        "1": 1,
        "2": 8,
        "3": 68,
        "4": 557,
        "5": 4455,
        "6": 7636
    },
    "21696": {
        "0": 1,
        "1": 1,
        "2": 10,
        "3": 77,
        "4": 591,
        "5": 4555,
        "6": 16100
    },
    "21697": {
        "0": 1,
        "1": 1,
        "2": 12,
        "3": 99,
        "4": 824,
        "5": 6884,
        "6": 25156
    },
    "21698": {
        "0": 1,
        "1": 1,
        "2": 1,
        "3": 10,
        "4": 84,
        "5": 712,
        "6": 6057
    },
    "21699": {
        "0": 1,
        "1": 1,
        "2": 12,
        "3": 89,
        "4": 606,
        "5": 4158,
        "6": 18446
    }
}