{
    "6000": {
        "0": 1,
        "1": 9,
        "2": 59,
        "3": 377,
        "4": 2434,
        "5": 6721,
        "6": 14401
    },
    "6001": {
        "0": 1,
        "1": 10,
        "2": 73,
        "3": 514,
        "4": 3650,
        "5": 8825,
        "6": 19907
    },
    "6002": {
        "0": 1,
        "1": 1,
        "2": 10,
        "3": 83,
        "4": 648,
        "5": 4965,
        "6": 20346
    },
    "6003": {
        "0": 1,
        "1": 11,
        "2": 75,
        "3": 471,
        "4": 3010,
        "5": 10295,
        "6": 26078
    },
    "6004": {
        "0": 1,
        "1": 10,
        "2": 86,
        "3": 735,
        "4": 6302,
        "5": 21595,
        "6": 50713
    },
    "6005": {
        "0": 1,
        "1": 9,
        "2": 81,
        "3": 704,
        "4": 5953,
        "5": 21726,
        "6": 55617
    },
    "6006": {
        "0": 1,
        "1": 8,
        "2": 68,
        "3": 568,
        "4": 4668,
        "5": 10225,
        "6": 18892
    },
    "6007": {
        "0": 1,
        "1": 1,
        "2": 10,
        "3": 78,
        "4": 588,
        "5": 4429,
        "6": 15837
    },
    "6008": {
        "0": 1,
        "1": 11,
        "2": 85,
        "3": 646,
        "4": 4945,
        "5": 18684,
        "6": 50703
    },
    "6009": {
        "0": 1,
        "1": 9,
        "2": 60,
        "3": 401,
        "4": 2721,
        "5": 8296,
        "6": 18447
    },
    "6010": {
        "0": 1,
        "1": 9,
        "2": 62,
        "3": 435,
        "4": 3034,
        "5": 10791,
        "6": 27458
    },
    "6011": {
        "0": 1,
        "1": 1,
        "2": 9,
        "3": 67,
        "4": 498,
        "5": 3636,
        "6": 8858
    },
    "6012": {
        "0": 1,
        "1": 1,
        "2": 1,
        "3": 10,
        "4": 86,
        "5": 744,
        "6": 6383
    },
    "6013": {
        "0": 1,
        "1": 1,
        "2": 9,
        "3": 74,
        "4": 612,
        "5": 4965,
        "6": 12325
    },
    "6014": {
        "0": 1,
        "1": 11,
        "2": 85,
        "3": 643,
        "4": 4797,
        "5": 18298,
        "6": 46599
    },
    "6015": {
        "0": 1,
        "1": 11,
        "2": 83,
        "3": 598,
        "4": 4305,
        "5": 13811,
        "6": 32633
    },
    "6016": {
        "0": 1,
        "1": 11,
        "2": 92,
        "3": 746,
        "4": 5958,
        "5": 27880,
        "6": 85349
    },
    "6017": {
        "0": 1,
        "1": 1,
        "2": 9,
        "3": 76,
        "4": 619,
        "5": 4961,
        "6": 11627
    },
    "6018": {
        "0": 1,
        "1": 12,
        "2": 96,
        "3": 734,
        "4": 5557,
        "5": 22951,
        "6": 65257
    },
    "6019": {
        "0": 1,
        "1": 9,
        "2": 68,
        "3": 522,
        "4": 3983,
        "5": 12932,
        "6": 27734
    },
    "6020": {
        "0": 1,
        "1": 1,
        "2": 13,
        "3": 109,
        "4": 832,
        "5": 6241,
        "6": 27822
    },
    "6021": {
        "0": 1,
        "1": 8,
        "2": 62,
        "3": 494,
        "4": 3983,
        "5": 13230,
        "6": 26768
    },
    "6022": {
        "0": 1,
        "1": 1,
        "2": 12,
        "3": 96,
        "4": 720,
        "5": 5389,
        "6": 21525
    },
    "6023": {
        "0": 1,
        "1": 11,
        "2": 85,
        "3": 658,
        "4": 5142,
        "5": 20660,
        "6": 57511
    },
    "6024": {
        "0": 1,
        "1": 1,
        "2": 1,
        "3": 1,
        "4": 1,
        "5": 12,
        "6": 90
    },
    "6025": {
        "0": 1,
        "1": 1,
        "2": 11,
        "3": 93,
        "4": 785,
        "5": 6568,
        "6": 23510
    },
    "6026": {
        "0": 1,
        "1": 1,
        "2": 12,
        "3": 96,
        "4": 719,
        "5": 5275,
        "6": 21001
    },
    "6027": {
        "0": 1,
        "1": 12,
        "2": 106,
        "3": 909,
        "4": 7656,
        "5": 34158,
        "6": 100222
    },
    "6028": {
        "0": 1,
        "1": 11,
        "2": 92,
        "3": 763,
        "4": 6258,
        "5": 23173,
        "6": 62734
    },
    "6029": {
        "0": 1,
        "1": 1,
        "2": 12,
        "3": 104,
        "4": 846,
        "5": 6596,
        "6": 24815
    },
    "6030": {
        "0": 1,
        "1": 10,
        "2": 75,
        "3": 553,
        "4": 3997,
        "5": 11554,
        "6": 26041
    },
    "6031": {
        "0": 1,
        "1": 1,
        "2": 1,
        "3": 1,
        "4": 10,
        "5": 70,
        "6": 486
    },
    "6032": {
        "0": 1,
        "1": 12,
        "2": 83,
        "3": 554,
        "4": 3775,
        "5": 15756,
        "6": 44217
    },
    "6033": {
        "0": 1,
        "1": 1,
        "2": 13,
        "3": 116,
        "4": 986,
        "5": 8240,
        "6": 36091
    },
    "6034": {
        "0": 1,
        "1": 1,
        "2": 8,
        "3": 63,
        "4": 498,
        "5": 3924,
        "6": 11476
    },
    "6035": {
        "0": 1,
        "1": 1,
        "2": 8,
        "3": 70,
        "4": 610,
        "5": 5307,
        "6": 13549
    },
    "6036": {
        "0": 1,
        "1": 1,
        "2": 1,
        "3": 11,
        "4": 81,
        "5": 568,
        "6": 3971
    },
    "6037": {
        "0": 1,
        "1": 1,
        "2": 11,
        "3": 82,
        "4": 583,
        "5": 4091,
        "6": 18146
    },
    "6038": {
        "0": 1,
        "1": 10,
        "2": 89,
        "3": 767,
        "4": 6579,
        "5": 25792,
        "6": 73874
    },
    "6039": {
        "0": 1,
        "1": 1,
        "2": 1,
        "3": 1,
        "4": 9,
        "5": 59,
        "6": 371
    },
    "6040": {
        "0": 1,
        "1": 10,
        "2": 84,
        "3": 705,
        "4": 5864,
        "5": 18407,
        "6": 40208
    },
    "6041": {
        "0": 1,
        "1": 10,
        "2": 66,
        "3": 432,
        "4": 2871,
        "5": 8733,
        "6": 19144
    },
    "6042": {
        "0": 1,
        "1": 1,
        "2": 9,
        "3": 67,
        "4": 496,
        "5": 3649,
        "6": 9410
    },
    "6043": {
        "0": 1,
        "1": 1,
        "2": 1,
        "3": 1,
        "4": 11,
        "5": 81,
        "6": 537
    },
    "6044": {
        "0": 1,
        "1": 11,
        "2": 91,
        "3": 775,
        "4": 6636,
        "5": 24358,
        "6": 55094
    },
    "6045": {
        "0": 1,
        "1": 1,
        "2": 8,
        "3": 54,
        "4": 378,
        "5": 2640,
        "6": 8245
    },
    "6046": {
        "0": 1,
        "1": 10,
        "2": 71,
        "3": 489,
        "4": 3393,
        "5": 13175,
        "6": 35664
    },
    "6047": {
        "0": 1,
        "1": 10,
        "2": 78,
        "3": 603,
        "4": 4667,
        "5": 17051,
        "6": 43507
    },
    "6048": {
        "0": 1,
        "1": 11,
        "2": 83,
        "3": 610,
        "4": 4545,
        "5": 14846,
        "6": 37492
    },
    "6049": {
        "0": 1,
        "1": 1,
        "2": 1,
        "3": 13,
        "4": 108,
        "5": 813,
        "6": 5944
    },
    "6050": {
        "0": 1,
        "1": 12,
        "2": 81,
        "3": 522,
        "4": 3369,
        "5": 12755,
        "6": 32853
    },
    "6051": {
        "0": 1,
        "1": 1,
        "2": 11,
        "3": 82,
        "4": 605,
        "5": 4504,
        "6": 16208
    },
    "6052": {
        "0": 1,
        "1": 9,
        "2": 62,
        "3": 424,
        "4": 2895,
        "5": 9501,
        "6": 22477
    },
    "6053": {
        "0": 1,
        "1": 10,
        "2": 59,
        "3": 358,
        "4": 2194,
        "5": 8515,
        "6": 22900
    },
    "6054": {
        "0": 1,
        "1": 1,
        "2": 1,
        "3": 13,
        "4": 115,
        "5": 978,
        "6": 8200
    },
    "6055": {
        "0": 1,
        "1": 1,
        "2": 9,
        "3": 76,
        "4": 653,
        "5": 5505,
        "6": 15732
    },
    "6056": {
        "0": 1,
        "1": 9,
        "2": 73,
        "3": 612,
        "4": 5133,
        "5": 10439,
        "6": 15391
    },
    "6057": {
        "0": 1,
        "1": 12,
        "2": 108,
        "3": 948,
        "4": 8220,
        "5": 38368,
        "6": 116864
    },
    "6058": {
        "0": 1,
        "1": 10,
        "2": 71,
        "3": 475,
        "4": 3174,
        "5": 10985,
        "6": 30905
    },
    "6059": {
        "0": 1,
        "1": 1,
        "2": 1,
        "3": 12,
        "4": 106,
        "5": 889,
        "6": 7228
    },
    "6060": {
        "0": 1,
        "1": 1,
        "2": 9,
        "3": 60,
        "4": 391,
        "5": 2558,
        "6": 7610
    },
    "6061": {
        "0": 1,
        "1": 1,
        "2": 13,
        "3": 106,
        "4": 742,
        "5": 5036,
        "6": 18898
    },
    "6062": {
        "0": 1,
        "1": 13,
        "2": 115,
        "3": 977,
        "4": 8061,
        "5": 35761,
        "6": 99968
    },
    "6063": {
        "0": 1,
        "1": 1,
        "2": 10,
        "3": 74,
        "4": 560,
        "5": 4305,
        "6": 14296
    },
    "6064": {
        "0": 1,
        "1": 9,
        "2": 75,
        "3": 639,
        "4": 5491,
        "5": 14539,
        "6": 26047
    },
    "6065": {
        "0": 1,
        "1": 12,
        "2": 99,
        "3": 820,
        "4": 6848,
        "5": 24733,
        "6": 50303
    },
    "6066": {
        "0": 1,
        "1": 1,
        "2": 9,
        "3": 61,
        "4": 409,
        "5": 2778,
        "6": 8618
    },
    "6067": {
        "0": 1,
        "1": 10,
        "2": 75,
        "3": 545,
        "4": 3948,
        "5": 11345,
        "6": 25395
    },
    "6068": {
        "0": 1,
        "1": 1,
        "2": 12,
        "3": 94,
        "4": 705,
        "5": 5254,
        "6": 21216
    },
    "6069": {
        "0": 1,
        "1": 1,
        "2": 13,
        "3": 115,
        "4": 966,
        "5": 8085,
        "6": 35521
    },
    "6070": {
        "0": 1,
        "1": 1,
        "2": 11,
        "3": 94,
        "4": 802,
        "5": 6791,
        "6": 26871
    },
    "6071": {
        "0": 1,
        "1": 8,
        "2": 70,
        "3": 600,
        "4": 5051,
        "5": 11916,
        "6": 24477
    },
    "6072": {
        "0": 1,
        "1": 1,
        "2": 10,
        "3": 70,
        "4": 462,
        "5": 3025,
        "6": 10668
    },
    "6073": {
        "0": 1,
        "1": 9,
        "2": 75,
        "3": 606,
        "4": 4849,
        "5": 10813,
        "6": 20538
    },
    "6074": {
        "0": 1,
        "1": 10,
        "2": 84,
        "3": 729,
        "4": 6184,
        "5": 21859,
        "6": 50400
    },
    "6075": {
        "0": 1,
        "1": 1,
        "2": 10,
        "3": 76,
        "4": 566,
        "5": 4187,
        "6": 13785
    },
    "6076": {
        "0": 1,
        "1": 13,
        "2": 94,
        "3": 617,
        "4": 4069,
        "5": 16653,
        "6": 51521
    },
    "6077": {
        "0": 1,
        "1": 1,
        "2": 8,
        "3": 68,
        "4": 575,
        "5": 4811,
        "6": 9560
    },
    "6078": {
        "0": 1,
        "1": 11,
        "2": 86,
        "3": 645,
        "4": 4847,
        "5": 17375,
        "6": 41846
    },
    "6079": {
        "0": 1,
        "1": 1,
        "2": 9,
        "3": 75,
        "4": 622,
        "5": 5154,
        "6": 12428
    },
    "6080": {
        "0": 1,
        "1": 11,
        "2": 93,
        "3": 792,
        "4": 6736,
        "5": 24505,
        "6": 60827
    },
    "6081": {
        "0": 1,
        "1": 8,
        "2": 69,
        "3": 586,
        "4": 4935,
        "5": 11261,
        "6": 19475
    },
    "6082": {
        "0": 1,
        "1": 1,
        "2": 10,
        "3": 75,
        "4": 536,
        "5": 3838,
        "6": 10162
    },
    "6083": {
        "0": 1,
        "1": 1,
        "2": 10,
        "3": 75,
        "4": 588,
        "5": 4617,
        "6": 16760
    },
    "6084": {
        "0": 1,
        "1": 12,
        "2": 96,
        "3": 728,
        "4": 5515,
        "5": 22689,
        "6": 62239
    },
    "6085": {
        "0": 1,
        "1": 1,
        "2": 12,
        "3": 102,
        "4": 858,
        "5": 7281,
        "6": 29614
    },
    "6086": {
        "0": 1,
        "1": 1,
        "2": 10,
        "3": 84,
        "4": 689,
        "5": 5678,
        "6": 16911
    },
    "6087": {
        "0": 1,
        "1": 10,
        "2": 78,
        "3": 592,
        "4": 4423,
        "5": 15408,
        "6": 40585
    },
    "6088": {
        "0": 1,
        "1": 10,
        "2": 78,
        "3": 596,
        "4": 4580,
        "5": 16018,
        "6": 41080
    },
    "6089": {
        "0": 1,
        "1": 11,
        "2": 83,
        "3": 617,
        "4": 4611,
        "5": 15642,
        "6": 37768
    },
    "6090": {
        "0": 1,
        "1": 10,
        "2": 78,
        "3": 600,
        "4": 4578,
        "5": 17350,
        "6": 44613
    },
    "6091": {
        "0": 1,
        "1": 1,
        "2": 9,
        "3": 76,
        "4": 652,
        "5": 5592,
        "6": 15331
    },
    "6092": {
        "0": 1,
        "1": 11,
        "2": 99,
        "3": 855,
        "4": 7244,
        "5": 30701,
        "6": 89316
    },
    "6093": {
        "0": 1,
        "1": 1,
        "2": 9,
        "3": 65,
        "4": 488,
        "5": 3708,
        "6": 9258
    },
    "6094": {
        "0": 1,
        "1": 1,
        "2": 11,
        "3": 79,
        "4": 526,
        "5": 3523,
        "6": 14624
    },
    "6095": {
        "0": 1,
        "1": 1,
        "2": 1,
        "3": 9,
        "4": 68,
        "5": 512,
        "6": 3856
    },
    "6096": {
        "0": 1,
        "1": 1,
        "2": 10,
        "3": 79,
        "4": 612,
        "5": 4708,
        "6": 17103
    },
    "6097": {
        "0": 1,
        "1": 13,
        "2": 93,
        "3": 588,
        "4": 3694,
        "5": 14262,
        "6": 39172
    },
    "6098": {
        "0": 1,
        "1": 10,
        "2": 75,
        "3": 574,
        "4": 4407,
        "5": 14809,
        "6": 35913
    },
    "6099": {
        "0": 1,
        "1": 1,
        "2": 1,
        "3": 11,
        "4": 95,
        "5": 821,
        "6": 7013
    }
}