{
    "29500": {
        "0": 1,
        "1": 10,
        "2": 84,
        "3": 734,
        "4": 6373,
        "5": 22710,
        "6": 50818
    },
    "29501": {
        "0": 1,
        "1": 12,
        "2": 87,
        "3": 578,
        "4": 3802,
        "5": 14845,
        "6": 42314
    },
    "29502": {
        "0": 1,
        "1": 1,
        "2": 1,
        "3": 13,
        "4": 106,
        "5": 811,
        "6": 6122
    },
    "29503": {
        "0": 1,
        "1": 10,
        "2": 84,
        "3": 707,
        "4": 5800,
        "5": 18851,
        "6": 45079
    },
    "29504": {
        "0": 1,
        "1": 10,
        "2": 69,
        "3": 482,
        "4": 3377,
        "5": 13360,
        "6": 34966
    },
    "29505": {
        "0": 1,
        "1": 8,
        "2": 62,
        "3": 487,
        "4": 3794,
        "5": 11870,
        "6": 27388
    },
    "29506": {
        "0": 1,
        "1": 11,
        "2": 69,
        "3": 406,
        "4": 2472,
        "5": 10185,
        "6": 31370
    },
    "29507": {
        "0": 1,
        "1": 1,
        "2": 1,
        "3": 8,
        "4": 59,
        "5": 446,
        "6": 3440
    },
    "29508": {
        "0": 1,
        "1": 9,
        "2": 67,
        "3": 480,
        "4": 3392,
        "5": 8348,
        "6": 15365
    },
    "29509": {
        "0": 1,
        "1": 1,
        "2": 1,
        "3": 8,
        "4": 63,
        "5": 487,
        "6": 3773
    },
    "29510": {
        "0": 1,
        "1": 1,
        "2": 8,
        "3": 68,
        "4": 579,
        "5": 4890,
        "6": 10831
    },
    "29511": {
        "0": 1,
        "1": 11,
        "2": 88,
        "3": 686,
        "4": 5259,
        "5": 21130,
        "6": 52024
    },
    "29512": {
        "0": 1,
        "1": 11,
        "2": 83,
        "3": 617,
        "4": 4605,
        "5": 17309,
        "6": 44446
    },
    "29513": {
        "0": 1,
        "1": 1,
        "2": 10,
        "3": 86,
        "4": 722,
        "5": 5874,
        "6": 19167
    },
    "29514": {
        "0": 1,
        "1": 1,
        "2": 10,
        "3": 88,
        "4": 740,
        "5": 6123,
        "6": 22210
    },
    "29515": {
        "0": 1,
        "1": 9,
        "2": 72,
        "3": 580,
        "4": 4600,
        "5": 8398,
        "6": 12700
    },
    "29516": {
        "0": 1,
        "1": 10,
        "2": 79,
        "3": 654,
        "4": 5473,
        "5": 13510,
        "6": 23802
    },
    "29517": {
        "0": 1,
        "1": 12,
        "2": 103,
        "3": 864,
        "4": 7193,
        "5": 29506,
        "6": 77291
    },
    "29518": {
        "0": 1,
        "1": 8,
        "2": 62,
        "3": 474,
        "4": 3577,
        "5": 9604,
        "6": 17172
    },
    "29519": {
        "0": 1,
        "1": 1,
        "2": 1,
        "3": 9,
        "4": 77,
        "5": 660,
        "6": 5603
    },
    "29520": {
        "0": 1,
        "1": 1,
        "2": 1,
        "3": 12,
        "4": 107,
        "5": 923,
        "6": 7881
    },
    "29521": {
        "0": 1,
        "1": 11,
        "2": 85,
        "3": 615,
        "4": 4439,
        "5": 14692,
        "6": 37256
    },
    "29522": {
        "0": 1,
        "1": 1,
        "2": 1,
        "3": 12,
        "4": 97,
        "5": 722,
        "6": 5217
    },
    "29523": {
        "0": 1,
        "1": 11,
        "2": 93,
        "3": 785,
        "4": 6651,
        "5": 23639,
        "6": 53333
    },
    "29524": {
        "0": 1,
        "1": 1,
        "2": 1,
        "3": 11,
        "4": 95,
        "5": 796,
        "6": 6477
    },
    "29525": {
        "0": 1,
        "1": 11,
        "2": 78,
        "3": 500,
        "4": 3210,
        "5": 11454,
        "6": 31679
    },
    "29526": {
        "0": 1,
        "1": 10,
        "2": 78,
        "3": 601,
        "4": 4631,
        "5": 16743,
        "6": 40459
    },
    "29527": {
        "0": 1,
        "1": 9,
        "2": 79,
        "3": 678,
        "4": 5743,
        "5": 18232,
        "6": 38817
    },
    "29528": {
        "0": 1,
        "1": 10,
        "2": 72,
        "3": 488,
        "4": 3260,
        "5": 6013,
        "6": 10362
    },
    "29529": {
        "0": 1,
        "1": 1,
        "2": 1,
        "3": 1,
        "4": 12,
        "5": 93,
        "6": 692
    },
    "29530": {
        "0": 1,
        "1": 1,
        "2": 1,
        "3": 12,
        "4": 86,
        "5": 512,
        "6": 3056
    },
    "29531": {
        "0": 1,
        "1": 8,
        "2": 63,
        "3": 497,
        "4": 3822,
        "5": 11472,
        "6": 26501
    },
    "29532": {
        "0": 1,
        "1": 9,
        "2": 75,
        "3": 649,
        "4": 5637,
        "5": 16121,
        "6": 35705
    },
    "29533": {
        "0": 1,
        "1": 8,
        "2": 60,
        "3": 429,
        "4": 2969,
        "5": 6479,
        "6": 11585
    },
    "29534": {
        "0": 1,
        "1": 1,
        "2": 9,
        "3": 62,
        "4": 424,
        "5": 2872,
        "6": 10252
    },
    "29535": {
        "0": 1,
        "1": 10,
        "2": 75,
        "3": 587,
        "4": 4678,
        "5": 18421,
        "6": 49731
    },
    "29536": {
        "0": 1,
        "1": 12,
        "2": 94,
        "3": 702,
        "4": 5282,
        "5": 21000,
        "6": 57256
    },
    "29537": {
        "0": 1,
        "1": 9,
        "2": 78,
        "3": 658,
        "4": 5635,
        "5": 15632,
        "6": 33021
    },
    "29538": {
        "0": 1,
        "1": 12,
        "2": 97,
        "3": 728,
        "4": 5386,
        "5": 22158,
        "6": 69160
    },
    "29539": {
        "0": 1,
        "1": 1,
        "2": 1,
        "3": 12,
        "4": 103,
        "5": 876,
        "6": 7491
    },
    "29540": {
        "0": 1,
        "1": 1,
        "2": 12,
        "3": 90,
        "4": 647,
        "5": 4677,
        "6": 23592
    },
    "29541": {
        "0": 1,
        "1": 1,
        "2": 13,
        "3": 115,
        "4": 957,
        "5": 7809,
        "6": 32651
    },
    "29542": {
        "0": 1,
        "1": 1,
        "2": 1,
        "3": 12,
        "4": 98,
        "5": 748,
        "6": 5700
    },
    "29543": {
        "0": 1,
        "1": 11,
        "2": 94,
        "3": 796,
        "4": 6608,
        "5": 26127,
        "6": 69299
    },
    "29544": {
        "0": 1,
        "1": 1,
        "2": 8,
        "3": 72,
        "4": 632,
        "5": 5470,
        "6": 16689
    },
    "29545": {
        "0": 1,
        "1": 9,
        "2": 73,
        "3": 606,
        "4": 5073,
        "5": 10002,
        "6": 21445
    },
    "29546": {
        "0": 1,
        "1": 11,
        "2": 74,
        "3": 498,
        "4": 3420,
        "5": 13424,
        "6": 32151
    },
    "29547": {
        "0": 1,
        "1": 1,
        "2": 1,
        "3": 11,
        "4": 85,
        "5": 631,
        "6": 4635
    },
    "29548": {
        "0": 1,
        "1": 1,
        "2": 1,
        "3": 9,
        "4": 61,
        "5": 420,
        "6": 2889
    },
    "29549": {
        "0": 1,
        "1": 1,
        "2": 8,
        "3": 68,
        "4": 567,
        "5": 4678,
        "6": 8059
    },
    "29550": {
        "0": 1,
        "1": 1,
        "2": 1,
        "3": 12,
        "4": 89,
        "5": 608,
        "6": 4173
    },
    "29551": {
        "0": 1,
        "1": 1,
        "2": 1,
        "3": 8,
        "4": 51,
        "5": 333,
        "6": 2189
    },
    "29552": {
        "0": 1,
        "1": 1,
        "2": 1,
        "3": 1,
        "4": 9,
        "5": 74,
        "6": 619
    },
    "29553": {
        "0": 1,
        "1": 1,
        "2": 1,
        "3": 10,
        "4": 87,
        "5": 737,
        "6": 6249
    },
    "29554": {
        "0": 1,
        "1": 11,
        "2": 92,
        "3": 761,
        "4": 6153,
        "5": 21218,
        "6": 42531
    },
    "29555": {
        "0": 1,
        "1": 1,
        "2": 10,
        "3": 78,
        "4": 594,
        "5": 4490,
        "6": 14770
    },
    "29556": {
        "0": 1,
        "1": 1,
        "2": 10,
        "3": 92,
        "4": 798,
        "5": 6704,
        "6": 26080
    },
    "29557": {
        "0": 1,
        "1": 9,
        "2": 68,
        "3": 519,
        "4": 3931,
        "5": 12369,
        "6": 26746
    },
    "29558": {
        "0": 1,
        "1": 12,
        "2": 108,
        "3": 907,
        "4": 7424,
        "5": 31229,
        "6": 87622
    },
    "29559": {
        "0": 1,
        "1": 9,
        "2": 72,
        "3": 574,
        "4": 4532,
        "5": 16253,
        "6": 42190
    },
    "29560": {
        "0": 1,
        "1": 1,
        "2": 10,
        "3": 86,
        "4": 722,
        "5": 5856,
        "6": 21030
    },
    "29561": {
        "0": 1,
        "1": 1,
        "2": 11,
        "3": 86,
        "4": 635,
        "5": 4570,
        "6": 15298
    },
    "29562": {
        "0": 1,
        "1": 1,
        "2": 11,
        "3": 92,
        "4": 780,
        "5": 6632,
        "6": 23828
    },
    "29563": {
        "0": 1,
        "1": 1,
        "2": 11,
        "3": 89,
        "4": 685,
        "5": 5220,
        "6": 20692
    },
    "29564": {
        "0": 1,
        "1": 8,
        "2": 68,
        "3": 571,
        "4": 4782,
        "5": 7341,
        "6": 8158
    },
    "29565": {
        "0": 1,
        "1": 1,
        "2": 12,
        "3": 107,
        "4": 923,
        "5": 7769,
        "6": 33737
    },
    "29566": {
        "0": 1,
        "1": 10,
        "2": 77,
        "3": 589,
        "4": 4529,
        "5": 15483,
        "6": 37789
    },
    "29567": {
        "0": 1,
        "1": 9,
        "2": 69,
        "3": 523,
        "4": 3889,
        "5": 11360,
        "6": 24125
    },
    "29568": {
        "0": 1,
        "1": 1,
        "2": 12,
        "3": 73,
        "4": 421,
        "5": 2483,
        "6": 9816
    },
    "29569": {
        "0": 1,
        "1": 1,
        "2": 12,
        "3": 98,
        "4": 737,
        "5": 5412,
        "6": 21778
    },
    "29570": {
        "0": 1,
        "1": 12,
        "2": 100,
        "3": 789,
        "4": 6019,
        "5": 19857,
        "6": 45416
    },
    "29571": {
        "0": 1,
        "1": 1,
        "2": 10,
        "3": 79,
        "4": 594,
        "5": 4438,
        "6": 15534
    },
    "29572": {
        "0": 1,
        "1": 10,
        "2": 87,
        "3": 755,
        "4": 6552,
        "5": 23927,
        "6": 55117
    },
    "29573": {
        "0": 1,
        "1": 12,
        "2": 93,
        "3": 676,
        "4": 4891,
        "5": 18127,
        "6": 48708
    },
    "29574": {
        "0": 1,
        "1": 11,
        "2": 82,
        "3": 537,
        "4": 3413,
        "5": 13701,
        "6": 42381
    },
    "29575": {
        "0": 1,
        "1": 11,
        "2": 90,
        "3": 733,
        "4": 5818,
        "5": 19602,
        "6": 41239
    },
    "29576": {
        "0": 1,
        "1": 1,
        "2": 1,
        "3": 1,
        "4": 1,
        "5": 10,
        "6": 86
    },
    "29577": {
        "0": 1,
        "1": 10,
        "2": 87,
        "3": 743,
        "4": 6252,
        "5": 22182,
        "6": 54156
    },
    "29578": {
        "0": 1,
        "1": 9,
        "2": 59,
        "3": 380,
        "4": 2498,
        "5": 6329,
        "6": 11594
    },
    "29579": {
        "0": 1,
        "1": 1,
        "2": 1,
        "3": 1,
        "4": 10,
        "5": 72,
        "6": 506
    },
    "29580": {
        "0": 1,
        "1": 8,
        "2": 65,
        "3": 545,
        "4": 4604,
        "5": 6681,
        "6": 10452
    },
    "29581": {
        "0": 1,
        "1": 11,
        "2": 88,
        "3": 670,
        "4": 5055,
        "5": 19152,
        "6": 50055
    },
    "29582": {
        "0": 1,
        "1": 1,
        "2": 11,
        "3": 84,
        "4": 616,
        "5": 4483,
        "6": 15300
    },
    "29583": {
        "0": 1,
        "1": 1,
        "2": 10,
        "3": 90,
        "4": 805,
        "5": 7178,
        "6": 30508
    },
    "29584": {
        "0": 1,
        "1": 1,
        "2": 13,
        "3": 106,
        "4": 780,
        "5": 5614,
        "6": 22837
    },
    "29585": {
        "0": 1,
        "1": 11,
        "2": 91,
        "3": 764,
        "4": 6375,
        "5": 22840,
        "6": 56824
    },
    "29586": {
        "0": 1,
        "1": 1,
        "2": 9,
        "3": 76,
        "4": 625,
        "5": 4974,
        "6": 13482
    },
    "29587": {
        "0": 1,
        "1": 1,
        "2": 1,
        "3": 8,
        "4": 53,
        "5": 357,
        "6": 2417
    },
    "29588": {
        "0": 1,
        "1": 11,
        "2": 93,
        "3": 797,
        "4": 6824,
        "5": 25752,
        "6": 60421
    },
    "29589": {
        "0": 1,
        "1": 1,
        "2": 10,
        "3": 67,
        "4": 443,
        "5": 3000,
        "6": 10260
    },
    "29590": {
        "0": 1,
        "1": 1,
        "2": 1,
        "3": 8,
        "4": 47,
        "5": 277,
        "6": 1631
    },
    "29591": {
        "0": 1,
        "1": 9,
        "2": 78,
        "3": 657,
        "4": 5559,
        "5": 14637,
        "6": 32790
    },
    "29592": {
        "0": 1,
        "1": 1,
        "2": 11,
        "3": 76,
        "4": 510,
        "5": 3471,
        "6": 13670
    },
    "29593": {
        "0": 1,
        "1": 9,
        "2": 75,
        "3": 610,
        "4": 4803,
        "5": 11600,
        "6": 23105
    },
    "29594": {
        "0": 1,
        "1": 1,
        "2": 11,
        "3": 86,
        "4": 648,
        "5": 4800,
        "6": 18127
    },
    "29595": {
        "0": 1,
        "1": 10,
        "2": 84,
        "3": 719,
        "4": 6171,
        "5": 20642,
        "6": 47723
    },
    "29596": {
        "0": 1,
        "1": 8,
        "2": 51,
        "3": 334,
        "4": 2222,
        "5": 4671,
        "6": 9430
    },
    "29597": {
        "0": 1,
        "1": 1,
        "2": 11,
        "3": 92,
        "4": 777,
        "5": 6458,
        "6": 22985
    },
    "29598": {
        "0": 1,
        "1": 8,
        "2": 60,
        "3": 451,
        "4": 3420,
        "5": 8667,
        "6": 19420
    },
    "29599": {
        "0": 1,
        "1": 13,
        "2": 114,
        "3": 958,
        "4": 7985,
        "5": 33995,
        "6": 89478
    }
}