{
    "17700": {
        "0": 1,
        "1": 10,
        "2": 78,
        "3": 611,
        "4": 4652,
        "5": 17454,
        "6": 41541
    },
    "17701": {
        "0": 1,
        "1": 12,
        "2": 96,
        "3": 719,
        "4": 5378,
        "5": 22703,
        "6": 68834
    },
    "17702": {
        "0": 1,
        "1": 1,
        "2": 10,
        "3": 86,
        "4": 718,
        "5": 5869,
        "6": 27966
    },
    "17703": {
        "0": 1,
        "1": 1,
        "2": 1,
        "3": 11,
        "4": 87,
        "5": 689,
        "6": 5400
    },
    "17704": {
        "0": 1,
        "1": 10,
        "2": 72,
        "3": 496,
        "4": 3407,
        "5": 13028,
        "6": 37332
    },
    "17705": {
        "0": 1,
        "1": 1,
        "2": 10,
        "3": 73,
        "4": 515,
        "5": 3651,
        "6": 15565
    },
    "17706": {
        "0": 1,
        "1": 1,
        "2": 1,
        "3": 8,
        "4": 65,
        "5": 530,
        "6": 4325
    },
    "17707": {
        "0": 1,
        "1": 10,
        "2": 80,
        "3": 664,
        "4": 5567,
        "5": 14370,
        "6": 20647
    },
    "17708": {
        "0": 1,
        "1": 8,
        "2": 67,
        "3": 554,
        "4": 4519,
        "5": 8598,
        "6": 13171
    },
    "17709": {
        "0": 1,
        "1": 8,
        "2": 66,
        "3": 535,
        "4": 4271,
        "5": 6028,
        "6": 9632
    },
    "17710": {
        "0": 1,
        "1": 1,
        "2": 11,
        "3": 94,
        "4": 779,
        "5": 6330,
        "6": 23044
    },
    "17711": {
        "0": 1,
        "1": 1,
        "2": 10,
        "3": 72,
        "4": 506,
        "5": 3572,
        "6": 14934
    },
    "17712": {
        "0": 1,
        "1": 1,
        "2": 1,
        "3": 1,
        "4": 11,
        "5": 91,
        "6": 702
    },
    "17713": {
        "0": 1,
        "1": 10,
        "2": 82,
        "3": 663,
        "4": 5185,
        "5": 14361,
        "6": 29909
    },
    "17714": {
        "0": 1,
        "1": 1,
        "2": 10,
        "3": 81,
        "4": 662,
        "5": 5397,
        "6": 24585
    },
    "17715": {
        "0": 1,
        "1": 1,
        "2": 1,
        "3": 1,
        "4": 9,
        "5": 75,
        "6": 628
    },
    "17716": {
        "0": 1,
        "1": 1,
        "2": 10,
        "3": 85,
        "4": 721,
        "5": 6049,
        "6": 20312
    },
    "17717": {
        "0": 1,
        "1": 10,
        "2": 87,
        "3": 752,
        "4": 6494,
        "5": 22963,
        "6": 56541
    },
    "17718": {
        "0": 1,
        "1": 1,
        "2": 1,
        "3": 1,
        "4": 1,
        "5": 11,
        "6": 84
    },
    "17719": {
        "0": 1,
        "1": 12,
        "2": 95,
        "3": 704,
        "4": 5220,
        "5": 19908,
        "6": 55508
    },
    "17720": {
        "0": 1,
        "1": 11,
        "2": 67,
        "3": 380,
        "4": 2239,
        "5": 8521,
        "6": 22963
    },
    "17721": {
        "0": 1,
        "1": 13,
        "2": 88,
        "3": 540,
        "4": 3330,
        "5": 15749,
        "6": 52932
    },
    "17722": {
        "0": 1,
        "1": 1,
        "2": 1,
        "3": 11,
        "4": 88,
        "5": 693,
        "6": 5466
    },
    "17723": {
        "0": 1,
        "1": 10,
        "2": 83,
        "3": 680,
        "4": 5583,
        "5": 15687,
        "6": 33421
    },
    "17724": {
        "0": 1,
        "1": 10,
        "2": 82,
        "3": 679,
        "4": 5607,
        "5": 15930,
        "6": 29684
    },
    "17725": {
        "0": 1,
        "1": 12,
        "2": 98,
        "3": 712,
        "4": 5073,
        "5": 18761,
        "6": 52384
    },
    "17726": {
        "0": 1,
        "1": 1,
        "2": 9,
        "3": 75,
        "4": 619,
        "5": 5073,
        "6": 10286
    },
    "17727": {
        "0": 1,
        "1": 11,
        "2": 76,
        "3": 505,
        "4": 3433,
        "5": 13263,
        "6": 35681
    },
    "17728": {
        "0": 1,
        "1": 1,
        "2": 9,
        "3": 59,
        "4": 384,
        "5": 2516,
        "6": 6151
    },
    "17729": {
        "0": 1,
        "1": 1,
        "2": 1,
        "3": 1,
        "4": 10,
        "5": 69,
        "6": 458
    },
    "17730": {
        "0": 1,
        "1": 10,
        "2": 86,
        "3": 754,
        "4": 6571,
        "5": 23779,
        "6": 56318
    },
    "17731": {
        "0": 1,
        "1": 1,
        "2": 9,
        "3": 60,
        "4": 405,
        "5": 2757,
        "6": 8653
    },
    "17732": {
        "0": 1,
        "1": 1,
        "2": 13,
        "3": 107,
        "4": 818,
        "5": 6244,
        "6": 28587
    },
    "17733": {
        "0": 1,
        "1": 1,
        "2": 1,
        "3": 1,
        "4": 12,
        "5": 83,
        "6": 547
    },
    "17734": {
        "0": 1,
        "1": 1,
        "2": 10,
        "3": 77,
        "4": 592,
        "5": 4553,
        "6": 15762
    },
    "17735": {
        "0": 1,
        "1": 10,
        "2": 78,
        "3": 599,
        "4": 4552,
        "5": 17252,
        "6": 48330
    },
    "17736": {
        "0": 1,
        "1": 1,
        "2": 1,
        "3": 9,
        "4": 70,
        "5": 539,
        "6": 4177
    },
    "17737": {
        "0": 1,
        "1": 1,
        "2": 10,
        "3": 61,
        "4": 350,
        "5": 2039,
        "6": 7013
    },
    "17738": {
        "0": 1,
        "1": 8,
        "2": 71,
        "3": 602,
        "4": 4932,
        "5": 11886,
        "6": 20633
    },
    "17739": {
        "0": 1,
        "1": 1,
        "2": 11,
        "3": 94,
        "4": 782,
        "5": 6384,
        "6": 23513
    },
    "17740": {
        "0": 1,
        "1": 10,
        "2": 85,
        "3": 719,
        "4": 5949,
        "5": 20813,
        "6": 50199
    },
    "17741": {
        "0": 1,
        "1": 10,
        "2": 67,
        "3": 437,
        "4": 2883,
        "5": 8753,
        "6": 21806
    },
    "17742": {
        "0": 1,
        "1": 11,
        "2": 72,
        "3": 445,
        "4": 2822,
        "5": 9147,
        "6": 22614
    },
    "17743": {
        "0": 1,
        "1": 1,
        "2": 1,
        "3": 10,
        "4": 81,
        "5": 675,
        "6": 5622
    },
    "17744": {
        "0": 1,
        "1": 1,
        "2": 10,
        "3": 86,
        "4": 721,
        "5": 6015,
        "6": 16999
    },
    "17745": {
        "0": 1,
        "1": 10,
        "2": 60,
        "3": 371,
        "4": 2282,
        "5": 9296,
        "6": 26398
    },
    "17746": {
        "0": 1,
        "1": 11,
        "2": 85,
        "3": 614,
        "4": 4381,
        "5": 15543,
        "6": 39818
    },
    "17747": {
        "0": 1,
        "1": 1,
        "2": 10,
        "3": 76,
        "4": 552,
        "5": 3951,
        "6": 12579
    },
    "17748": {
        "0": 1,
        "1": 8,
        "2": 68,
        "3": 576,
        "4": 4882,
        "5": 8988,
        "6": 12586
    },
    "17749": {
        "0": 1,
        "1": 1,
        "2": 1,
        "3": 12,
        "4": 102,
        "5": 843,
        "6": 6951
    },
    "17750": {
        "0": 1,
        "1": 11,
        "2": 95,
        "3": 814,
        "4": 6867,
        "5": 27226,
        "6": 65724
    },
    "17751": {
        "0": 1,
        "1": 12,
        "2": 94,
        "3": 681,
        "4": 4782,
        "5": 17552,
        "6": 49302
    },
    "17752": {
        "0": 1,
        "1": 8,
        "2": 74,
        "3": 654,
        "4": 5658,
        "5": 20141,
        "6": 47694
    },
    "17753": {
        "0": 1,
        "1": 8,
        "2": 60,
        "3": 466,
        "4": 3668,
        "5": 9729,
        "6": 21371
    },
    "17754": {
        "0": 1,
        "1": 9,
        "2": 79,
        "3": 687,
        "4": 5911,
        "5": 20011,
        "6": 40697
    },
    "17755": {
        "0": 1,
        "1": 10,
        "2": 84,
        "3": 721,
        "4": 6146,
        "5": 21716,
        "6": 54706
    },
    "17756": {
        "0": 1,
        "1": 1,
        "2": 1,
        "3": 12,
        "4": 107,
        "5": 917,
        "6": 7604
    },
    "17757": {
        "0": 1,
        "1": 1,
        "2": 10,
        "3": 71,
        "4": 479,
        "5": 3224,
        "6": 12385
    },
    "17758": {
        "0": 1,
        "1": 1,
        "2": 10,
        "3": 70,
        "4": 468,
        "5": 3118,
        "6": 10420
    },
    "17759": {
        "0": 1,
        "1": 8,
        "2": 68,
        "3": 574,
        "4": 4857,
        "5": 8627,
        "6": 13638
    },
    "17760": {
        "0": 1,
        "1": 1,
        "2": 10,
        "3": 62,
        "4": 394,
        "5": 2468,
        "6": 10383
    },
    "17761": {
        "0": 1,
        "1": 1,
        "2": 1,
        "3": 1,
        "4": 8,
        "5": 63,
        "6": 490
    },
    "17762": {
        "0": 1,
        "1": 8,
        "2": 70,
        "3": 605,
        "4": 5244,
        "5": 12996,
        "6": 24266
    },
    "17763": {
        "0": 1,
        "1": 1,
        "2": 8,
        "3": 72,
        "4": 626,
        "5": 5349,
        "6": 15071
    },
    "17764": {
        "0": 1,
        "1": 9,
        "2": 78,
        "3": 662,
        "4": 5603,
        "5": 14808,
        "6": 29673
    },
    "17765": {
        "0": 1,
        "1": 1,
        "2": 1,
        "3": 11,
        "4": 89,
        "5": 715,
        "6": 5775
    },
    "17766": {
        "0": 1,
        "1": 10,
        "2": 58,
        "3": 328,
        "4": 1863,
        "5": 6419,
        "6": 16586
    },
    "17767": {
        "0": 1,
        "1": 1,
        "2": 8,
        "3": 70,
        "4": 602,
        "5": 5134,
        "6": 13553
    },
    "17768": {
        "0": 1,
        "1": 10,
        "2": 84,
        "3": 700,
        "4": 5750,
        "5": 19094,
        "6": 45171
    },
    "17769": {
        "0": 1,
        "1": 1,
        "2": 1,
        "3": 1,
        "4": 11,
        "5": 85,
        "6": 638
    },
    "17770": {
        "0": 1,
        "1": 1,
        "2": 12,
        "3": 100,
        "4": 836,
        "5": 7088,
        "6": 27998
    },
    "17771": {
        "0": 1,
        "1": 1,
        "2": 1,
        "3": 1,
        "4": 1,
        "5": 1,
        "6": 11
    },
    "17772": {
        "0": 1,
        "1": 11,
        "2": 78,
        "3": 505,
        "4": 3228,
        "5": 11524,
        "6": 28193
    },
    "17773": {
        "0": 1,
        "1": 1,
        "2": 10,
        "3": 71,
        "4": 517,
        "5": 3731,
        "6": 16354
    },
    "17774": {
        "0": 1,
        "1": 11,
        "2": 96,
        "3": 834,
        "4": 7223,
        "5": 29631,
        "6": 80053
    },
    "17775": {
        "0": 1,
        "1": 9,
        "2": 74,
        "3": 609,
        "4": 5021,
        "5": 11429,
        "6": 19522
    },
    "17776": {
        "0": 1,
        "1": 1,
        "2": 11,
        "3": 96,
        "4": 836,
        "5": 7263,
        "6": 30498
    },
    "17777": {
        "0": 1,
        "1": 1,
        "2": 9,
        "3": 73,
        "4": 614,
        "5": 5149,
        "6": 12887
    },
    "17778": {
        "0": 1,
        "1": 10,
        "2": 89,
        "3": 758,
        "4": 6391,
        "5": 23014,
        "6": 59835
    },
    "17779": {
        "0": 1,
        "1": 1,
        "2": 1,
        "3": 12,
        "4": 101,
        "5": 841,
        "6": 7056
    },
    "17780": {
        "0": 1,
        "1": 1,
        "2": 9,
        "3": 68,
        "4": 497,
        "5": 3581,
        "6": 10117
    },
    "17781": {
        "0": 1,
        "1": 11,
        "2": 91,
        "3": 722,
        "4": 5678,
        "5": 16700,
        "6": 35467
    },
    "17782": {
        "0": 1,
        "1": 10,
        "2": 78,
        "3": 602,
        "4": 4535,
        "5": 17895,
        "6": 48487
    },
    "17783": {
        "0": 1,
        "1": 1,
        "2": 11,
        "3": 79,
        "4": 542,
        "5": 3698,
        "6": 14921
    },
    "17784": {
        "0": 1,
        "1": 1,
        "2": 11,
        "3": 97,
        "4": 810,
        "5": 6688,
        "6": 24986
    },
    "17785": {
        "0": 1,
        "1": 8,
        "2": 69,
        "3": 567,
        "4": 4497,
        "5": 9462,
        "6": 18155
    },
    "17786": {
        "0": 1,
        "1": 1,
        "2": 11,
        "3": 90,
        "4": 708,
        "5": 5465,
        "6": 22619
    },
    "17787": {
        "0": 1,
        "1": 13,
        "2": 103,
        "3": 769,
        "4": 5822,
        "5": 25306,
        "6": 71169
    },
    "17788": {
        "0": 1,
        "1": 10,
        "2": 67,
        "3": 442,
        "4": 2937,
        "5": 8953,
        "6": 23919
    },
    "17789": {
        "0": 1,
        "1": 11,
        "2": 90,
        "3": 697,
        "4": 5338,
        "5": 21656,
        "6": 57144
    },
    "17790": {
        "0": 1,
        "1": 1,
        "2": 10,
        "3": 67,
        "4": 443,
        "5": 2982,
        "6": 9940
    },
    "17791": {
        "0": 1,
        "1": 1,
        "2": 10,
        "3": 84,
        "4": 710,
        "5": 5918,
        "6": 18866
    },
    "17792": {
        "0": 1,
        "1": 10,
        "2": 82,
        "3": 685,
        "4": 5643,
        "5": 15905,
        "6": 28030
    },
    "17793": {
        "0": 1,
        "1": 1,
        "2": 1,
        "3": 12,
        "4": 96,
        "5": 733,
        "6": 5562
    },
    "17794": {
        "0": 1,
        "1": 10,
        "2": 80,
        "3": 629,
        "4": 4946,
        "5": 19652,
        "6": 54991
    },
    "17795": {
        "0": 1,
        "1": 1,
        "2": 1,
        "3": 11,
        "4": 84,
        "5": 636,
        "6": 4906
    },
    "17796": {
        "0": 1,
        "1": 11,
        "2": 84,
        "3": 646,
        "4": 4968,
        "5": 18958,
        "6": 48793
    },
    "17797": {
        "0": 1,
        "1": 9,
        "2": 74,
        "3": 621,
        "4": 5246,
        "5": 11174,
        "6": 17883
    },
    "17798": {
        "0": 1,
        "1": 13,
        "2": 116,
        "3": 969,
        "4": 7962,
        "5": 35074,
        "6": 101427
    },
    "17799": {
        "0": 1,
        "1": 1,
        "2": 1,
        "3": 12,
        "4": 88,
        "5": 585,
        "6": 3798
    }
}