{
    "15000": {
        "0": 1,
        "1": 10,
        "2": 83,
        "3": 702,
        "4": 5857,
        "5": 18558,
        "6": 38559
    },
    "15001": {
        "0": 1,
        "1": 11,
        "2": 92,
        "3": 742,
        "4": 5906,
        "5": 18943,
        "6": 45297
    },
    "15002": {
        "0": 1,
        "1": 8,
        "2": 56,
        "3": 384,
        "4": 2618,
        "5": 7371,
        "6": 18092
    },
    "15003": {
        "0": 1,
        "1": 10,
        "2": 70,
        "3": 500,
        "4": 3573,
        "5": 15094,
        "6": 41728
    },
    "15004": {
        "0": 1,
        "1": 1,
        "2": 11,
        "3": 76,
        "4": 488,
        "5": 3125,
        "6": 9926
    },
    "15005": {
        "0": 1,
        "1": 10,
        "2": 69,
        "3": 495,
        "4": 3631,
        "5": 16494,
        "6": 51159
    },
    "15006": {
        "0": 1,
        "1": 1,
        "2": 1,
        "3": 12,
        "4": 100,
        "5": 779,
        "6": 5993
    },
    "15007": {
        "0": 1,
        "1": 10,
        "2": 83,
        "3": 704,
        "4": 5837,
        "5": 19694,
        "6": 41066
    },
    "15008": {
        "0": 1,
        "1": 1,
        "2": 11,
        "3": 85,
        "4": 642,
        "5": 4879,
        "6": 18124
    },
    "15009": {
        "0": 1,
        "1": 9,
        "2": 70,
        "3": 541,
        "4": 4107,
        "5": 13502,
        "6": 30539
    },
    "15010": {
        "0": 1,
        "1": 12,
        "2": 95,
        "3": 704,
        "4": 5228,
        "5": 20066,
        "6": 48765
    },
    "15011": {
        "0": 1,
        "1": 8,
        "2": 53,
        "3": 353,
        "4": 2383,
        "5": 5813,
        "6": 13412
    },
    "15012": {
        "0": 1,
        "1": 9,
        "2": 66,
        "3": 496,
        "4": 3788,
        "5": 10135,
        "6": 18743
    },
    "15013": {
        "0": 1,
        "1": 10,
        "2": 86,
        "3": 764,
        "4": 6712,
        "5": 25984,
        "6": 60453
    },
    "15014": {
        "0": 1,
        "1": 8,
        "2": 67,
        "3": 537,
        "4": 4171,
        "5": 6521,
        "6": 9082
    },
    "15015": {
        "0": 1,
        "1": 12,
        "2": 93,
        "3": 671,
        "4": 4772,
        "5": 16565,
        "6": 39872
    },
    "15016": {
        "0": 1,
        "1": 1,
        "2": 12,
        "3": 95,
        "4": 714,
        "5": 5318,
        "6": 22196
    },
    "15017": {
        "0": 1,
        "1": 9,
        "2": 71,
        "3": 568,
        "4": 4525,
        "5": 16931,
        "6": 46819
    },
    "15018": {
        "0": 1,
        "1": 11,
        "2": 93,
        "3": 794,
        "4": 6806,
        "5": 25381,
        "6": 60544
    },
    "15019": {
        "0": 1,
        "1": 1,
        "2": 9,
        "3": 61,
        "4": 413,
        "5": 2811,
        "6": 8919
    },
    "15020": {
        "0": 1,
        "1": 1,
        "2": 12,
        "3": 92,
        "4": 666,
        "5": 4833,
        "6": 18062
    },
    "15021": {
        "0": 1,
        "1": 1,
        "2": 9,
        "3": 51,
        "4": 309,
        "5": 1887,
        "6": 6908
    },
    "15022": {
        "0": 1,
        "1": 1,
        "2": 1,
        "3": 1,
        "4": 10,
        "5": 79,
        "6": 624
    },
    "15023": {
        "0": 1,
        "1": 1,
        "2": 1,
        "3": 10,
        "4": 86,
        "5": 718,
        "6": 5903
    },
    "15024": {
        "0": 1,
        "1": 1,
        "2": 11,
        "3": 93,
        "4": 791,
        "5": 6739,
        "6": 24994
    },
    "15025": {
        "0": 1,
        "1": 10,
        "2": 68,
        "3": 458,
        "4": 3144,
        "5": 11257,
        "6": 30415
    },
    "15026": {
        "0": 1,
        "1": 1,
        "2": 9,
        "3": 75,
        "4": 620,
        "5": 5067,
        "6": 13474
    },
    "15027": {
        "0": 1,
        "1": 1,
        "2": 12,
        "3": 101,
        "4": 821,
        "5": 6520,
        "6": 23624
    },
    "15028": {
        "0": 1,
        "1": 1,
        "2": 11,
        "3": 94,
        "4": 804,
        "5": 6845,
        "6": 25345
    },
    "15029": {
        "0": 1,
        "1": 10,
        "2": 69,
        "3": 404,
        "4": 2305,
        "5": 5207,
        "6": 13024
    },
    "15030": {
        "0": 1,
        "1": 8,
        "2": 75,
        "3": 673,
        "4": 5924,
        "5": 21055,
        "6": 50196
    },
    "15031": {
        "0": 1,
        "1": 12,
        "2": 98,
        "3": 789,
        "4": 6324,
        "5": 22728,
        "6": 49286
    },
    "15032": {
        "0": 1,
        "1": 1,
        "2": 11,
        "3": 91,
        "4": 772,
        "5": 6625,
        "6": 24489
    },
    "15033": {
        "0": 1,
        "1": 9,
        "2": 63,
        "3": 425,
        "4": 2854,
        "5": 8797,
        "6": 19444
    },
    "15034": {
        "0": 1,
        "1": 10,
        "2": 82,
        "3": 652,
        "4": 5124,
        "5": 21181,
        "6": 60867
    },
    "15035": {
        "0": 1,
        "1": 11,
        "2": 94,
        "3": 792,
        "4": 6674,
        "5": 23773,
        "6": 50129
    },
    "15036": {
        "0": 1,
        "1": 10,
        "2": 74,
        "3": 552,
        "4": 4137,
        "5": 12070,
        "6": 24950
    },
    "15037": {
        "0": 1,
        "1": 9,
        "2": 68,
        "3": 519,
        "4": 3989,
        "5": 11421,
        "6": 24727
    },
    "15038": {
        "0": 1,
        "1": 1,
        "2": 8,
        "3": 53,
        "4": 362,
        "5": 2492,
        "6": 6914
    },
    "15039": {
        "0": 1,
        "1": 10,
        "2": 81,
        "3": 648,
        "4": 5124,
        "5": 21066,
        "6": 61364
    },
    "15040": {
        "0": 1,
        "1": 9,
        "2": 68,
        "3": 507,
        "4": 3818,
        "5": 9714,
        "6": 20321
    },
    "15041": {
        "0": 1,
        "1": 1,
        "2": 1,
        "3": 1,
        "4": 12,
        "5": 106,
        "6": 889
    },
    "15042": {
        "0": 1,
        "1": 11,
        "2": 93,
        "3": 751,
        "4": 5966,
        "5": 18243,
        "6": 39199
    },
    "15043": {
        "0": 1,
        "1": 9,
        "2": 74,
        "3": 616,
        "4": 5112,
        "5": 12221,
        "6": 21722
    },
    "15044": {
        "0": 1,
        "1": 10,
        "2": 75,
        "3": 533,
        "4": 3752,
        "5": 10911,
        "6": 26095
    },
    "15045": {
        "0": 1,
        "1": 1,
        "2": 13,
        "3": 107,
        "4": 837,
        "5": 6559,
        "6": 32057
    },
    "15046": {
        "0": 1,
        "1": 10,
        "2": 66,
        "3": 404,
        "4": 2487,
        "5": 6349,
        "6": 13590
    },
    "15047": {
        "0": 1,
        "1": 9,
        "2": 67,
        "3": 488,
        "4": 3558,
        "5": 8814,
        "6": 18576
    },
    "15048": {
        "0": 1,
        "1": 1,
        "2": 1,
        "3": 10,
        "4": 79,
        "5": 598,
        "6": 4426
    },
    "15049": {
        "0": 1,
        "1": 1,
        "2": 12,
        "3": 86,
        "4": 555,
        "5": 3542,
        "6": 13428
    },
    "15050": {
        "0": 1,
        "1": 1,
        "2": 10,
        "3": 80,
        "4": 623,
        "5": 4818,
        "6": 18167
    },
    "15051": {
        "0": 1,
        "1": 11,
        "2": 83,
        "3": 612,
        "4": 4578,
        "5": 17223,
        "6": 46273
    },
    "15052": {
        "0": 1,
        "1": 1,
        "2": 1,
        "3": 1,
        "4": 11,
        "5": 70,
        "6": 417
    },
    "15053": {
        "0": 1,
        "1": 1,
        "2": 1,
        "3": 11,
        "4": 90,
        "5": 745,
        "6": 6134
    },
    "15054": {
        "0": 1,
        "1": 1,
        "2": 10,
        "3": 74,
        "4": 561,
        "5": 4289,
        "6": 13993
    },
    "15055": {
        "0": 1,
        "1": 10,
        "2": 89,
        "3": 772,
        "4": 6642,
        "5": 24296,
        "6": 56972
    },
    "15056": {
        "0": 1,
        "1": 1,
        "2": 1,
        "3": 9,
        "4": 81,
        "5": 699,
        "6": 5896
    },
    "15057": {
        "0": 1,
        "1": 1,
        "2": 10,
        "3": 62,
        "4": 352,
        "5": 2023,
        "6": 6787
    },
    "15058": {
        "0": 1,
        "1": 1,
        "2": 10,
        "3": 79,
        "4": 608,
        "5": 4644,
        "6": 16367
    },
    "15059": {
        "0": 1,
        "1": 10,
        "2": 78,
        "3": 584,
        "4": 4331,
        "5": 14595,
        "6": 35490
    },
    "15060": {
        "0": 1,
        "1": 1,
        "2": 11,
        "3": 92,
        "4": 767,
        "5": 6256,
        "6": 22691
    },
    "15061": {
        "0": 1,
        "1": 1,
        "2": 11,
        "3": 78,
        "4": 528,
        "5": 3593,
        "6": 14095
    },
    "15062": {
        "0": 1,
        "1": 11,
        "2": 72,
        "3": 486,
        "4": 3266,
        "5": 12025,
        "6": 34305
    },
    "15063": {
        "0": 1,
        "1": 1,
        "2": 1,
        "3": 1,
        "4": 11,
        "5": 91,
        "6": 717
    },
    "15064": {
        "0": 1,
        "1": 11,
        "2": 94,
        "3": 784,
        "4": 6513,
        "5": 23980,
        "6": 55333
    },
    "15065": {
        "0": 1,
        "1": 13,
        "2": 107,
        "3": 784,
        "4": 5766,
        "5": 24864,
        "6": 74014
    },
    "15066": {
        "0": 1,
        "1": 10,
        "2": 83,
        "3": 687,
        "4": 5666,
        "5": 16598,
        "6": 35371
    },
    "15067": {
        "0": 1,
        "1": 12,
        "2": 97,
        "3": 746,
        "4": 5693,
        "5": 24579,
        "6": 70713
    },
    "15068": {
        "0": 1,
        "1": 1,
        "2": 11,
        "3": 95,
        "4": 822,
        "5": 7101,
        "6": 28507
    },
    "15069": {
        "0": 1,
        "1": 9,
        "2": 72,
        "3": 566,
        "4": 4405,
        "5": 15208,
        "6": 38984
    },
    "15070": {
        "0": 1,
        "1": 8,
        "2": 69,
        "3": 598,
        "4": 5163,
        "5": 13817,
        "6": 26994
    },
    "15071": {
        "0": 1,
        "1": 1,
        "2": 1,
        "3": 10,
        "4": 85,
        "5": 708,
        "6": 5831
    },
    "15072": {
        "0": 1,
        "1": 1,
        "2": 11,
        "3": 97,
        "4": 847,
        "5": 7311,
        "6": 29016
    },
    "15073": {
        "0": 1,
        "1": 1,
        "2": 10,
        "3": 83,
        "4": 711,
        "5": 6084,
        "6": 19239
    },
    "15074": {
        "0": 1,
        "1": 10,
        "2": 85,
        "3": 730,
        "4": 6237,
        "5": 20481,
        "6": 41324
    },
    "15075": {
        "0": 1,
        "1": 11,
        "2": 84,
        "3": 617,
        "4": 4499,
        "5": 15487,
        "6": 35876
    },
    "15076": {
        "0": 1,
        "1": 10,
        "2": 80,
        "3": 601,
        "4": 4450,
        "5": 15436,
        "6": 38910
    },
    "15077": {
        "0": 1,
        "1": 1,
        "2": 10,
        "3": 87,
        "4": 764,
        "5": 6614,
        "6": 24345
    },
    "15078": {
        "0": 1,
        "1": 10,
        "2": 87,
        "3": 747,
        "4": 6387,
        "5": 22076,
        "6": 50309
    },
    "15079": {
        "0": 1,
        "1": 10,
        "2": 78,
        "3": 591,
        "4": 4427,
        "5": 15855,
        "6": 37648
    },
    "15080": {
        "0": 1,
        "1": 11,
        "2": 78,
        "3": 531,
        "4": 3624,
        "5": 14625,
        "6": 42271
    },
    "15081": {
        "0": 1,
        "1": 1,
        "2": 1,
        "3": 10,
        "4": 81,
        "5": 668,
        "6": 5485
    },
    "15082": {
        "0": 1,
        "1": 1,
        "2": 9,
        "3": 68,
        "4": 528,
        "5": 4088,
        "6": 12496
    },
    "15083": {
        "0": 1,
        "1": 1,
        "2": 10,
        "3": 91,
        "4": 790,
        "5": 6686,
        "6": 25872
    },
    "15084": {
        "0": 1,
        "1": 8,
        "2": 72,
        "3": 626,
        "4": 5303,
        "5": 16322,
        "6": 36179
    },
    "15085": {
        "0": 1,
        "1": 1,
        "2": 8,
        "3": 61,
        "4": 470,
        "5": 3593,
        "6": 9800
    },
    "15086": {
        "0": 1,
        "1": 1,
        "2": 10,
        "3": 81,
        "4": 642,
        "5": 5052,
        "6": 20352
    },
    "15087": {
        "0": 1,
        "1": 13,
        "2": 106,
        "3": 798,
        "4": 6013,
        "5": 26645,
        "6": 79166
    },
    "15088": {
        "0": 1,
        "1": 12,
        "2": 107,
        "3": 920,
        "4": 7746,
        "5": 34315,
        "6": 92890
    },
    "15089": {
        "0": 1,
        "1": 1,
        "2": 11,
        "3": 87,
        "4": 667,
        "5": 5176,
        "6": 21302
    },
    "15090": {
        "0": 1,
        "1": 9,
        "2": 71,
        "3": 554,
        "4": 4320,
        "5": 14552,
        "6": 32304
    },
    "15091": {
        "0": 1,
        "1": 12,
        "2": 98,
        "3": 753,
        "4": 5723,
        "5": 24016,
        "6": 73801
    },
    "15092": {
        "0": 1,
        "1": 10,
        "2": 84,
        "3": 706,
        "4": 5915,
        "5": 19216,
        "6": 43098
    },
    "15093": {
        "0": 1,
        "1": 1,
        "2": 1,
        "3": 11,
        "4": 95,
        "5": 806,
        "6": 6784
    },
    "15094": {
        "0": 1,
        "1": 1,
        "2": 1,
        "3": 9,
        "4": 76,
        "5": 665,
        "6": 5836
    },
    "15095": {
        "0": 1,
        "1": 9,
        "2": 70,
        "3": 532,
        "4": 4030,
        "5": 13150,
        "6": 25416
    },
    "15096": {
        "0": 1,
        "1": 12,
        "2": 97,
        "3": 730,
        "4": 5348,
        "5": 20963,
        "6": 61356
    },
    "15097": {
        "0": 1,
        "1": 1,
        "2": 9,
        "3": 74,
        "4": 611,
        "5": 4979,
        "6": 12697
    },
    "15098": {
        "0": 1,
        "1": 1,
        "2": 9,
        "3": 67,
        "4": 496,
        "5": 3660,
        "6": 9640
    },
    "15099": {
        "0": 1,
        "1": 8,
        "2": 71,
        "3": 623,
        "4": 5448,
        "5": 14735,
        "6": 28125
    }
}