{
    "30100": {
        "0": 1,
        "1": 10,
        "2": 71,
        "3": 525,
        "4": 3978,
        "5": 11130,
        "6": 21987
    },
    "30101": {
        "0": 1,
        "1": 11,
        "2": 75,
        "3": 494,
        "4": 3327,
        "5": 12341,
        "6": 32740
    },
    "30102": {
        "0": 1,
        "1": 10,
        "2": 77,
        "3": 593,
        "4": 4615,
        "5": 16997,
        "6": 41992
    },
    "30103": {
        "0": 1,
        "1": 1,
        "2": 8,
        "3": 70,
        "4": 608,
        "5": 5279,
        "6": 13222
    },
    "30104": {
        "0": 1,
        "1": 1,
        "2": 12,
        "3": 87,
        "4": 583,
        "5": 3922,
        "6": 16039
    },
    "30105": {
        "0": 1,
        "1": 1,
        "2": 1,
        "3": 9,
        "4": 69,
        "5": 527,
        "6": 4022
    },
    "30106": {
        "0": 1,
        "1": 11,
        "2": 94,
        "3": 797,
        "4": 6784,
        "5": 25428,
        "6": 63035
    },
    "30107": {
        "0": 1,
        "1": 10,
        "2": 78,
        "3": 600,
        "4": 4534,
        "5": 16444,
        "6": 42313
    },
    "30108": {
        "0": 1,
        "1": 13,
        "2": 112,
        "3": 908,
        "4": 7232,
        "5": 29465,
        "6": 81832
    },
    "30109": {
        "0": 1,
        "1": 1,
        "2": 1,
        "3": 1,
        "4": 9,
        "5": 60,
        "6": 415
    },
    "30110": {
        "0": 1,
        "1": 1,
        "2": 1,
        "3": 9,
        "4": 65,
        "5": 462,
        "6": 3228
    },
    "30111": {
        "0": 1,
        "1": 1,
        "2": 1,
        "3": 11,
        "4": 85,
        "5": 649,
        "6": 5037
    },
    "30112": {
        "0": 1,
        "1": 11,
        "2": 92,
        "3": 774,
        "4": 6577,
        "5": 23300,
        "6": 51775
    },
    "30113": {
        "0": 1,
        "1": 11,
        "2": 93,
        "3": 798,
        "4": 6813,
        "5": 25288,
        "6": 59901
    },
    "30114": {
        "0": 1,
        "1": 1,
        "2": 1,
        "3": 1,
        "4": 1,
        "5": 11,
        "6": 93
    },
    "30115": {
        "0": 1,
        "1": 8,
        "2": 63,
        "3": 485,
        "4": 3639,
        "5": 9480,
        "6": 21489
    },
    "30116": {
        "0": 1,
        "1": 1,
        "2": 1,
        "3": 1,
        "4": 1,
        "5": 10,
        "6": 70
    },
    "30117": {
        "0": 1,
        "1": 10,
        "2": 76,
        "3": 578,
        "4": 4434,
        "5": 15212,
        "6": 33887
    },
    "30118": {
        "0": 1,
        "1": 11,
        "2": 87,
        "3": 668,
        "4": 5097,
        "5": 19808,
        "6": 53549
    },
    "30119": {
        "0": 1,
        "1": 1,
        "2": 10,
        "3": 70,
        "4": 475,
        "5": 3220,
        "6": 11665
    },
    "30120": {
        "0": 1,
        "1": 1,
        "2": 9,
        "3": 67,
        "4": 500,
        "5": 3728,
        "6": 10558
    },
    "30121": {
        "0": 1,
        "1": 10,
        "2": 82,
        "3": 681,
        "4": 5602,
        "5": 15569,
        "6": 28810
    },
    "30122": {
        "0": 1,
        "1": 10,
        "2": 77,
        "3": 563,
        "4": 4119,
        "5": 12836,
        "6": 33932
    },
    "30123": {
        "0": 1,
        "1": 1,
        "2": 1,
        "3": 1,
        "4": 1,
        "5": 9,
        "6": 79
    },
    "30124": {
        "0": 1,
        "1": 9,
        "2": 71,
        "3": 549,
        "4": 4220,
        "5": 14722,
        "6": 35341
    },
    "30125": {
        "0": 1,
        "1": 1,
        "2": 11,
        "3": 93,
        "4": 808,
        "5": 6974,
        "6": 27490
    },
    "30126": {
        "0": 1,
        "1": 11,
        "2": 86,
        "3": 645,
        "4": 4880,
        "5": 18176,
        "6": 47700
    },
    "30127": {
        "0": 1,
        "1": 1,
        "2": 1,
        "3": 10,
        "4": 81,
        "5": 651,
        "6": 5194
    },
    "30128": {
        "0": 1,
        "1": 1,
        "2": 9,
        "3": 76,
        "4": 643,
        "5": 5425,
        "6": 15334
    },
    "30129": {
        "0": 1,
        "1": 1,
        "2": 1,
        "3": 10,
        "4": 84,
        "5": 702,
        "6": 5842
    },
    "30130": {
        "0": 1,
        "1": 11,
        "2": 98,
        "3": 880,
        "4": 7737,
        "5": 34622,
        "6": 96744
    },
    "30131": {
        "0": 1,
        "1": 1,
        "2": 11,
        "3": 93,
        "4": 803,
        "5": 6876,
        "6": 25987
    },
    "30132": {
        "0": 1,
        "1": 1,
        "2": 1,
        "3": 10,
        "4": 85,
        "5": 727,
        "6": 6183
    },
    "30133": {
        "0": 1,
        "1": 1,
        "2": 11,
        "3": 87,
        "4": 666,
        "5": 5083,
        "6": 19065
    },
    "30134": {
        "0": 1,
        "1": 1,
        "2": 10,
        "3": 72,
        "4": 510,
        "5": 3586,
        "6": 14646
    },
    "30135": {
        "0": 1,
        "1": 1,
        "2": 12,
        "3": 74,
        "4": 432,
        "5": 2588,
        "6": 10795
    },
    "30136": {
        "0": 1,
        "1": 10,
        "2": 83,
        "3": 680,
        "4": 5499,
        "5": 16343,
        "6": 35376
    },
    "30137": {
        "0": 1,
        "1": 11,
        "2": 95,
        "3": 811,
        "4": 6922,
        "5": 26622,
        "6": 69975
    },
    "30138": {
        "0": 1,
        "1": 8,
        "2": 71,
        "3": 616,
        "4": 5287,
        "5": 14868,
        "6": 31691
    },
    "30139": {
        "0": 1,
        "1": 1,
        "2": 13,
        "3": 97,
        "4": 651,
        "5": 4345,
        "6": 18808
    },
    "30140": {
        "0": 1,
        "1": 10,
        "2": 83,
        "3": 698,
        "4": 5900,
        "5": 17473,
        "6": 33249
    },
    "30141": {
        "0": 1,
        "1": 1,
        "2": 10,
        "3": 82,
        "4": 691,
        "5": 5862,
        "6": 17035
    },
    "30142": {
        "0": 1,
        "1": 12,
        "2": 94,
        "3": 702,
        "4": 5171,
        "5": 20623,
        "6": 47231
    },
    "30143": {
        "0": 1,
        "1": 1,
        "2": 10,
        "3": 87,
        "4": 754,
        "5": 6473,
        "6": 24796
    },
    "30144": {
        "0": 1,
        "1": 1,
        "2": 1,
        "3": 1,
        "4": 8,
        "5": 62,
        "6": 471
    },
    "30145": {
        "0": 1,
        "1": 10,
        "2": 76,
        "3": 565,
        "4": 4182,
        "5": 12242,
        "6": 28573
    },
    "30146": {
        "0": 1,
        "1": 1,
        "2": 11,
        "3": 77,
        "4": 540,
        "5": 3822,
        "6": 16789
    },
    "30147": {
        "0": 1,
        "1": 1,
        "2": 12,
        "3": 103,
        "4": 851,
        "5": 6954,
        "6": 28558
    },
    "30148": {
        "0": 1,
        "1": 10,
        "2": 75,
        "3": 561,
        "4": 4205,
        "5": 14171,
        "6": 37803
    },
    "30149": {
        "0": 1,
        "1": 11,
        "2": 85,
        "3": 650,
        "4": 4917,
        "5": 19715,
        "6": 46624
    },
    "30150": {
        "0": 1,
        "1": 12,
        "2": 89,
        "3": 621,
        "4": 4329,
        "5": 20972,
        "6": 71939
    },
    "30151": {
        "0": 1,
        "1": 1,
        "2": 1,
        "3": 12,
        "4": 110,
        "5": 962,
        "6": 8221
    },
    "30152": {
        "0": 1,
        "1": 9,
        "2": 68,
        "3": 511,
        "4": 3822,
        "5": 11428,
        "6": 26492
    },
    "30153": {
        "0": 1,
        "1": 1,
        "2": 11,
        "3": 85,
        "4": 661,
        "5": 5142,
        "6": 20784
    },
    "30154": {
        "0": 1,
        "1": 1,
        "2": 12,
        "3": 103,
        "4": 859,
        "5": 7132,
        "6": 28661
    },
    "30155": {
        "0": 1,
        "1": 11,
        "2": 84,
        "3": 635,
        "4": 4798,
        "5": 17295,
        "6": 39891
    },
    "30156": {
        "0": 1,
        "1": 1,
        "2": 10,
        "3": 78,
        "4": 607,
        "5": 4744,
        "6": 17936
    },
    "30157": {
        "0": 1,
        "1": 1,
        "2": 1,
        "3": 1,
        "4": 8,
        "5": 56,
        "6": 406
    },
    "30158": {
        "0": 1,
        "1": 8,
        "2": 52,
        "3": 331,
        "4": 2109,
        "5": 4496,
        "6": 7962
    },
    "30159": {
        "0": 1,
        "1": 9,
        "2": 71,
        "3": 545,
        "4": 4159,
        "5": 12572,
        "6": 29312
    },
    "30160": {
        "0": 1,
        "1": 10,
        "2": 78,
        "3": 589,
        "4": 4459,
        "5": 14848,
        "6": 35374
    },
    "30161": {
        "0": 1,
        "1": 1,
        "2": 1,
        "3": 11,
        "4": 87,
        "5": 671,
        "6": 5129
    },
    "30162": {
        "0": 1,
        "1": 1,
        "2": 10,
        "3": 87,
        "4": 759,
        "5": 6565,
        "6": 23798
    },
    "30163": {
        "0": 1,
        "1": 11,
        "2": 97,
        "3": 819,
        "4": 6760,
        "5": 25034,
        "6": 62437
    },
    "30164": {
        "0": 1,
        "1": 12,
        "2": 94,
        "3": 685,
        "4": 4929,
        "5": 18058,
        "6": 47526
    },
    "30165": {
        "0": 1,
        "1": 1,
        "2": 11,
        "3": 95,
        "4": 767,
        "5": 5946,
        "6": 19879
    },
    "30166": {
        "0": 1,
        "1": 11,
        "2": 77,
        "3": 524,
        "4": 3585,
        "5": 14425,
        "6": 42310
    },
    "30167": {
        "0": 1,
        "1": 11,
        "2": 93,
        "3": 767,
        "4": 6209,
        "5": 19822,
        "6": 42666
    },
    "30168": {
        "0": 1,
        "1": 11,
        "2": 89,
        "3": 704,
        "4": 5510,
        "5": 25452,
        "6": 77657
    },
    "30169": {
        "0": 1,
        "1": 1,
        "2": 1,
        "3": 1,
        "4": 1,
        "5": 1,
        "6": 1
    },
    "30170": {
        "0": 1,
        "1": 1,
        "2": 1,
        "3": 8,
        "4": 59,
        "5": 427,
        "6": 3057
    },
    "30171": {
        "0": 1,
        "1": 1,
        "2": 10,
        "3": 66,
        "4": 433,
        "5": 2831,
        "6": 9408
    },
    "30172": {
        "0": 1,
        "1": 1,
        "2": 1,
        "3": 1,
        "4": 11,
        "5": 96,
        "6": 808
    },
    "30173": {
        "0": 1,
        "1": 1,
        "2": 10,
        "3": 79,
        "4": 606,
        "5": 4553,
        "6": 16228
    },
    "30174": {
        "0": 1,
        "1": 1,
        "2": 12,
        "3": 88,
        "4": 598,
        "5": 4056,
        "6": 17268
    },
    "30175": {
        "0": 1,
        "1": 11,
        "2": 96,
        "3": 834,
        "4": 7167,
        "5": 28842,
        "6": 73170
    },
    "30176": {
        "0": 1,
        "1": 1,
        "2": 1,
        "3": 11,
        "4": 88,
        "5": 665,
        "6": 5021
    },
    "30177": {
        "0": 1,
        "1": 1,
        "2": 10,
        "3": 88,
        "4": 754,
        "5": 6317,
        "6": 22131
    },
    "30178": {
        "0": 1,
        "1": 11,
        "2": 95,
        "3": 796,
        "4": 6521,
        "5": 24911,
        "6": 66397
    },
    "30179": {
        "0": 1,
        "1": 10,
        "2": 88,
        "3": 749,
        "4": 6181,
        "5": 21922,
        "6": 53352
    },
    "30180": {
        "0": 1,
        "1": 1,
        "2": 9,
        "3": 78,
        "4": 684,
        "5": 5961,
        "6": 19405
    },
    "30181": {
        "0": 1,
        "1": 9,
        "2": 78,
        "3": 690,
        "4": 6002,
        "5": 21259,
        "6": 52862
    },
    "30182": {
        "0": 1,
        "1": 10,
        "2": 88,
        "3": 746,
        "4": 6308,
        "5": 22850,
        "6": 58735
    },
    "30183": {
        "0": 1,
        "1": 1,
        "2": 1,
        "3": 9,
        "4": 73,
        "5": 612,
        "6": 5131
    },
    "30184": {
        "0": 1,
        "1": 1,
        "2": 10,
        "3": 72,
        "4": 502,
        "5": 3429,
        "6": 13181
    },
    "30185": {
        "0": 1,
        "1": 12,
        "2": 96,
        "3": 715,
        "4": 5295,
        "5": 20209,
        "6": 53157
    },
    "30186": {
        "0": 1,
        "1": 1,
        "2": 10,
        "3": 77,
        "4": 591,
        "5": 4548,
        "6": 15832
    },
    "30187": {
        "0": 1,
        "1": 1,
        "2": 9,
        "3": 76,
        "4": 641,
        "5": 5390,
        "6": 14999
    },
    "30188": {
        "0": 1,
        "1": 11,
        "2": 88,
        "3": 659,
        "4": 4855,
        "5": 18279,
        "6": 48707
    },
    "30189": {
        "0": 1,
        "1": 9,
        "2": 79,
        "3": 690,
        "4": 5888,
        "5": 19418,
        "6": 45401
    },
    "30190": {
        "0": 1,
        "1": 1,
        "2": 1,
        "3": 10,
        "4": 77,
        "5": 572,
        "6": 4224
    },
    "30191": {
        "0": 1,
        "1": 1,
        "2": 1,
        "3": 1,
        "4": 11,
        "5": 97,
        "6": 816
    },
    "30192": {
        "0": 1,
        "1": 9,
        "2": 73,
        "3": 575,
        "4": 4451,
        "5": 16348,
        "6": 39241
    },
    "30193": {
        "0": 1,
        "1": 1,
        "2": 11,
        "3": 86,
        "4": 648,
        "5": 4940,
        "6": 18769
    },
    "30194": {
        "0": 1,
        "1": 11,
        "2": 94,
        "3": 793,
        "4": 6743,
        "5": 24803,
        "6": 60863
    },
    "30195": {
        "0": 1,
        "1": 1,
        "2": 11,
        "3": 85,
        "4": 637,
        "5": 4765,
        "6": 18162
    },
    "30196": {
        "0": 1,
        "1": 10,
        "2": 64,
        "3": 389,
        "4": 2417,
        "5": 6238,
        "6": 12709
    },
    "30197": {
        "0": 1,
        "1": 1,
        "2": 9,
        "3": 78,
        "4": 661,
        "5": 5551,
        "6": 16059
    },
    "30198": {
        "0": 1,
        "1": 1,
        "2": 9,
        "3": 66,
        "4": 481,
        "5": 3505,
        "6": 8263
    },
    "30199": {
        "0": 1,
        "1": 10,
        "2": 84,
        "3": 715,
        "4": 6043,
        "5": 20523,
        "6": 45011
    }
}