{
    "9900": {
        "0": 1,
        "1": 10,
        "2": 77,
        "3": 583,
        "4": 4424,
        "5": 14434,
        "6": 33555
    },
    "9901": {
        "0": 1,
        "1": 9,
        "2": 69,
        "3": 534,
        "4": 4127,
        "5": 12821,
        "6": 30797
    },
    "9902": {
        "0": 1,
        "1": 12,
        "2": 93,
        "3": 715,
        "4": 5565,
        "5": 24189,
        "6": 65966
    },
    "9903": {
        "0": 1,
        "1": 8,
        "2": 59,
        "3": 445,
        "4": 3371,
        "5": 6598,
        "6": 13946
    },
    "9904": {
        "0": 1,
        "1": 11,
        "2": 96,
        "3": 822,
        "4": 6933,
        "5": 27569,
        "6": 67512
    },
    "9905": {
        "0": 1,
        "1": 11,
        "2": 83,
        "3": 631,
        "4": 4850,
        "5": 18515,
        "6": 45889
    },
    "9906": {
        "0": 1,
        "1": 1,
        "2": 10,
        "3": 75,
        "4": 591,
        "5": 4675,
        "6": 17829
    },
    "9907": {
        "0": 1,
        "1": 1,
        "2": 10,
        "3": 76,
        "4": 577,
        "5": 4341,
        "6": 15230
    },
    "9908": {
        "0": 1,
        "1": 1,
        "2": 10,
        "3": 91,
        "4": 805,
        "5": 6879,
        "6": 26618
    },
    "9909": {
        "0": 1,
        "1": 9,
        "2": 76,
        "3": 644,
        "4": 5508,
        "5": 14942,
        "6": 29531
    },
    "9910": {
        "0": 1,
        "1": 9,
        "2": 70,
        "3": 542,
        "4": 4152,
        "5": 14205,
        "6": 33404
    },
    "9911": {
        "0": 1,
        "1": 1,
        "2": 9,
        "3": 67,
        "4": 502,
        "5": 3782,
        "6": 11350
    },
    "9912": {
        "0": 1,
        "1": 10,
        "2": 79,
        "3": 607,
        "4": 4611,
        "5": 17602,
        "6": 50944
    },
    "9913": {
        "0": 1,
        "1": 8,
        "2": 66,
        "3": 532,
        "4": 4242,
        "5": 6082,
        "6": 7809
    },
    "9914": {
        "0": 1,
        "1": 9,
        "2": 76,
        "3": 625,
        "4": 5054,
        "5": 12632,
        "6": 21414
    },
    "9915": {
        "0": 1,
        "1": 1,
        "2": 8,
        "3": 73,
        "4": 650,
        "5": 5767,
        "6": 18094
    },
    "9916": {
        "0": 1,
        "1": 11,
        "2": 93,
        "3": 782,
        "4": 6518,
        "5": 23766,
        "6": 59393
    },
    "9917": {
        "0": 1,
        "1": 11,
        "2": 79,
        "3": 542,
        "4": 3722,
        "5": 15301,
        "6": 42110
    },
    "9918": {
        "0": 1,
        "1": 1,
        "2": 10,
        "3": 68,
        "4": 458,
        "5": 3108,
        "6": 12112
    },
    "9919": {
        "0": 1,
        "1": 1,
        "2": 14,
        "3": 121,
        "4": 914,
        "5": 6561,
        "6": 28805
    },
    "9920": {
        "0": 1,
        "1": 1,
        "2": 9,
        "3": 74,
        "4": 618,
        "5": 5113,
        "6": 11928
    },
    "9921": {
        "0": 1,
        "1": 1,
        "2": 8,
        "3": 73,
        "4": 645,
        "5": 5590,
        "6": 16461
    },
    "9922": {
        "0": 1,
        "1": 10,
        "2": 86,
        "3": 713,
        "4": 5736,
        "5": 17562,
        "6": 32798
    },
    "9923": {
        "0": 1,
        "1": 1,
        "2": 1,
        "3": 1,
        "4": 1,
        "5": 9,
        "6": 75
    },
    "9924": {
        "0": 1,
        "1": 10,
        "2": 86,
        "3": 720,
        "4": 6008,
        "5": 19820,
        "6": 46222
    },
    "9925": {
        "0": 1,
        "1": 1,
        "2": 12,
        "3": 105,
        "4": 902,
        "5": 7711,
        "6": 33291
    },
    "9926": {
        "0": 1,
        "1": 12,
        "2": 88,
        "3": 656,
        "4": 4915,
        "5": 19534,
        "6": 40977
    },
    "9927": {
        "0": 1,
        "1": 13,
        "2": 114,
        "3": 971,
        "4": 8288,
        "5": 38376,
        "6": 111052
    },
    "9928": {
        "0": 1,
        "1": 10,
        "2": 79,
        "3": 619,
        "4": 4823,
        "5": 18079,
        "6": 48712
    },
    "9929": {
        "0": 1,
        "1": 1,
        "2": 11,
        "3": 91,
        "4": 755,
        "5": 6198,
        "6": 22648
    },
    "9930": {
        "0": 1,
        "1": 1,
        "2": 1,
        "3": 11,
        "4": 97,
        "5": 805,
        "6": 6522
    },
    "9931": {
        "0": 1,
        "1": 1,
        "2": 10,
        "3": 74,
        "4": 534,
        "5": 3874,
        "6": 10958
    },
    "9932": {
        "0": 1,
        "1": 1,
        "2": 12,
        "3": 96,
        "4": 726,
        "5": 5501,
        "6": 22711
    },
    "9933": {
        "0": 1,
        "1": 1,
        "2": 9,
        "3": 67,
        "4": 498,
        "5": 3775,
        "6": 9951
    },
    "9934": {
        "0": 1,
        "1": 11,
        "2": 89,
        "3": 657,
        "4": 4766,
        "5": 18777,
        "6": 47953
    },
    "9935": {
        "0": 1,
        "1": 1,
        "2": 1,
        "3": 11,
        "4": 83,
        "5": 616,
        "6": 4595
    },
    "9936": {
        "0": 1,
        "1": 11,
        "2": 83,
        "3": 599,
        "4": 4268,
        "5": 14816,
        "6": 35087
    },
    "9937": {
        "0": 1,
        "1": 12,
        "2": 94,
        "3": 709,
        "4": 5396,
        "5": 22284,
        "6": 62552
    },
    "9938": {
        "0": 1,
        "1": 1,
        "2": 1,
        "3": 14,
        "4": 128,
        "5": 1084,
        "6": 8935
    },
    "9939": {
        "0": 1,
        "1": 8,
        "2": 69,
        "3": 586,
        "4": 4956,
        "5": 9366,
        "6": 14457
    },
    "9940": {
        "0": 1,
        "1": 12,
        "2": 95,
        "3": 698,
        "4": 5065,
        "5": 19337,
        "6": 48520
    },
    "9941": {
        "0": 1,
        "1": 1,
        "2": 1,
        "3": 12,
        "4": 94,
        "5": 712,
        "6": 5424
    },
    "9942": {
        "0": 1,
        "1": 12,
        "2": 99,
        "3": 751,
        "4": 5631,
        "5": 23364,
        "6": 64506
    },
    "9943": {
        "0": 1,
        "1": 11,
        "2": 95,
        "3": 818,
        "4": 6992,
        "5": 27155,
        "6": 70076
    },
    "9944": {
        "0": 1,
        "1": 1,
        "2": 10,
        "3": 75,
        "4": 550,
        "5": 3921,
        "6": 12218
    },
    "9945": {
        "0": 1,
        "1": 10,
        "2": 79,
        "3": 584,
        "4": 4288,
        "5": 15822,
        "6": 44479
    },
    "9946": {
        "0": 1,
        "1": 1,
        "2": 1,
        "3": 1,
        "4": 1,
        "5": 10,
        "6": 81
    },
    "9947": {
        "0": 1,
        "1": 11,
        "2": 90,
        "3": 690,
        "4": 5184,
        "5": 21365,
        "6": 60570
    },
    "9948": {
        "0": 1,
        "1": 8,
        "2": 61,
        "3": 459,
        "4": 3419,
        "5": 7955,
        "6": 16684
    },
    "9949": {
        "0": 1,
        "1": 9,
        "2": 58,
        "3": 374,
        "4": 2461,
        "5": 7368,
        "6": 19674
    },
    "9950": {
        "0": 1,
        "1": 11,
        "2": 87,
        "3": 720,
        "4": 5945,
        "5": 18752,
        "6": 39192
    },
    "9951": {
        "0": 1,
        "1": 1,
        "2": 11,
        "3": 83,
        "4": 548,
        "5": 3561,
        "6": 13989
    },
    "9952": {
        "0": 1,
        "1": 1,
        "2": 11,
        "3": 81,
        "4": 588,
        "5": 4240,
        "6": 13165
    },
    "9953": {
        "0": 1,
        "1": 1,
        "2": 1,
        "3": 8,
        "4": 62,
        "5": 485,
        "6": 3782
    },
    "9954": {
        "0": 1,
        "1": 8,
        "2": 60,
        "3": 434,
        "4": 3064,
        "5": 5971,
        "6": 11119
    },
    "9955": {
        "0": 1,
        "1": 9,
        "2": 68,
        "3": 517,
        "4": 3920,
        "5": 10670,
        "6": 20822
    },
    "9956": {
        "0": 1,
        "1": 11,
        "2": 76,
        "3": 499,
        "4": 3272,
        "5": 12418,
        "6": 34322
    },
    "9957": {
        "0": 1,
        "1": 9,
        "2": 78,
        "3": 683,
        "4": 5928,
        "5": 18770,
        "6": 35847
    },
    "9958": {
        "0": 1,
        "1": 10,
        "2": 83,
        "3": 682,
        "4": 5519,
        "5": 25036,
        "6": 76145
    },
    "9959": {
        "0": 1,
        "1": 1,
        "2": 11,
        "3": 88,
        "4": 652,
        "5": 4794,
        "6": 18038
    },
    "9960": {
        "0": 1,
        "1": 11,
        "2": 96,
        "3": 797,
        "4": 6566,
        "5": 23512,
        "6": 54940
    },
    "9961": {
        "0": 1,
        "1": 1,
        "2": 9,
        "3": 77,
        "4": 641,
        "5": 5313,
        "6": 13778
    },
    "9962": {
        "0": 1,
        "1": 8,
        "2": 51,
        "3": 330,
        "4": 2191,
        "5": 4514,
        "6": 6912
    },
    "9963": {
        "0": 1,
        "1": 10,
        "2": 85,
        "3": 727,
        "4": 6234,
        "5": 20723,
        "6": 46071
    },
    "9964": {
        "0": 1,
        "1": 9,
        "2": 57,
        "3": 344,
        "4": 2054,
        "5": 4587,
        "6": 9573
    },
    "9965": {
        "0": 1,
        "1": 1,
        "2": 1,
        "3": 10,
        "4": 76,
        "5": 555,
        "6": 4003
    },
    "9966": {
        "0": 1,
        "1": 11,
        "2": 94,
        "3": 801,
        "4": 6822,
        "5": 25764,
        "6": 63565
    },
    "9967": {
        "0": 1,
        "1": 1,
        "2": 12,
        "3": 105,
        "4": 861,
        "5": 6837,
        "6": 26005
    },
    "9968": {
        "0": 1,
        "1": 9,
        "2": 68,
        "3": 514,
        "4": 3957,
        "5": 11516,
        "6": 25925
    },
    "9969": {
        "0": 1,
        "1": 1,
        "2": 10,
        "3": 83,
        "4": 678,
        "5": 5366,
        "6": 24483
    },
    "9970": {
        "0": 1,
        "1": 1,
        "2": 1,
        "3": 11,
        "4": 77,
        "5": 503,
        "6": 3299
    },
    "9971": {
        "0": 1,
        "1": 10,
        "2": 79,
        "3": 597,
        "4": 4459,
        "5": 15778,
        "6": 40145
    },
    "9972": {
        "0": 1,
        "1": 10,
        "2": 66,
        "3": 424,
        "4": 2811,
        "5": 8613,
        "6": 20125
    },
    "9973": {
        "0": 1,
        "1": 11,
        "2": 88,
        "3": 680,
        "4": 5265,
        "5": 21586,
        "6": 56774
    },
    "9974": {
        "0": 1,
        "1": 1,
        "2": 10,
        "3": 82,
        "4": 688,
        "5": 5825,
        "6": 17045
    },
    "9975": {
        "0": 1,
        "1": 1,
        "2": 10,
        "3": 87,
        "4": 737,
        "5": 5994,
        "6": 21301
    },
    "9976": {
        "0": 1,
        "1": 12,
        "2": 95,
        "3": 694,
        "4": 4970,
        "5": 18200,
        "6": 47563
    },
    "9977": {
        "0": 1,
        "1": 1,
        "2": 9,
        "3": 77,
        "4": 637,
        "5": 5182,
        "6": 13731
    },
    "9978": {
        "0": 1,
        "1": 9,
        "2": 80,
        "3": 700,
        "4": 6005,
        "5": 20507,
        "6": 45306
    },
    "9979": {
        "0": 1,
        "1": 1,
        "2": 1,
        "3": 10,
        "4": 87,
        "5": 734,
        "6": 6121
    },
    "9980": {
        "0": 1,
        "1": 11,
        "2": 85,
        "3": 644,
        "4": 4919,
        "5": 18563,
        "6": 51468
    },
    "9981": {
        "0": 1,
        "1": 10,
        "2": 78,
        "3": 599,
        "4": 4581,
        "5": 15929,
        "6": 35277
    },
    "9982": {
        "0": 1,
        "1": 10,
        "2": 77,
        "3": 591,
        "4": 4508,
        "5": 16718,
        "6": 39830
    },
    "9983": {
        "0": 1,
        "1": 10,
        "2": 77,
        "3": 575,
        "4": 4317,
        "5": 13403,
        "6": 29319
    },
    "9984": {
        "0": 1,
        "1": 1,
        "2": 1,
        "3": 8,
        "4": 69,
        "5": 598,
        "6": 5168
    },
    "9985": {
        "0": 1,
        "1": 1,
        "2": 10,
        "3": 88,
        "4": 735,
        "5": 5923,
        "6": 21103
    },
    "9986": {
        "0": 1,
        "1": 9,
        "2": 68,
        "3": 532,
        "4": 4162,
        "5": 13339,
        "6": 33698
    },
    "9987": {
        "0": 1,
        "1": 1,
        "2": 1,
        "3": 11,
        "4": 78,
        "5": 527,
        "6": 3617
    },
    "9988": {
        "0": 1,
        "1": 1,
        "2": 10,
        "3": 77,
        "4": 577,
        "5": 4302,
        "6": 14678
    },
    "9989": {
        "0": 1,
        "1": 9,
        "2": 72,
        "3": 568,
        "4": 4398,
        "5": 16102,
        "6": 44191
    },
    "9990": {
        "0": 1,
        "1": 1,
        "2": 1,
        "3": 9,
        "4": 64,
        "5": 444,
        "6": 3061
    },
    "9991": {
        "0": 1,
        "1": 1,
        "2": 1,
        "3": 1,
        "4": 1,
        "5": 10,
        "6": 81
    },
    "9992": {
        "0": 1,
        "1": 1,
        "2": 1,
        "3": 9,
        "4": 77,
        "5": 640,
        "6": 5188
    },
    "9993": {
        "0": 1,
        "1": 10,
        "2": 87,
        "3": 757,
        "4": 6582,
        "5": 23789,
        "6": 60997
    },
    "9994": {
        "0": 1,
        "1": 9,
        "2": 68,
        "3": 506,
        "4": 3687,
        "5": 9493,
        "6": 19877
    },
    "9995": {
        "0": 1,
        "1": 10,
        "2": 85,
        "3": 717,
        "4": 6064,
        "5": 18831,
        "6": 39315
    },
    "9996": {
        "0": 1,
        "1": 11,
        "2": 84,
        "3": 614,
        "4": 4415,
        "5": 14403,
        "6": 33936
    },
    "9997": {
        "0": 1,
        "1": 1,
        "2": 1,
        "3": 11,
        "4": 83,
        "5": 602,
        "6": 4308
    },
    "9998": {
        "0": 1,
        "1": 1,
        "2": 1,
        "3": 1,
        "4": 1,
        "5": 1,
        "6": 11
    },
    "9999": {
        "0": 1,
        "1": 10,
        "2": 74,
        "3": 562,
        "4": 4305,
        "5": 13932,
        "6": 30313
    }
}