{
    "2500": {
        "0": 1,
        "1": 1,
        "2": 8,
        "3": 64,
        "4": 495,
        "5": 3770,
        "6": 11140
    },
    "2501": {
        "0": 1,
        "1": 11,
        "2": 85,
        "3": 637,
        "4": 4794,
        "5": 17006,
        "6": 39541
    },
    "2502": {
        "0": 1,
        "1": 10,
        "2": 81,
        "3": 679,
        "4": 5662,
        "5": 16863,
        "6": 36955
    },
    "2503": {
        "0": 1,
        "1": 10,
        "2": 78,
        "3": 591,
        "4": 4514,
        "5": 15602,
        "6": 38543
    },
    "2504": {
        "0": 1,
        "1": 1,
        "2": 9,
        "3": 78,
        "4": 678,
        "5": 5800,
        "6": 18958
    },
    "2505": {
        "0": 1,
        "1": 10,
        "2": 79,
        "3": 633,
        "4": 5086,
        "5": 21721,
        "6": 63770
    },
    "2506": {
        "0": 1,
        "1": 10,
        "2": 65,
        "3": 426,
        "4": 2843,
        "5": 9095,
        "6": 20931
    },
    "2507": {
        "0": 1,
        "1": 10,
        "2": 77,
        "3": 600,
        "4": 4664,
        "5": 17113,
        "6": 41660
    },
    "2508": {
        "0": 1,
        "1": 10,
        "2": 78,
        "3": 598,
        "4": 4520,
        "5": 16736,
        "6": 43194
    },
    "2509": {
        "0": 1,
        "1": 1,
        "2": 11,
        "3": 82,
        "4": 608,
        "5": 4592,
        "6": 15827
    },
    "2510": {
        "0": 1,
        "1": 10,
        "2": 85,
        "3": 732,
        "4": 6285,
        "5": 21336,
        "6": 47707
    },
    "2511": {
        "0": 1,
        "1": 12,
        "2": 96,
        "3": 720,
        "4": 5414,
        "5": 21773,
        "6": 58971
    },
    "2512": {
        "0": 1,
        "1": 11,
        "2": 87,
        "3": 639,
        "4": 4632,
        "5": 14478,
        "6": 32538
    },
    "2513": {
        "0": 1,
        "1": 1,
        "2": 10,
        "3": 78,
        "4": 599,
        "5": 4608,
        "6": 16356
    },
    "2514": {
        "0": 1,
        "1": 1,
        "2": 1,
        "3": 1,
        "4": 1,
        "5": 13,
        "6": 94
    },
    "2515": {
        "0": 1,
        "1": 1,
        "2": 1,
        "3": 1,
        "4": 11,
        "5": 80,
        "6": 527
    },
    "2516": {
        "0": 1,
        "1": 9,
        "2": 70,
        "3": 556,
        "4": 4403,
        "5": 15717,
        "6": 44375
    },
    "2517": {
        "0": 1,
        "1": 11,
        "2": 87,
        "3": 664,
        "4": 5001,
        "5": 20014,
        "6": 55019
    },
    "2518": {
        "0": 1,
        "1": 10,
        "2": 90,
        "3": 796,
        "4": 6911,
        "5": 25937,
        "6": 59468
    },
    "2519": {
        "0": 1,
        "1": 9,
        "2": 75,
        "3": 601,
        "4": 4797,
        "5": 19123,
        "6": 49652
    },
    "2520": {
        "0": 1,
        "1": 10,
        "2": 78,
        "3": 596,
        "4": 4559,
        "5": 15953,
        "6": 37043
    },
    "2521": {
        "0": 1,
        "1": 1,
        "2": 1,
        "3": 11,
        "4": 86,
        "5": 626,
        "6": 4509
    },
    "2522": {
        "0": 1,
        "1": 1,
        "2": 9,
        "3": 77,
        "4": 653,
        "5": 5463,
        "6": 15207
    },
    "2523": {
        "0": 1,
        "1": 1,
        "2": 10,
        "3": 70,
        "4": 488,
        "5": 3327,
        "6": 12703
    },
    "2524": {
        "0": 1,
        "1": 12,
        "2": 106,
        "3": 892,
        "4": 7345,
        "5": 31684,
        "6": 91355
    },
    "2525": {
        "0": 1,
        "1": 10,
        "2": 75,
        "3": 581,
        "4": 4452,
        "5": 16839,
        "6": 32804
    },
    "2526": {
        "0": 1,
        "1": 1,
        "2": 1,
        "3": 11,
        "4": 88,
        "5": 677,
        "6": 5171
    },
    "2527": {
        "0": 1,
        "1": 9,
        "2": 69,
        "3": 515,
        "4": 3792,
        "5": 10398,
        "6": 20963
    },
    "2528": {
        "0": 1,
        "1": 1,
        "2": 11,
        "3": 89,
        "4": 705,
        "5": 5590,
        "6": 25151
    },
    "2529": {
        "0": 1,
        "1": 1,
        "2": 9,
        "3": 76,
        "4": 651,
        "5": 5607,
        "6": 15932
    },
    "2530": {
        "0": 1,
        "1": 10,
        "2": 85,
        "3": 716,
        "4": 5990,
        "5": 19825,
        "6": 41245
    },
    "2531": {
        "0": 1,
        "1": 1,
        "2": 11,
        "3": 93,
        "4": 786,
        "5": 6569,
        "6": 23281
    },
    "2532": {
        "0": 1,
        "1": 10,
        "2": 72,
        "3": 524,
        "4": 3868,
        "5": 9739,
        "6": 22765
    },
    "2533": {
        "0": 1,
        "1": 8,
        "2": 69,
        "3": 574,
        "4": 4679,
        "5": 9975,
        "6": 17837
    },
    "2534": {
        "0": 1,
        "1": 12,
        "2": 104,
        "3": 853,
        "4": 6706,
        "5": 25862,
        "6": 59664
    },
    "2535": {
        "0": 1,
        "1": 1,
        "2": 1,
        "3": 9,
        "4": 77,
        "5": 665,
        "6": 5691
    },
    "2536": {
        "0": 1,
        "1": 9,
        "2": 77,
        "3": 674,
        "4": 5891,
        "5": 19104,
        "6": 42125
    },
    "2537": {
        "0": 1,
        "1": 10,
        "2": 89,
        "3": 812,
        "4": 7274,
        "5": 31577,
        "6": 80598
    },
    "2538": {
        "0": 1,
        "1": 11,
        "2": 96,
        "3": 816,
        "4": 6861,
        "5": 27048,
        "6": 71937
    },
    "2539": {
        "0": 1,
        "1": 1,
        "2": 12,
        "3": 109,
        "4": 912,
        "5": 7376,
        "6": 29856
    },
    "2540": {
        "0": 1,
        "1": 1,
        "2": 1,
        "3": 9,
        "4": 68,
        "5": 510,
        "6": 3838
    },
    "2541": {
        "0": 1,
        "1": 1,
        "2": 11,
        "3": 77,
        "4": 509,
        "5": 3389,
        "6": 12466
    },
    "2542": {
        "0": 1,
        "1": 1,
        "2": 1,
        "3": 10,
        "4": 76,
        "5": 571,
        "6": 4253
    },
    "2543": {
        "0": 1,
        "1": 11,
        "2": 93,
        "3": 776,
        "4": 6371,
        "5": 22059,
        "6": 52968
    },
    "2544": {
        "0": 1,
        "1": 1,
        "2": 1,
        "3": 1,
        "4": 12,
        "5": 93,
        "6": 659
    },
    "2545": {
        "0": 1,
        "1": 10,
        "2": 59,
        "3": 345,
        "4": 2068,
        "5": 7654,
        "6": 19572
    },
    "2546": {
        "0": 1,
        "1": 1,
        "2": 12,
        "3": 105,
        "4": 893,
        "5": 7556,
        "6": 31315
    },
    "2547": {
        "0": 1,
        "1": 9,
        "2": 78,
        "3": 686,
        "4": 6015,
        "5": 20046,
        "6": 44185
    },
    "2548": {
        "0": 1,
        "1": 11,
        "2": 93,
        "3": 781,
        "4": 6556,
        "5": 22481,
        "6": 50180
    },
    "2549": {
        "0": 1,
        "1": 10,
        "2": 86,
        "3": 755,
        "4": 6645,
        "5": 25892,
        "6": 71940
    },
    "2550": {
        "0": 1,
        "1": 1,
        "2": 10,
        "3": 85,
        "4": 684,
        "5": 5335,
        "6": 15463
    },
    "2551": {
        "0": 1,
        "1": 1,
        "2": 9,
        "3": 77,
        "4": 642,
        "5": 5334,
        "6": 14038
    },
    "2552": {
        "0": 1,
        "1": 9,
        "2": 77,
        "3": 667,
        "4": 5760,
        "5": 17108,
        "6": 35951
    },
    "2553": {
        "0": 1,
        "1": 1,
        "2": 1,
        "3": 11,
        "4": 98,
        "5": 840,
        "6": 7022
    },
    "2554": {
        "0": 1,
        "1": 1,
        "2": 11,
        "3": 84,
        "4": 632,
        "5": 4783,
        "6": 17401
    },
    "2555": {
        "0": 1,
        "1": 11,
        "2": 83,
        "3": 626,
        "4": 4786,
        "5": 17560,
        "6": 48313
    },
    "2556": {
        "0": 1,
        "1": 11,
        "2": 102,
        "3": 886,
        "4": 7408,
        "5": 32933,
        "6": 96096
    },
    "2557": {
        "0": 1,
        "1": 1,
        "2": 11,
        "3": 82,
        "4": 593,
        "5": 4337,
        "6": 13205
    },
    "2558": {
        "0": 1,
        "1": 1,
        "2": 1,
        "3": 10,
        "4": 75,
        "5": 552,
        "6": 4129
    },
    "2559": {
        "0": 1,
        "1": 1,
        "2": 1,
        "3": 11,
        "4": 86,
        "5": 641,
        "6": 4742
    },
    "2560": {
        "0": 1,
        "1": 1,
        "2": 1,
        "3": 11,
        "4": 94,
        "5": 829,
        "6": 7301
    },
    "2561": {
        "0": 1,
        "1": 11,
        "2": 84,
        "3": 636,
        "4": 4874,
        "5": 18466,
        "6": 46190
    },
    "2562": {
        "0": 1,
        "1": 1,
        "2": 12,
        "3": 87,
        "4": 580,
        "5": 3876,
        "6": 15737
    },
    "2563": {
        "0": 1,
        "1": 1,
        "2": 8,
        "3": 61,
        "4": 452,
        "5": 3269,
        "6": 7781
    },
    "2564": {
        "0": 1,
        "1": 1,
        "2": 11,
        "3": 85,
        "4": 648,
        "5": 4932,
        "6": 20240
    },
    "2565": {
        "0": 1,
        "1": 9,
        "2": 73,
        "3": 592,
        "4": 4731,
        "5": 9849,
        "6": 15270
    },
    "2566": {
        "0": 1,
        "1": 1,
        "2": 11,
        "3": 87,
        "4": 665,
        "5": 4975,
        "6": 19364
    },
    "2567": {
        "0": 1,
        "1": 11,
        "2": 91,
        "3": 750,
        "4": 6164,
        "5": 20436,
        "6": 40921
    },
    "2568": {
        "0": 1,
        "1": 1,
        "2": 1,
        "3": 11,
        "4": 85,
        "5": 627,
        "6": 4566
    },
    "2569": {
        "0": 1,
        "1": 9,
        "2": 63,
        "3": 427,
        "4": 2888,
        "5": 9169,
        "6": 25381
    },
    "2570": {
        "0": 1,
        "1": 1,
        "2": 1,
        "3": 13,
        "4": 116,
        "5": 990,
        "6": 8295
    },
    "2571": {
        "0": 1,
        "1": 10,
        "2": 66,
        "3": 415,
        "4": 2624,
        "5": 7676,
        "6": 17218
    },
    "2572": {
        "0": 1,
        "1": 8,
        "2": 70,
        "3": 608,
        "4": 5226,
        "5": 14113,
        "6": 27032
    },
    "2573": {
        "0": 1,
        "1": 11,
        "2": 93,
        "3": 807,
        "4": 6929,
        "5": 26534,
        "6": 65107
    },
    "2574": {
        "0": 1,
        "1": 11,
        "2": 89,
        "3": 699,
        "4": 5474,
        "5": 23669,
        "6": 70071
    },
    "2575": {
        "0": 1,
        "1": 9,
        "2": 66,
        "3": 493,
        "4": 3735,
        "5": 9578,
        "6": 20530
    },
    "2576": {
        "0": 1,
        "1": 9,
        "2": 67,
        "3": 517,
        "4": 4070,
        "5": 13297,
        "6": 30481
    },
    "2577": {
        "0": 1,
        "1": 9,
        "2": 75,
        "3": 631,
        "4": 5253,
        "5": 13305,
        "6": 23979
    },
    "2578": {
        "0": 1,
        "1": 10,
        "2": 88,
        "3": 755,
        "4": 6484,
        "5": 23058,
        "6": 54363
    },
    "2579": {
        "0": 1,
        "1": 1,
        "2": 11,
        "3": 92,
        "4": 774,
        "5": 6447,
        "6": 22932
    },
    "2580": {
        "0": 1,
        "1": 1,
        "2": 1,
        "3": 9,
        "4": 67,
        "5": 484,
        "6": 3530
    },
    "2581": {
        "0": 1,
        "1": 12,
        "2": 93,
        "3": 678,
        "4": 4889,
        "5": 17893,
        "6": 46050
    },
    "2582": {
        "0": 1,
        "1": 8,
        "2": 58,
        "3": 435,
        "4": 3334,
        "5": 6594,
        "6": 14193
    },
    "2583": {
        "0": 1,
        "1": 1,
        "2": 9,
        "3": 66,
        "4": 491,
        "5": 3634,
        "6": 9615
    },
    "2584": {
        "0": 1,
        "1": 8,
        "2": 55,
        "3": 372,
        "4": 2492,
        "5": 6483,
        "6": 13174
    },
    "2585": {
        "0": 1,
        "1": 10,
        "2": 68,
        "3": 455,
        "4": 3060,
        "5": 10323,
        "6": 30596
    },
    "2586": {
        "0": 1,
        "1": 1,
        "2": 9,
        "3": 78,
        "4": 669,
        "5": 5814,
        "6": 18142
    },
    "2587": {
        "0": 1,
        "1": 1,
        "2": 12,
        "3": 87,
        "4": 594,
        "5": 4025,
        "6": 18114
    },
    "2588": {
        "0": 1,
        "1": 11,
        "2": 83,
        "3": 599,
        "4": 4297,
        "5": 13485,
        "6": 28725
    },
    "2589": {
        "0": 1,
        "1": 8,
        "2": 66,
        "3": 540,
        "4": 4350,
        "5": 7170,
        "6": 11527
    },
    "2590": {
        "0": 1,
        "1": 8,
        "2": 68,
        "3": 566,
        "4": 4672,
        "5": 10705,
        "6": 16340
    },
    "2591": {
        "0": 1,
        "1": 8,
        "2": 68,
        "3": 588,
        "4": 5065,
        "5": 10575,
        "6": 17213
    },
    "2592": {
        "0": 1,
        "1": 1,
        "2": 10,
        "3": 78,
        "4": 609,
        "5": 4759,
        "6": 17923
    },
    "2593": {
        "0": 1,
        "1": 1,
        "2": 1,
        "3": 9,
        "4": 76,
        "5": 649,
        "6": 5487
    },
    "2594": {
        "0": 1,
        "1": 1,
        "2": 10,
        "3": 76,
        "4": 573,
        "5": 4332,
        "6": 13739
    },
    "2595": {
        "0": 1,
        "1": 1,
        "2": 1,
        "3": 1,
        "4": 1,
        "5": 10,
        "6": 67
    },
    "2596": {
        "0": 1,
        "1": 9,
        "2": 71,
        "3": 555,
        "4": 4343,
        "5": 14849,
        "6": 34872
    },
    "2597": {
        "0": 1,
        "1": 1,
        "2": 9,
        "3": 79,
        "4": 677,
        "5": 5677,
        "6": 18977
    },
    "2598": {
        "0": 1,
        "1": 1,
        "2": 1,
        "3": 1,
        "4": 1,
        "5": 9,
        "6": 71
    },
    "2599": {
        "0": 1,
        "1": 1,
        "2": 13,
        "3": 106,
        "4": 797,
        "5": 5964,
        "6": 25876
    }
}