{
    "11400": {
        "0": 1,
        "1": 9,
        "2": 74,
        "3": 623,
        "4": 5246,
        "5": 11867,
        "6": 20825
    },
    "11401": {
        "0": 1,
        "1": 1,
        "2": 9,
        "3": 78,
        "4": 672,
        "5": 5728,
        "6": 17929
    },
    "11402": {
        "0": 1,
        "1": 10,
        "2": 74,
        "3": 533,
        "4": 3871,
        "5": 9363,
        "6": 18442
    },
    "11403": {
        "0": 1,
        "1": 1,
        "2": 1,
        "3": 10,
        "4": 78,
        "5": 584,
        "6": 4359
    },
    "11404": {
        "0": 1,
        "1": 1,
        "2": 1,
        "3": 1,
        "4": 11,
        "5": 85,
        "6": 643
    },
    "11405": {
        "0": 1,
        "1": 9,
        "2": 70,
        "3": 543,
        "4": 4198,
        "5": 13218,
        "6": 31249
    },
    "11406": {
        "0": 1,
        "1": 16,
        "2": 142,
        "3": 1061,
        "4": 7575,
        "5": 36386,
        "6": 118253
    },
    "11407": {
        "0": 1,
        "1": 1,
        "2": 9,
        "3": 62,
        "4": 419,
        "5": 2823,
        "6": 10103
    },
    "11408": {
        "0": 1,
        "1": 1,
        "2": 12,
        "3": 96,
        "4": 728,
        "5": 5505,
        "6": 22595
    },
    "11409": {
        "0": 1,
        "1": 10,
        "2": 83,
        "3": 696,
        "4": 5872,
        "5": 16866,
        "6": 33286
    },
    "11410": {
        "0": 1,
        "1": 1,
        "2": 1,
        "3": 11,
        "4": 86,
        "5": 643,
        "6": 4747
    },
    "11411": {
        "0": 1,
        "1": 1,
        "2": 10,
        "3": 75,
        "4": 565,
        "5": 4180,
        "6": 13335
    },
    "11412": {
        "0": 1,
        "1": 11,
        "2": 94,
        "3": 777,
        "4": 6315,
        "5": 20894,
        "6": 47787
    },
    "11413": {
        "0": 1,
        "1": 1,
        "2": 11,
        "3": 93,
        "4": 783,
        "5": 6558,
        "6": 22481
    },
    "11414": {
        "0": 1,
        "1": 1,
        "2": 10,
        "3": 89,
        "4": 779,
        "5": 6785,
        "6": 25936
    },
    "11415": {
        "0": 1,
        "1": 1,
        "2": 10,
        "3": 76,
        "4": 576,
        "5": 4368,
        "6": 14322
    },
    "11416": {
        "0": 1,
        "1": 10,
        "2": 69,
        "3": 472,
        "4": 3242,
        "5": 12028,
        "6": 28947
    },
    "11417": {
        "0": 1,
        "1": 12,
        "2": 104,
        "3": 873,
        "4": 7221,
        "5": 29097,
        "6": 77372
    },
    "11418": {
        "0": 1,
        "1": 1,
        "2": 8,
        "3": 68,
        "4": 548,
        "5": 4244,
        "6": 16238
    },
    "11419": {
        "0": 1,
        "1": 9,
        "2": 69,
        "3": 531,
        "4": 4092,
        "5": 12568,
        "6": 29841
    },
    "11420": {
        "0": 1,
        "1": 1,
        "2": 1,
        "3": 10,
        "4": 76,
        "5": 563,
        "6": 4178
    },
    "11421": {
        "0": 1,
        "1": 1,
        "2": 10,
        "3": 87,
        "4": 731,
        "5": 6099,
        "6": 20509
    },
    "11422": {
        "0": 1,
        "1": 11,
        "2": 81,
        "3": 594,
        "4": 4298,
        "5": 15203,
        "6": 38334
    },
    "11423": {
        "0": 1,
        "1": 11,
        "2": 84,
        "3": 607,
        "4": 4425,
        "5": 15157,
        "6": 35727
    },
    "11424": {
        "0": 1,
        "1": 11,
        "2": 87,
        "3": 648,
        "4": 4782,
        "5": 16160,
        "6": 41965
    },
    "11425": {
        "0": 1,
        "1": 1,
        "2": 1,
        "3": 10,
        "4": 79,
        "5": 609,
        "6": 4660
    },
    "11426": {
        "0": 1,
        "1": 1,
        "2": 14,
        "3": 118,
        "4": 867,
        "5": 6169,
        "6": 26392
    },
    "11427": {
        "0": 1,
        "1": 1,
        "2": 10,
        "3": 79,
        "4": 608,
        "5": 4664,
        "6": 16380
    },
    "11428": {
        "0": 1,
        "1": 8,
        "2": 71,
        "3": 611,
        "4": 5200,
        "5": 13581,
        "6": 22351
    },
    "11429": {
        "0": 1,
        "1": 11,
        "2": 93,
        "3": 790,
        "4": 6517,
        "5": 24943,
        "6": 58130
    },
    "11430": {
        "0": 1,
        "1": 1,
        "2": 10,
        "3": 79,
        "4": 600,
        "5": 4513,
        "6": 16348
    },
    "11431": {
        "0": 1,
        "1": 1,
        "2": 1,
        "3": 9,
        "4": 50,
        "5": 284,
        "6": 1641
    },
    "11432": {
        "0": 1,
        "1": 11,
        "2": 92,
        "3": 777,
        "4": 6549,
        "5": 22796,
        "6": 50504
    },
    "11433": {
        "0": 1,
        "1": 1,
        "2": 9,
        "3": 66,
        "4": 475,
        "5": 3417,
        "6": 7717
    },
    "11434": {
        "0": 1,
        "1": 1,
        "2": 1,
        "3": 1,
        "4": 9,
        "5": 74,
        "6": 588
    },
    "11435": {
        "0": 1,
        "1": 1,
        "2": 10,
        "3": 74,
        "4": 544,
        "5": 4078,
        "6": 11737
    },
    "11436": {
        "0": 1,
        "1": 1,
        "2": 1,
        "3": 1,
        "4": 11,
        "5": 95,
        "6": 804
    },
    "11437": {
        "0": 1,
        "1": 1,
        "2": 11,
        "3": 96,
        "4": 807,
        "5": 6687,
        "6": 24875
    },
    "11438": {
        "0": 1,
        "1": 13,
        "2": 113,
        "3": 935,
        "4": 7652,
        "5": 32127,
        "6": 83833
    },
    "11439": {
        "0": 1,
        "1": 9,
        "2": 70,
        "3": 536,
        "4": 4029,
        "5": 12662,
        "6": 28568
    },
    "11440": {
        "0": 1,
        "1": 9,
        "2": 74,
        "3": 614,
        "4": 5023,
        "5": 10766,
        "6": 15687
    },
    "11441": {
        "0": 1,
        "1": 11,
        "2": 79,
        "3": 543,
        "4": 3758,
        "5": 15748,
        "6": 45636
    },
    "11442": {
        "0": 1,
        "1": 10,
        "2": 80,
        "3": 615,
        "4": 4662,
        "5": 17717,
        "6": 50222
    },
    "11443": {
        "0": 1,
        "1": 9,
        "2": 57,
        "3": 371,
        "4": 2464,
        "5": 7538,
        "6": 14072
    },
    "11444": {
        "0": 1,
        "1": 10,
        "2": 80,
        "3": 626,
        "4": 4867,
        "5": 18655,
        "6": 44154
    },
    "11445": {
        "0": 1,
        "1": 1,
        "2": 12,
        "3": 92,
        "4": 675,
        "5": 4887,
        "6": 17737
    },
    "11446": {
        "0": 1,
        "1": 1,
        "2": 1,
        "3": 1,
        "4": 1,
        "5": 10,
        "6": 64
    },
    "11447": {
        "0": 1,
        "1": 1,
        "2": 1,
        "3": 9,
        "4": 67,
        "5": 500,
        "6": 3761
    },
    "11448": {
        "0": 1,
        "1": 1,
        "2": 14,
        "3": 115,
        "4": 877,
        "5": 6744,
        "6": 33113
    },
    "11449": {
        "0": 1,
        "1": 10,
        "2": 81,
        "3": 622,
        "4": 4707,
        "5": 18127,
        "6": 49392
    },
    "11450": {
        "0": 1,
        "1": 1,
        "2": 8,
        "3": 69,
        "4": 585,
        "5": 4938,
        "6": 11491
    },
    "11451": {
        "0": 1,
        "1": 12,
        "2": 104,
        "3": 874,
        "4": 7304,
        "5": 28554,
        "6": 72640
    },
    "11452": {
        "0": 1,
        "1": 1,
        "2": 1,
        "3": 12,
        "4": 88,
        "5": 600,
        "6": 4077
    },
    "11453": {
        "0": 1,
        "1": 1,
        "2": 1,
        "3": 1,
        "4": 13,
        "5": 117,
        "6": 1013
    },
    "11454": {
        "0": 1,
        "1": 10,
        "2": 86,
        "3": 740,
        "4": 6326,
        "5": 21718,
        "6": 46830
    },
    "11455": {
        "0": 1,
        "1": 1,
        "2": 11,
        "3": 74,
        "4": 474,
        "5": 3094,
        "6": 9990
    },
    "11456": {
        "0": 1,
        "1": 1,
        "2": 10,
        "3": 79,
        "4": 619,
        "5": 4859,
        "6": 19033
    },
    "11457": {
        "0": 1,
        "1": 13,
        "2": 93,
        "3": 625,
        "4": 4255,
        "5": 18741,
        "6": 57831
    },
    "11458": {
        "0": 1,
        "1": 1,
        "2": 10,
        "3": 80,
        "4": 621,
        "5": 4730,
        "6": 18301
    },
    "11459": {
        "0": 1,
        "1": 1,
        "2": 1,
        "3": 1,
        "4": 10,
        "5": 87,
        "6": 749
    },
    "11460": {
        "0": 1,
        "1": 1,
        "2": 13,
        "3": 106,
        "4": 798,
        "5": 5975,
        "6": 25397
    },
    "11461": {
        "0": 1,
        "1": 1,
        "2": 10,
        "3": 82,
        "4": 627,
        "5": 4638,
        "6": 17944
    },
    "11462": {
        "0": 1,
        "1": 1,
        "2": 1,
        "3": 9,
        "4": 61,
        "5": 409,
        "6": 2758
    },
    "11463": {
        "0": 1,
        "1": 10,
        "2": 85,
        "3": 722,
        "4": 6169,
        "5": 20266,
        "6": 51931
    },
    "11464": {
        "0": 1,
        "1": 10,
        "2": 90,
        "3": 806,
        "4": 7143,
        "5": 29654,
        "6": 75884
    },
    "11465": {
        "0": 1,
        "1": 8,
        "2": 70,
        "3": 594,
        "4": 4984,
        "5": 11530,
        "6": 21787
    },
    "11466": {
        "0": 1,
        "1": 1,
        "2": 10,
        "3": 74,
        "4": 551,
        "5": 4119,
        "6": 11697
    },
    "11467": {
        "0": 1,
        "1": 1,
        "2": 11,
        "3": 85,
        "4": 634,
        "5": 4721,
        "6": 17787
    },
    "11468": {
        "0": 1,
        "1": 10,
        "2": 77,
        "3": 586,
        "4": 4451,
        "5": 14652,
        "6": 32070
    },
    "11469": {
        "0": 1,
        "1": 1,
        "2": 1,
        "3": 12,
        "4": 78,
        "5": 455,
        "6": 2703
    },
    "11470": {
        "0": 1,
        "1": 1,
        "2": 10,
        "3": 69,
        "4": 466,
        "5": 3199,
        "6": 11921
    },
    "11471": {
        "0": 1,
        "1": 1,
        "2": 9,
        "3": 54,
        "4": 328,
        "5": 1953,
        "6": 6784
    },
    "11472": {
        "0": 1,
        "1": 1,
        "2": 10,
        "3": 73,
        "4": 526,
        "5": 3861,
        "6": 9696
    },
    "11473": {
        "0": 1,
        "1": 1,
        "2": 8,
        "3": 47,
        "4": 292,
        "5": 1810,
        "6": 6286
    },
    "11474": {
        "0": 1,
        "1": 1,
        "2": 9,
        "3": 81,
        "4": 711,
        "5": 6251,
        "6": 22189
    },
    "11475": {
        "0": 1,
        "1": 11,
        "2": 87,
        "3": 641,
        "4": 4612,
        "5": 16538,
        "6": 42379
    },
    "11476": {
        "0": 1,
        "1": 1,
        "2": 1,
        "3": 10,
        "4": 75,
        "5": 557,
        "6": 4169
    },
    "11477": {
        "0": 1,
        "1": 1,
        "2": 1,
        "3": 10,
        "4": 80,
        "5": 621,
        "6": 4794
    },
    "11478": {
        "0": 1,
        "1": 1,
        "2": 11,
        "3": 87,
        "4": 659,
        "5": 4983,
        "6": 20342
    },
    "11479": {
        "0": 1,
        "1": 1,
        "2": 10,
        "3": 87,
        "4": 750,
        "5": 6372,
        "6": 23442
    },
    "11480": {
        "0": 1,
        "1": 1,
        "2": 11,
        "3": 85,
        "4": 615,
        "5": 4390,
        "6": 13863
    },
    "11481": {
        "0": 1,
        "1": 9,
        "2": 75,
        "3": 644,
        "4": 5503,
        "5": 14442,
        "6": 25560
    },
    "11482": {
        "0": 1,
        "1": 1,
        "2": 11,
        "3": 97,
        "4": 836,
        "5": 7194,
        "6": 28741
    },
    "11483": {
        "0": 1,
        "1": 8,
        "2": 69,
        "3": 589,
        "4": 4993,
        "5": 9827,
        "6": 14601
    },
    "11484": {
        "0": 1,
        "1": 1,
        "2": 1,
        "3": 11,
        "4": 96,
        "5": 832,
        "6": 7080
    },
    "11485": {
        "0": 1,
        "1": 1,
        "2": 1,
        "3": 1,
        "4": 1,
        "5": 1,
        "6": 12
    },
    "11486": {
        "0": 1,
        "1": 12,
        "2": 84,
        "3": 545,
        "4": 3625,
        "5": 15205,
        "6": 42345
    },
    "11487": {
        "0": 1,
        "1": 1,
        "2": 11,
        "3": 97,
        "4": 830,
        "5": 7029,
        "6": 29078
    },
    "11488": {
        "0": 1,
        "1": 1,
        "2": 1,
        "3": 9,
        "4": 69,
        "5": 527,
        "6": 4052
    },
    "11489": {
        "0": 1,
        "1": 1,
        "2": 11,
        "3": 83,
        "4": 585,
        "5": 4051,
        "6": 12282
    },
    "11490": {
        "0": 1,
        "1": 1,
        "2": 11,
        "3": 87,
        "4": 660,
        "5": 4994,
        "6": 20271
    },
    "11491": {
        "0": 1,
        "1": 1,
        "2": 10,
        "3": 77,
        "4": 579,
        "5": 4356,
        "6": 15311
    },
    "11492": {
        "0": 1,
        "1": 9,
        "2": 77,
        "3": 656,
        "4": 5572,
        "5": 14785,
        "6": 27525
    },
    "11493": {
        "0": 1,
        "1": 9,
        "2": 74,
        "3": 609,
        "4": 4893,
        "5": 11128,
        "6": 16578
    },
    "11494": {
        "0": 1,
        "1": 10,
        "2": 83,
        "3": 701,
        "4": 5865,
        "5": 18555,
        "6": 39820
    },
    "11495": {
        "0": 1,
        "1": 1,
        "2": 1,
        "3": 1,
        "4": 10,
        "5": 86,
        "6": 729
    },
    "11496": {
        "0": 1,
        "1": 10,
        "2": 87,
        "3": 757,
        "4": 6495,
        "5": 25170,
        "6": 63653
    },
    "11497": {
        "0": 1,
        "1": 10,
        "2": 75,
        "3": 561,
        "4": 4181,
        "5": 13824,
        "6": 32992
    },
    "11498": {
        "0": 1,
        "1": 1,
        "2": 1,
        "3": 13,
        "4": 111,
        "5": 866,
        "6": 6601
    },
    "11499": {
        "0": 1,
        "1": 10,
        "2": 85,
        "3": 726,
        "4": 6150,
        "5": 21275,
        "6": 50033
    }
}