{
    "18200": {
        "0": 1,
        "1": 1,
        "2": 12,
        "3": 101,
        "4": 846,
        "5": 7024,
        "6": 27664
    },
    "18201": {
        "0": 1,
        "1": 10,
        "2": 79,
        "3": 608,
        "4": 4619,
        "5": 17404,
        "6": 45585
    },
    "18202": {
        "0": 1,
        "1": 1,
        "2": 1,
        "3": 9,
        "4": 65,
        "5": 448,
        "6": 3066
    },
    "18203": {
        "0": 1,
        "1": 1,
        "2": 1,
        "3": 1,
        "4": 10,
        "5": 71,
        "6": 498
    },
    "18204": {
        "0": 1,
        "1": 11,
        "2": 91,
        "3": 714,
        "4": 5493,
        "5": 22733,
        "6": 65718
    },
    "18205": {
        "0": 1,
        "1": 1,
        "2": 1,
        "3": 1,
        "4": 8,
        "5": 44,
        "6": 249
    },
    "18206": {
        "0": 1,
        "1": 1,
        "2": 1,
        "3": 9,
        "4": 78,
        "5": 680,
        "6": 5927
    },
    "18207": {
        "0": 1,
        "1": 1,
        "2": 10,
        "3": 86,
        "4": 724,
        "5": 6056,
        "6": 20241
    },
    "18208": {
        "0": 1,
        "1": 9,
        "2": 75,
        "3": 635,
        "4": 5324,
        "5": 14204,
        "6": 26659
    },
    "18209": {
        "0": 1,
        "1": 1,
        "2": 1,
        "3": 9,
        "4": 51,
        "5": 287,
        "6": 1670
    },
    "18210": {
        "0": 1,
        "1": 10,
        "2": 69,
        "3": 472,
        "4": 3261,
        "5": 12276,
        "6": 32580
    },
    "18211": {
        "0": 1,
        "1": 1,
        "2": 1,
        "3": 11,
        "4": 86,
        "5": 651,
        "6": 4963
    },
    "18212": {
        "0": 1,
        "1": 9,
        "2": 71,
        "3": 541,
        "4": 4050,
        "5": 12710,
        "6": 29504
    },
    "18213": {
        "0": 1,
        "1": 1,
        "2": 1,
        "3": 8,
        "4": 72,
        "5": 629,
        "6": 5483
    },
    "18214": {
        "0": 1,
        "1": 1,
        "2": 1,
        "3": 10,
        "4": 85,
        "5": 714,
        "6": 5827
    },
    "18215": {
        "0": 1,
        "1": 9,
        "2": 70,
        "3": 539,
        "4": 4119,
        "5": 12005,
        "6": 24064
    },
    "18216": {
        "0": 1,
        "1": 12,
        "2": 83,
        "3": 545,
        "4": 3621,
        "5": 13718,
        "6": 35871
    },
    "18217": {
        "0": 1,
        "1": 1,
        "2": 1,
        "3": 1,
        "4": 12,
        "5": 86,
        "6": 582
    },
    "18218": {
        "0": 1,
        "1": 10,
        "2": 88,
        "3": 760,
        "4": 6436,
        "5": 23885,
        "6": 56970
    },
    "18219": {
        "0": 1,
        "1": 1,
        "2": 8,
        "3": 62,
        "4": 486,
        "5": 3793,
        "6": 10483
    },
    "18220": {
        "0": 1,
        "1": 1,
        "2": 10,
        "3": 86,
        "4": 731,
        "5": 6054,
        "6": 21512
    },
    "18221": {
        "0": 1,
        "1": 1,
        "2": 1,
        "3": 11,
        "4": 77,
        "5": 525,
        "6": 3610
    },
    "18222": {
        "0": 1,
        "1": 1,
        "2": 11,
        "3": 84,
        "4": 621,
        "5": 4625,
        "6": 15473
    },
    "18223": {
        "0": 1,
        "1": 10,
        "2": 84,
        "3": 701,
        "4": 5825,
        "5": 18258,
        "6": 38733
    },
    "18224": {
        "0": 1,
        "1": 1,
        "2": 10,
        "3": 79,
        "4": 624,
        "5": 4965,
        "6": 20158
    },
    "18225": {
        "0": 1,
        "1": 10,
        "2": 81,
        "3": 644,
        "4": 5072,
        "5": 20557,
        "6": 52661
    },
    "18226": {
        "0": 1,
        "1": 10,
        "2": 78,
        "3": 595,
        "4": 4501,
        "5": 16431,
        "6": 38445
    },
    "18227": {
        "0": 1,
        "1": 1,
        "2": 1,
        "3": 11,
        "4": 84,
        "5": 635,
        "6": 4855
    },
    "18228": {
        "0": 1,
        "1": 10,
        "2": 86,
        "3": 735,
        "4": 6104,
        "5": 21999,
        "6": 53219
    },
    "18229": {
        "0": 1,
        "1": 1,
        "2": 1,
        "3": 11,
        "4": 95,
        "5": 812,
        "6": 6669
    },
    "18230": {
        "0": 1,
        "1": 1,
        "2": 1,
        "3": 8,
        "4": 63,
        "5": 501,
        "6": 3966
    },
    "18231": {
        "0": 1,
        "1": 10,
        "2": 77,
        "3": 594,
        "4": 4584,
        "5": 16348,
        "6": 37365
    },
    "18232": {
        "0": 1,
        "1": 1,
        "2": 13,
        "3": 109,
        "4": 811,
        "5": 6017,
        "6": 27370
    },
    "18233": {
        "0": 1,
        "1": 10,
        "2": 82,
        "3": 681,
        "4": 5682,
        "5": 17481,
        "6": 39233
    },
    "18234": {
        "0": 1,
        "1": 10,
        "2": 84,
        "3": 718,
        "4": 6034,
        "5": 19886,
        "6": 39107
    },
    "18235": {
        "0": 1,
        "1": 1,
        "2": 9,
        "3": 70,
        "4": 551,
        "5": 4280,
        "6": 13925
    },
    "18236": {
        "0": 1,
        "1": 8,
        "2": 61,
        "3": 448,
        "4": 3249,
        "5": 6109,
        "6": 11774
    },
    "18237": {
        "0": 1,
        "1": 12,
        "2": 100,
        "3": 780,
        "4": 6058,
        "5": 28060,
        "6": 85265
    },
    "18238": {
        "0": 1,
        "1": 10,
        "2": 83,
        "3": 680,
        "4": 5528,
        "5": 16855,
        "6": 38344
    },
    "18239": {
        "0": 1,
        "1": 10,
        "2": 84,
        "3": 714,
        "4": 6051,
        "5": 20466,
        "6": 45876
    },
    "18240": {
        "0": 1,
        "1": 12,
        "2": 84,
        "3": 586,
        "4": 4045,
        "5": 17609,
        "6": 56353
    },
    "18241": {
        "0": 1,
        "1": 1,
        "2": 11,
        "3": 83,
        "4": 623,
        "5": 4636,
        "6": 17090
    },
    "18242": {
        "0": 1,
        "1": 1,
        "2": 12,
        "3": 105,
        "4": 912,
        "5": 7824,
        "6": 36146
    },
    "18243": {
        "0": 1,
        "1": 12,
        "2": 95,
        "3": 706,
        "4": 5177,
        "5": 20579,
        "6": 51593
    },
    "18244": {
        "0": 1,
        "1": 8,
        "2": 70,
        "3": 604,
        "4": 5126,
        "5": 12818,
        "6": 23629
    },
    "18245": {
        "0": 1,
        "1": 9,
        "2": 67,
        "3": 501,
        "4": 3795,
        "5": 10004,
        "6": 22575
    },
    "18246": {
        "0": 1,
        "1": 12,
        "2": 98,
        "3": 740,
        "4": 5538,
        "5": 22564,
        "6": 68006
    },
    "18247": {
        "0": 1,
        "1": 11,
        "2": 74,
        "3": 467,
        "4": 2977,
        "5": 10012,
        "6": 25403
    },
    "18248": {
        "0": 1,
        "1": 1,
        "2": 1,
        "3": 1,
        "4": 10,
        "5": 78,
        "6": 603
    },
    "18249": {
        "0": 1,
        "1": 12,
        "2": 88,
        "3": 598,
        "4": 4091,
        "5": 17743,
        "6": 56453
    },
    "18250": {
        "0": 1,
        "1": 9,
        "2": 67,
        "3": 507,
        "4": 3868,
        "5": 10521,
        "6": 20884
    },
    "18251": {
        "0": 1,
        "1": 10,
        "2": 91,
        "3": 784,
        "4": 6586,
        "5": 26499,
        "6": 70003
    },
    "18252": {
        "0": 1,
        "1": 8,
        "2": 59,
        "3": 434,
        "4": 3188,
        "5": 6227,
        "6": 11562
    },
    "18253": {
        "0": 1,
        "1": 10,
        "2": 75,
        "3": 536,
        "4": 3805,
        "5": 9826,
        "6": 19620
    },
    "18254": {
        "0": 1,
        "1": 13,
        "2": 107,
        "3": 803,
        "4": 5960,
        "5": 27048,
        "6": 79188
    },
    "18255": {
        "0": 1,
        "1": 10,
        "2": 85,
        "3": 732,
        "4": 6177,
        "5": 21209,
        "6": 52824
    },
    "18256": {
        "0": 1,
        "1": 11,
        "2": 91,
        "3": 747,
        "4": 6086,
        "5": 19061,
        "6": 38225
    },
    "18257": {
        "0": 1,
        "1": 12,
        "2": 99,
        "3": 787,
        "4": 6164,
        "5": 28862,
        "6": 93049
    },
    "18258": {
        "0": 1,
        "1": 11,
        "2": 83,
        "3": 599,
        "4": 4401,
        "5": 15040,
        "6": 39657
    },
    "18259": {
        "0": 1,
        "1": 1,
        "2": 1,
        "3": 1,
        "4": 1,
        "5": 13,
        "6": 107
    },
    "18260": {
        "0": 1,
        "1": 8,
        "2": 61,
        "3": 466,
        "4": 3540,
        "5": 9705,
        "6": 21954
    },
    "18261": {
        "0": 1,
        "1": 1,
        "2": 1,
        "3": 11,
        "4": 81,
        "5": 563,
        "6": 3827
    },
    "18262": {
        "0": 1,
        "1": 8,
        "2": 74,
        "3": 650,
        "4": 5548,
        "5": 18257,
        "6": 41711
    },
    "18263": {
        "0": 1,
        "1": 1,
        "2": 10,
        "3": 90,
        "4": 783,
        "5": 6703,
        "6": 26501
    },
    "18264": {
        "0": 1,
        "1": 10,
        "2": 77,
        "3": 576,
        "4": 4325,
        "5": 13587,
        "6": 30425
    },
    "18265": {
        "0": 1,
        "1": 11,
        "2": 78,
        "3": 523,
        "4": 3473,
        "5": 13727,
        "6": 38721
    },
    "18266": {
        "0": 1,
        "1": 12,
        "2": 102,
        "3": 839,
        "4": 6871,
        "5": 24682,
        "6": 60461
    },
    "18267": {
        "0": 1,
        "1": 1,
        "2": 12,
        "3": 93,
        "4": 692,
        "5": 5166,
        "6": 21455
    },
    "18268": {
        "0": 1,
        "1": 1,
        "2": 1,
        "3": 13,
        "4": 104,
        "5": 751,
        "6": 5366
    },
    "18269": {
        "0": 1,
        "1": 9,
        "2": 69,
        "3": 525,
        "4": 4024,
        "5": 11927,
        "6": 23113
    },
    "18270": {
        "0": 1,
        "1": 1,
        "2": 12,
        "3": 83,
        "4": 500,
        "5": 2960,
        "6": 9901
    },
    "18271": {
        "0": 1,
        "1": 1,
        "2": 1,
        "3": 1,
        "4": 10,
        "5": 78,
        "6": 602
    },
    "18272": {
        "0": 1,
        "1": 1,
        "2": 1,
        "3": 1,
        "4": 11,
        "5": 95,
        "6": 826
    },
    "18273": {
        "0": 1,
        "1": 1,
        "2": 11,
        "3": 93,
        "4": 780,
        "5": 6504,
        "6": 23716
    },
    "18274": {
        "0": 1,
        "1": 1,
        "2": 9,
        "3": 70,
        "4": 538,
        "5": 4130,
        "6": 12906
    },
    "18275": {
        "0": 1,
        "1": 12,
        "2": 96,
        "3": 726,
        "4": 5483,
        "5": 22624,
        "6": 61505
    },
    "18276": {
        "0": 1,
        "1": 9,
        "2": 69,
        "3": 520,
        "4": 3874,
        "5": 11699,
        "6": 23776
    },
    "18277": {
        "0": 1,
        "1": 1,
        "2": 10,
        "3": 77,
        "4": 568,
        "5": 4143,
        "6": 12657
    },
    "18278": {
        "0": 1,
        "1": 9,
        "2": 66,
        "3": 484,
        "4": 3600,
        "5": 8122,
        "6": 15156
    },
    "18279": {
        "0": 1,
        "1": 10,
        "2": 86,
        "3": 749,
        "4": 6434,
        "5": 24565,
        "6": 59272
    },
    "18280": {
        "0": 1,
        "1": 1,
        "2": 10,
        "3": 82,
        "4": 679,
        "5": 5570,
        "6": 15460
    },
    "18281": {
        "0": 1,
        "1": 10,
        "2": 83,
        "3": 694,
        "4": 5744,
        "5": 17262,
        "6": 33061
    },
    "18282": {
        "0": 1,
        "1": 12,
        "2": 103,
        "3": 844,
        "4": 6719,
        "5": 27297,
        "6": 70861
    },
    "18283": {
        "0": 1,
        "1": 9,
        "2": 51,
        "3": 290,
        "4": 1626,
        "5": 5137,
        "6": 12437
    },
    "18284": {
        "0": 1,
        "1": 11,
        "2": 94,
        "3": 781,
        "4": 6346,
        "5": 23323,
        "6": 55209
    },
    "18285": {
        "0": 1,
        "1": 1,
        "2": 1,
        "3": 8,
        "4": 62,
        "5": 488,
        "6": 3865
    },
    "18286": {
        "0": 1,
        "1": 1,
        "2": 1,
        "3": 10,
        "4": 81,
        "5": 669,
        "6": 5512
    },
    "18287": {
        "0": 1,
        "1": 1,
        "2": 10,
        "3": 83,
        "4": 647,
        "5": 4980,
        "6": 19249
    },
    "18288": {
        "0": 1,
        "1": 1,
        "2": 11,
        "3": 92,
        "4": 772,
        "5": 6496,
        "6": 22238
    },
    "18289": {
        "0": 1,
        "1": 12,
        "2": 99,
        "3": 820,
        "4": 6787,
        "5": 25851,
        "6": 58159
    },
    "18290": {
        "0": 1,
        "1": 10,
        "2": 89,
        "3": 785,
        "4": 6846,
        "5": 28232,
        "6": 79002
    },
    "18291": {
        "0": 1,
        "1": 10,
        "2": 82,
        "3": 681,
        "4": 5633,
        "5": 16400,
        "6": 33883
    },
    "18292": {
        "0": 1,
        "1": 1,
        "2": 10,
        "3": 77,
        "4": 563,
        "5": 4075,
        "6": 12352
    },
    "18293": {
        "0": 1,
        "1": 12,
        "2": 93,
        "3": 706,
        "4": 5445,
        "5": 23339,
        "6": 67531
    },
    "18294": {
        "0": 1,
        "1": 1,
        "2": 1,
        "3": 13,
        "4": 108,
        "5": 844,
        "6": 6536
    },
    "18295": {
        "0": 1,
        "1": 10,
        "2": 78,
        "3": 590,
        "4": 4437,
        "5": 15874,
        "6": 43311
    },
    "18296": {
        "0": 1,
        "1": 1,
        "2": 1,
        "3": 9,
        "4": 76,
        "5": 658,
        "6": 5652
    },
    "18297": {
        "0": 1,
        "1": 1,
        "2": 12,
        "3": 92,
        "4": 632,
        "5": 4249,
        "6": 18339
    },
    "18298": {
        "0": 1,
        "1": 1,
        "2": 11,
        "3": 92,
        "4": 771,
        "5": 6507,
        "6": 22571
    },
    "18299": {
        "0": 1,
        "1": 8,
        "2": 53,
        "3": 355,
        "4": 2367,
        "5": 6754,
        "6": 14918
    }
}