{
    "3300": {
        "0": 1,
        "1": 9,
        "2": 67,
        "3": 506,
        "4": 3807,
        "5": 11282,
        "6": 22064
    },
    "3301": {
        "0": 1,
        "1": 1,
        "2": 1,
        "3": 1,
        "4": 10,
        "5": 70,
        "6": 474
    },
    "3302": {
        "0": 1,
        "1": 1,
        "2": 1,
        "3": 1,
        "4": 10,
        "5": 67,
        "6": 446
    },
    "3303": {
        "0": 1,
        "1": 1,
        "2": 9,
        "3": 77,
        "4": 665,
        "5": 5672,
        "6": 15583
    },
    "3304": {
        "0": 1,
        "1": 1,
        "2": 1,
        "3": 10,
        "4": 76,
        "5": 546,
        "6": 3938
    },
    "3305": {
        "0": 1,
        "1": 1,
        "2": 1,
        "3": 9,
        "4": 68,
        "5": 507,
        "6": 3731
    },
    "3306": {
        "0": 1,
        "1": 11,
        "2": 96,
        "3": 820,
        "4": 6882,
        "5": 26945,
        "6": 70468
    },
    "3307": {
        "0": 1,
        "1": 1,
        "2": 10,
        "3": 79,
        "4": 602,
        "5": 4567,
        "6": 16879
    },
    "3308": {
        "0": 1,
        "1": 1,
        "2": 1,
        "3": 1,
        "4": 1,
        "5": 10,
        "6": 84
    },
    "3309": {
        "0": 1,
        "1": 11,
        "2": 86,
        "3": 662,
        "4": 5066,
        "5": 21173,
        "6": 58226
    },
    "3310": {
        "0": 1,
        "1": 8,
        "2": 72,
        "3": 630,
        "4": 5365,
        "5": 16931,
        "6": 38461
    },
    "3311": {
        "0": 1,
        "1": 1,
        "2": 10,
        "3": 83,
        "4": 696,
        "5": 5807,
        "6": 18179
    },
    "3312": {
        "0": 1,
        "1": 1,
        "2": 9,
        "3": 71,
        "4": 541,
        "5": 4079,
        "6": 13114
    },
    "3313": {
        "0": 1,
        "1": 1,
        "2": 1,
        "3": 10,
        "4": 78,
        "5": 611,
        "6": 4825
    },
    "3314": {
        "0": 1,
        "1": 11,
        "2": 95,
        "3": 778,
        "4": 6236,
        "5": 21916,
        "6": 54715
    },
    "3315": {
        "0": 1,
        "1": 1,
        "2": 10,
        "3": 77,
        "4": 588,
        "5": 4496,
        "6": 15148
    },
    "3316": {
        "0": 1,
        "1": 1,
        "2": 12,
        "3": 98,
        "4": 733,
        "5": 5375,
        "6": 21533
    },
    "3317": {
        "0": 1,
        "1": 11,
        "2": 89,
        "3": 710,
        "4": 5649,
        "5": 25560,
        "6": 78746
    },
    "3318": {
        "0": 1,
        "1": 1,
        "2": 11,
        "3": 97,
        "4": 842,
        "5": 7200,
        "6": 30529
    },
    "3319": {
        "0": 1,
        "1": 1,
        "2": 1,
        "3": 12,
        "4": 88,
        "5": 591,
        "6": 3918
    },
    "3320": {
        "0": 1,
        "1": 1,
        "2": 12,
        "3": 103,
        "4": 881,
        "5": 7402,
        "6": 31569
    },
    "3321": {
        "0": 1,
        "1": 12,
        "2": 97,
        "3": 748,
        "4": 5737,
        "5": 24997,
        "6": 76071
    },
    "3322": {
        "0": 1,
        "1": 10,
        "2": 70,
        "3": 470,
        "4": 3135,
        "5": 11827,
        "6": 29520
    },
    "3323": {
        "0": 1,
        "1": 1,
        "2": 1,
        "3": 10,
        "4": 81,
        "5": 673,
        "6": 5661
    },
    "3324": {
        "0": 1,
        "1": 12,
        "2": 95,
        "3": 728,
        "4": 5582,
        "5": 23422,
        "6": 66988
    },
    "3325": {
        "0": 1,
        "1": 12,
        "2": 107,
        "3": 889,
        "4": 7236,
        "5": 28175,
        "6": 72167
    },
    "3326": {
        "0": 1,
        "1": 12,
        "2": 103,
        "3": 860,
        "4": 7122,
        "5": 28569,
        "6": 78325
    },
    "3327": {
        "0": 1,
        "1": 1,
        "2": 10,
        "3": 84,
        "4": 702,
        "5": 5783,
        "6": 17138
    },
    "3328": {
        "0": 1,
        "1": 1,
        "2": 10,
        "3": 81,
        "4": 686,
        "5": 5828,
        "6": 17452
    },
    "3329": {
        "0": 1,
        "1": 1,
        "2": 1,
        "3": 10,
        "4": 84,
        "5": 715,
        "6": 6116
    },
    "3330": {
        "0": 1,
        "1": 1,
        "2": 10,
        "3": 76,
        "4": 569,
        "5": 4196,
        "6": 13584
    },
    "3331": {
        "0": 1,
        "1": 1,
        "2": 1,
        "3": 9,
        "4": 77,
        "5": 659,
        "6": 5602
    },
    "3332": {
        "0": 1,
        "1": 10,
        "2": 84,
        "3": 710,
        "4": 5978,
        "5": 19973,
        "6": 45552
    },
    "3333": {
        "0": 1,
        "1": 1,
        "2": 1,
        "3": 1,
        "4": 8,
        "5": 60,
        "6": 464
    },
    "3334": {
        "0": 1,
        "1": 10,
        "2": 76,
        "3": 571,
        "4": 4314,
        "5": 15299,
        "6": 37672
    },
    "3335": {
        "0": 1,
        "1": 1,
        "2": 1,
        "3": 10,
        "4": 86,
        "5": 736,
        "6": 6200
    },
    "3336": {
        "0": 1,
        "1": 1,
        "2": 11,
        "3": 88,
        "4": 649,
        "5": 4687,
        "6": 16337
    },
    "3337": {
        "0": 1,
        "1": 1,
        "2": 1,
        "3": 10,
        "4": 84,
        "5": 698,
        "6": 5718
    },
    "3338": {
        "0": 1,
        "1": 1,
        "2": 12,
        "3": 84,
        "4": 560,
        "5": 3718,
        "6": 14440
    },
    "3339": {
        "0": 1,
        "1": 1,
        "2": 1,
        "3": 9,
        "4": 66,
        "5": 488,
        "6": 3605
    },
    "3340": {
        "0": 1,
        "1": 10,
        "2": 57,
        "3": 321,
        "4": 1907,
        "5": 6541,
        "6": 16333
    },
    "3341": {
        "0": 1,
        "1": 1,
        "2": 10,
        "3": 70,
        "4": 470,
        "5": 3189,
        "6": 11512
    },
    "3342": {
        "0": 1,
        "1": 8,
        "2": 60,
        "3": 458,
        "4": 3540,
        "5": 8475,
        "6": 15305
    },
    "3343": {
        "0": 1,
        "1": 1,
        "2": 11,
        "3": 94,
        "4": 782,
        "5": 6416,
        "6": 22252
    },
    "3344": {
        "0": 1,
        "1": 11,
        "2": 81,
        "3": 590,
        "4": 4350,
        "5": 13354,
        "6": 27723
    },
    "3345": {
        "0": 1,
        "1": 1,
        "2": 1,
        "3": 8,
        "4": 67,
        "5": 569,
        "6": 4874
    },
    "3346": {
        "0": 1,
        "1": 1,
        "2": 1,
        "3": 9,
        "4": 62,
        "5": 425,
        "6": 2983
    },
    "3347": {
        "0": 1,
        "1": 9,
        "2": 72,
        "3": 558,
        "4": 4242,
        "5": 14571,
        "6": 38188
    },
    "3348": {
        "0": 1,
        "1": 9,
        "2": 66,
        "3": 506,
        "4": 3905,
        "5": 10934,
        "6": 19175
    },
    "3349": {
        "0": 1,
        "1": 1,
        "2": 10,
        "3": 74,
        "4": 553,
        "5": 4193,
        "6": 12818
    },
    "3350": {
        "0": 1,
        "1": 1,
        "2": 8,
        "3": 52,
        "4": 343,
        "5": 2252,
        "6": 5772
    },
    "3351": {
        "0": 1,
        "1": 1,
        "2": 9,
        "3": 68,
        "4": 522,
        "5": 3979,
        "6": 12790
    },
    "3352": {
        "0": 1,
        "1": 12,
        "2": 102,
        "3": 837,
        "4": 6774,
        "5": 26682,
        "6": 69105
    },
    "3353": {
        "0": 1,
        "1": 1,
        "2": 1,
        "3": 9,
        "4": 78,
        "5": 658,
        "6": 5441
    },
    "3354": {
        "0": 1,
        "1": 10,
        "2": 80,
        "3": 602,
        "4": 4487,
        "5": 15836,
        "6": 39147
    },
    "3355": {
        "0": 1,
        "1": 12,
        "2": 107,
        "3": 896,
        "4": 7371,
        "5": 30103,
        "6": 81947
    },
    "3356": {
        "0": 1,
        "1": 11,
        "2": 85,
        "3": 616,
        "4": 4480,
        "5": 15350,
        "6": 37951
    },
    "3357": {
        "0": 1,
        "1": 1,
        "2": 9,
        "3": 66,
        "4": 483,
        "5": 3516,
        "6": 8419
    },
    "3358": {
        "0": 1,
        "1": 11,
        "2": 85,
        "3": 630,
        "4": 4623,
        "5": 16416,
        "6": 42905
    },
    "3359": {
        "0": 1,
        "1": 15,
        "2": 132,
        "3": 996,
        "4": 7233,
        "5": 34821,
        "6": 111073
    },
    "3360": {
        "0": 1,
        "1": 12,
        "2": 96,
        "3": 731,
        "4": 5620,
        "5": 24202,
        "6": 71066
    },
    "3361": {
        "0": 1,
        "1": 8,
        "2": 59,
        "3": 440,
        "4": 3331,
        "5": 6363,
        "6": 9025
    },
    "3362": {
        "0": 1,
        "1": 11,
        "2": 85,
        "3": 624,
        "4": 4535,
        "5": 15827,
        "6": 41115
    },
    "3363": {
        "0": 1,
        "1": 1,
        "2": 1,
        "3": 8,
        "4": 70,
        "5": 614,
        "6": 5373
    },
    "3364": {
        "0": 1,
        "1": 1,
        "2": 1,
        "3": 11,
        "4": 85,
        "5": 635,
        "6": 4748
    },
    "3365": {
        "0": 1,
        "1": 1,
        "2": 9,
        "3": 63,
        "4": 453,
        "5": 3251,
        "6": 12812
    },
    "3366": {
        "0": 1,
        "1": 8,
        "2": 58,
        "3": 418,
        "4": 3044,
        "5": 3246,
        "6": 4101
    },
    "3367": {
        "0": 1,
        "1": 1,
        "2": 1,
        "3": 11,
        "4": 88,
        "5": 674,
        "6": 5107
    },
    "3368": {
        "0": 1,
        "1": 1,
        "2": 12,
        "3": 94,
        "4": 682,
        "5": 4956,
        "6": 17107
    },
    "3369": {
        "0": 1,
        "1": 10,
        "2": 77,
        "3": 589,
        "4": 4437,
        "5": 15910,
        "6": 40148
    },
    "3370": {
        "0": 1,
        "1": 1,
        "2": 12,
        "3": 90,
        "4": 624,
        "5": 4202,
        "6": 19017
    },
    "3371": {
        "0": 1,
        "1": 1,
        "2": 1,
        "3": 10,
        "4": 71,
        "5": 471,
        "6": 3153
    },
    "3372": {
        "0": 1,
        "1": 12,
        "2": 102,
        "3": 818,
        "4": 6439,
        "5": 22658,
        "6": 55347
    },
    "3373": {
        "0": 1,
        "1": 12,
        "2": 85,
        "3": 575,
        "4": 3994,
        "5": 17814,
        "6": 50184
    },
    "3374": {
        "0": 1,
        "1": 1,
        "2": 9,
        "3": 69,
        "4": 528,
        "5": 4050,
        "6": 11959
    },
    "3375": {
        "0": 1,
        "1": 1,
        "2": 1,
        "3": 9,
        "4": 66,
        "5": 489,
        "6": 3650
    },
    "3376": {
        "0": 1,
        "1": 1,
        "2": 11,
        "3": 93,
        "4": 770,
        "5": 6287,
        "6": 22989
    },
    "3377": {
        "0": 1,
        "1": 10,
        "2": 84,
        "3": 714,
        "4": 5935,
        "5": 20693,
        "6": 48031
    },
    "3378": {
        "0": 1,
        "1": 12,
        "2": 107,
        "3": 895,
        "4": 7251,
        "5": 29930,
        "6": 81576
    },
    "3379": {
        "0": 1,
        "1": 9,
        "2": 70,
        "3": 529,
        "4": 3989,
        "5": 10804,
        "6": 24882
    },
    "3380": {
        "0": 1,
        "1": 1,
        "2": 1,
        "3": 10,
        "4": 77,
        "5": 583,
        "6": 4371
    },
    "3381": {
        "0": 1,
        "1": 1,
        "2": 11,
        "3": 78,
        "4": 524,
        "5": 3515,
        "6": 13284
    },
    "3382": {
        "0": 1,
        "1": 1,
        "2": 1,
        "3": 9,
        "4": 71,
        "5": 552,
        "6": 4257
    },
    "3383": {
        "0": 1,
        "1": 1,
        "2": 12,
        "3": 84,
        "4": 532,
        "5": 3382,
        "6": 12356
    },
    "3384": {
        "0": 1,
        "1": 10,
        "2": 82,
        "3": 681,
        "4": 5686,
        "5": 15143,
        "6": 30866
    },
    "3385": {
        "0": 1,
        "1": 1,
        "2": 1,
        "3": 13,
        "4": 113,
        "5": 929,
        "6": 7475
    },
    "3386": {
        "0": 1,
        "1": 1,
        "2": 1,
        "3": 1,
        "4": 11,
        "5": 89,
        "6": 672
    },
    "3387": {
        "0": 1,
        "1": 1,
        "2": 12,
        "3": 90,
        "4": 591,
        "5": 3771,
        "6": 14928
    },
    "3388": {
        "0": 1,
        "1": 11,
        "2": 92,
        "3": 783,
        "4": 6654,
        "5": 26393,
        "6": 67930
    },
    "3389": {
        "0": 1,
        "1": 1,
        "2": 1,
        "3": 1,
        "4": 11,
        "5": 96,
        "6": 821
    },
    "3390": {
        "0": 1,
        "1": 10,
        "2": 78,
        "3": 606,
        "4": 4716,
        "5": 17611,
        "6": 39310
    },
    "3391": {
        "0": 1,
        "1": 1,
        "2": 14,
        "3": 117,
        "4": 855,
        "5": 6086,
        "6": 24496
    },
    "3392": {
        "0": 1,
        "1": 11,
        "2": 79,
        "3": 514,
        "4": 3399,
        "5": 13563,
        "6": 39873
    },
    "3393": {
        "0": 1,
        "1": 10,
        "2": 78,
        "3": 590,
        "4": 4421,
        "5": 15655,
        "6": 37476
    },
    "3394": {
        "0": 1,
        "1": 1,
        "2": 1,
        "3": 9,
        "4": 75,
        "5": 641,
        "6": 5515
    },
    "3395": {
        "0": 1,
        "1": 1,
        "2": 1,
        "3": 9,
        "4": 68,
        "5": 521,
        "6": 3986
    },
    "3396": {
        "0": 1,
        "1": 10,
        "2": 75,
        "3": 556,
        "4": 4099,
        "5": 12984,
        "6": 31951
    },
    "3397": {
        "0": 1,
        "1": 10,
        "2": 77,
        "3": 602,
        "4": 4724,
        "5": 17765,
        "6": 45861
    },
    "3398": {
        "0": 1,
        "1": 1,
        "2": 9,
        "3": 78,
        "4": 687,
        "5": 6011,
        "6": 19789
    },
    "3399": {
        "0": 1,
        "1": 13,
        "2": 114,
        "3": 963,
        "4": 8127,
        "5": 36121,
        "6": 97743
    }
}