{
    "3000": {
        "0": 1,
        "1": 11,
        "2": 92,
        "3": 759,
        "4": 6285,
        "5": 22042,
        "6": 55677
    },
    "3001": {
        "0": 1,
        "1": 1,
        "2": 11,
        "3": 76,
        "4": 519,
        "5": 3539,
        "6": 13892
    },
    "3002": {
        "0": 1,
        "1": 1,
        "2": 9,
        "3": 68,
        "4": 527,
        "5": 4073,
        "6": 14097
    },
    "3003": {
        "0": 1,
        "1": 10,
        "2": 85,
        "3": 727,
        "4": 6096,
        "5": 20347,
        "6": 44167
    },
    "3004": {
        "0": 1,
        "1": 15,
        "2": 131,
        "3": 1048,
        "4": 8291,
        "5": 35498,
        "6": 93754
    },
    "3005": {
        "0": 1,
        "1": 1,
        "2": 10,
        "3": 75,
        "4": 571,
        "5": 4311,
        "6": 15267
    },
    "3006": {
        "0": 1,
        "1": 12,
        "2": 104,
        "3": 858,
        "4": 6992,
        "5": 26743,
        "6": 65891
    },
    "3007": {
        "0": 1,
        "1": 1,
        "2": 11,
        "3": 76,
        "4": 490,
        "5": 3156,
        "6": 11496
    },
    "3008": {
        "0": 1,
        "1": 12,
        "2": 105,
        "3": 863,
        "4": 6922,
        "5": 26750,
        "6": 73853
    },
    "3009": {
        "0": 1,
        "1": 10,
        "2": 85,
        "3": 713,
        "4": 5914,
        "5": 18502,
        "6": 41337
    },
    "3010": {
        "0": 1,
        "1": 1,
        "2": 11,
        "3": 87,
        "4": 647,
        "5": 4776,
        "6": 17988
    },
    "3011": {
        "0": 1,
        "1": 10,
        "2": 81,
        "3": 666,
        "4": 5475,
        "5": 14891,
        "6": 28162
    },
    "3012": {
        "0": 1,
        "1": 11,
        "2": 99,
        "3": 841,
        "4": 7048,
        "5": 28051,
        "6": 72067
    },
    "3013": {
        "0": 1,
        "1": 9,
        "2": 77,
        "3": 655,
        "4": 5515,
        "5": 16209,
        "6": 34946
    },
    "3014": {
        "0": 1,
        "1": 1,
        "2": 10,
        "3": 84,
        "4": 718,
        "5": 6073,
        "6": 20736
    },
    "3015": {
        "0": 1,
        "1": 1,
        "2": 1,
        "3": 8,
        "4": 70,
        "5": 617,
        "6": 5445
    },
    "3016": {
        "0": 1,
        "1": 1,
        "2": 1,
        "3": 1,
        "4": 1,
        "5": 1,
        "6": 10
    },
    "3017": {
        "0": 1,
        "1": 1,
        "2": 1,
        "3": 11,
        "4": 74,
        "5": 473,
        "6": 3058
    },
    "3018": {
        "0": 1,
        "1": 1,
        "2": 1,
        "3": 11,
        "4": 76,
        "5": 480,
        "6": 2944
    },
    "3019": {
        "0": 1,
        "1": 9,
        "2": 67,
        "3": 494,
        "4": 3653,
        "5": 9790,
        "6": 20046
    },
    "3020": {
        "0": 1,
        "1": 12,
        "2": 96,
        "3": 696,
        "4": 4957,
        "5": 17697,
        "6": 47680
    },
    "3021": {
        "0": 1,
        "1": 11,
        "2": 86,
        "3": 652,
        "4": 4939,
        "5": 18429,
        "6": 48993
    },
    "3022": {
        "0": 1,
        "1": 1,
        "2": 9,
        "3": 65,
        "4": 482,
        "5": 3625,
        "6": 8271
    },
    "3023": {
        "0": 1,
        "1": 1,
        "2": 1,
        "3": 11,
        "4": 83,
        "5": 635,
        "6": 4935
    },
    "3024": {
        "0": 1,
        "1": 1,
        "2": 9,
        "3": 70,
        "4": 537,
        "5": 4054,
        "6": 13088
    },
    "3025": {
        "0": 1,
        "1": 1,
        "2": 1,
        "3": 1,
        "4": 10,
        "5": 81,
        "6": 667
    },
    "3026": {
        "0": 1,
        "1": 1,
        "2": 9,
        "3": 75,
        "4": 613,
        "5": 4907,
        "6": 9836
    },
    "3027": {
        "0": 1,
        "1": 1,
        "2": 1,
        "3": 10,
        "4": 76,
        "5": 557,
        "6": 4091
    },
    "3028": {
        "0": 1,
        "1": 1,
        "2": 10,
        "3": 75,
        "4": 555,
        "5": 4086,
        "6": 12369
    },
    "3029": {
        "0": 1,
        "1": 1,
        "2": 1,
        "3": 11,
        "4": 84,
        "5": 618,
        "6": 4574
    },
    "3030": {
        "0": 1,
        "1": 1,
        "2": 10,
        "3": 81,
        "4": 648,
        "5": 5122,
        "6": 20984
    },
    "3031": {
        "0": 1,
        "1": 11,
        "2": 90,
        "3": 686,
        "4": 5168,
        "5": 19695,
        "6": 53054
    },
    "3032": {
        "0": 1,
        "1": 11,
        "2": 97,
        "3": 827,
        "4": 6993,
        "5": 26386,
        "6": 63141
    },
    "3033": {
        "0": 1,
        "1": 1,
        "2": 1,
        "3": 1,
        "4": 11,
        "5": 103,
        "6": 893
    },
    "3034": {
        "0": 1,
        "1": 11,
        "2": 95,
        "3": 797,
        "4": 6544,
        "5": 25417,
        "6": 63733
    },
    "3035": {
        "0": 1,
        "1": 1,
        "2": 10,
        "3": 86,
        "4": 727,
        "5": 6139,
        "6": 19267
    },
    "3036": {
        "0": 1,
        "1": 1,
        "2": 12,
        "3": 107,
        "4": 892,
        "5": 7296,
        "6": 29288
    },
    "3037": {
        "0": 1,
        "1": 1,
        "2": 1,
        "3": 12,
        "4": 86,
        "5": 563,
        "6": 3746
    },
    "3038": {
        "0": 1,
        "1": 1,
        "2": 8,
        "3": 69,
        "4": 594,
        "5": 5113,
        "6": 11571
    },
    "3039": {
        "0": 1,
        "1": 12,
        "2": 98,
        "3": 754,
        "4": 5738,
        "5": 25882,
        "6": 80299
    },
    "3040": {
        "0": 1,
        "1": 1,
        "2": 1,
        "3": 10,
        "4": 87,
        "5": 755,
        "6": 6556
    },
    "3041": {
        "0": 1,
        "1": 1,
        "2": 9,
        "3": 73,
        "4": 601,
        "5": 4920,
        "6": 9958
    },
    "3042": {
        "0": 1,
        "1": 1,
        "2": 12,
        "3": 100,
        "4": 838,
        "5": 6978,
        "6": 27591
    },
    "3043": {
        "0": 1,
        "1": 1,
        "2": 11,
        "3": 76,
        "4": 498,
        "5": 3289,
        "6": 11603
    },
    "3044": {
        "0": 1,
        "1": 1,
        "2": 1,
        "3": 10,
        "4": 68,
        "5": 434,
        "6": 2753
    },
    "3045": {
        "0": 1,
        "1": 10,
        "2": 85,
        "3": 740,
        "4": 6420,
        "5": 22752,
        "6": 54562
    },
    "3046": {
        "0": 1,
        "1": 9,
        "2": 70,
        "3": 556,
        "4": 4402,
        "5": 15369,
        "6": 37265
    },
    "3047": {
        "0": 1,
        "1": 1,
        "2": 1,
        "3": 9,
        "4": 70,
        "5": 522,
        "6": 3778
    },
    "3048": {
        "0": 1,
        "1": 12,
        "2": 102,
        "3": 844,
        "4": 6930,
        "5": 26363,
        "6": 64062
    },
    "3049": {
        "0": 1,
        "1": 9,
        "2": 80,
        "3": 690,
        "4": 5900,
        "5": 19273,
        "6": 47141
    },
    "3050": {
        "0": 1,
        "1": 1,
        "2": 11,
        "3": 91,
        "4": 766,
        "5": 6521,
        "6": 23013
    },
    "3051": {
        "0": 1,
        "1": 1,
        "2": 1,
        "3": 10,
        "4": 74,
        "5": 563,
        "6": 4233
    },
    "3052": {
        "0": 1,
        "1": 1,
        "2": 1,
        "3": 10,
        "4": 70,
        "5": 482,
        "6": 3317
    },
    "3053": {
        "0": 1,
        "1": 10,
        "2": 69,
        "3": 469,
        "4": 3228,
        "5": 12142,
        "6": 33465
    },
    "3054": {
        "0": 1,
        "1": 9,
        "2": 69,
        "3": 503,
        "4": 3650,
        "5": 9280,
        "6": 22983
    },
    "3055": {
        "0": 1,
        "1": 1,
        "2": 1,
        "3": 12,
        "4": 93,
        "5": 680,
        "6": 4877
    },
    "3056": {
        "0": 1,
        "1": 1,
        "2": 10,
        "3": 75,
        "4": 558,
        "5": 4169,
        "6": 14135
    },
    "3057": {
        "0": 1,
        "1": 1,
        "2": 1,
        "3": 10,
        "4": 84,
        "5": 720,
        "6": 6176
    },
    "3058": {
        "0": 1,
        "1": 1,
        "2": 13,
        "3": 110,
        "4": 904,
        "5": 7284,
        "6": 30086
    },
    "3059": {
        "0": 1,
        "1": 9,
        "2": 69,
        "3": 546,
        "4": 4310,
        "5": 14790,
        "6": 37270
    },
    "3060": {
        "0": 1,
        "1": 1,
        "2": 1,
        "3": 1,
        "4": 10,
        "5": 79,
        "6": 586
    },
    "3061": {
        "0": 1,
        "1": 10,
        "2": 80,
        "3": 615,
        "4": 4647,
        "5": 17992,
        "6": 48214
    },
    "3062": {
        "0": 1,
        "1": 1,
        "2": 11,
        "3": 96,
        "4": 795,
        "5": 6462,
        "6": 24154
    },
    "3063": {
        "0": 1,
        "1": 9,
        "2": 64,
        "3": 457,
        "4": 3230,
        "5": 12323,
        "6": 33672
    },
    "3064": {
        "0": 1,
        "1": 10,
        "2": 83,
        "3": 717,
        "4": 6120,
        "5": 21473,
        "6": 48589
    },
    "3065": {
        "0": 1,
        "1": 11,
        "2": 95,
        "3": 798,
        "4": 6674,
        "5": 25474,
        "6": 65082
    },
    "3066": {
        "0": 1,
        "1": 1,
        "2": 1,
        "3": 1,
        "4": 11,
        "5": 93,
        "6": 800
    },
    "3067": {
        "0": 1,
        "1": 1,
        "2": 1,
        "3": 1,
        "4": 12,
        "5": 106,
        "6": 896
    },
    "3068": {
        "0": 1,
        "1": 1,
        "2": 9,
        "3": 78,
        "4": 690,
        "5": 6105,
        "6": 20633
    },
    "3069": {
        "0": 1,
        "1": 1,
        "2": 12,
        "3": 89,
        "4": 606,
        "5": 4114,
        "6": 17617
    },
    "3070": {
        "0": 1,
        "1": 12,
        "2": 102,
        "3": 853,
        "4": 7154,
        "5": 27791,
        "6": 69171
    },
    "3071": {
        "0": 1,
        "1": 1,
        "2": 9,
        "3": 66,
        "4": 486,
        "5": 3567,
        "6": 8802
    },
    "3072": {
        "0": 1,
        "1": 10,
        "2": 82,
        "3": 656,
        "4": 5083,
        "5": 13465,
        "6": 23873
    },
    "3073": {
        "0": 1,
        "1": 1,
        "2": 1,
        "3": 11,
        "4": 84,
        "5": 611,
        "6": 4461
    },
    "3074": {
        "0": 1,
        "1": 1,
        "2": 1,
        "3": 1,
        "4": 1,
        "5": 13,
        "6": 111
    },
    "3075": {
        "0": 1,
        "1": 1,
        "2": 1,
        "3": 12,
        "4": 101,
        "5": 823,
        "6": 6657
    },
    "3076": {
        "0": 1,
        "1": 1,
        "2": 1,
        "3": 11,
        "4": 92,
        "5": 774,
        "6": 6357
    },
    "3077": {
        "0": 1,
        "1": 11,
        "2": 94,
        "3": 795,
        "4": 6608,
        "5": 24548,
        "6": 60822
    },
    "3078": {
        "0": 1,
        "1": 10,
        "2": 86,
        "3": 738,
        "4": 6259,
        "5": 22686,
        "6": 53750
    },
    "3079": {
        "0": 1,
        "1": 1,
        "2": 10,
        "3": 80,
        "4": 579,
        "5": 4062,
        "6": 12646
    },
    "3080": {
        "0": 1,
        "1": 1,
        "2": 9,
        "3": 78,
        "4": 655,
        "5": 5402,
        "6": 16321
    },
    "3081": {
        "0": 1,
        "1": 9,
        "2": 77,
        "3": 659,
        "4": 5662,
        "5": 15950,
        "6": 29751
    },
    "3082": {
        "0": 1,
        "1": 1,
        "2": 10,
        "3": 84,
        "4": 666,
        "5": 5207,
        "6": 21013
    },
    "3083": {
        "0": 1,
        "1": 10,
        "2": 88,
        "3": 749,
        "4": 6290,
        "5": 22275,
        "6": 50478
    },
    "3084": {
        "0": 1,
        "1": 1,
        "2": 9,
        "3": 76,
        "4": 647,
        "5": 5442,
        "6": 15062
    },
    "3085": {
        "0": 1,
        "1": 1,
        "2": 10,
        "3": 75,
        "4": 547,
        "5": 3975,
        "6": 11696
    },
    "3086": {
        "0": 1,
        "1": 10,
        "2": 79,
        "3": 611,
        "4": 4658,
        "5": 16269,
        "6": 41791
    },
    "3087": {
        "0": 1,
        "1": 1,
        "2": 1,
        "3": 1,
        "4": 1,
        "5": 10,
        "6": 69
    },
    "3088": {
        "0": 1,
        "1": 1,
        "2": 1,
        "3": 10,
        "4": 78,
        "5": 597,
        "6": 4580
    },
    "3089": {
        "0": 1,
        "1": 11,
        "2": 83,
        "3": 620,
        "4": 4702,
        "5": 16677,
        "6": 43879
    },
    "3090": {
        "0": 1,
        "1": 12,
        "2": 100,
        "3": 741,
        "4": 5298,
        "5": 21851,
        "6": 66794
    },
    "3091": {
        "0": 1,
        "1": 1,
        "2": 11,
        "3": 76,
        "4": 473,
        "5": 2955,
        "6": 9660
    },
    "3092": {
        "0": 1,
        "1": 1,
        "2": 10,
        "3": 88,
        "4": 769,
        "5": 6723,
        "6": 26211
    },
    "3093": {
        "0": 1,
        "1": 1,
        "2": 13,
        "3": 116,
        "4": 969,
        "5": 7952,
        "6": 34821
    },
    "3094": {
        "0": 1,
        "1": 10,
        "2": 85,
        "3": 714,
        "4": 6005,
        "5": 19967,
        "6": 46863
    },
    "3095": {
        "0": 1,
        "1": 12,
        "2": 104,
        "3": 889,
        "4": 7613,
        "5": 32434,
        "6": 82211
    },
    "3096": {
        "0": 1,
        "1": 1,
        "2": 1,
        "3": 10,
        "4": 83,
        "5": 695,
        "6": 5841
    },
    "3097": {
        "0": 1,
        "1": 10,
        "2": 83,
        "3": 698,
        "4": 5831,
        "5": 17603,
        "6": 38007
    },
    "3098": {
        "0": 1,
        "1": 1,
        "2": 10,
        "3": 79,
        "4": 606,
        "5": 4622,
        "6": 18018
    },
    "3099": {
        "0": 1,
        "1": 10,
        "2": 73,
        "3": 520,
        "4": 3654,
        "5": 10023,
        "6": 20045
    }
}