{
    "11300": {
        "0": 1,
        "1": 8,
        "2": 72,
        "3": 635,
        "4": 5518,
        "5": 16674,
        "6": 36996
    },
    "11301": {
        "0": 1,
        "1": 1,
        "2": 10,
        "3": 77,
        "4": 580,
        "5": 4339,
        "6": 13352
    },
    "11302": {
        "0": 1,
        "1": 1,
        "2": 1,
        "3": 10,
        "4": 69,
        "5": 481,
        "6": 3345
    },
    "11303": {
        "0": 1,
        "1": 1,
        "2": 10,
        "3": 78,
        "4": 597,
        "5": 4540,
        "6": 16866
    },
    "11304": {
        "0": 1,
        "1": 1,
        "2": 9,
        "3": 66,
        "4": 483,
        "5": 3523,
        "6": 8289
    },
    "11305": {
        "0": 1,
        "1": 1,
        "2": 10,
        "3": 76,
        "4": 549,
        "5": 3896,
        "6": 11507
    },
    "11306": {
        "0": 1,
        "1": 1,
        "2": 9,
        "3": 73,
        "4": 611,
        "5": 5147,
        "6": 11218
    },
    "11307": {
        "0": 1,
        "1": 1,
        "2": 11,
        "3": 85,
        "4": 655,
        "5": 5054,
        "6": 21791
    },
    "11308": {
        "0": 1,
        "1": 1,
        "2": 12,
        "3": 105,
        "4": 893,
        "5": 7577,
        "6": 31880
    },
    "11309": {
        "0": 1,
        "1": 1,
        "2": 11,
        "3": 85,
        "4": 653,
        "5": 5038,
        "6": 19635
    },
    "11310": {
        "0": 1,
        "1": 9,
        "2": 79,
        "3": 678,
        "4": 5779,
        "5": 18692,
        "6": 41621
    },
    "11311": {
        "0": 1,
        "1": 1,
        "2": 10,
        "3": 67,
        "4": 448,
        "5": 3044,
        "6": 10452
    },
    "11312": {
        "0": 1,
        "1": 1,
        "2": 10,
        "3": 78,
        "4": 589,
        "5": 4426,
        "6": 13547
    },
    "11313": {
        "0": 1,
        "1": 1,
        "2": 1,
        "3": 8,
        "4": 73,
        "5": 648,
        "6": 5642
    },
    "11314": {
        "0": 1,
        "1": 1,
        "2": 13,
        "3": 114,
        "4": 968,
        "5": 8193,
        "6": 36279
    },
    "11315": {
        "0": 1,
        "1": 1,
        "2": 10,
        "3": 66,
        "4": 440,
        "5": 2960,
        "6": 11063
    },
    "11316": {
        "0": 1,
        "1": 9,
        "2": 78,
        "3": 670,
        "4": 5504,
        "5": 18231,
        "6": 40807
    },
    "11317": {
        "0": 1,
        "1": 10,
        "2": 76,
        "3": 562,
        "4": 4133,
        "5": 13223,
        "6": 28397
    },
    "11318": {
        "0": 1,
        "1": 10,
        "2": 83,
        "3": 711,
        "4": 6116,
        "5": 19994,
        "6": 43492
    },
    "11319": {
        "0": 1,
        "1": 10,
        "2": 86,
        "3": 731,
        "4": 6229,
        "5": 20474,
        "6": 46392
    },
    "11320": {
        "0": 1,
        "1": 1,
        "2": 13,
        "3": 110,
        "4": 849,
        "5": 6430,
        "6": 29322
    },
    "11321": {
        "0": 1,
        "1": 1,
        "2": 10,
        "3": 69,
        "4": 453,
        "5": 2933,
        "6": 10126
    },
    "11322": {
        "0": 1,
        "1": 1,
        "2": 10,
        "3": 69,
        "4": 472,
        "5": 3191,
        "6": 11015
    },
    "11323": {
        "0": 1,
        "1": 11,
        "2": 77,
        "3": 514,
        "4": 3450,
        "5": 12766,
        "6": 36304
    },
    "11324": {
        "0": 1,
        "1": 9,
        "2": 67,
        "3": 518,
        "4": 3974,
        "5": 12814,
        "6": 27337
    },
    "11325": {
        "0": 1,
        "1": 11,
        "2": 77,
        "3": 509,
        "4": 3421,
        "5": 12948,
        "6": 39164
    },
    "11326": {
        "0": 1,
        "1": 1,
        "2": 1,
        "3": 12,
        "4": 99,
        "5": 758,
        "6": 5704
    },
    "11327": {
        "0": 1,
        "1": 11,
        "2": 97,
        "3": 831,
        "4": 7131,
        "5": 28732,
        "6": 70502
    },
    "11328": {
        "0": 1,
        "1": 11,
        "2": 77,
        "3": 501,
        "4": 3266,
        "5": 12279,
        "6": 34839
    },
    "11329": {
        "0": 1,
        "1": 1,
        "2": 9,
        "3": 74,
        "4": 628,
        "5": 5335,
        "6": 13004
    },
    "11330": {
        "0": 1,
        "1": 11,
        "2": 79,
        "3": 545,
        "4": 3788,
        "5": 16189,
        "6": 49720
    },
    "11331": {
        "0": 1,
        "1": 9,
        "2": 67,
        "3": 510,
        "4": 3902,
        "5": 10891,
        "6": 22767
    },
    "11332": {
        "0": 1,
        "1": 11,
        "2": 97,
        "3": 805,
        "4": 6467,
        "5": 25258,
        "6": 65954
    },
    "11333": {
        "0": 1,
        "1": 12,
        "2": 105,
        "3": 887,
        "4": 7384,
        "5": 31076,
        "6": 84919
    },
    "11334": {
        "0": 1,
        "1": 1,
        "2": 1,
        "3": 1,
        "4": 10,
        "5": 73,
        "6": 530
    },
    "11335": {
        "0": 1,
        "1": 1,
        "2": 11,
        "3": 83,
        "4": 629,
        "5": 4784,
        "6": 17380
    },
    "11336": {
        "0": 1,
        "1": 1,
        "2": 1,
        "3": 1,
        "4": 12,
        "5": 103,
        "6": 857
    },
    "11337": {
        "0": 1,
        "1": 1,
        "2": 1,
        "3": 9,
        "4": 68,
        "5": 511,
        "6": 3866
    },
    "11338": {
        "0": 1,
        "1": 1,
        "2": 1,
        "3": 1,
        "4": 1,
        "5": 11,
        "6": 95
    },
    "11339": {
        "0": 1,
        "1": 1,
        "2": 10,
        "3": 87,
        "4": 745,
        "5": 6358,
        "6": 23237
    },
    "11340": {
        "0": 1,
        "1": 1,
        "2": 9,
        "3": 75,
        "4": 631,
        "5": 5215,
        "6": 12593
    },
    "11341": {
        "0": 1,
        "1": 1,
        "2": 1,
        "3": 1,
        "4": 9,
        "5": 73,
        "6": 579
    },
    "11342": {
        "0": 1,
        "1": 1,
        "2": 1,
        "3": 9,
        "4": 59,
        "5": 377,
        "6": 2408
    },
    "11343": {
        "0": 1,
        "1": 12,
        "2": 103,
        "3": 873,
        "4": 7422,
        "5": 30633,
        "6": 77660
    },
    "11344": {
        "0": 1,
        "1": 1,
        "2": 10,
        "3": 85,
        "4": 721,
        "5": 5992,
        "6": 21444
    },
    "11345": {
        "0": 1,
        "1": 10,
        "2": 82,
        "3": 686,
        "4": 5713,
        "5": 17199,
        "6": 35859
    },
    "11346": {
        "0": 1,
        "1": 11,
        "2": 95,
        "3": 798,
        "4": 6628,
        "5": 24593,
        "6": 62423
    },
    "11347": {
        "0": 1,
        "1": 1,
        "2": 1,
        "3": 11,
        "4": 93,
        "5": 764,
        "6": 6226
    },
    "11348": {
        "0": 1,
        "1": 9,
        "2": 74,
        "3": 625,
        "4": 5305,
        "5": 12626,
        "6": 24382
    },
    "11349": {
        "0": 1,
        "1": 1,
        "2": 1,
        "3": 11,
        "4": 86,
        "5": 623,
        "6": 4420
    },
    "11350": {
        "0": 1,
        "1": 10,
        "2": 76,
        "3": 552,
        "4": 4046,
        "5": 12546,
        "6": 31304
    },
    "11351": {
        "0": 1,
        "1": 1,
        "2": 10,
        "3": 76,
        "4": 578,
        "5": 4400,
        "6": 14276
    },
    "11352": {
        "0": 1,
        "1": 1,
        "2": 1,
        "3": 9,
        "4": 84,
        "5": 739,
        "6": 6375
    },
    "11353": {
        "0": 1,
        "1": 1,
        "2": 1,
        "3": 1,
        "4": 11,
        "5": 89,
        "6": 737
    },
    "11354": {
        "0": 1,
        "1": 1,
        "2": 11,
        "3": 91,
        "4": 739,
        "5": 6027,
        "6": 19164
    },
    "11355": {
        "0": 1,
        "1": 1,
        "2": 10,
        "3": 86,
        "4": 741,
        "5": 6438,
        "6": 23323
    },
    "11356": {
        "0": 1,
        "1": 11,
        "2": 89,
        "3": 713,
        "4": 5609,
        "5": 15939,
        "6": 30068
    },
    "11357": {
        "0": 1,
        "1": 1,
        "2": 1,
        "3": 13,
        "4": 114,
        "5": 947,
        "6": 7787
    },
    "11358": {
        "0": 1,
        "1": 8,
        "2": 70,
        "3": 598,
        "4": 5040,
        "5": 12187,
        "6": 21524
    },
    "11359": {
        "0": 1,
        "1": 10,
        "2": 77,
        "3": 577,
        "4": 4219,
        "5": 13341,
        "6": 32996
    },
    "11360": {
        "0": 1,
        "1": 8,
        "2": 61,
        "3": 467,
        "4": 3626,
        "5": 9265,
        "6": 17090
    },
    "11361": {
        "0": 1,
        "1": 1,
        "2": 9,
        "3": 68,
        "4": 524,
        "5": 4024,
        "6": 13487
    },
    "11362": {
        "0": 1,
        "1": 1,
        "2": 1,
        "3": 8,
        "4": 61,
        "5": 473,
        "6": 3655
    },
    "11363": {
        "0": 1,
        "1": 1,
        "2": 1,
        "3": 10,
        "4": 74,
        "5": 537,
        "6": 3913
    },
    "11364": {
        "0": 1,
        "1": 11,
        "2": 87,
        "3": 645,
        "4": 4708,
        "5": 16716,
        "6": 43368
    },
    "11365": {
        "0": 1,
        "1": 10,
        "2": 77,
        "3": 588,
        "4": 4509,
        "5": 15655,
        "6": 31175
    },
    "11366": {
        "0": 1,
        "1": 11,
        "2": 92,
        "3": 780,
        "4": 6652,
        "5": 24088,
        "6": 57429
    },
    "11367": {
        "0": 1,
        "1": 1,
        "2": 1,
        "3": 1,
        "4": 1,
        "5": 9,
        "6": 60
    },
    "11368": {
        "0": 1,
        "1": 12,
        "2": 100,
        "3": 786,
        "4": 6131,
        "5": 28682,
        "6": 88058
    },
    "11369": {
        "0": 1,
        "1": 1,
        "2": 1,
        "3": 10,
        "4": 87,
        "5": 759,
        "6": 6433
    },
    "11370": {
        "0": 1,
        "1": 10,
        "2": 84,
        "3": 716,
        "4": 6083,
        "5": 19058,
        "6": 41091
    },
    "11371": {
        "0": 1,
        "1": 1,
        "2": 10,
        "3": 87,
        "4": 752,
        "5": 6449,
        "6": 22453
    },
    "11372": {
        "0": 1,
        "1": 1,
        "2": 1,
        "3": 1,
        "4": 12,
        "5": 101,
        "6": 845
    },
    "11373": {
        "0": 1,
        "1": 9,
        "2": 80,
        "3": 696,
        "4": 5962,
        "5": 18756,
        "6": 42001
    },
    "11374": {
        "0": 1,
        "1": 13,
        "2": 103,
        "3": 766,
        "4": 5709,
        "5": 23475,
        "6": 66604
    },
    "11375": {
        "0": 1,
        "1": 1,
        "2": 10,
        "3": 76,
        "4": 579,
        "5": 4473,
        "6": 15582
    },
    "11376": {
        "0": 1,
        "1": 11,
        "2": 96,
        "3": 806,
        "4": 6625,
        "5": 26043,
        "6": 65519
    },
    "11377": {
        "0": 1,
        "1": 1,
        "2": 1,
        "3": 12,
        "4": 96,
        "5": 727,
        "6": 5453
    },
    "11378": {
        "0": 1,
        "1": 1,
        "2": 10,
        "3": 84,
        "4": 718,
        "5": 6085,
        "6": 20718
    },
    "11379": {
        "0": 1,
        "1": 1,
        "2": 10,
        "3": 81,
        "4": 614,
        "5": 4542,
        "6": 15721
    },
    "11380": {
        "0": 1,
        "1": 11,
        "2": 87,
        "3": 668,
        "4": 5036,
        "5": 20182,
        "6": 57021
    },
    "11381": {
        "0": 1,
        "1": 1,
        "2": 9,
        "3": 79,
        "4": 688,
        "5": 5961,
        "6": 18942
    },
    "11382": {
        "0": 1,
        "1": 1,
        "2": 10,
        "3": 76,
        "4": 582,
        "5": 4457,
        "6": 15151
    },
    "11383": {
        "0": 1,
        "1": 1,
        "2": 8,
        "3": 55,
        "4": 374,
        "5": 2507,
        "6": 7710
    },
    "11384": {
        "0": 1,
        "1": 9,
        "2": 73,
        "3": 609,
        "4": 5086,
        "5": 12315,
        "6": 22397
    },
    "11385": {
        "0": 1,
        "1": 1,
        "2": 11,
        "3": 88,
        "4": 662,
        "5": 4903,
        "6": 18777
    },
    "11386": {
        "0": 1,
        "1": 8,
        "2": 69,
        "3": 604,
        "4": 5303,
        "5": 13806,
        "6": 24723
    },
    "11387": {
        "0": 1,
        "1": 10,
        "2": 81,
        "3": 626,
        "4": 4738,
        "5": 18059,
        "6": 51428
    },
    "11388": {
        "0": 1,
        "1": 14,
        "2": 114,
        "3": 818,
        "4": 5778,
        "5": 22750,
        "6": 61383
    },
    "11389": {
        "0": 1,
        "1": 8,
        "2": 67,
        "3": 561,
        "4": 4697,
        "5": 8956,
        "6": 15444
    },
    "11390": {
        "0": 1,
        "1": 12,
        "2": 88,
        "3": 595,
        "4": 4082,
        "5": 17937,
        "6": 53303
    },
    "11391": {
        "0": 1,
        "1": 1,
        "2": 1,
        "3": 11,
        "4": 93,
        "5": 779,
        "6": 6306
    },
    "11392": {
        "0": 1,
        "1": 1,
        "2": 1,
        "3": 11,
        "4": 96,
        "5": 849,
        "6": 7434
    },
    "11393": {
        "0": 1,
        "1": 1,
        "2": 1,
        "3": 1,
        "4": 10,
        "5": 76,
        "6": 581
    },
    "11394": {
        "0": 1,
        "1": 1,
        "2": 10,
        "3": 71,
        "4": 459,
        "5": 2923,
        "6": 9502
    },
    "11395": {
        "0": 1,
        "1": 12,
        "2": 97,
        "3": 714,
        "4": 5049,
        "5": 19762,
        "6": 58089
    },
    "11396": {
        "0": 1,
        "1": 10,
        "2": 84,
        "3": 696,
        "4": 5761,
        "5": 17422,
        "6": 34478
    },
    "11397": {
        "0": 1,
        "1": 11,
        "2": 95,
        "3": 819,
        "4": 6929,
        "5": 25847,
        "6": 62694
    },
    "11398": {
        "0": 1,
        "1": 1,
        "2": 13,
        "3": 94,
        "4": 623,
        "5": 4212,
        "6": 18485
    },
    "11399": {
        "0": 1,
        "1": 11,
        "2": 78,
        "3": 530,
        "4": 3646,
        "5": 14893,
        "6": 39549
    }
}