{
    "16500": {
        "0": 1,
        "1": 1,
        "2": 1,
        "3": 9,
        "4": 78,
        "5": 648,
        "6": 5294
    },
    "16501": {
        "0": 1,
        "1": 8,
        "2": 68,
        "3": 585,
        "4": 5068,
        "5": 11307,
        "6": 20329
    },
    "16502": {
        "0": 1,
        "1": 1,
        "2": 11,
        "3": 91,
        "4": 749,
        "5": 6100,
        "6": 19416
    },
    "16503": {
        "0": 1,
        "1": 1,
        "2": 10,
        "3": 85,
        "4": 717,
        "5": 5920,
        "6": 20286
    },
    "16504": {
        "0": 1,
        "1": 1,
        "2": 1,
        "3": 1,
        "4": 9,
        "5": 67,
        "6": 495
    },
    "16505": {
        "0": 1,
        "1": 1,
        "2": 9,
        "3": 77,
        "4": 651,
        "5": 5421,
        "6": 16880
    },
    "16506": {
        "0": 1,
        "1": 9,
        "2": 71,
        "3": 554,
        "4": 4191,
        "5": 15595,
        "6": 42412
    },
    "16507": {
        "0": 1,
        "1": 11,
        "2": 91,
        "3": 738,
        "4": 5882,
        "5": 27386,
        "6": 88484
    },
    "16508": {
        "0": 1,
        "1": 10,
        "2": 84,
        "3": 703,
        "4": 5844,
        "5": 18139,
        "6": 36785
    },
    "16509": {
        "0": 1,
        "1": 11,
        "2": 90,
        "3": 734,
        "4": 5982,
        "5": 18504,
        "6": 39364
    },
    "16510": {
        "0": 1,
        "1": 12,
        "2": 103,
        "3": 870,
        "4": 7287,
        "5": 30501,
        "6": 88339
    },
    "16511": {
        "0": 1,
        "1": 1,
        "2": 1,
        "3": 1,
        "4": 1,
        "5": 9,
        "6": 75
    },
    "16512": {
        "0": 1,
        "1": 11,
        "2": 94,
        "3": 778,
        "4": 6381,
        "5": 21533,
        "6": 50806
    },
    "16513": {
        "0": 1,
        "1": 11,
        "2": 90,
        "3": 718,
        "4": 5596,
        "5": 23597,
        "6": 70379
    },
    "16514": {
        "0": 1,
        "1": 9,
        "2": 77,
        "3": 640,
        "4": 5239,
        "5": 14881,
        "6": 30918
    },
    "16515": {
        "0": 1,
        "1": 1,
        "2": 11,
        "3": 95,
        "4": 817,
        "5": 6928,
        "6": 28015
    },
    "16516": {
        "0": 1,
        "1": 1,
        "2": 11,
        "3": 84,
        "4": 636,
        "5": 4860,
        "6": 18168
    },
    "16517": {
        "0": 1,
        "1": 1,
        "2": 8,
        "3": 70,
        "4": 615,
        "5": 5369,
        "6": 14009
    },
    "16518": {
        "0": 1,
        "1": 1,
        "2": 11,
        "3": 89,
        "4": 704,
        "5": 5512,
        "6": 23727
    },
    "16519": {
        "0": 1,
        "1": 10,
        "2": 88,
        "3": 750,
        "4": 6221,
        "5": 22750,
        "6": 58186
    },
    "16520": {
        "0": 1,
        "1": 8,
        "2": 67,
        "3": 556,
        "4": 4607,
        "5": 7973,
        "6": 12093
    },
    "16521": {
        "0": 1,
        "1": 1,
        "2": 9,
        "3": 76,
        "4": 633,
        "5": 5214,
        "6": 12725
    },
    "16522": {
        "0": 1,
        "1": 11,
        "2": 96,
        "3": 796,
        "4": 6468,
        "5": 24153,
        "6": 63288
    },
    "16523": {
        "0": 1,
        "1": 1,
        "2": 12,
        "3": 94,
        "4": 702,
        "5": 5231,
        "6": 19990
    },
    "16524": {
        "0": 1,
        "1": 9,
        "2": 78,
        "3": 675,
        "4": 5763,
        "5": 18428,
        "6": 40971
    },
    "16525": {
        "0": 1,
        "1": 10,
        "2": 82,
        "3": 681,
        "4": 5641,
        "5": 16277,
        "6": 30931
    },
    "16526": {
        "0": 1,
        "1": 14,
        "2": 124,
        "3": 1022,
        "4": 8213,
        "5": 37259,
        "6": 104132
    },
    "16527": {
        "0": 1,
        "1": 1,
        "2": 1,
        "3": 8,
        "4": 70,
        "5": 607,
        "6": 5179
    },
    "16528": {
        "0": 1,
        "1": 11,
        "2": 85,
        "3": 639,
        "4": 4866,
        "5": 18113,
        "6": 46664
    },
    "16529": {
        "0": 1,
        "1": 9,
        "2": 76,
        "3": 653,
        "4": 5598,
        "5": 15253,
        "6": 30670
    },
    "16530": {
        "0": 1,
        "1": 8,
        "2": 67,
        "3": 543,
        "4": 4289,
        "5": 8019,
        "6": 12990
    },
    "16531": {
        "0": 1,
        "1": 11,
        "2": 77,
        "3": 519,
        "4": 3543,
        "5": 14062,
        "6": 39255
    },
    "16532": {
        "0": 1,
        "1": 1,
        "2": 1,
        "3": 1,
        "4": 9,
        "5": 73,
        "6": 607
    },
    "16533": {
        "0": 1,
        "1": 1,
        "2": 1,
        "3": 1,
        "4": 9,
        "5": 82,
        "6": 722
    },
    "16534": {
        "0": 1,
        "1": 1,
        "2": 1,
        "3": 13,
        "4": 106,
        "5": 759,
        "6": 5200
    },
    "16535": {
        "0": 1,
        "1": 12,
        "2": 100,
        "3": 817,
        "4": 6705,
        "5": 22939,
        "6": 51173
    },
    "16536": {
        "0": 1,
        "1": 8,
        "2": 68,
        "3": 562,
        "4": 4573,
        "5": 9143,
        "6": 13541
    },
    "16537": {
        "0": 1,
        "1": 9,
        "2": 66,
        "3": 503,
        "4": 3854,
        "5": 10579,
        "6": 18592
    },
    "16538": {
        "0": 1,
        "1": 1,
        "2": 10,
        "3": 77,
        "4": 585,
        "5": 4440,
        "6": 16425
    },
    "16539": {
        "0": 1,
        "1": 1,
        "2": 12,
        "3": 100,
        "4": 804,
        "5": 6421,
        "6": 21037
    },
    "16540": {
        "0": 1,
        "1": 12,
        "2": 99,
        "3": 765,
        "4": 5757,
        "5": 25360,
        "6": 73501
    },
    "16541": {
        "0": 1,
        "1": 1,
        "2": 1,
        "3": 10,
        "4": 83,
        "5": 696,
        "6": 5583
    },
    "16542": {
        "0": 1,
        "1": 10,
        "2": 77,
        "3": 583,
        "4": 4394,
        "5": 13709,
        "6": 28155
    },
    "16543": {
        "0": 1,
        "1": 1,
        "2": 11,
        "3": 96,
        "4": 815,
        "5": 6740,
        "6": 27114
    },
    "16544": {
        "0": 1,
        "1": 1,
        "2": 8,
        "3": 65,
        "4": 519,
        "5": 4108,
        "6": 13032
    },
    "16545": {
        "0": 1,
        "1": 1,
        "2": 9,
        "3": 66,
        "4": 493,
        "5": 3696,
        "6": 10178
    },
    "16546": {
        "0": 1,
        "1": 9,
        "2": 78,
        "3": 660,
        "4": 5479,
        "5": 16997,
        "6": 36994
    },
    "16547": {
        "0": 1,
        "1": 1,
        "2": 12,
        "3": 103,
        "4": 828,
        "5": 6506,
        "6": 22933
    },
    "16548": {
        "0": 1,
        "1": 1,
        "2": 12,
        "3": 92,
        "4": 655,
        "5": 4706,
        "6": 15031
    },
    "16549": {
        "0": 1,
        "1": 1,
        "2": 11,
        "3": 85,
        "4": 641,
        "5": 4841,
        "6": 17789
    },
    "16550": {
        "0": 1,
        "1": 1,
        "2": 11,
        "3": 97,
        "4": 846,
        "5": 7336,
        "6": 30757
    },
    "16551": {
        "0": 1,
        "1": 1,
        "2": 10,
        "3": 87,
        "4": 753,
        "5": 6509,
        "6": 23762
    },
    "16552": {
        "0": 1,
        "1": 1,
        "2": 12,
        "3": 94,
        "4": 695,
        "5": 5075,
        "6": 19536
    },
    "16553": {
        "0": 1,
        "1": 1,
        "2": 10,
        "3": 84,
        "4": 707,
        "5": 5981,
        "6": 20484
    },
    "16554": {
        "0": 1,
        "1": 1,
        "2": 1,
        "3": 9,
        "4": 62,
        "5": 422,
        "6": 2833
    },
    "16555": {
        "0": 1,
        "1": 1,
        "2": 1,
        "3": 11,
        "4": 83,
        "5": 620,
        "6": 4683
    },
    "16556": {
        "0": 1,
        "1": 11,
        "2": 81,
        "3": 609,
        "4": 4579,
        "5": 17132,
        "6": 37861
    },
    "16557": {
        "0": 1,
        "1": 1,
        "2": 10,
        "3": 93,
        "4": 823,
        "5": 7036,
        "6": 31459
    },
    "16558": {
        "0": 1,
        "1": 1,
        "2": 9,
        "3": 69,
        "4": 503,
        "5": 3586,
        "6": 9732
    },
    "16559": {
        "0": 1,
        "1": 1,
        "2": 10,
        "3": 85,
        "4": 702,
        "5": 5775,
        "6": 17562
    },
    "16560": {
        "0": 1,
        "1": 1,
        "2": 10,
        "3": 76,
        "4": 547,
        "5": 3897,
        "6": 12307
    },
    "16561": {
        "0": 1,
        "1": 1,
        "2": 1,
        "3": 1,
        "4": 12,
        "5": 110,
        "6": 949
    },
    "16562": {
        "0": 1,
        "1": 10,
        "2": 75,
        "3": 581,
        "4": 4511,
        "5": 15910,
        "6": 36988
    },
    "16563": {
        "0": 1,
        "1": 11,
        "2": 85,
        "3": 630,
        "4": 4719,
        "5": 16584,
        "6": 40527
    },
    "16564": {
        "0": 1,
        "1": 1,
        "2": 10,
        "3": 71,
        "4": 468,
        "5": 3030,
        "6": 10495
    },
    "16565": {
        "0": 1,
        "1": 1,
        "2": 9,
        "3": 79,
        "4": 696,
        "5": 6086,
        "6": 20155
    },
    "16566": {
        "0": 1,
        "1": 10,
        "2": 85,
        "3": 703,
        "4": 5793,
        "5": 17545,
        "6": 39244
    },
    "16567": {
        "0": 1,
        "1": 8,
        "2": 67,
        "3": 561,
        "4": 4636,
        "5": 8149,
        "6": 13513
    },
    "16568": {
        "0": 1,
        "1": 10,
        "2": 82,
        "3": 677,
        "4": 5656,
        "5": 14946,
        "6": 24290
    },
    "16569": {
        "0": 1,
        "1": 12,
        "2": 102,
        "3": 859,
        "4": 7258,
        "5": 28919,
        "6": 74707
    },
    "16570": {
        "0": 1,
        "1": 1,
        "2": 11,
        "3": 88,
        "4": 659,
        "5": 4754,
        "6": 18203
    },
    "16571": {
        "0": 1,
        "1": 8,
        "2": 70,
        "3": 598,
        "4": 5040,
        "5": 11767,
        "6": 18170
    },
    "16572": {
        "0": 1,
        "1": 1,
        "2": 8,
        "3": 70,
        "4": 599,
        "5": 5059,
        "6": 12212
    },
    "16573": {
        "0": 1,
        "1": 1,
        "2": 10,
        "3": 87,
        "4": 751,
        "5": 6385,
        "6": 23807
    },
    "16574": {
        "0": 1,
        "1": 1,
        "2": 11,
        "3": 91,
        "4": 754,
        "5": 6202,
        "6": 20439
    },
    "16575": {
        "0": 1,
        "1": 10,
        "2": 82,
        "3": 686,
        "4": 5770,
        "5": 16217,
        "6": 32868
    },
    "16576": {
        "0": 1,
        "1": 1,
        "2": 10,
        "3": 81,
        "4": 689,
        "5": 5904,
        "6": 18090
    },
    "16577": {
        "0": 1,
        "1": 1,
        "2": 9,
        "3": 68,
        "4": 517,
        "5": 3964,
        "6": 12906
    },
    "16578": {
        "0": 1,
        "1": 12,
        "2": 107,
        "3": 898,
        "4": 7296,
        "5": 30531,
        "6": 85242
    },
    "16579": {
        "0": 1,
        "1": 9,
        "2": 75,
        "3": 630,
        "4": 5312,
        "5": 12181,
        "6": 23837
    },
    "16580": {
        "0": 1,
        "1": 9,
        "2": 68,
        "3": 528,
        "4": 4098,
        "5": 12646,
        "6": 27125
    },
    "16581": {
        "0": 1,
        "1": 1,
        "2": 1,
        "3": 9,
        "4": 71,
        "5": 567,
        "6": 4514
    },
    "16582": {
        "0": 1,
        "1": 1,
        "2": 1,
        "3": 8,
        "4": 68,
        "5": 577,
        "6": 4872
    },
    "16583": {
        "0": 1,
        "1": 11,
        "2": 93,
        "3": 759,
        "4": 6078,
        "5": 20394,
        "6": 44560
    },
    "16584": {
        "0": 1,
        "1": 10,
        "2": 86,
        "3": 732,
        "4": 6167,
        "5": 21608,
        "6": 48776
    },
    "16585": {
        "0": 1,
        "1": 1,
        "2": 1,
        "3": 1,
        "4": 1,
        "5": 9,
        "6": 72
    },
    "16586": {
        "0": 1,
        "1": 9,
        "2": 72,
        "3": 558,
        "4": 4296,
        "5": 13924,
        "6": 34013
    },
    "16587": {
        "0": 1,
        "1": 10,
        "2": 60,
        "3": 353,
        "4": 2117,
        "5": 7853,
        "6": 20607
    },
    "16588": {
        "0": 1,
        "1": 9,
        "2": 71,
        "3": 529,
        "4": 3831,
        "5": 11801,
        "6": 25894
    },
    "16589": {
        "0": 1,
        "1": 1,
        "2": 9,
        "3": 72,
        "4": 575,
        "5": 4554,
        "6": 16683
    },
    "16590": {
        "0": 1,
        "1": 1,
        "2": 1,
        "3": 10,
        "4": 68,
        "5": 464,
        "6": 3227
    },
    "16591": {
        "0": 1,
        "1": 1,
        "2": 1,
        "3": 1,
        "4": 11,
        "5": 78,
        "6": 537
    },
    "16592": {
        "0": 1,
        "1": 1,
        "2": 1,
        "3": 11,
        "4": 83,
        "5": 595,
        "6": 4242
    },
    "16593": {
        "0": 1,
        "1": 9,
        "2": 72,
        "3": 565,
        "4": 4343,
        "5": 15819,
        "6": 40805
    },
    "16594": {
        "0": 1,
        "1": 9,
        "2": 78,
        "3": 685,
        "4": 5869,
        "5": 19358,
        "6": 45331
    },
    "16595": {
        "0": 1,
        "1": 9,
        "2": 65,
        "3": 440,
        "4": 2951,
        "5": 10650,
        "6": 25824
    },
    "16596": {
        "0": 1,
        "1": 1,
        "2": 1,
        "3": 8,
        "4": 61,
        "5": 459,
        "6": 3417
    },
    "16597": {
        "0": 1,
        "1": 10,
        "2": 73,
        "3": 548,
        "4": 4169,
        "5": 12877,
        "6": 27462
    },
    "16598": {
        "0": 1,
        "1": 1,
        "2": 9,
        "3": 73,
        "4": 583,
        "5": 4526,
        "6": 9349
    },
    "16599": {
        "0": 1,
        "1": 9,
        "2": 79,
        "3": 659,
        "4": 5392,
        "5": 15839,
        "6": 28631
    }
}