{
    "26900": {
        "0": 1,
        "1": 1,
        "2": 1,
        "3": 1,
        "4": 12,
        "5": 104,
        "6": 868
    },
    "26901": {
        "0": 1,
        "1": 11,
        "2": 92,
        "3": 758,
        "4": 6184,
        "5": 20158,
        "6": 44636
    },
    "26902": {
        "0": 1,
        "1": 1,
        "2": 1,
        "3": 1,
        "4": 11,
        "5": 99,
        "6": 861
    },
    "26903": {
        "0": 1,
        "1": 1,
        "2": 8,
        "3": 62,
        "4": 464,
        "5": 3398,
        "6": 9007
    },
    "26904": {
        "0": 1,
        "1": 11,
        "2": 93,
        "3": 720,
        "4": 5433,
        "5": 23314,
        "6": 71187
    },
    "26905": {
        "0": 1,
        "1": 1,
        "2": 9,
        "3": 77,
        "4": 660,
        "5": 5666,
        "6": 16182
    },
    "26906": {
        "0": 1,
        "1": 10,
        "2": 76,
        "3": 563,
        "4": 4157,
        "5": 13337,
        "6": 29215
    },
    "26907": {
        "0": 1,
        "1": 1,
        "2": 10,
        "3": 79,
        "4": 608,
        "5": 4656,
        "6": 16545
    },
    "26908": {
        "0": 1,
        "1": 1,
        "2": 12,
        "3": 93,
        "4": 665,
        "5": 4731,
        "6": 16430
    },
    "26909": {
        "0": 1,
        "1": 1,
        "2": 11,
        "3": 92,
        "4": 768,
        "5": 6413,
        "6": 20494
    },
    "26910": {
        "0": 1,
        "1": 10,
        "2": 88,
        "3": 768,
        "4": 6580,
        "5": 24871,
        "6": 57754
    },
    "26911": {
        "0": 1,
        "1": 1,
        "2": 10,
        "3": 70,
        "4": 468,
        "5": 3132,
        "6": 11900
    },
    "26912": {
        "0": 1,
        "1": 1,
        "2": 14,
        "3": 118,
        "4": 887,
        "5": 6537,
        "6": 29384
    },
    "26913": {
        "0": 1,
        "1": 1,
        "2": 9,
        "3": 65,
        "4": 484,
        "5": 3660,
        "6": 8899
    },
    "26914": {
        "0": 1,
        "1": 9,
        "2": 68,
        "3": 506,
        "4": 3651,
        "5": 10307,
        "6": 18998
    },
    "26915": {
        "0": 1,
        "1": 1,
        "2": 10,
        "3": 75,
        "4": 550,
        "5": 3984,
        "6": 11495
    },
    "26916": {
        "0": 1,
        "1": 10,
        "2": 74,
        "3": 530,
        "4": 3786,
        "5": 9718,
        "6": 18975
    },
    "26917": {
        "0": 1,
        "1": 10,
        "2": 85,
        "3": 723,
        "4": 6059,
        "5": 20358,
        "6": 40637
    },
    "26918": {
        "0": 1,
        "1": 10,
        "2": 70,
        "3": 493,
        "4": 3485,
        "5": 14216,
        "6": 40084
    },
    "26919": {
        "0": 1,
        "1": 1,
        "2": 11,
        "3": 84,
        "4": 610,
        "5": 4445,
        "6": 15077
    },
    "26920": {
        "0": 1,
        "1": 9,
        "2": 70,
        "3": 541,
        "4": 4150,
        "5": 12551,
        "6": 27789
    },
    "26921": {
        "0": 1,
        "1": 1,
        "2": 1,
        "3": 11,
        "4": 91,
        "5": 772,
        "6": 6598
    },
    "26922": {
        "0": 1,
        "1": 10,
        "2": 88,
        "3": 774,
        "4": 6784,
        "5": 26277,
        "6": 64862
    },
    "26923": {
        "0": 1,
        "1": 1,
        "2": 10,
        "3": 79,
        "4": 607,
        "5": 4673,
        "6": 17022
    },
    "26924": {
        "0": 1,
        "1": 9,
        "2": 68,
        "3": 512,
        "4": 3789,
        "5": 10500,
        "6": 22096
    },
    "26925": {
        "0": 1,
        "1": 1,
        "2": 9,
        "3": 79,
        "4": 690,
        "5": 5994,
        "6": 19052
    },
    "26926": {
        "0": 1,
        "1": 1,
        "2": 9,
        "3": 76,
        "4": 657,
        "5": 5686,
        "6": 16363
    },
    "26927": {
        "0": 1,
        "1": 1,
        "2": 1,
        "3": 10,
        "4": 79,
        "5": 598,
        "6": 4478
    },
    "26928": {
        "0": 1,
        "1": 1,
        "2": 9,
        "3": 73,
        "4": 619,
        "5": 5259,
        "6": 12248
    },
    "26929": {
        "0": 1,
        "1": 1,
        "2": 1,
        "3": 1,
        "4": 11,
        "5": 94,
        "6": 787
    },
    "26930": {
        "0": 1,
        "1": 1,
        "2": 13,
        "3": 94,
        "4": 618,
        "5": 4130,
        "6": 17574
    },
    "26931": {
        "0": 1,
        "1": 9,
        "2": 78,
        "3": 654,
        "4": 5501,
        "5": 13985,
        "6": 26014
    },
    "26932": {
        "0": 1,
        "1": 1,
        "2": 10,
        "3": 82,
        "4": 628,
        "5": 4689,
        "6": 16948
    },
    "26933": {
        "0": 1,
        "1": 9,
        "2": 69,
        "3": 535,
        "4": 4159,
        "5": 13163,
        "6": 28620
    },
    "26934": {
        "0": 1,
        "1": 1,
        "2": 1,
        "3": 1,
        "4": 13,
        "5": 114,
        "6": 969
    },
    "26935": {
        "0": 1,
        "1": 10,
        "2": 82,
        "3": 648,
        "4": 5071,
        "5": 11996,
        "6": 25821
    },
    "26936": {
        "0": 1,
        "1": 1,
        "2": 12,
        "3": 101,
        "4": 829,
        "5": 6741,
        "6": 24587
    },
    "26937": {
        "0": 1,
        "1": 1,
        "2": 10,
        "3": 86,
        "4": 728,
        "5": 6121,
        "6": 18639
    },
    "26938": {
        "0": 1,
        "1": 1,
        "2": 1,
        "3": 10,
        "4": 79,
        "5": 614,
        "6": 4725
    },
    "26939": {
        "0": 1,
        "1": 11,
        "2": 90,
        "3": 744,
        "4": 6216,
        "5": 19932,
        "6": 43125
    },
    "26940": {
        "0": 1,
        "1": 15,
        "2": 126,
        "3": 945,
        "4": 7088,
        "5": 34613,
        "6": 119826
    },
    "26941": {
        "0": 1,
        "1": 1,
        "2": 12,
        "3": 93,
        "4": 685,
        "5": 5043,
        "6": 19220
    },
    "26942": {
        "0": 1,
        "1": 12,
        "2": 90,
        "3": 632,
        "4": 4491,
        "5": 15127,
        "6": 40619
    },
    "26943": {
        "0": 1,
        "1": 1,
        "2": 10,
        "3": 77,
        "4": 575,
        "5": 4304,
        "6": 13336
    },
    "26944": {
        "0": 1,
        "1": 1,
        "2": 1,
        "3": 1,
        "4": 1,
        "5": 1,
        "6": 11
    },
    "26945": {
        "0": 1,
        "1": 10,
        "2": 85,
        "3": 707,
        "4": 5870,
        "5": 18606,
        "6": 42465
    },
    "26946": {
        "0": 1,
        "1": 1,
        "2": 1,
        "3": 8,
        "4": 70,
        "5": 603,
        "6": 5172
    },
    "26947": {
        "0": 1,
        "1": 1,
        "2": 8,
        "3": 69,
        "4": 583,
        "5": 4873,
        "6": 10268
    },
    "26948": {
        "0": 1,
        "1": 1,
        "2": 12,
        "3": 91,
        "4": 675,
        "5": 5011,
        "6": 18354
    },
    "26949": {
        "0": 1,
        "1": 1,
        "2": 11,
        "3": 93,
        "4": 793,
        "5": 6825,
        "6": 26275
    },
    "26950": {
        "0": 1,
        "1": 9,
        "2": 59,
        "3": 382,
        "4": 2450,
        "5": 6719,
        "6": 17325
    },
    "26951": {
        "0": 1,
        "1": 1,
        "2": 9,
        "3": 77,
        "4": 640,
        "5": 5266,
        "6": 15052
    },
    "26952": {
        "0": 1,
        "1": 10,
        "2": 83,
        "3": 712,
        "4": 6144,
        "5": 20579,
        "6": 44588
    },
    "26953": {
        "0": 1,
        "1": 8,
        "2": 53,
        "3": 349,
        "4": 2315,
        "5": 5169,
        "6": 9998
    },
    "26954": {
        "0": 1,
        "1": 11,
        "2": 80,
        "3": 537,
        "4": 3607,
        "5": 14025,
        "6": 40358
    },
    "26955": {
        "0": 1,
        "1": 11,
        "2": 90,
        "3": 746,
        "4": 6227,
        "5": 19702,
        "6": 35726
    },
    "26956": {
        "0": 1,
        "1": 10,
        "2": 65,
        "3": 435,
        "4": 2968,
        "5": 10258,
        "6": 24299
    },
    "26957": {
        "0": 1,
        "1": 11,
        "2": 75,
        "3": 492,
        "4": 3261,
        "5": 11497,
        "6": 31559
    },
    "26958": {
        "0": 1,
        "1": 1,
        "2": 1,
        "3": 10,
        "4": 88,
        "5": 750,
        "6": 6257
    },
    "26959": {
        "0": 1,
        "1": 1,
        "2": 1,
        "3": 11,
        "4": 76,
        "5": 490,
        "6": 3182
    },
    "26960": {
        "0": 1,
        "1": 1,
        "2": 1,
        "3": 9,
        "4": 74,
        "5": 616,
        "6": 5087
    },
    "26961": {
        "0": 1,
        "1": 12,
        "2": 95,
        "3": 705,
        "4": 5177,
        "5": 20274,
        "6": 57284
    },
    "26962": {
        "0": 1,
        "1": 1,
        "2": 10,
        "3": 81,
        "4": 621,
        "5": 4636,
        "6": 17011
    },
    "26963": {
        "0": 1,
        "1": 12,
        "2": 105,
        "3": 886,
        "4": 7439,
        "5": 29932,
        "6": 74197
    },
    "26964": {
        "0": 1,
        "1": 12,
        "2": 96,
        "3": 708,
        "4": 5067,
        "5": 20017,
        "6": 58578
    },
    "26965": {
        "0": 1,
        "1": 1,
        "2": 9,
        "3": 74,
        "4": 636,
        "5": 5442,
        "6": 15878
    },
    "26966": {
        "0": 1,
        "1": 9,
        "2": 78,
        "3": 662,
        "4": 5572,
        "5": 16403,
        "6": 36195
    },
    "26967": {
        "0": 1,
        "1": 1,
        "2": 8,
        "3": 66,
        "4": 545,
        "5": 4499,
        "6": 6934
    },
    "26968": {
        "0": 1,
        "1": 1,
        "2": 13,
        "3": 113,
        "4": 937,
        "5": 7743,
        "6": 31585
    },
    "26969": {
        "0": 1,
        "1": 1,
        "2": 8,
        "3": 72,
        "4": 625,
        "5": 5308,
        "6": 16637
    },
    "26970": {
        "0": 1,
        "1": 1,
        "2": 1,
        "3": 1,
        "4": 1,
        "5": 1,
        "6": 11
    },
    "26971": {
        "0": 1,
        "1": 8,
        "2": 62,
        "3": 473,
        "4": 3569,
        "5": 7908,
        "6": 16327
    },
    "26972": {
        "0": 1,
        "1": 1,
        "2": 11,
        "3": 84,
        "4": 632,
        "5": 4747,
        "6": 18453
    },
    "26973": {
        "0": 1,
        "1": 12,
        "2": 99,
        "3": 813,
        "4": 6587,
        "5": 24874,
        "6": 61052
    },
    "26974": {
        "0": 1,
        "1": 1,
        "2": 1,
        "3": 1,
        "4": 1,
        "5": 1,
        "6": 12
    },
    "26975": {
        "0": 1,
        "1": 1,
        "2": 1,
        "3": 1,
        "4": 11,
        "5": 97,
        "6": 846
    },
    "26976": {
        "0": 1,
        "1": 1,
        "2": 10,
        "3": 81,
        "4": 630,
        "5": 4880,
        "6": 19915
    },
    "26977": {
        "0": 1,
        "1": 9,
        "2": 60,
        "3": 415,
        "4": 2907,
        "5": 10186,
        "6": 26076
    },
    "26978": {
        "0": 1,
        "1": 11,
        "2": 91,
        "3": 725,
        "4": 5694,
        "5": 25197,
        "6": 71056
    },
    "26979": {
        "0": 1,
        "1": 11,
        "2": 93,
        "3": 786,
        "4": 6590,
        "5": 24488,
        "6": 58415
    },
    "26980": {
        "0": 1,
        "1": 12,
        "2": 99,
        "3": 725,
        "4": 5071,
        "5": 19565,
        "6": 57036
    },
    "26981": {
        "0": 1,
        "1": 11,
        "2": 96,
        "3": 791,
        "4": 6328,
        "5": 22044,
        "6": 50683
    },
    "26982": {
        "0": 1,
        "1": 9,
        "2": 72,
        "3": 616,
        "4": 5345,
        "5": 13782,
        "6": 28082
    },
    "26983": {
        "0": 1,
        "1": 9,
        "2": 72,
        "3": 551,
        "4": 4164,
        "5": 13564,
        "6": 33713
    },
    "26984": {
        "0": 1,
        "1": 1,
        "2": 8,
        "3": 61,
        "4": 469,
        "5": 3596,
        "6": 10332
    },
    "26985": {
        "0": 1,
        "1": 1,
        "2": 1,
        "3": 1,
        "4": 10,
        "5": 79,
        "6": 614
    },
    "26986": {
        "0": 1,
        "1": 10,
        "2": 85,
        "3": 737,
        "4": 6383,
        "5": 22648,
        "6": 50274
    },
    "26987": {
        "0": 1,
        "1": 9,
        "2": 78,
        "3": 671,
        "4": 5764,
        "5": 16969,
        "6": 32734
    },
    "26988": {
        "0": 1,
        "1": 1,
        "2": 12,
        "3": 89,
        "4": 627,
        "5": 4393,
        "6": 20232
    },
    "26989": {
        "0": 1,
        "1": 11,
        "2": 81,
        "3": 581,
        "4": 4167,
        "5": 12812,
        "6": 28542
    },
    "26990": {
        "0": 1,
        "1": 1,
        "2": 1,
        "3": 1,
        "4": 1,
        "5": 1,
        "6": 11
    },
    "26991": {
        "0": 1,
        "1": 1,
        "2": 10,
        "3": 78,
        "4": 563,
        "5": 3903,
        "6": 12795
    },
    "26992": {
        "0": 1,
        "1": 1,
        "2": 1,
        "3": 8,
        "4": 61,
        "5": 463,
        "6": 3542
    },
    "26993": {
        "0": 1,
        "1": 10,
        "2": 75,
        "3": 542,
        "4": 3852,
        "5": 11647,
        "6": 29434
    },
    "26994": {
        "0": 1,
        "1": 12,
        "2": 95,
        "3": 707,
        "4": 5092,
        "5": 22098,
        "6": 61691
    },
    "26995": {
        "0": 1,
        "1": 10,
        "2": 85,
        "3": 730,
        "4": 6228,
        "5": 20151,
        "6": 40014
    },
    "26996": {
        "0": 1,
        "1": 12,
        "2": 102,
        "3": 850,
        "4": 6956,
        "5": 26441,
        "6": 64329
    },
    "26997": {
        "0": 1,
        "1": 10,
        "2": 77,
        "3": 589,
        "4": 4514,
        "5": 15563,
        "6": 38650
    },
    "26998": {
        "0": 1,
        "1": 10,
        "2": 68,
        "3": 462,
        "4": 3197,
        "5": 12049,
        "6": 33236
    },
    "26999": {
        "0": 1,
        "1": 1,
        "2": 8,
        "3": 46,
        "4": 279,
        "5": 1715,
        "6": 5734
    }
}