{
    "24200": {
        "0": 1,
        "1": 1,
        "2": 1,
        "3": 10,
        "4": 84,
        "5": 712,
        "6": 6045
    },
    "24201": {
        "0": 1,
        "1": 1,
        "2": 1,
        "3": 12,
        "4": 104,
        "5": 886,
        "6": 7507
    },
    "24202": {
        "0": 1,
        "1": 1,
        "2": 1,
        "3": 1,
        "4": 11,
        "5": 78,
        "6": 530
    },
    "24203": {
        "0": 1,
        "1": 1,
        "2": 1,
        "3": 1,
        "4": 10,
        "5": 89,
        "6": 764
    },
    "24204": {
        "0": 1,
        "1": 1,
        "2": 13,
        "3": 103,
        "4": 727,
        "5": 5001,
        "6": 24051
    },
    "24205": {
        "0": 1,
        "1": 1,
        "2": 1,
        "3": 9,
        "4": 70,
        "5": 536,
        "6": 4084
    },
    "24206": {
        "0": 1,
        "1": 1,
        "2": 10,
        "3": 75,
        "4": 551,
        "5": 4067,
        "6": 11156
    },
    "24207": {
        "0": 1,
        "1": 1,
        "2": 1,
        "3": 11,
        "4": 76,
        "5": 519,
        "6": 3605
    },
    "24208": {
        "0": 1,
        "1": 12,
        "2": 105,
        "3": 898,
        "4": 7616,
        "5": 32071,
        "6": 87294
    },
    "24209": {
        "0": 1,
        "1": 1,
        "2": 10,
        "3": 85,
        "4": 724,
        "5": 6123,
        "6": 21312
    },
    "24210": {
        "0": 1,
        "1": 9,
        "2": 77,
        "3": 664,
        "4": 5683,
        "5": 16073,
        "6": 35907
    },
    "24211": {
        "0": 1,
        "1": 1,
        "2": 10,
        "3": 83,
        "4": 653,
        "5": 5123,
        "6": 21000
    },
    "24212": {
        "0": 1,
        "1": 1,
        "2": 1,
        "3": 11,
        "4": 88,
        "5": 725,
        "6": 6073
    },
    "24213": {
        "0": 1,
        "1": 11,
        "2": 97,
        "3": 847,
        "4": 7345,
        "5": 30800,
        "6": 85095
    },
    "24214": {
        "0": 1,
        "1": 1,
        "2": 9,
        "3": 77,
        "4": 666,
        "5": 5782,
        "6": 17367
    },
    "24215": {
        "0": 1,
        "1": 11,
        "2": 87,
        "3": 664,
        "4": 5002,
        "5": 19949,
        "6": 57017
    },
    "24216": {
        "0": 1,
        "1": 8,
        "2": 71,
        "3": 611,
        "4": 5183,
        "5": 13627,
        "6": 24621
    },
    "24217": {
        "0": 1,
        "1": 1,
        "2": 1,
        "3": 1,
        "4": 1,
        "5": 11,
        "6": 89
    },
    "24218": {
        "0": 1,
        "1": 1,
        "2": 10,
        "3": 89,
        "4": 774,
        "5": 6692,
        "6": 25005
    },
    "24219": {
        "0": 1,
        "1": 1,
        "2": 12,
        "3": 104,
        "4": 865,
        "5": 7100,
        "6": 28034
    },
    "24220": {
        "0": 1,
        "1": 12,
        "2": 100,
        "3": 778,
        "4": 5848,
        "5": 26144,
        "6": 79274
    },
    "24221": {
        "0": 1,
        "1": 10,
        "2": 75,
        "3": 580,
        "4": 4429,
        "5": 16282,
        "6": 34263
    },
    "24222": {
        "0": 1,
        "1": 11,
        "2": 77,
        "3": 515,
        "4": 3455,
        "5": 12967,
        "6": 35136
    },
    "24223": {
        "0": 1,
        "1": 10,
        "2": 67,
        "3": 452,
        "4": 3059,
        "5": 11684,
        "6": 28610
    },
    "24224": {
        "0": 1,
        "1": 1,
        "2": 1,
        "3": 10,
        "4": 80,
        "5": 648,
        "6": 5166
    },
    "24225": {
        "0": 1,
        "1": 1,
        "2": 1,
        "3": 1,
        "4": 11,
        "5": 76,
        "6": 503
    },
    "24226": {
        "0": 1,
        "1": 12,
        "2": 90,
        "3": 587,
        "4": 3732,
        "5": 14711,
        "6": 43876
    },
    "24227": {
        "0": 1,
        "1": 10,
        "2": 82,
        "3": 684,
        "4": 5645,
        "5": 16183,
        "6": 32059
    },
    "24228": {
        "0": 1,
        "1": 1,
        "2": 11,
        "3": 80,
        "4": 545,
        "5": 3662,
        "6": 15289
    },
    "24229": {
        "0": 1,
        "1": 9,
        "2": 75,
        "3": 645,
        "4": 5559,
        "5": 15312,
        "6": 27327
    },
    "24230": {
        "0": 1,
        "1": 11,
        "2": 84,
        "3": 628,
        "4": 4742,
        "5": 16764,
        "6": 43884
    },
    "24231": {
        "0": 1,
        "1": 1,
        "2": 12,
        "3": 94,
        "4": 707,
        "5": 5295,
        "6": 20487
    },
    "24232": {
        "0": 1,
        "1": 1,
        "2": 1,
        "3": 11,
        "4": 94,
        "5": 760,
        "6": 5960
    },
    "24233": {
        "0": 1,
        "1": 10,
        "2": 86,
        "3": 745,
        "4": 6362,
        "5": 23426,
        "6": 60816
    },
    "24234": {
        "0": 1,
        "1": 1,
        "2": 1,
        "3": 10,
        "4": 78,
        "5": 579,
        "6": 4296
    },
    "24235": {
        "0": 1,
        "1": 1,
        "2": 9,
        "3": 77,
        "4": 639,
        "5": 5206,
        "6": 14077
    },
    "24236": {
        "0": 1,
        "1": 9,
        "2": 66,
        "3": 497,
        "4": 3730,
        "5": 10735,
        "6": 19086
    },
    "24237": {
        "0": 1,
        "1": 1,
        "2": 10,
        "3": 79,
        "4": 615,
        "5": 4744,
        "6": 17239
    },
    "24238": {
        "0": 1,
        "1": 9,
        "2": 75,
        "3": 635,
        "4": 5351,
        "5": 15090,
        "6": 30232
    },
    "24239": {
        "0": 1,
        "1": 1,
        "2": 1,
        "3": 9,
        "4": 69,
        "5": 526,
        "6": 4033
    },
    "24240": {
        "0": 1,
        "1": 1,
        "2": 1,
        "3": 1,
        "4": 1,
        "5": 1,
        "6": 9
    },
    "24241": {
        "0": 1,
        "1": 9,
        "2": 57,
        "3": 356,
        "4": 2272,
        "5": 4459,
        "6": 10727
    },
    "24242": {
        "0": 1,
        "1": 10,
        "2": 75,
        "3": 569,
        "4": 4341,
        "5": 14061,
        "6": 35550
    },
    "24243": {
        "0": 1,
        "1": 10,
        "2": 76,
        "3": 582,
        "4": 4513,
        "5": 16075,
        "6": 42426
    },
    "24244": {
        "0": 1,
        "1": 1,
        "2": 10,
        "3": 83,
        "4": 704,
        "5": 5920,
        "6": 19188
    },
    "24245": {
        "0": 1,
        "1": 1,
        "2": 10,
        "3": 87,
        "4": 745,
        "5": 6267,
        "6": 21994
    },
    "24246": {
        "0": 1,
        "1": 1,
        "2": 12,
        "3": 102,
        "4": 848,
        "5": 7005,
        "6": 27618
    },
    "24247": {
        "0": 1,
        "1": 1,
        "2": 10,
        "3": 67,
        "4": 457,
        "5": 3179,
        "6": 11674
    },
    "24248": {
        "0": 1,
        "1": 9,
        "2": 61,
        "3": 417,
        "4": 2835,
        "5": 9183,
        "6": 21652
    },
    "24249": {
        "0": 1,
        "1": 10,
        "2": 87,
        "3": 730,
        "4": 6054,
        "5": 22154,
        "6": 59565
    },
    "24250": {
        "0": 1,
        "1": 1,
        "2": 12,
        "3": 102,
        "4": 830,
        "5": 6723,
        "6": 24517
    },
    "24251": {
        "0": 1,
        "1": 10,
        "2": 62,
        "3": 366,
        "4": 2199,
        "5": 8366,
        "6": 23982
    },
    "24252": {
        "0": 1,
        "1": 1,
        "2": 1,
        "3": 1,
        "4": 1,
        "5": 1,
        "6": 9
    },
    "24253": {
        "0": 1,
        "1": 1,
        "2": 1,
        "3": 9,
        "4": 69,
        "5": 524,
        "6": 3869
    },
    "24254": {
        "0": 1,
        "1": 1,
        "2": 12,
        "3": 93,
        "4": 707,
        "5": 5272,
        "6": 21517
    },
    "24255": {
        "0": 1,
        "1": 10,
        "2": 88,
        "3": 748,
        "4": 6273,
        "5": 21891,
        "6": 49869
    },
    "24256": {
        "0": 1,
        "1": 10,
        "2": 74,
        "3": 549,
        "4": 4141,
        "5": 12369,
        "6": 27776
    },
    "24257": {
        "0": 1,
        "1": 1,
        "2": 1,
        "3": 1,
        "4": 12,
        "5": 99,
        "6": 764
    },
    "24258": {
        "0": 1,
        "1": 10,
        "2": 86,
        "3": 754,
        "4": 6568,
        "5": 24444,
        "6": 61359
    },
    "24259": {
        "0": 1,
        "1": 10,
        "2": 78,
        "3": 601,
        "4": 4651,
        "5": 17017,
        "6": 43693
    },
    "24260": {
        "0": 1,
        "1": 9,
        "2": 79,
        "3": 695,
        "4": 6069,
        "5": 19764,
        "6": 43164
    },
    "24261": {
        "0": 1,
        "1": 11,
        "2": 88,
        "3": 679,
        "4": 5156,
        "5": 21426,
        "6": 58796
    },
    "24262": {
        "0": 1,
        "1": 10,
        "2": 72,
        "3": 524,
        "4": 3885,
        "5": 10210,
        "6": 23603
    },
    "24263": {
        "0": 1,
        "1": 13,
        "2": 117,
        "3": 989,
        "4": 8188,
        "5": 36975,
        "6": 101383
    },
    "24264": {
        "0": 1,
        "1": 1,
        "2": 11,
        "3": 80,
        "4": 547,
        "5": 3685,
        "6": 14461
    },
    "24265": {
        "0": 1,
        "1": 10,
        "2": 74,
        "3": 544,
        "4": 4027,
        "5": 10929,
        "6": 24376
    },
    "24266": {
        "0": 1,
        "1": 10,
        "2": 80,
        "3": 661,
        "4": 5503,
        "5": 15698,
        "6": 32456
    },
    "24267": {
        "0": 1,
        "1": 1,
        "2": 9,
        "3": 59,
        "4": 388,
        "5": 2553,
        "6": 8015
    },
    "24268": {
        "0": 1,
        "1": 9,
        "2": 72,
        "3": 571,
        "4": 4484,
        "5": 15675,
        "6": 36293
    },
    "24269": {
        "0": 1,
        "1": 1,
        "2": 12,
        "3": 104,
        "4": 865,
        "5": 7101,
        "6": 27837
    },
    "24270": {
        "0": 1,
        "1": 1,
        "2": 9,
        "3": 69,
        "4": 507,
        "5": 3624,
        "6": 9936
    },
    "24271": {
        "0": 1,
        "1": 13,
        "2": 109,
        "3": 809,
        "4": 5834,
        "5": 24605,
        "6": 73253
    },
    "24272": {
        "0": 1,
        "1": 8,
        "2": 68,
        "3": 566,
        "4": 4669,
        "5": 10559,
        "6": 18418
    },
    "24273": {
        "0": 1,
        "1": 1,
        "2": 1,
        "3": 10,
        "4": 83,
        "5": 676,
        "6": 5556
    },
    "24274": {
        "0": 1,
        "1": 1,
        "2": 1,
        "3": 1,
        "4": 1,
        "5": 10,
        "6": 86
    },
    "24275": {
        "0": 1,
        "1": 1,
        "2": 1,
        "3": 10,
        "4": 75,
        "5": 528,
        "6": 3735
    },
    "24276": {
        "0": 1,
        "1": 9,
        "2": 71,
        "3": 571,
        "4": 4504,
        "5": 15986,
        "6": 36575
    },
    "24277": {
        "0": 1,
        "1": 1,
        "2": 1,
        "3": 11,
        "4": 82,
        "5": 591,
        "6": 4319
    },
    "24278": {
        "0": 1,
        "1": 1,
        "2": 1,
        "3": 10,
        "4": 70,
        "5": 487,
        "6": 3356
    },
    "24279": {
        "0": 1,
        "1": 11,
        "2": 88,
        "3": 708,
        "4": 5665,
        "5": 17552,
        "6": 37120
    },
    "24280": {
        "0": 1,
        "1": 1,
        "2": 11,
        "3": 89,
        "4": 658,
        "5": 4711,
        "6": 17726
    },
    "24281": {
        "0": 1,
        "1": 1,
        "2": 1,
        "3": 10,
        "4": 66,
        "5": 424,
        "6": 2831
    },
    "24282": {
        "0": 1,
        "1": 12,
        "2": 98,
        "3": 729,
        "4": 5334,
        "5": 21657,
        "6": 63939
    },
    "24283": {
        "0": 1,
        "1": 1,
        "2": 11,
        "3": 86,
        "4": 641,
        "5": 4748,
        "6": 17348
    },
    "24284": {
        "0": 1,
        "1": 1,
        "2": 10,
        "3": 76,
        "4": 562,
        "5": 4067,
        "6": 14880
    },
    "24285": {
        "0": 1,
        "1": 1,
        "2": 1,
        "3": 1,
        "4": 10,
        "5": 73,
        "6": 543
    },
    "24286": {
        "0": 1,
        "1": 1,
        "2": 9,
        "3": 70,
        "4": 545,
        "5": 4145,
        "6": 13810
    },
    "24287": {
        "0": 1,
        "1": 1,
        "2": 12,
        "3": 104,
        "4": 879,
        "5": 7419,
        "6": 30260
    },
    "24288": {
        "0": 1,
        "1": 1,
        "2": 9,
        "3": 79,
        "4": 669,
        "5": 5584,
        "6": 17929
    },
    "24289": {
        "0": 1,
        "1": 11,
        "2": 94,
        "3": 813,
        "4": 6979,
        "5": 26893,
        "6": 61835
    },
    "24290": {
        "0": 1,
        "1": 1,
        "2": 1,
        "3": 1,
        "4": 10,
        "5": 76,
        "6": 578
    },
    "24291": {
        "0": 1,
        "1": 1,
        "2": 11,
        "3": 85,
        "4": 655,
        "5": 5080,
        "6": 20227
    },
    "24292": {
        "0": 1,
        "1": 12,
        "2": 89,
        "3": 614,
        "4": 4181,
        "5": 18920,
        "6": 63244
    },
    "24293": {
        "0": 1,
        "1": 10,
        "2": 77,
        "3": 608,
        "4": 4780,
        "5": 18094,
        "6": 46300
    },
    "24294": {
        "0": 1,
        "1": 1,
        "2": 11,
        "3": 91,
        "4": 701,
        "5": 5197,
        "6": 22345
    },
    "24295": {
        "0": 1,
        "1": 1,
        "2": 9,
        "3": 57,
        "4": 368,
        "5": 2414,
        "6": 5701
    },
    "24296": {
        "0": 1,
        "1": 1,
        "2": 11,
        "3": 81,
        "4": 563,
        "5": 3904,
        "6": 11625
    },
    "24297": {
        "0": 1,
        "1": 9,
        "2": 73,
        "3": 601,
        "4": 4942,
        "5": 10593,
        "6": 18807
    },
    "24298": {
        "0": 1,
        "1": 11,
        "2": 96,
        "3": 795,
        "4": 6392,
        "5": 22915,
        "6": 53601
    },
    "24299": {
        "0": 1,
        "1": 9,
        "2": 65,
        "3": 445,
        "4": 3028,
        "5": 11410,
        "6": 31381
    }
}