{
    "19200": {
        "0": 1,
        "1": 1,
        "2": 1,
        "3": 10,
        "4": 68,
        "5": 468,
        "6": 3194
    },
    "19201": {
        "0": 1,
        "1": 1,
        "2": 10,
        "3": 73,
        "4": 529,
        "5": 3935,
        "6": 10631
    },
    "19202": {
        "0": 1,
        "1": 1,
        "2": 10,
        "3": 87,
        "4": 760,
        "5": 6522,
        "6": 24695
    },
    "19203": {
        "0": 1,
        "1": 10,
        "2": 84,
        "3": 698,
        "4": 5738,
        "5": 16933,
        "6": 38249
    },
    "19204": {
        "0": 1,
        "1": 9,
        "2": 71,
        "3": 555,
        "4": 4264,
        "5": 15066,
        "6": 35516
    },
    "19205": {
        "0": 1,
        "1": 9,
        "2": 77,
        "3": 660,
        "4": 5662,
        "5": 18237,
        "6": 42814
    },
    "19206": {
        "0": 1,
        "1": 11,
        "2": 82,
        "3": 620,
        "4": 4750,
        "5": 17573,
        "6": 40543
    },
    "19207": {
        "0": 1,
        "1": 9,
        "2": 77,
        "3": 658,
        "4": 5605,
        "5": 17088,
        "6": 39471
    },
    "19208": {
        "0": 1,
        "1": 1,
        "2": 1,
        "3": 8,
        "4": 67,
        "5": 545,
        "6": 4325
    },
    "19209": {
        "0": 1,
        "1": 1,
        "2": 11,
        "3": 96,
        "4": 828,
        "5": 7122,
        "6": 28556
    },
    "19210": {
        "0": 1,
        "1": 1,
        "2": 1,
        "3": 12,
        "4": 99,
        "5": 770,
        "6": 5910
    },
    "19211": {
        "0": 1,
        "1": 1,
        "2": 11,
        "3": 92,
        "4": 775,
        "5": 6451,
        "6": 23247
    },
    "19212": {
        "0": 1,
        "1": 10,
        "2": 82,
        "3": 690,
        "4": 5912,
        "5": 18310,
        "6": 40567
    },
    "19213": {
        "0": 1,
        "1": 11,
        "2": 83,
        "3": 615,
        "4": 4613,
        "5": 15911,
        "6": 41948
    },
    "19214": {
        "0": 1,
        "1": 1,
        "2": 1,
        "3": 9,
        "4": 76,
        "5": 645,
        "6": 5371
    },
    "19215": {
        "0": 1,
        "1": 1,
        "2": 1,
        "3": 11,
        "4": 93,
        "5": 712,
        "6": 5196
    },
    "19216": {
        "0": 1,
        "1": 11,
        "2": 91,
        "3": 745,
        "4": 6122,
        "5": 20373,
        "6": 48554
    },
    "19217": {
        "0": 1,
        "1": 1,
        "2": 9,
        "3": 78,
        "4": 683,
        "5": 5960,
        "6": 19770
    },
    "19218": {
        "0": 1,
        "1": 1,
        "2": 1,
        "3": 1,
        "4": 15,
        "5": 141,
        "6": 1217
    },
    "19219": {
        "0": 1,
        "1": 11,
        "2": 94,
        "3": 795,
        "4": 6508,
        "5": 22904,
        "6": 51537
    },
    "19220": {
        "0": 1,
        "1": 10,
        "2": 75,
        "3": 543,
        "4": 3843,
        "5": 11456,
        "6": 24759
    },
    "19221": {
        "0": 1,
        "1": 1,
        "2": 1,
        "3": 12,
        "4": 100,
        "5": 824,
        "6": 6784
    },
    "19222": {
        "0": 1,
        "1": 10,
        "2": 69,
        "3": 468,
        "4": 3231,
        "5": 12225,
        "6": 33882
    },
    "19223": {
        "0": 1,
        "1": 10,
        "2": 65,
        "3": 394,
        "4": 2353,
        "5": 9114,
        "6": 24661
    },
    "19224": {
        "0": 1,
        "1": 10,
        "2": 74,
        "3": 545,
        "4": 4096,
        "5": 11878,
        "6": 28593
    },
    "19225": {
        "0": 1,
        "1": 1,
        "2": 10,
        "3": 73,
        "4": 538,
        "5": 3991,
        "6": 12637
    },
    "19226": {
        "0": 1,
        "1": 12,
        "2": 95,
        "3": 695,
        "4": 5114,
        "5": 19143,
        "6": 51264
    },
    "19227": {
        "0": 1,
        "1": 11,
        "2": 89,
        "3": 682,
        "4": 5172,
        "5": 20041,
        "6": 52111
    },
    "19228": {
        "0": 1,
        "1": 12,
        "2": 106,
        "3": 865,
        "4": 6790,
        "5": 24721,
        "6": 60796
    },
    "19229": {
        "0": 1,
        "1": 1,
        "2": 10,
        "3": 70,
        "4": 477,
        "5": 3306,
        "6": 12711
    },
    "19230": {
        "0": 1,
        "1": 11,
        "2": 89,
        "3": 709,
        "4": 5660,
        "5": 26266,
        "6": 75281
    },
    "19231": {
        "0": 1,
        "1": 12,
        "2": 96,
        "3": 714,
        "4": 5208,
        "5": 20565,
        "6": 57071
    },
    "19232": {
        "0": 1,
        "1": 10,
        "2": 79,
        "3": 612,
        "4": 4724,
        "5": 17431,
        "6": 43649
    },
    "19233": {
        "0": 1,
        "1": 11,
        "2": 90,
        "3": 740,
        "4": 5959,
        "5": 19820,
        "6": 40980
    },
    "19234": {
        "0": 1,
        "1": 1,
        "2": 1,
        "3": 1,
        "4": 1,
        "5": 1,
        "6": 12
    },
    "19235": {
        "0": 1,
        "1": 1,
        "2": 1,
        "3": 11,
        "4": 84,
        "5": 617,
        "6": 4502
    },
    "19236": {
        "0": 1,
        "1": 9,
        "2": 74,
        "3": 628,
        "4": 5359,
        "5": 13663,
        "6": 26725
    },
    "19237": {
        "0": 1,
        "1": 12,
        "2": 106,
        "3": 879,
        "4": 7010,
        "5": 27288,
        "6": 70621
    },
    "19238": {
        "0": 1,
        "1": 1,
        "2": 12,
        "3": 96,
        "4": 724,
        "5": 5413,
        "6": 23232
    },
    "19239": {
        "0": 1,
        "1": 1,
        "2": 11,
        "3": 92,
        "4": 747,
        "5": 5906,
        "6": 18485
    },
    "19240": {
        "0": 1,
        "1": 10,
        "2": 85,
        "3": 699,
        "4": 5652,
        "5": 17459,
        "6": 40185
    },
    "19241": {
        "0": 1,
        "1": 1,
        "2": 1,
        "3": 11,
        "4": 79,
        "5": 539,
        "6": 3652
    },
    "19242": {
        "0": 1,
        "1": 1,
        "2": 1,
        "3": 10,
        "4": 87,
        "5": 767,
        "6": 6674
    },
    "19243": {
        "0": 1,
        "1": 10,
        "2": 80,
        "3": 655,
        "4": 5329,
        "5": 15532,
        "6": 29177
    },
    "19244": {
        "0": 1,
        "1": 11,
        "2": 97,
        "3": 832,
        "4": 7013,
        "5": 27921,
        "6": 70345
    },
    "19245": {
        "0": 1,
        "1": 9,
        "2": 70,
        "3": 531,
        "4": 3916,
        "5": 12999,
        "6": 27940
    },
    "19246": {
        "0": 1,
        "1": 1,
        "2": 1,
        "3": 1,
        "4": 12,
        "5": 99,
        "6": 751
    },
    "19247": {
        "0": 1,
        "1": 10,
        "2": 85,
        "3": 744,
        "4": 6449,
        "5": 22938,
        "6": 49176
    },
    "19248": {
        "0": 1,
        "1": 12,
        "2": 105,
        "3": 914,
        "4": 7793,
        "5": 35050,
        "6": 103612
    },
    "19249": {
        "0": 1,
        "1": 1,
        "2": 1,
        "3": 1,
        "4": 9,
        "5": 75,
        "6": 644
    },
    "19250": {
        "0": 1,
        "1": 1,
        "2": 12,
        "3": 103,
        "4": 834,
        "5": 6545,
        "6": 22881
    },
    "19251": {
        "0": 1,
        "1": 13,
        "2": 115,
        "3": 978,
        "4": 8152,
        "5": 35260,
        "6": 101514
    },
    "19252": {
        "0": 1,
        "1": 1,
        "2": 11,
        "3": 70,
        "4": 434,
        "5": 2707,
        "6": 11951
    },
    "19253": {
        "0": 1,
        "1": 9,
        "2": 66,
        "3": 495,
        "4": 3744,
        "5": 9434,
        "6": 16943
    },
    "19254": {
        "0": 1,
        "1": 1,
        "2": 9,
        "3": 74,
        "4": 616,
        "5": 5079,
        "6": 10884
    },
    "19255": {
        "0": 1,
        "1": 1,
        "2": 13,
        "3": 113,
        "4": 928,
        "5": 7522,
        "6": 41218
    },
    "19256": {
        "0": 1,
        "1": 1,
        "2": 10,
        "3": 76,
        "4": 588,
        "5": 4482,
        "6": 16628
    },
    "19257": {
        "0": 1,
        "1": 10,
        "2": 78,
        "3": 591,
        "4": 4515,
        "5": 15419,
        "6": 40277
    },
    "19258": {
        "0": 1,
        "1": 1,
        "2": 9,
        "3": 76,
        "4": 653,
        "5": 5592,
        "6": 15200
    },
    "19259": {
        "0": 1,
        "1": 1,
        "2": 12,
        "3": 94,
        "4": 707,
        "5": 5336,
        "6": 21435
    },
    "19260": {
        "0": 1,
        "1": 9,
        "2": 68,
        "3": 504,
        "4": 3682,
        "5": 9393,
        "6": 19078
    },
    "19261": {
        "0": 1,
        "1": 1,
        "2": 11,
        "3": 93,
        "4": 788,
        "5": 6672,
        "6": 23812
    },
    "19262": {
        "0": 1,
        "1": 1,
        "2": 9,
        "3": 68,
        "4": 502,
        "5": 3676,
        "6": 9647
    },
    "19263": {
        "0": 1,
        "1": 12,
        "2": 98,
        "3": 729,
        "4": 5354,
        "5": 21943,
        "6": 61917
    },
    "19264": {
        "0": 1,
        "1": 11,
        "2": 77,
        "3": 522,
        "4": 3611,
        "5": 14963,
        "6": 46838
    },
    "19265": {
        "0": 1,
        "1": 1,
        "2": 1,
        "3": 10,
        "4": 76,
        "5": 568,
        "6": 4209
    },
    "19266": {
        "0": 1,
        "1": 10,
        "2": 80,
        "3": 629,
        "4": 4911,
        "5": 18862,
        "6": 49430
    },
    "19267": {
        "0": 1,
        "1": 1,
        "2": 9,
        "3": 76,
        "4": 646,
        "5": 5484,
        "6": 14064
    },
    "19268": {
        "0": 1,
        "1": 9,
        "2": 69,
        "3": 548,
        "4": 4340,
        "5": 14981,
        "6": 35759
    },
    "19269": {
        "0": 1,
        "1": 1,
        "2": 11,
        "3": 86,
        "4": 633,
        "5": 4578,
        "6": 16926
    },
    "19270": {
        "0": 1,
        "1": 1,
        "2": 1,
        "3": 8,
        "4": 60,
        "5": 451,
        "6": 3341
    },
    "19271": {
        "0": 1,
        "1": 1,
        "2": 10,
        "3": 77,
        "4": 574,
        "5": 4246,
        "6": 14045
    },
    "19272": {
        "0": 1,
        "1": 1,
        "2": 1,
        "3": 12,
        "4": 106,
        "5": 890,
        "6": 7384
    },
    "19273": {
        "0": 1,
        "1": 11,
        "2": 86,
        "3": 647,
        "4": 4838,
        "5": 16923,
        "6": 41170
    },
    "19274": {
        "0": 1,
        "1": 1,
        "2": 11,
        "3": 95,
        "4": 788,
        "5": 6466,
        "6": 22480
    },
    "19275": {
        "0": 1,
        "1": 1,
        "2": 1,
        "3": 10,
        "4": 89,
        "5": 767,
        "6": 6507
    },
    "19276": {
        "0": 1,
        "1": 11,
        "2": 95,
        "3": 857,
        "4": 7693,
        "5": 35536,
        "6": 105545
    },
    "19277": {
        "0": 1,
        "1": 9,
        "2": 75,
        "3": 635,
        "4": 5374,
        "5": 12929,
        "6": 23202
    },
    "19278": {
        "0": 1,
        "1": 1,
        "2": 1,
        "3": 12,
        "4": 87,
        "5": 574,
        "6": 3793
    },
    "19279": {
        "0": 1,
        "1": 1,
        "2": 8,
        "3": 61,
        "4": 456,
        "5": 3359,
        "6": 7184
    },
    "19280": {
        "0": 1,
        "1": 9,
        "2": 60,
        "3": 405,
        "4": 2740,
        "5": 8241,
        "6": 18004
    },
    "19281": {
        "0": 1,
        "1": 11,
        "2": 82,
        "3": 598,
        "4": 4351,
        "5": 14647,
        "6": 34261
    },
    "19282": {
        "0": 1,
        "1": 1,
        "2": 1,
        "3": 1,
        "4": 9,
        "5": 68,
        "6": 513
    },
    "19283": {
        "0": 1,
        "1": 1,
        "2": 1,
        "3": 9,
        "4": 70,
        "5": 536,
        "6": 4059
    },
    "19284": {
        "0": 1,
        "1": 1,
        "2": 1,
        "3": 1,
        "4": 11,
        "5": 89,
        "6": 687
    },
    "19285": {
        "0": 1,
        "1": 1,
        "2": 13,
        "3": 115,
        "4": 969,
        "5": 7976,
        "6": 35150
    },
    "19286": {
        "0": 1,
        "1": 1,
        "2": 11,
        "3": 85,
        "4": 649,
        "5": 4985,
        "6": 19065
    },
    "19287": {
        "0": 1,
        "1": 10,
        "2": 82,
        "3": 691,
        "4": 5834,
        "5": 16764,
        "6": 33020
    },
    "19288": {
        "0": 1,
        "1": 8,
        "2": 47,
        "3": 292,
        "4": 1827,
        "5": 6552,
        "6": 17181
    },
    "19289": {
        "0": 1,
        "1": 11,
        "2": 98,
        "3": 848,
        "4": 7255,
        "5": 29302,
        "6": 72482
    },
    "19290": {
        "0": 1,
        "1": 1,
        "2": 8,
        "3": 66,
        "4": 541,
        "5": 4438,
        "6": 6260
    },
    "19291": {
        "0": 1,
        "1": 1,
        "2": 11,
        "3": 86,
        "4": 653,
        "5": 4951,
        "6": 18455
    },
    "19292": {
        "0": 1,
        "1": 11,
        "2": 90,
        "3": 719,
        "4": 5690,
        "5": 25171,
        "6": 73828
    },
    "19293": {
        "0": 1,
        "1": 10,
        "2": 88,
        "3": 757,
        "4": 6411,
        "5": 23608,
        "6": 58815
    },
    "19294": {
        "0": 1,
        "1": 1,
        "2": 12,
        "3": 104,
        "4": 874,
        "5": 7336,
        "6": 29186
    },
    "19295": {
        "0": 1,
        "1": 8,
        "2": 68,
        "3": 582,
        "4": 4954,
        "5": 9758,
        "6": 15612
    },
    "19296": {
        "0": 1,
        "1": 10,
        "2": 86,
        "3": 740,
        "4": 6351,
        "5": 22023,
        "6": 52876
    },
    "19297": {
        "0": 1,
        "1": 1,
        "2": 10,
        "3": 76,
        "4": 554,
        "5": 3965,
        "6": 12625
    },
    "19298": {
        "0": 1,
        "1": 11,
        "2": 76,
        "3": 483,
        "4": 3090,
        "5": 10726,
        "6": 28922
    },
    "19299": {
        "0": 1,
        "1": 10,
        "2": 87,
        "3": 740,
        "4": 6287,
        "5": 22743,
        "6": 53407
    }
}