{
    "10600": {
        "0": 1,
        "1": 1,
        "2": 11,
        "3": 92,
        "4": 790,
        "5": 6792,
        "6": 25766
    },
    "10601": {
        "0": 1,
        "1": 1,
        "2": 8,
        "3": 59,
        "4": 434,
        "5": 3185,
        "6": 5985
    },
    "10602": {
        "0": 1,
        "1": 1,
        "2": 11,
        "3": 74,
        "4": 471,
        "5": 3015,
        "6": 10406
    },
    "10603": {
        "0": 1,
        "1": 1,
        "2": 10,
        "3": 66,
        "4": 442,
        "5": 3039,
        "6": 10641
    },
    "10604": {
        "0": 1,
        "1": 12,
        "2": 100,
        "3": 763,
        "4": 5617,
        "5": 23393,
        "6": 69824
    },
    "10605": {
        "0": 1,
        "1": 9,
        "2": 70,
        "3": 528,
        "4": 3957,
        "5": 12034,
        "6": 24420
    },
    "10606": {
        "0": 1,
        "1": 9,
        "2": 70,
        "3": 540,
        "4": 4156,
        "5": 12773,
        "6": 28664
    },
    "10607": {
        "0": 1,
        "1": 12,
        "2": 94,
        "3": 716,
        "4": 5495,
        "5": 23428,
        "6": 66972
    },
    "10608": {
        "0": 1,
        "1": 1,
        "2": 1,
        "3": 12,
        "4": 91,
        "5": 679,
        "6": 5148
    },
    "10609": {
        "0": 1,
        "1": 1,
        "2": 11,
        "3": 90,
        "4": 740,
        "5": 6005,
        "6": 20517
    },
    "10610": {
        "0": 1,
        "1": 8,
        "2": 69,
        "3": 591,
        "4": 4976,
        "5": 10576,
        "6": 18254
    },
    "10611": {
        "0": 1,
        "1": 1,
        "2": 11,
        "3": 90,
        "4": 753,
        "5": 6399,
        "6": 22177
    },
    "10612": {
        "0": 1,
        "1": 1,
        "2": 9,
        "3": 69,
        "4": 537,
        "5": 4138,
        "6": 14330
    },
    "10613": {
        "0": 1,
        "1": 12,
        "2": 100,
        "3": 780,
        "4": 5995,
        "5": 26715,
        "6": 83218
    },
    "10614": {
        "0": 1,
        "1": 1,
        "2": 10,
        "3": 80,
        "4": 645,
        "5": 5169,
        "6": 21931
    },
    "10615": {
        "0": 1,
        "1": 11,
        "2": 94,
        "3": 793,
        "4": 6625,
        "5": 24711,
        "6": 58063
    },
    "10616": {
        "0": 1,
        "1": 10,
        "2": 76,
        "3": 586,
        "4": 4479,
        "5": 16707,
        "6": 40262
    },
    "10617": {
        "0": 1,
        "1": 12,
        "2": 93,
        "3": 692,
        "4": 5150,
        "5": 19465,
        "6": 48530
    },
    "10618": {
        "0": 1,
        "1": 1,
        "2": 11,
        "3": 79,
        "4": 540,
        "5": 3704,
        "6": 15212
    },
    "10619": {
        "0": 1,
        "1": 9,
        "2": 67,
        "3": 501,
        "4": 3723,
        "5": 10425,
        "6": 21919
    },
    "10620": {
        "0": 1,
        "1": 11,
        "2": 85,
        "3": 623,
        "4": 4541,
        "5": 14099,
        "6": 31299
    },
    "10621": {
        "0": 1,
        "1": 11,
        "2": 92,
        "3": 698,
        "4": 5156,
        "5": 20370,
        "6": 50459
    },
    "10622": {
        "0": 1,
        "1": 11,
        "2": 82,
        "3": 606,
        "4": 4525,
        "5": 14765,
        "6": 37022
    },
    "10623": {
        "0": 1,
        "1": 1,
        "2": 9,
        "3": 66,
        "4": 488,
        "5": 3633,
        "6": 8049
    },
    "10624": {
        "0": 1,
        "1": 1,
        "2": 10,
        "3": 69,
        "4": 461,
        "5": 3097,
        "6": 10606
    },
    "10625": {
        "0": 1,
        "1": 10,
        "2": 84,
        "3": 689,
        "4": 5506,
        "5": 15706,
        "6": 31121
    },
    "10626": {
        "0": 1,
        "1": 1,
        "2": 1,
        "3": 10,
        "4": 84,
        "5": 717,
        "6": 6126
    },
    "10627": {
        "0": 1,
        "1": 1,
        "2": 9,
        "3": 75,
        "4": 629,
        "5": 5235,
        "6": 12922
    },
    "10628": {
        "0": 1,
        "1": 9,
        "2": 69,
        "3": 527,
        "4": 3974,
        "5": 12366,
        "6": 28344
    },
    "10629": {
        "0": 1,
        "1": 10,
        "2": 78,
        "3": 604,
        "4": 4639,
        "5": 16336,
        "6": 39655
    },
    "10630": {
        "0": 1,
        "1": 1,
        "2": 1,
        "3": 14,
        "4": 122,
        "5": 941,
        "6": 6985
    },
    "10631": {
        "0": 1,
        "1": 9,
        "2": 74,
        "3": 613,
        "4": 4929,
        "5": 10020,
        "6": 15382
    },
    "10632": {
        "0": 1,
        "1": 9,
        "2": 69,
        "3": 532,
        "4": 4164,
        "5": 13766,
        "6": 32617
    },
    "10633": {
        "0": 1,
        "1": 9,
        "2": 71,
        "3": 544,
        "4": 4145,
        "5": 14231,
        "6": 34934
    },
    "10634": {
        "0": 1,
        "1": 10,
        "2": 76,
        "3": 572,
        "4": 4339,
        "5": 14004,
        "6": 31583
    },
    "10635": {
        "0": 1,
        "1": 11,
        "2": 92,
        "3": 769,
        "4": 6449,
        "5": 21736,
        "6": 45665
    },
    "10636": {
        "0": 1,
        "1": 11,
        "2": 93,
        "3": 784,
        "4": 6461,
        "5": 24466,
        "6": 56134
    },
    "10637": {
        "0": 1,
        "1": 1,
        "2": 12,
        "3": 104,
        "4": 867,
        "5": 7138,
        "6": 28434
    },
    "10638": {
        "0": 1,
        "1": 1,
        "2": 1,
        "3": 12,
        "4": 104,
        "5": 877,
        "6": 7215
    },
    "10639": {
        "0": 1,
        "1": 12,
        "2": 99,
        "3": 819,
        "4": 6637,
        "5": 24432,
        "6": 57874
    },
    "10640": {
        "0": 1,
        "1": 1,
        "2": 1,
        "3": 1,
        "4": 11,
        "5": 86,
        "6": 663
    },
    "10641": {
        "0": 1,
        "1": 10,
        "2": 78,
        "3": 598,
        "4": 4521,
        "5": 16500,
        "6": 42538
    },
    "10642": {
        "0": 1,
        "1": 10,
        "2": 78,
        "3": 575,
        "4": 4185,
        "5": 12996,
        "6": 32048
    },
    "10643": {
        "0": 1,
        "1": 12,
        "2": 99,
        "3": 773,
        "4": 5854,
        "5": 26441,
        "6": 84537
    },
    "10644": {
        "0": 1,
        "1": 10,
        "2": 77,
        "3": 590,
        "4": 4464,
        "5": 15972,
        "6": 35324
    },
    "10645": {
        "0": 1,
        "1": 1,
        "2": 1,
        "3": 11,
        "4": 93,
        "5": 763,
        "6": 6145
    },
    "10646": {
        "0": 1,
        "1": 11,
        "2": 77,
        "3": 499,
        "4": 3260,
        "5": 11372,
        "6": 30459
    },
    "10647": {
        "0": 1,
        "1": 1,
        "2": 1,
        "3": 9,
        "4": 68,
        "5": 519,
        "6": 3925
    },
    "10648": {
        "0": 1,
        "1": 1,
        "2": 1,
        "3": 11,
        "4": 79,
        "5": 525,
        "6": 3381
    },
    "10649": {
        "0": 1,
        "1": 1,
        "2": 9,
        "3": 70,
        "4": 541,
        "5": 4179,
        "6": 13223
    },
    "10650": {
        "0": 1,
        "1": 10,
        "2": 77,
        "3": 597,
        "4": 4628,
        "5": 16724,
        "6": 36284
    },
    "10651": {
        "0": 1,
        "1": 9,
        "2": 75,
        "3": 639,
        "4": 5460,
        "5": 14194,
        "6": 25811
    },
    "10652": {
        "0": 1,
        "1": 1,
        "2": 1,
        "3": 11,
        "4": 89,
        "5": 688,
        "6": 5228
    },
    "10653": {
        "0": 1,
        "1": 8,
        "2": 71,
        "3": 617,
        "4": 5273,
        "5": 14413,
        "6": 30307
    },
    "10654": {
        "0": 1,
        "1": 1,
        "2": 1,
        "3": 1,
        "4": 10,
        "5": 81,
        "6": 682
    },
    "10655": {
        "0": 1,
        "1": 12,
        "2": 91,
        "3": 637,
        "4": 4456,
        "5": 14094,
        "6": 38167
    },
    "10656": {
        "0": 1,
        "1": 1,
        "2": 10,
        "3": 75,
        "4": 570,
        "5": 4321,
        "6": 13479
    },
    "10657": {
        "0": 1,
        "1": 1,
        "2": 11,
        "3": 90,
        "4": 752,
        "5": 6296,
        "6": 20241
    },
    "10658": {
        "0": 1,
        "1": 10,
        "2": 79,
        "3": 607,
        "4": 4643,
        "5": 18111,
        "6": 45396
    },
    "10659": {
        "0": 1,
        "1": 1,
        "2": 11,
        "3": 95,
        "4": 827,
        "5": 7209,
        "6": 30151
    },
    "10660": {
        "0": 1,
        "1": 12,
        "2": 105,
        "3": 902,
        "4": 7715,
        "5": 33163,
        "6": 89118
    },
    "10661": {
        "0": 1,
        "1": 11,
        "2": 96,
        "3": 816,
        "4": 6867,
        "5": 27298,
        "6": 75155
    },
    "10662": {
        "0": 1,
        "1": 12,
        "2": 97,
        "3": 738,
        "4": 5580,
        "5": 23196,
        "6": 70555
    },
    "10663": {
        "0": 1,
        "1": 11,
        "2": 96,
        "3": 790,
        "4": 6339,
        "5": 22211,
        "6": 44658
    },
    "10664": {
        "0": 1,
        "1": 1,
        "2": 10,
        "3": 77,
        "4": 564,
        "5": 4133,
        "6": 11297
    },
    "10665": {
        "0": 1,
        "1": 1,
        "2": 9,
        "3": 72,
        "4": 564,
        "5": 4390,
        "6": 14864
    },
    "10666": {
        "0": 1,
        "1": 11,
        "2": 97,
        "3": 843,
        "4": 7199,
        "5": 30479,
        "6": 89615
    },
    "10667": {
        "0": 1,
        "1": 11,
        "2": 78,
        "3": 516,
        "4": 3398,
        "5": 13324,
        "6": 38616
    },
    "10668": {
        "0": 1,
        "1": 11,
        "2": 88,
        "3": 724,
        "4": 5923,
        "5": 18339,
        "6": 36923
    },
    "10669": {
        "0": 1,
        "1": 1,
        "2": 10,
        "3": 76,
        "4": 582,
        "5": 4523,
        "6": 16013
    },
    "10670": {
        "0": 1,
        "1": 1,
        "2": 1,
        "3": 13,
        "4": 113,
        "5": 963,
        "6": 8173
    },
    "10671": {
        "0": 1,
        "1": 10,
        "2": 77,
        "3": 598,
        "4": 4691,
        "5": 17867,
        "6": 41429
    },
    "10672": {
        "0": 1,
        "1": 9,
        "2": 70,
        "3": 537,
        "4": 4031,
        "5": 14530,
        "6": 32165
    },
    "10673": {
        "0": 1,
        "1": 1,
        "2": 10,
        "3": 88,
        "4": 768,
        "5": 6669,
        "6": 25047
    },
    "10674": {
        "0": 1,
        "1": 1,
        "2": 1,
        "3": 1,
        "4": 9,
        "5": 74,
        "6": 639
    },
    "10675": {
        "0": 1,
        "1": 11,
        "2": 84,
        "3": 626,
        "4": 4705,
        "5": 16371,
        "6": 40970
    },
    "10676": {
        "0": 1,
        "1": 11,
        "2": 76,
        "3": 496,
        "4": 3265,
        "5": 11346,
        "6": 29876
    },
    "10677": {
        "0": 1,
        "1": 10,
        "2": 77,
        "3": 566,
        "4": 4068,
        "5": 13357,
        "6": 34390
    },
    "10678": {
        "0": 1,
        "1": 10,
        "2": 86,
        "3": 726,
        "4": 6069,
        "5": 20272,
        "6": 45760
    },
    "10679": {
        "0": 1,
        "1": 8,
        "2": 62,
        "3": 487,
        "4": 3847,
        "5": 11274,
        "6": 25397
    },
    "10680": {
        "0": 1,
        "1": 1,
        "2": 12,
        "3": 107,
        "4": 910,
        "5": 7518,
        "6": 33510
    },
    "10681": {
        "0": 1,
        "1": 10,
        "2": 78,
        "3": 597,
        "4": 4599,
        "5": 16427,
        "6": 42667
    },
    "10682": {
        "0": 1,
        "1": 1,
        "2": 1,
        "3": 1,
        "4": 12,
        "5": 94,
        "6": 687
    },
    "10683": {
        "0": 1,
        "1": 10,
        "2": 88,
        "3": 751,
        "4": 6398,
        "5": 21688,
        "6": 49604
    },
    "10684": {
        "0": 1,
        "1": 10,
        "2": 73,
        "3": 521,
        "4": 3770,
        "5": 8474,
        "6": 17448
    },
    "10685": {
        "0": 1,
        "1": 9,
        "2": 68,
        "3": 515,
        "4": 3891,
        "5": 10044,
        "6": 21383
    },
    "10686": {
        "0": 1,
        "1": 1,
        "2": 1,
        "3": 1,
        "4": 1,
        "5": 9,
        "6": 55
    },
    "10687": {
        "0": 1,
        "1": 1,
        "2": 9,
        "3": 64,
        "4": 449,
        "5": 3152,
        "6": 11925
    },
    "10688": {
        "0": 1,
        "1": 10,
        "2": 78,
        "3": 603,
        "4": 4638,
        "5": 16758,
        "6": 43193
    },
    "10689": {
        "0": 1,
        "1": 1,
        "2": 9,
        "3": 70,
        "4": 533,
        "5": 4005,
        "6": 12437
    },
    "10690": {
        "0": 1,
        "1": 11,
        "2": 82,
        "3": 601,
        "4": 4341,
        "5": 13819,
        "6": 29787
    },
    "10691": {
        "0": 1,
        "1": 1,
        "2": 1,
        "3": 1,
        "4": 1,
        "5": 10,
        "6": 70
    },
    "10692": {
        "0": 1,
        "1": 8,
        "2": 62,
        "3": 482,
        "4": 3754,
        "5": 10091,
        "6": 19188
    },
    "10693": {
        "0": 1,
        "1": 10,
        "2": 83,
        "3": 705,
        "4": 5995,
        "5": 18502,
        "6": 37377
    },
    "10694": {
        "0": 1,
        "1": 11,
        "2": 91,
        "3": 754,
        "4": 6192,
        "5": 20313,
        "6": 39043
    },
    "10695": {
        "0": 1,
        "1": 11,
        "2": 87,
        "3": 635,
        "4": 4552,
        "5": 15225,
        "6": 36058
    },
    "10696": {
        "0": 1,
        "1": 1,
        "2": 1,
        "3": 1,
        "4": 10,
        "5": 82,
        "6": 679
    },
    "10697": {
        "0": 1,
        "1": 11,
        "2": 92,
        "3": 770,
        "4": 6376,
        "5": 22341,
        "6": 47540
    },
    "10698": {
        "0": 1,
        "1": 1,
        "2": 1,
        "3": 1,
        "4": 8,
        "5": 60,
        "6": 453
    },
    "10699": {
        "0": 1,
        "1": 8,
        "2": 70,
        "3": 582,
        "4": 4664,
        "5": 11142,
        "6": 22798
    }
}