{
    "25500": {
        "0": 1,
        "1": 1,
        "2": 1,
        "3": 11,
        "4": 86,
        "5": 673,
        "6": 5162
    },
    "25501": {
        "0": 1,
        "1": 1,
        "2": 9,
        "3": 77,
        "4": 641,
        "5": 5231,
        "6": 14614
    },
    "25502": {
        "0": 1,
        "1": 1,
        "2": 8,
        "3": 65,
        "4": 510,
        "5": 3901,
        "6": 12116
    },
    "25503": {
        "0": 1,
        "1": 1,
        "2": 9,
        "3": 71,
        "4": 557,
        "5": 4340,
        "6": 14586
    },
    "25504": {
        "0": 1,
        "1": 11,
        "2": 91,
        "3": 767,
        "4": 6501,
        "5": 22773,
        "6": 49748
    },
    "25505": {
        "0": 1,
        "1": 1,
        "2": 14,
        "3": 111,
        "4": 812,
        "5": 5929,
        "6": 26065
    },
    "25506": {
        "0": 1,
        "1": 12,
        "2": 94,
        "3": 690,
        "4": 5104,
        "5": 18865,
        "6": 45516
    },
    "25507": {
        "0": 1,
        "1": 10,
        "2": 90,
        "3": 780,
        "4": 6692,
        "5": 24242,
        "6": 55657
    },
    "25508": {
        "0": 1,
        "1": 10,
        "2": 77,
        "3": 593,
        "4": 4547,
        "5": 15700,
        "6": 34379
    },
    "25509": {
        "0": 1,
        "1": 1,
        "2": 1,
        "3": 12,
        "4": 88,
        "5": 575,
        "6": 3748
    },
    "25510": {
        "0": 1,
        "1": 1,
        "2": 1,
        "3": 1,
        "4": 1,
        "5": 10,
        "6": 71
    },
    "25511": {
        "0": 1,
        "1": 12,
        "2": 92,
        "3": 687,
        "4": 5159,
        "5": 19623,
        "6": 51853
    },
    "25512": {
        "0": 1,
        "1": 10,
        "2": 84,
        "3": 677,
        "4": 5395,
        "5": 14938,
        "6": 34570
    },
    "25513": {
        "0": 1,
        "1": 1,
        "2": 1,
        "3": 1,
        "4": 10,
        "5": 77,
        "6": 579
    },
    "25514": {
        "0": 1,
        "1": 11,
        "2": 81,
        "3": 570,
        "4": 4010,
        "5": 17830,
        "6": 58820
    },
    "25515": {
        "0": 1,
        "1": 1,
        "2": 11,
        "3": 94,
        "4": 789,
        "5": 6509,
        "6": 23170
    },
    "25516": {
        "0": 1,
        "1": 13,
        "2": 112,
        "3": 921,
        "4": 7505,
        "5": 30277,
        "6": 75256
    },
    "25517": {
        "0": 1,
        "1": 12,
        "2": 94,
        "3": 703,
        "4": 5290,
        "5": 20565,
        "6": 53162
    },
    "25518": {
        "0": 1,
        "1": 11,
        "2": 98,
        "3": 841,
        "4": 7100,
        "5": 28644,
        "6": 75352
    },
    "25519": {
        "0": 1,
        "1": 12,
        "2": 99,
        "3": 813,
        "4": 6732,
        "5": 23622,
        "6": 51038
    },
    "25520": {
        "0": 1,
        "1": 12,
        "2": 70,
        "3": 417,
        "4": 2453,
        "5": 9577,
        "6": 28550
    },
    "25521": {
        "0": 1,
        "1": 1,
        "2": 1,
        "3": 1,
        "4": 11,
        "5": 88,
        "6": 664
    },
    "25522": {
        "0": 1,
        "1": 9,
        "2": 63,
        "3": 422,
        "4": 2818,
        "5": 8441,
        "6": 20566
    },
    "25523": {
        "0": 1,
        "1": 12,
        "2": 87,
        "3": 581,
        "4": 3847,
        "5": 15201,
        "6": 41888
    },
    "25524": {
        "0": 1,
        "1": 10,
        "2": 67,
        "3": 422,
        "4": 2640,
        "5": 7541,
        "6": 16417
    },
    "25525": {
        "0": 1,
        "1": 1,
        "2": 1,
        "3": 8,
        "4": 70,
        "5": 611,
        "6": 5370
    },
    "25526": {
        "0": 1,
        "1": 11,
        "2": 83,
        "3": 586,
        "4": 4106,
        "5": 11450,
        "6": 24392
    },
    "25527": {
        "0": 1,
        "1": 11,
        "2": 75,
        "3": 476,
        "4": 3032,
        "5": 10335,
        "6": 27400
    },
    "25528": {
        "0": 1,
        "1": 1,
        "2": 11,
        "3": 97,
        "4": 849,
        "5": 7356,
        "6": 30821
    },
    "25529": {
        "0": 1,
        "1": 10,
        "2": 78,
        "3": 600,
        "4": 4632,
        "5": 16716,
        "6": 47302
    },
    "25530": {
        "0": 1,
        "1": 12,
        "2": 97,
        "3": 712,
        "4": 5103,
        "5": 20978,
        "6": 64163
    },
    "25531": {
        "0": 1,
        "1": 1,
        "2": 1,
        "3": 1,
        "4": 10,
        "5": 75,
        "6": 568
    },
    "25532": {
        "0": 1,
        "1": 12,
        "2": 98,
        "3": 770,
        "4": 6026,
        "5": 27848,
        "6": 84582
    },
    "25533": {
        "0": 1,
        "1": 1,
        "2": 14,
        "3": 123,
        "4": 1007,
        "5": 8207,
        "6": 36950
    },
    "25534": {
        "0": 1,
        "1": 1,
        "2": 10,
        "3": 82,
        "4": 686,
        "5": 5672,
        "6": 17964
    },
    "25535": {
        "0": 1,
        "1": 1,
        "2": 1,
        "3": 8,
        "4": 64,
        "5": 509,
        "6": 4070
    },
    "25536": {
        "0": 1,
        "1": 12,
        "2": 94,
        "3": 698,
        "4": 5119,
        "5": 18407,
        "6": 48891
    },
    "25537": {
        "0": 1,
        "1": 1,
        "2": 10,
        "3": 69,
        "4": 461,
        "5": 3139,
        "6": 11232
    },
    "25538": {
        "0": 1,
        "1": 9,
        "2": 65,
        "3": 489,
        "4": 3746,
        "5": 9628,
        "6": 18577
    },
    "25539": {
        "0": 1,
        "1": 1,
        "2": 8,
        "3": 70,
        "4": 594,
        "5": 4903,
        "6": 11971
    },
    "25540": {
        "0": 1,
        "1": 1,
        "2": 10,
        "3": 76,
        "4": 566,
        "5": 4214,
        "6": 14158
    },
    "25541": {
        "0": 1,
        "1": 1,
        "2": 1,
        "3": 1,
        "4": 9,
        "5": 79,
        "6": 683
    },
    "25542": {
        "0": 1,
        "1": 10,
        "2": 69,
        "3": 461,
        "4": 3079,
        "5": 11690,
        "6": 32009
    },
    "25543": {
        "0": 1,
        "1": 1,
        "2": 1,
        "3": 10,
        "4": 74,
        "5": 539,
        "6": 3899
    },
    "25544": {
        "0": 1,
        "1": 11,
        "2": 88,
        "3": 657,
        "4": 4816,
        "5": 17817,
        "6": 48024
    },
    "25545": {
        "0": 1,
        "1": 10,
        "2": 76,
        "3": 571,
        "4": 4320,
        "5": 13755,
        "6": 30654
    },
    "25546": {
        "0": 1,
        "1": 11,
        "2": 91,
        "3": 766,
        "4": 6426,
        "5": 23804,
        "6": 59941
    },
    "25547": {
        "0": 1,
        "1": 11,
        "2": 73,
        "3": 474,
        "4": 3148,
        "5": 10601,
        "6": 25432
    },
    "25548": {
        "0": 1,
        "1": 1,
        "2": 1,
        "3": 1,
        "4": 10,
        "5": 84,
        "6": 687
    },
    "25549": {
        "0": 1,
        "1": 1,
        "2": 11,
        "3": 75,
        "4": 472,
        "5": 2945,
        "6": 9515
    },
    "25550": {
        "0": 1,
        "1": 1,
        "2": 10,
        "3": 68,
        "4": 447,
        "5": 2933,
        "6": 8759
    },
    "25551": {
        "0": 1,
        "1": 1,
        "2": 8,
        "3": 59,
        "4": 433,
        "5": 3177,
        "6": 6135
    },
    "25552": {
        "0": 1,
        "1": 1,
        "2": 9,
        "3": 67,
        "4": 514,
        "5": 3917,
        "6": 12513
    },
    "25553": {
        "0": 1,
        "1": 12,
        "2": 89,
        "3": 607,
        "4": 4126,
        "5": 17781,
        "6": 52716
    },
    "25554": {
        "0": 1,
        "1": 9,
        "2": 63,
        "3": 434,
        "4": 3005,
        "5": 10452,
        "6": 25961
    },
    "25555": {
        "0": 1,
        "1": 10,
        "2": 79,
        "3": 652,
        "4": 5367,
        "5": 14065,
        "6": 26278
    },
    "25556": {
        "0": 1,
        "1": 1,
        "2": 9,
        "3": 75,
        "4": 650,
        "5": 5646,
        "6": 16408
    },
    "25557": {
        "0": 1,
        "1": 1,
        "2": 13,
        "3": 116,
        "4": 980,
        "5": 8094,
        "6": 38367
    },
    "25558": {
        "0": 1,
        "1": 10,
        "2": 84,
        "3": 732,
        "4": 6338,
        "5": 22015,
        "6": 42310
    },
    "25559": {
        "0": 1,
        "1": 10,
        "2": 78,
        "3": 599,
        "4": 4626,
        "5": 16724,
        "6": 42920
    },
    "25560": {
        "0": 1,
        "1": 9,
        "2": 77,
        "3": 662,
        "4": 5583,
        "5": 16181,
        "6": 32662
    },
    "25561": {
        "0": 1,
        "1": 1,
        "2": 12,
        "3": 100,
        "4": 865,
        "5": 7326,
        "6": 30804
    },
    "25562": {
        "0": 1,
        "1": 11,
        "2": 94,
        "3": 799,
        "4": 6825,
        "5": 25602,
        "6": 59002
    },
    "25563": {
        "0": 1,
        "1": 12,
        "2": 91,
        "3": 640,
        "4": 4470,
        "5": 20962,
        "6": 66312
    },
    "25564": {
        "0": 1,
        "1": 11,
        "2": 85,
        "3": 649,
        "4": 5029,
        "5": 20163,
        "6": 56055
    },
    "25565": {
        "0": 1,
        "1": 1,
        "2": 10,
        "3": 83,
        "4": 726,
        "5": 6341,
        "6": 22640
    },
    "25566": {
        "0": 1,
        "1": 11,
        "2": 81,
        "3": 590,
        "4": 4350,
        "5": 14884,
        "6": 35430
    },
    "25567": {
        "0": 1,
        "1": 1,
        "2": 1,
        "3": 10,
        "4": 85,
        "5": 739,
        "6": 6409
    },
    "25568": {
        "0": 1,
        "1": 1,
        "2": 8,
        "3": 69,
        "4": 584,
        "5": 4923,
        "6": 11140
    },
    "25569": {
        "0": 1,
        "1": 1,
        "2": 1,
        "3": 1,
        "4": 8,
        "5": 74,
        "6": 652
    },
    "25570": {
        "0": 1,
        "1": 10,
        "2": 70,
        "3": 484,
        "4": 3363,
        "5": 13150,
        "6": 37192
    },
    "25571": {
        "0": 1,
        "1": 1,
        "2": 1,
        "3": 8,
        "4": 67,
        "5": 546,
        "6": 4350
    },
    "25572": {
        "0": 1,
        "1": 1,
        "2": 11,
        "3": 83,
        "4": 625,
        "5": 4692,
        "6": 17998
    },
    "25573": {
        "0": 1,
        "1": 1,
        "2": 1,
        "3": 12,
        "4": 104,
        "5": 882,
        "6": 7403
    },
    "25574": {
        "0": 1,
        "1": 1,
        "2": 1,
        "3": 9,
        "4": 73,
        "5": 612,
        "6": 5192
    },
    "25575": {
        "0": 1,
        "1": 1,
        "2": 12,
        "3": 106,
        "4": 907,
        "5": 7680,
        "6": 32348
    },
    "25576": {
        "0": 1,
        "1": 1,
        "2": 10,
        "3": 80,
        "4": 624,
        "5": 4829,
        "6": 18116
    },
    "25577": {
        "0": 1,
        "1": 11,
        "2": 82,
        "3": 585,
        "4": 4202,
        "5": 13015,
        "6": 32119
    },
    "25578": {
        "0": 1,
        "1": 1,
        "2": 1,
        "3": 12,
        "4": 98,
        "5": 753,
        "6": 5773
    },
    "25579": {
        "0": 1,
        "1": 13,
        "2": 110,
        "3": 919,
        "4": 7625,
        "5": 32668,
        "6": 82837
    },
    "25580": {
        "0": 1,
        "1": 1,
        "2": 1,
        "3": 1,
        "4": 1,
        "5": 11,
        "6": 93
    },
    "25581": {
        "0": 1,
        "1": 1,
        "2": 9,
        "3": 77,
        "4": 646,
        "5": 5315,
        "6": 15343
    },
    "25582": {
        "0": 1,
        "1": 1,
        "2": 11,
        "3": 77,
        "4": 505,
        "5": 3288,
        "6": 12472
    },
    "25583": {
        "0": 1,
        "1": 9,
        "2": 73,
        "3": 604,
        "4": 5017,
        "5": 9491,
        "6": 13751
    },
    "25584": {
        "0": 1,
        "1": 10,
        "2": 84,
        "3": 683,
        "4": 5448,
        "5": 15499,
        "6": 36004
    },
    "25585": {
        "0": 1,
        "1": 1,
        "2": 10,
        "3": 84,
        "4": 716,
        "5": 6030,
        "6": 20292
    },
    "25586": {
        "0": 1,
        "1": 1,
        "2": 8,
        "3": 67,
        "4": 550,
        "5": 4435,
        "6": 7804
    },
    "25587": {
        "0": 1,
        "1": 11,
        "2": 94,
        "3": 789,
        "4": 6550,
        "5": 24188,
        "6": 57162
    },
    "25588": {
        "0": 1,
        "1": 1,
        "2": 10,
        "3": 88,
        "4": 761,
        "5": 6435,
        "6": 25605
    },
    "25589": {
        "0": 1,
        "1": 13,
        "2": 114,
        "3": 962,
        "4": 7974,
        "5": 35432,
        "6": 99376
    },
    "25590": {
        "0": 1,
        "1": 1,
        "2": 12,
        "3": 99,
        "4": 835,
        "5": 7117,
        "6": 28422
    },
    "25591": {
        "0": 1,
        "1": 1,
        "2": 9,
        "3": 78,
        "4": 688,
        "5": 6048,
        "6": 19638
    },
    "25592": {
        "0": 1,
        "1": 11,
        "2": 85,
        "3": 644,
        "4": 4884,
        "5": 17945,
        "6": 40721
    },
    "25593": {
        "0": 1,
        "1": 11,
        "2": 84,
        "3": 633,
        "4": 4730,
        "5": 19083,
        "6": 57170
    },
    "25594": {
        "0": 1,
        "1": 1,
        "2": 1,
        "3": 9,
        "4": 75,
        "5": 638,
        "6": 5409
    },
    "25595": {
        "0": 1,
        "1": 1,
        "2": 10,
        "3": 57,
        "4": 342,
        "5": 2037,
        "6": 7177
    },
    "25596": {
        "0": 1,
        "1": 1,
        "2": 1,
        "3": 12,
        "4": 86,
        "5": 552,
        "6": 3575
    },
    "25597": {
        "0": 1,
        "1": 9,
        "2": 63,
        "3": 426,
        "4": 2887,
        "5": 10451,
        "6": 29342
    },
    "25598": {
        "0": 1,
        "1": 1,
        "2": 1,
        "3": 10,
        "4": 76,
        "5": 588,
        "6": 4577
    },
    "25599": {
        "0": 1,
        "1": 12,
        "2": 102,
        "3": 841,
        "4": 6922,
        "5": 26819,
        "6": 67486
    }
}