{
    "15200": {
        "0": 1,
        "1": 1,
        "2": 1,
        "3": 11,
        "4": 89,
        "5": 702,
        "6": 5527
    },
    "15201": {
        "0": 1,
        "1": 1,
        "2": 1,
        "3": 12,
        "4": 100,
        "5": 846,
        "6": 7150
    },
    "15202": {
        "0": 1,
        "1": 1,
        "2": 10,
        "3": 76,
        "4": 559,
        "5": 4082,
        "6": 12493
    },
    "15203": {
        "0": 1,
        "1": 10,
        "2": 77,
        "3": 572,
        "4": 4262,
        "5": 12695,
        "6": 28360
    },
    "15204": {
        "0": 1,
        "1": 10,
        "2": 79,
        "3": 628,
        "4": 4898,
        "5": 20373,
        "6": 59519
    },
    "15205": {
        "0": 1,
        "1": 12,
        "2": 94,
        "3": 690,
        "4": 5023,
        "5": 17569,
        "6": 41400
    },
    "15206": {
        "0": 1,
        "1": 11,
        "2": 84,
        "3": 613,
        "4": 4472,
        "5": 15366,
        "6": 37704
    },
    "15207": {
        "0": 1,
        "1": 1,
        "2": 10,
        "3": 87,
        "4": 763,
        "5": 6681,
        "6": 25479
    },
    "15208": {
        "0": 1,
        "1": 12,
        "2": 92,
        "3": 661,
        "4": 4757,
        "5": 17116,
        "6": 45798
    },
    "15209": {
        "0": 1,
        "1": 1,
        "2": 10,
        "3": 88,
        "4": 774,
        "5": 6769,
        "6": 26312
    },
    "15210": {
        "0": 1,
        "1": 1,
        "2": 12,
        "3": 95,
        "4": 724,
        "5": 5504,
        "6": 22822
    },
    "15211": {
        "0": 1,
        "1": 12,
        "2": 105,
        "3": 898,
        "4": 7601,
        "5": 31295,
        "6": 83175
    },
    "15212": {
        "0": 1,
        "1": 10,
        "2": 69,
        "3": 474,
        "4": 3282,
        "5": 12448,
        "6": 29324
    },
    "15213": {
        "0": 1,
        "1": 1,
        "2": 1,
        "3": 1,
        "4": 1,
        "5": 11,
        "6": 89
    },
    "15214": {
        "0": 1,
        "1": 1,
        "2": 12,
        "3": 101,
        "4": 800,
        "5": 6233,
        "6": 29297
    },
    "15215": {
        "0": 1,
        "1": 1,
        "2": 12,
        "3": 95,
        "4": 690,
        "5": 4985,
        "6": 19086
    },
    "15216": {
        "0": 1,
        "1": 9,
        "2": 61,
        "3": 421,
        "4": 2868,
        "5": 9259,
        "6": 21081
    },
    "15217": {
        "0": 1,
        "1": 1,
        "2": 10,
        "3": 83,
        "4": 683,
        "5": 5448,
        "6": 14958
    },
    "15218": {
        "0": 1,
        "1": 1,
        "2": 12,
        "3": 98,
        "4": 733,
        "5": 5388,
        "6": 22132
    },
    "15219": {
        "0": 1,
        "1": 8,
        "2": 62,
        "3": 468,
        "4": 3470,
        "5": 9859,
        "6": 21691
    },
    "15220": {
        "0": 1,
        "1": 1,
        "2": 12,
        "3": 101,
        "4": 833,
        "5": 6919,
        "6": 25175
    },
    "15221": {
        "0": 1,
        "1": 12,
        "2": 107,
        "3": 912,
        "4": 7739,
        "5": 32508,
        "6": 81976
    },
    "15222": {
        "0": 1,
        "1": 1,
        "2": 10,
        "3": 81,
        "4": 686,
        "5": 5833,
        "6": 17266
    },
    "15223": {
        "0": 1,
        "1": 1,
        "2": 9,
        "3": 78,
        "4": 693,
        "5": 6070,
        "6": 20196
    },
    "15224": {
        "0": 1,
        "1": 8,
        "2": 72,
        "3": 631,
        "4": 5454,
        "5": 16618,
        "6": 36961
    },
    "15225": {
        "0": 1,
        "1": 1,
        "2": 1,
        "3": 1,
        "4": 10,
        "5": 76,
        "6": 566
    },
    "15226": {
        "0": 1,
        "1": 10,
        "2": 87,
        "3": 729,
        "4": 5999,
        "5": 21143,
        "6": 48997
    },
    "15227": {
        "0": 1,
        "1": 8,
        "2": 67,
        "3": 556,
        "4": 4514,
        "5": 6455,
        "6": 10025
    },
    "15228": {
        "0": 1,
        "1": 10,
        "2": 82,
        "3": 622,
        "4": 4724,
        "5": 18474,
        "6": 49521
    },
    "15229": {
        "0": 1,
        "1": 1,
        "2": 1,
        "3": 10,
        "4": 85,
        "5": 710,
        "6": 5923
    },
    "15230": {
        "0": 1,
        "1": 10,
        "2": 79,
        "3": 593,
        "4": 4397,
        "5": 15057,
        "6": 37597
    },
    "15231": {
        "0": 1,
        "1": 1,
        "2": 11,
        "3": 97,
        "4": 824,
        "5": 6987,
        "6": 26588
    },
    "15232": {
        "0": 1,
        "1": 1,
        "2": 8,
        "3": 64,
        "4": 506,
        "5": 3955,
        "6": 13327
    },
    "15233": {
        "0": 1,
        "1": 10,
        "2": 88,
        "3": 764,
        "4": 6430,
        "5": 25220,
        "6": 64265
    },
    "15234": {
        "0": 1,
        "1": 1,
        "2": 1,
        "3": 9,
        "4": 76,
        "5": 631,
        "6": 5137
    },
    "15235": {
        "0": 1,
        "1": 1,
        "2": 1,
        "3": 11,
        "4": 87,
        "5": 654,
        "6": 4818
    },
    "15236": {
        "0": 1,
        "1": 10,
        "2": 77,
        "3": 576,
        "4": 4266,
        "5": 14273,
        "6": 35750
    },
    "15237": {
        "0": 1,
        "1": 12,
        "2": 98,
        "3": 790,
        "4": 6405,
        "5": 22102,
        "6": 48772
    },
    "15238": {
        "0": 1,
        "1": 10,
        "2": 82,
        "3": 691,
        "4": 5869,
        "5": 17282,
        "6": 30500
    },
    "15239": {
        "0": 1,
        "1": 11,
        "2": 88,
        "3": 692,
        "4": 5424,
        "5": 23265,
        "6": 66433
    },
    "15240": {
        "0": 1,
        "1": 1,
        "2": 10,
        "3": 79,
        "4": 595,
        "5": 4413,
        "6": 15200
    },
    "15241": {
        "0": 1,
        "1": 1,
        "2": 12,
        "3": 107,
        "4": 953,
        "5": 8428,
        "6": 41426
    },
    "15242": {
        "0": 1,
        "1": 9,
        "2": 69,
        "3": 531,
        "4": 4124,
        "5": 13051,
        "6": 30592
    },
    "15243": {
        "0": 1,
        "1": 13,
        "2": 110,
        "3": 864,
        "4": 6709,
        "5": 32370,
        "6": 110300
    },
    "15244": {
        "0": 1,
        "1": 1,
        "2": 1,
        "3": 13,
        "4": 89,
        "5": 530,
        "6": 3098
    },
    "15245": {
        "0": 1,
        "1": 1,
        "2": 13,
        "3": 102,
        "4": 719,
        "5": 4991,
        "6": 24297
    },
    "15246": {
        "0": 1,
        "1": 1,
        "2": 8,
        "3": 54,
        "4": 366,
        "5": 2503,
        "6": 6916
    },
    "15247": {
        "0": 1,
        "1": 9,
        "2": 78,
        "3": 660,
        "4": 5527,
        "5": 18115,
        "6": 39670
    },
    "15248": {
        "0": 1,
        "1": 10,
        "2": 76,
        "3": 555,
        "4": 4054,
        "5": 12332,
        "6": 30182
    },
    "15249": {
        "0": 1,
        "1": 10,
        "2": 76,
        "3": 573,
        "4": 4314,
        "5": 15275,
        "6": 33913
    },
    "15250": {
        "0": 1,
        "1": 1,
        "2": 10,
        "3": 88,
        "4": 771,
        "5": 6754,
        "6": 26463
    },
    "15251": {
        "0": 1,
        "1": 10,
        "2": 76,
        "3": 577,
        "4": 4386,
        "5": 14397,
        "6": 35045
    },
    "15252": {
        "0": 1,
        "1": 10,
        "2": 77,
        "3": 599,
        "4": 4715,
        "5": 17893,
        "6": 48554
    },
    "15253": {
        "0": 1,
        "1": 10,
        "2": 83,
        "3": 699,
        "4": 5830,
        "5": 18173,
        "6": 39709
    },
    "15254": {
        "0": 1,
        "1": 11,
        "2": 87,
        "3": 618,
        "4": 4248,
        "5": 13431,
        "6": 34368
    },
    "15255": {
        "0": 1,
        "1": 1,
        "2": 1,
        "3": 1,
        "4": 10,
        "5": 77,
        "6": 579
    },
    "15256": {
        "0": 1,
        "1": 1,
        "2": 11,
        "3": 90,
        "4": 711,
        "5": 5492,
        "6": 24568
    },
    "15257": {
        "0": 1,
        "1": 10,
        "2": 83,
        "3": 686,
        "4": 5589,
        "5": 17405,
        "6": 38708
    },
    "15258": {
        "0": 1,
        "1": 11,
        "2": 84,
        "3": 607,
        "4": 4221,
        "5": 13284,
        "6": 32293
    },
    "15259": {
        "0": 1,
        "1": 1,
        "2": 1,
        "3": 11,
        "4": 83,
        "5": 609,
        "6": 4406
    },
    "15260": {
        "0": 1,
        "1": 1,
        "2": 8,
        "3": 67,
        "4": 559,
        "5": 4669,
        "6": 6487
    },
    "15261": {
        "0": 1,
        "1": 9,
        "2": 68,
        "3": 518,
        "4": 3901,
        "5": 11992,
        "6": 28657
    },
    "15262": {
        "0": 1,
        "1": 1,
        "2": 1,
        "3": 9,
        "4": 69,
        "5": 528,
        "6": 4010
    },
    "15263": {
        "0": 1,
        "1": 11,
        "2": 91,
        "3": 739,
        "4": 5875,
        "5": 18351,
        "6": 38427
    },
    "15264": {
        "0": 1,
        "1": 8,
        "2": 74,
        "3": 644,
        "4": 5403,
        "5": 16431,
        "6": 31944
    },
    "15265": {
        "0": 1,
        "1": 10,
        "2": 85,
        "3": 711,
        "4": 5897,
        "5": 18434,
        "6": 35730
    },
    "15266": {
        "0": 1,
        "1": 9,
        "2": 75,
        "3": 635,
        "4": 5396,
        "5": 13136,
        "6": 22913
    },
    "15267": {
        "0": 1,
        "1": 1,
        "2": 1,
        "3": 1,
        "4": 8,
        "5": 60,
        "6": 459
    },
    "15268": {
        "0": 1,
        "1": 1,
        "2": 9,
        "3": 60,
        "4": 398,
        "5": 2614,
        "6": 8195
    },
    "15269": {
        "0": 1,
        "1": 10,
        "2": 75,
        "3": 571,
        "4": 4400,
        "5": 15144,
        "6": 34061
    },
    "15270": {
        "0": 1,
        "1": 1,
        "2": 12,
        "3": 108,
        "4": 907,
        "5": 7408,
        "6": 30521
    },
    "15271": {
        "0": 1,
        "1": 1,
        "2": 9,
        "3": 69,
        "4": 537,
        "5": 4183,
        "6": 13476
    },
    "15272": {
        "0": 1,
        "1": 8,
        "2": 75,
        "3": 686,
        "4": 6189,
        "5": 22468,
        "6": 55386
    },
    "15273": {
        "0": 1,
        "1": 1,
        "2": 1,
        "3": 10,
        "4": 88,
        "5": 738,
        "6": 6037
    },
    "15274": {
        "0": 1,
        "1": 9,
        "2": 71,
        "3": 542,
        "4": 4093,
        "5": 13424,
        "6": 35069
    },
    "15275": {
        "0": 1,
        "1": 1,
        "2": 10,
        "3": 79,
        "4": 606,
        "5": 4546,
        "6": 16210
    },
    "15276": {
        "0": 1,
        "1": 1,
        "2": 1,
        "3": 1,
        "4": 9,
        "5": 79,
        "6": 685
    },
    "15277": {
        "0": 1,
        "1": 9,
        "2": 63,
        "3": 424,
        "4": 2813,
        "5": 9529,
        "6": 22290
    },
    "15278": {
        "0": 1,
        "1": 9,
        "2": 70,
        "3": 560,
        "4": 4499,
        "5": 17006,
        "6": 42206
    },
    "15279": {
        "0": 1,
        "1": 1,
        "2": 1,
        "3": 10,
        "4": 86,
        "5": 738,
        "6": 6212
    },
    "15280": {
        "0": 1,
        "1": 10,
        "2": 78,
        "3": 584,
        "4": 4331,
        "5": 14847,
        "6": 36834
    },
    "15281": {
        "0": 1,
        "1": 10,
        "2": 67,
        "3": 427,
        "4": 2729,
        "5": 7198,
        "6": 14459
    },
    "15282": {
        "0": 1,
        "1": 8,
        "2": 63,
        "3": 494,
        "4": 3862,
        "5": 11242,
        "6": 24860
    },
    "15283": {
        "0": 1,
        "1": 10,
        "2": 85,
        "3": 715,
        "4": 6007,
        "5": 20077,
        "6": 41359
    },
    "15284": {
        "0": 1,
        "1": 11,
        "2": 86,
        "3": 651,
        "4": 4949,
        "5": 18640,
        "6": 44363
    },
    "15285": {
        "0": 1,
        "1": 1,
        "2": 1,
        "3": 12,
        "4": 106,
        "5": 897,
        "6": 7438
    },
    "15286": {
        "0": 1,
        "1": 9,
        "2": 67,
        "3": 521,
        "4": 4087,
        "5": 13201,
        "6": 29131
    },
    "15287": {
        "0": 1,
        "1": 1,
        "2": 1,
        "3": 10,
        "4": 82,
        "5": 687,
        "6": 5704
    },
    "15288": {
        "0": 1,
        "1": 10,
        "2": 81,
        "3": 625,
        "4": 4707,
        "5": 17914,
        "6": 43510
    },
    "15289": {
        "0": 1,
        "1": 9,
        "2": 71,
        "3": 549,
        "4": 4171,
        "5": 14258,
        "6": 34262
    },
    "15290": {
        "0": 1,
        "1": 1,
        "2": 1,
        "3": 10,
        "4": 77,
        "5": 584,
        "6": 4391
    },
    "15291": {
        "0": 1,
        "1": 10,
        "2": 78,
        "3": 611,
        "4": 4854,
        "5": 19676,
        "6": 53767
    },
    "15292": {
        "0": 1,
        "1": 9,
        "2": 72,
        "3": 570,
        "4": 4533,
        "5": 16920,
        "6": 46215
    },
    "15293": {
        "0": 1,
        "1": 1,
        "2": 1,
        "3": 1,
        "4": 11,
        "5": 88,
        "6": 691
    },
    "15294": {
        "0": 1,
        "1": 9,
        "2": 74,
        "3": 625,
        "4": 5217,
        "5": 13256,
        "6": 24189
    },
    "15295": {
        "0": 1,
        "1": 1,
        "2": 14,
        "3": 120,
        "4": 974,
        "5": 7928,
        "6": 32316
    },
    "15296": {
        "0": 1,
        "1": 9,
        "2": 66,
        "3": 496,
        "4": 3750,
        "5": 9388,
        "6": 20565
    },
    "15297": {
        "0": 1,
        "1": 8,
        "2": 62,
        "3": 487,
        "4": 3789,
        "5": 10184,
        "6": 19338
    },
    "15298": {
        "0": 1,
        "1": 10,
        "2": 70,
        "3": 451,
        "4": 2960,
        "5": 10482,
        "6": 28418
    },
    "15299": {
        "0": 1,
        "1": 1,
        "2": 1,
        "3": 1,
        "4": 1,
        "5": 11,
        "6": 91
    }
}