{
    "30000": {
        "0": 1,
        "1": 11,
        "2": 91,
        "3": 768,
        "4": 6401,
        "5": 22884,
        "6": 50854
    },
    "30001": {
        "0": 1,
        "1": 1,
        "2": 9,
        "3": 71,
        "4": 563,
        "5": 4507,
        "6": 16752
    },
    "30002": {
        "0": 1,
        "1": 1,
        "2": 1,
        "3": 11,
        "4": 88,
        "5": 679,
        "6": 5220
    },
    "30003": {
        "0": 1,
        "1": 10,
        "2": 86,
        "3": 730,
        "4": 6011,
        "5": 20839,
        "6": 48266
    },
    "30004": {
        "0": 1,
        "1": 10,
        "2": 85,
        "3": 710,
        "4": 5891,
        "5": 18467,
        "6": 39849
    },
    "30005": {
        "0": 1,
        "1": 9,
        "2": 73,
        "3": 613,
        "4": 5136,
        "5": 12743,
        "6": 26933
    },
    "30006": {
        "0": 1,
        "1": 9,
        "2": 66,
        "3": 499,
        "4": 3845,
        "5": 10611,
        "6": 21879
    },
    "30007": {
        "0": 1,
        "1": 1,
        "2": 9,
        "3": 73,
        "4": 608,
        "5": 5059,
        "6": 12068
    },
    "30008": {
        "0": 1,
        "1": 11,
        "2": 89,
        "3": 706,
        "4": 5496,
        "5": 23178,
        "6": 71720
    },
    "30009": {
        "0": 1,
        "1": 8,
        "2": 56,
        "3": 387,
        "4": 2612,
        "5": 8425,
        "6": 20152
    },
    "30010": {
        "0": 1,
        "1": 12,
        "2": 109,
        "3": 954,
        "4": 8130,
        "5": 37984,
        "6": 114183
    },
    "30011": {
        "0": 1,
        "1": 9,
        "2": 78,
        "3": 670,
        "4": 5707,
        "5": 18361,
        "6": 40141
    },
    "30012": {
        "0": 1,
        "1": 1,
        "2": 1,
        "3": 10,
        "4": 91,
        "5": 760,
        "6": 6211
    },
    "30013": {
        "0": 1,
        "1": 1,
        "2": 10,
        "3": 86,
        "4": 750,
        "5": 6512,
        "6": 23817
    },
    "30014": {
        "0": 1,
        "1": 11,
        "2": 88,
        "3": 666,
        "4": 4947,
        "5": 19107,
        "6": 50194
    },
    "30015": {
        "0": 1,
        "1": 1,
        "2": 9,
        "3": 68,
        "4": 505,
        "5": 3719,
        "6": 11798
    },
    "30016": {
        "0": 1,
        "1": 11,
        "2": 96,
        "3": 820,
        "4": 6944,
        "5": 28210,
        "6": 70984
    },
    "30017": {
        "0": 1,
        "1": 11,
        "2": 88,
        "3": 704,
        "4": 5653,
        "5": 15412,
        "6": 26221
    },
    "30018": {
        "0": 1,
        "1": 1,
        "2": 1,
        "3": 10,
        "4": 71,
        "5": 481,
        "6": 3240
    },
    "30019": {
        "0": 1,
        "1": 14,
        "2": 132,
        "3": 1167,
        "4": 10097,
        "5": 53701,
        "6": 181523
    },
    "30020": {
        "0": 1,
        "1": 1,
        "2": 10,
        "3": 82,
        "4": 695,
        "5": 5775,
        "6": 19747
    },
    "30021": {
        "0": 1,
        "1": 10,
        "2": 84,
        "3": 709,
        "4": 5933,
        "5": 19083,
        "6": 40666
    },
    "30022": {
        "0": 1,
        "1": 8,
        "2": 71,
        "3": 613,
        "4": 5216,
        "5": 14015,
        "6": 30058
    },
    "30023": {
        "0": 1,
        "1": 9,
        "2": 74,
        "3": 616,
        "4": 5057,
        "5": 13327,
        "6": 28738
    },
    "30024": {
        "0": 1,
        "1": 1,
        "2": 11,
        "3": 97,
        "4": 810,
        "5": 6581,
        "6": 25081
    },
    "30025": {
        "0": 1,
        "1": 1,
        "2": 1,
        "3": 11,
        "4": 90,
        "5": 755,
        "6": 6310
    },
    "30026": {
        "0": 1,
        "1": 1,
        "2": 1,
        "3": 11,
        "4": 81,
        "5": 559,
        "6": 3818
    },
    "30027": {
        "0": 1,
        "1": 10,
        "2": 77,
        "3": 586,
        "4": 4423,
        "5": 14381,
        "6": 33378
    },
    "30028": {
        "0": 1,
        "1": 1,
        "2": 1,
        "3": 10,
        "4": 78,
        "5": 605,
        "6": 4640
    },
    "30029": {
        "0": 1,
        "1": 10,
        "2": 77,
        "3": 584,
        "4": 4463,
        "5": 15299,
        "6": 36918
    },
    "30030": {
        "0": 1,
        "1": 10,
        "2": 87,
        "3": 747,
        "4": 6327,
        "5": 22855,
        "6": 56885
    },
    "30031": {
        "0": 1,
        "1": 1,
        "2": 12,
        "3": 102,
        "4": 815,
        "5": 6462,
        "6": 23315
    },
    "30032": {
        "0": 1,
        "1": 8,
        "2": 67,
        "3": 562,
        "4": 4751,
        "5": 7874,
        "6": 12894
    },
    "30033": {
        "0": 1,
        "1": 1,
        "2": 1,
        "3": 10,
        "4": 85,
        "5": 725,
        "6": 6192
    },
    "30034": {
        "0": 1,
        "1": 1,
        "2": 1,
        "3": 10,
        "4": 86,
        "5": 701,
        "6": 5606
    },
    "30035": {
        "0": 1,
        "1": 11,
        "2": 93,
        "3": 787,
        "4": 6652,
        "5": 23536,
        "6": 50918
    },
    "30036": {
        "0": 1,
        "1": 11,
        "2": 95,
        "3": 782,
        "4": 6319,
        "5": 22762,
        "6": 53589
    },
    "30037": {
        "0": 1,
        "1": 1,
        "2": 10,
        "3": 77,
        "4": 575,
        "5": 4278,
        "6": 13226
    },
    "30038": {
        "0": 1,
        "1": 1,
        "2": 10,
        "3": 87,
        "4": 759,
        "5": 6556,
        "6": 26198
    },
    "30039": {
        "0": 1,
        "1": 1,
        "2": 1,
        "3": 9,
        "4": 78,
        "5": 671,
        "6": 5663
    },
    "30040": {
        "0": 1,
        "1": 10,
        "2": 79,
        "3": 616,
        "4": 4792,
        "5": 18470,
        "6": 44987
    },
    "30041": {
        "0": 1,
        "1": 9,
        "2": 67,
        "3": 508,
        "4": 3895,
        "5": 10961,
        "6": 22647
    },
    "30042": {
        "0": 1,
        "1": 10,
        "2": 83,
        "3": 681,
        "4": 5478,
        "5": 15769,
        "6": 30739
    },
    "30043": {
        "0": 1,
        "1": 11,
        "2": 76,
        "3": 496,
        "4": 3222,
        "5": 12001,
        "6": 34096
    },
    "30044": {
        "0": 1,
        "1": 12,
        "2": 99,
        "3": 744,
        "4": 5404,
        "5": 22926,
        "6": 63193
    },
    "30045": {
        "0": 1,
        "1": 1,
        "2": 1,
        "3": 10,
        "4": 76,
        "5": 564,
        "6": 4170
    },
    "30046": {
        "0": 1,
        "1": 12,
        "2": 102,
        "3": 873,
        "4": 7451,
        "5": 30824,
        "6": 76192
    },
    "30047": {
        "0": 1,
        "1": 1,
        "2": 9,
        "3": 71,
        "4": 543,
        "5": 4100,
        "6": 11036
    },
    "30048": {
        "0": 1,
        "1": 10,
        "2": 83,
        "3": 698,
        "4": 5882,
        "5": 16955,
        "6": 35055
    },
    "30049": {
        "0": 1,
        "1": 9,
        "2": 75,
        "3": 626,
        "4": 5223,
        "5": 11214,
        "6": 20770
    },
    "30050": {
        "0": 1,
        "1": 1,
        "2": 1,
        "3": 11,
        "4": 84,
        "5": 619,
        "6": 4502
    },
    "30051": {
        "0": 1,
        "1": 12,
        "2": 99,
        "3": 804,
        "4": 6528,
        "5": 22702,
        "6": 48367
    },
    "30052": {
        "0": 1,
        "1": 10,
        "2": 86,
        "3": 730,
        "4": 6154,
        "5": 21848,
        "6": 53218
    },
    "30053": {
        "0": 1,
        "1": 1,
        "2": 11,
        "3": 84,
        "4": 602,
        "5": 4226,
        "6": 13857
    },
    "30054": {
        "0": 1,
        "1": 1,
        "2": 1,
        "3": 12,
        "4": 105,
        "5": 892,
        "6": 7509
    },
    "30055": {
        "0": 1,
        "1": 1,
        "2": 12,
        "3": 96,
        "4": 723,
        "5": 5382,
        "6": 22467
    },
    "30056": {
        "0": 1,
        "1": 8,
        "2": 63,
        "3": 483,
        "4": 3637,
        "5": 9944,
        "6": 17398
    },
    "30057": {
        "0": 1,
        "1": 8,
        "2": 67,
        "3": 550,
        "4": 4413,
        "5": 7511,
        "6": 11142
    },
    "30058": {
        "0": 1,
        "1": 10,
        "2": 82,
        "3": 677,
        "4": 5583,
        "5": 15966,
        "6": 33951
    },
    "30059": {
        "0": 1,
        "1": 1,
        "2": 1,
        "3": 13,
        "4": 108,
        "5": 830,
        "6": 6278
    },
    "30060": {
        "0": 1,
        "1": 1,
        "2": 10,
        "3": 76,
        "4": 546,
        "5": 3859,
        "6": 11603
    },
    "30061": {
        "0": 1,
        "1": 9,
        "2": 50,
        "3": 286,
        "4": 1688,
        "5": 5132,
        "6": 13339
    },
    "30062": {
        "0": 1,
        "1": 11,
        "2": 86,
        "3": 652,
        "4": 4957,
        "5": 18926,
        "6": 50976
    },
    "30063": {
        "0": 1,
        "1": 11,
        "2": 91,
        "3": 741,
        "4": 6021,
        "5": 18805,
        "6": 42724
    },
    "30064": {
        "0": 1,
        "1": 15,
        "2": 126,
        "3": 944,
        "4": 6930,
        "5": 31861,
        "6": 99600
    },
    "30065": {
        "0": 1,
        "1": 12,
        "2": 94,
        "3": 722,
        "4": 5519,
        "5": 22734,
        "6": 60315
    },
    "30066": {
        "0": 1,
        "1": 1,
        "2": 11,
        "3": 89,
        "4": 682,
        "5": 5093,
        "6": 20209
    },
    "30067": {
        "0": 1,
        "1": 12,
        "2": 101,
        "3": 791,
        "4": 6127,
        "5": 28247,
        "6": 89534
    },
    "30068": {
        "0": 1,
        "1": 9,
        "2": 77,
        "3": 659,
        "4": 5564,
        "5": 16301,
        "6": 32604
    },
    "30069": {
        "0": 1,
        "1": 12,
        "2": 89,
        "3": 583,
        "4": 3787,
        "5": 15777,
        "6": 51774
    },
    "30070": {
        "0": 1,
        "1": 1,
        "2": 1,
        "3": 11,
        "4": 90,
        "5": 755,
        "6": 6376
    },
    "30071": {
        "0": 1,
        "1": 1,
        "2": 12,
        "3": 96,
        "4": 709,
        "5": 5153,
        "6": 20070
    },
    "30072": {
        "0": 1,
        "1": 1,
        "2": 1,
        "3": 1,
        "4": 1,
        "5": 11,
        "6": 68
    },
    "30073": {
        "0": 1,
        "1": 1,
        "2": 10,
        "3": 71,
        "4": 493,
        "5": 3447,
        "6": 13824
    },
    "30074": {
        "0": 1,
        "1": 9,
        "2": 67,
        "3": 516,
        "4": 4046,
        "5": 12760,
        "6": 29231
    },
    "30075": {
        "0": 1,
        "1": 9,
        "2": 75,
        "3": 628,
        "4": 5221,
        "5": 13111,
        "6": 24502
    },
    "30076": {
        "0": 1,
        "1": 1,
        "2": 8,
        "3": 68,
        "4": 572,
        "5": 4776,
        "6": 9469
    },
    "30077": {
        "0": 1,
        "1": 10,
        "2": 77,
        "3": 558,
        "4": 4038,
        "5": 12090,
        "6": 27676
    },
    "30078": {
        "0": 1,
        "1": 1,
        "2": 11,
        "3": 86,
        "4": 645,
        "5": 4832,
        "6": 19122
    },
    "30079": {
        "0": 1,
        "1": 1,
        "2": 9,
        "3": 68,
        "4": 510,
        "5": 3777,
        "6": 10477
    },
    "30080": {
        "0": 1,
        "1": 1,
        "2": 1,
        "3": 11,
        "4": 73,
        "5": 440,
        "6": 2568
    },
    "30081": {
        "0": 1,
        "1": 1,
        "2": 10,
        "3": 84,
        "4": 721,
        "5": 6185,
        "6": 20431
    },
    "30082": {
        "0": 1,
        "1": 11,
        "2": 87,
        "3": 645,
        "4": 4685,
        "5": 17926,
        "6": 45533
    },
    "30083": {
        "0": 1,
        "1": 8,
        "2": 69,
        "3": 572,
        "4": 4648,
        "5": 9457,
        "6": 14716
    },
    "30084": {
        "0": 1,
        "1": 9,
        "2": 67,
        "3": 490,
        "4": 3639,
        "5": 8260,
        "6": 17118
    },
    "30085": {
        "0": 1,
        "1": 1,
        "2": 1,
        "3": 10,
        "4": 65,
        "5": 437,
        "6": 2996
    },
    "30086": {
        "0": 1,
        "1": 8,
        "2": 68,
        "3": 569,
        "4": 4707,
        "5": 8595,
        "6": 14279
    },
    "30087": {
        "0": 1,
        "1": 13,
        "2": 100,
        "3": 672,
        "4": 4435,
        "5": 18919,
        "6": 58760
    },
    "30088": {
        "0": 1,
        "1": 8,
        "2": 58,
        "3": 422,
        "4": 3082,
        "5": 5493,
        "6": 8360
    },
    "30089": {
        "0": 1,
        "1": 11,
        "2": 93,
        "3": 787,
        "4": 6673,
        "5": 23752,
        "6": 55199
    },
    "30090": {
        "0": 1,
        "1": 12,
        "2": 102,
        "3": 852,
        "4": 7147,
        "5": 27718,
        "6": 66621
    },
    "30091": {
        "0": 1,
        "1": 11,
        "2": 90,
        "3": 744,
        "4": 6189,
        "5": 19393,
        "6": 43623
    },
    "30092": {
        "0": 1,
        "1": 12,
        "2": 104,
        "3": 867,
        "4": 7148,
        "5": 28372,
        "6": 69179
    },
    "30093": {
        "0": 1,
        "1": 1,
        "2": 1,
        "3": 10,
        "4": 79,
        "5": 620,
        "6": 4831
    },
    "30094": {
        "0": 1,
        "1": 1,
        "2": 10,
        "3": 84,
        "4": 717,
        "5": 6051,
        "6": 20613
    },
    "30095": {
        "0": 1,
        "1": 11,
        "2": 82,
        "3": 593,
        "4": 4376,
        "5": 13646,
        "6": 32124
    },
    "30096": {
        "0": 1,
        "1": 11,
        "2": 88,
        "3": 653,
        "4": 4790,
        "5": 17693,
        "6": 47670
    },
    "30097": {
        "0": 1,
        "1": 1,
        "2": 10,
        "3": 86,
        "4": 724,
        "5": 6028,
        "6": 19695
    },
    "30098": {
        "0": 1,
        "1": 8,
        "2": 61,
        "3": 464,
        "4": 3568,
        "5": 8403,
        "6": 16620
    },
    "30099": {
        "0": 1,
        "1": 1,
        "2": 1,
        "3": 9,
        "4": 79,
        "5": 687,
        "6": 5903
    }
}