{
    "20900": {
        "0": 1,
        "1": 1,
        "2": 16,
        "3": 107,
        "4": 579,
        "5": 3062,
        "6": 14015
    },
    "20901": {
        "0": 1,
        "1": 10,
        "2": 71,
        "3": 490,
        "4": 3348,
        "5": 12761,
        "6": 34718
    },
    "20902": {
        "0": 1,
        "1": 11,
        "2": 96,
        "3": 815,
        "4": 6791,
        "5": 25836,
        "6": 60162
    },
    "20903": {
        "0": 1,
        "1": 1,
        "2": 11,
        "3": 74,
        "4": 491,
        "5": 3318,
        "6": 13590
    },
    "20904": {
        "0": 1,
        "1": 8,
        "2": 62,
        "3": 481,
        "4": 3716,
        "5": 9676,
        "6": 17230
    },
    "20905": {
        "0": 1,
        "1": 10,
        "2": 73,
        "3": 482,
        "4": 3141,
        "5": 11436,
        "6": 32772
    },
    "20906": {
        "0": 1,
        "1": 1,
        "2": 1,
        "3": 1,
        "4": 9,
        "5": 76,
        "6": 651
    },
    "20907": {
        "0": 1,
        "1": 9,
        "2": 70,
        "3": 553,
        "4": 4350,
        "5": 15304,
        "6": 34008
    },
    "20908": {
        "0": 1,
        "1": 1,
        "2": 1,
        "3": 1,
        "4": 12,
        "5": 96,
        "6": 721
    },
    "20909": {
        "0": 1,
        "1": 11,
        "2": 95,
        "3": 795,
        "4": 6421,
        "5": 25172,
        "6": 62187
    },
    "20910": {
        "0": 1,
        "1": 12,
        "2": 97,
        "3": 723,
        "4": 5297,
        "5": 21174,
        "6": 57804
    },
    "20911": {
        "0": 1,
        "1": 10,
        "2": 66,
        "3": 441,
        "4": 3059,
        "5": 11179,
        "6": 30560
    },
    "20912": {
        "0": 1,
        "1": 8,
        "2": 69,
        "3": 593,
        "4": 5149,
        "5": 12449,
        "6": 22587
    },
    "20913": {
        "0": 1,
        "1": 9,
        "2": 55,
        "3": 319,
        "4": 1875,
        "5": 6275,
        "6": 16268
    },
    "20914": {
        "0": 1,
        "1": 1,
        "2": 1,
        "3": 1,
        "4": 1,
        "5": 1,
        "6": 8
    },
    "20915": {
        "0": 1,
        "1": 9,
        "2": 70,
        "3": 541,
        "4": 4131,
        "5": 14248,
        "6": 32035
    },
    "20916": {
        "0": 1,
        "1": 11,
        "2": 85,
        "3": 606,
        "4": 4214,
        "5": 13313,
        "6": 29838
    },
    "20917": {
        "0": 1,
        "1": 1,
        "2": 1,
        "3": 1,
        "4": 10,
        "5": 86,
        "6": 745
    },
    "20918": {
        "0": 1,
        "1": 1,
        "2": 9,
        "3": 57,
        "4": 382,
        "5": 2676,
        "6": 8620
    },
    "20919": {
        "0": 1,
        "1": 1,
        "2": 10,
        "3": 70,
        "4": 485,
        "5": 3344,
        "6": 12870
    },
    "20920": {
        "0": 1,
        "1": 1,
        "2": 12,
        "3": 101,
        "4": 845,
        "5": 6968,
        "6": 26305
    },
    "20921": {
        "0": 1,
        "1": 1,
        "2": 10,
        "3": 74,
        "4": 563,
        "5": 4341,
        "6": 14608
    },
    "20922": {
        "0": 1,
        "1": 9,
        "2": 70,
        "3": 547,
        "4": 4266,
        "5": 13959,
        "6": 30673
    },
    "20923": {
        "0": 1,
        "1": 13,
        "2": 120,
        "3": 1011,
        "4": 8064,
        "5": 36271,
        "6": 110851
    },
    "20924": {
        "0": 1,
        "1": 12,
        "2": 101,
        "3": 834,
        "4": 6803,
        "5": 24922,
        "6": 59394
    },
    "20925": {
        "0": 1,
        "1": 8,
        "2": 66,
        "3": 536,
        "4": 4297,
        "5": 8881,
        "6": 16177
    },
    "20926": {
        "0": 1,
        "1": 1,
        "2": 1,
        "3": 9,
        "4": 62,
        "5": 420,
        "6": 2850
    },
    "20927": {
        "0": 1,
        "1": 1,
        "2": 1,
        "3": 11,
        "4": 89,
        "5": 691,
        "6": 5354
    },
    "20928": {
        "0": 1,
        "1": 1,
        "2": 1,
        "3": 12,
        "4": 98,
        "5": 769,
        "6": 6058
    },
    "20929": {
        "0": 1,
        "1": 8,
        "2": 67,
        "3": 542,
        "4": 4265,
        "5": 7634,
        "6": 11022
    },
    "20930": {
        "0": 1,
        "1": 9,
        "2": 77,
        "3": 670,
        "4": 5790,
        "5": 17001,
        "6": 32598
    },
    "20931": {
        "0": 1,
        "1": 1,
        "2": 1,
        "3": 1,
        "4": 8,
        "5": 61,
        "6": 460
    },
    "20932": {
        "0": 1,
        "1": 1,
        "2": 1,
        "3": 9,
        "4": 62,
        "5": 417,
        "6": 2814
    },
    "20933": {
        "0": 1,
        "1": 1,
        "2": 9,
        "3": 76,
        "4": 638,
        "5": 5217,
        "6": 14359
    },
    "20934": {
        "0": 1,
        "1": 1,
        "2": 10,
        "3": 77,
        "4": 590,
        "5": 4534,
        "6": 15937
    },
    "20935": {
        "0": 1,
        "1": 8,
        "2": 62,
        "3": 463,
        "4": 3366,
        "5": 8214,
        "6": 17830
    },
    "20936": {
        "0": 1,
        "1": 10,
        "2": 84,
        "3": 700,
        "4": 5667,
        "5": 17098,
        "6": 35221
    },
    "20937": {
        "0": 1,
        "1": 11,
        "2": 85,
        "3": 629,
        "4": 4642,
        "5": 17056,
        "6": 47005
    },
    "20938": {
        "0": 1,
        "1": 9,
        "2": 72,
        "3": 564,
        "4": 4354,
        "5": 15943,
        "6": 42349
    },
    "20939": {
        "0": 1,
        "1": 1,
        "2": 1,
        "3": 10,
        "4": 85,
        "5": 700,
        "6": 5772
    },
    "20940": {
        "0": 1,
        "1": 1,
        "2": 9,
        "3": 75,
        "4": 610,
        "5": 4860,
        "6": 10660
    },
    "20941": {
        "0": 1,
        "1": 1,
        "2": 1,
        "3": 11,
        "4": 76,
        "5": 496,
        "6": 3292
    },
    "20942": {
        "0": 1,
        "1": 1,
        "2": 1,
        "3": 10,
        "4": 85,
        "5": 731,
        "6": 6297
    },
    "20943": {
        "0": 1,
        "1": 1,
        "2": 1,
        "3": 9,
        "4": 77,
        "5": 666,
        "6": 5670
    },
    "20944": {
        "0": 1,
        "1": 1,
        "2": 11,
        "3": 83,
        "4": 623,
        "5": 4711,
        "6": 16731
    },
    "20945": {
        "0": 1,
        "1": 1,
        "2": 8,
        "3": 67,
        "4": 544,
        "5": 4350,
        "6": 6846
    },
    "20946": {
        "0": 1,
        "1": 11,
        "2": 76,
        "3": 499,
        "4": 3340,
        "5": 12243,
        "6": 33515
    },
    "20947": {
        "0": 1,
        "1": 9,
        "2": 76,
        "3": 649,
        "4": 5505,
        "5": 16437,
        "6": 36204
    },
    "20948": {
        "0": 1,
        "1": 8,
        "2": 64,
        "3": 501,
        "4": 3856,
        "5": 11624,
        "6": 23540
    },
    "20949": {
        "0": 1,
        "1": 1,
        "2": 13,
        "3": 111,
        "4": 906,
        "5": 7273,
        "6": 30221
    },
    "20950": {
        "0": 1,
        "1": 1,
        "2": 1,
        "3": 11,
        "4": 96,
        "5": 810,
        "6": 6583
    },
    "20951": {
        "0": 1,
        "1": 9,
        "2": 70,
        "3": 519,
        "4": 3742,
        "5": 12911,
        "6": 31627
    },
    "20952": {
        "0": 1,
        "1": 11,
        "2": 88,
        "3": 633,
        "4": 4383,
        "5": 14369,
        "6": 35433
    },
    "20953": {
        "0": 1,
        "1": 12,
        "2": 101,
        "3": 826,
        "4": 6678,
        "5": 23670,
        "6": 54682
    },
    "20954": {
        "0": 1,
        "1": 11,
        "2": 94,
        "3": 813,
        "4": 7004,
        "5": 27468,
        "6": 68204
    },
    "20955": {
        "0": 1,
        "1": 11,
        "2": 99,
        "3": 856,
        "4": 7359,
        "5": 30321,
        "6": 83190
    },
    "20956": {
        "0": 1,
        "1": 10,
        "2": 70,
        "3": 459,
        "4": 2996,
        "5": 10573,
        "6": 27339
    },
    "20957": {
        "0": 1,
        "1": 1,
        "2": 1,
        "3": 10,
        "4": 86,
        "5": 719,
        "6": 5922
    },
    "20958": {
        "0": 1,
        "1": 10,
        "2": 75,
        "3": 547,
        "4": 3970,
        "5": 11556,
        "6": 27422
    },
    "20959": {
        "0": 1,
        "1": 10,
        "2": 79,
        "3": 587,
        "4": 4306,
        "5": 14003,
        "6": 33873
    },
    "20960": {
        "0": 1,
        "1": 1,
        "2": 8,
        "3": 51,
        "4": 322,
        "5": 2063,
        "6": 2991
    },
    "20961": {
        "0": 1,
        "1": 10,
        "2": 88,
        "3": 779,
        "4": 6873,
        "5": 27930,
        "6": 80277
    },
    "20962": {
        "0": 1,
        "1": 10,
        "2": 69,
        "3": 453,
        "4": 2950,
        "5": 10167,
        "6": 23898
    },
    "20963": {
        "0": 1,
        "1": 11,
        "2": 89,
        "3": 664,
        "4": 4729,
        "5": 17182,
        "6": 46339
    },
    "20964": {
        "0": 1,
        "1": 1,
        "2": 9,
        "3": 71,
        "4": 540,
        "5": 4058,
        "6": 12735
    },
    "20965": {
        "0": 1,
        "1": 11,
        "2": 84,
        "3": 643,
        "4": 4959,
        "5": 19572,
        "6": 43268
    },
    "20966": {
        "0": 1,
        "1": 10,
        "2": 90,
        "3": 778,
        "4": 6615,
        "5": 25610,
        "6": 63765
    },
    "20967": {
        "0": 1,
        "1": 1,
        "2": 1,
        "3": 11,
        "4": 98,
        "5": 858,
        "6": 7350
    },
    "20968": {
        "0": 1,
        "1": 9,
        "2": 67,
        "3": 506,
        "4": 3878,
        "5": 10816,
        "6": 22767
    },
    "20969": {
        "0": 1,
        "1": 1,
        "2": 14,
        "3": 128,
        "4": 1076,
        "5": 8495,
        "6": 39445
    },
    "20970": {
        "0": 1,
        "1": 1,
        "2": 1,
        "3": 10,
        "4": 67,
        "5": 430,
        "6": 2768
    },
    "20971": {
        "0": 1,
        "1": 1,
        "2": 1,
        "3": 12,
        "4": 79,
        "5": 475,
        "6": 2867
    },
    "20972": {
        "0": 1,
        "1": 11,
        "2": 93,
        "3": 748,
        "4": 5839,
        "5": 17275,
        "6": 36653
    },
    "20973": {
        "0": 1,
        "1": 1,
        "2": 10,
        "3": 84,
        "4": 722,
        "5": 6236,
        "6": 21072
    },
    "20974": {
        "0": 1,
        "1": 1,
        "2": 1,
        "3": 10,
        "4": 86,
        "5": 737,
        "6": 6317
    },
    "20975": {
        "0": 1,
        "1": 1,
        "2": 1,
        "3": 11,
        "4": 84,
        "5": 613,
        "6": 4442
    },
    "20976": {
        "0": 1,
        "1": 1,
        "2": 8,
        "3": 67,
        "4": 552,
        "5": 4511,
        "6": 6799
    },
    "20977": {
        "0": 1,
        "1": 1,
        "2": 10,
        "3": 86,
        "4": 706,
        "5": 5726,
        "6": 16168
    },
    "20978": {
        "0": 1,
        "1": 11,
        "2": 96,
        "3": 771,
        "4": 5992,
        "5": 18170,
        "6": 41047
    },
    "20979": {
        "0": 1,
        "1": 1,
        "2": 9,
        "3": 69,
        "4": 522,
        "5": 3955,
        "6": 10854
    },
    "20980": {
        "0": 1,
        "1": 11,
        "2": 95,
        "3": 822,
        "4": 7163,
        "5": 29853,
        "6": 77301
    },
    "20981": {
        "0": 1,
        "1": 9,
        "2": 73,
        "3": 583,
        "4": 4665,
        "5": 18220,
        "6": 54147
    },
    "20982": {
        "0": 1,
        "1": 11,
        "2": 94,
        "3": 805,
        "4": 6766,
        "5": 26011,
        "6": 63098
    },
    "20983": {
        "0": 1,
        "1": 12,
        "2": 94,
        "3": 708,
        "4": 5212,
        "5": 19105,
        "6": 47307
    },
    "20984": {
        "0": 1,
        "1": 1,
        "2": 1,
        "3": 12,
        "4": 104,
        "5": 828,
        "6": 6424
    },
    "20985": {
        "0": 1,
        "1": 10,
        "2": 83,
        "3": 682,
        "4": 5619,
        "5": 16489,
        "6": 37315
    },
    "20986": {
        "0": 1,
        "1": 10,
        "2": 75,
        "3": 557,
        "4": 4209,
        "5": 13057,
        "6": 26358
    },
    "20987": {
        "0": 1,
        "1": 12,
        "2": 87,
        "3": 563,
        "4": 3621,
        "5": 14513,
        "6": 41583
    },
    "20988": {
        "0": 1,
        "1": 1,
        "2": 11,
        "3": 88,
        "4": 681,
        "5": 5231,
        "6": 20918
    },
    "20989": {
        "0": 1,
        "1": 10,
        "2": 81,
        "3": 664,
        "4": 5450,
        "5": 14646,
        "6": 29516
    },
    "20990": {
        "0": 1,
        "1": 10,
        "2": 87,
        "3": 740,
        "4": 6253,
        "5": 22306,
        "6": 51930
    },
    "20991": {
        "0": 1,
        "1": 9,
        "2": 69,
        "3": 527,
        "4": 3996,
        "5": 13036,
        "6": 31336
    },
    "20992": {
        "0": 1,
        "1": 11,
        "2": 95,
        "3": 805,
        "4": 6600,
        "5": 25260,
        "6": 62907
    },
    "20993": {
        "0": 1,
        "1": 1,
        "2": 8,
        "3": 72,
        "4": 640,
        "5": 5645,
        "6": 19057
    },
    "20994": {
        "0": 1,
        "1": 1,
        "2": 1,
        "3": 10,
        "4": 79,
        "5": 604,
        "6": 4608
    },
    "20995": {
        "0": 1,
        "1": 1,
        "2": 1,
        "3": 1,
        "4": 1,
        "5": 1,
        "6": 12
    },
    "20996": {
        "0": 1,
        "1": 1,
        "2": 10,
        "3": 69,
        "4": 479,
        "5": 3379,
        "6": 13719
    },
    "20997": {
        "0": 1,
        "1": 11,
        "2": 86,
        "3": 642,
        "4": 4742,
        "5": 17698,
        "6": 48942
    },
    "20998": {
        "0": 1,
        "1": 1,
        "2": 9,
        "3": 60,
        "4": 399,
        "5": 2710,
        "6": 8305
    },
    "20999": {
        "0": 1,
        "1": 1,
        "2": 1,
        "3": 1,
        "4": 11,
        "5": 87,
        "6": 658
    }
}