{
    "6400": {
        "0": 1,
        "1": 1,
        "2": 11,
        "3": 84,
        "4": 601,
        "5": 4253,
        "6": 14484
    },
    "6401": {
        "0": 1,
        "1": 1,
        "2": 8,
        "3": 62,
        "4": 489,
        "5": 3856,
        "6": 11224
    },
    "6402": {
        "0": 1,
        "1": 1,
        "2": 1,
        "3": 10,
        "4": 81,
        "5": 646,
        "6": 5058
    },
    "6403": {
        "0": 1,
        "1": 1,
        "2": 10,
        "3": 74,
        "4": 556,
        "5": 4214,
        "6": 13141
    },
    "6404": {
        "0": 1,
        "1": 1,
        "2": 1,
        "3": 14,
        "4": 120,
        "5": 897,
        "6": 6581
    },
    "6405": {
        "0": 1,
        "1": 9,
        "2": 75,
        "3": 609,
        "4": 4822,
        "5": 9974,
        "6": 17704
    },
    "6406": {
        "0": 1,
        "1": 11,
        "2": 89,
        "3": 717,
        "4": 5779,
        "5": 16447,
        "6": 33307
    },
    "6407": {
        "0": 1,
        "1": 1,
        "2": 1,
        "3": 11,
        "4": 88,
        "5": 681,
        "6": 5291
    },
    "6408": {
        "0": 1,
        "1": 11,
        "2": 84,
        "3": 621,
        "4": 4656,
        "5": 16372,
        "6": 38828
    },
    "6409": {
        "0": 1,
        "1": 1,
        "2": 10,
        "3": 90,
        "4": 761,
        "5": 6283,
        "6": 23057
    },
    "6410": {
        "0": 1,
        "1": 1,
        "2": 10,
        "3": 85,
        "4": 716,
        "5": 5915,
        "6": 20430
    },
    "6411": {
        "0": 1,
        "1": 1,
        "2": 1,
        "3": 1,
        "4": 11,
        "5": 85,
        "6": 640
    },
    "6412": {
        "0": 1,
        "1": 1,
        "2": 1,
        "3": 12,
        "4": 98,
        "5": 791,
        "6": 6341
    },
    "6413": {
        "0": 1,
        "1": 1,
        "2": 9,
        "3": 75,
        "4": 635,
        "5": 5364,
        "6": 12799
    },
    "6414": {
        "0": 1,
        "1": 1,
        "2": 1,
        "3": 1,
        "4": 9,
        "5": 75,
        "6": 634
    },
    "6415": {
        "0": 1,
        "1": 11,
        "2": 91,
        "3": 750,
        "4": 6233,
        "5": 19310,
        "6": 41853
    },
    "6416": {
        "0": 1,
        "1": 1,
        "2": 1,
        "3": 11,
        "4": 76,
        "5": 514,
        "6": 3524
    },
    "6417": {
        "0": 1,
        "1": 10,
        "2": 84,
        "3": 711,
        "4": 6007,
        "5": 18395,
        "6": 37829
    },
    "6418": {
        "0": 1,
        "1": 1,
        "2": 1,
        "3": 8,
        "4": 70,
        "5": 601,
        "6": 5123
    },
    "6419": {
        "0": 1,
        "1": 9,
        "2": 79,
        "3": 658,
        "4": 5369,
        "5": 15445,
        "6": 37093
    },
    "6420": {
        "0": 1,
        "1": 8,
        "2": 67,
        "3": 546,
        "4": 4348,
        "5": 6614,
        "6": 11315
    },
    "6421": {
        "0": 1,
        "1": 11,
        "2": 79,
        "3": 534,
        "4": 3590,
        "5": 13830,
        "6": 38513
    },
    "6422": {
        "0": 1,
        "1": 1,
        "2": 1,
        "3": 1,
        "4": 10,
        "5": 79,
        "6": 592
    },
    "6423": {
        "0": 1,
        "1": 10,
        "2": 61,
        "3": 363,
        "4": 2165,
        "5": 8781,
        "6": 24452
    },
    "6424": {
        "0": 1,
        "1": 10,
        "2": 71,
        "3": 481,
        "4": 3248,
        "5": 11709,
        "6": 32525
    },
    "6425": {
        "0": 1,
        "1": 12,
        "2": 101,
        "3": 796,
        "4": 6126,
        "5": 29104,
        "6": 97759
    },
    "6426": {
        "0": 1,
        "1": 11,
        "2": 89,
        "3": 664,
        "4": 4894,
        "5": 18613,
        "6": 47508
    },
    "6427": {
        "0": 1,
        "1": 12,
        "2": 94,
        "3": 685,
        "4": 4964,
        "5": 18668,
        "6": 46781
    },
    "6428": {
        "0": 1,
        "1": 1,
        "2": 10,
        "3": 87,
        "4": 749,
        "5": 6350,
        "6": 23087
    },
    "6429": {
        "0": 1,
        "1": 1,
        "2": 1,
        "3": 10,
        "4": 77,
        "5": 599,
        "6": 4726
    },
    "6430": {
        "0": 1,
        "1": 1,
        "2": 12,
        "3": 105,
        "4": 872,
        "5": 7080,
        "6": 28979
    },
    "6431": {
        "0": 1,
        "1": 1,
        "2": 11,
        "3": 82,
        "4": 564,
        "5": 3806,
        "6": 10160
    },
    "6432": {
        "0": 1,
        "1": 1,
        "2": 10,
        "3": 83,
        "4": 722,
        "5": 6237,
        "6": 22715
    },
    "6433": {
        "0": 1,
        "1": 1,
        "2": 11,
        "3": 93,
        "4": 802,
        "5": 6899,
        "6": 26346
    },
    "6434": {
        "0": 1,
        "1": 1,
        "2": 12,
        "3": 84,
        "4": 535,
        "5": 3367,
        "6": 12127
    },
    "6435": {
        "0": 1,
        "1": 1,
        "2": 1,
        "3": 1,
        "4": 13,
        "5": 95,
        "6": 607
    },
    "6436": {
        "0": 1,
        "1": 10,
        "2": 85,
        "3": 730,
        "4": 6242,
        "5": 20442,
        "6": 42204
    },
    "6437": {
        "0": 1,
        "1": 1,
        "2": 1,
        "3": 8,
        "4": 57,
        "5": 382,
        "6": 2500
    },
    "6438": {
        "0": 1,
        "1": 8,
        "2": 64,
        "3": 508,
        "4": 3932,
        "5": 12652,
        "6": 30400
    },
    "6439": {
        "0": 1,
        "1": 1,
        "2": 9,
        "3": 67,
        "4": 505,
        "5": 3800,
        "6": 11344
    },
    "6440": {
        "0": 1,
        "1": 1,
        "2": 1,
        "3": 1,
        "4": 10,
        "5": 82,
        "6": 683
    },
    "6441": {
        "0": 1,
        "1": 10,
        "2": 84,
        "3": 715,
        "4": 6086,
        "5": 19272,
        "6": 42131
    },
    "6442": {
        "0": 1,
        "1": 9,
        "2": 78,
        "3": 666,
        "4": 5573,
        "5": 18169,
        "6": 42101
    },
    "6443": {
        "0": 1,
        "1": 1,
        "2": 1,
        "3": 1,
        "4": 11,
        "5": 89,
        "6": 692
    },
    "6444": {
        "0": 1,
        "1": 1,
        "2": 10,
        "3": 71,
        "4": 487,
        "5": 3310,
        "6": 12036
    },
    "6445": {
        "0": 1,
        "1": 1,
        "2": 10,
        "3": 78,
        "4": 582,
        "5": 4256,
        "6": 13708
    },
    "6446": {
        "0": 1,
        "1": 1,
        "2": 9,
        "3": 68,
        "4": 520,
        "5": 3996,
        "6": 11597
    },
    "6447": {
        "0": 1,
        "1": 12,
        "2": 100,
        "3": 782,
        "4": 5985,
        "5": 26531,
        "6": 82413
    },
    "6448": {
        "0": 1,
        "1": 1,
        "2": 1,
        "3": 9,
        "4": 81,
        "5": 718,
        "6": 6210
    },
    "6449": {
        "0": 1,
        "1": 1,
        "2": 1,
        "3": 11,
        "4": 94,
        "5": 794,
        "6": 6665
    },
    "6450": {
        "0": 1,
        "1": 9,
        "2": 74,
        "3": 626,
        "4": 5328,
        "5": 12735,
        "6": 20111
    },
    "6451": {
        "0": 1,
        "1": 1,
        "2": 1,
        "3": 10,
        "4": 78,
        "5": 596,
        "6": 4612
    },
    "6452": {
        "0": 1,
        "1": 9,
        "2": 80,
        "3": 686,
        "4": 5823,
        "5": 18805,
        "6": 44017
    },
    "6453": {
        "0": 1,
        "1": 1,
        "2": 11,
        "3": 93,
        "4": 783,
        "5": 6545,
        "6": 24525
    },
    "6454": {
        "0": 1,
        "1": 1,
        "2": 12,
        "3": 105,
        "4": 884,
        "5": 7361,
        "6": 28716
    },
    "6455": {
        "0": 1,
        "1": 1,
        "2": 1,
        "3": 14,
        "4": 113,
        "5": 826,
        "6": 6125
    },
    "6456": {
        "0": 1,
        "1": 12,
        "2": 98,
        "3": 754,
        "4": 5707,
        "5": 24153,
        "6": 70961
    },
    "6457": {
        "0": 1,
        "1": 1,
        "2": 9,
        "3": 78,
        "4": 685,
        "5": 5954,
        "6": 19048
    },
    "6458": {
        "0": 1,
        "1": 1,
        "2": 10,
        "3": 77,
        "4": 574,
        "5": 4270,
        "6": 14301
    },
    "6459": {
        "0": 1,
        "1": 1,
        "2": 1,
        "3": 1,
        "4": 1,
        "5": 10,
        "6": 83
    },
    "6460": {
        "0": 1,
        "1": 10,
        "2": 82,
        "3": 701,
        "4": 6041,
        "5": 19725,
        "6": 35339
    },
    "6461": {
        "0": 1,
        "1": 1,
        "2": 1,
        "3": 11,
        "4": 85,
        "5": 642,
        "6": 4885
    },
    "6462": {
        "0": 1,
        "1": 10,
        "2": 85,
        "3": 726,
        "4": 6117,
        "5": 20974,
        "6": 46443
    },
    "6463": {
        "0": 1,
        "1": 1,
        "2": 1,
        "3": 11,
        "4": 85,
        "5": 638,
        "6": 4797
    },
    "6464": {
        "0": 1,
        "1": 9,
        "2": 58,
        "3": 379,
        "4": 2483,
        "5": 7331,
        "6": 16133
    },
    "6465": {
        "0": 1,
        "1": 10,
        "2": 67,
        "3": 448,
        "4": 3048,
        "5": 11685,
        "6": 36164
    },
    "6466": {
        "0": 1,
        "1": 9,
        "2": 67,
        "3": 499,
        "4": 3689,
        "5": 9973,
        "6": 19464
    },
    "6467": {
        "0": 1,
        "1": 10,
        "2": 80,
        "3": 631,
        "4": 4966,
        "5": 19794,
        "6": 52429
    },
    "6468": {
        "0": 1,
        "1": 11,
        "2": 86,
        "3": 671,
        "4": 5271,
        "5": 22373,
        "6": 64219
    },
    "6469": {
        "0": 1,
        "1": 1,
        "2": 10,
        "3": 84,
        "4": 704,
        "5": 5909,
        "6": 17254
    },
    "6470": {
        "0": 1,
        "1": 1,
        "2": 1,
        "3": 9,
        "4": 74,
        "5": 621,
        "6": 5213
    },
    "6471": {
        "0": 1,
        "1": 8,
        "2": 69,
        "3": 602,
        "4": 5248,
        "5": 12983,
        "6": 22821
    },
    "6472": {
        "0": 1,
        "1": 10,
        "2": 81,
        "3": 651,
        "4": 5198,
        "5": 11159,
        "6": 18960
    },
    "6473": {
        "0": 1,
        "1": 1,
        "2": 1,
        "3": 1,
        "4": 10,
        "5": 75,
        "6": 535
    },
    "6474": {
        "0": 1,
        "1": 1,
        "2": 11,
        "3": 92,
        "4": 746,
        "5": 5960,
        "6": 19734
    },
    "6475": {
        "0": 1,
        "1": 1,
        "2": 11,
        "3": 91,
        "4": 758,
        "5": 6272,
        "6": 21749
    },
    "6476": {
        "0": 1,
        "1": 1,
        "2": 1,
        "3": 10,
        "4": 77,
        "5": 577,
        "6": 4357
    },
    "6477": {
        "0": 1,
        "1": 11,
        "2": 95,
        "3": 810,
        "4": 6823,
        "5": 26921,
        "6": 68907
    },
    "6478": {
        "0": 1,
        "1": 9,
        "2": 75,
        "3": 620,
        "4": 5025,
        "5": 12486,
        "6": 21540
    },
    "6479": {
        "0": 1,
        "1": 11,
        "2": 85,
        "3": 639,
        "4": 4857,
        "5": 18097,
        "6": 48086
    },
    "6480": {
        "0": 1,
        "1": 1,
        "2": 1,
        "3": 10,
        "4": 77,
        "5": 570,
        "6": 4167
    },
    "6481": {
        "0": 1,
        "1": 1,
        "2": 11,
        "3": 75,
        "4": 483,
        "5": 3166,
        "6": 10611
    },
    "6482": {
        "0": 1,
        "1": 8,
        "2": 70,
        "3": 595,
        "4": 5033,
        "5": 12142,
        "6": 21743
    },
    "6483": {
        "0": 1,
        "1": 1,
        "2": 11,
        "3": 85,
        "4": 637,
        "5": 4730,
        "6": 17571
    },
    "6484": {
        "0": 1,
        "1": 10,
        "2": 86,
        "3": 738,
        "4": 6225,
        "5": 21936,
        "6": 50748
    },
    "6485": {
        "0": 1,
        "1": 1,
        "2": 1,
        "3": 11,
        "4": 95,
        "5": 812,
        "6": 6954
    },
    "6486": {
        "0": 1,
        "1": 1,
        "2": 9,
        "3": 73,
        "4": 597,
        "5": 4898,
        "6": 10138
    },
    "6487": {
        "0": 1,
        "1": 1,
        "2": 1,
        "3": 11,
        "4": 77,
        "5": 531,
        "6": 3699
    },
    "6488": {
        "0": 1,
        "1": 10,
        "2": 67,
        "3": 441,
        "4": 2969,
        "5": 9934,
        "6": 26405
    },
    "6489": {
        "0": 1,
        "1": 1,
        "2": 8,
        "3": 44,
        "4": 241,
        "5": 1357,
        "6": 2735
    },
    "6490": {
        "0": 1,
        "1": 1,
        "2": 1,
        "3": 10,
        "4": 77,
        "5": 580,
        "6": 4359
    },
    "6491": {
        "0": 1,
        "1": 10,
        "2": 75,
        "3": 554,
        "4": 4108,
        "5": 11619,
        "6": 27693
    },
    "6492": {
        "0": 1,
        "1": 8,
        "2": 67,
        "3": 571,
        "4": 4892,
        "5": 9442,
        "6": 16653
    },
    "6493": {
        "0": 1,
        "1": 1,
        "2": 9,
        "3": 62,
        "4": 430,
        "5": 2976,
        "6": 10154
    },
    "6494": {
        "0": 1,
        "1": 8,
        "2": 66,
        "3": 544,
        "4": 4463,
        "5": 6436,
        "6": 7426
    },
    "6495": {
        "0": 1,
        "1": 1,
        "2": 11,
        "3": 86,
        "4": 633,
        "5": 4667,
        "6": 17023
    },
    "6496": {
        "0": 1,
        "1": 8,
        "2": 62,
        "3": 477,
        "4": 3673,
        "5": 8899,
        "6": 19133
    },
    "6497": {
        "0": 1,
        "1": 10,
        "2": 68,
        "3": 455,
        "4": 3068,
        "5": 10480,
        "6": 25283
    },
    "6498": {
        "0": 1,
        "1": 10,
        "2": 78,
        "3": 595,
        "4": 4562,
        "5": 15967,
        "6": 37435
    },
    "6499": {
        "0": 1,
        "1": 1,
        "2": 1,
        "3": 1,
        "4": 10,
        "5": 84,
        "6": 703
    }
}