{
    "2400": {
        "0": 1,
        "1": 1,
        "2": 1,
        "3": 8,
        "4": 56,
        "5": 380,
        "6": 2518
    },
    "2401": {
        "0": 1,
        "1": 12,
        "2": 96,
        "3": 709,
        "4": 5226,
        "5": 21232,
        "6": 60220
    },
    "2402": {
        "0": 1,
        "1": 1,
        "2": 11,
        "3": 93,
        "4": 774,
        "5": 6423,
        "6": 22937
    },
    "2403": {
        "0": 1,
        "1": 10,
        "2": 76,
        "3": 553,
        "4": 3989,
        "5": 11246,
        "6": 23786
    },
    "2404": {
        "0": 1,
        "1": 1,
        "2": 9,
        "3": 77,
        "4": 664,
        "5": 5724,
        "6": 16694
    },
    "2405": {
        "0": 1,
        "1": 12,
        "2": 103,
        "3": 855,
        "4": 7045,
        "5": 27598,
        "6": 75861
    },
    "2406": {
        "0": 1,
        "1": 13,
        "2": 118,
        "3": 1022,
        "4": 8640,
        "5": 41624,
        "6": 126092
    },
    "2407": {
        "0": 1,
        "1": 11,
        "2": 82,
        "3": 592,
        "4": 4319,
        "5": 12635,
        "6": 25636
    },
    "2408": {
        "0": 1,
        "1": 1,
        "2": 8,
        "3": 59,
        "4": 438,
        "5": 3299,
        "6": 5793
    },
    "2409": {
        "0": 1,
        "1": 9,
        "2": 71,
        "3": 582,
        "4": 4735,
        "5": 19398,
        "6": 55567
    },
    "2410": {
        "0": 1,
        "1": 8,
        "2": 68,
        "3": 575,
        "4": 4788,
        "5": 9345,
        "6": 16688
    },
    "2411": {
        "0": 1,
        "1": 10,
        "2": 77,
        "3": 558,
        "4": 3963,
        "5": 10807,
        "6": 25109
    },
    "2412": {
        "0": 1,
        "1": 9,
        "2": 68,
        "3": 511,
        "4": 3874,
        "5": 12151,
        "6": 26128
    },
    "2413": {
        "0": 1,
        "1": 8,
        "2": 61,
        "3": 453,
        "4": 3314,
        "5": 8478,
        "6": 19879
    },
    "2414": {
        "0": 1,
        "1": 11,
        "2": 87,
        "3": 642,
        "4": 4647,
        "5": 16286,
        "6": 39136
    },
    "2415": {
        "0": 1,
        "1": 1,
        "2": 8,
        "3": 52,
        "4": 331,
        "5": 2094,
        "6": 4261
    },
    "2416": {
        "0": 1,
        "1": 1,
        "2": 11,
        "3": 84,
        "4": 647,
        "5": 5051,
        "6": 20441
    },
    "2417": {
        "0": 1,
        "1": 10,
        "2": 63,
        "3": 373,
        "4": 2207,
        "5": 4198,
        "6": 7449
    },
    "2418": {
        "0": 1,
        "1": 1,
        "2": 11,
        "3": 91,
        "4": 758,
        "5": 6287,
        "6": 21762
    },
    "2419": {
        "0": 1,
        "1": 1,
        "2": 10,
        "3": 76,
        "4": 571,
        "5": 4329,
        "6": 14028
    },
    "2420": {
        "0": 1,
        "1": 11,
        "2": 94,
        "3": 796,
        "4": 6727,
        "5": 24479,
        "6": 57372
    },
    "2421": {
        "0": 1,
        "1": 1,
        "2": 9,
        "3": 71,
        "4": 555,
        "5": 4345,
        "6": 14981
    },
    "2422": {
        "0": 1,
        "1": 1,
        "2": 12,
        "3": 91,
        "4": 654,
        "5": 4719,
        "6": 16937
    },
    "2423": {
        "0": 1,
        "1": 1,
        "2": 12,
        "3": 95,
        "4": 665,
        "5": 4505,
        "6": 14824
    },
    "2424": {
        "0": 1,
        "1": 12,
        "2": 96,
        "3": 718,
        "4": 5317,
        "5": 22135,
        "6": 69045
    },
    "2425": {
        "0": 1,
        "1": 13,
        "2": 105,
        "3": 758,
        "4": 5328,
        "5": 26872,
        "6": 97315
    },
    "2426": {
        "0": 1,
        "1": 1,
        "2": 1,
        "3": 1,
        "4": 1,
        "5": 11,
        "6": 95
    },
    "2427": {
        "0": 1,
        "1": 1,
        "2": 9,
        "3": 78,
        "4": 658,
        "5": 5498,
        "6": 15550
    },
    "2428": {
        "0": 1,
        "1": 11,
        "2": 86,
        "3": 654,
        "4": 4985,
        "5": 19203,
        "6": 47986
    },
    "2429": {
        "0": 1,
        "1": 10,
        "2": 73,
        "3": 544,
        "4": 4103,
        "5": 11994,
        "6": 27930
    },
    "2430": {
        "0": 1,
        "1": 10,
        "2": 86,
        "3": 762,
        "4": 6697,
        "5": 25679,
        "6": 59658
    },
    "2431": {
        "0": 1,
        "1": 1,
        "2": 1,
        "3": 8,
        "4": 71,
        "5": 609,
        "6": 5121
    },
    "2432": {
        "0": 1,
        "1": 10,
        "2": 75,
        "3": 560,
        "4": 4123,
        "5": 14414,
        "6": 34655
    },
    "2433": {
        "0": 1,
        "1": 1,
        "2": 9,
        "3": 72,
        "4": 611,
        "5": 5251,
        "6": 12602
    },
    "2434": {
        "0": 1,
        "1": 1,
        "2": 8,
        "3": 61,
        "4": 472,
        "5": 3615,
        "6": 10048
    },
    "2435": {
        "0": 1,
        "1": 1,
        "2": 10,
        "3": 79,
        "4": 604,
        "5": 4516,
        "6": 17905
    },
    "2436": {
        "0": 1,
        "1": 1,
        "2": 9,
        "3": 70,
        "4": 512,
        "5": 3677,
        "6": 10660
    },
    "2437": {
        "0": 1,
        "1": 9,
        "2": 72,
        "3": 559,
        "4": 4327,
        "5": 14148,
        "6": 33566
    },
    "2438": {
        "0": 1,
        "1": 1,
        "2": 8,
        "3": 70,
        "4": 602,
        "5": 5168,
        "6": 11835
    },
    "2439": {
        "0": 1,
        "1": 9,
        "2": 69,
        "3": 541,
        "4": 4243,
        "5": 14222,
        "6": 34862
    },
    "2440": {
        "0": 1,
        "1": 10,
        "2": 76,
        "3": 571,
        "4": 4306,
        "5": 13611,
        "6": 31648
    },
    "2441": {
        "0": 1,
        "1": 11,
        "2": 97,
        "3": 838,
        "4": 7131,
        "5": 29911,
        "6": 77005
    },
    "2442": {
        "0": 1,
        "1": 10,
        "2": 69,
        "3": 453,
        "4": 2994,
        "5": 10942,
        "6": 29904
    },
    "2443": {
        "0": 1,
        "1": 9,
        "2": 77,
        "3": 637,
        "4": 5167,
        "5": 13779,
        "6": 27395
    },
    "2444": {
        "0": 1,
        "1": 1,
        "2": 10,
        "3": 74,
        "4": 551,
        "5": 4170,
        "6": 12644
    },
    "2445": {
        "0": 1,
        "1": 10,
        "2": 76,
        "3": 555,
        "4": 3967,
        "5": 10787,
        "6": 20712
    },
    "2446": {
        "0": 1,
        "1": 1,
        "2": 9,
        "3": 65,
        "4": 477,
        "5": 3501,
        "6": 8354
    },
    "2447": {
        "0": 1,
        "1": 1,
        "2": 11,
        "3": 94,
        "4": 803,
        "5": 6861,
        "6": 25971
    },
    "2448": {
        "0": 1,
        "1": 9,
        "2": 67,
        "3": 492,
        "4": 3644,
        "5": 8246,
        "6": 15328
    },
    "2449": {
        "0": 1,
        "1": 13,
        "2": 110,
        "3": 867,
        "4": 6754,
        "5": 33209,
        "6": 109176
    },
    "2450": {
        "0": 1,
        "1": 11,
        "2": 87,
        "3": 673,
        "4": 5214,
        "5": 21442,
        "6": 59662
    },
    "2451": {
        "0": 1,
        "1": 11,
        "2": 76,
        "3": 512,
        "4": 3510,
        "5": 13832,
        "6": 38548
    },
    "2452": {
        "0": 1,
        "1": 11,
        "2": 76,
        "3": 522,
        "4": 3583,
        "5": 14449,
        "6": 44579
    },
    "2453": {
        "0": 1,
        "1": 1,
        "2": 13,
        "3": 112,
        "4": 906,
        "5": 7287,
        "6": 28457
    },
    "2454": {
        "0": 1,
        "1": 9,
        "2": 70,
        "3": 557,
        "4": 4358,
        "5": 16612,
        "6": 43007
    },
    "2455": {
        "0": 1,
        "1": 1,
        "2": 1,
        "3": 11,
        "4": 89,
        "5": 744,
        "6": 6283
    },
    "2456": {
        "0": 1,
        "1": 10,
        "2": 82,
        "3": 688,
        "4": 5746,
        "5": 17894,
        "6": 33922
    },
    "2457": {
        "0": 1,
        "1": 1,
        "2": 11,
        "3": 90,
        "4": 746,
        "5": 6238,
        "6": 19757
    },
    "2458": {
        "0": 1,
        "1": 1,
        "2": 10,
        "3": 87,
        "4": 749,
        "5": 6409,
        "6": 24243
    },
    "2459": {
        "0": 1,
        "1": 1,
        "2": 1,
        "3": 1,
        "4": 11,
        "5": 94,
        "6": 828
    },
    "2460": {
        "0": 1,
        "1": 11,
        "2": 84,
        "3": 603,
        "4": 4354,
        "5": 14366,
        "6": 36935
    },
    "2461": {
        "0": 1,
        "1": 1,
        "2": 10,
        "3": 77,
        "4": 591,
        "5": 4533,
        "6": 15517
    },
    "2462": {
        "0": 1,
        "1": 1,
        "2": 1,
        "3": 11,
        "4": 81,
        "5": 590,
        "6": 4396
    },
    "2463": {
        "0": 1,
        "1": 1,
        "2": 8,
        "3": 72,
        "4": 626,
        "5": 5381,
        "6": 15439
    },
    "2464": {
        "0": 1,
        "1": 1,
        "2": 12,
        "3": 96,
        "4": 734,
        "5": 5564,
        "6": 24325
    },
    "2465": {
        "0": 1,
        "1": 10,
        "2": 91,
        "3": 793,
        "4": 6737,
        "5": 28214,
        "6": 78786
    },
    "2466": {
        "0": 1,
        "1": 8,
        "2": 61,
        "3": 461,
        "4": 3484,
        "5": 7302,
        "6": 15049
    },
    "2467": {
        "0": 1,
        "1": 9,
        "2": 74,
        "3": 622,
        "4": 5231,
        "5": 13841,
        "6": 26693
    },
    "2468": {
        "0": 1,
        "1": 1,
        "2": 9,
        "3": 76,
        "4": 645,
        "5": 5477,
        "6": 15892
    },
    "2469": {
        "0": 1,
        "1": 1,
        "2": 11,
        "3": 97,
        "4": 835,
        "5": 7155,
        "6": 28832
    },
    "2470": {
        "0": 1,
        "1": 1,
        "2": 12,
        "3": 103,
        "4": 866,
        "5": 7236,
        "6": 30128
    },
    "2471": {
        "0": 1,
        "1": 10,
        "2": 83,
        "3": 707,
        "4": 6011,
        "5": 18675,
        "6": 36665
    },
    "2472": {
        "0": 1,
        "1": 10,
        "2": 87,
        "3": 755,
        "4": 6505,
        "5": 21911,
        "6": 54636
    },
    "2473": {
        "0": 1,
        "1": 1,
        "2": 9,
        "3": 76,
        "4": 657,
        "5": 5674,
        "6": 16540
    },
    "2474": {
        "0": 1,
        "1": 11,
        "2": 86,
        "3": 645,
        "4": 4849,
        "5": 17555,
        "6": 44821
    },
    "2475": {
        "0": 1,
        "1": 1,
        "2": 11,
        "3": 86,
        "4": 635,
        "5": 4627,
        "6": 16210
    },
    "2476": {
        "0": 1,
        "1": 10,
        "2": 90,
        "3": 780,
        "4": 6597,
        "5": 26493,
        "6": 76541
    },
    "2477": {
        "0": 1,
        "1": 11,
        "2": 79,
        "3": 538,
        "4": 3678,
        "5": 14932,
        "6": 43634
    },
    "2478": {
        "0": 1,
        "1": 1,
        "2": 1,
        "3": 8,
        "4": 60,
        "5": 459,
        "6": 3564
    },
    "2479": {
        "0": 1,
        "1": 1,
        "2": 1,
        "3": 11,
        "4": 90,
        "5": 740,
        "6": 5980
    },
    "2480": {
        "0": 1,
        "1": 13,
        "2": 90,
        "3": 574,
        "4": 3707,
        "5": 15012,
        "6": 47314
    },
    "2481": {
        "0": 1,
        "1": 10,
        "2": 74,
        "3": 531,
        "4": 3779,
        "5": 9739,
        "6": 20031
    },
    "2482": {
        "0": 1,
        "1": 11,
        "2": 88,
        "3": 635,
        "4": 4469,
        "5": 15830,
        "6": 42231
    },
    "2483": {
        "0": 1,
        "1": 8,
        "2": 69,
        "3": 603,
        "4": 5285,
        "5": 13760,
        "6": 25565
    },
    "2484": {
        "0": 1,
        "1": 10,
        "2": 81,
        "3": 686,
        "4": 5825,
        "5": 17084,
        "6": 30557
    },
    "2485": {
        "0": 1,
        "1": 1,
        "2": 1,
        "3": 15,
        "4": 122,
        "5": 855,
        "6": 5869
    },
    "2486": {
        "0": 1,
        "1": 1,
        "2": 1,
        "3": 10,
        "4": 70,
        "5": 480,
        "6": 3310
    },
    "2487": {
        "0": 1,
        "1": 1,
        "2": 10,
        "3": 78,
        "4": 582,
        "5": 4320,
        "6": 14529
    },
    "2488": {
        "0": 1,
        "1": 10,
        "2": 79,
        "3": 612,
        "4": 4721,
        "5": 17392,
        "6": 41277
    },
    "2489": {
        "0": 1,
        "1": 1,
        "2": 1,
        "3": 11,
        "4": 91,
        "5": 754,
        "6": 6252
    },
    "2490": {
        "0": 1,
        "1": 9,
        "2": 72,
        "3": 561,
        "4": 4338,
        "5": 15956,
        "6": 41595
    },
    "2491": {
        "0": 1,
        "1": 9,
        "2": 70,
        "3": 540,
        "4": 4117,
        "5": 13523,
        "6": 33868
    },
    "2492": {
        "0": 1,
        "1": 10,
        "2": 74,
        "3": 546,
        "4": 4044,
        "5": 10822,
        "6": 21664
    },
    "2493": {
        "0": 1,
        "1": 1,
        "2": 10,
        "3": 76,
        "4": 560,
        "5": 4109,
        "6": 13095
    },
    "2494": {
        "0": 1,
        "1": 13,
        "2": 104,
        "3": 778,
        "4": 5805,
        "5": 24568,
        "6": 72067
    },
    "2495": {
        "0": 1,
        "1": 1,
        "2": 10,
        "3": 78,
        "4": 605,
        "5": 4667,
        "6": 17042
    },
    "2496": {
        "0": 1,
        "1": 8,
        "2": 62,
        "3": 478,
        "4": 3628,
        "5": 9862,
        "6": 20337
    },
    "2497": {
        "0": 1,
        "1": 1,
        "2": 1,
        "3": 10,
        "4": 75,
        "5": 564,
        "6": 4228
    },
    "2498": {
        "0": 1,
        "1": 1,
        "2": 10,
        "3": 83,
        "4": 690,
        "5": 5687,
        "6": 18733
    },
    "2499": {
        "0": 1,
        "1": 1,
        "2": 9,
        "3": 73,
        "4": 597,
        "5": 4870,
        "6": 11907
    }
}