{
    "16800": {
        "0": 1,
        "1": 12,
        "2": 91,
        "3": 657,
        "4": 4809,
        "5": 18250,
        "6": 47587
    },
    "16801": {
        "0": 1,
        "1": 9,
        "2": 70,
        "3": 543,
        "4": 4234,
        "5": 14077,
        "6": 29923
    },
    "16802": {
        "0": 1,
        "1": 1,
        "2": 10,
        "3": 74,
        "4": 545,
        "5": 4067,
        "6": 11489
    },
    "16803": {
        "0": 1,
        "1": 1,
        "2": 12,
        "3": 93,
        "4": 697,
        "5": 5291,
        "6": 21153
    },
    "16804": {
        "0": 1,
        "1": 11,
        "2": 90,
        "3": 734,
        "4": 5938,
        "5": 17816,
        "6": 33270
    },
    "16805": {
        "0": 1,
        "1": 11,
        "2": 86,
        "3": 656,
        "4": 4980,
        "5": 20344,
        "6": 56218
    },
    "16806": {
        "0": 1,
        "1": 9,
        "2": 66,
        "3": 495,
        "4": 3748,
        "5": 9699,
        "6": 19473
    },
    "16807": {
        "0": 1,
        "1": 1,
        "2": 1,
        "3": 10,
        "4": 81,
        "5": 668,
        "6": 5462
    },
    "16808": {
        "0": 1,
        "1": 10,
        "2": 70,
        "3": 497,
        "4": 3533,
        "5": 15035,
        "6": 41530
    },
    "16809": {
        "0": 1,
        "1": 1,
        "2": 1,
        "3": 10,
        "4": 82,
        "5": 660,
        "6": 5208
    },
    "16810": {
        "0": 1,
        "1": 9,
        "2": 74,
        "3": 608,
        "4": 5039,
        "5": 11658,
        "6": 21198
    },
    "16811": {
        "0": 1,
        "1": 1,
        "2": 9,
        "3": 74,
        "4": 615,
        "5": 5067,
        "6": 11384
    },
    "16812": {
        "0": 1,
        "1": 10,
        "2": 59,
        "3": 348,
        "4": 2088,
        "5": 7570,
        "6": 20823
    },
    "16813": {
        "0": 1,
        "1": 1,
        "2": 1,
        "3": 1,
        "4": 11,
        "5": 97,
        "6": 817
    },
    "16814": {
        "0": 1,
        "1": 1,
        "2": 11,
        "3": 93,
        "4": 775,
        "5": 6417,
        "6": 22832
    },
    "16815": {
        "0": 1,
        "1": 8,
        "2": 54,
        "3": 367,
        "4": 2501,
        "5": 6979,
        "6": 14477
    },
    "16816": {
        "0": 1,
        "1": 10,
        "2": 81,
        "3": 681,
        "4": 5721,
        "5": 15471,
        "6": 25106
    },
    "16817": {
        "0": 1,
        "1": 1,
        "2": 1,
        "3": 1,
        "4": 8,
        "5": 71,
        "6": 611
    },
    "16818": {
        "0": 1,
        "1": 11,
        "2": 90,
        "3": 749,
        "4": 6202,
        "5": 20936,
        "6": 40314
    },
    "16819": {
        "0": 1,
        "1": 10,
        "2": 78,
        "3": 630,
        "4": 4985,
        "5": 21731,
        "6": 61676
    },
    "16820": {
        "0": 1,
        "1": 1,
        "2": 1,
        "3": 1,
        "4": 9,
        "5": 80,
        "6": 710
    },
    "16821": {
        "0": 1,
        "1": 1,
        "2": 10,
        "3": 85,
        "4": 724,
        "5": 6053,
        "6": 19906
    },
    "16822": {
        "0": 1,
        "1": 10,
        "2": 77,
        "3": 587,
        "4": 4456,
        "5": 14468,
        "6": 35462
    },
    "16823": {
        "0": 1,
        "1": 1,
        "2": 1,
        "3": 11,
        "4": 95,
        "5": 827,
        "6": 7145
    },
    "16824": {
        "0": 1,
        "1": 1,
        "2": 11,
        "3": 94,
        "4": 773,
        "5": 6205,
        "6": 21387
    },
    "16825": {
        "0": 1,
        "1": 1,
        "2": 1,
        "3": 1,
        "4": 11,
        "5": 85,
        "6": 627
    },
    "16826": {
        "0": 1,
        "1": 1,
        "2": 10,
        "3": 84,
        "4": 698,
        "5": 5843,
        "6": 16449
    },
    "16827": {
        "0": 1,
        "1": 1,
        "2": 11,
        "3": 89,
        "4": 735,
        "5": 6152,
        "6": 19212
    },
    "16828": {
        "0": 1,
        "1": 1,
        "2": 1,
        "3": 1,
        "4": 10,
        "5": 69,
        "6": 465
    },
    "16829": {
        "0": 1,
        "1": 9,
        "2": 77,
        "3": 669,
        "4": 5792,
        "5": 17523,
        "6": 38631
    },
    "16830": {
        "0": 1,
        "1": 9,
        "2": 78,
        "3": 684,
        "4": 5904,
        "5": 18200,
        "6": 37999
    },
    "16831": {
        "0": 1,
        "1": 1,
        "2": 10,
        "3": 84,
        "4": 692,
        "5": 5665,
        "6": 15940
    },
    "16832": {
        "0": 1,
        "1": 10,
        "2": 86,
        "3": 723,
        "4": 6019,
        "5": 19580,
        "6": 38328
    },
    "16833": {
        "0": 1,
        "1": 1,
        "2": 1,
        "3": 10,
        "4": 84,
        "5": 706,
        "6": 5915
    },
    "16834": {
        "0": 1,
        "1": 1,
        "2": 10,
        "3": 87,
        "4": 733,
        "5": 6058,
        "6": 21464
    },
    "16835": {
        "0": 1,
        "1": 1,
        "2": 9,
        "3": 70,
        "4": 527,
        "5": 3984,
        "6": 12818
    },
    "16836": {
        "0": 1,
        "1": 1,
        "2": 10,
        "3": 86,
        "4": 739,
        "5": 6205,
        "6": 23229
    },
    "16837": {
        "0": 1,
        "1": 1,
        "2": 11,
        "3": 85,
        "4": 623,
        "5": 4529,
        "6": 15318
    },
    "16838": {
        "0": 1,
        "1": 1,
        "2": 10,
        "3": 86,
        "4": 750,
        "5": 6507,
        "6": 23258
    },
    "16839": {
        "0": 1,
        "1": 13,
        "2": 101,
        "3": 740,
        "4": 5481,
        "5": 21835,
        "6": 59064
    },
    "16840": {
        "0": 1,
        "1": 1,
        "2": 10,
        "3": 85,
        "4": 728,
        "5": 6184,
        "6": 21968
    },
    "16841": {
        "0": 1,
        "1": 9,
        "2": 66,
        "3": 502,
        "4": 3832,
        "5": 10236,
        "6": 22695
    },
    "16842": {
        "0": 1,
        "1": 1,
        "2": 9,
        "3": 75,
        "4": 630,
        "5": 5196,
        "6": 14617
    },
    "16843": {
        "0": 1,
        "1": 8,
        "2": 68,
        "3": 571,
        "4": 4795,
        "5": 9783,
        "6": 15505
    },
    "16844": {
        "0": 1,
        "1": 11,
        "2": 82,
        "3": 557,
        "4": 3661,
        "5": 13875,
        "6": 40385
    },
    "16845": {
        "0": 1,
        "1": 9,
        "2": 75,
        "3": 630,
        "4": 5222,
        "5": 12838,
        "6": 24342
    },
    "16846": {
        "0": 1,
        "1": 1,
        "2": 1,
        "3": 1,
        "4": 11,
        "5": 95,
        "6": 792
    },
    "16847": {
        "0": 1,
        "1": 1,
        "2": 1,
        "3": 11,
        "4": 86,
        "5": 651,
        "6": 4881
    },
    "16848": {
        "0": 1,
        "1": 9,
        "2": 75,
        "3": 617,
        "4": 5002,
        "5": 12393,
        "6": 25725
    },
    "16849": {
        "0": 1,
        "1": 10,
        "2": 68,
        "3": 456,
        "4": 3090,
        "5": 10673,
        "6": 26077
    },
    "16850": {
        "0": 1,
        "1": 10,
        "2": 69,
        "3": 459,
        "4": 3074,
        "5": 11521,
        "6": 29985
    },
    "16851": {
        "0": 1,
        "1": 12,
        "2": 107,
        "3": 912,
        "4": 7585,
        "5": 32075,
        "6": 84922
    },
    "16852": {
        "0": 1,
        "1": 1,
        "2": 1,
        "3": 9,
        "4": 81,
        "5": 707,
        "6": 6078
    },
    "16853": {
        "0": 1,
        "1": 10,
        "2": 84,
        "3": 707,
        "4": 5895,
        "5": 16408,
        "6": 31481
    },
    "16854": {
        "0": 1,
        "1": 1,
        "2": 1,
        "3": 1,
        "4": 1,
        "5": 8,
        "6": 62
    },
    "16855": {
        "0": 1,
        "1": 11,
        "2": 86,
        "3": 667,
        "4": 5207,
        "5": 21311,
        "6": 56733
    },
    "16856": {
        "0": 1,
        "1": 1,
        "2": 1,
        "3": 1,
        "4": 1,
        "5": 1,
        "6": 1
    },
    "16857": {
        "0": 1,
        "1": 11,
        "2": 79,
        "3": 533,
        "4": 3504,
        "5": 13838,
        "6": 39225
    },
    "16858": {
        "0": 1,
        "1": 11,
        "2": 97,
        "3": 832,
        "4": 7119,
        "5": 28196,
        "6": 74417
    },
    "16859": {
        "0": 1,
        "1": 1,
        "2": 1,
        "3": 12,
        "4": 99,
        "5": 762,
        "6": 5807
    },
    "16860": {
        "0": 1,
        "1": 13,
        "2": 115,
        "3": 958,
        "4": 7846,
        "5": 34141,
        "6": 89442
    },
    "16861": {
        "0": 1,
        "1": 10,
        "2": 85,
        "3": 719,
        "4": 6015,
        "5": 19686,
        "6": 44903
    },
    "16862": {
        "0": 1,
        "1": 1,
        "2": 12,
        "3": 105,
        "4": 890,
        "5": 7496,
        "6": 30544
    },
    "16863": {
        "0": 1,
        "1": 1,
        "2": 12,
        "3": 94,
        "4": 710,
        "5": 5353,
        "6": 22907
    },
    "16864": {
        "0": 1,
        "1": 1,
        "2": 10,
        "3": 88,
        "4": 736,
        "5": 6008,
        "6": 20421
    },
    "16865": {
        "0": 1,
        "1": 1,
        "2": 1,
        "3": 10,
        "4": 78,
        "5": 604,
        "6": 4606
    },
    "16866": {
        "0": 1,
        "1": 1,
        "2": 1,
        "3": 1,
        "4": 9,
        "5": 67,
        "6": 493
    },
    "16867": {
        "0": 1,
        "1": 9,
        "2": 69,
        "3": 518,
        "4": 3928,
        "5": 10929,
        "6": 23222
    },
    "16868": {
        "0": 1,
        "1": 10,
        "2": 85,
        "3": 723,
        "4": 6026,
        "5": 19511,
        "6": 44154
    },
    "16869": {
        "0": 1,
        "1": 9,
        "2": 77,
        "3": 668,
        "4": 5779,
        "5": 17430,
        "6": 33951
    },
    "16870": {
        "0": 1,
        "1": 12,
        "2": 101,
        "3": 827,
        "4": 6691,
        "5": 23860,
        "6": 54239
    },
    "16871": {
        "0": 1,
        "1": 1,
        "2": 12,
        "3": 86,
        "4": 584,
        "5": 4031,
        "6": 17988
    },
    "16872": {
        "0": 1,
        "1": 12,
        "2": 96,
        "3": 735,
        "4": 5545,
        "5": 24141,
        "6": 69078
    },
    "16873": {
        "0": 1,
        "1": 11,
        "2": 91,
        "3": 744,
        "4": 5997,
        "5": 19872,
        "6": 47596
    },
    "16874": {
        "0": 1,
        "1": 1,
        "2": 1,
        "3": 10,
        "4": 87,
        "5": 740,
        "6": 6290
    },
    "16875": {
        "0": 1,
        "1": 1,
        "2": 11,
        "3": 84,
        "4": 633,
        "5": 4808,
        "6": 17378
    },
    "16876": {
        "0": 1,
        "1": 11,
        "2": 81,
        "3": 548,
        "4": 3669,
        "5": 14129,
        "6": 35990
    },
    "16877": {
        "0": 1,
        "1": 1,
        "2": 12,
        "3": 97,
        "4": 738,
        "5": 5565,
        "6": 22911
    },
    "16878": {
        "0": 1,
        "1": 10,
        "2": 87,
        "3": 744,
        "4": 6242,
        "5": 21739,
        "6": 52103
    },
    "16879": {
        "0": 1,
        "1": 10,
        "2": 88,
        "3": 765,
        "4": 6625,
        "5": 24614,
        "6": 58303
    },
    "16880": {
        "0": 1,
        "1": 11,
        "2": 83,
        "3": 592,
        "4": 4189,
        "5": 12470,
        "6": 30566
    },
    "16881": {
        "0": 1,
        "1": 1,
        "2": 8,
        "3": 69,
        "4": 589,
        "5": 4999,
        "6": 11892
    },
    "16882": {
        "0": 1,
        "1": 10,
        "2": 87,
        "3": 765,
        "4": 6681,
        "5": 25543,
        "6": 66111
    },
    "16883": {
        "0": 1,
        "1": 9,
        "2": 71,
        "3": 543,
        "4": 4098,
        "5": 13209,
        "6": 33795
    },
    "16884": {
        "0": 1,
        "1": 10,
        "2": 66,
        "3": 437,
        "4": 2924,
        "5": 9234,
        "6": 23811
    },
    "16885": {
        "0": 1,
        "1": 9,
        "2": 70,
        "3": 541,
        "4": 4177,
        "5": 12865,
        "6": 29759
    },
    "16886": {
        "0": 1,
        "1": 1,
        "2": 10,
        "3": 87,
        "4": 745,
        "5": 6330,
        "6": 23234
    },
    "16887": {
        "0": 1,
        "1": 1,
        "2": 1,
        "3": 1,
        "4": 11,
        "5": 93,
        "6": 777
    },
    "16888": {
        "0": 1,
        "1": 13,
        "2": 105,
        "3": 789,
        "4": 5907,
        "5": 25099,
        "6": 73686
    },
    "16889": {
        "0": 1,
        "1": 10,
        "2": 74,
        "3": 543,
        "4": 3974,
        "5": 11910,
        "6": 27770
    },
    "16890": {
        "0": 1,
        "1": 1,
        "2": 1,
        "3": 9,
        "4": 75,
        "5": 633,
        "6": 5400
    },
    "16891": {
        "0": 1,
        "1": 10,
        "2": 86,
        "3": 721,
        "4": 5999,
        "5": 19550,
        "6": 44629
    },
    "16892": {
        "0": 1,
        "1": 1,
        "2": 12,
        "3": 94,
        "4": 697,
        "5": 5128,
        "6": 20116
    },
    "16893": {
        "0": 1,
        "1": 1,
        "2": 1,
        "3": 9,
        "4": 70,
        "5": 533,
        "6": 4024
    },
    "16894": {
        "0": 1,
        "1": 1,
        "2": 1,
        "3": 8,
        "4": 62,
        "5": 483,
        "6": 3794
    },
    "16895": {
        "0": 1,
        "1": 1,
        "2": 12,
        "3": 96,
        "4": 700,
        "5": 5042,
        "6": 19007
    },
    "16896": {
        "0": 1,
        "1": 11,
        "2": 80,
        "3": 537,
        "4": 3574,
        "5": 14736,
        "6": 41789
    },
    "16897": {
        "0": 1,
        "1": 1,
        "2": 11,
        "3": 94,
        "4": 781,
        "5": 6409,
        "6": 22274
    },
    "16898": {
        "0": 1,
        "1": 1,
        "2": 12,
        "3": 97,
        "4": 737,
        "5": 5537,
        "6": 22367
    },
    "16899": {
        "0": 1,
        "1": 11,
        "2": 86,
        "3": 653,
        "4": 4904,
        "5": 19275,
        "6": 51221
    }
}