{
    "17800": {
        "0": 1,
        "1": 11,
        "2": 88,
        "3": 690,
        "4": 5395,
        "5": 23088,
        "6": 61775
    },
    "17801": {
        "0": 1,
        "1": 1,
        "2": 1,
        "3": 1,
        "4": 1,
        "5": 1,
        "6": 13
    },
    "17802": {
        "0": 1,
        "1": 1,
        "2": 1,
        "3": 1,
        "4": 1,
        "5": 1,
        "6": 11
    },
    "17803": {
        "0": 1,
        "1": 9,
        "2": 75,
        "3": 630,
        "4": 5252,
        "5": 13329,
        "6": 22538
    },
    "17804": {
        "0": 1,
        "1": 13,
        "2": 98,
        "3": 657,
        "4": 4420,
        "5": 19801,
        "6": 63081
    },
    "17805": {
        "0": 1,
        "1": 1,
        "2": 11,
        "3": 94,
        "4": 804,
        "5": 6845,
        "6": 25647
    },
    "17806": {
        "0": 1,
        "1": 10,
        "2": 72,
        "3": 501,
        "4": 3491,
        "5": 14012,
        "6": 38295
    },
    "17807": {
        "0": 1,
        "1": 9,
        "2": 76,
        "3": 636,
        "4": 5112,
        "5": 14764,
        "6": 28888
    },
    "17808": {
        "0": 1,
        "1": 8,
        "2": 65,
        "3": 508,
        "4": 3858,
        "5": 3569,
        "6": 3937
    },
    "17809": {
        "0": 1,
        "1": 1,
        "2": 9,
        "3": 78,
        "4": 684,
        "5": 6021,
        "6": 20243
    },
    "17810": {
        "0": 1,
        "1": 9,
        "2": 68,
        "3": 515,
        "4": 3878,
        "5": 11814,
        "6": 30252
    },
    "17811": {
        "0": 1,
        "1": 1,
        "2": 1,
        "3": 12,
        "4": 96,
        "5": 736,
        "6": 5650
    },
    "17812": {
        "0": 1,
        "1": 1,
        "2": 1,
        "3": 10,
        "4": 86,
        "5": 748,
        "6": 6449
    },
    "17813": {
        "0": 1,
        "1": 1,
        "2": 10,
        "3": 86,
        "4": 725,
        "5": 6092,
        "6": 21012
    },
    "17814": {
        "0": 1,
        "1": 1,
        "2": 1,
        "3": 1,
        "4": 11,
        "5": 83,
        "6": 601
    },
    "17815": {
        "0": 1,
        "1": 1,
        "2": 1,
        "3": 9,
        "4": 78,
        "5": 683,
        "6": 5858
    },
    "17816": {
        "0": 1,
        "1": 10,
        "2": 78,
        "3": 598,
        "4": 4603,
        "5": 16320,
        "6": 42924
    },
    "17817": {
        "0": 1,
        "1": 8,
        "2": 55,
        "3": 386,
        "4": 2705,
        "5": 8547,
        "6": 18393
    },
    "17818": {
        "0": 1,
        "1": 1,
        "2": 10,
        "3": 68,
        "4": 454,
        "5": 3039,
        "6": 11460
    },
    "17819": {
        "0": 1,
        "1": 12,
        "2": 103,
        "3": 851,
        "4": 6894,
        "5": 27403,
        "6": 72455
    },
    "17820": {
        "0": 1,
        "1": 1,
        "2": 12,
        "3": 90,
        "4": 644,
        "5": 4623,
        "6": 16128
    },
    "17821": {
        "0": 1,
        "1": 1,
        "2": 12,
        "3": 89,
        "4": 593,
        "5": 3889,
        "6": 15417
    },
    "17822": {
        "0": 1,
        "1": 10,
        "2": 78,
        "3": 611,
        "4": 4795,
        "5": 18425,
        "6": 48678
    },
    "17823": {
        "0": 1,
        "1": 1,
        "2": 10,
        "3": 85,
        "4": 731,
        "5": 6195,
        "6": 21757
    },
    "17824": {
        "0": 1,
        "1": 1,
        "2": 1,
        "3": 9,
        "4": 68,
        "5": 517,
        "6": 3899
    },
    "17825": {
        "0": 1,
        "1": 1,
        "2": 1,
        "3": 9,
        "4": 67,
        "5": 511,
        "6": 3983
    },
    "17826": {
        "0": 1,
        "1": 10,
        "2": 75,
        "3": 550,
        "4": 4061,
        "5": 12797,
        "6": 28414
    },
    "17827": {
        "0": 1,
        "1": 10,
        "2": 73,
        "3": 533,
        "4": 3943,
        "5": 10586,
        "6": 21825
    },
    "17828": {
        "0": 1,
        "1": 1,
        "2": 9,
        "3": 62,
        "4": 424,
        "5": 2865,
        "6": 8901
    },
    "17829": {
        "0": 1,
        "1": 10,
        "2": 77,
        "3": 576,
        "4": 4213,
        "5": 15028,
        "6": 36631
    },
    "17830": {
        "0": 1,
        "1": 9,
        "2": 71,
        "3": 560,
        "4": 4418,
        "5": 15665,
        "6": 41233
    },
    "17831": {
        "0": 1,
        "1": 10,
        "2": 78,
        "3": 610,
        "4": 4729,
        "5": 18822,
        "6": 56202
    },
    "17832": {
        "0": 1,
        "1": 11,
        "2": 84,
        "3": 645,
        "4": 5034,
        "5": 20154,
        "6": 55575
    },
    "17833": {
        "0": 1,
        "1": 1,
        "2": 10,
        "3": 66,
        "4": 448,
        "5": 3108,
        "6": 11307
    },
    "17834": {
        "0": 1,
        "1": 1,
        "2": 1,
        "3": 11,
        "4": 93,
        "5": 791,
        "6": 6753
    },
    "17835": {
        "0": 1,
        "1": 1,
        "2": 9,
        "3": 66,
        "4": 487,
        "5": 3584,
        "6": 8839
    },
    "17836": {
        "0": 1,
        "1": 1,
        "2": 10,
        "3": 74,
        "4": 539,
        "5": 3949,
        "6": 11718
    },
    "17837": {
        "0": 1,
        "1": 12,
        "2": 94,
        "3": 687,
        "4": 5013,
        "5": 19386,
        "6": 56561
    },
    "17838": {
        "0": 1,
        "1": 1,
        "2": 11,
        "3": 75,
        "4": 497,
        "5": 3370,
        "6": 12622
    },
    "17839": {
        "0": 1,
        "1": 1,
        "2": 9,
        "3": 60,
        "4": 385,
        "5": 2467,
        "6": 6874
    },
    "17840": {
        "0": 1,
        "1": 1,
        "2": 12,
        "3": 97,
        "4": 727,
        "5": 5381,
        "6": 22434
    },
    "17841": {
        "0": 1,
        "1": 1,
        "2": 10,
        "3": 74,
        "4": 566,
        "5": 4414,
        "6": 15262
    },
    "17842": {
        "0": 1,
        "1": 1,
        "2": 10,
        "3": 83,
        "4": 703,
        "5": 5961,
        "6": 18142
    },
    "17843": {
        "0": 1,
        "1": 1,
        "2": 1,
        "3": 9,
        "4": 73,
        "5": 608,
        "6": 5076
    },
    "17844": {
        "0": 1,
        "1": 9,
        "2": 74,
        "3": 609,
        "4": 4985,
        "5": 10330,
        "6": 12570
    },
    "17845": {
        "0": 1,
        "1": 1,
        "2": 1,
        "3": 1,
        "4": 9,
        "5": 76,
        "6": 638
    },
    "17846": {
        "0": 1,
        "1": 9,
        "2": 68,
        "3": 509,
        "4": 3804,
        "5": 9520,
        "6": 17752
    },
    "17847": {
        "0": 1,
        "1": 1,
        "2": 9,
        "3": 68,
        "4": 517,
        "5": 3990,
        "6": 11990
    },
    "17848": {
        "0": 1,
        "1": 9,
        "2": 81,
        "3": 702,
        "4": 5865,
        "5": 20067,
        "6": 47464
    },
    "17849": {
        "0": 1,
        "1": 1,
        "2": 1,
        "3": 10,
        "4": 69,
        "5": 473,
        "6": 3223
    },
    "17850": {
        "0": 1,
        "1": 1,
        "2": 10,
        "3": 71,
        "4": 498,
        "5": 3508,
        "6": 14232
    },
    "17851": {
        "0": 1,
        "1": 12,
        "2": 93,
        "3": 676,
        "4": 4926,
        "5": 18841,
        "6": 51932
    },
    "17852": {
        "0": 1,
        "1": 1,
        "2": 14,
        "3": 120,
        "4": 917,
        "5": 6683,
        "6": 30574
    },
    "17853": {
        "0": 1,
        "1": 1,
        "2": 9,
        "3": 61,
        "4": 394,
        "5": 2567,
        "6": 7806
    },
    "17854": {
        "0": 1,
        "1": 1,
        "2": 1,
        "3": 11,
        "4": 91,
        "5": 735,
        "6": 5848
    },
    "17855": {
        "0": 1,
        "1": 1,
        "2": 8,
        "3": 70,
        "4": 604,
        "5": 5172,
        "6": 13800
    },
    "17856": {
        "0": 1,
        "1": 11,
        "2": 89,
        "3": 701,
        "4": 5473,
        "5": 24997,
        "6": 68839
    },
    "17857": {
        "0": 1,
        "1": 9,
        "2": 81,
        "3": 728,
        "4": 6435,
        "5": 23428,
        "6": 53443
    },
    "17858": {
        "0": 1,
        "1": 1,
        "2": 10,
        "3": 69,
        "4": 470,
        "5": 3218,
        "6": 11749
    },
    "17859": {
        "0": 1,
        "1": 12,
        "2": 96,
        "3": 729,
        "4": 5489,
        "5": 23705,
        "6": 67866
    },
    "17860": {
        "0": 1,
        "1": 1,
        "2": 10,
        "3": 82,
        "4": 691,
        "5": 5765,
        "6": 17453
    },
    "17861": {
        "0": 1,
        "1": 10,
        "2": 74,
        "3": 537,
        "4": 3926,
        "5": 11568,
        "6": 24734
    },
    "17862": {
        "0": 1,
        "1": 10,
        "2": 74,
        "3": 556,
        "4": 4171,
        "5": 13984,
        "6": 28554
    },
    "17863": {
        "0": 1,
        "1": 8,
        "2": 68,
        "3": 586,
        "4": 5062,
        "5": 11377,
        "6": 20804
    },
    "17864": {
        "0": 1,
        "1": 9,
        "2": 68,
        "3": 509,
        "4": 3776,
        "5": 10547,
        "6": 22183
    },
    "17865": {
        "0": 1,
        "1": 1,
        "2": 9,
        "3": 77,
        "4": 659,
        "5": 5640,
        "6": 17981
    },
    "17866": {
        "0": 1,
        "1": 11,
        "2": 79,
        "3": 532,
        "4": 3564,
        "5": 14872,
        "6": 44247
    },
    "17867": {
        "0": 1,
        "1": 1,
        "2": 10,
        "3": 83,
        "4": 684,
        "5": 5620,
        "6": 15982
    },
    "17868": {
        "0": 1,
        "1": 1,
        "2": 1,
        "3": 1,
        "4": 1,
        "5": 1,
        "6": 11
    },
    "17869": {
        "0": 1,
        "1": 9,
        "2": 60,
        "3": 399,
        "4": 2650,
        "5": 8506,
        "6": 19934
    },
    "17870": {
        "0": 1,
        "1": 1,
        "2": 8,
        "3": 64,
        "4": 494,
        "5": 3715,
        "6": 11970
    },
    "17871": {
        "0": 1,
        "1": 11,
        "2": 89,
        "3": 680,
        "4": 5110,
        "5": 20403,
        "6": 54904
    },
    "17872": {
        "0": 1,
        "1": 9,
        "2": 65,
        "3": 460,
        "4": 3248,
        "5": 12712,
        "6": 33399
    },
    "17873": {
        "0": 1,
        "1": 9,
        "2": 79,
        "3": 686,
        "4": 5887,
        "5": 20013,
        "6": 48303
    },
    "17874": {
        "0": 1,
        "1": 10,
        "2": 77,
        "3": 606,
        "4": 4767,
        "5": 18410,
        "6": 45717
    },
    "17875": {
        "0": 1,
        "1": 1,
        "2": 9,
        "3": 67,
        "4": 494,
        "5": 3652,
        "6": 9752
    },
    "17876": {
        "0": 1,
        "1": 1,
        "2": 1,
        "3": 11,
        "4": 86,
        "5": 655,
        "6": 5003
    },
    "17877": {
        "0": 1,
        "1": 1,
        "2": 1,
        "3": 1,
        "4": 12,
        "5": 103,
        "6": 859
    },
    "17878": {
        "0": 1,
        "1": 10,
        "2": 64,
        "3": 417,
        "4": 2862,
        "5": 9581,
        "6": 24814
    },
    "17879": {
        "0": 1,
        "1": 1,
        "2": 1,
        "3": 11,
        "4": 75,
        "5": 483,
        "6": 3143
    },
    "17880": {
        "0": 1,
        "1": 8,
        "2": 53,
        "3": 371,
        "4": 2618,
        "5": 8169,
        "6": 17034
    },
    "17881": {
        "0": 1,
        "1": 9,
        "2": 75,
        "3": 642,
        "4": 5530,
        "5": 15077,
        "6": 28501
    },
    "17882": {
        "0": 1,
        "1": 1,
        "2": 1,
        "3": 1,
        "4": 12,
        "5": 102,
        "6": 837
    },
    "17883": {
        "0": 1,
        "1": 1,
        "2": 1,
        "3": 11,
        "4": 73,
        "5": 476,
        "6": 3161
    },
    "17884": {
        "0": 1,
        "1": 1,
        "2": 1,
        "3": 1,
        "4": 1,
        "5": 10,
        "6": 87
    },
    "17885": {
        "0": 1,
        "1": 1,
        "2": 1,
        "3": 1,
        "4": 1,
        "5": 8,
        "6": 64
    },
    "17886": {
        "0": 1,
        "1": 11,
        "2": 93,
        "3": 791,
        "4": 6735,
        "5": 24770,
        "6": 56503
    },
    "17887": {
        "0": 1,
        "1": 11,
        "2": 91,
        "3": 738,
        "4": 5907,
        "5": 19231,
        "6": 45802
    },
    "17888": {
        "0": 1,
        "1": 10,
        "2": 80,
        "3": 656,
        "4": 5308,
        "5": 14656,
        "6": 28736
    },
    "17889": {
        "0": 1,
        "1": 8,
        "2": 60,
        "3": 436,
        "4": 3099,
        "5": 4421,
        "6": 6775
    },
    "17890": {
        "0": 1,
        "1": 10,
        "2": 78,
        "3": 612,
        "4": 4824,
        "5": 19134,
        "6": 49929
    },
    "17891": {
        "0": 1,
        "1": 1,
        "2": 1,
        "3": 12,
        "4": 102,
        "5": 843,
        "6": 6845
    },
    "17892": {
        "0": 1,
        "1": 10,
        "2": 77,
        "3": 593,
        "4": 4588,
        "5": 16469,
        "6": 35678
    },
    "17893": {
        "0": 1,
        "1": 1,
        "2": 1,
        "3": 9,
        "4": 77,
        "5": 658,
        "6": 5566
    },
    "17894": {
        "0": 1,
        "1": 12,
        "2": 72,
        "3": 414,
        "4": 2500,
        "5": 10440,
        "6": 29099
    },
    "17895": {
        "0": 1,
        "1": 10,
        "2": 77,
        "3": 597,
        "4": 4701,
        "5": 18033,
        "6": 50127
    },
    "17896": {
        "0": 1,
        "1": 10,
        "2": 74,
        "3": 552,
        "4": 4191,
        "5": 12990,
        "6": 27254
    },
    "17897": {
        "0": 1,
        "1": 9,
        "2": 66,
        "3": 490,
        "4": 3655,
        "5": 8181,
        "6": 16179
    },
    "17898": {
        "0": 1,
        "1": 11,
        "2": 89,
        "3": 676,
        "4": 5034,
        "5": 19792,
        "6": 56866
    },
    "17899": {
        "0": 1,
        "1": 1,
        "2": 1,
        "3": 12,
        "4": 75,
        "5": 443,
        "6": 2672
    }
}