{
    "8000": {
        "0": 1,
        "1": 1,
        "2": 10,
        "3": 77,
        "4": 587,
        "5": 4431,
        "6": 14219
    },
    "8001": {
        "0": 1,
        "1": 1,
        "2": 11,
        "3": 88,
        "4": 662,
        "5": 4874,
        "6": 18459
    },
    "8002": {
        "0": 1,
        "1": 1,
        "2": 10,
        "3": 86,
        "4": 741,
        "5": 6389,
        "6": 22382
    },
    "8003": {
        "0": 1,
        "1": 1,
        "2": 10,
        "3": 76,
        "4": 559,
        "5": 4090,
        "6": 12611
    },
    "8004": {
        "0": 1,
        "1": 1,
        "2": 1,
        "3": 1,
        "4": 1,
        "5": 1,
        "6": 11
    },
    "8005": {
        "0": 1,
        "1": 9,
        "2": 73,
        "3": 600,
        "4": 4974,
        "5": 8847,
        "6": 11951
    },
    "8006": {
        "0": 1,
        "1": 1,
        "2": 10,
        "3": 72,
        "4": 514,
        "5": 3681,
        "6": 7575
    },
    "8007": {
        "0": 1,
        "1": 1,
        "2": 13,
        "3": 106,
        "4": 778,
        "5": 5590,
        "6": 22698
    },
    "8008": {
        "0": 1,
        "1": 9,
        "2": 77,
        "3": 677,
        "4": 5897,
        "5": 18739,
        "6": 36844
    },
    "8009": {
        "0": 1,
        "1": 1,
        "2": 1,
        "3": 1,
        "4": 11,
        "5": 95,
        "6": 811
    },
    "8010": {
        "0": 1,
        "1": 8,
        "2": 43,
        "3": 224,
        "4": 1175,
        "5": 2138,
        "6": 3170
    },
    "8011": {
        "0": 1,
        "1": 1,
        "2": 9,
        "3": 66,
        "4": 489,
        "5": 3647,
        "6": 8311
    },
    "8012": {
        "0": 1,
        "1": 1,
        "2": 8,
        "3": 61,
        "4": 445,
        "5": 3167,
        "6": 6736
    },
    "8013": {
        "0": 1,
        "1": 1,
        "2": 10,
        "3": 76,
        "4": 544,
        "5": 3889,
        "6": 12196
    },
    "8014": {
        "0": 1,
        "1": 1,
        "2": 10,
        "3": 84,
        "4": 709,
        "5": 6033,
        "6": 19143
    },
    "8015": {
        "0": 1,
        "1": 1,
        "2": 1,
        "3": 1,
        "4": 1,
        "5": 10,
        "6": 85
    },
    "8016": {
        "0": 1,
        "1": 1,
        "2": 9,
        "3": 76,
        "4": 631,
        "5": 5122,
        "6": 13374
    },
    "8017": {
        "0": 1,
        "1": 10,
        "2": 76,
        "3": 551,
        "4": 3825,
        "5": 12003,
        "6": 27245
    },
    "8018": {
        "0": 1,
        "1": 1,
        "2": 9,
        "3": 60,
        "4": 405,
        "5": 2703,
        "6": 7933
    },
    "8019": {
        "0": 1,
        "1": 10,
        "2": 70,
        "3": 469,
        "4": 3179,
        "5": 11376,
        "6": 29357
    },
    "8020": {
        "0": 1,
        "1": 1,
        "2": 1,
        "3": 10,
        "4": 75,
        "5": 554,
        "6": 4117
    },
    "8021": {
        "0": 1,
        "1": 10,
        "2": 84,
        "3": 699,
        "4": 5752,
        "5": 16790,
        "6": 31558
    },
    "8022": {
        "0": 1,
        "1": 10,
        "2": 76,
        "3": 578,
        "4": 4462,
        "5": 15578,
        "6": 39505
    },
    "8023": {
        "0": 1,
        "1": 12,
        "2": 101,
        "3": 781,
        "4": 5829,
        "5": 25635,
        "6": 78235
    },
    "8024": {
        "0": 1,
        "1": 11,
        "2": 91,
        "3": 740,
        "4": 5917,
        "5": 19131,
        "6": 44063
    },
    "8025": {
        "0": 1,
        "1": 10,
        "2": 85,
        "3": 697,
        "4": 5616,
        "5": 17233,
        "6": 33752
    },
    "8026": {
        "0": 1,
        "1": 10,
        "2": 74,
        "3": 560,
        "4": 4292,
        "5": 13857,
        "6": 36930
    },
    "8027": {
        "0": 1,
        "1": 1,
        "2": 10,
        "3": 83,
        "4": 707,
        "5": 5926,
        "6": 18664
    },
    "8028": {
        "0": 1,
        "1": 1,
        "2": 10,
        "3": 83,
        "4": 704,
        "5": 5900,
        "6": 18864
    },
    "8029": {
        "0": 1,
        "1": 8,
        "2": 67,
        "3": 557,
        "4": 4593,
        "5": 7625,
        "6": 10545
    },
    "8030": {
        "0": 1,
        "1": 11,
        "2": 85,
        "3": 632,
        "4": 4695,
        "5": 15986,
        "6": 39980
    },
    "8031": {
        "0": 1,
        "1": 9,
        "2": 67,
        "3": 493,
        "4": 3634,
        "5": 7815,
        "6": 14935
    },
    "8032": {
        "0": 1,
        "1": 1,
        "2": 9,
        "3": 72,
        "4": 555,
        "5": 4292,
        "6": 14282
    },
    "8033": {
        "0": 1,
        "1": 1,
        "2": 10,
        "3": 79,
        "4": 605,
        "5": 4593,
        "6": 17462
    },
    "8034": {
        "0": 1,
        "1": 1,
        "2": 11,
        "3": 94,
        "4": 802,
        "5": 6852,
        "6": 25757
    },
    "8035": {
        "0": 1,
        "1": 9,
        "2": 77,
        "3": 672,
        "4": 5909,
        "5": 19368,
        "6": 42345
    },
    "8036": {
        "0": 1,
        "1": 10,
        "2": 68,
        "3": 461,
        "4": 3171,
        "5": 11782,
        "6": 31458
    },
    "8037": {
        "0": 1,
        "1": 1,
        "2": 9,
        "3": 66,
        "4": 486,
        "5": 3571,
        "6": 9074
    },
    "8038": {
        "0": 1,
        "1": 9,
        "2": 67,
        "3": 510,
        "4": 3886,
        "5": 12303,
        "6": 27493
    },
    "8039": {
        "0": 1,
        "1": 8,
        "2": 59,
        "3": 434,
        "4": 3222,
        "5": 4894,
        "6": 7515
    },
    "8040": {
        "0": 1,
        "1": 11,
        "2": 95,
        "3": 814,
        "4": 6904,
        "5": 27928,
        "6": 70235
    },
    "8041": {
        "0": 1,
        "1": 1,
        "2": 9,
        "3": 70,
        "4": 555,
        "5": 4374,
        "6": 15248
    },
    "8042": {
        "0": 1,
        "1": 12,
        "2": 96,
        "3": 698,
        "4": 4969,
        "5": 19432,
        "6": 55299
    },
    "8043": {
        "0": 1,
        "1": 1,
        "2": 11,
        "3": 95,
        "4": 804,
        "5": 6668,
        "6": 24682
    },
    "8044": {
        "0": 1,
        "1": 10,
        "2": 84,
        "3": 718,
        "4": 6136,
        "5": 19758,
        "6": 42383
    },
    "8045": {
        "0": 1,
        "1": 1,
        "2": 13,
        "3": 114,
        "4": 972,
        "5": 8124,
        "6": 39152
    },
    "8046": {
        "0": 1,
        "1": 1,
        "2": 11,
        "3": 76,
        "4": 510,
        "5": 3477,
        "6": 13557
    },
    "8047": {
        "0": 1,
        "1": 12,
        "2": 92,
        "3": 665,
        "4": 4769,
        "5": 17007,
        "6": 44317
    },
    "8048": {
        "0": 1,
        "1": 1,
        "2": 11,
        "3": 92,
        "4": 774,
        "5": 6531,
        "6": 22737
    },
    "8049": {
        "0": 1,
        "1": 1,
        "2": 10,
        "3": 82,
        "4": 661,
        "5": 5206,
        "6": 12621
    },
    "8050": {
        "0": 1,
        "1": 1,
        "2": 1,
        "3": 11,
        "4": 93,
        "5": 790,
        "6": 6710
    },
    "8051": {
        "0": 1,
        "1": 1,
        "2": 1,
        "3": 9,
        "4": 60,
        "5": 408,
        "6": 2809
    },
    "8052": {
        "0": 1,
        "1": 10,
        "2": 79,
        "3": 656,
        "4": 5401,
        "5": 14115,
        "6": 24033
    },
    "8053": {
        "0": 1,
        "1": 10,
        "2": 67,
        "3": 451,
        "4": 3079,
        "5": 10900,
        "6": 25523
    },
    "8054": {
        "0": 1,
        "1": 9,
        "2": 69,
        "3": 520,
        "4": 3893,
        "5": 11693,
        "6": 27198
    },
    "8055": {
        "0": 1,
        "1": 1,
        "2": 11,
        "3": 89,
        "4": 708,
        "5": 5611,
        "6": 25349
    },
    "8056": {
        "0": 1,
        "1": 10,
        "2": 80,
        "3": 616,
        "4": 4743,
        "5": 17532,
        "6": 47040
    },
    "8057": {
        "0": 1,
        "1": 11,
        "2": 96,
        "3": 799,
        "4": 6495,
        "5": 24427,
        "6": 65243
    },
    "8058": {
        "0": 1,
        "1": 1,
        "2": 11,
        "3": 92,
        "4": 741,
        "5": 5864,
        "6": 18158
    },
    "8059": {
        "0": 1,
        "1": 8,
        "2": 68,
        "3": 578,
        "4": 4855,
        "5": 10514,
        "6": 18130
    },
    "8060": {
        "0": 1,
        "1": 1,
        "2": 10,
        "3": 71,
        "4": 501,
        "5": 3565,
        "6": 15070
    },
    "8061": {
        "0": 1,
        "1": 11,
        "2": 87,
        "3": 686,
        "4": 5401,
        "5": 23294,
        "6": 63048
    },
    "8062": {
        "0": 1,
        "1": 10,
        "2": 72,
        "3": 500,
        "4": 3452,
        "5": 13593,
        "6": 32088
    },
    "8063": {
        "0": 1,
        "1": 1,
        "2": 12,
        "3": 95,
        "4": 793,
        "5": 6768,
        "6": 25356
    },
    "8064": {
        "0": 1,
        "1": 10,
        "2": 68,
        "3": 464,
        "4": 3154,
        "5": 12410,
        "6": 29844
    },
    "8065": {
        "0": 1,
        "1": 1,
        "2": 11,
        "3": 96,
        "4": 821,
        "5": 7034,
        "6": 27670
    },
    "8066": {
        "0": 1,
        "1": 8,
        "2": 69,
        "3": 577,
        "4": 4741,
        "5": 10714,
        "6": 20404
    },
    "8067": {
        "0": 1,
        "1": 10,
        "2": 87,
        "3": 736,
        "4": 6101,
        "5": 21893,
        "6": 51260
    },
    "8068": {
        "0": 1,
        "1": 1,
        "2": 1,
        "3": 1,
        "4": 10,
        "5": 85,
        "6": 689
    },
    "8069": {
        "0": 1,
        "1": 10,
        "2": 75,
        "3": 585,
        "4": 4601,
        "5": 16940,
        "6": 43867
    },
    "8070": {
        "0": 1,
        "1": 12,
        "2": 94,
        "3": 686,
        "4": 4999,
        "5": 19143,
        "6": 53064
    },
    "8071": {
        "0": 1,
        "1": 1,
        "2": 1,
        "3": 1,
        "4": 12,
        "5": 104,
        "6": 856
    },
    "8072": {
        "0": 1,
        "1": 1,
        "2": 1,
        "3": 11,
        "4": 84,
        "5": 564,
        "6": 3663
    },
    "8073": {
        "0": 1,
        "1": 1,
        "2": 1,
        "3": 1,
        "4": 10,
        "5": 76,
        "6": 573
    },
    "8074": {
        "0": 1,
        "1": 1,
        "2": 1,
        "3": 9,
        "4": 70,
        "5": 553,
        "6": 4381
    },
    "8075": {
        "0": 1,
        "1": 10,
        "2": 83,
        "3": 691,
        "4": 5728,
        "5": 17389,
        "6": 35288
    },
    "8076": {
        "0": 1,
        "1": 1,
        "2": 1,
        "3": 1,
        "4": 10,
        "5": 67,
        "6": 443
    },
    "8077": {
        "0": 1,
        "1": 1,
        "2": 11,
        "3": 100,
        "4": 873,
        "5": 7336,
        "6": 31087
    },
    "8078": {
        "0": 1,
        "1": 12,
        "2": 104,
        "3": 862,
        "4": 7076,
        "5": 27975,
        "6": 72970
    },
    "8079": {
        "0": 1,
        "1": 10,
        "2": 67,
        "3": 446,
        "4": 2965,
        "5": 10691,
        "6": 29156
    },
    "8080": {
        "0": 1,
        "1": 12,
        "2": 105,
        "3": 879,
        "4": 7310,
        "5": 30498,
        "6": 81847
    },
    "8081": {
        "0": 1,
        "1": 1,
        "2": 1,
        "3": 12,
        "4": 95,
        "5": 693,
        "6": 4987
    },
    "8082": {
        "0": 1,
        "1": 10,
        "2": 83,
        "3": 708,
        "4": 5913,
        "5": 21003,
        "6": 51093
    },
    "8083": {
        "0": 1,
        "1": 9,
        "2": 69,
        "3": 512,
        "4": 3765,
        "5": 10355,
        "6": 22595
    },
    "8084": {
        "0": 1,
        "1": 12,
        "2": 102,
        "3": 842,
        "4": 6816,
        "5": 35532,
        "6": 118522
    },
    "8085": {
        "0": 1,
        "1": 1,
        "2": 11,
        "3": 92,
        "4": 754,
        "5": 6084,
        "6": 20791
    },
    "8086": {
        "0": 1,
        "1": 9,
        "2": 70,
        "3": 535,
        "4": 4066,
        "5": 13489,
        "6": 32462
    },
    "8087": {
        "0": 1,
        "1": 11,
        "2": 81,
        "3": 548,
        "4": 3699,
        "5": 14697,
        "6": 42968
    },
    "8088": {
        "0": 1,
        "1": 1,
        "2": 11,
        "3": 95,
        "4": 800,
        "5": 6603,
        "6": 23890
    },
    "8089": {
        "0": 1,
        "1": 10,
        "2": 80,
        "3": 600,
        "4": 4516,
        "5": 16551,
        "6": 42653
    },
    "8090": {
        "0": 1,
        "1": 1,
        "2": 1,
        "3": 10,
        "4": 87,
        "5": 756,
        "6": 6564
    },
    "8091": {
        "0": 1,
        "1": 1,
        "2": 9,
        "3": 70,
        "4": 548,
        "5": 4263,
        "6": 13892
    },
    "8092": {
        "0": 1,
        "1": 1,
        "2": 1,
        "3": 11,
        "4": 78,
        "5": 517,
        "6": 3354
    },
    "8093": {
        "0": 1,
        "1": 1,
        "2": 9,
        "3": 75,
        "4": 630,
        "5": 5202,
        "6": 14700
    },
    "8094": {
        "0": 1,
        "1": 13,
        "2": 109,
        "3": 854,
        "4": 6595,
        "5": 31581,
        "6": 102230
    },
    "8095": {
        "0": 1,
        "1": 10,
        "2": 69,
        "3": 475,
        "4": 3310,
        "5": 12875,
        "6": 34438
    },
    "8096": {
        "0": 1,
        "1": 1,
        "2": 9,
        "3": 66,
        "4": 457,
        "5": 3113,
        "6": 10790
    },
    "8097": {
        "0": 1,
        "1": 1,
        "2": 1,
        "3": 8,
        "4": 69,
        "5": 594,
        "6": 5064
    },
    "8098": {
        "0": 1,
        "1": 1,
        "2": 1,
        "3": 13,
        "4": 104,
        "5": 777,
        "6": 5804
    },
    "8099": {
        "0": 1,
        "1": 9,
        "2": 69,
        "3": 522,
        "4": 4003,
        "5": 11958,
        "6": 26526
    }
}