{
    "29300": {
        "0": 1,
        "1": 1,
        "2": 12,
        "3": 89,
        "4": 600,
        "5": 3939,
        "6": 16698
    },
    "29301": {
        "0": 1,
        "1": 11,
        "2": 92,
        "3": 769,
        "4": 6357,
        "5": 22158,
        "6": 46608
    },
    "29302": {
        "0": 1,
        "1": 1,
        "2": 11,
        "3": 77,
        "4": 495,
        "5": 3169,
        "6": 11379
    },
    "29303": {
        "0": 1,
        "1": 1,
        "2": 1,
        "3": 9,
        "4": 79,
        "5": 683,
        "6": 5894
    },
    "29304": {
        "0": 1,
        "1": 11,
        "2": 86,
        "3": 661,
        "4": 5036,
        "5": 19284,
        "6": 44859
    },
    "29305": {
        "0": 1,
        "1": 10,
        "2": 82,
        "3": 690,
        "4": 5753,
        "5": 17453,
        "6": 34591
    },
    "29306": {
        "0": 1,
        "1": 10,
        "2": 69,
        "3": 468,
        "4": 3217,
        "5": 11957,
        "6": 31907
    },
    "29307": {
        "0": 1,
        "1": 1,
        "2": 8,
        "3": 62,
        "4": 486,
        "5": 3806,
        "6": 10929
    },
    "29308": {
        "0": 1,
        "1": 9,
        "2": 78,
        "3": 668,
        "4": 5686,
        "5": 17777,
        "6": 43129
    },
    "29309": {
        "0": 1,
        "1": 11,
        "2": 84,
        "3": 642,
        "4": 4933,
        "5": 18783,
        "6": 50247
    },
    "29310": {
        "0": 1,
        "1": 1,
        "2": 11,
        "3": 87,
        "4": 673,
        "5": 5229,
        "6": 21575
    },
    "29311": {
        "0": 1,
        "1": 1,
        "2": 9,
        "3": 69,
        "4": 529,
        "5": 4013,
        "6": 12942
    },
    "29312": {
        "0": 1,
        "1": 1,
        "2": 1,
        "3": 9,
        "4": 77,
        "5": 648,
        "6": 5368
    },
    "29313": {
        "0": 1,
        "1": 9,
        "2": 70,
        "3": 552,
        "4": 4321,
        "5": 16316,
        "6": 44117
    },
    "29314": {
        "0": 1,
        "1": 1,
        "2": 11,
        "3": 84,
        "4": 632,
        "5": 4833,
        "6": 18107
    },
    "29315": {
        "0": 1,
        "1": 1,
        "2": 10,
        "3": 77,
        "4": 573,
        "5": 4220,
        "6": 12124
    },
    "29316": {
        "0": 1,
        "1": 1,
        "2": 10,
        "3": 84,
        "4": 735,
        "5": 6315,
        "6": 22971
    },
    "29317": {
        "0": 1,
        "1": 1,
        "2": 1,
        "3": 10,
        "4": 57,
        "5": 342,
        "6": 2028
    },
    "29318": {
        "0": 1,
        "1": 11,
        "2": 93,
        "3": 779,
        "4": 6524,
        "5": 22247,
        "6": 51298
    },
    "29319": {
        "0": 1,
        "1": 10,
        "2": 71,
        "3": 479,
        "4": 3168,
        "5": 12811,
        "6": 38197
    },
    "29320": {
        "0": 1,
        "1": 13,
        "2": 93,
        "3": 605,
        "4": 3915,
        "5": 15368,
        "6": 43733
    },
    "29321": {
        "0": 1,
        "1": 10,
        "2": 70,
        "3": 491,
        "4": 3452,
        "5": 13986,
        "6": 40911
    },
    "29322": {
        "0": 1,
        "1": 1,
        "2": 1,
        "3": 9,
        "4": 65,
        "5": 485,
        "6": 3633
    },
    "29323": {
        "0": 1,
        "1": 1,
        "2": 11,
        "3": 95,
        "4": 804,
        "5": 6756,
        "6": 26374
    },
    "29324": {
        "0": 1,
        "1": 12,
        "2": 94,
        "3": 691,
        "4": 5064,
        "5": 17975,
        "6": 47054
    },
    "29325": {
        "0": 1,
        "1": 1,
        "2": 10,
        "3": 77,
        "4": 592,
        "5": 4556,
        "6": 15962
    },
    "29326": {
        "0": 1,
        "1": 1,
        "2": 9,
        "3": 72,
        "4": 596,
        "5": 4991,
        "6": 9524
    },
    "29327": {
        "0": 1,
        "1": 10,
        "2": 85,
        "3": 708,
        "4": 5854,
        "5": 17693,
        "6": 37859
    },
    "29328": {
        "0": 1,
        "1": 1,
        "2": 10,
        "3": 68,
        "4": 449,
        "5": 2924,
        "6": 9993
    },
    "29329": {
        "0": 1,
        "1": 11,
        "2": 91,
        "3": 743,
        "4": 5971,
        "5": 19862,
        "6": 42742
    },
    "29330": {
        "0": 1,
        "1": 1,
        "2": 1,
        "3": 13,
        "4": 106,
        "5": 777,
        "6": 5656
    },
    "29331": {
        "0": 1,
        "1": 12,
        "2": 105,
        "3": 860,
        "4": 6928,
        "5": 25488,
        "6": 64058
    },
    "29332": {
        "0": 1,
        "1": 1,
        "2": 1,
        "3": 8,
        "4": 49,
        "5": 303,
        "6": 1828
    },
    "29333": {
        "0": 1,
        "1": 1,
        "2": 12,
        "3": 80,
        "4": 477,
        "5": 2854,
        "6": 12255
    },
    "29334": {
        "0": 1,
        "1": 9,
        "2": 71,
        "3": 535,
        "4": 3969,
        "5": 11996,
        "6": 25222
    },
    "29335": {
        "0": 1,
        "1": 1,
        "2": 9,
        "3": 71,
        "4": 558,
        "5": 4293,
        "6": 15078
    },
    "29336": {
        "0": 1,
        "1": 1,
        "2": 10,
        "3": 80,
        "4": 608,
        "5": 4521,
        "6": 17617
    },
    "29337": {
        "0": 1,
        "1": 9,
        "2": 58,
        "3": 370,
        "4": 2391,
        "5": 6561,
        "6": 13626
    },
    "29338": {
        "0": 1,
        "1": 10,
        "2": 70,
        "3": 486,
        "4": 3368,
        "5": 14009,
        "6": 38006
    },
    "29339": {
        "0": 1,
        "1": 9,
        "2": 79,
        "3": 694,
        "4": 6060,
        "5": 19730,
        "6": 40398
    },
    "29340": {
        "0": 1,
        "1": 1,
        "2": 1,
        "3": 10,
        "4": 76,
        "5": 574,
        "6": 4302
    },
    "29341": {
        "0": 1,
        "1": 10,
        "2": 75,
        "3": 558,
        "4": 4155,
        "5": 13565,
        "6": 30536
    },
    "29342": {
        "0": 1,
        "1": 9,
        "2": 68,
        "3": 508,
        "4": 3748,
        "5": 10265,
        "6": 20157
    },
    "29343": {
        "0": 1,
        "1": 13,
        "2": 104,
        "3": 759,
        "4": 5389,
        "5": 21755,
        "6": 65372
    },
    "29344": {
        "0": 1,
        "1": 1,
        "2": 12,
        "3": 87,
        "4": 577,
        "5": 3886,
        "6": 16262
    },
    "29345": {
        "0": 1,
        "1": 9,
        "2": 76,
        "3": 652,
        "4": 5606,
        "5": 15627,
        "6": 27356
    },
    "29346": {
        "0": 1,
        "1": 1,
        "2": 1,
        "3": 1,
        "4": 9,
        "5": 62,
        "6": 421
    },
    "29347": {
        "0": 1,
        "1": 9,
        "2": 67,
        "3": 500,
        "4": 3731,
        "5": 8892,
        "6": 18773
    },
    "29348": {
        "0": 1,
        "1": 1,
        "2": 11,
        "3": 83,
        "4": 623,
        "5": 4782,
        "6": 18017
    },
    "29349": {
        "0": 1,
        "1": 1,
        "2": 10,
        "3": 73,
        "4": 557,
        "5": 4220,
        "6": 14493
    },
    "29350": {
        "0": 1,
        "1": 13,
        "2": 112,
        "3": 933,
        "4": 7763,
        "5": 32083,
        "6": 82266
    },
    "29351": {
        "0": 1,
        "1": 1,
        "2": 1,
        "3": 11,
        "4": 91,
        "5": 725,
        "6": 5767
    },
    "29352": {
        "0": 1,
        "1": 1,
        "2": 10,
        "3": 87,
        "4": 738,
        "5": 6259,
        "6": 20605
    },
    "29353": {
        "0": 1,
        "1": 9,
        "2": 69,
        "3": 550,
        "4": 4356,
        "5": 15261,
        "6": 39186
    },
    "29354": {
        "0": 1,
        "1": 9,
        "2": 78,
        "3": 693,
        "4": 6156,
        "5": 21763,
        "6": 53262
    },
    "29355": {
        "0": 1,
        "1": 11,
        "2": 89,
        "3": 681,
        "4": 5038,
        "5": 21035,
        "6": 65257
    },
    "29356": {
        "0": 1,
        "1": 10,
        "2": 78,
        "3": 589,
        "4": 4422,
        "5": 15841,
        "6": 42245
    },
    "29357": {
        "0": 1,
        "1": 8,
        "2": 70,
        "3": 607,
        "4": 5249,
        "5": 12717,
        "6": 22554
    },
    "29358": {
        "0": 1,
        "1": 1,
        "2": 11,
        "3": 79,
        "4": 520,
        "5": 3413,
        "6": 13368
    },
    "29359": {
        "0": 1,
        "1": 1,
        "2": 1,
        "3": 9,
        "4": 77,
        "5": 657,
        "6": 5480
    },
    "29360": {
        "0": 1,
        "1": 10,
        "2": 88,
        "3": 752,
        "4": 6393,
        "5": 24003,
        "6": 59509
    },
    "29361": {
        "0": 1,
        "1": 9,
        "2": 61,
        "3": 408,
        "4": 2710,
        "5": 8885,
        "6": 22805
    },
    "29362": {
        "0": 1,
        "1": 1,
        "2": 1,
        "3": 9,
        "4": 72,
        "5": 576,
        "6": 4462
    },
    "29363": {
        "0": 1,
        "1": 11,
        "2": 92,
        "3": 768,
        "4": 6322,
        "5": 21606,
        "6": 45015
    },
    "29364": {
        "0": 1,
        "1": 9,
        "2": 56,
        "3": 344,
        "4": 2140,
        "5": 8451,
        "6": 22239
    },
    "29365": {
        "0": 1,
        "1": 10,
        "2": 76,
        "3": 576,
        "4": 4267,
        "5": 13975,
        "6": 30388
    },
    "29366": {
        "0": 1,
        "1": 1,
        "2": 1,
        "3": 1,
        "4": 11,
        "5": 94,
        "6": 780
    },
    "29367": {
        "0": 1,
        "1": 11,
        "2": 95,
        "3": 808,
        "4": 6813,
        "5": 26758,
        "6": 60445
    },
    "29368": {
        "0": 1,
        "1": 9,
        "2": 69,
        "3": 545,
        "4": 4288,
        "5": 14363,
        "6": 33249
    },
    "29369": {
        "0": 1,
        "1": 9,
        "2": 78,
        "3": 665,
        "4": 5612,
        "5": 16905,
        "6": 40586
    },
    "29370": {
        "0": 1,
        "1": 9,
        "2": 77,
        "3": 663,
        "4": 5652,
        "5": 17552,
        "6": 35263
    },
    "29371": {
        "0": 1,
        "1": 11,
        "2": 85,
        "3": 625,
        "4": 4577,
        "5": 16335,
        "6": 39891
    },
    "29372": {
        "0": 1,
        "1": 10,
        "2": 75,
        "3": 575,
        "4": 4469,
        "5": 15650,
        "6": 37389
    },
    "29373": {
        "0": 1,
        "1": 12,
        "2": 94,
        "3": 694,
        "4": 5154,
        "5": 19498,
        "6": 52895
    },
    "29374": {
        "0": 1,
        "1": 1,
        "2": 10,
        "3": 84,
        "4": 732,
        "5": 6392,
        "6": 23230
    },
    "29375": {
        "0": 1,
        "1": 9,
        "2": 59,
        "3": 390,
        "4": 2608,
        "5": 8601,
        "6": 22726
    },
    "29376": {
        "0": 1,
        "1": 1,
        "2": 9,
        "3": 78,
        "4": 660,
        "5": 5473,
        "6": 16677
    },
    "29377": {
        "0": 1,
        "1": 8,
        "2": 66,
        "3": 542,
        "4": 4442,
        "5": 4067,
        "6": 5001
    },
    "29378": {
        "0": 1,
        "1": 10,
        "2": 87,
        "3": 751,
        "4": 6237,
        "5": 22531,
        "6": 55541
    },
    "29379": {
        "0": 1,
        "1": 1,
        "2": 11,
        "3": 80,
        "4": 528,
        "5": 3429,
        "6": 13002
    },
    "29380": {
        "0": 1,
        "1": 1,
        "2": 12,
        "3": 103,
        "4": 856,
        "5": 6938,
        "6": 27518
    },
    "29381": {
        "0": 1,
        "1": 10,
        "2": 74,
        "3": 528,
        "4": 3787,
        "5": 9934,
        "6": 20368
    },
    "29382": {
        "0": 1,
        "1": 1,
        "2": 11,
        "3": 85,
        "4": 633,
        "5": 4675,
        "6": 17207
    },
    "29383": {
        "0": 1,
        "1": 1,
        "2": 10,
        "3": 77,
        "4": 587,
        "5": 4415,
        "6": 15680
    },
    "29384": {
        "0": 1,
        "1": 11,
        "2": 93,
        "3": 780,
        "4": 6502,
        "5": 23921,
        "6": 54267
    },
    "29385": {
        "0": 1,
        "1": 1,
        "2": 11,
        "3": 86,
        "4": 663,
        "5": 5116,
        "6": 20489
    },
    "29386": {
        "0": 1,
        "1": 1,
        "2": 11,
        "3": 92,
        "4": 729,
        "5": 5646,
        "6": 24302
    },
    "29387": {
        "0": 1,
        "1": 8,
        "2": 68,
        "3": 574,
        "4": 4843,
        "5": 10818,
        "6": 21380
    },
    "29388": {
        "0": 1,
        "1": 13,
        "2": 97,
        "3": 649,
        "4": 4357,
        "5": 19207,
        "6": 60070
    },
    "29389": {
        "0": 1,
        "1": 1,
        "2": 11,
        "3": 93,
        "4": 787,
        "5": 6645,
        "6": 23593
    },
    "29390": {
        "0": 1,
        "1": 11,
        "2": 83,
        "3": 576,
        "4": 4000,
        "5": 10748,
        "6": 25934
    },
    "29391": {
        "0": 1,
        "1": 1,
        "2": 1,
        "3": 14,
        "4": 127,
        "5": 1057,
        "6": 8570
    },
    "29392": {
        "0": 1,
        "1": 1,
        "2": 10,
        "3": 78,
        "4": 590,
        "5": 4426,
        "6": 15617
    },
    "29393": {
        "0": 1,
        "1": 9,
        "2": 76,
        "3": 639,
        "4": 5322,
        "5": 13815,
        "6": 25159
    },
    "29394": {
        "0": 1,
        "1": 1,
        "2": 11,
        "3": 85,
        "4": 629,
        "5": 4673,
        "6": 17513
    },
    "29395": {
        "0": 1,
        "1": 9,
        "2": 58,
        "3": 381,
        "4": 2536,
        "5": 6691,
        "6": 11622
    },
    "29396": {
        "0": 1,
        "1": 1,
        "2": 10,
        "3": 78,
        "4": 606,
        "5": 4680,
        "6": 18327
    },
    "29397": {
        "0": 1,
        "1": 11,
        "2": 88,
        "3": 664,
        "4": 4872,
        "5": 17898,
        "6": 47029
    },
    "29398": {
        "0": 1,
        "1": 1,
        "2": 10,
        "3": 70,
        "4": 486,
        "5": 3387,
        "6": 13504
    },
    "29399": {
        "0": 1,
        "1": 9,
        "2": 77,
        "3": 671,
        "4": 5843,
        "5": 18201,
        "6": 39649
    }
}