{
    "12600": {
        "0": 1,
        "1": 1,
        "2": 12,
        "3": 89,
        "4": 608,
        "5": 4140,
        "6": 17876
    },
    "12601": {
        "0": 1,
        "1": 1,
        "2": 1,
        "3": 10,
        "4": 87,
        "5": 733,
        "6": 6232
    },
    "12602": {
        "0": 1,
        "1": 10,
        "2": 80,
        "3": 625,
        "4": 4891,
        "5": 19279,
        "6": 50403
    },
    "12603": {
        "0": 1,
        "1": 1,
        "2": 9,
        "3": 70,
        "4": 548,
        "5": 4294,
        "6": 14284
    },
    "12604": {
        "0": 1,
        "1": 1,
        "2": 8,
        "3": 68,
        "4": 571,
        "5": 4740,
        "6": 9133
    },
    "12605": {
        "0": 1,
        "1": 12,
        "2": 94,
        "3": 656,
        "4": 4521,
        "5": 14033,
        "6": 34094
    },
    "12606": {
        "0": 1,
        "1": 1,
        "2": 9,
        "3": 69,
        "4": 549,
        "5": 4362,
        "6": 15602
    },
    "12607": {
        "0": 1,
        "1": 11,
        "2": 87,
        "3": 681,
        "4": 5324,
        "5": 22423,
        "6": 57018
    },
    "12608": {
        "0": 1,
        "1": 10,
        "2": 77,
        "3": 586,
        "4": 4445,
        "5": 14421,
        "6": 31315
    },
    "12609": {
        "0": 1,
        "1": 10,
        "2": 76,
        "3": 544,
        "4": 3827,
        "5": 9430,
        "6": 20978
    },
    "12610": {
        "0": 1,
        "1": 1,
        "2": 1,
        "3": 9,
        "4": 69,
        "5": 546,
        "6": 4314
    },
    "12611": {
        "0": 1,
        "1": 1,
        "2": 11,
        "3": 79,
        "4": 529,
        "5": 3521,
        "6": 13247
    },
    "12612": {
        "0": 1,
        "1": 10,
        "2": 86,
        "3": 727,
        "4": 6147,
        "5": 21631,
        "6": 49102
    },
    "12613": {
        "0": 1,
        "1": 1,
        "2": 10,
        "3": 69,
        "4": 454,
        "5": 2963,
        "6": 10418
    },
    "12614": {
        "0": 1,
        "1": 1,
        "2": 10,
        "3": 78,
        "4": 601,
        "5": 4664,
        "6": 17364
    },
    "12615": {
        "0": 1,
        "1": 10,
        "2": 82,
        "3": 697,
        "4": 5944,
        "5": 17988,
        "6": 39395
    },
    "12616": {
        "0": 1,
        "1": 1,
        "2": 10,
        "3": 76,
        "4": 582,
        "5": 4511,
        "6": 16037
    },
    "12617": {
        "0": 1,
        "1": 10,
        "2": 84,
        "3": 710,
        "4": 5945,
        "5": 19574,
        "6": 43261
    },
    "12618": {
        "0": 1,
        "1": 1,
        "2": 11,
        "3": 85,
        "4": 624,
        "5": 4581,
        "6": 16493
    },
    "12619": {
        "0": 1,
        "1": 1,
        "2": 1,
        "3": 1,
        "4": 10,
        "5": 76,
        "6": 580
    },
    "12620": {
        "0": 1,
        "1": 8,
        "2": 52,
        "3": 347,
        "4": 2339,
        "5": 5560,
        "6": 12084
    },
    "12621": {
        "0": 1,
        "1": 11,
        "2": 85,
        "3": 634,
        "4": 4693,
        "5": 17031,
        "6": 44642
    },
    "12622": {
        "0": 1,
        "1": 11,
        "2": 88,
        "3": 676,
        "4": 5133,
        "5": 19665,
        "6": 50366
    },
    "12623": {
        "0": 1,
        "1": 9,
        "2": 75,
        "3": 618,
        "4": 5029,
        "5": 12786,
        "6": 23579
    },
    "12624": {
        "0": 1,
        "1": 9,
        "2": 63,
        "3": 431,
        "4": 2913,
        "5": 10467,
        "6": 27148
    },
    "12625": {
        "0": 1,
        "1": 11,
        "2": 82,
        "3": 582,
        "4": 4178,
        "5": 12908,
        "6": 26448
    },
    "12626": {
        "0": 1,
        "1": 10,
        "2": 74,
        "3": 544,
        "4": 4061,
        "5": 11518,
        "6": 25624
    },
    "12627": {
        "0": 1,
        "1": 1,
        "2": 1,
        "3": 11,
        "4": 85,
        "5": 616,
        "6": 4325
    },
    "12628": {
        "0": 1,
        "1": 11,
        "2": 88,
        "3": 682,
        "4": 5189,
        "5": 21930,
        "6": 60598
    },
    "12629": {
        "0": 1,
        "1": 8,
        "2": 55,
        "3": 389,
        "4": 2740,
        "5": 8932,
        "6": 18664
    },
    "12630": {
        "0": 1,
        "1": 1,
        "2": 1,
        "3": 1,
        "4": 12,
        "5": 89,
        "6": 603
    },
    "12631": {
        "0": 1,
        "1": 10,
        "2": 74,
        "3": 536,
        "4": 3928,
        "5": 11917,
        "6": 28497
    },
    "12632": {
        "0": 1,
        "1": 1,
        "2": 1,
        "3": 13,
        "4": 107,
        "5": 811,
        "6": 6053
    },
    "12633": {
        "0": 1,
        "1": 11,
        "2": 98,
        "3": 842,
        "4": 7108,
        "5": 28525,
        "6": 75470
    },
    "12634": {
        "0": 1,
        "1": 12,
        "2": 99,
        "3": 766,
        "4": 5877,
        "5": 26083,
        "6": 75806
    },
    "12635": {
        "0": 1,
        "1": 13,
        "2": 102,
        "3": 757,
        "4": 5679,
        "5": 23918,
        "6": 66098
    },
    "12636": {
        "0": 1,
        "1": 1,
        "2": 10,
        "3": 75,
        "4": 565,
        "5": 4340,
        "6": 14546
    },
    "12637": {
        "0": 1,
        "1": 9,
        "2": 76,
        "3": 659,
        "4": 5765,
        "5": 17927,
        "6": 42009
    },
    "12638": {
        "0": 1,
        "1": 12,
        "2": 94,
        "3": 705,
        "4": 5247,
        "5": 21652,
        "6": 60471
    },
    "12639": {
        "0": 1,
        "1": 10,
        "2": 73,
        "3": 539,
        "4": 4020,
        "5": 11099,
        "6": 22258
    },
    "12640": {
        "0": 1,
        "1": 1,
        "2": 1,
        "3": 10,
        "4": 73,
        "5": 537,
        "6": 3989
    },
    "12641": {
        "0": 1,
        "1": 1,
        "2": 1,
        "3": 9,
        "4": 72,
        "5": 591,
        "6": 4818
    },
    "12642": {
        "0": 1,
        "1": 12,
        "2": 98,
        "3": 746,
        "4": 5648,
        "5": 23899,
        "6": 65412
    },
    "12643": {
        "0": 1,
        "1": 12,
        "2": 84,
        "3": 563,
        "4": 3837,
        "5": 16100,
        "6": 49988
    },
    "12644": {
        "0": 1,
        "1": 10,
        "2": 66,
        "3": 429,
        "4": 2813,
        "5": 8111,
        "6": 18967
    },
    "12645": {
        "0": 1,
        "1": 1,
        "2": 10,
        "3": 74,
        "4": 545,
        "5": 4030,
        "6": 10906
    },
    "12646": {
        "0": 1,
        "1": 1,
        "2": 17,
        "3": 149,
        "4": 1080,
        "5": 7587,
        "6": 36123
    },
    "12647": {
        "0": 1,
        "1": 9,
        "2": 75,
        "3": 626,
        "4": 5248,
        "5": 11915,
        "6": 21608
    },
    "12648": {
        "0": 1,
        "1": 1,
        "2": 10,
        "3": 89,
        "4": 762,
        "5": 6406,
        "6": 22983
    },
    "12649": {
        "0": 1,
        "1": 10,
        "2": 84,
        "3": 691,
        "4": 5552,
        "5": 16245,
        "6": 33343
    },
    "12650": {
        "0": 1,
        "1": 1,
        "2": 9,
        "3": 78,
        "4": 677,
        "5": 5831,
        "6": 17256
    },
    "12651": {
        "0": 1,
        "1": 8,
        "2": 60,
        "3": 440,
        "4": 3183,
        "5": 7288,
        "6": 12475
    },
    "12652": {
        "0": 1,
        "1": 9,
        "2": 76,
        "3": 649,
        "4": 5497,
        "5": 16129,
        "6": 34861
    },
    "12653": {
        "0": 1,
        "1": 11,
        "2": 88,
        "3": 675,
        "4": 5069,
        "5": 20253,
        "6": 53361
    },
    "12654": {
        "0": 1,
        "1": 9,
        "2": 61,
        "3": 405,
        "4": 2722,
        "5": 8118,
        "6": 19487
    },
    "12655": {
        "0": 1,
        "1": 12,
        "2": 99,
        "3": 752,
        "4": 5575,
        "5": 23703,
        "6": 71042
    },
    "12656": {
        "0": 1,
        "1": 1,
        "2": 1,
        "3": 9,
        "4": 74,
        "5": 621,
        "6": 5226
    },
    "12657": {
        "0": 1,
        "1": 1,
        "2": 10,
        "3": 73,
        "4": 544,
        "5": 4104,
        "6": 12187
    },
    "12658": {
        "0": 1,
        "1": 10,
        "2": 85,
        "3": 724,
        "4": 6084,
        "5": 20688,
        "6": 45383
    },
    "12659": {
        "0": 1,
        "1": 10,
        "2": 73,
        "3": 543,
        "4": 4046,
        "5": 11288,
        "6": 24382
    },
    "12660": {
        "0": 1,
        "1": 12,
        "2": 107,
        "3": 913,
        "4": 7558,
        "5": 33536,
        "6": 96537
    },
    "12661": {
        "0": 1,
        "1": 11,
        "2": 93,
        "3": 763,
        "4": 6091,
        "5": 18896,
        "6": 39622
    },
    "12662": {
        "0": 1,
        "1": 10,
        "2": 67,
        "3": 437,
        "4": 2909,
        "5": 9211,
        "6": 22392
    },
    "12663": {
        "0": 1,
        "1": 1,
        "2": 10,
        "3": 74,
        "4": 551,
        "5": 4079,
        "6": 12677
    },
    "12664": {
        "0": 1,
        "1": 8,
        "2": 70,
        "3": 592,
        "4": 4885,
        "5": 12032,
        "6": 23806
    },
    "12665": {
        "0": 1,
        "1": 11,
        "2": 85,
        "3": 636,
        "4": 4804,
        "5": 17273,
        "6": 46424
    },
    "12666": {
        "0": 1,
        "1": 9,
        "2": 76,
        "3": 641,
        "4": 5457,
        "5": 14163,
        "6": 25093
    },
    "12667": {
        "0": 1,
        "1": 10,
        "2": 83,
        "3": 707,
        "4": 6000,
        "5": 18356,
        "6": 38708
    },
    "12668": {
        "0": 1,
        "1": 1,
        "2": 11,
        "3": 95,
        "4": 805,
        "5": 6798,
        "6": 27090
    },
    "12669": {
        "0": 1,
        "1": 11,
        "2": 94,
        "3": 820,
        "4": 7127,
        "5": 28429,
        "6": 69814
    },
    "12670": {
        "0": 1,
        "1": 9,
        "2": 78,
        "3": 675,
        "4": 5781,
        "5": 16678,
        "6": 34900
    },
    "12671": {
        "0": 1,
        "1": 1,
        "2": 1,
        "3": 1,
        "4": 10,
        "5": 76,
        "6": 564
    },
    "12672": {
        "0": 1,
        "1": 9,
        "2": 65,
        "3": 465,
        "4": 3356,
        "5": 6874,
        "6": 13919
    },
    "12673": {
        "0": 1,
        "1": 10,
        "2": 83,
        "3": 688,
        "4": 5675,
        "5": 16260,
        "6": 32782
    },
    "12674": {
        "0": 1,
        "1": 8,
        "2": 70,
        "3": 587,
        "4": 4707,
        "5": 9938,
        "6": 16880
    },
    "12675": {
        "0": 1,
        "1": 1,
        "2": 12,
        "3": 89,
        "4": 607,
        "5": 4057,
        "6": 16784
    },
    "12676": {
        "0": 1,
        "1": 11,
        "2": 77,
        "3": 516,
        "4": 3436,
        "5": 12656,
        "6": 32539
    },
    "12677": {
        "0": 1,
        "1": 1,
        "2": 10,
        "3": 75,
        "4": 567,
        "5": 4295,
        "6": 13587
    },
    "12678": {
        "0": 1,
        "1": 1,
        "2": 1,
        "3": 1,
        "4": 10,
        "5": 81,
        "6": 630
    },
    "12679": {
        "0": 1,
        "1": 10,
        "2": 79,
        "3": 598,
        "4": 4520,
        "5": 15127,
        "6": 35917
    },
    "12680": {
        "0": 1,
        "1": 1,
        "2": 1,
        "3": 9,
        "4": 74,
        "5": 618,
        "6": 5106
    },
    "12681": {
        "0": 1,
        "1": 1,
        "2": 1,
        "3": 1,
        "4": 9,
        "5": 79,
        "6": 673
    },
    "12682": {
        "0": 1,
        "1": 1,
        "2": 12,
        "3": 104,
        "4": 889,
        "5": 7523,
        "6": 31077
    },
    "12683": {
        "0": 1,
        "1": 10,
        "2": 78,
        "3": 593,
        "4": 4521,
        "5": 15512,
        "6": 38892
    },
    "12684": {
        "0": 1,
        "1": 13,
        "2": 96,
        "3": 615,
        "4": 3870,
        "5": 15231,
        "6": 46728
    },
    "12685": {
        "0": 1,
        "1": 9,
        "2": 67,
        "3": 493,
        "4": 3600,
        "5": 8935,
        "6": 18128
    },
    "12686": {
        "0": 1,
        "1": 9,
        "2": 73,
        "3": 573,
        "4": 4366,
        "5": 15269,
        "6": 38910
    },
    "12687": {
        "0": 1,
        "1": 1,
        "2": 13,
        "3": 116,
        "4": 990,
        "5": 8296,
        "6": 38556
    },
    "12688": {
        "0": 1,
        "1": 1,
        "2": 1,
        "3": 11,
        "4": 94,
        "5": 780,
        "6": 6312
    },
    "12689": {
        "0": 1,
        "1": 1,
        "2": 11,
        "3": 88,
        "4": 661,
        "5": 4930,
        "6": 17566
    },
    "12690": {
        "0": 1,
        "1": 1,
        "2": 1,
        "3": 10,
        "4": 84,
        "5": 722,
        "6": 6241
    },
    "12691": {
        "0": 1,
        "1": 1,
        "2": 1,
        "3": 1,
        "4": 10,
        "5": 77,
        "6": 582
    },
    "12692": {
        "0": 1,
        "1": 10,
        "2": 58,
        "3": 337,
        "4": 1995,
        "5": 7702,
        "6": 17829
    },
    "12693": {
        "0": 1,
        "1": 9,
        "2": 73,
        "3": 563,
        "4": 4242,
        "5": 14546,
        "6": 36893
    },
    "12694": {
        "0": 1,
        "1": 8,
        "2": 61,
        "3": 472,
        "4": 3679,
        "5": 9728,
        "6": 23391
    },
    "12695": {
        "0": 1,
        "1": 1,
        "2": 1,
        "3": 1,
        "4": 13,
        "5": 93,
        "6": 621
    },
    "12696": {
        "0": 1,
        "1": 12,
        "2": 102,
        "3": 823,
        "4": 6434,
        "5": 30339,
        "6": 100694
    },
    "12697": {
        "0": 1,
        "1": 1,
        "2": 1,
        "3": 9,
        "4": 72,
        "5": 540,
        "6": 4012
    },
    "12698": {
        "0": 1,
        "1": 10,
        "2": 81,
        "3": 681,
        "4": 5774,
        "5": 16835,
        "6": 31223
    },
    "12699": {
        "0": 1,
        "1": 1,
        "2": 10,
        "3": 85,
        "4": 709,
        "5": 5797,
        "6": 18965
    }
}