{
    "31500": {
        "0": 1,
        "1": 8,
        "2": 53,
        "3": 354,
        "4": 2363,
        "5": 5535,
        "6": 8334
    },
    "31501": {
        "0": 1,
        "1": 1,
        "2": 1,
        "3": 9,
        "4": 74,
        "5": 626,
        "6": 5341
    },
    "31502": {
        "0": 1,
        "1": 11,
        "2": 83,
        "3": 632,
        "4": 4872,
        "5": 18423,
        "6": 45518
    },
    "31503": {
        "0": 1,
        "1": 12,
        "2": 87,
        "3": 570,
        "4": 3637,
        "5": 15331,
        "6": 43863
    },
    "31504": {
        "0": 1,
        "1": 13,
        "2": 103,
        "3": 760,
        "4": 5603,
        "5": 24016,
        "6": 68805
    },
    "31505": {
        "0": 1,
        "1": 1,
        "2": 9,
        "3": 79,
        "4": 694,
        "5": 6108,
        "6": 20900
    },
    "31506": {
        "0": 1,
        "1": 1,
        "2": 1,
        "3": 11,
        "4": 84,
        "5": 618,
        "6": 4528
    },
    "31507": {
        "0": 1,
        "1": 1,
        "2": 9,
        "3": 73,
        "4": 572,
        "5": 4412,
        "6": 16268
    },
    "31508": {
        "0": 1,
        "1": 9,
        "2": 75,
        "3": 631,
        "4": 5337,
        "5": 12807,
        "6": 21623
    },
    "31509": {
        "0": 1,
        "1": 1,
        "2": 9,
        "3": 75,
        "4": 644,
        "5": 5490,
        "6": 15281
    },
    "31510": {
        "0": 1,
        "1": 11,
        "2": 81,
        "3": 587,
        "4": 4262,
        "5": 20615,
        "6": 71653
    },
    "31511": {
        "0": 1,
        "1": 9,
        "2": 77,
        "3": 657,
        "4": 5503,
        "5": 15462,
        "6": 32468
    },
    "31512": {
        "0": 1,
        "1": 1,
        "2": 1,
        "3": 10,
        "4": 67,
        "5": 447,
        "6": 3060
    },
    "31513": {
        "0": 1,
        "1": 1,
        "2": 12,
        "3": 76,
        "4": 442,
        "5": 2632,
        "6": 10770
    },
    "31514": {
        "0": 1,
        "1": 10,
        "2": 69,
        "3": 470,
        "4": 3260,
        "5": 12391,
        "6": 34420
    },
    "31515": {
        "0": 1,
        "1": 1,
        "2": 10,
        "3": 87,
        "4": 715,
        "5": 5747,
        "6": 17892
    },
    "31516": {
        "0": 1,
        "1": 1,
        "2": 10,
        "3": 68,
        "4": 445,
        "5": 2963,
        "6": 9771
    },
    "31517": {
        "0": 1,
        "1": 10,
        "2": 68,
        "3": 448,
        "4": 2980,
        "5": 9677,
        "6": 24243
    },
    "31518": {
        "0": 1,
        "1": 9,
        "2": 65,
        "3": 446,
        "4": 3045,
        "5": 10336,
        "6": 28036
    },
    "31519": {
        "0": 1,
        "1": 12,
        "2": 101,
        "3": 838,
        "4": 6949,
        "5": 27240,
        "6": 70529
    },
    "31520": {
        "0": 1,
        "1": 12,
        "2": 92,
        "3": 680,
        "4": 5062,
        "5": 20367,
        "6": 58529
    },
    "31521": {
        "0": 1,
        "1": 9,
        "2": 78,
        "3": 648,
        "4": 5257,
        "5": 14329,
        "6": 30529
    },
    "31522": {
        "0": 1,
        "1": 1,
        "2": 11,
        "3": 90,
        "4": 740,
        "5": 5996,
        "6": 20475
    },
    "31523": {
        "0": 1,
        "1": 1,
        "2": 11,
        "3": 77,
        "4": 506,
        "5": 3380,
        "6": 12380
    },
    "31524": {
        "0": 1,
        "1": 1,
        "2": 1,
        "3": 1,
        "4": 9,
        "5": 69,
        "6": 522
    },
    "31525": {
        "0": 1,
        "1": 11,
        "2": 84,
        "3": 629,
        "4": 4700,
        "5": 17617,
        "6": 43815
    },
    "31526": {
        "0": 1,
        "1": 1,
        "2": 10,
        "3": 57,
        "4": 340,
        "5": 1989,
        "6": 6924
    },
    "31527": {
        "0": 1,
        "1": 1,
        "2": 11,
        "3": 95,
        "4": 789,
        "5": 6443,
        "6": 24227
    },
    "31528": {
        "0": 1,
        "1": 11,
        "2": 86,
        "3": 656,
        "4": 5014,
        "5": 21190,
        "6": 61464
    },
    "31529": {
        "0": 1,
        "1": 1,
        "2": 1,
        "3": 1,
        "4": 9,
        "5": 59,
        "6": 398
    },
    "31530": {
        "0": 1,
        "1": 1,
        "2": 9,
        "3": 66,
        "4": 496,
        "5": 3788,
        "6": 10295
    },
    "31531": {
        "0": 1,
        "1": 11,
        "2": 95,
        "3": 776,
        "4": 6327,
        "5": 21590,
        "6": 53572
    },
    "31532": {
        "0": 1,
        "1": 12,
        "2": 110,
        "3": 976,
        "4": 8308,
        "5": 38948,
        "6": 116013
    },
    "31533": {
        "0": 1,
        "1": 12,
        "2": 93,
        "3": 645,
        "4": 4386,
        "5": 20515,
        "6": 67711
    },
    "31534": {
        "0": 1,
        "1": 1,
        "2": 13,
        "3": 111,
        "4": 894,
        "5": 7050,
        "6": 27107
    },
    "31535": {
        "0": 1,
        "1": 11,
        "2": 87,
        "3": 673,
        "4": 5202,
        "5": 21111,
        "6": 62229
    },
    "31536": {
        "0": 1,
        "1": 1,
        "2": 1,
        "3": 1,
        "4": 10,
        "5": 64,
        "6": 410
    },
    "31537": {
        "0": 1,
        "1": 1,
        "2": 8,
        "3": 46,
        "4": 281,
        "5": 1710,
        "6": 5643
    },
    "31538": {
        "0": 1,
        "1": 8,
        "2": 69,
        "3": 578,
        "4": 4724,
        "5": 10448,
        "6": 17459
    },
    "31539": {
        "0": 1,
        "1": 1,
        "2": 11,
        "3": 93,
        "4": 800,
        "5": 6844,
        "6": 25799
    },
    "31540": {
        "0": 1,
        "1": 10,
        "2": 77,
        "3": 600,
        "4": 4670,
        "5": 17277,
        "6": 46604
    },
    "31541": {
        "0": 1,
        "1": 12,
        "2": 91,
        "3": 652,
        "4": 4743,
        "5": 15911,
        "6": 44113
    },
    "31542": {
        "0": 1,
        "1": 1,
        "2": 12,
        "3": 97,
        "4": 718,
        "5": 5282,
        "6": 20010
    },
    "31543": {
        "0": 1,
        "1": 1,
        "2": 1,
        "3": 9,
        "4": 69,
        "5": 528,
        "6": 4047
    },
    "31544": {
        "0": 1,
        "1": 11,
        "2": 95,
        "3": 802,
        "4": 6724,
        "5": 23790,
        "6": 63340
    },
    "31545": {
        "0": 1,
        "1": 1,
        "2": 10,
        "3": 83,
        "4": 691,
        "5": 5754,
        "6": 17685
    },
    "31546": {
        "0": 1,
        "1": 11,
        "2": 90,
        "3": 749,
        "4": 6191,
        "5": 20601,
        "6": 40512
    },
    "31547": {
        "0": 1,
        "1": 11,
        "2": 77,
        "3": 521,
        "4": 3578,
        "5": 14420,
        "6": 41785
    },
    "31548": {
        "0": 1,
        "1": 1,
        "2": 11,
        "3": 79,
        "4": 542,
        "5": 3671,
        "6": 14399
    },
    "31549": {
        "0": 1,
        "1": 10,
        "2": 78,
        "3": 591,
        "4": 4438,
        "5": 16122,
        "6": 45615
    },
    "31550": {
        "0": 1,
        "1": 1,
        "2": 10,
        "3": 85,
        "4": 709,
        "5": 5831,
        "6": 17434
    },
    "31551": {
        "0": 1,
        "1": 1,
        "2": 1,
        "3": 10,
        "4": 76,
        "5": 580,
        "6": 4376
    },
    "31552": {
        "0": 1,
        "1": 10,
        "2": 70,
        "3": 489,
        "4": 3428,
        "5": 13693,
        "6": 38884
    },
    "31553": {
        "0": 1,
        "1": 9,
        "2": 65,
        "3": 470,
        "4": 3426,
        "5": 7766,
        "6": 13173
    },
    "31554": {
        "0": 1,
        "1": 9,
        "2": 79,
        "3": 679,
        "4": 5780,
        "5": 18612,
        "6": 39332
    },
    "31555": {
        "0": 1,
        "1": 1,
        "2": 1,
        "3": 8,
        "4": 63,
        "5": 490,
        "6": 3793
    },
    "31556": {
        "0": 1,
        "1": 10,
        "2": 78,
        "3": 592,
        "4": 4437,
        "5": 15856,
        "6": 38843
    },
    "31557": {
        "0": 1,
        "1": 1,
        "2": 11,
        "3": 93,
        "4": 765,
        "5": 6213,
        "6": 22342
    },
    "31558": {
        "0": 1,
        "1": 1,
        "2": 11,
        "3": 85,
        "4": 617,
        "5": 4482,
        "6": 15256
    },
    "31559": {
        "0": 1,
        "1": 10,
        "2": 73,
        "3": 499,
        "4": 3410,
        "5": 13036,
        "6": 34748
    },
    "31560": {
        "0": 1,
        "1": 10,
        "2": 75,
        "3": 580,
        "4": 4530,
        "5": 16606,
        "6": 40491
    },
    "31561": {
        "0": 1,
        "1": 11,
        "2": 93,
        "3": 779,
        "4": 6481,
        "5": 21435,
        "6": 48948
    },
    "31562": {
        "0": 1,
        "1": 9,
        "2": 69,
        "3": 539,
        "4": 4192,
        "5": 13576,
        "6": 30688
    },
    "31563": {
        "0": 1,
        "1": 9,
        "2": 77,
        "3": 664,
        "4": 5638,
        "5": 17128,
        "6": 34256
    },
    "31564": {
        "0": 1,
        "1": 12,
        "2": 99,
        "3": 786,
        "4": 6242,
        "5": 30217,
        "6": 93106
    },
    "31565": {
        "0": 1,
        "1": 1,
        "2": 12,
        "3": 106,
        "4": 902,
        "5": 7578,
        "6": 30864
    },
    "31566": {
        "0": 1,
        "1": 1,
        "2": 9,
        "3": 52,
        "4": 297,
        "5": 1745,
        "6": 5503
    },
    "31567": {
        "0": 1,
        "1": 1,
        "2": 8,
        "3": 45,
        "4": 256,
        "5": 1459,
        "6": 3369
    },
    "31568": {
        "0": 1,
        "1": 1,
        "2": 1,
        "3": 10,
        "4": 75,
        "5": 541,
        "6": 3867
    },
    "31569": {
        "0": 1,
        "1": 1,
        "2": 10,
        "3": 83,
        "4": 698,
        "5": 5782,
        "6": 16111
    },
    "31570": {
        "0": 1,
        "1": 10,
        "2": 69,
        "3": 470,
        "4": 3242,
        "5": 11643,
        "6": 34579
    },
    "31571": {
        "0": 1,
        "1": 1,
        "2": 1,
        "3": 1,
        "4": 12,
        "5": 95,
        "6": 721
    },
    "31572": {
        "0": 1,
        "1": 10,
        "2": 75,
        "3": 562,
        "4": 4159,
        "5": 15023,
        "6": 33566
    },
    "31573": {
        "0": 1,
        "1": 9,
        "2": 68,
        "3": 527,
        "4": 4105,
        "5": 13002,
        "6": 30466
    },
    "31574": {
        "0": 1,
        "1": 11,
        "2": 88,
        "3": 651,
        "4": 4748,
        "5": 17191,
        "6": 47363
    },
    "31575": {
        "0": 1,
        "1": 1,
        "2": 11,
        "3": 83,
        "4": 592,
        "5": 4236,
        "6": 13380
    },
    "31576": {
        "0": 1,
        "1": 12,
        "2": 103,
        "3": 880,
        "4": 7522,
        "5": 30882,
        "6": 83177
    },
    "31577": {
        "0": 1,
        "1": 12,
        "2": 96,
        "3": 711,
        "4": 5239,
        "5": 19714,
        "6": 54632
    },
    "31578": {
        "0": 1,
        "1": 1,
        "2": 12,
        "3": 93,
        "4": 662,
        "5": 4651,
        "6": 17217
    },
    "31579": {
        "0": 1,
        "1": 1,
        "2": 1,
        "3": 11,
        "4": 96,
        "5": 815,
        "6": 6815
    },
    "31580": {
        "0": 1,
        "1": 11,
        "2": 92,
        "3": 783,
        "4": 6621,
        "5": 23548,
        "6": 52117
    },
    "31581": {
        "0": 1,
        "1": 1,
        "2": 1,
        "3": 1,
        "4": 1,
        "5": 13,
        "6": 111
    },
    "31582": {
        "0": 1,
        "1": 1,
        "2": 10,
        "3": 82,
        "4": 690,
        "5": 5849,
        "6": 16967
    },
    "31583": {
        "0": 1,
        "1": 12,
        "2": 94,
        "3": 709,
        "4": 5325,
        "5": 22500,
        "6": 59092
    },
    "31584": {
        "0": 1,
        "1": 11,
        "2": 77,
        "3": 509,
        "4": 3350,
        "5": 12620,
        "6": 35042
    },
    "31585": {
        "0": 1,
        "1": 11,
        "2": 63,
        "3": 361,
        "4": 2123,
        "5": 7691,
        "6": 22050
    },
    "31586": {
        "0": 1,
        "1": 10,
        "2": 79,
        "3": 593,
        "4": 4408,
        "5": 15296,
        "6": 38461
    },
    "31587": {
        "0": 1,
        "1": 10,
        "2": 69,
        "3": 477,
        "4": 3236,
        "5": 12630,
        "6": 32840
    },
    "31588": {
        "0": 1,
        "1": 11,
        "2": 84,
        "3": 617,
        "4": 4511,
        "5": 15640,
        "6": 37299
    },
    "31589": {
        "0": 1,
        "1": 13,
        "2": 118,
        "3": 1038,
        "4": 9020,
        "5": 45266,
        "6": 146791
    },
    "31590": {
        "0": 1,
        "1": 10,
        "2": 77,
        "3": 596,
        "4": 4618,
        "5": 16778,
        "6": 42403
    },
    "31591": {
        "0": 1,
        "1": 1,
        "2": 11,
        "3": 86,
        "4": 655,
        "5": 4882,
        "6": 18865
    },
    "31592": {
        "0": 1,
        "1": 1,
        "2": 10,
        "3": 79,
        "4": 618,
        "5": 4805,
        "6": 18015
    },
    "31593": {
        "0": 1,
        "1": 10,
        "2": 83,
        "3": 689,
        "4": 5580,
        "5": 16685,
        "6": 31633
    },
    "31594": {
        "0": 1,
        "1": 9,
        "2": 60,
        "3": 390,
        "4": 2499,
        "5": 6942,
        "6": 14223
    },
    "31595": {
        "0": 1,
        "1": 11,
        "2": 83,
        "3": 614,
        "4": 4554,
        "5": 16152,
        "6": 37861
    },
    "31596": {
        "0": 1,
        "1": 1,
        "2": 1,
        "3": 1,
        "4": 9,
        "5": 72,
        "6": 557
    },
    "31597": {
        "0": 1,
        "1": 1,
        "2": 1,
        "3": 1,
        "4": 11,
        "5": 76,
        "6": 510
    },
    "31598": {
        "0": 1,
        "1": 1,
        "2": 11,
        "3": 99,
        "4": 849,
        "5": 6960,
        "6": 29913
    },
    "31599": {
        "0": 1,
        "1": 11,
        "2": 95,
        "3": 800,
        "4": 6675,
        "5": 25215,
        "6": 62927
    }
}