{
    "9500": {
        "0": 1,
        "1": 1,
        "2": 12,
        "3": 94,
        "4": 682,
        "5": 4880,
        "6": 17324
    },
    "9501": {
        "0": 1,
        "1": 1,
        "2": 10,
        "3": 90,
        "4": 753,
        "5": 6121,
        "6": 21160
    },
    "9502": {
        "0": 1,
        "1": 10,
        "2": 81,
        "3": 670,
        "4": 5527,
        "5": 15643,
        "6": 30577
    },
    "9503": {
        "0": 1,
        "1": 12,
        "2": 94,
        "3": 704,
        "4": 5234,
        "5": 21375,
        "6": 58492
    },
    "9504": {
        "0": 1,
        "1": 1,
        "2": 1,
        "3": 10,
        "4": 73,
        "5": 523,
        "6": 3726
    },
    "9505": {
        "0": 1,
        "1": 1,
        "2": 9,
        "3": 69,
        "4": 515,
        "5": 3752,
        "6": 9928
    },
    "9506": {
        "0": 1,
        "1": 10,
        "2": 87,
        "3": 742,
        "4": 6243,
        "5": 21747,
        "6": 52884
    },
    "9507": {
        "0": 1,
        "1": 1,
        "2": 10,
        "3": 90,
        "4": 744,
        "5": 5971,
        "6": 21225
    },
    "9508": {
        "0": 1,
        "1": 1,
        "2": 1,
        "3": 1,
        "4": 11,
        "5": 89,
        "6": 724
    },
    "9509": {
        "0": 1,
        "1": 9,
        "2": 70,
        "3": 541,
        "4": 4164,
        "5": 12719,
        "6": 30363
    },
    "9510": {
        "0": 1,
        "1": 10,
        "2": 81,
        "3": 638,
        "4": 4948,
        "5": 20739,
        "6": 60452
    },
    "9511": {
        "0": 1,
        "1": 10,
        "2": 66,
        "3": 417,
        "4": 2660,
        "5": 8137,
        "6": 17981
    },
    "9512": {
        "0": 1,
        "1": 1,
        "2": 1,
        "3": 1,
        "4": 8,
        "5": 56,
        "6": 403
    },
    "9513": {
        "0": 1,
        "1": 11,
        "2": 93,
        "3": 770,
        "4": 6295,
        "5": 21170,
        "6": 51454
    },
    "9514": {
        "0": 1,
        "1": 1,
        "2": 1,
        "3": 1,
        "4": 1,
        "5": 1,
        "6": 10
    },
    "9515": {
        "0": 1,
        "1": 1,
        "2": 11,
        "3": 97,
        "4": 834,
        "5": 7087,
        "6": 29408
    },
    "9516": {
        "0": 1,
        "1": 1,
        "2": 8,
        "3": 59,
        "4": 436,
        "5": 3256,
        "6": 5509
    },
    "9517": {
        "0": 1,
        "1": 1,
        "2": 10,
        "3": 86,
        "4": 731,
        "5": 6152,
        "6": 21286
    },
    "9518": {
        "0": 1,
        "1": 1,
        "2": 12,
        "3": 101,
        "4": 836,
        "5": 6869,
        "6": 25998
    },
    "9519": {
        "0": 1,
        "1": 1,
        "2": 10,
        "3": 69,
        "4": 467,
        "5": 3128,
        "6": 11724
    },
    "9520": {
        "0": 1,
        "1": 1,
        "2": 9,
        "3": 68,
        "4": 514,
        "5": 3876,
        "6": 11650
    },
    "9521": {
        "0": 1,
        "1": 12,
        "2": 103,
        "3": 860,
        "4": 7177,
        "5": 27369,
        "6": 69147
    },
    "9522": {
        "0": 1,
        "1": 1,
        "2": 12,
        "3": 105,
        "4": 863,
        "5": 6938,
        "6": 27489
    },
    "9523": {
        "0": 1,
        "1": 1,
        "2": 10,
        "3": 79,
        "4": 609,
        "5": 4667,
        "6": 18242
    },
    "9524": {
        "0": 1,
        "1": 1,
        "2": 10,
        "3": 85,
        "4": 720,
        "5": 6104,
        "6": 19023
    },
    "9525": {
        "0": 1,
        "1": 1,
        "2": 1,
        "3": 1,
        "4": 9,
        "5": 73,
        "6": 614
    },
    "9526": {
        "0": 1,
        "1": 9,
        "2": 64,
        "3": 450,
        "4": 3160,
        "5": 11766,
        "6": 31471
    },
    "9527": {
        "0": 1,
        "1": 9,
        "2": 69,
        "3": 531,
        "4": 4076,
        "5": 12003,
        "6": 27139
    },
    "9528": {
        "0": 1,
        "1": 9,
        "2": 68,
        "3": 509,
        "4": 3824,
        "5": 11575,
        "6": 26521
    },
    "9529": {
        "0": 1,
        "1": 10,
        "2": 85,
        "3": 716,
        "4": 5957,
        "5": 18961,
        "6": 38086
    },
    "9530": {
        "0": 1,
        "1": 1,
        "2": 1,
        "3": 10,
        "4": 86,
        "5": 723,
        "6": 6057
    },
    "9531": {
        "0": 1,
        "1": 1,
        "2": 1,
        "3": 1,
        "4": 1,
        "5": 10,
        "6": 70
    },
    "9532": {
        "0": 1,
        "1": 1,
        "2": 12,
        "3": 107,
        "4": 921,
        "5": 7624,
        "6": 33804
    },
    "9533": {
        "0": 1,
        "1": 1,
        "2": 1,
        "3": 10,
        "4": 86,
        "5": 719,
        "6": 5836
    },
    "9534": {
        "0": 1,
        "1": 1,
        "2": 1,
        "3": 12,
        "4": 91,
        "5": 663,
        "6": 4890
    },
    "9535": {
        "0": 1,
        "1": 1,
        "2": 10,
        "3": 78,
        "4": 605,
        "5": 4671,
        "6": 16615
    },
    "9536": {
        "0": 1,
        "1": 8,
        "2": 60,
        "3": 452,
        "4": 3414,
        "5": 8522,
        "6": 16708
    },
    "9537": {
        "0": 1,
        "1": 1,
        "2": 8,
        "3": 62,
        "4": 486,
        "5": 3797,
        "6": 10272
    },
    "9538": {
        "0": 1,
        "1": 10,
        "2": 78,
        "3": 603,
        "4": 4709,
        "5": 17476,
        "6": 45007
    },
    "9539": {
        "0": 1,
        "1": 11,
        "2": 84,
        "3": 645,
        "4": 4953,
        "5": 19156,
        "6": 46087
    },
    "9540": {
        "0": 1,
        "1": 10,
        "2": 87,
        "3": 758,
        "4": 6567,
        "5": 26306,
        "6": 67327
    },
    "9541": {
        "0": 1,
        "1": 9,
        "2": 76,
        "3": 641,
        "4": 5309,
        "5": 13571,
        "6": 24756
    },
    "9542": {
        "0": 1,
        "1": 1,
        "2": 1,
        "3": 1,
        "4": 9,
        "5": 74,
        "6": 602
    },
    "9543": {
        "0": 1,
        "1": 1,
        "2": 10,
        "3": 69,
        "4": 455,
        "5": 3038,
        "6": 10070
    },
    "9544": {
        "0": 1,
        "1": 11,
        "2": 76,
        "3": 507,
        "4": 3444,
        "5": 13164,
        "6": 37147
    },
    "9545": {
        "0": 1,
        "1": 1,
        "2": 11,
        "3": 86,
        "4": 659,
        "5": 5043,
        "6": 19463
    },
    "9546": {
        "0": 1,
        "1": 1,
        "2": 1,
        "3": 8,
        "4": 63,
        "5": 498,
        "6": 3964
    },
    "9547": {
        "0": 1,
        "1": 1,
        "2": 9,
        "3": 77,
        "4": 666,
        "5": 5787,
        "6": 17641
    },
    "9548": {
        "0": 1,
        "1": 12,
        "2": 99,
        "3": 778,
        "4": 6078,
        "5": 28172,
        "6": 91790
    },
    "9549": {
        "0": 1,
        "1": 8,
        "2": 62,
        "3": 478,
        "4": 3693,
        "5": 9423,
        "6": 17823
    },
    "9550": {
        "0": 1,
        "1": 10,
        "2": 82,
        "3": 681,
        "4": 5710,
        "5": 15603,
        "6": 28110
    },
    "9551": {
        "0": 1,
        "1": 1,
        "2": 10,
        "3": 78,
        "4": 597,
        "5": 4556,
        "6": 15646
    },
    "9552": {
        "0": 1,
        "1": 13,
        "2": 95,
        "3": 608,
        "4": 3840,
        "5": 15424,
        "6": 46909
    },
    "9553": {
        "0": 1,
        "1": 1,
        "2": 1,
        "3": 1,
        "4": 10,
        "5": 88,
        "6": 759
    },
    "9554": {
        "0": 1,
        "1": 11,
        "2": 90,
        "3": 729,
        "4": 5806,
        "5": 17822,
        "6": 37549
    },
    "9555": {
        "0": 1,
        "1": 9,
        "2": 62,
        "3": 420,
        "4": 2877,
        "5": 9611,
        "6": 21982
    },
    "9556": {
        "0": 1,
        "1": 1,
        "2": 1,
        "3": 1,
        "4": 10,
        "5": 84,
        "6": 718
    },
    "9557": {
        "0": 1,
        "1": 1,
        "2": 10,
        "3": 80,
        "4": 619,
        "5": 4679,
        "6": 17419
    },
    "9558": {
        "0": 1,
        "1": 1,
        "2": 1,
        "3": 1,
        "4": 8,
        "5": 64,
        "6": 485
    },
    "9559": {
        "0": 1,
        "1": 1,
        "2": 9,
        "3": 80,
        "4": 698,
        "5": 6048,
        "6": 19820
    },
    "9560": {
        "0": 1,
        "1": 1,
        "2": 13,
        "3": 114,
        "4": 928,
        "5": 7359,
        "6": 29965
    },
    "9561": {
        "0": 1,
        "1": 1,
        "2": 1,
        "3": 1,
        "4": 1,
        "5": 10,
        "6": 75
    },
    "9562": {
        "0": 1,
        "1": 13,
        "2": 110,
        "3": 839,
        "4": 6118,
        "5": 28090,
        "6": 95027
    },
    "9563": {
        "0": 1,
        "1": 1,
        "2": 1,
        "3": 10,
        "4": 67,
        "5": 437,
        "6": 2934
    },
    "9564": {
        "0": 1,
        "1": 1,
        "2": 13,
        "3": 112,
        "4": 940,
        "5": 7795,
        "6": 31783
    },
    "9565": {
        "0": 1,
        "1": 11,
        "2": 70,
        "3": 410,
        "4": 2474,
        "5": 10070,
        "6": 30105
    },
    "9566": {
        "0": 1,
        "1": 12,
        "2": 106,
        "3": 912,
        "4": 7816,
        "5": 34206,
        "6": 95807
    },
    "9567": {
        "0": 1,
        "1": 1,
        "2": 1,
        "3": 1,
        "4": 9,
        "5": 80,
        "6": 710
    },
    "9568": {
        "0": 1,
        "1": 1,
        "2": 12,
        "3": 103,
        "4": 856,
        "5": 7005,
        "6": 26647
    },
    "9569": {
        "0": 1,
        "1": 1,
        "2": 1,
        "3": 1,
        "4": 12,
        "5": 105,
        "6": 858
    },
    "9570": {
        "0": 1,
        "1": 1,
        "2": 1,
        "3": 1,
        "4": 1,
        "5": 1,
        "6": 10
    },
    "9571": {
        "0": 1,
        "1": 12,
        "2": 87,
        "3": 567,
        "4": 3649,
        "5": 13403,
        "6": 36196
    },
    "9572": {
        "0": 1,
        "1": 9,
        "2": 69,
        "3": 537,
        "4": 4187,
        "5": 13674,
        "6": 32255
    },
    "9573": {
        "0": 1,
        "1": 12,
        "2": 89,
        "3": 632,
        "4": 4540,
        "5": 15452,
        "6": 33305
    },
    "9574": {
        "0": 1,
        "1": 10,
        "2": 84,
        "3": 715,
        "4": 5932,
        "5": 20556,
        "6": 43680
    },
    "9575": {
        "0": 1,
        "1": 10,
        "2": 83,
        "3": 688,
        "4": 5667,
        "5": 16367,
        "6": 32696
    },
    "9576": {
        "0": 1,
        "1": 11,
        "2": 91,
        "3": 722,
        "4": 5605,
        "5": 25152,
        "6": 77299
    },
    "9577": {
        "0": 1,
        "1": 1,
        "2": 1,
        "3": 11,
        "4": 95,
        "5": 826,
        "6": 7079
    },
    "9578": {
        "0": 1,
        "1": 1,
        "2": 1,
        "3": 10,
        "4": 80,
        "5": 632,
        "6": 4985
    },
    "9579": {
        "0": 1,
        "1": 11,
        "2": 83,
        "3": 629,
        "4": 4735,
        "5": 18315,
        "6": 51325
    },
    "9580": {
        "0": 1,
        "1": 8,
        "2": 59,
        "3": 434,
        "4": 3241,
        "5": 5267,
        "6": 9714
    },
    "9581": {
        "0": 1,
        "1": 1,
        "2": 12,
        "3": 95,
        "4": 724,
        "5": 5518,
        "6": 22959
    },
    "9582": {
        "0": 1,
        "1": 12,
        "2": 97,
        "3": 733,
        "4": 5456,
        "5": 21456,
        "6": 58073
    },
    "9583": {
        "0": 1,
        "1": 1,
        "2": 1,
        "3": 1,
        "4": 9,
        "5": 69,
        "6": 532
    },
    "9584": {
        "0": 1,
        "1": 1,
        "2": 1,
        "3": 1,
        "4": 13,
        "5": 124,
        "6": 1098
    },
    "9585": {
        "0": 1,
        "1": 1,
        "2": 9,
        "3": 67,
        "4": 503,
        "5": 3820,
        "6": 10040
    },
    "9586": {
        "0": 1,
        "1": 11,
        "2": 84,
        "3": 622,
        "4": 4641,
        "5": 15659,
        "6": 36407
    },
    "9587": {
        "0": 1,
        "1": 11,
        "2": 74,
        "3": 490,
        "4": 3278,
        "5": 11749,
        "6": 25697
    },
    "9588": {
        "0": 1,
        "1": 1,
        "2": 1,
        "3": 9,
        "4": 66,
        "5": 482,
        "6": 3501
    },
    "9589": {
        "0": 1,
        "1": 1,
        "2": 11,
        "3": 76,
        "4": 514,
        "5": 3527,
        "6": 14025
    },
    "9590": {
        "0": 1,
        "1": 1,
        "2": 12,
        "3": 105,
        "4": 870,
        "5": 6955,
        "6": 26970
    },
    "9591": {
        "0": 1,
        "1": 10,
        "2": 88,
        "3": 771,
        "4": 6736,
        "5": 25804,
        "6": 62297
    },
    "9592": {
        "0": 1,
        "1": 11,
        "2": 70,
        "3": 445,
        "4": 2891,
        "5": 8758,
        "6": 20277
    },
    "9593": {
        "0": 1,
        "1": 9,
        "2": 68,
        "3": 502,
        "4": 3721,
        "5": 8696,
        "6": 16784
    },
    "9594": {
        "0": 1,
        "1": 10,
        "2": 74,
        "3": 557,
        "4": 4264,
        "5": 13696,
        "6": 33793
    },
    "9595": {
        "0": 1,
        "1": 1,
        "2": 1,
        "3": 1,
        "4": 10,
        "5": 76,
        "6": 575
    },
    "9596": {
        "0": 1,
        "1": 11,
        "2": 88,
        "3": 683,
        "4": 5291,
        "5": 21937,
        "6": 58552
    },
    "9597": {
        "0": 1,
        "1": 9,
        "2": 65,
        "3": 453,
        "4": 3061,
        "5": 12578,
        "6": 37602
    },
    "9598": {
        "0": 1,
        "1": 1,
        "2": 1,
        "3": 11,
        "4": 86,
        "5": 614,
        "6": 4161
    },
    "9599": {
        "0": 1,
        "1": 1,
        "2": 10,
        "3": 69,
        "4": 448,
        "5": 2941,
        "6": 10405
    }
}