{
    "11000": {
        "0": 1,
        "1": 10,
        "2": 79,
        "3": 608,
        "4": 4648,
        "5": 16278,
        "6": 36833
    },
    "11001": {
        "0": 1,
        "1": 12,
        "2": 105,
        "3": 891,
        "4": 7527,
        "5": 30874,
        "6": 74696
    },
    "11002": {
        "0": 1,
        "1": 1,
        "2": 1,
        "3": 12,
        "4": 90,
        "5": 626,
        "6": 4328
    },
    "11003": {
        "0": 1,
        "1": 9,
        "2": 69,
        "3": 526,
        "4": 3950,
        "5": 13154,
        "6": 31232
    },
    "11004": {
        "0": 1,
        "1": 1,
        "2": 10,
        "3": 78,
        "4": 593,
        "5": 4471,
        "6": 16213
    },
    "11005": {
        "0": 1,
        "1": 9,
        "2": 66,
        "3": 494,
        "4": 3739,
        "5": 9587,
        "6": 16444
    },
    "11006": {
        "0": 1,
        "1": 1,
        "2": 1,
        "3": 11,
        "4": 92,
        "5": 726,
        "6": 5652
    },
    "11007": {
        "0": 1,
        "1": 1,
        "2": 1,
        "3": 12,
        "4": 106,
        "5": 923,
        "6": 7927
    },
    "11008": {
        "0": 1,
        "1": 9,
        "2": 75,
        "3": 642,
        "4": 5452,
        "5": 15966,
        "6": 33492
    },
    "11009": {
        "0": 1,
        "1": 1,
        "2": 1,
        "3": 14,
        "4": 120,
        "5": 997,
        "6": 8371
    },
    "11010": {
        "0": 1,
        "1": 1,
        "2": 1,
        "3": 11,
        "4": 94,
        "5": 803,
        "6": 6746
    },
    "11011": {
        "0": 1,
        "1": 9,
        "2": 71,
        "3": 549,
        "4": 4154,
        "5": 13072,
        "6": 28860
    },
    "11012": {
        "0": 1,
        "1": 1,
        "2": 11,
        "3": 92,
        "4": 770,
        "5": 6386,
        "6": 22587
    },
    "11013": {
        "0": 1,
        "1": 1,
        "2": 1,
        "3": 9,
        "4": 70,
        "5": 544,
        "6": 4200
    },
    "11014": {
        "0": 1,
        "1": 1,
        "2": 1,
        "3": 10,
        "4": 81,
        "5": 657,
        "6": 5250
    },
    "11015": {
        "0": 1,
        "1": 9,
        "2": 65,
        "3": 459,
        "4": 3216,
        "5": 5066,
        "6": 8754
    },
    "11016": {
        "0": 1,
        "1": 10,
        "2": 69,
        "3": 482,
        "4": 3308,
        "5": 12269,
        "6": 31552
    },
    "11017": {
        "0": 1,
        "1": 1,
        "2": 12,
        "3": 92,
        "4": 674,
        "5": 4997,
        "6": 18395
    },
    "11018": {
        "0": 1,
        "1": 1,
        "2": 1,
        "3": 1,
        "4": 8,
        "5": 60,
        "6": 462
    },
    "11019": {
        "0": 1,
        "1": 11,
        "2": 77,
        "3": 509,
        "4": 3332,
        "5": 12957,
        "6": 35798
    },
    "11020": {
        "0": 1,
        "1": 10,
        "2": 84,
        "3": 688,
        "4": 5605,
        "5": 15417,
        "6": 32560
    },
    "11021": {
        "0": 1,
        "1": 9,
        "2": 67,
        "3": 511,
        "4": 3897,
        "5": 10508,
        "6": 22632
    },
    "11022": {
        "0": 1,
        "1": 9,
        "2": 75,
        "3": 630,
        "4": 5269,
        "5": 13788,
        "6": 23021
    },
    "11023": {
        "0": 1,
        "1": 1,
        "2": 11,
        "3": 87,
        "4": 671,
        "5": 5094,
        "6": 19233
    },
    "11024": {
        "0": 1,
        "1": 10,
        "2": 86,
        "3": 752,
        "4": 6543,
        "5": 23973,
        "6": 59990
    },
    "11025": {
        "0": 1,
        "1": 1,
        "2": 11,
        "3": 86,
        "4": 647,
        "5": 4842,
        "6": 18995
    },
    "11026": {
        "0": 1,
        "1": 11,
        "2": 90,
        "3": 748,
        "4": 6195,
        "5": 21186,
        "6": 50844
    },
    "11027": {
        "0": 1,
        "1": 1,
        "2": 8,
        "3": 60,
        "4": 446,
        "5": 3314,
        "6": 7378
    },
    "11028": {
        "0": 1,
        "1": 10,
        "2": 85,
        "3": 725,
        "4": 6094,
        "5": 20459,
        "6": 43540
    },
    "11029": {
        "0": 1,
        "1": 11,
        "2": 86,
        "3": 653,
        "4": 4921,
        "5": 17702,
        "6": 44923
    },
    "11030": {
        "0": 1,
        "1": 1,
        "2": 1,
        "3": 10,
        "4": 83,
        "5": 694,
        "6": 5842
    },
    "11031": {
        "0": 1,
        "1": 1,
        "2": 10,
        "3": 73,
        "4": 532,
        "5": 3838,
        "6": 11969
    },
    "11032": {
        "0": 1,
        "1": 1,
        "2": 10,
        "3": 77,
        "4": 568,
        "5": 4120,
        "6": 13989
    },
    "11033": {
        "0": 1,
        "1": 1,
        "2": 9,
        "3": 68,
        "4": 521,
        "5": 3937,
        "6": 12163
    },
    "11034": {
        "0": 1,
        "1": 1,
        "2": 10,
        "3": 78,
        "4": 579,
        "5": 4244,
        "6": 13489
    },
    "11035": {
        "0": 1,
        "1": 10,
        "2": 82,
        "3": 652,
        "4": 5116,
        "5": 20674,
        "6": 54204
    },
    "11036": {
        "0": 1,
        "1": 1,
        "2": 10,
        "3": 76,
        "4": 586,
        "5": 4570,
        "6": 16676
    },
    "11037": {
        "0": 1,
        "1": 1,
        "2": 1,
        "3": 1,
        "4": 12,
        "5": 95,
        "6": 684
    },
    "11038": {
        "0": 1,
        "1": 11,
        "2": 87,
        "3": 669,
        "4": 5134,
        "5": 20521,
        "6": 54640
    },
    "11039": {
        "0": 1,
        "1": 11,
        "2": 86,
        "3": 646,
        "4": 4858,
        "5": 17484,
        "6": 43026
    },
    "11040": {
        "0": 1,
        "1": 10,
        "2": 81,
        "3": 657,
        "4": 5257,
        "5": 14018,
        "6": 30367
    },
    "11041": {
        "0": 1,
        "1": 12,
        "2": 105,
        "3": 870,
        "4": 7057,
        "5": 28729,
        "6": 78143
    },
    "11042": {
        "0": 1,
        "1": 10,
        "2": 81,
        "3": 631,
        "4": 4909,
        "5": 19005,
        "6": 49026
    },
    "11043": {
        "0": 1,
        "1": 1,
        "2": 1,
        "3": 1,
        "4": 11,
        "5": 97,
        "6": 834
    },
    "11044": {
        "0": 1,
        "1": 1,
        "2": 11,
        "3": 87,
        "4": 654,
        "5": 4900,
        "6": 17550
    },
    "11045": {
        "0": 1,
        "1": 1,
        "2": 10,
        "3": 76,
        "4": 556,
        "5": 4022,
        "6": 13448
    },
    "11046": {
        "0": 1,
        "1": 1,
        "2": 1,
        "3": 11,
        "4": 92,
        "5": 759,
        "6": 6223
    },
    "11047": {
        "0": 1,
        "1": 1,
        "2": 10,
        "3": 81,
        "4": 667,
        "5": 5400,
        "6": 13290
    },
    "11048": {
        "0": 1,
        "1": 1,
        "2": 11,
        "3": 92,
        "4": 764,
        "5": 6329,
        "6": 22158
    },
    "11049": {
        "0": 1,
        "1": 1,
        "2": 1,
        "3": 11,
        "4": 92,
        "5": 765,
        "6": 6317
    },
    "11050": {
        "0": 1,
        "1": 12,
        "2": 91,
        "3": 644,
        "4": 4607,
        "5": 14225,
        "6": 34866
    },
    "11051": {
        "0": 1,
        "1": 1,
        "2": 1,
        "3": 9,
        "4": 63,
        "5": 429,
        "6": 2902
    },
    "11052": {
        "0": 1,
        "1": 1,
        "2": 13,
        "3": 102,
        "4": 740,
        "5": 5325,
        "6": 20780
    },
    "11053": {
        "0": 1,
        "1": 9,
        "2": 72,
        "3": 600,
        "4": 5013,
        "5": 11704,
        "6": 23086
    },
    "11054": {
        "0": 1,
        "1": 1,
        "2": 8,
        "3": 66,
        "4": 538,
        "5": 4380,
        "6": 5637
    },
    "11055": {
        "0": 1,
        "1": 1,
        "2": 1,
        "3": 11,
        "4": 84,
        "5": 606,
        "6": 4322
    },
    "11056": {
        "0": 1,
        "1": 9,
        "2": 69,
        "3": 519,
        "4": 3942,
        "5": 10927,
        "6": 24213
    },
    "11057": {
        "0": 1,
        "1": 9,
        "2": 68,
        "3": 528,
        "4": 4102,
        "5": 14533,
        "6": 32520
    },
    "11058": {
        "0": 1,
        "1": 12,
        "2": 106,
        "3": 880,
        "4": 7117,
        "5": 27194,
        "6": 65334
    },
    "11059": {
        "0": 1,
        "1": 9,
        "2": 66,
        "3": 489,
        "4": 3601,
        "5": 9047,
        "6": 15201
    },
    "11060": {
        "0": 1,
        "1": 9,
        "2": 78,
        "3": 657,
        "4": 5403,
        "5": 16143,
        "6": 31577
    },
    "11061": {
        "0": 1,
        "1": 1,
        "2": 8,
        "3": 61,
        "4": 466,
        "5": 3601,
        "6": 8966
    },
    "11062": {
        "0": 1,
        "1": 10,
        "2": 86,
        "3": 742,
        "4": 6449,
        "5": 23490,
        "6": 52208
    },
    "11063": {
        "0": 1,
        "1": 9,
        "2": 60,
        "3": 417,
        "4": 2926,
        "5": 10343,
        "6": 23170
    },
    "11064": {
        "0": 1,
        "1": 9,
        "2": 77,
        "3": 661,
        "4": 5596,
        "5": 16516,
        "6": 30718
    },
    "11065": {
        "0": 1,
        "1": 1,
        "2": 10,
        "3": 88,
        "4": 775,
        "5": 6816,
        "6": 27041
    },
    "11066": {
        "0": 1,
        "1": 1,
        "2": 1,
        "3": 1,
        "4": 12,
        "5": 96,
        "6": 721
    },
    "11067": {
        "0": 1,
        "1": 10,
        "2": 73,
        "3": 542,
        "4": 4004,
        "5": 12236,
        "6": 26650
    },
    "11068": {
        "0": 1,
        "1": 1,
        "2": 1,
        "3": 11,
        "4": 84,
        "5": 644,
        "6": 5005
    },
    "11069": {
        "0": 1,
        "1": 11,
        "2": 78,
        "3": 528,
        "4": 3584,
        "5": 14029,
        "6": 39753
    },
    "11070": {
        "0": 1,
        "1": 9,
        "2": 75,
        "3": 633,
        "4": 5335,
        "5": 14789,
        "6": 27691
    },
    "11071": {
        "0": 1,
        "1": 9,
        "2": 75,
        "3": 619,
        "4": 5089,
        "5": 11625,
        "6": 17115
    },
    "11072": {
        "0": 1,
        "1": 12,
        "2": 106,
        "3": 886,
        "4": 7272,
        "5": 28922,
        "6": 75246
    },
    "11073": {
        "0": 1,
        "1": 8,
        "2": 71,
        "3": 629,
        "4": 5521,
        "5": 15381,
        "6": 29512
    },
    "11074": {
        "0": 1,
        "1": 1,
        "2": 9,
        "3": 79,
        "4": 665,
        "5": 5468,
        "6": 16403
    },
    "11075": {
        "0": 1,
        "1": 1,
        "2": 1,
        "3": 10,
        "4": 78,
        "5": 599,
        "6": 4668
    },
    "11076": {
        "0": 1,
        "1": 10,
        "2": 77,
        "3": 588,
        "4": 4514,
        "5": 15404,
        "6": 35954
    },
    "11077": {
        "0": 1,
        "1": 1,
        "2": 1,
        "3": 1,
        "4": 12,
        "5": 82,
        "6": 502
    },
    "11078": {
        "0": 1,
        "1": 9,
        "2": 66,
        "3": 499,
        "4": 3796,
        "5": 9843,
        "6": 18542
    },
    "11079": {
        "0": 1,
        "1": 10,
        "2": 78,
        "3": 597,
        "4": 4508,
        "5": 16515,
        "6": 42457
    },
    "11080": {
        "0": 1,
        "1": 10,
        "2": 79,
        "3": 602,
        "4": 4583,
        "5": 15851,
        "6": 39785
    },
    "11081": {
        "0": 1,
        "1": 1,
        "2": 10,
        "3": 66,
        "4": 421,
        "5": 2760,
        "6": 7950
    },
    "11082": {
        "0": 1,
        "1": 10,
        "2": 75,
        "3": 563,
        "4": 4210,
        "5": 14130,
        "6": 34593
    },
    "11083": {
        "0": 1,
        "1": 12,
        "2": 99,
        "3": 808,
        "4": 6590,
        "5": 23655,
        "6": 53799
    },
    "11084": {
        "0": 1,
        "1": 1,
        "2": 10,
        "3": 86,
        "4": 728,
        "5": 6124,
        "6": 21154
    },
    "11085": {
        "0": 1,
        "1": 1,
        "2": 12,
        "3": 86,
        "4": 582,
        "5": 3964,
        "6": 16586
    },
    "11086": {
        "0": 1,
        "1": 10,
        "2": 86,
        "3": 736,
        "4": 6236,
        "5": 22525,
        "6": 50320
    },
    "11087": {
        "0": 1,
        "1": 9,
        "2": 67,
        "3": 491,
        "4": 3588,
        "5": 8661,
        "6": 20590
    },
    "11088": {
        "0": 1,
        "1": 9,
        "2": 73,
        "3": 608,
        "4": 5093,
        "5": 10513,
        "6": 17258
    },
    "11089": {
        "0": 1,
        "1": 10,
        "2": 70,
        "3": 475,
        "4": 3279,
        "5": 12630,
        "6": 34515
    },
    "11090": {
        "0": 1,
        "1": 9,
        "2": 68,
        "3": 508,
        "4": 3777,
        "5": 10844,
        "6": 19650
    },
    "11091": {
        "0": 1,
        "1": 1,
        "2": 1,
        "3": 8,
        "4": 72,
        "5": 639,
        "6": 5609
    },
    "11092": {
        "0": 1,
        "1": 10,
        "2": 76,
        "3": 565,
        "4": 4136,
        "5": 12700,
        "6": 28897
    },
    "11093": {
        "0": 1,
        "1": 1,
        "2": 1,
        "3": 11,
        "4": 96,
        "5": 838,
        "6": 7189
    },
    "11094": {
        "0": 1,
        "1": 13,
        "2": 95,
        "3": 632,
        "4": 4228,
        "5": 18209,
        "6": 55001
    },
    "11095": {
        "0": 1,
        "1": 1,
        "2": 1,
        "3": 9,
        "4": 78,
        "5": 679,
        "6": 5941
    },
    "11096": {
        "0": 1,
        "1": 1,
        "2": 1,
        "3": 9,
        "4": 77,
        "5": 664,
        "6": 5639
    },
    "11097": {
        "0": 1,
        "1": 13,
        "2": 116,
        "3": 982,
        "4": 8161,
        "5": 36999,
        "6": 104575
    },
    "11098": {
        "0": 1,
        "1": 1,
        "2": 1,
        "3": 11,
        "4": 92,
        "5": 748,
        "6": 6068
    },
    "11099": {
        "0": 1,
        "1": 1,
        "2": 12,
        "3": 108,
        "4": 936,
        "5": 7987,
        "6": 35367
    }
}