{
    "14600": {
        "0": 1,
        "1": 1,
        "2": 1,
        "3": 10,
        "4": 73,
        "5": 503,
        "6": 3447
    },
    "14601": {
        "0": 1,
        "1": 1,
        "2": 1,
        "3": 1,
        "4": 9,
        "5": 77,
        "6": 651
    },
    "14602": {
        "0": 1,
        "1": 1,
        "2": 1,
        "3": 10,
        "4": 83,
        "5": 712,
        "6": 6093
    },
    "14603": {
        "0": 1,
        "1": 1,
        "2": 12,
        "3": 104,
        "4": 864,
        "5": 7164,
        "6": 27138
    },
    "14604": {
        "0": 1,
        "1": 1,
        "2": 10,
        "3": 87,
        "4": 731,
        "5": 6078,
        "6": 20311
    },
    "14605": {
        "0": 1,
        "1": 1,
        "2": 1,
        "3": 1,
        "4": 12,
        "5": 104,
        "6": 872
    },
    "14606": {
        "0": 1,
        "1": 1,
        "2": 1,
        "3": 11,
        "4": 96,
        "5": 820,
        "6": 6989
    },
    "14607": {
        "0": 1,
        "1": 10,
        "2": 85,
        "3": 743,
        "4": 6368,
        "5": 23449,
        "6": 53782
    },
    "14608": {
        "0": 1,
        "1": 12,
        "2": 108,
        "3": 901,
        "4": 7338,
        "5": 31246,
        "6": 95157
    },
    "14609": {
        "0": 1,
        "1": 11,
        "2": 97,
        "3": 842,
        "4": 7249,
        "5": 29763,
        "6": 82694
    },
    "14610": {
        "0": 1,
        "1": 11,
        "2": 99,
        "3": 888,
        "4": 7855,
        "5": 36104,
        "6": 104018
    },
    "14611": {
        "0": 1,
        "1": 1,
        "2": 8,
        "3": 69,
        "4": 579,
        "5": 4815,
        "6": 9676
    },
    "14612": {
        "0": 1,
        "1": 1,
        "2": 10,
        "3": 78,
        "4": 579,
        "5": 4276,
        "6": 14179
    },
    "14613": {
        "0": 1,
        "1": 1,
        "2": 11,
        "3": 93,
        "4": 778,
        "5": 6339,
        "6": 22999
    },
    "14614": {
        "0": 1,
        "1": 1,
        "2": 1,
        "3": 11,
        "4": 91,
        "5": 749,
        "6": 6159
    },
    "14615": {
        "0": 1,
        "1": 1,
        "2": 10,
        "3": 80,
        "4": 656,
        "5": 5278,
        "6": 14565
    },
    "14616": {
        "0": 1,
        "1": 1,
        "2": 10,
        "3": 81,
        "4": 650,
        "5": 5179,
        "6": 21750
    },
    "14617": {
        "0": 1,
        "1": 8,
        "2": 60,
        "3": 446,
        "4": 3332,
        "5": 5990,
        "6": 10196
    },
    "14618": {
        "0": 1,
        "1": 10,
        "2": 71,
        "3": 501,
        "4": 3564,
        "5": 15091,
        "6": 45571
    },
    "14619": {
        "0": 1,
        "1": 1,
        "2": 12,
        "3": 98,
        "4": 740,
        "5": 5496,
        "6": 23254
    },
    "14620": {
        "0": 1,
        "1": 1,
        "2": 10,
        "3": 77,
        "4": 584,
        "5": 4458,
        "6": 16615
    },
    "14621": {
        "0": 1,
        "1": 9,
        "2": 75,
        "3": 629,
        "4": 5232,
        "5": 13286,
        "6": 21207
    },
    "14622": {
        "0": 1,
        "1": 1,
        "2": 1,
        "3": 14,
        "4": 104,
        "5": 672,
        "6": 4367
    },
    "14623": {
        "0": 1,
        "1": 8,
        "2": 67,
        "3": 561,
        "4": 4605,
        "5": 8874,
        "6": 15609
    },
    "14624": {
        "0": 1,
        "1": 1,
        "2": 1,
        "3": 10,
        "4": 76,
        "5": 567,
        "6": 4270
    },
    "14625": {
        "0": 1,
        "1": 9,
        "2": 77,
        "3": 654,
        "4": 5602,
        "5": 17781,
        "6": 42139
    },
    "14626": {
        "0": 1,
        "1": 10,
        "2": 83,
        "3": 703,
        "4": 5981,
        "5": 18706,
        "6": 41218
    },
    "14627": {
        "0": 1,
        "1": 1,
        "2": 11,
        "3": 72,
        "4": 448,
        "5": 2744,
        "6": 7872
    },
    "14628": {
        "0": 1,
        "1": 8,
        "2": 53,
        "3": 350,
        "4": 2328,
        "5": 5389,
        "6": 8951
    },
    "14629": {
        "0": 1,
        "1": 10,
        "2": 86,
        "3": 737,
        "4": 6217,
        "5": 21859,
        "6": 53748
    },
    "14630": {
        "0": 1,
        "1": 10,
        "2": 71,
        "3": 507,
        "4": 3582,
        "5": 14866,
        "6": 44230
    },
    "14631": {
        "0": 1,
        "1": 10,
        "2": 74,
        "3": 549,
        "4": 4110,
        "5": 11997,
        "6": 25962
    },
    "14632": {
        "0": 1,
        "1": 1,
        "2": 1,
        "3": 1,
        "4": 12,
        "5": 94,
        "6": 689
    },
    "14633": {
        "0": 1,
        "1": 9,
        "2": 61,
        "3": 405,
        "4": 2682,
        "5": 8731,
        "6": 20481
    },
    "14634": {
        "0": 1,
        "1": 1,
        "2": 1,
        "3": 9,
        "4": 71,
        "5": 549,
        "6": 4245
    },
    "14635": {
        "0": 1,
        "1": 1,
        "2": 9,
        "3": 77,
        "4": 650,
        "5": 5446,
        "6": 15259
    },
    "14636": {
        "0": 1,
        "1": 1,
        "2": 15,
        "3": 134,
        "4": 1052,
        "5": 8010,
        "6": 41247
    },
    "14637": {
        "0": 1,
        "1": 1,
        "2": 10,
        "3": 94,
        "4": 851,
        "5": 7408,
        "6": 34539
    },
    "14638": {
        "0": 1,
        "1": 1,
        "2": 12,
        "3": 104,
        "4": 889,
        "5": 7551,
        "6": 31639
    },
    "14639": {
        "0": 1,
        "1": 1,
        "2": 1,
        "3": 11,
        "4": 86,
        "5": 636,
        "6": 4666
    },
    "14640": {
        "0": 1,
        "1": 12,
        "2": 96,
        "3": 786,
        "4": 6536,
        "5": 22265,
        "6": 48592
    },
    "14641": {
        "0": 1,
        "1": 11,
        "2": 89,
        "3": 714,
        "4": 5759,
        "5": 16593,
        "6": 31842
    },
    "14642": {
        "0": 1,
        "1": 10,
        "2": 77,
        "3": 581,
        "4": 4366,
        "5": 13737,
        "6": 30245
    },
    "14643": {
        "0": 1,
        "1": 1,
        "2": 1,
        "3": 10,
        "4": 87,
        "5": 758,
        "6": 6591
    },
    "14644": {
        "0": 1,
        "1": 10,
        "2": 87,
        "3": 755,
        "4": 6514,
        "5": 23075,
        "6": 57416
    },
    "14645": {
        "0": 1,
        "1": 11,
        "2": 83,
        "3": 641,
        "4": 4963,
        "5": 19199,
        "6": 47238
    },
    "14646": {
        "0": 1,
        "1": 1,
        "2": 1,
        "3": 13,
        "4": 100,
        "5": 723,
        "6": 5252
    },
    "14647": {
        "0": 1,
        "1": 1,
        "2": 1,
        "3": 10,
        "4": 84,
        "5": 725,
        "6": 6221
    },
    "14648": {
        "0": 1,
        "1": 1,
        "2": 1,
        "3": 10,
        "4": 75,
        "5": 555,
        "6": 4146
    },
    "14649": {
        "0": 1,
        "1": 1,
        "2": 9,
        "3": 59,
        "4": 383,
        "5": 2519,
        "6": 6324
    },
    "14650": {
        "0": 1,
        "1": 9,
        "2": 76,
        "3": 644,
        "4": 5379,
        "5": 14530,
        "6": 26379
    },
    "14651": {
        "0": 1,
        "1": 1,
        "2": 1,
        "3": 1,
        "4": 11,
        "5": 91,
        "6": 741
    },
    "14652": {
        "0": 1,
        "1": 12,
        "2": 101,
        "3": 818,
        "4": 6635,
        "5": 23777,
        "6": 53754
    },
    "14653": {
        "0": 1,
        "1": 1,
        "2": 1,
        "3": 11,
        "4": 92,
        "5": 771,
        "6": 6434
    },
    "14654": {
        "0": 1,
        "1": 10,
        "2": 76,
        "3": 535,
        "4": 3720,
        "5": 10303,
        "6": 21096
    },
    "14655": {
        "0": 1,
        "1": 10,
        "2": 88,
        "3": 746,
        "4": 6273,
        "5": 20068,
        "6": 42980
    },
    "14656": {
        "0": 1,
        "1": 1,
        "2": 1,
        "3": 10,
        "4": 87,
        "5": 737,
        "6": 6222
    },
    "14657": {
        "0": 1,
        "1": 1,
        "2": 10,
        "3": 77,
        "4": 605,
        "5": 4746,
        "6": 18002
    },
    "14658": {
        "0": 1,
        "1": 10,
        "2": 77,
        "3": 590,
        "4": 4570,
        "5": 16732,
        "6": 41358
    },
    "14659": {
        "0": 1,
        "1": 10,
        "2": 86,
        "3": 747,
        "4": 6504,
        "5": 23759,
        "6": 58846
    },
    "14660": {
        "0": 1,
        "1": 1,
        "2": 1,
        "3": 1,
        "4": 10,
        "5": 74,
        "6": 570
    },
    "14661": {
        "0": 1,
        "1": 11,
        "2": 92,
        "3": 748,
        "4": 6005,
        "5": 20111,
        "6": 47370
    },
    "14662": {
        "0": 1,
        "1": 11,
        "2": 77,
        "3": 532,
        "4": 3728,
        "5": 15949,
        "6": 47048
    },
    "14663": {
        "0": 1,
        "1": 1,
        "2": 1,
        "3": 11,
        "4": 89,
        "5": 662,
        "6": 4773
    },
    "14664": {
        "0": 1,
        "1": 1,
        "2": 1,
        "3": 1,
        "4": 8,
        "5": 56,
        "6": 398
    },
    "14665": {
        "0": 1,
        "1": 1,
        "2": 11,
        "3": 93,
        "4": 776,
        "5": 6408,
        "6": 22446
    },
    "14666": {
        "0": 1,
        "1": 1,
        "2": 1,
        "3": 10,
        "4": 74,
        "5": 527,
        "6": 3754
    },
    "14667": {
        "0": 1,
        "1": 8,
        "2": 71,
        "3": 592,
        "4": 4725,
        "5": 11322,
        "6": 22006
    },
    "14668": {
        "0": 1,
        "1": 1,
        "2": 8,
        "3": 62,
        "4": 468,
        "5": 3492,
        "6": 8524
    },
    "14669": {
        "0": 1,
        "1": 1,
        "2": 10,
        "3": 89,
        "4": 802,
        "5": 7071,
        "6": 29179
    },
    "14670": {
        "0": 1,
        "1": 10,
        "2": 73,
        "3": 533,
        "4": 3935,
        "5": 10235,
        "6": 17927
    },
    "14671": {
        "0": 1,
        "1": 1,
        "2": 1,
        "3": 1,
        "4": 1,
        "5": 11,
        "6": 93
    },
    "14672": {
        "0": 1,
        "1": 1,
        "2": 1,
        "3": 10,
        "4": 83,
        "5": 710,
        "6": 6117
    },
    "14673": {
        "0": 1,
        "1": 14,
        "2": 124,
        "3": 1053,
        "4": 8907,
        "5": 42617,
        "6": 129399
    },
    "14674": {
        "0": 1,
        "1": 1,
        "2": 10,
        "3": 77,
        "4": 597,
        "5": 4559,
        "6": 17087
    },
    "14675": {
        "0": 1,
        "1": 1,
        "2": 1,
        "3": 1,
        "4": 10,
        "5": 74,
        "6": 531
    },
    "14676": {
        "0": 1,
        "1": 9,
        "2": 69,
        "3": 511,
        "4": 3734,
        "5": 9753,
        "6": 19950
    },
    "14677": {
        "0": 1,
        "1": 1,
        "2": 1,
        "3": 12,
        "4": 103,
        "5": 873,
        "6": 7405
    },
    "14678": {
        "0": 1,
        "1": 1,
        "2": 1,
        "3": 1,
        "4": 10,
        "5": 68,
        "6": 448
    },
    "14679": {
        "0": 1,
        "1": 1,
        "2": 10,
        "3": 91,
        "4": 801,
        "5": 6980,
        "6": 28058
    },
    "14680": {
        "0": 1,
        "1": 11,
        "2": 87,
        "3": 648,
        "4": 4798,
        "5": 18043,
        "6": 51865
    },
    "14681": {
        "0": 1,
        "1": 9,
        "2": 77,
        "3": 649,
        "4": 5445,
        "5": 15132,
        "6": 34481
    },
    "14682": {
        "0": 1,
        "1": 10,
        "2": 85,
        "3": 740,
        "4": 6387,
        "5": 22211,
        "6": 46300
    },
    "14683": {
        "0": 1,
        "1": 12,
        "2": 97,
        "3": 726,
        "4": 5361,
        "5": 21811,
        "6": 56997
    },
    "14684": {
        "0": 1,
        "1": 1,
        "2": 1,
        "3": 11,
        "4": 89,
        "5": 695,
        "6": 5268
    },
    "14685": {
        "0": 1,
        "1": 10,
        "2": 71,
        "3": 504,
        "4": 3622,
        "5": 15880,
        "6": 49494
    },
    "14686": {
        "0": 1,
        "1": 1,
        "2": 10,
        "3": 77,
        "4": 557,
        "5": 3984,
        "6": 10852
    },
    "14687": {
        "0": 1,
        "1": 13,
        "2": 99,
        "3": 681,
        "4": 4659,
        "5": 21591,
        "6": 70906
    },
    "14688": {
        "0": 1,
        "1": 1,
        "2": 1,
        "3": 1,
        "4": 11,
        "5": 98,
        "6": 843
    },
    "14689": {
        "0": 1,
        "1": 11,
        "2": 85,
        "3": 622,
        "4": 4539,
        "5": 16081,
        "6": 41004
    },
    "14690": {
        "0": 1,
        "1": 1,
        "2": 10,
        "3": 76,
        "4": 585,
        "5": 4567,
        "6": 16687
    },
    "14691": {
        "0": 1,
        "1": 1,
        "2": 10,
        "3": 65,
        "4": 435,
        "5": 2962,
        "6": 11062
    },
    "14692": {
        "0": 1,
        "1": 10,
        "2": 81,
        "3": 641,
        "4": 5016,
        "5": 21600,
        "6": 61490
    },
    "14693": {
        "0": 1,
        "1": 10,
        "2": 83,
        "3": 691,
        "4": 5712,
        "5": 17141,
        "6": 33247
    },
    "14694": {
        "0": 1,
        "1": 1,
        "2": 1,
        "3": 14,
        "4": 119,
        "5": 913,
        "6": 6858
    },
    "14695": {
        "0": 1,
        "1": 1,
        "2": 13,
        "3": 110,
        "4": 832,
        "5": 6103,
        "6": 26679
    },
    "14696": {
        "0": 1,
        "1": 1,
        "2": 11,
        "3": 93,
        "4": 782,
        "5": 6580,
        "6": 23094
    },
    "14697": {
        "0": 1,
        "1": 1,
        "2": 1,
        "3": 12,
        "4": 105,
        "5": 875,
        "6": 7077
    },
    "14698": {
        "0": 1,
        "1": 1,
        "2": 10,
        "3": 84,
        "4": 701,
        "5": 5806,
        "6": 17388
    },
    "14699": {
        "0": 1,
        "1": 11,
        "2": 79,
        "3": 519,
        "4": 3408,
        "5": 12231,
        "6": 32089
    }
}