{
    "29800": {
        "0": 1,
        "1": 11,
        "2": 86,
        "3": 666,
        "4": 5171,
        "5": 21033,
        "6": 57854
    },
    "29801": {
        "0": 1,
        "1": 1,
        "2": 1,
        "3": 9,
        "4": 76,
        "5": 642,
        "6": 5452
    },
    "29802": {
        "0": 1,
        "1": 10,
        "2": 76,
        "3": 581,
        "4": 4453,
        "5": 15322,
        "6": 34611
    },
    "29803": {
        "0": 1,
        "1": 1,
        "2": 10,
        "3": 86,
        "4": 740,
        "5": 6220,
        "6": 21254
    },
    "29804": {
        "0": 1,
        "1": 1,
        "2": 8,
        "3": 57,
        "4": 408,
        "5": 2924,
        "6": 3787
    },
    "29805": {
        "0": 1,
        "1": 1,
        "2": 10,
        "3": 76,
        "4": 549,
        "5": 3906,
        "6": 12291
    },
    "29806": {
        "0": 1,
        "1": 1,
        "2": 1,
        "3": 9,
        "4": 71,
        "5": 569,
        "6": 4471
    },
    "29807": {
        "0": 1,
        "1": 9,
        "2": 65,
        "3": 482,
        "4": 3594,
        "5": 9576,
        "6": 21616
    },
    "29808": {
        "0": 1,
        "1": 1,
        "2": 9,
        "3": 59,
        "4": 375,
        "5": 2394,
        "6": 5047
    },
    "29809": {
        "0": 1,
        "1": 1,
        "2": 1,
        "3": 9,
        "4": 77,
        "5": 662,
        "6": 5629
    },
    "29810": {
        "0": 1,
        "1": 1,
        "2": 1,
        "3": 10,
        "4": 84,
        "5": 686,
        "6": 5478
    },
    "29811": {
        "0": 1,
        "1": 1,
        "2": 1,
        "3": 9,
        "4": 76,
        "5": 642,
        "6": 5415
    },
    "29812": {
        "0": 1,
        "1": 11,
        "2": 87,
        "3": 652,
        "4": 4807,
        "5": 17749,
        "6": 43995
    },
    "29813": {
        "0": 1,
        "1": 1,
        "2": 9,
        "3": 66,
        "4": 491,
        "5": 3678,
        "6": 8785
    },
    "29814": {
        "0": 1,
        "1": 11,
        "2": 90,
        "3": 690,
        "4": 5200,
        "5": 21757,
        "6": 63393
    },
    "29815": {
        "0": 1,
        "1": 1,
        "2": 10,
        "3": 78,
        "4": 592,
        "5": 4418,
        "6": 15303
    },
    "29816": {
        "0": 1,
        "1": 11,
        "2": 78,
        "3": 533,
        "4": 3628,
        "5": 15626,
        "6": 46036
    },
    "29817": {
        "0": 1,
        "1": 1,
        "2": 1,
        "3": 11,
        "4": 96,
        "5": 813,
        "6": 6798
    },
    "29818": {
        "0": 1,
        "1": 1,
        "2": 1,
        "3": 1,
        "4": 1,
        "5": 9,
        "6": 70
    },
    "29819": {
        "0": 1,
        "1": 10,
        "2": 76,
        "3": 580,
        "4": 4473,
        "5": 15523,
        "6": 37748
    },
    "29820": {
        "0": 1,
        "1": 1,
        "2": 11,
        "3": 90,
        "4": 752,
        "5": 6296,
        "6": 22306
    },
    "29821": {
        "0": 1,
        "1": 1,
        "2": 11,
        "3": 87,
        "4": 658,
        "5": 4971,
        "6": 18862
    },
    "29822": {
        "0": 1,
        "1": 1,
        "2": 1,
        "3": 1,
        "4": 10,
        "5": 62,
        "6": 358
    },
    "29823": {
        "0": 1,
        "1": 9,
        "2": 60,
        "3": 409,
        "4": 2861,
        "5": 9859,
        "6": 24177
    },
    "29824": {
        "0": 1,
        "1": 11,
        "2": 96,
        "3": 794,
        "4": 6411,
        "5": 23373,
        "6": 63777
    },
    "29825": {
        "0": 1,
        "1": 10,
        "2": 75,
        "3": 558,
        "4": 4165,
        "5": 12165,
        "6": 29089
    },
    "29826": {
        "0": 1,
        "1": 9,
        "2": 78,
        "3": 677,
        "4": 5890,
        "5": 18515,
        "6": 41547
    },
    "29827": {
        "0": 1,
        "1": 10,
        "2": 87,
        "3": 766,
        "4": 6690,
        "5": 25390,
        "6": 59800
    },
    "29828": {
        "0": 1,
        "1": 1,
        "2": 1,
        "3": 9,
        "4": 74,
        "5": 585,
        "6": 4595
    },
    "29829": {
        "0": 1,
        "1": 15,
        "2": 122,
        "3": 899,
        "4": 6687,
        "5": 31330,
        "6": 95844
    },
    "29830": {
        "0": 1,
        "1": 1,
        "2": 1,
        "3": 1,
        "4": 1,
        "5": 9,
        "6": 69
    },
    "29831": {
        "0": 1,
        "1": 10,
        "2": 78,
        "3": 599,
        "4": 4628,
        "5": 16686,
        "6": 41836
    },
    "29832": {
        "0": 1,
        "1": 1,
        "2": 13,
        "3": 115,
        "4": 988,
        "5": 8366,
        "6": 39861
    },
    "29833": {
        "0": 1,
        "1": 1,
        "2": 1,
        "3": 12,
        "4": 100,
        "5": 820,
        "6": 6790
    },
    "29834": {
        "0": 1,
        "1": 11,
        "2": 98,
        "3": 839,
        "4": 6948,
        "5": 28542,
        "6": 76289
    },
    "29835": {
        "0": 1,
        "1": 1,
        "2": 12,
        "3": 101,
        "4": 831,
        "5": 6866,
        "6": 24599
    },
    "29836": {
        "0": 1,
        "1": 1,
        "2": 10,
        "3": 69,
        "4": 469,
        "5": 3165,
        "6": 12356
    },
    "29837": {
        "0": 1,
        "1": 1,
        "2": 1,
        "3": 12,
        "4": 97,
        "5": 729,
        "6": 5432
    },
    "29838": {
        "0": 1,
        "1": 1,
        "2": 10,
        "3": 85,
        "4": 724,
        "5": 6130,
        "6": 21558
    },
    "29839": {
        "0": 1,
        "1": 11,
        "2": 85,
        "3": 642,
        "4": 4888,
        "5": 18133,
        "6": 46097
    },
    "29840": {
        "0": 1,
        "1": 9,
        "2": 70,
        "3": 542,
        "4": 4134,
        "5": 13923,
        "6": 31381
    },
    "29841": {
        "0": 1,
        "1": 10,
        "2": 77,
        "3": 584,
        "4": 4405,
        "5": 14083,
        "6": 30305
    },
    "29842": {
        "0": 1,
        "1": 11,
        "2": 84,
        "3": 610,
        "4": 4364,
        "5": 13781,
        "6": 33489
    },
    "29843": {
        "0": 1,
        "1": 1,
        "2": 1,
        "3": 1,
        "4": 1,
        "5": 11,
        "6": 98
    },
    "29844": {
        "0": 1,
        "1": 11,
        "2": 75,
        "3": 510,
        "4": 3492,
        "5": 13823,
        "6": 41246
    },
    "29845": {
        "0": 1,
        "1": 10,
        "2": 75,
        "3": 579,
        "4": 4513,
        "5": 16171,
        "6": 38525
    },
    "29846": {
        "0": 1,
        "1": 1,
        "2": 10,
        "3": 67,
        "4": 458,
        "5": 3129,
        "6": 12421
    },
    "29847": {
        "0": 1,
        "1": 11,
        "2": 76,
        "3": 520,
        "4": 3625,
        "5": 15342,
        "6": 45955
    },
    "29848": {
        "0": 1,
        "1": 11,
        "2": 75,
        "3": 499,
        "4": 3281,
        "5": 11317,
        "6": 29847
    },
    "29849": {
        "0": 1,
        "1": 1,
        "2": 1,
        "3": 10,
        "4": 68,
        "5": 424,
        "6": 2606
    },
    "29850": {
        "0": 1,
        "1": 10,
        "2": 80,
        "3": 622,
        "4": 4849,
        "5": 18698,
        "6": 54176
    },
    "29851": {
        "0": 1,
        "1": 1,
        "2": 1,
        "3": 1,
        "4": 11,
        "5": 93,
        "6": 787
    },
    "29852": {
        "0": 1,
        "1": 1,
        "2": 1,
        "3": 1,
        "4": 12,
        "5": 95,
        "6": 700
    },
    "29853": {
        "0": 1,
        "1": 11,
        "2": 84,
        "3": 617,
        "4": 4454,
        "5": 16379,
        "6": 38966
    },
    "29854": {
        "0": 1,
        "1": 12,
        "2": 96,
        "3": 710,
        "4": 5226,
        "5": 21213,
        "6": 58633
    },
    "29855": {
        "0": 1,
        "1": 1,
        "2": 10,
        "3": 82,
        "4": 670,
        "5": 5434,
        "6": 13899
    },
    "29856": {
        "0": 1,
        "1": 11,
        "2": 91,
        "3": 778,
        "4": 6649,
        "5": 24189,
        "6": 59351
    },
    "29857": {
        "0": 1,
        "1": 10,
        "2": 77,
        "3": 566,
        "4": 4107,
        "5": 12349,
        "6": 31434
    },
    "29858": {
        "0": 1,
        "1": 1,
        "2": 1,
        "3": 1,
        "4": 9,
        "5": 70,
        "6": 530
    },
    "29859": {
        "0": 1,
        "1": 1,
        "2": 1,
        "3": 1,
        "4": 11,
        "5": 95,
        "6": 794
    },
    "29860": {
        "0": 1,
        "1": 1,
        "2": 1,
        "3": 11,
        "4": 78,
        "5": 519,
        "6": 3434
    },
    "29861": {
        "0": 1,
        "1": 1,
        "2": 1,
        "3": 1,
        "4": 9,
        "5": 78,
        "6": 688
    },
    "29862": {
        "0": 1,
        "1": 1,
        "2": 1,
        "3": 12,
        "4": 94,
        "5": 683,
        "6": 4961
    },
    "29863": {
        "0": 1,
        "1": 13,
        "2": 110,
        "3": 889,
        "4": 7058,
        "5": 27669,
        "6": 70904
    },
    "29864": {
        "0": 1,
        "1": 1,
        "2": 9,
        "3": 78,
        "4": 680,
        "5": 5892,
        "6": 17683
    },
    "29865": {
        "0": 1,
        "1": 10,
        "2": 84,
        "3": 711,
        "4": 6041,
        "5": 18937,
        "6": 41234
    },
    "29866": {
        "0": 1,
        "1": 13,
        "2": 112,
        "3": 937,
        "4": 7722,
        "5": 32907,
        "6": 88009
    },
    "29867": {
        "0": 1,
        "1": 1,
        "2": 1,
        "3": 8,
        "4": 62,
        "5": 486,
        "6": 3814
    },
    "29868": {
        "0": 1,
        "1": 1,
        "2": 8,
        "3": 60,
        "4": 456,
        "5": 3485,
        "6": 7532
    },
    "29869": {
        "0": 1,
        "1": 10,
        "2": 86,
        "3": 710,
        "4": 5751,
        "5": 18195,
        "6": 36640
    },
    "29870": {
        "0": 1,
        "1": 1,
        "2": 9,
        "3": 70,
        "4": 529,
        "5": 4004,
        "6": 11299
    },
    "29871": {
        "0": 1,
        "1": 12,
        "2": 104,
        "3": 883,
        "4": 7468,
        "5": 32615,
        "6": 92218
    },
    "29872": {
        "0": 1,
        "1": 1,
        "2": 1,
        "3": 12,
        "4": 92,
        "5": 690,
        "6": 5199
    },
    "29873": {
        "0": 1,
        "1": 12,
        "2": 92,
        "3": 677,
        "4": 5088,
        "5": 19677,
        "6": 51381
    },
    "29874": {
        "0": 1,
        "1": 1,
        "2": 10,
        "3": 85,
        "4": 715,
        "5": 6036,
        "6": 20437
    },
    "29875": {
        "0": 1,
        "1": 10,
        "2": 85,
        "3": 712,
        "4": 5911,
        "5": 18833,
        "6": 39072
    },
    "29876": {
        "0": 1,
        "1": 10,
        "2": 68,
        "3": 440,
        "4": 2733,
        "5": 8831,
        "6": 20450
    },
    "29877": {
        "0": 1,
        "1": 1,
        "2": 10,
        "3": 78,
        "4": 583,
        "5": 4236,
        "6": 14698
    },
    "29878": {
        "0": 1,
        "1": 9,
        "2": 70,
        "3": 543,
        "4": 4186,
        "5": 14820,
        "6": 36148
    },
    "29879": {
        "0": 1,
        "1": 1,
        "2": 9,
        "3": 77,
        "4": 625,
        "5": 4832,
        "6": 9833
    },
    "29880": {
        "0": 1,
        "1": 9,
        "2": 74,
        "3": 626,
        "4": 5250,
        "5": 13707,
        "6": 31635
    },
    "29881": {
        "0": 1,
        "1": 1,
        "2": 1,
        "3": 1,
        "4": 1,
        "5": 9,
        "6": 72
    },
    "29882": {
        "0": 1,
        "1": 1,
        "2": 9,
        "3": 69,
        "4": 522,
        "5": 3916,
        "6": 9796
    },
    "29883": {
        "0": 1,
        "1": 11,
        "2": 90,
        "3": 704,
        "4": 5444,
        "5": 22496,
        "6": 66331
    },
    "29884": {
        "0": 1,
        "1": 9,
        "2": 80,
        "3": 685,
        "4": 5639,
        "5": 16020,
        "6": 41229
    },
    "29885": {
        "0": 1,
        "1": 1,
        "2": 9,
        "3": 78,
        "4": 667,
        "5": 5624,
        "6": 17244
    },
    "29886": {
        "0": 1,
        "1": 12,
        "2": 98,
        "3": 764,
        "4": 5957,
        "5": 27406,
        "6": 78653
    },
    "29887": {
        "0": 1,
        "1": 1,
        "2": 10,
        "3": 75,
        "4": 552,
        "5": 4064,
        "6": 12385
    },
    "29888": {
        "0": 1,
        "1": 1,
        "2": 1,
        "3": 1,
        "4": 1,
        "5": 10,
        "6": 89
    },
    "29889": {
        "0": 1,
        "1": 1,
        "2": 8,
        "3": 62,
        "4": 474,
        "5": 3588,
        "6": 9710
    },
    "29890": {
        "0": 1,
        "1": 1,
        "2": 1,
        "3": 1,
        "4": 10,
        "5": 85,
        "6": 729
    },
    "29891": {
        "0": 1,
        "1": 9,
        "2": 77,
        "3": 659,
        "4": 5601,
        "5": 17018,
        "6": 36949
    },
    "29892": {
        "0": 1,
        "1": 8,
        "2": 68,
        "3": 578,
        "4": 4915,
        "5": 9433,
        "6": 15213
    },
    "29893": {
        "0": 1,
        "1": 11,
        "2": 98,
        "3": 846,
        "4": 7262,
        "5": 29513,
        "6": 79041
    },
    "29894": {
        "0": 1,
        "1": 1,
        "2": 9,
        "3": 79,
        "4": 680,
        "5": 5765,
        "6": 18410
    },
    "29895": {
        "0": 1,
        "1": 1,
        "2": 10,
        "3": 82,
        "4": 657,
        "5": 5348,
        "6": 13753
    },
    "29896": {
        "0": 1,
        "1": 1,
        "2": 1,
        "3": 9,
        "4": 71,
        "5": 550,
        "6": 4288
    },
    "29897": {
        "0": 1,
        "1": 1,
        "2": 10,
        "3": 84,
        "4": 688,
        "5": 5486,
        "6": 15537
    },
    "29898": {
        "0": 1,
        "1": 10,
        "2": 78,
        "3": 605,
        "4": 4733,
        "5": 18079,
        "6": 43156
    },
    "29899": {
        "0": 1,
        "1": 9,
        "2": 68,
        "3": 509,
        "4": 3781,
        "5": 10637,
        "6": 22617
    }
}