{
    "23400": {
        "0": 1,
        "1": 1,
        "2": 1,
        "3": 10,
        "4": 74,
        "5": 564,
        "6": 4340
    },
    "23401": {
        "0": 1,
        "1": 10,
        "2": 88,
        "3": 768,
        "4": 6533,
        "5": 24501,
        "6": 60871
    },
    "23402": {
        "0": 1,
        "1": 1,
        "2": 9,
        "3": 76,
        "4": 638,
        "5": 5344,
        "6": 14523
    },
    "23403": {
        "0": 1,
        "1": 1,
        "2": 1,
        "3": 1,
        "4": 9,
        "5": 71,
        "6": 593
    },
    "23404": {
        "0": 1,
        "1": 1,
        "2": 12,
        "3": 98,
        "4": 770,
        "5": 5905,
        "6": 17258
    },
    "23405": {
        "0": 1,
        "1": 11,
        "2": 90,
        "3": 752,
        "4": 6222,
        "5": 21089,
        "6": 42961
    },
    "23406": {
        "0": 1,
        "1": 10,
        "2": 84,
        "3": 719,
        "4": 5992,
        "5": 21286,
        "6": 47646
    },
    "23407": {
        "0": 1,
        "1": 1,
        "2": 10,
        "3": 67,
        "4": 455,
        "5": 3165,
        "6": 12023
    },
    "23408": {
        "0": 1,
        "1": 12,
        "2": 93,
        "3": 674,
        "4": 4874,
        "5": 18170,
        "6": 46448
    },
    "23409": {
        "0": 1,
        "1": 1,
        "2": 12,
        "3": 104,
        "4": 833,
        "5": 6474,
        "6": 30789
    },
    "23410": {
        "0": 1,
        "1": 1,
        "2": 9,
        "3": 79,
        "4": 680,
        "5": 5819,
        "6": 17173
    },
    "23411": {
        "0": 1,
        "1": 10,
        "2": 72,
        "3": 527,
        "4": 3929,
        "5": 10511,
        "6": 21677
    },
    "23412": {
        "0": 1,
        "1": 12,
        "2": 104,
        "3": 879,
        "4": 7388,
        "5": 29474,
        "6": 69041
    },
    "23413": {
        "0": 1,
        "1": 10,
        "2": 58,
        "3": 323,
        "4": 1843,
        "5": 5673,
        "6": 15001
    },
    "23414": {
        "0": 1,
        "1": 1,
        "2": 13,
        "3": 109,
        "4": 841,
        "5": 6217,
        "6": 29043
    },
    "23415": {
        "0": 1,
        "1": 10,
        "2": 81,
        "3": 644,
        "4": 5006,
        "5": 19289,
        "6": 50808
    },
    "23416": {
        "0": 1,
        "1": 11,
        "2": 84,
        "3": 613,
        "4": 4462,
        "5": 15050,
        "6": 38935
    },
    "23417": {
        "0": 1,
        "1": 8,
        "2": 60,
        "3": 458,
        "4": 3524,
        "5": 8089,
        "6": 14701
    },
    "23418": {
        "0": 1,
        "1": 11,
        "2": 88,
        "3": 661,
        "4": 4891,
        "5": 18627,
        "6": 45439
    },
    "23419": {
        "0": 1,
        "1": 1,
        "2": 1,
        "3": 1,
        "4": 1,
        "5": 1,
        "6": 9
    },
    "23420": {
        "0": 1,
        "1": 1,
        "2": 1,
        "3": 1,
        "4": 1,
        "5": 11,
        "6": 92
    },
    "23421": {
        "0": 1,
        "1": 1,
        "2": 11,
        "3": 95,
        "4": 806,
        "5": 6823,
        "6": 25365
    },
    "23422": {
        "0": 1,
        "1": 1,
        "2": 9,
        "3": 68,
        "4": 500,
        "5": 3647,
        "6": 9302
    },
    "23423": {
        "0": 1,
        "1": 11,
        "2": 88,
        "3": 686,
        "4": 5275,
        "5": 21209,
        "6": 56038
    },
    "23424": {
        "0": 1,
        "1": 11,
        "2": 75,
        "3": 509,
        "4": 3443,
        "5": 13055,
        "6": 35332
    },
    "23425": {
        "0": 1,
        "1": 1,
        "2": 1,
        "3": 12,
        "4": 97,
        "5": 740,
        "6": 5570
    },
    "23426": {
        "0": 1,
        "1": 10,
        "2": 61,
        "3": 366,
        "4": 2282,
        "5": 9356,
        "6": 28727
    },
    "23427": {
        "0": 1,
        "1": 12,
        "2": 94,
        "3": 682,
        "4": 4938,
        "5": 18980,
        "6": 51331
    },
    "23428": {
        "0": 1,
        "1": 10,
        "2": 82,
        "3": 687,
        "4": 5834,
        "5": 17264,
        "6": 36719
    },
    "23429": {
        "0": 1,
        "1": 1,
        "2": 9,
        "3": 68,
        "4": 514,
        "5": 3824,
        "6": 11050
    },
    "23430": {
        "0": 1,
        "1": 1,
        "2": 11,
        "3": 96,
        "4": 826,
        "5": 7006,
        "6": 28600
    },
    "23431": {
        "0": 1,
        "1": 1,
        "2": 13,
        "3": 108,
        "4": 839,
        "5": 6397,
        "6": 29639
    },
    "23432": {
        "0": 1,
        "1": 1,
        "2": 9,
        "3": 75,
        "4": 629,
        "5": 5190,
        "6": 12637
    },
    "23433": {
        "0": 1,
        "1": 1,
        "2": 9,
        "3": 70,
        "4": 547,
        "5": 4291,
        "6": 14558
    },
    "23434": {
        "0": 1,
        "1": 8,
        "2": 61,
        "3": 472,
        "4": 3672,
        "5": 9678,
        "6": 19493
    },
    "23435": {
        "0": 1,
        "1": 1,
        "2": 11,
        "3": 86,
        "4": 669,
        "5": 5198,
        "6": 21190
    },
    "23436": {
        "0": 1,
        "1": 10,
        "2": 77,
        "3": 577,
        "4": 4215,
        "5": 13210,
        "6": 29249
    },
    "23437": {
        "0": 1,
        "1": 1,
        "2": 11,
        "3": 94,
        "4": 792,
        "5": 6565,
        "6": 23759
    },
    "23438": {
        "0": 1,
        "1": 12,
        "2": 103,
        "3": 839,
        "4": 6737,
        "5": 26242,
        "6": 71106
    },
    "23439": {
        "0": 1,
        "1": 1,
        "2": 1,
        "3": 11,
        "4": 86,
        "5": 656,
        "6": 4974
    },
    "23440": {
        "0": 1,
        "1": 12,
        "2": 109,
        "3": 965,
        "4": 8353,
        "5": 38947,
        "6": 115103
    },
    "23441": {
        "0": 1,
        "1": 9,
        "2": 62,
        "3": 405,
        "4": 2638,
        "5": 6863,
        "6": 15164
    },
    "23442": {
        "0": 1,
        "1": 12,
        "2": 85,
        "3": 560,
        "4": 3739,
        "5": 14781,
        "6": 40829
    },
    "23443": {
        "0": 1,
        "1": 1,
        "2": 10,
        "3": 78,
        "4": 599,
        "5": 4588,
        "6": 16205
    },
    "23444": {
        "0": 1,
        "1": 8,
        "2": 62,
        "3": 462,
        "4": 3357,
        "5": 8630,
        "6": 16837
    },
    "23445": {
        "0": 1,
        "1": 10,
        "2": 77,
        "3": 573,
        "4": 4230,
        "5": 12125,
        "6": 26431
    },
    "23446": {
        "0": 1,
        "1": 1,
        "2": 1,
        "3": 9,
        "4": 58,
        "5": 362,
        "6": 2181
    },
    "23447": {
        "0": 1,
        "1": 1,
        "2": 1,
        "3": 1,
        "4": 9,
        "5": 77,
        "6": 639
    },
    "23448": {
        "0": 1,
        "1": 10,
        "2": 88,
        "3": 750,
        "4": 6187,
        "5": 22362,
        "6": 52359
    },
    "23449": {
        "0": 1,
        "1": 1,
        "2": 8,
        "3": 61,
        "4": 460,
        "5": 3474,
        "6": 7213
    },
    "23450": {
        "0": 1,
        "1": 10,
        "2": 74,
        "3": 534,
        "4": 3845,
        "5": 10509,
        "6": 22318
    },
    "23451": {
        "0": 1,
        "1": 9,
        "2": 73,
        "3": 621,
        "4": 5345,
        "5": 13645,
        "6": 24165
    },
    "23452": {
        "0": 1,
        "1": 11,
        "2": 87,
        "3": 674,
        "4": 5254,
        "5": 21916,
        "6": 62225
    },
    "23453": {
        "0": 1,
        "1": 12,
        "2": 98,
        "3": 749,
        "4": 5675,
        "5": 23882,
        "6": 64599
    },
    "23454": {
        "0": 1,
        "1": 1,
        "2": 1,
        "3": 11,
        "4": 87,
        "5": 668,
        "6": 5090
    },
    "23455": {
        "0": 1,
        "1": 10,
        "2": 82,
        "3": 694,
        "4": 5885,
        "5": 17445,
        "6": 29039
    },
    "23456": {
        "0": 1,
        "1": 1,
        "2": 1,
        "3": 12,
        "4": 106,
        "5": 917,
        "6": 7827
    },
    "23457": {
        "0": 1,
        "1": 10,
        "2": 72,
        "3": 499,
        "4": 3478,
        "5": 14096,
        "6": 40863
    },
    "23458": {
        "0": 1,
        "1": 11,
        "2": 91,
        "3": 771,
        "4": 6491,
        "5": 23383,
        "6": 55084
    },
    "23459": {
        "0": 1,
        "1": 10,
        "2": 69,
        "3": 466,
        "4": 3105,
        "5": 10346,
        "6": 23880
    },
    "23460": {
        "0": 1,
        "1": 1,
        "2": 1,
        "3": 1,
        "4": 9,
        "5": 70,
        "6": 522
    },
    "23461": {
        "0": 1,
        "1": 9,
        "2": 71,
        "3": 558,
        "4": 4358,
        "5": 16399,
        "6": 41539
    },
    "23462": {
        "0": 1,
        "1": 1,
        "2": 1,
        "3": 10,
        "4": 65,
        "5": 420,
        "6": 2719
    },
    "23463": {
        "0": 1,
        "1": 9,
        "2": 68,
        "3": 509,
        "4": 3846,
        "5": 10238,
        "6": 21705
    },
    "23464": {
        "0": 1,
        "1": 12,
        "2": 96,
        "3": 736,
        "4": 5622,
        "5": 23597,
        "6": 71677
    },
    "23465": {
        "0": 1,
        "1": 1,
        "2": 9,
        "3": 71,
        "4": 557,
        "5": 4354,
        "6": 14731
    },
    "23466": {
        "0": 1,
        "1": 9,
        "2": 75,
        "3": 629,
        "4": 5308,
        "5": 12361,
        "6": 20772
    },
    "23467": {
        "0": 1,
        "1": 10,
        "2": 76,
        "3": 561,
        "4": 4151,
        "5": 11903,
        "6": 26819
    },
    "23468": {
        "0": 1,
        "1": 1,
        "2": 1,
        "3": 10,
        "4": 67,
        "5": 443,
        "6": 2961
    },
    "23469": {
        "0": 1,
        "1": 1,
        "2": 1,
        "3": 1,
        "4": 9,
        "5": 77,
        "6": 674
    },
    "23470": {
        "0": 1,
        "1": 10,
        "2": 80,
        "3": 671,
        "4": 5648,
        "5": 17137,
        "6": 34937
    },
    "23471": {
        "0": 1,
        "1": 11,
        "2": 85,
        "3": 606,
        "4": 4208,
        "5": 13571,
        "6": 32001
    },
    "23472": {
        "0": 1,
        "1": 1,
        "2": 10,
        "3": 71,
        "4": 488,
        "5": 3377,
        "6": 12967
    },
    "23473": {
        "0": 1,
        "1": 10,
        "2": 67,
        "3": 441,
        "4": 2886,
        "5": 9866,
        "6": 24456
    },
    "23474": {
        "0": 1,
        "1": 14,
        "2": 128,
        "3": 1096,
        "4": 9044,
        "5": 45282,
        "6": 147099
    },
    "23475": {
        "0": 1,
        "1": 9,
        "2": 81,
        "3": 699,
        "4": 5889,
        "5": 20976,
        "6": 53714
    },
    "23476": {
        "0": 1,
        "1": 1,
        "2": 10,
        "3": 78,
        "4": 581,
        "5": 4287,
        "6": 14160
    },
    "23477": {
        "0": 1,
        "1": 11,
        "2": 85,
        "3": 630,
        "4": 4632,
        "5": 16754,
        "6": 40271
    },
    "23478": {
        "0": 1,
        "1": 1,
        "2": 9,
        "3": 77,
        "4": 652,
        "5": 5441,
        "6": 14878
    },
    "23479": {
        "0": 1,
        "1": 1,
        "2": 13,
        "3": 115,
        "4": 977,
        "5": 8138,
        "6": 36893
    },
    "23480": {
        "0": 1,
        "1": 12,
        "2": 93,
        "3": 673,
        "4": 4833,
        "5": 17472,
        "6": 46603
    },
    "23481": {
        "0": 1,
        "1": 11,
        "2": 84,
        "3": 622,
        "4": 4620,
        "5": 16764,
        "6": 44580
    },
    "23482": {
        "0": 1,
        "1": 11,
        "2": 93,
        "3": 761,
        "4": 6097,
        "5": 20482,
        "6": 46552
    },
    "23483": {
        "0": 1,
        "1": 1,
        "2": 10,
        "3": 77,
        "4": 561,
        "5": 4018,
        "6": 13174
    },
    "23484": {
        "0": 1,
        "1": 12,
        "2": 104,
        "3": 878,
        "4": 7341,
        "5": 30607,
        "6": 78888
    },
    "23485": {
        "0": 1,
        "1": 11,
        "2": 85,
        "3": 628,
        "4": 4661,
        "5": 17399,
        "6": 45193
    },
    "23486": {
        "0": 1,
        "1": 10,
        "2": 86,
        "3": 730,
        "4": 6209,
        "5": 20160,
        "6": 42762
    },
    "23487": {
        "0": 1,
        "1": 10,
        "2": 83,
        "3": 707,
        "4": 6057,
        "5": 19465,
        "6": 38489
    },
    "23488": {
        "0": 1,
        "1": 11,
        "2": 86,
        "3": 671,
        "4": 5208,
        "5": 21105,
        "6": 58610
    },
    "23489": {
        "0": 1,
        "1": 1,
        "2": 12,
        "3": 103,
        "4": 879,
        "5": 7499,
        "6": 31507
    },
    "23490": {
        "0": 1,
        "1": 1,
        "2": 10,
        "3": 79,
        "4": 614,
        "5": 4706,
        "6": 18534
    },
    "23491": {
        "0": 1,
        "1": 1,
        "2": 1,
        "3": 1,
        "4": 1,
        "5": 9,
        "6": 68
    },
    "23492": {
        "0": 1,
        "1": 1,
        "2": 9,
        "3": 70,
        "4": 542,
        "5": 4176,
        "6": 12972
    },
    "23493": {
        "0": 1,
        "1": 11,
        "2": 92,
        "3": 796,
        "4": 6862,
        "5": 26217,
        "6": 57680
    },
    "23494": {
        "0": 1,
        "1": 1,
        "2": 1,
        "3": 9,
        "4": 79,
        "5": 671,
        "6": 5571
    },
    "23495": {
        "0": 1,
        "1": 1,
        "2": 8,
        "3": 72,
        "4": 639,
        "5": 5572,
        "6": 17647
    },
    "23496": {
        "0": 1,
        "1": 12,
        "2": 98,
        "3": 760,
        "4": 5770,
        "5": 25990,
        "6": 80296
    },
    "23497": {
        "0": 1,
        "1": 13,
        "2": 110,
        "3": 895,
        "4": 7293,
        "5": 27165,
        "6": 65271
    },
    "23498": {
        "0": 1,
        "1": 1,
        "2": 13,
        "3": 113,
        "4": 950,
        "5": 7892,
        "6": 34775
    },
    "23499": {
        "0": 1,
        "1": 14,
        "2": 114,
        "3": 821,
        "4": 5807,
        "5": 24067,
        "6": 68696
    }
}