{
    "13900": {
        "0": 1,
        "1": 11,
        "2": 88,
        "3": 657,
        "4": 4843,
        "5": 18187,
        "6": 47235
    },
    "13901": {
        "0": 1,
        "1": 1,
        "2": 9,
        "3": 77,
        "4": 656,
        "5": 5548,
        "6": 16665
    },
    "13902": {
        "0": 1,
        "1": 1,
        "2": 9,
        "3": 75,
        "4": 620,
        "5": 5081,
        "6": 11463
    },
    "13903": {
        "0": 1,
        "1": 1,
        "2": 10,
        "3": 65,
        "4": 417,
        "5": 2727,
        "6": 7877
    },
    "13904": {
        "0": 1,
        "1": 1,
        "2": 9,
        "3": 65,
        "4": 461,
        "5": 3257,
        "6": 12497
    },
    "13905": {
        "0": 1,
        "1": 1,
        "2": 13,
        "3": 108,
        "4": 885,
        "5": 7364,
        "6": 29055
    },
    "13906": {
        "0": 1,
        "1": 1,
        "2": 12,
        "3": 100,
        "4": 786,
        "5": 5994,
        "6": 19592
    },
    "13907": {
        "0": 1,
        "1": 12,
        "2": 110,
        "3": 951,
        "4": 7964,
        "5": 35366,
        "6": 94277
    },
    "13908": {
        "0": 1,
        "1": 1,
        "2": 11,
        "3": 84,
        "4": 634,
        "5": 4810,
        "6": 19144
    },
    "13909": {
        "0": 1,
        "1": 12,
        "2": 99,
        "3": 813,
        "4": 6699,
        "5": 22762,
        "6": 52212
    },
    "13910": {
        "0": 1,
        "1": 1,
        "2": 14,
        "3": 117,
        "4": 861,
        "5": 6199,
        "6": 27524
    },
    "13911": {
        "0": 1,
        "1": 11,
        "2": 94,
        "3": 807,
        "4": 6843,
        "5": 27266,
        "6": 69128
    },
    "13912": {
        "0": 1,
        "1": 1,
        "2": 8,
        "3": 67,
        "4": 545,
        "5": 4324,
        "6": 8534
    },
    "13913": {
        "0": 1,
        "1": 8,
        "2": 70,
        "3": 606,
        "4": 5249,
        "5": 12859,
        "6": 24308
    },
    "13914": {
        "0": 1,
        "1": 12,
        "2": 98,
        "3": 753,
        "4": 5695,
        "5": 25721,
        "6": 83344
    },
    "13915": {
        "0": 1,
        "1": 1,
        "2": 1,
        "3": 9,
        "4": 79,
        "5": 698,
        "6": 6140
    },
    "13916": {
        "0": 1,
        "1": 8,
        "2": 67,
        "3": 564,
        "4": 4782,
        "5": 10540,
        "6": 20584
    },
    "13917": {
        "0": 1,
        "1": 12,
        "2": 97,
        "3": 792,
        "4": 6350,
        "5": 22654,
        "6": 51206
    },
    "13918": {
        "0": 1,
        "1": 1,
        "2": 10,
        "3": 82,
        "4": 683,
        "5": 5669,
        "6": 16697
    },
    "13919": {
        "0": 1,
        "1": 12,
        "2": 104,
        "3": 861,
        "4": 7104,
        "5": 28208,
        "6": 72435
    },
    "13920": {
        "0": 1,
        "1": 8,
        "2": 68,
        "3": 588,
        "4": 5100,
        "5": 11789,
        "6": 21004
    },
    "13921": {
        "0": 1,
        "1": 1,
        "2": 9,
        "3": 72,
        "4": 546,
        "5": 3996,
        "6": 13197
    },
    "13922": {
        "0": 1,
        "1": 10,
        "2": 78,
        "3": 596,
        "4": 4507,
        "5": 16456,
        "6": 42187
    },
    "13923": {
        "0": 1,
        "1": 11,
        "2": 74,
        "3": 478,
        "4": 3150,
        "5": 10734,
        "6": 26800
    },
    "13924": {
        "0": 1,
        "1": 9,
        "2": 79,
        "3": 697,
        "4": 6114,
        "5": 20786,
        "6": 48779
    },
    "13925": {
        "0": 1,
        "1": 11,
        "2": 95,
        "3": 786,
        "4": 6370,
        "5": 23193,
        "6": 56657
    },
    "13926": {
        "0": 1,
        "1": 8,
        "2": 62,
        "3": 463,
        "4": 3374,
        "5": 8775,
        "6": 15294
    },
    "13927": {
        "0": 1,
        "1": 1,
        "2": 1,
        "3": 10,
        "4": 80,
        "5": 645,
        "6": 5209
    },
    "13928": {
        "0": 1,
        "1": 11,
        "2": 86,
        "3": 662,
        "4": 5031,
        "5": 20552,
        "6": 52594
    },
    "13929": {
        "0": 1,
        "1": 1,
        "2": 1,
        "3": 1,
        "4": 1,
        "5": 11,
        "6": 77
    },
    "13930": {
        "0": 1,
        "1": 9,
        "2": 70,
        "3": 549,
        "4": 4262,
        "5": 15701,
        "6": 38392
    },
    "13931": {
        "0": 1,
        "1": 1,
        "2": 12,
        "3": 106,
        "4": 905,
        "5": 7622,
        "6": 33671
    },
    "13932": {
        "0": 1,
        "1": 9,
        "2": 71,
        "3": 533,
        "4": 3964,
        "5": 12079,
        "6": 26261
    },
    "13933": {
        "0": 1,
        "1": 10,
        "2": 77,
        "3": 576,
        "4": 4289,
        "5": 14628,
        "6": 38297
    },
    "13934": {
        "0": 1,
        "1": 1,
        "2": 11,
        "3": 85,
        "4": 650,
        "5": 4985,
        "6": 18943
    },
    "13935": {
        "0": 1,
        "1": 1,
        "2": 1,
        "3": 1,
        "4": 1,
        "5": 1,
        "6": 1
    },
    "13936": {
        "0": 1,
        "1": 1,
        "2": 10,
        "3": 82,
        "4": 701,
        "5": 5982,
        "6": 20987
    },
    "13937": {
        "0": 1,
        "1": 1,
        "2": 13,
        "3": 106,
        "4": 767,
        "5": 5456,
        "6": 21591
    },
    "13938": {
        "0": 1,
        "1": 10,
        "2": 79,
        "3": 565,
        "4": 3911,
        "5": 11137,
        "6": 25550
    },
    "13939": {
        "0": 1,
        "1": 12,
        "2": 98,
        "3": 769,
        "4": 5973,
        "5": 27224,
        "6": 81879
    },
    "13940": {
        "0": 1,
        "1": 10,
        "2": 79,
        "3": 606,
        "4": 4656,
        "5": 16686,
        "6": 41832
    },
    "13941": {
        "0": 1,
        "1": 11,
        "2": 86,
        "3": 673,
        "4": 5254,
        "5": 21720,
        "6": 60420
    },
    "13942": {
        "0": 1,
        "1": 11,
        "2": 94,
        "3": 770,
        "4": 6271,
        "5": 20937,
        "6": 48060
    },
    "13943": {
        "0": 1,
        "1": 10,
        "2": 81,
        "3": 661,
        "4": 5385,
        "5": 13831,
        "6": 25891
    },
    "13944": {
        "0": 1,
        "1": 12,
        "2": 93,
        "3": 693,
        "4": 5067,
        "5": 20843,
        "6": 53260
    },
    "13945": {
        "0": 1,
        "1": 10,
        "2": 83,
        "3": 721,
        "4": 6222,
        "5": 21101,
        "6": 43481
    },
    "13946": {
        "0": 1,
        "1": 1,
        "2": 11,
        "3": 80,
        "4": 547,
        "5": 3729,
        "6": 15163
    },
    "13947": {
        "0": 1,
        "1": 1,
        "2": 11,
        "3": 83,
        "4": 596,
        "5": 4246,
        "6": 19644
    },
    "13948": {
        "0": 1,
        "1": 11,
        "2": 85,
        "3": 638,
        "4": 4816,
        "5": 17635,
        "6": 40991
    },
    "13949": {
        "0": 1,
        "1": 1,
        "2": 1,
        "3": 8,
        "4": 72,
        "5": 621,
        "6": 5262
    },
    "13950": {
        "0": 1,
        "1": 1,
        "2": 12,
        "3": 91,
        "4": 659,
        "5": 4808,
        "6": 16309
    },
    "13951": {
        "0": 1,
        "1": 1,
        "2": 1,
        "3": 1,
        "4": 1,
        "5": 10,
        "6": 89
    },
    "13952": {
        "0": 1,
        "1": 1,
        "2": 10,
        "3": 84,
        "4": 727,
        "5": 6240,
        "6": 22664
    },
    "13953": {
        "0": 1,
        "1": 9,
        "2": 77,
        "3": 663,
        "4": 5637,
        "5": 17116,
        "6": 37722
    },
    "13954": {
        "0": 1,
        "1": 1,
        "2": 10,
        "3": 84,
        "4": 697,
        "5": 5722,
        "6": 16348
    },
    "13955": {
        "0": 1,
        "1": 13,
        "2": 108,
        "3": 814,
        "4": 6023,
        "5": 27408,
        "6": 86729
    },
    "13956": {
        "0": 1,
        "1": 9,
        "2": 74,
        "3": 618,
        "4": 5129,
        "5": 12436,
        "6": 22555
    },
    "13957": {
        "0": 1,
        "1": 1,
        "2": 10,
        "3": 82,
        "4": 677,
        "5": 5464,
        "6": 14991
    },
    "13958": {
        "0": 1,
        "1": 1,
        "2": 1,
        "3": 9,
        "4": 75,
        "5": 608,
        "6": 4908
    },
    "13959": {
        "0": 1,
        "1": 10,
        "2": 86,
        "3": 735,
        "4": 6183,
        "5": 21132,
        "6": 51529
    },
    "13960": {
        "0": 1,
        "1": 9,
        "2": 75,
        "3": 616,
        "4": 4920,
        "5": 11023,
        "6": 19332
    },
    "13961": {
        "0": 1,
        "1": 11,
        "2": 83,
        "3": 617,
        "4": 4619,
        "5": 15631,
        "6": 35072
    },
    "13962": {
        "0": 1,
        "1": 9,
        "2": 68,
        "3": 499,
        "4": 3716,
        "5": 8731,
        "6": 16098
    },
    "13963": {
        "0": 1,
        "1": 12,
        "2": 97,
        "3": 742,
        "4": 5568,
        "5": 24146,
        "6": 71721
    },
    "13964": {
        "0": 1,
        "1": 1,
        "2": 1,
        "3": 12,
        "4": 96,
        "5": 717,
        "6": 5329
    },
    "13965": {
        "0": 1,
        "1": 1,
        "2": 10,
        "3": 74,
        "4": 555,
        "5": 4182,
        "6": 12461
    },
    "13966": {
        "0": 1,
        "1": 1,
        "2": 10,
        "3": 85,
        "4": 714,
        "5": 5987,
        "6": 19648
    },
    "13967": {
        "0": 1,
        "1": 1,
        "2": 10,
        "3": 83,
        "4": 689,
        "5": 5704,
        "6": 16639
    },
    "13968": {
        "0": 1,
        "1": 1,
        "2": 1,
        "3": 11,
        "4": 94,
        "5": 806,
        "6": 6882
    },
    "13969": {
        "0": 1,
        "1": 10,
        "2": 83,
        "3": 698,
        "4": 5882,
        "5": 17117,
        "6": 34393
    },
    "13970": {
        "0": 1,
        "1": 1,
        "2": 10,
        "3": 83,
        "4": 706,
        "5": 5982,
        "6": 19798
    },
    "13971": {
        "0": 1,
        "1": 1,
        "2": 1,
        "3": 1,
        "4": 8,
        "5": 61,
        "6": 475
    },
    "13972": {
        "0": 1,
        "1": 11,
        "2": 92,
        "3": 779,
        "4": 6588,
        "5": 23178,
        "6": 47612
    },
    "13973": {
        "0": 1,
        "1": 13,
        "2": 108,
        "3": 806,
        "4": 5902,
        "5": 25884,
        "6": 82811
    },
    "13974": {
        "0": 1,
        "1": 10,
        "2": 83,
        "3": 684,
        "4": 5583,
        "5": 17558,
        "6": 42740
    },
    "13975": {
        "0": 1,
        "1": 11,
        "2": 96,
        "3": 796,
        "4": 6423,
        "5": 23212,
        "6": 57726
    },
    "13976": {
        "0": 1,
        "1": 12,
        "2": 104,
        "3": 867,
        "4": 7176,
        "5": 28894,
        "6": 80383
    },
    "13977": {
        "0": 1,
        "1": 9,
        "2": 74,
        "3": 577,
        "4": 4448,
        "5": 14942,
        "6": 36708
    },
    "13978": {
        "0": 1,
        "1": 9,
        "2": 73,
        "3": 565,
        "4": 4351,
        "5": 14328,
        "6": 31559
    },
    "13979": {
        "0": 1,
        "1": 1,
        "2": 10,
        "3": 86,
        "4": 742,
        "5": 6252,
        "6": 21866
    },
    "13980": {
        "0": 1,
        "1": 1,
        "2": 9,
        "3": 77,
        "4": 658,
        "5": 5568,
        "6": 16644
    },
    "13981": {
        "0": 1,
        "1": 1,
        "2": 10,
        "3": 86,
        "4": 739,
        "5": 6398,
        "6": 22878
    },
    "13982": {
        "0": 1,
        "1": 10,
        "2": 83,
        "3": 706,
        "4": 6009,
        "5": 18593,
        "6": 35599
    },
    "13983": {
        "0": 1,
        "1": 9,
        "2": 58,
        "3": 380,
        "4": 2511,
        "5": 6527,
        "6": 12019
    },
    "13984": {
        "0": 1,
        "1": 1,
        "2": 12,
        "3": 95,
        "4": 712,
        "5": 5310,
        "6": 22359
    },
    "13985": {
        "0": 1,
        "1": 13,
        "2": 112,
        "3": 911,
        "4": 7347,
        "5": 29186,
        "6": 74903
    },
    "13986": {
        "0": 1,
        "1": 1,
        "2": 11,
        "3": 84,
        "4": 623,
        "5": 4633,
        "6": 15239
    },
    "13987": {
        "0": 1,
        "1": 11,
        "2": 94,
        "3": 791,
        "4": 6605,
        "5": 24519,
        "6": 62919
    },
    "13988": {
        "0": 1,
        "1": 10,
        "2": 82,
        "3": 678,
        "4": 5560,
        "5": 15198,
        "6": 26967
    },
    "13989": {
        "0": 1,
        "1": 9,
        "2": 80,
        "3": 684,
        "4": 5735,
        "5": 19595,
        "6": 47704
    },
    "13990": {
        "0": 1,
        "1": 8,
        "2": 62,
        "3": 463,
        "4": 3423,
        "5": 7825,
        "6": 14401
    },
    "13991": {
        "0": 1,
        "1": 11,
        "2": 96,
        "3": 828,
        "4": 7082,
        "5": 27872,
        "6": 69905
    },
    "13992": {
        "0": 1,
        "1": 1,
        "2": 9,
        "3": 75,
        "4": 610,
        "5": 4886,
        "6": 10900
    },
    "13993": {
        "0": 1,
        "1": 11,
        "2": 91,
        "3": 774,
        "4": 6589,
        "5": 23333,
        "6": 56522
    },
    "13994": {
        "0": 1,
        "1": 1,
        "2": 10,
        "3": 75,
        "4": 568,
        "5": 4327,
        "6": 13999
    },
    "13995": {
        "0": 1,
        "1": 1,
        "2": 1,
        "3": 1,
        "4": 1,
        "5": 1,
        "6": 11
    },
    "13996": {
        "0": 1,
        "1": 9,
        "2": 80,
        "3": 695,
        "4": 5984,
        "5": 18954,
        "6": 48253
    },
    "13997": {
        "0": 1,
        "1": 12,
        "2": 103,
        "3": 881,
        "4": 7485,
        "5": 30752,
        "6": 77911
    },
    "13998": {
        "0": 1,
        "1": 1,
        "2": 11,
        "3": 92,
        "4": 775,
        "5": 6579,
        "6": 23469
    },
    "13999": {
        "0": 1,
        "1": 8,
        "2": 64,
        "3": 502,
        "4": 3881,
        "5": 12398,
        "6": 28594
    }
}