{
    "4500": {
        "0": 1,
        "1": 10,
        "2": 77,
        "3": 587,
        "4": 4458,
        "5": 15020,
        "6": 37819
    },
    "4501": {
        "0": 1,
        "1": 1,
        "2": 9,
        "3": 79,
        "4": 665,
        "5": 5411,
        "6": 17636
    },
    "4502": {
        "0": 1,
        "1": 1,
        "2": 1,
        "3": 9,
        "4": 62,
        "5": 393,
        "6": 2453
    },
    "4503": {
        "0": 1,
        "1": 1,
        "2": 10,
        "3": 66,
        "4": 441,
        "5": 2965,
        "6": 9881
    },
    "4504": {
        "0": 1,
        "1": 1,
        "2": 10,
        "3": 66,
        "4": 437,
        "5": 2991,
        "6": 10382
    },
    "4505": {
        "0": 1,
        "1": 11,
        "2": 91,
        "3": 769,
        "4": 6500,
        "5": 22261,
        "6": 48036
    },
    "4506": {
        "0": 1,
        "1": 1,
        "2": 1,
        "3": 1,
        "4": 13,
        "5": 110,
        "6": 845
    },
    "4507": {
        "0": 1,
        "1": 1,
        "2": 1,
        "3": 8,
        "4": 67,
        "5": 549,
        "6": 4368
    },
    "4508": {
        "0": 1,
        "1": 1,
        "2": 9,
        "3": 63,
        "4": 446,
        "5": 3151,
        "6": 11890
    },
    "4509": {
        "0": 1,
        "1": 1,
        "2": 1,
        "3": 13,
        "4": 100,
        "5": 695,
        "6": 4799
    },
    "4510": {
        "0": 1,
        "1": 11,
        "2": 101,
        "3": 891,
        "4": 7707,
        "5": 35141,
        "6": 106154
    },
    "4511": {
        "0": 1,
        "1": 11,
        "2": 94,
        "3": 795,
        "4": 6780,
        "5": 25557,
        "6": 62666
    },
    "4512": {
        "0": 1,
        "1": 9,
        "2": 63,
        "3": 452,
        "4": 3264,
        "5": 13193,
        "6": 38006
    },
    "4513": {
        "0": 1,
        "1": 9,
        "2": 70,
        "3": 541,
        "4": 4136,
        "5": 13984,
        "6": 33426
    },
    "4514": {
        "0": 1,
        "1": 1,
        "2": 1,
        "3": 11,
        "4": 88,
        "5": 659,
        "6": 4869
    },
    "4515": {
        "0": 1,
        "1": 1,
        "2": 12,
        "3": 110,
        "4": 939,
        "5": 7907,
        "6": 36153
    },
    "4516": {
        "0": 1,
        "1": 9,
        "2": 77,
        "3": 657,
        "4": 5563,
        "5": 16546,
        "6": 37148
    },
    "4517": {
        "0": 1,
        "1": 9,
        "2": 70,
        "3": 538,
        "4": 4158,
        "5": 13096,
        "6": 31230
    },
    "4518": {
        "0": 1,
        "1": 1,
        "2": 10,
        "3": 81,
        "4": 615,
        "5": 4604,
        "6": 15336
    },
    "4519": {
        "0": 1,
        "1": 11,
        "2": 93,
        "3": 786,
        "4": 6632,
        "5": 23628,
        "6": 51845
    },
    "4520": {
        "0": 1,
        "1": 12,
        "2": 102,
        "3": 827,
        "4": 6585,
        "5": 24273,
        "6": 60394
    },
    "4521": {
        "0": 1,
        "1": 9,
        "2": 70,
        "3": 524,
        "4": 3901,
        "5": 11404,
        "6": 27020
    },
    "4522": {
        "0": 1,
        "1": 11,
        "2": 82,
        "3": 593,
        "4": 4311,
        "5": 12637,
        "6": 28017
    },
    "4523": {
        "0": 1,
        "1": 1,
        "2": 9,
        "3": 70,
        "4": 531,
        "5": 3998,
        "6": 12705
    },
    "4524": {
        "0": 1,
        "1": 1,
        "2": 10,
        "3": 74,
        "4": 513,
        "5": 3440,
        "6": 13763
    },
    "4525": {
        "0": 1,
        "1": 1,
        "2": 1,
        "3": 1,
        "4": 13,
        "5": 98,
        "6": 649
    },
    "4526": {
        "0": 1,
        "1": 9,
        "2": 79,
        "3": 675,
        "4": 5702,
        "5": 17581,
        "6": 41287
    },
    "4527": {
        "0": 1,
        "1": 12,
        "2": 95,
        "3": 718,
        "4": 5400,
        "5": 21631,
        "6": 55610
    },
    "4528": {
        "0": 1,
        "1": 1,
        "2": 1,
        "3": 9,
        "4": 74,
        "5": 596,
        "6": 4676
    },
    "4529": {
        "0": 1,
        "1": 9,
        "2": 69,
        "3": 514,
        "4": 3763,
        "5": 11785,
        "6": 26795
    },
    "4530": {
        "0": 1,
        "1": 12,
        "2": 105,
        "3": 879,
        "4": 7249,
        "5": 28879,
        "6": 76404
    },
    "4531": {
        "0": 1,
        "1": 1,
        "2": 1,
        "3": 1,
        "4": 12,
        "5": 86,
        "6": 550
    },
    "4532": {
        "0": 1,
        "1": 1,
        "2": 12,
        "3": 107,
        "4": 884,
        "5": 6964,
        "6": 27870
    },
    "4533": {
        "0": 1,
        "1": 9,
        "2": 71,
        "3": 563,
        "4": 4443,
        "5": 15795,
        "6": 35767
    },
    "4534": {
        "0": 1,
        "1": 1,
        "2": 1,
        "3": 10,
        "4": 67,
        "5": 445,
        "6": 2978
    },
    "4535": {
        "0": 1,
        "1": 1,
        "2": 10,
        "3": 83,
        "4": 692,
        "5": 5858,
        "6": 17535
    },
    "4536": {
        "0": 1,
        "1": 1,
        "2": 16,
        "3": 148,
        "4": 1190,
        "5": 9200,
        "6": 42930
    },
    "4537": {
        "0": 1,
        "1": 9,
        "2": 68,
        "3": 503,
        "4": 3703,
        "5": 7927,
        "6": 13771
    },
    "4538": {
        "0": 1,
        "1": 11,
        "2": 80,
        "3": 578,
        "4": 4190,
        "5": 19965,
        "6": 64514
    },
    "4539": {
        "0": 1,
        "1": 1,
        "2": 9,
        "3": 69,
        "4": 514,
        "5": 3792,
        "6": 10488
    },
    "4540": {
        "0": 1,
        "1": 8,
        "2": 52,
        "3": 332,
        "4": 2110,
        "5": 4601,
        "6": 8146
    },
    "4541": {
        "0": 1,
        "1": 10,
        "2": 85,
        "3": 709,
        "4": 5768,
        "5": 18507,
        "6": 41250
    },
    "4542": {
        "0": 1,
        "1": 1,
        "2": 10,
        "3": 83,
        "4": 686,
        "5": 5672,
        "6": 16950
    },
    "4543": {
        "0": 1,
        "1": 10,
        "2": 71,
        "3": 498,
        "4": 3484,
        "5": 14093,
        "6": 40552
    },
    "4544": {
        "0": 1,
        "1": 1,
        "2": 10,
        "3": 85,
        "4": 725,
        "5": 6199,
        "6": 20265
    },
    "4545": {
        "0": 1,
        "1": 10,
        "2": 65,
        "3": 426,
        "4": 2881,
        "5": 9406,
        "6": 23020
    },
    "4546": {
        "0": 1,
        "1": 12,
        "2": 106,
        "3": 919,
        "4": 7775,
        "5": 34673,
        "6": 98782
    },
    "4547": {
        "0": 1,
        "1": 8,
        "2": 62,
        "3": 476,
        "4": 3615,
        "5": 10197,
        "6": 24438
    },
    "4548": {
        "0": 1,
        "1": 1,
        "2": 9,
        "3": 68,
        "4": 515,
        "5": 3934,
        "6": 11068
    },
    "4549": {
        "0": 1,
        "1": 9,
        "2": 73,
        "3": 574,
        "4": 4402,
        "5": 15861,
        "6": 38706
    },
    "4550": {
        "0": 1,
        "1": 11,
        "2": 93,
        "3": 766,
        "4": 6004,
        "5": 20236,
        "6": 45971
    },
    "4551": {
        "0": 1,
        "1": 10,
        "2": 83,
        "3": 695,
        "4": 5725,
        "5": 17945,
        "6": 42480
    },
    "4552": {
        "0": 1,
        "1": 10,
        "2": 75,
        "3": 586,
        "4": 4534,
        "5": 15944,
        "6": 29253
    },
    "4553": {
        "0": 1,
        "1": 1,
        "2": 11,
        "3": 86,
        "4": 688,
        "5": 5452,
        "6": 24027
    },
    "4554": {
        "0": 1,
        "1": 11,
        "2": 84,
        "3": 619,
        "4": 4555,
        "5": 16258,
        "6": 41763
    },
    "4555": {
        "0": 1,
        "1": 10,
        "2": 82,
        "3": 639,
        "4": 4894,
        "5": 19750,
        "6": 57120
    },
    "4556": {
        "0": 1,
        "1": 9,
        "2": 70,
        "3": 533,
        "4": 4038,
        "5": 11336,
        "6": 24678
    },
    "4557": {
        "0": 1,
        "1": 1,
        "2": 1,
        "3": 9,
        "4": 68,
        "5": 513,
        "6": 3865
    },
    "4558": {
        "0": 1,
        "1": 11,
        "2": 73,
        "3": 471,
        "4": 3114,
        "5": 10367,
        "6": 27800
    },
    "4559": {
        "0": 1,
        "1": 9,
        "2": 72,
        "3": 559,
        "4": 4300,
        "5": 13705,
        "6": 30971
    },
    "4560": {
        "0": 1,
        "1": 1,
        "2": 9,
        "3": 58,
        "4": 379,
        "5": 2493,
        "6": 7546
    },
    "4561": {
        "0": 1,
        "1": 1,
        "2": 1,
        "3": 10,
        "4": 79,
        "5": 589,
        "6": 4259
    },
    "4562": {
        "0": 1,
        "1": 11,
        "2": 86,
        "3": 621,
        "4": 4395,
        "5": 20539,
        "6": 66550
    },
    "4563": {
        "0": 1,
        "1": 12,
        "2": 96,
        "3": 728,
        "4": 5422,
        "5": 22691,
        "6": 67497
    },
    "4564": {
        "0": 1,
        "1": 1,
        "2": 10,
        "3": 79,
        "4": 616,
        "5": 4765,
        "6": 19138
    },
    "4565": {
        "0": 1,
        "1": 11,
        "2": 83,
        "3": 624,
        "4": 4728,
        "5": 16794,
        "6": 38116
    },
    "4566": {
        "0": 1,
        "1": 1,
        "2": 1,
        "3": 9,
        "4": 70,
        "5": 541,
        "6": 4157
    },
    "4567": {
        "0": 1,
        "1": 1,
        "2": 8,
        "3": 72,
        "4": 613,
        "5": 5043,
        "6": 12844
    },
    "4568": {
        "0": 1,
        "1": 1,
        "2": 12,
        "3": 98,
        "4": 750,
        "5": 5705,
        "6": 25954
    },
    "4569": {
        "0": 1,
        "1": 1,
        "2": 11,
        "3": 84,
        "4": 635,
        "5": 4756,
        "6": 18041
    },
    "4570": {
        "0": 1,
        "1": 1,
        "2": 1,
        "3": 11,
        "4": 85,
        "5": 628,
        "6": 4505
    },
    "4571": {
        "0": 1,
        "1": 1,
        "2": 10,
        "3": 89,
        "4": 744,
        "5": 6034,
        "6": 20373
    },
    "4572": {
        "0": 1,
        "1": 11,
        "2": 75,
        "3": 479,
        "4": 3134,
        "5": 10359,
        "6": 29535
    },
    "4573": {
        "0": 1,
        "1": 9,
        "2": 76,
        "3": 652,
        "4": 5537,
        "5": 16757,
        "6": 35226
    },
    "4574": {
        "0": 1,
        "1": 1,
        "2": 9,
        "3": 71,
        "4": 547,
        "5": 4191,
        "6": 12870
    },
    "4575": {
        "0": 1,
        "1": 9,
        "2": 75,
        "3": 640,
        "4": 5500,
        "5": 14940,
        "6": 28420
    },
    "4576": {
        "0": 1,
        "1": 1,
        "2": 9,
        "3": 77,
        "4": 663,
        "5": 5692,
        "6": 18615
    },
    "4577": {
        "0": 1,
        "1": 1,
        "2": 10,
        "3": 81,
        "4": 684,
        "5": 5829,
        "6": 17230
    },
    "4578": {
        "0": 1,
        "1": 1,
        "2": 9,
        "3": 71,
        "4": 530,
        "5": 3883,
        "6": 12560
    },
    "4579": {
        "0": 1,
        "1": 11,
        "2": 97,
        "3": 834,
        "4": 7092,
        "5": 29583,
        "6": 79499
    },
    "4580": {
        "0": 1,
        "1": 1,
        "2": 10,
        "3": 81,
        "4": 669,
        "5": 5478,
        "6": 14521
    },
    "4581": {
        "0": 1,
        "1": 12,
        "2": 104,
        "3": 890,
        "4": 7569,
        "5": 31749,
        "6": 86666
    },
    "4582": {
        "0": 1,
        "1": 1,
        "2": 1,
        "3": 1,
        "4": 9,
        "5": 69,
        "6": 521
    },
    "4583": {
        "0": 1,
        "1": 1,
        "2": 11,
        "3": 89,
        "4": 725,
        "5": 5815,
        "6": 18425
    },
    "4584": {
        "0": 1,
        "1": 1,
        "2": 1,
        "3": 12,
        "4": 93,
        "5": 709,
        "6": 5457
    },
    "4585": {
        "0": 1,
        "1": 10,
        "2": 82,
        "3": 687,
        "4": 5787,
        "5": 16420,
        "6": 25927
    },
    "4586": {
        "0": 1,
        "1": 10,
        "2": 77,
        "3": 600,
        "4": 4607,
        "5": 15933,
        "6": 37906
    },
    "4587": {
        "0": 1,
        "1": 11,
        "2": 81,
        "3": 572,
        "4": 4075,
        "5": 11920,
        "6": 29762
    },
    "4588": {
        "0": 1,
        "1": 1,
        "2": 1,
        "3": 10,
        "4": 68,
        "5": 419,
        "6": 2552
    },
    "4589": {
        "0": 1,
        "1": 9,
        "2": 75,
        "3": 644,
        "4": 5502,
        "5": 16662,
        "6": 33914
    },
    "4590": {
        "0": 1,
        "1": 1,
        "2": 9,
        "3": 55,
        "4": 320,
        "5": 1926,
        "6": 7535
    },
    "4591": {
        "0": 1,
        "1": 1,
        "2": 1,
        "3": 10,
        "4": 81,
        "5": 684,
        "6": 5768
    },
    "4592": {
        "0": 1,
        "1": 9,
        "2": 65,
        "3": 468,
        "4": 3423,
        "5": 8094,
        "6": 17238
    },
    "4593": {
        "0": 1,
        "1": 1,
        "2": 10,
        "3": 74,
        "4": 540,
        "5": 4023,
        "6": 11357
    },
    "4594": {
        "0": 1,
        "1": 9,
        "2": 78,
        "3": 672,
        "4": 5750,
        "5": 18547,
        "6": 39530
    },
    "4595": {
        "0": 1,
        "1": 11,
        "2": 83,
        "3": 620,
        "4": 4707,
        "5": 17012,
        "6": 45774
    },
    "4596": {
        "0": 1,
        "1": 1,
        "2": 11,
        "3": 87,
        "4": 652,
        "5": 4798,
        "6": 17913
    },
    "4597": {
        "0": 1,
        "1": 1,
        "2": 11,
        "3": 94,
        "4": 805,
        "5": 6879,
        "6": 25725
    },
    "4598": {
        "0": 1,
        "1": 1,
        "2": 1,
        "3": 1,
        "4": 12,
        "5": 87,
        "6": 584
    },
    "4599": {
        "0": 1,
        "1": 1,
        "2": 9,
        "3": 68,
        "4": 500,
        "5": 3516,
        "6": 10021
    }
}