{
    "8200": {
        "0": 1,
        "1": 11,
        "2": 90,
        "3": 749,
        "4": 6296,
        "5": 20561,
        "6": 44865
    },
    "8201": {
        "0": 1,
        "1": 11,
        "2": 95,
        "3": 794,
        "4": 6479,
        "5": 24212,
        "6": 59582
    },
    "8202": {
        "0": 1,
        "1": 11,
        "2": 91,
        "3": 739,
        "4": 5966,
        "5": 20109,
        "6": 46586
    },
    "8203": {
        "0": 1,
        "1": 1,
        "2": 11,
        "3": 87,
        "4": 671,
        "5": 5172,
        "6": 20773
    },
    "8204": {
        "0": 1,
        "1": 11,
        "2": 87,
        "3": 665,
        "4": 5039,
        "5": 18839,
        "6": 50851
    },
    "8205": {
        "0": 1,
        "1": 9,
        "2": 77,
        "3": 655,
        "4": 5539,
        "5": 16381,
        "6": 36838
    },
    "8206": {
        "0": 1,
        "1": 12,
        "2": 94,
        "3": 673,
        "4": 4706,
        "5": 17085,
        "6": 45714
    },
    "8207": {
        "0": 1,
        "1": 1,
        "2": 1,
        "3": 10,
        "4": 80,
        "5": 620,
        "6": 4727
    },
    "8208": {
        "0": 1,
        "1": 1,
        "2": 11,
        "3": 82,
        "4": 618,
        "5": 4731,
        "6": 17379
    },
    "8209": {
        "0": 1,
        "1": 1,
        "2": 12,
        "3": 89,
        "4": 602,
        "5": 4055,
        "6": 17294
    },
    "8210": {
        "0": 1,
        "1": 1,
        "2": 11,
        "3": 94,
        "4": 779,
        "5": 6338,
        "6": 23088
    },
    "8211": {
        "0": 1,
        "1": 1,
        "2": 9,
        "3": 73,
        "4": 583,
        "5": 4507,
        "6": 16664
    },
    "8212": {
        "0": 1,
        "1": 9,
        "2": 76,
        "3": 646,
        "4": 5443,
        "5": 15525,
        "6": 31420
    },
    "8213": {
        "0": 1,
        "1": 12,
        "2": 92,
        "3": 657,
        "4": 4656,
        "5": 17356,
        "6": 48229
    },
    "8214": {
        "0": 1,
        "1": 10,
        "2": 69,
        "3": 465,
        "4": 3172,
        "5": 11372,
        "6": 31093
    },
    "8215": {
        "0": 1,
        "1": 1,
        "2": 11,
        "3": 85,
        "4": 648,
        "5": 4884,
        "6": 19487
    },
    "8216": {
        "0": 1,
        "1": 1,
        "2": 1,
        "3": 1,
        "4": 11,
        "5": 91,
        "6": 715
    },
    "8217": {
        "0": 1,
        "1": 1,
        "2": 1,
        "3": 10,
        "4": 87,
        "5": 752,
        "6": 6445
    },
    "8218": {
        "0": 1,
        "1": 12,
        "2": 95,
        "3": 715,
        "4": 5366,
        "5": 20984,
        "6": 58252
    },
    "8219": {
        "0": 1,
        "1": 1,
        "2": 10,
        "3": 78,
        "4": 607,
        "5": 4691,
        "6": 18633
    },
    "8220": {
        "0": 1,
        "1": 1,
        "2": 1,
        "3": 1,
        "4": 1,
        "5": 10,
        "6": 90
    },
    "8221": {
        "0": 1,
        "1": 11,
        "2": 91,
        "3": 787,
        "4": 6827,
        "5": 26571,
        "6": 65574
    },
    "8222": {
        "0": 1,
        "1": 11,
        "2": 86,
        "3": 643,
        "4": 4775,
        "5": 18089,
        "6": 51784
    },
    "8223": {
        "0": 1,
        "1": 1,
        "2": 10,
        "3": 85,
        "4": 724,
        "5": 6187,
        "6": 20414
    },
    "8224": {
        "0": 1,
        "1": 1,
        "2": 11,
        "3": 82,
        "4": 598,
        "5": 4463,
        "6": 14532
    },
    "8225": {
        "0": 1,
        "1": 11,
        "2": 97,
        "3": 831,
        "4": 7072,
        "5": 27443,
        "6": 66926
    },
    "8226": {
        "0": 1,
        "1": 1,
        "2": 11,
        "3": 99,
        "4": 868,
        "5": 7431,
        "6": 32384
    },
    "8227": {
        "0": 1,
        "1": 11,
        "2": 97,
        "3": 828,
        "4": 6909,
        "5": 26761,
        "6": 69450
    },
    "8228": {
        "0": 1,
        "1": 10,
        "2": 85,
        "3": 713,
        "4": 5837,
        "5": 19306,
        "6": 38858
    },
    "8229": {
        "0": 1,
        "1": 1,
        "2": 12,
        "3": 95,
        "4": 693,
        "5": 5000,
        "6": 20352
    },
    "8230": {
        "0": 1,
        "1": 10,
        "2": 75,
        "3": 572,
        "4": 4359,
        "5": 13949,
        "6": 30519
    },
    "8231": {
        "0": 1,
        "1": 1,
        "2": 10,
        "3": 82,
        "4": 686,
        "5": 5699,
        "6": 16235
    },
    "8232": {
        "0": 1,
        "1": 11,
        "2": 85,
        "3": 608,
        "4": 4211,
        "5": 13252,
        "6": 32191
    },
    "8233": {
        "0": 1,
        "1": 1,
        "2": 1,
        "3": 1,
        "4": 1,
        "5": 10,
        "6": 66
    },
    "8234": {
        "0": 1,
        "1": 9,
        "2": 73,
        "3": 589,
        "4": 4631,
        "5": 18479,
        "6": 46519
    },
    "8235": {
        "0": 1,
        "1": 10,
        "2": 69,
        "3": 440,
        "4": 2803,
        "5": 8872,
        "6": 19906
    },
    "8236": {
        "0": 1,
        "1": 11,
        "2": 74,
        "3": 484,
        "4": 3166,
        "5": 11522,
        "6": 30429
    },
    "8237": {
        "0": 1,
        "1": 9,
        "2": 78,
        "3": 665,
        "4": 5713,
        "5": 16234,
        "6": 33510
    },
    "8238": {
        "0": 1,
        "1": 1,
        "2": 10,
        "3": 69,
        "4": 460,
        "5": 3121,
        "6": 10829
    },
    "8239": {
        "0": 1,
        "1": 1,
        "2": 8,
        "3": 60,
        "4": 450,
        "5": 3366,
        "6": 8066
    },
    "8240": {
        "0": 1,
        "1": 10,
        "2": 74,
        "3": 560,
        "4": 4208,
        "5": 14195,
        "6": 29564
    },
    "8241": {
        "0": 1,
        "1": 1,
        "2": 11,
        "3": 93,
        "4": 759,
        "5": 6124,
        "6": 21466
    },
    "8242": {
        "0": 1,
        "1": 1,
        "2": 13,
        "3": 107,
        "4": 794,
        "5": 5702,
        "6": 25034
    },
    "8243": {
        "0": 1,
        "1": 1,
        "2": 1,
        "3": 8,
        "4": 63,
        "5": 477,
        "6": 3554
    },
    "8244": {
        "0": 1,
        "1": 12,
        "2": 102,
        "3": 803,
        "4": 6219,
        "5": 28914,
        "6": 90036
    },
    "8245": {
        "0": 1,
        "1": 1,
        "2": 1,
        "3": 1,
        "4": 1,
        "5": 1,
        "6": 12
    },
    "8246": {
        "0": 1,
        "1": 10,
        "2": 80,
        "3": 618,
        "4": 4738,
        "5": 18639,
        "6": 52092
    },
    "8247": {
        "0": 1,
        "1": 1,
        "2": 9,
        "3": 81,
        "4": 702,
        "5": 5975,
        "6": 19889
    },
    "8248": {
        "0": 1,
        "1": 1,
        "2": 1,
        "3": 10,
        "4": 78,
        "5": 600,
        "6": 4612
    },
    "8249": {
        "0": 1,
        "1": 1,
        "2": 1,
        "3": 1,
        "4": 11,
        "5": 94,
        "6": 800
    },
    "8250": {
        "0": 1,
        "1": 10,
        "2": 85,
        "3": 730,
        "4": 6245,
        "5": 20613,
        "6": 46658
    },
    "8251": {
        "0": 1,
        "1": 1,
        "2": 12,
        "3": 106,
        "4": 891,
        "5": 7341,
        "6": 29678
    },
    "8252": {
        "0": 1,
        "1": 1,
        "2": 1,
        "3": 10,
        "4": 61,
        "5": 340,
        "6": 1933
    },
    "8253": {
        "0": 1,
        "1": 11,
        "2": 97,
        "3": 844,
        "4": 7196,
        "5": 30323,
        "6": 81118
    },
    "8254": {
        "0": 1,
        "1": 1,
        "2": 12,
        "3": 97,
        "4": 732,
        "5": 5422,
        "6": 22281
    },
    "8255": {
        "0": 1,
        "1": 1,
        "2": 1,
        "3": 12,
        "4": 105,
        "5": 907,
        "6": 7774
    },
    "8256": {
        "0": 1,
        "1": 1,
        "2": 11,
        "3": 80,
        "4": 536,
        "5": 3589,
        "6": 15161
    },
    "8257": {
        "0": 1,
        "1": 1,
        "2": 10,
        "3": 80,
        "4": 642,
        "5": 5116,
        "6": 12818
    },
    "8258": {
        "0": 1,
        "1": 1,
        "2": 9,
        "3": 78,
        "4": 669,
        "5": 5691,
        "6": 17864
    },
    "8259": {
        "0": 1,
        "1": 10,
        "2": 87,
        "3": 741,
        "4": 6220,
        "5": 21186,
        "6": 46148
    },
    "8260": {
        "0": 1,
        "1": 9,
        "2": 81,
        "3": 723,
        "4": 6374,
        "5": 22849,
        "6": 56066
    },
    "8261": {
        "0": 1,
        "1": 1,
        "2": 11,
        "3": 87,
        "4": 673,
        "5": 5165,
        "6": 20246
    },
    "8262": {
        "0": 1,
        "1": 1,
        "2": 10,
        "3": 83,
        "4": 701,
        "5": 5878,
        "6": 18865
    },
    "8263": {
        "0": 1,
        "1": 1,
        "2": 10,
        "3": 76,
        "4": 578,
        "5": 4399,
        "6": 14182
    },
    "8264": {
        "0": 1,
        "1": 11,
        "2": 89,
        "3": 683,
        "4": 5259,
        "5": 21540,
        "6": 66196
    },
    "8265": {
        "0": 1,
        "1": 11,
        "2": 89,
        "3": 715,
        "4": 5661,
        "5": 25366,
        "6": 74373
    },
    "8266": {
        "0": 1,
        "1": 14,
        "2": 129,
        "3": 1042,
        "4": 8158,
        "5": 44432,
        "6": 167052
    },
    "8267": {
        "0": 1,
        "1": 12,
        "2": 96,
        "3": 723,
        "4": 5392,
        "5": 22560,
        "6": 68034
    },
    "8268": {
        "0": 1,
        "1": 1,
        "2": 10,
        "3": 75,
        "4": 563,
        "5": 4289,
        "6": 13877
    },
    "8269": {
        "0": 1,
        "1": 10,
        "2": 85,
        "3": 705,
        "4": 5804,
        "5": 17061,
        "6": 38544
    },
    "8270": {
        "0": 1,
        "1": 9,
        "2": 68,
        "3": 509,
        "4": 3810,
        "5": 11132,
        "6": 25653
    },
    "8271": {
        "0": 1,
        "1": 1,
        "2": 9,
        "3": 77,
        "4": 642,
        "5": 5237,
        "6": 14496
    },
    "8272": {
        "0": 1,
        "1": 1,
        "2": 1,
        "3": 10,
        "4": 80,
        "5": 613,
        "6": 4639
    },
    "8273": {
        "0": 1,
        "1": 8,
        "2": 54,
        "3": 371,
        "4": 2567,
        "5": 7694,
        "6": 15585
    },
    "8274": {
        "0": 1,
        "1": 10,
        "2": 83,
        "3": 714,
        "4": 6119,
        "5": 21394,
        "6": 55780
    },
    "8275": {
        "0": 1,
        "1": 1,
        "2": 1,
        "3": 12,
        "4": 92,
        "5": 638,
        "6": 4351
    },
    "8276": {
        "0": 1,
        "1": 1,
        "2": 10,
        "3": 80,
        "4": 632,
        "5": 4973,
        "6": 19801
    },
    "8277": {
        "0": 1,
        "1": 9,
        "2": 62,
        "3": 417,
        "4": 2844,
        "5": 9253,
        "6": 23860
    },
    "8278": {
        "0": 1,
        "1": 10,
        "2": 68,
        "3": 460,
        "4": 3149,
        "5": 11325,
        "6": 26186
    },
    "8279": {
        "0": 1,
        "1": 1,
        "2": 1,
        "3": 8,
        "4": 60,
        "5": 473,
        "6": 3768
    },
    "8280": {
        "0": 1,
        "1": 1,
        "2": 10,
        "3": 68,
        "4": 464,
        "5": 3244,
        "6": 12466
    },
    "8281": {
        "0": 1,
        "1": 1,
        "2": 1,
        "3": 1,
        "4": 1,
        "5": 1,
        "6": 9
    },
    "8282": {
        "0": 1,
        "1": 1,
        "2": 1,
        "3": 11,
        "4": 83,
        "5": 612,
        "6": 4541
    },
    "8283": {
        "0": 1,
        "1": 1,
        "2": 10,
        "3": 75,
        "4": 555,
        "5": 4150,
        "6": 13890
    },
    "8284": {
        "0": 1,
        "1": 1,
        "2": 1,
        "3": 1,
        "4": 11,
        "5": 84,
        "6": 632
    },
    "8285": {
        "0": 1,
        "1": 8,
        "2": 69,
        "3": 586,
        "4": 4894,
        "5": 10415,
        "6": 17235
    },
    "8286": {
        "0": 1,
        "1": 1,
        "2": 1,
        "3": 8,
        "4": 56,
        "5": 385,
        "6": 2628
    },
    "8287": {
        "0": 1,
        "1": 10,
        "2": 80,
        "3": 631,
        "4": 4887,
        "5": 19964,
        "6": 55929
    },
    "8288": {
        "0": 1,
        "1": 1,
        "2": 10,
        "3": 90,
        "4": 796,
        "5": 6977,
        "6": 28393
    },
    "8289": {
        "0": 1,
        "1": 10,
        "2": 82,
        "3": 686,
        "4": 5714,
        "5": 17072,
        "6": 34540
    },
    "8290": {
        "0": 1,
        "1": 1,
        "2": 11,
        "3": 88,
        "4": 682,
        "5": 5260,
        "6": 23300
    },
    "8291": {
        "0": 1,
        "1": 1,
        "2": 1,
        "3": 8,
        "4": 68,
        "5": 549,
        "6": 4225
    },
    "8292": {
        "0": 1,
        "1": 1,
        "2": 9,
        "3": 73,
        "4": 584,
        "5": 4635,
        "6": 17386
    },
    "8293": {
        "0": 1,
        "1": 10,
        "2": 80,
        "3": 636,
        "4": 5026,
        "5": 20580,
        "6": 58797
    },
    "8294": {
        "0": 1,
        "1": 10,
        "2": 76,
        "3": 600,
        "4": 4812,
        "5": 19650,
        "6": 54916
    },
    "8295": {
        "0": 1,
        "1": 1,
        "2": 1,
        "3": 10,
        "4": 66,
        "5": 432,
        "6": 2864
    },
    "8296": {
        "0": 1,
        "1": 12,
        "2": 88,
        "3": 599,
        "4": 4055,
        "5": 17192,
        "6": 47614
    },
    "8297": {
        "0": 1,
        "1": 9,
        "2": 62,
        "3": 430,
        "4": 3001,
        "5": 10666,
        "6": 29614
    },
    "8298": {
        "0": 1,
        "1": 1,
        "2": 12,
        "3": 94,
        "4": 722,
        "5": 5501,
        "6": 24232
    },
    "8299": {
        "0": 1,
        "1": 11,
        "2": 85,
        "3": 629,
        "4": 4642,
        "5": 16617,
        "6": 40486
    }
}