{
    "16100": {
        "0": 1,
        "1": 1,
        "2": 11,
        "3": 87,
        "4": 644,
        "5": 4714,
        "6": 18414
    },
    "16101": {
        "0": 1,
        "1": 12,
        "2": 98,
        "3": 747,
        "4": 5624,
        "5": 23133,
        "6": 62202
    },
    "16102": {
        "0": 1,
        "1": 1,
        "2": 11,
        "3": 94,
        "4": 788,
        "5": 6537,
        "6": 23836
    },
    "16103": {
        "0": 1,
        "1": 1,
        "2": 1,
        "3": 1,
        "4": 1,
        "5": 10,
        "6": 77
    },
    "16104": {
        "0": 1,
        "1": 1,
        "2": 1,
        "3": 11,
        "4": 75,
        "5": 502,
        "6": 3410
    },
    "16105": {
        "0": 1,
        "1": 1,
        "2": 1,
        "3": 12,
        "4": 104,
        "5": 876,
        "6": 7349
    },
    "16106": {
        "0": 1,
        "1": 1,
        "2": 1,
        "3": 9,
        "4": 79,
        "5": 688,
        "6": 5910
    },
    "16107": {
        "0": 1,
        "1": 1,
        "2": 1,
        "3": 1,
        "4": 10,
        "5": 85,
        "6": 708
    },
    "16108": {
        "0": 1,
        "1": 1,
        "2": 11,
        "3": 84,
        "4": 633,
        "5": 4819,
        "6": 17882
    },
    "16109": {
        "0": 1,
        "1": 9,
        "2": 78,
        "3": 665,
        "4": 5596,
        "5": 16719,
        "6": 35298
    },
    "16110": {
        "0": 1,
        "1": 1,
        "2": 1,
        "3": 1,
        "4": 10,
        "5": 66,
        "6": 425
    },
    "16111": {
        "0": 1,
        "1": 9,
        "2": 63,
        "3": 446,
        "4": 3178,
        "5": 12293,
        "6": 34262
    },
    "16112": {
        "0": 1,
        "1": 10,
        "2": 75,
        "3": 548,
        "4": 4014,
        "5": 10545,
        "6": 23057
    },
    "16113": {
        "0": 1,
        "1": 1,
        "2": 1,
        "3": 1,
        "4": 12,
        "5": 92,
        "6": 680
    },
    "16114": {
        "0": 1,
        "1": 11,
        "2": 82,
        "3": 576,
        "4": 3995,
        "5": 18591,
        "6": 61741
    },
    "16115": {
        "0": 1,
        "1": 11,
        "2": 96,
        "3": 836,
        "4": 7212,
        "5": 29354,
        "6": 74132
    },
    "16116": {
        "0": 1,
        "1": 1,
        "2": 10,
        "3": 78,
        "4": 569,
        "5": 4090,
        "6": 13527
    },
    "16117": {
        "0": 1,
        "1": 1,
        "2": 1,
        "3": 8,
        "4": 67,
        "5": 551,
        "6": 4422
    },
    "16118": {
        "0": 1,
        "1": 8,
        "2": 60,
        "3": 455,
        "4": 3456,
        "5": 7350,
        "6": 13582
    },
    "16119": {
        "0": 1,
        "1": 1,
        "2": 1,
        "3": 8,
        "4": 60,
        "5": 451,
        "6": 3407
    },
    "16120": {
        "0": 1,
        "1": 10,
        "2": 76,
        "3": 570,
        "4": 4283,
        "5": 14907,
        "6": 37254
    },
    "16121": {
        "0": 1,
        "1": 1,
        "2": 12,
        "3": 99,
        "4": 751,
        "5": 5628,
        "6": 23134
    },
    "16122": {
        "0": 1,
        "1": 10,
        "2": 78,
        "3": 593,
        "4": 4524,
        "5": 15564,
        "6": 39477
    },
    "16123": {
        "0": 1,
        "1": 10,
        "2": 77,
        "3": 577,
        "4": 4205,
        "5": 14658,
        "6": 36406
    },
    "16124": {
        "0": 1,
        "1": 12,
        "2": 98,
        "3": 758,
        "4": 5831,
        "5": 25652,
        "6": 73983
    },
    "16125": {
        "0": 1,
        "1": 1,
        "2": 10,
        "3": 73,
        "4": 485,
        "5": 3204,
        "6": 11878
    },
    "16126": {
        "0": 1,
        "1": 1,
        "2": 9,
        "3": 78,
        "4": 684,
        "5": 5910,
        "6": 20018
    },
    "16127": {
        "0": 1,
        "1": 9,
        "2": 52,
        "3": 298,
        "4": 1736,
        "5": 5221,
        "6": 11415
    },
    "16128": {
        "0": 1,
        "1": 11,
        "2": 97,
        "3": 835,
        "4": 7163,
        "5": 28790,
        "6": 75606
    },
    "16129": {
        "0": 1,
        "1": 9,
        "2": 75,
        "3": 645,
        "4": 5532,
        "5": 14668,
        "6": 24565
    },
    "16130": {
        "0": 1,
        "1": 1,
        "2": 9,
        "3": 68,
        "4": 504,
        "5": 3632,
        "6": 10308
    },
    "16131": {
        "0": 1,
        "1": 1,
        "2": 10,
        "3": 85,
        "4": 717,
        "5": 5896,
        "6": 19934
    },
    "16132": {
        "0": 1,
        "1": 9,
        "2": 78,
        "3": 684,
        "4": 6026,
        "5": 20342,
        "6": 48947
    },
    "16133": {
        "0": 1,
        "1": 1,
        "2": 1,
        "3": 1,
        "4": 9,
        "5": 50,
        "6": 277
    },
    "16134": {
        "0": 1,
        "1": 11,
        "2": 91,
        "3": 769,
        "4": 6493,
        "5": 22114,
        "6": 44277
    },
    "16135": {
        "0": 1,
        "1": 1,
        "2": 1,
        "3": 9,
        "4": 68,
        "5": 513,
        "6": 3894
    },
    "16136": {
        "0": 1,
        "1": 12,
        "2": 73,
        "3": 443,
        "4": 2617,
        "5": 10820,
        "6": 33490
    },
    "16137": {
        "0": 1,
        "1": 10,
        "2": 81,
        "3": 678,
        "4": 5608,
        "5": 15889,
        "6": 31902
    },
    "16138": {
        "0": 1,
        "1": 1,
        "2": 1,
        "3": 10,
        "4": 84,
        "5": 705,
        "6": 5935
    },
    "16139": {
        "0": 1,
        "1": 11,
        "2": 92,
        "3": 749,
        "4": 5922,
        "5": 20628,
        "6": 53403
    },
    "16140": {
        "0": 1,
        "1": 11,
        "2": 94,
        "3": 776,
        "4": 6258,
        "5": 24341,
        "6": 68077
    },
    "16141": {
        "0": 1,
        "1": 1,
        "2": 10,
        "3": 65,
        "4": 426,
        "5": 2823,
        "6": 8652
    },
    "16142": {
        "0": 1,
        "1": 10,
        "2": 83,
        "3": 708,
        "4": 6053,
        "5": 18997,
        "6": 38191
    },
    "16143": {
        "0": 1,
        "1": 1,
        "2": 11,
        "3": 84,
        "4": 633,
        "5": 4816,
        "6": 17752
    },
    "16144": {
        "0": 1,
        "1": 1,
        "2": 10,
        "3": 82,
        "4": 684,
        "5": 5611,
        "6": 16799
    },
    "16145": {
        "0": 1,
        "1": 9,
        "2": 59,
        "3": 399,
        "4": 2729,
        "5": 8649,
        "6": 19435
    },
    "16146": {
        "0": 1,
        "1": 1,
        "2": 10,
        "3": 74,
        "4": 523,
        "5": 3712,
        "6": 9339
    },
    "16147": {
        "0": 1,
        "1": 9,
        "2": 70,
        "3": 538,
        "4": 4124,
        "5": 12348,
        "6": 23993
    },
    "16148": {
        "0": 1,
        "1": 1,
        "2": 1,
        "3": 1,
        "4": 11,
        "5": 86,
        "6": 629
    },
    "16149": {
        "0": 1,
        "1": 9,
        "2": 60,
        "3": 400,
        "4": 2662,
        "5": 8739,
        "6": 21636
    },
    "16150": {
        "0": 1,
        "1": 1,
        "2": 1,
        "3": 10,
        "4": 68,
        "5": 447,
        "6": 2961
    },
    "16151": {
        "0": 1,
        "1": 1,
        "2": 11,
        "3": 86,
        "4": 636,
        "5": 4673,
        "6": 15204
    },
    "16152": {
        "0": 1,
        "1": 12,
        "2": 103,
        "3": 835,
        "4": 6634,
        "5": 24557,
        "6": 64345
    },
    "16153": {
        "0": 1,
        "1": 12,
        "2": 106,
        "3": 891,
        "4": 7344,
        "5": 29730,
        "6": 78608
    },
    "16154": {
        "0": 1,
        "1": 9,
        "2": 67,
        "3": 500,
        "4": 3761,
        "5": 9335,
        "6": 17016
    },
    "16155": {
        "0": 1,
        "1": 11,
        "2": 91,
        "3": 738,
        "4": 5917,
        "5": 16729,
        "6": 29283
    },
    "16156": {
        "0": 1,
        "1": 9,
        "2": 80,
        "3": 702,
        "4": 6000,
        "5": 20473,
        "6": 45168
    },
    "16157": {
        "0": 1,
        "1": 1,
        "2": 1,
        "3": 11,
        "4": 87,
        "5": 668,
        "6": 5125
    },
    "16158": {
        "0": 1,
        "1": 11,
        "2": 92,
        "3": 759,
        "4": 6170,
        "5": 21715,
        "6": 48319
    },
    "16159": {
        "0": 1,
        "1": 1,
        "2": 11,
        "3": 85,
        "4": 644,
        "5": 4876,
        "6": 19722
    },
    "16160": {
        "0": 1,
        "1": 12,
        "2": 93,
        "3": 701,
        "4": 5358,
        "5": 22239,
        "6": 59301
    },
    "16161": {
        "0": 1,
        "1": 1,
        "2": 1,
        "3": 1,
        "4": 10,
        "5": 85,
        "6": 725
    },
    "16162": {
        "0": 1,
        "1": 1,
        "2": 1,
        "3": 9,
        "4": 70,
        "5": 519,
        "6": 3748
    },
    "16163": {
        "0": 1,
        "1": 10,
        "2": 76,
        "3": 545,
        "4": 3817,
        "5": 10794,
        "6": 23386
    },
    "16164": {
        "0": 1,
        "1": 1,
        "2": 10,
        "3": 69,
        "4": 474,
        "5": 3251,
        "6": 12136
    },
    "16165": {
        "0": 1,
        "1": 1,
        "2": 1,
        "3": 8,
        "4": 64,
        "5": 502,
        "6": 3873
    },
    "16166": {
        "0": 1,
        "1": 1,
        "2": 10,
        "3": 86,
        "4": 731,
        "5": 6159,
        "6": 21105
    },
    "16167": {
        "0": 1,
        "1": 1,
        "2": 9,
        "3": 70,
        "4": 540,
        "5": 4134,
        "6": 14172
    },
    "16168": {
        "0": 1,
        "1": 1,
        "2": 11,
        "3": 86,
        "4": 621,
        "5": 4388,
        "6": 13479
    },
    "16169": {
        "0": 1,
        "1": 1,
        "2": 11,
        "3": 83,
        "4": 629,
        "5": 4812,
        "6": 17691
    },
    "16170": {
        "0": 1,
        "1": 11,
        "2": 95,
        "3": 822,
        "4": 7053,
        "5": 27505,
        "6": 62960
    },
    "16171": {
        "0": 1,
        "1": 1,
        "2": 10,
        "3": 78,
        "4": 598,
        "5": 4600,
        "6": 16301
    },
    "16172": {
        "0": 1,
        "1": 1,
        "2": 1,
        "3": 11,
        "4": 87,
        "5": 684,
        "6": 5341
    },
    "16173": {
        "0": 1,
        "1": 8,
        "2": 55,
        "3": 376,
        "4": 2555,
        "5": 7161,
        "6": 15970
    },
    "16174": {
        "0": 1,
        "1": 1,
        "2": 1,
        "3": 14,
        "4": 115,
        "5": 829,
        "6": 5713
    },
    "16175": {
        "0": 1,
        "1": 1,
        "2": 9,
        "3": 76,
        "4": 643,
        "5": 5396,
        "6": 14990
    },
    "16176": {
        "0": 1,
        "1": 1,
        "2": 10,
        "3": 73,
        "4": 539,
        "5": 4031,
        "6": 11501
    },
    "16177": {
        "0": 1,
        "1": 12,
        "2": 95,
        "3": 703,
        "4": 5213,
        "5": 21513,
        "6": 56086
    },
    "16178": {
        "0": 1,
        "1": 1,
        "2": 8,
        "3": 53,
        "4": 360,
        "5": 2486,
        "6": 7221
    },
    "16179": {
        "0": 1,
        "1": 11,
        "2": 90,
        "3": 759,
        "4": 6394,
        "5": 23455,
        "6": 58092
    },
    "16180": {
        "0": 1,
        "1": 1,
        "2": 1,
        "3": 1,
        "4": 11,
        "5": 98,
        "6": 851
    },
    "16181": {
        "0": 1,
        "1": 1,
        "2": 1,
        "3": 11,
        "4": 78,
        "5": 529,
        "6": 3594
    },
    "16182": {
        "0": 1,
        "1": 11,
        "2": 86,
        "3": 664,
        "4": 5059,
        "5": 20887,
        "6": 54655
    },
    "16183": {
        "0": 1,
        "1": 1,
        "2": 1,
        "3": 10,
        "4": 88,
        "5": 783,
        "6": 6920
    },
    "16184": {
        "0": 1,
        "1": 1,
        "2": 11,
        "3": 85,
        "4": 630,
        "5": 4642,
        "6": 16825
    },
    "16185": {
        "0": 1,
        "1": 10,
        "2": 82,
        "3": 705,
        "4": 6117,
        "5": 20591,
        "6": 44772
    },
    "16186": {
        "0": 1,
        "1": 1,
        "2": 9,
        "3": 74,
        "4": 632,
        "5": 5426,
        "6": 13880
    },
    "16187": {
        "0": 1,
        "1": 1,
        "2": 10,
        "3": 69,
        "4": 471,
        "5": 3263,
        "6": 12586
    },
    "16188": {
        "0": 1,
        "1": 1,
        "2": 12,
        "3": 108,
        "4": 946,
        "5": 8199,
        "6": 37774
    },
    "16189": {
        "0": 1,
        "1": 1,
        "2": 1,
        "3": 1,
        "4": 1,
        "5": 12,
        "6": 98
    },
    "16190": {
        "0": 1,
        "1": 13,
        "2": 114,
        "3": 959,
        "4": 7964,
        "5": 33595,
        "6": 84224
    },
    "16191": {
        "0": 1,
        "1": 8,
        "2": 68,
        "3": 561,
        "4": 4573,
        "5": 6792,
        "6": 7916
    },
    "16192": {
        "0": 1,
        "1": 11,
        "2": 96,
        "3": 796,
        "4": 6437,
        "5": 23692,
        "6": 54023
    },
    "16193": {
        "0": 1,
        "1": 13,
        "2": 96,
        "3": 640,
        "4": 4302,
        "5": 18750,
        "6": 61135
    },
    "16194": {
        "0": 1,
        "1": 12,
        "2": 101,
        "3": 784,
        "4": 5865,
        "5": 25584,
        "6": 78230
    },
    "16195": {
        "0": 1,
        "1": 12,
        "2": 103,
        "3": 847,
        "4": 6787,
        "5": 25202,
        "6": 61232
    },
    "16196": {
        "0": 1,
        "1": 9,
        "2": 76,
        "3": 661,
        "4": 5767,
        "5": 17819,
        "6": 40422
    },
    "16197": {
        "0": 1,
        "1": 1,
        "2": 10,
        "3": 77,
        "4": 573,
        "5": 4186,
        "6": 12809
    },
    "16198": {
        "0": 1,
        "1": 1,
        "2": 9,
        "3": 69,
        "4": 511,
        "5": 3686,
        "6": 10876
    },
    "16199": {
        "0": 1,
        "1": 1,
        "2": 1,
        "3": 1,
        "4": 9,
        "5": 68,
        "6": 516
    }
}