{
    "25600": {
        "0": 1,
        "1": 11,
        "2": 96,
        "3": 814,
        "4": 6846,
        "5": 26859,
        "6": 71945
    },
    "25601": {
        "0": 1,
        "1": 11,
        "2": 96,
        "3": 805,
        "4": 6652,
        "5": 24434,
        "6": 59834
    },
    "25602": {
        "0": 1,
        "1": 9,
        "2": 69,
        "3": 525,
        "4": 3965,
        "5": 10695,
        "6": 18403
    },
    "25603": {
        "0": 1,
        "1": 1,
        "2": 1,
        "3": 1,
        "4": 12,
        "5": 103,
        "6": 860
    },
    "25604": {
        "0": 1,
        "1": 1,
        "2": 11,
        "3": 96,
        "4": 820,
        "5": 7015,
        "6": 27324
    },
    "25605": {
        "0": 1,
        "1": 1,
        "2": 1,
        "3": 9,
        "4": 68,
        "5": 504,
        "6": 3648
    },
    "25606": {
        "0": 1,
        "1": 1,
        "2": 1,
        "3": 11,
        "4": 85,
        "5": 642,
        "6": 4841
    },
    "25607": {
        "0": 1,
        "1": 1,
        "2": 1,
        "3": 10,
        "4": 76,
        "5": 560,
        "6": 4063
    },
    "25608": {
        "0": 1,
        "1": 1,
        "2": 11,
        "3": 93,
        "4": 787,
        "5": 6536,
        "6": 23600
    },
    "25609": {
        "0": 1,
        "1": 1,
        "2": 1,
        "3": 1,
        "4": 1,
        "5": 10,
        "6": 86
    },
    "25610": {
        "0": 1,
        "1": 11,
        "2": 90,
        "3": 712,
        "4": 5659,
        "5": 25866,
        "6": 78281
    },
    "25611": {
        "0": 1,
        "1": 11,
        "2": 83,
        "3": 601,
        "4": 4313,
        "5": 15427,
        "6": 42388
    },
    "25612": {
        "0": 1,
        "1": 1,
        "2": 10,
        "3": 85,
        "4": 743,
        "5": 6459,
        "6": 23554
    },
    "25613": {
        "0": 1,
        "1": 10,
        "2": 74,
        "3": 538,
        "4": 4001,
        "5": 11257,
        "6": 21809
    },
    "25614": {
        "0": 1,
        "1": 10,
        "2": 77,
        "3": 590,
        "4": 4472,
        "5": 16362,
        "6": 38657
    },
    "25615": {
        "0": 1,
        "1": 11,
        "2": 73,
        "3": 473,
        "4": 3076,
        "5": 11173,
        "6": 26018
    },
    "25616": {
        "0": 1,
        "1": 1,
        "2": 1,
        "3": 1,
        "4": 10,
        "5": 76,
        "6": 572
    },
    "25617": {
        "0": 1,
        "1": 11,
        "2": 87,
        "3": 680,
        "4": 5280,
        "5": 21717,
        "6": 64612
    },
    "25618": {
        "0": 1,
        "1": 1,
        "2": 9,
        "3": 69,
        "4": 515,
        "5": 3789,
        "6": 9337
    },
    "25619": {
        "0": 1,
        "1": 9,
        "2": 62,
        "3": 431,
        "4": 2960,
        "5": 11125,
        "6": 30108
    },
    "25620": {
        "0": 1,
        "1": 10,
        "2": 82,
        "3": 631,
        "4": 4753,
        "5": 18310,
        "6": 47511
    },
    "25621": {
        "0": 1,
        "1": 10,
        "2": 77,
        "3": 603,
        "4": 4701,
        "5": 17453,
        "6": 45019
    },
    "25622": {
        "0": 1,
        "1": 10,
        "2": 74,
        "3": 554,
        "4": 4192,
        "5": 12828,
        "6": 23678
    },
    "25623": {
        "0": 1,
        "1": 11,
        "2": 96,
        "3": 832,
        "4": 7140,
        "5": 28196,
        "6": 67556
    },
    "25624": {
        "0": 1,
        "1": 1,
        "2": 10,
        "3": 80,
        "4": 640,
        "5": 5121,
        "6": 21844
    },
    "25625": {
        "0": 1,
        "1": 11,
        "2": 97,
        "3": 805,
        "4": 6498,
        "5": 24031,
        "6": 65027
    },
    "25626": {
        "0": 1,
        "1": 10,
        "2": 80,
        "3": 616,
        "4": 4657,
        "5": 17465,
        "6": 46649
    },
    "25627": {
        "0": 1,
        "1": 1,
        "2": 10,
        "3": 77,
        "4": 609,
        "5": 4860,
        "6": 19483
    },
    "25628": {
        "0": 1,
        "1": 11,
        "2": 77,
        "3": 505,
        "4": 3304,
        "5": 12603,
        "6": 35810
    },
    "25629": {
        "0": 1,
        "1": 10,
        "2": 78,
        "3": 587,
        "4": 4376,
        "5": 15169,
        "6": 38223
    },
    "25630": {
        "0": 1,
        "1": 1,
        "2": 12,
        "3": 99,
        "4": 742,
        "5": 5440,
        "6": 22627
    },
    "25631": {
        "0": 1,
        "1": 1,
        "2": 1,
        "3": 9,
        "4": 82,
        "5": 714,
        "6": 6065
    },
    "25632": {
        "0": 1,
        "1": 11,
        "2": 90,
        "3": 741,
        "4": 6188,
        "5": 19594,
        "6": 42821
    },
    "25633": {
        "0": 1,
        "1": 1,
        "2": 1,
        "3": 9,
        "4": 71,
        "5": 559,
        "6": 4387
    },
    "25634": {
        "0": 1,
        "1": 10,
        "2": 81,
        "3": 634,
        "4": 4920,
        "5": 18909,
        "6": 51762
    },
    "25635": {
        "0": 1,
        "1": 10,
        "2": 71,
        "3": 483,
        "4": 3252,
        "5": 12815,
        "6": 34253
    },
    "25636": {
        "0": 1,
        "1": 1,
        "2": 12,
        "3": 102,
        "4": 856,
        "5": 7103,
        "6": 28423
    },
    "25637": {
        "0": 1,
        "1": 1,
        "2": 1,
        "3": 12,
        "4": 88,
        "5": 599,
        "6": 4071
    },
    "25638": {
        "0": 1,
        "1": 1,
        "2": 1,
        "3": 14,
        "4": 113,
        "5": 824,
        "6": 5999
    },
    "25639": {
        "0": 1,
        "1": 11,
        "2": 94,
        "3": 793,
        "4": 6633,
        "5": 24651,
        "6": 66309
    },
    "25640": {
        "0": 1,
        "1": 1,
        "2": 1,
        "3": 12,
        "4": 98,
        "5": 808,
        "6": 6767
    },
    "25641": {
        "0": 1,
        "1": 1,
        "2": 11,
        "3": 78,
        "4": 524,
        "5": 3513,
        "6": 13381
    },
    "25642": {
        "0": 1,
        "1": 10,
        "2": 77,
        "3": 608,
        "4": 4758,
        "5": 17555,
        "6": 43417
    },
    "25643": {
        "0": 1,
        "1": 8,
        "2": 69,
        "3": 597,
        "4": 5124,
        "5": 13425,
        "6": 25477
    },
    "25644": {
        "0": 1,
        "1": 1,
        "2": 14,
        "3": 121,
        "4": 1014,
        "5": 8472,
        "6": 39936
    },
    "25645": {
        "0": 1,
        "1": 9,
        "2": 78,
        "3": 688,
        "4": 5929,
        "5": 19130,
        "6": 40398
    },
    "25646": {
        "0": 1,
        "1": 10,
        "2": 90,
        "3": 796,
        "4": 6929,
        "5": 27019,
        "6": 71877
    },
    "25647": {
        "0": 1,
        "1": 1,
        "2": 11,
        "3": 91,
        "4": 708,
        "5": 5449,
        "6": 22715
    },
    "25648": {
        "0": 1,
        "1": 10,
        "2": 83,
        "3": 686,
        "4": 5665,
        "5": 16677,
        "6": 34088
    },
    "25649": {
        "0": 1,
        "1": 1,
        "2": 8,
        "3": 61,
        "4": 471,
        "5": 3602,
        "6": 8298
    },
    "25650": {
        "0": 1,
        "1": 1,
        "2": 1,
        "3": 10,
        "4": 69,
        "5": 465,
        "6": 3189
    },
    "25651": {
        "0": 1,
        "1": 1,
        "2": 9,
        "3": 78,
        "4": 658,
        "5": 5541,
        "6": 16349
    },
    "25652": {
        "0": 1,
        "1": 10,
        "2": 79,
        "3": 600,
        "4": 4573,
        "5": 15858,
        "6": 42337
    },
    "25653": {
        "0": 1,
        "1": 1,
        "2": 11,
        "3": 97,
        "4": 819,
        "5": 6778,
        "6": 25477
    },
    "25654": {
        "0": 1,
        "1": 10,
        "2": 75,
        "3": 571,
        "4": 4381,
        "5": 14757,
        "6": 35231
    },
    "25655": {
        "0": 1,
        "1": 10,
        "2": 77,
        "3": 558,
        "4": 3987,
        "5": 10911,
        "6": 20258
    },
    "25656": {
        "0": 1,
        "1": 11,
        "2": 87,
        "3": 667,
        "4": 5187,
        "5": 21463,
        "6": 65587
    },
    "25657": {
        "0": 1,
        "1": 1,
        "2": 1,
        "3": 10,
        "4": 84,
        "5": 704,
        "6": 5867
    },
    "25658": {
        "0": 1,
        "1": 9,
        "2": 58,
        "3": 378,
        "4": 2501,
        "5": 6478,
        "6": 12999
    },
    "25659": {
        "0": 1,
        "1": 1,
        "2": 8,
        "3": 69,
        "4": 580,
        "5": 4830,
        "6": 9785
    },
    "25660": {
        "0": 1,
        "1": 1,
        "2": 10,
        "3": 81,
        "4": 641,
        "5": 5000,
        "6": 20986
    },
    "25661": {
        "0": 1,
        "1": 1,
        "2": 11,
        "3": 84,
        "4": 612,
        "5": 4455,
        "6": 15108
    },
    "25662": {
        "0": 1,
        "1": 1,
        "2": 1,
        "3": 9,
        "4": 72,
        "5": 582,
        "6": 4691
    },
    "25663": {
        "0": 1,
        "1": 13,
        "2": 111,
        "3": 895,
        "4": 7180,
        "5": 27489,
        "6": 68923
    },
    "25664": {
        "0": 1,
        "1": 1,
        "2": 1,
        "3": 1,
        "4": 1,
        "5": 11,
        "6": 99
    },
    "25665": {
        "0": 1,
        "1": 10,
        "2": 58,
        "3": 318,
        "4": 1842,
        "5": 5976,
        "6": 15966
    },
    "25666": {
        "0": 1,
        "1": 1,
        "2": 10,
        "3": 85,
        "4": 715,
        "5": 5906,
        "6": 20343
    },
    "25667": {
        "0": 1,
        "1": 1,
        "2": 1,
        "3": 9,
        "4": 67,
        "5": 504,
        "6": 3776
    },
    "25668": {
        "0": 1,
        "1": 11,
        "2": 87,
        "3": 666,
        "4": 5085,
        "5": 19878,
        "6": 54500
    },
    "25669": {
        "0": 1,
        "1": 1,
        "2": 10,
        "3": 88,
        "4": 764,
        "5": 6478,
        "6": 23641
    },
    "25670": {
        "0": 1,
        "1": 10,
        "2": 85,
        "3": 706,
        "4": 5803,
        "5": 16984,
        "6": 35007
    },
    "25671": {
        "0": 1,
        "1": 1,
        "2": 1,
        "3": 1,
        "4": 10,
        "5": 81,
        "6": 636
    },
    "25672": {
        "0": 1,
        "1": 11,
        "2": 97,
        "3": 807,
        "4": 6536,
        "5": 24335,
        "6": 60070
    },
    "25673": {
        "0": 1,
        "1": 1,
        "2": 13,
        "3": 108,
        "4": 800,
        "5": 5809,
        "6": 26277
    },
    "25674": {
        "0": 1,
        "1": 1,
        "2": 10,
        "3": 78,
        "4": 605,
        "5": 4682,
        "6": 17103
    },
    "25675": {
        "0": 1,
        "1": 1,
        "2": 1,
        "3": 1,
        "4": 1,
        "5": 9,
        "6": 80
    },
    "25676": {
        "0": 1,
        "1": 1,
        "2": 1,
        "3": 10,
        "4": 75,
        "5": 555,
        "6": 4158
    },
    "25677": {
        "0": 1,
        "1": 1,
        "2": 11,
        "3": 77,
        "4": 501,
        "5": 3308,
        "6": 13137
    },
    "25678": {
        "0": 1,
        "1": 10,
        "2": 82,
        "3": 703,
        "4": 6029,
        "5": 19017,
        "6": 40596
    },
    "25679": {
        "0": 1,
        "1": 1,
        "2": 14,
        "3": 118,
        "4": 870,
        "5": 6234,
        "6": 27312
    },
    "25680": {
        "0": 1,
        "1": 11,
        "2": 85,
        "3": 648,
        "4": 4933,
        "5": 18470,
        "6": 51334
    },
    "25681": {
        "0": 1,
        "1": 12,
        "2": 102,
        "3": 855,
        "4": 7202,
        "5": 28544,
        "6": 72274
    },
    "25682": {
        "0": 1,
        "1": 10,
        "2": 79,
        "3": 599,
        "4": 4581,
        "5": 15872,
        "6": 45377
    },
    "25683": {
        "0": 1,
        "1": 10,
        "2": 61,
        "3": 360,
        "4": 2065,
        "5": 7853,
        "6": 22066
    },
    "25684": {
        "0": 1,
        "1": 11,
        "2": 82,
        "3": 608,
        "4": 4578,
        "5": 15748,
        "6": 34454
    },
    "25685": {
        "0": 1,
        "1": 8,
        "2": 68,
        "3": 571,
        "4": 4767,
        "5": 9544,
        "6": 16032
    },
    "25686": {
        "0": 1,
        "1": 11,
        "2": 89,
        "3": 665,
        "4": 4937,
        "5": 17750,
        "6": 46588
    },
    "25687": {
        "0": 1,
        "1": 1,
        "2": 12,
        "3": 68,
        "4": 391,
        "5": 2318,
        "6": 9062
    },
    "25688": {
        "0": 1,
        "1": 1,
        "2": 10,
        "3": 67,
        "4": 471,
        "5": 3365,
        "6": 13624
    },
    "25689": {
        "0": 1,
        "1": 1,
        "2": 11,
        "3": 96,
        "4": 829,
        "5": 7094,
        "6": 30165
    },
    "25690": {
        "0": 1,
        "1": 10,
        "2": 74,
        "3": 553,
        "4": 4188,
        "5": 12785,
        "6": 26442
    },
    "25691": {
        "0": 1,
        "1": 1,
        "2": 10,
        "3": 66,
        "4": 394,
        "5": 2372,
        "6": 9290
    },
    "25692": {
        "0": 1,
        "1": 1,
        "2": 11,
        "3": 97,
        "4": 838,
        "5": 7169,
        "6": 28339
    },
    "25693": {
        "0": 1,
        "1": 1,
        "2": 1,
        "3": 10,
        "4": 87,
        "5": 755,
        "6": 6441
    },
    "25694": {
        "0": 1,
        "1": 10,
        "2": 85,
        "3": 726,
        "4": 6039,
        "5": 21588,
        "6": 55283
    },
    "25695": {
        "0": 1,
        "1": 1,
        "2": 12,
        "3": 107,
        "4": 933,
        "5": 8077,
        "6": 37041
    },
    "25696": {
        "0": 1,
        "1": 1,
        "2": 11,
        "3": 82,
        "4": 599,
        "5": 4383,
        "6": 14739
    },
    "25697": {
        "0": 1,
        "1": 1,
        "2": 10,
        "3": 77,
        "4": 565,
        "5": 4158,
        "6": 13543
    },
    "25698": {
        "0": 1,
        "1": 1,
        "2": 1,
        "3": 10,
        "4": 79,
        "5": 612,
        "6": 4662
    },
    "25699": {
        "0": 1,
        "1": 10,
        "2": 84,
        "3": 696,
        "4": 5717,
        "5": 16537,
        "6": 32547
    }
}