{
    "28800": {
        "0": 1,
        "1": 9,
        "2": 67,
        "3": 505,
        "4": 3780,
        "5": 11062,
        "6": 22971
    },
    "28801": {
        "0": 1,
        "1": 1,
        "2": 10,
        "3": 88,
        "4": 761,
        "5": 6484,
        "6": 24543
    },
    "28802": {
        "0": 1,
        "1": 10,
        "2": 77,
        "3": 591,
        "4": 4568,
        "5": 16230,
        "6": 42491
    },
    "28803": {
        "0": 1,
        "1": 1,
        "2": 1,
        "3": 8,
        "4": 71,
        "5": 617,
        "6": 5317
    },
    "28804": {
        "0": 1,
        "1": 13,
        "2": 108,
        "3": 892,
        "4": 7456,
        "5": 30126,
        "6": 75683
    },
    "28805": {
        "0": 1,
        "1": 10,
        "2": 81,
        "3": 669,
        "4": 5600,
        "5": 17116,
        "6": 40548
    },
    "28806": {
        "0": 1,
        "1": 11,
        "2": 74,
        "3": 484,
        "4": 3226,
        "5": 11442,
        "6": 29117
    },
    "28807": {
        "0": 1,
        "1": 1,
        "2": 1,
        "3": 12,
        "4": 107,
        "5": 924,
        "6": 7875
    },
    "28808": {
        "0": 1,
        "1": 11,
        "2": 78,
        "3": 518,
        "4": 3326,
        "5": 13185,
        "6": 38233
    },
    "28809": {
        "0": 1,
        "1": 9,
        "2": 76,
        "3": 629,
        "4": 5125,
        "5": 13614,
        "6": 28615
    },
    "28810": {
        "0": 1,
        "1": 1,
        "2": 1,
        "3": 11,
        "4": 93,
        "5": 779,
        "6": 6381
    },
    "28811": {
        "0": 1,
        "1": 1,
        "2": 11,
        "3": 77,
        "4": 515,
        "5": 3472,
        "6": 13196
    },
    "28812": {
        "0": 1,
        "1": 1,
        "2": 9,
        "3": 68,
        "4": 503,
        "5": 3680,
        "6": 9708
    },
    "28813": {
        "0": 1,
        "1": 1,
        "2": 1,
        "3": 9,
        "4": 80,
        "5": 711,
        "6": 6212
    },
    "28814": {
        "0": 1,
        "1": 10,
        "2": 76,
        "3": 574,
        "4": 4342,
        "5": 13721,
        "6": 31429
    },
    "28815": {
        "0": 1,
        "1": 1,
        "2": 1,
        "3": 1,
        "4": 11,
        "5": 88,
        "6": 671
    },
    "28816": {
        "0": 1,
        "1": 11,
        "2": 87,
        "3": 661,
        "4": 4996,
        "5": 18597,
        "6": 47227
    },
    "28817": {
        "0": 1,
        "1": 1,
        "2": 12,
        "3": 99,
        "4": 755,
        "5": 5581,
        "6": 24888
    },
    "28818": {
        "0": 1,
        "1": 1,
        "2": 9,
        "3": 75,
        "4": 629,
        "5": 5242,
        "6": 13455
    },
    "28819": {
        "0": 1,
        "1": 1,
        "2": 9,
        "3": 68,
        "4": 519,
        "5": 3984,
        "6": 11704
    },
    "28820": {
        "0": 1,
        "1": 8,
        "2": 72,
        "3": 633,
        "4": 5442,
        "5": 15012,
        "6": 29143
    },
    "28821": {
        "0": 1,
        "1": 9,
        "2": 69,
        "3": 516,
        "4": 3796,
        "5": 10421,
        "6": 21828
    },
    "28822": {
        "0": 1,
        "1": 1,
        "2": 13,
        "3": 106,
        "4": 803,
        "5": 6071,
        "6": 26740
    },
    "28823": {
        "0": 1,
        "1": 10,
        "2": 87,
        "3": 757,
        "4": 6555,
        "5": 23951,
        "6": 59196
    },
    "28824": {
        "0": 1,
        "1": 1,
        "2": 10,
        "3": 75,
        "4": 569,
        "5": 4388,
        "6": 15007
    },
    "28825": {
        "0": 1,
        "1": 1,
        "2": 1,
        "3": 9,
        "4": 63,
        "5": 444,
        "6": 3107
    },
    "28826": {
        "0": 1,
        "1": 10,
        "2": 70,
        "3": 473,
        "4": 3207,
        "5": 11517,
        "6": 29919
    },
    "28827": {
        "0": 1,
        "1": 1,
        "2": 9,
        "3": 68,
        "4": 507,
        "5": 3733,
        "6": 11753
    },
    "28828": {
        "0": 1,
        "1": 12,
        "2": 100,
        "3": 785,
        "4": 6070,
        "5": 27550,
        "6": 89798
    },
    "28829": {
        "0": 1,
        "1": 1,
        "2": 1,
        "3": 1,
        "4": 10,
        "5": 72,
        "6": 531
    },
    "28830": {
        "0": 1,
        "1": 1,
        "2": 9,
        "3": 73,
        "4": 591,
        "5": 4781,
        "6": 8762
    },
    "28831": {
        "0": 1,
        "1": 1,
        "2": 11,
        "3": 101,
        "4": 888,
        "5": 7606,
        "6": 35605
    },
    "28832": {
        "0": 1,
        "1": 12,
        "2": 93,
        "3": 675,
        "4": 4939,
        "5": 17357,
        "6": 47291
    },
    "28833": {
        "0": 1,
        "1": 1,
        "2": 10,
        "3": 79,
        "4": 602,
        "5": 4538,
        "6": 16473
    },
    "28834": {
        "0": 1,
        "1": 12,
        "2": 99,
        "3": 767,
        "4": 5882,
        "5": 25734,
        "6": 76581
    },
    "28835": {
        "0": 1,
        "1": 1,
        "2": 1,
        "3": 1,
        "4": 1,
        "5": 12,
        "6": 95
    },
    "28836": {
        "0": 1,
        "1": 1,
        "2": 9,
        "3": 73,
        "4": 596,
        "5": 4805,
        "6": 10863
    },
    "28837": {
        "0": 1,
        "1": 1,
        "2": 11,
        "3": 92,
        "4": 760,
        "5": 6110,
        "6": 20457
    },
    "28838": {
        "0": 1,
        "1": 1,
        "2": 1,
        "3": 1,
        "4": 11,
        "5": 94,
        "6": 798
    },
    "28839": {
        "0": 1,
        "1": 1,
        "2": 11,
        "3": 93,
        "4": 774,
        "5": 6374,
        "6": 22157
    },
    "28840": {
        "0": 1,
        "1": 1,
        "2": 9,
        "3": 69,
        "4": 531,
        "5": 4039,
        "6": 13352
    },
    "28841": {
        "0": 1,
        "1": 9,
        "2": 78,
        "3": 669,
        "4": 5668,
        "5": 19779,
        "6": 45749
    },
    "28842": {
        "0": 1,
        "1": 1,
        "2": 10,
        "3": 89,
        "4": 789,
        "5": 6876,
        "6": 27002
    },
    "28843": {
        "0": 1,
        "1": 1,
        "2": 1,
        "3": 11,
        "4": 83,
        "5": 626,
        "6": 4807
    },
    "28844": {
        "0": 1,
        "1": 9,
        "2": 70,
        "3": 533,
        "4": 4009,
        "5": 12824,
        "6": 31793
    },
    "28845": {
        "0": 1,
        "1": 1,
        "2": 13,
        "3": 103,
        "4": 741,
        "5": 5314,
        "6": 19536
    },
    "28846": {
        "0": 1,
        "1": 10,
        "2": 85,
        "3": 738,
        "4": 6358,
        "5": 22197,
        "6": 58850
    },
    "28847": {
        "0": 1,
        "1": 12,
        "2": 104,
        "3": 866,
        "4": 7087,
        "5": 27520,
        "6": 72938
    },
    "28848": {
        "0": 1,
        "1": 1,
        "2": 9,
        "3": 68,
        "4": 512,
        "5": 3803,
        "6": 10789
    },
    "28849": {
        "0": 1,
        "1": 1,
        "2": 11,
        "3": 87,
        "4": 678,
        "5": 5281,
        "6": 21998
    },
    "28850": {
        "0": 1,
        "1": 9,
        "2": 78,
        "3": 677,
        "4": 5816,
        "5": 17358,
        "6": 31965
    },
    "28851": {
        "0": 1,
        "1": 10,
        "2": 83,
        "3": 712,
        "4": 6107,
        "5": 19796,
        "6": 42165
    },
    "28852": {
        "0": 1,
        "1": 10,
        "2": 85,
        "3": 725,
        "4": 6108,
        "5": 20534,
        "6": 45229
    },
    "28853": {
        "0": 1,
        "1": 1,
        "2": 10,
        "3": 84,
        "4": 713,
        "5": 6096,
        "6": 19393
    },
    "28854": {
        "0": 1,
        "1": 1,
        "2": 1,
        "3": 1,
        "4": 12,
        "5": 96,
        "6": 705
    },
    "28855": {
        "0": 1,
        "1": 12,
        "2": 87,
        "3": 575,
        "4": 3761,
        "5": 14265,
        "6": 40560
    },
    "28856": {
        "0": 1,
        "1": 1,
        "2": 1,
        "3": 1,
        "4": 1,
        "5": 1,
        "6": 1
    },
    "28857": {
        "0": 1,
        "1": 1,
        "2": 9,
        "3": 71,
        "4": 551,
        "5": 4274,
        "6": 14073
    },
    "28858": {
        "0": 1,
        "1": 1,
        "2": 11,
        "3": 90,
        "4": 707,
        "5": 5408,
        "6": 23664
    },
    "28859": {
        "0": 1,
        "1": 11,
        "2": 85,
        "3": 644,
        "4": 4879,
        "5": 17957,
        "6": 46442
    },
    "28860": {
        "0": 1,
        "1": 8,
        "2": 62,
        "3": 483,
        "4": 3759,
        "5": 10264,
        "6": 21018
    },
    "28861": {
        "0": 1,
        "1": 1,
        "2": 8,
        "3": 71,
        "4": 621,
        "5": 5390,
        "6": 14150
    },
    "28862": {
        "0": 1,
        "1": 1,
        "2": 10,
        "3": 81,
        "4": 655,
        "5": 5288,
        "6": 23354
    },
    "28863": {
        "0": 1,
        "1": 9,
        "2": 77,
        "3": 657,
        "4": 5579,
        "5": 16545,
        "6": 35702
    },
    "28864": {
        "0": 1,
        "1": 12,
        "2": 96,
        "3": 738,
        "4": 5679,
        "5": 24721,
        "6": 75158
    },
    "28865": {
        "0": 1,
        "1": 1,
        "2": 1,
        "3": 10,
        "4": 77,
        "5": 586,
        "6": 4499
    },
    "28866": {
        "0": 1,
        "1": 1,
        "2": 1,
        "3": 12,
        "4": 103,
        "5": 867,
        "6": 7226
    },
    "28867": {
        "0": 1,
        "1": 11,
        "2": 81,
        "3": 562,
        "4": 3840,
        "5": 15839,
        "6": 47573
    },
    "28868": {
        "0": 1,
        "1": 1,
        "2": 12,
        "3": 99,
        "4": 741,
        "5": 5353,
        "6": 20911
    },
    "28869": {
        "0": 1,
        "1": 1,
        "2": 11,
        "3": 78,
        "4": 518,
        "5": 3477,
        "6": 13311
    },
    "28870": {
        "0": 1,
        "1": 1,
        "2": 1,
        "3": 1,
        "4": 10,
        "5": 84,
        "6": 676
    },
    "28871": {
        "0": 1,
        "1": 1,
        "2": 1,
        "3": 9,
        "4": 72,
        "5": 562,
        "6": 4338
    },
    "28872": {
        "0": 1,
        "1": 1,
        "2": 10,
        "3": 77,
        "4": 588,
        "5": 4443,
        "6": 16143
    },
    "28873": {
        "0": 1,
        "1": 9,
        "2": 62,
        "3": 419,
        "4": 2817,
        "5": 8546,
        "6": 19425
    },
    "28874": {
        "0": 1,
        "1": 1,
        "2": 13,
        "3": 109,
        "4": 898,
        "5": 7432,
        "6": 31473
    },
    "28875": {
        "0": 1,
        "1": 11,
        "2": 97,
        "3": 815,
        "4": 6594,
        "5": 26734,
        "6": 80444
    },
    "28876": {
        "0": 1,
        "1": 1,
        "2": 10,
        "3": 78,
        "4": 581,
        "5": 4330,
        "6": 14851
    },
    "28877": {
        "0": 1,
        "1": 1,
        "2": 8,
        "3": 69,
        "4": 588,
        "5": 4975,
        "6": 11632
    },
    "28878": {
        "0": 1,
        "1": 11,
        "2": 75,
        "3": 478,
        "4": 3101,
        "5": 10106,
        "6": 23879
    },
    "28879": {
        "0": 1,
        "1": 12,
        "2": 102,
        "3": 855,
        "4": 7184,
        "5": 27885,
        "6": 69369
    },
    "28880": {
        "0": 1,
        "1": 1,
        "2": 14,
        "3": 123,
        "4": 958,
        "5": 7315,
        "6": 36425
    },
    "28881": {
        "0": 1,
        "1": 11,
        "2": 92,
        "3": 783,
        "4": 6680,
        "5": 24466,
        "6": 55455
    },
    "28882": {
        "0": 1,
        "1": 11,
        "2": 97,
        "3": 827,
        "4": 6906,
        "5": 26841,
        "6": 69580
    },
    "28883": {
        "0": 1,
        "1": 11,
        "2": 88,
        "3": 679,
        "4": 5229,
        "5": 21349,
        "6": 56589
    },
    "28884": {
        "0": 1,
        "1": 1,
        "2": 1,
        "3": 10,
        "4": 80,
        "5": 616,
        "6": 4686
    },
    "28885": {
        "0": 1,
        "1": 11,
        "2": 72,
        "3": 483,
        "4": 3309,
        "5": 12508,
        "6": 32937
    },
    "28886": {
        "0": 1,
        "1": 10,
        "2": 75,
        "3": 564,
        "4": 4237,
        "5": 14538,
        "6": 34455
    },
    "28887": {
        "0": 1,
        "1": 13,
        "2": 97,
        "3": 682,
        "4": 4841,
        "5": 24083,
        "6": 78789
    },
    "28888": {
        "0": 1,
        "1": 10,
        "2": 85,
        "3": 733,
        "4": 6329,
        "5": 21982,
        "6": 48849
    },
    "28889": {
        "0": 1,
        "1": 10,
        "2": 85,
        "3": 714,
        "4": 6008,
        "5": 18197,
        "6": 37886
    },
    "28890": {
        "0": 1,
        "1": 10,
        "2": 89,
        "3": 779,
        "4": 6676,
        "5": 26276,
        "6": 70291
    },
    "28891": {
        "0": 1,
        "1": 8,
        "2": 47,
        "3": 284,
        "4": 1719,
        "5": 5470,
        "6": 13309
    },
    "28892": {
        "0": 1,
        "1": 9,
        "2": 70,
        "3": 534,
        "4": 4024,
        "5": 12783,
        "6": 30057
    },
    "28893": {
        "0": 1,
        "1": 9,
        "2": 74,
        "3": 614,
        "4": 5005,
        "5": 12440,
        "6": 21859
    },
    "28894": {
        "0": 1,
        "1": 11,
        "2": 92,
        "3": 749,
        "4": 5979,
        "5": 19572,
        "6": 44083
    },
    "28895": {
        "0": 1,
        "1": 9,
        "2": 68,
        "3": 524,
        "4": 4060,
        "5": 12181,
        "6": 27962
    },
    "28896": {
        "0": 1,
        "1": 11,
        "2": 95,
        "3": 812,
        "4": 6982,
        "5": 27229,
        "6": 69792
    },
    "28897": {
        "0": 1,
        "1": 1,
        "2": 9,
        "3": 69,
        "4": 530,
        "5": 4024,
        "6": 11473
    },
    "28898": {
        "0": 1,
        "1": 12,
        "2": 90,
        "3": 619,
        "4": 4175,
        "5": 17793,
        "6": 52695
    },
    "28899": {
        "0": 1,
        "1": 8,
        "2": 73,
        "3": 649,
        "4": 5590,
        "5": 17384,
        "6": 41697
    }
}