{
    "25200": {
        "0": 1,
        "1": 13,
        "2": 103,
        "3": 771,
        "4": 5807,
        "5": 25074,
        "6": 66586
    },
    "25201": {
        "0": 1,
        "1": 1,
        "2": 8,
        "3": 63,
        "4": 503,
        "5": 4017,
        "6": 12630
    },
    "25202": {
        "0": 1,
        "1": 9,
        "2": 71,
        "3": 562,
        "4": 4381,
        "5": 15160,
        "6": 40189
    },
    "25203": {
        "0": 1,
        "1": 10,
        "2": 78,
        "3": 639,
        "4": 5303,
        "5": 11771,
        "6": 16465
    },
    "25204": {
        "0": 1,
        "1": 10,
        "2": 84,
        "3": 698,
        "4": 5709,
        "5": 18507,
        "6": 39042
    },
    "25205": {
        "0": 1,
        "1": 10,
        "2": 85,
        "3": 713,
        "4": 5984,
        "5": 20061,
        "6": 43572
    },
    "25206": {
        "0": 1,
        "1": 11,
        "2": 93,
        "3": 786,
        "4": 6655,
        "5": 23874,
        "6": 57659
    },
    "25207": {
        "0": 1,
        "1": 1,
        "2": 1,
        "3": 11,
        "4": 94,
        "5": 777,
        "6": 6320
    },
    "25208": {
        "0": 1,
        "1": 9,
        "2": 76,
        "3": 647,
        "4": 5488,
        "5": 16159,
        "6": 34203
    },
    "25209": {
        "0": 1,
        "1": 12,
        "2": 86,
        "3": 558,
        "4": 3691,
        "5": 14579,
        "6": 42758
    },
    "25210": {
        "0": 1,
        "1": 9,
        "2": 58,
        "3": 374,
        "4": 2469,
        "5": 6185,
        "6": 9893
    },
    "25211": {
        "0": 1,
        "1": 1,
        "2": 1,
        "3": 11,
        "4": 96,
        "5": 827,
        "6": 6951
    },
    "25212": {
        "0": 1,
        "1": 1,
        "2": 1,
        "3": 10,
        "4": 78,
        "5": 607,
        "6": 4663
    },
    "25213": {
        "0": 1,
        "1": 1,
        "2": 1,
        "3": 1,
        "4": 14,
        "5": 90,
        "6": 528
    },
    "25214": {
        "0": 1,
        "1": 1,
        "2": 11,
        "3": 100,
        "4": 861,
        "5": 7244,
        "6": 30001
    },
    "25215": {
        "0": 1,
        "1": 1,
        "2": 10,
        "3": 89,
        "4": 774,
        "5": 6641,
        "6": 26165
    },
    "25216": {
        "0": 1,
        "1": 9,
        "2": 66,
        "3": 503,
        "4": 3867,
        "5": 10430,
        "6": 24485
    },
    "25217": {
        "0": 1,
        "1": 10,
        "2": 84,
        "3": 723,
        "4": 6204,
        "5": 20611,
        "6": 42730
    },
    "25218": {
        "0": 1,
        "1": 10,
        "2": 83,
        "3": 694,
        "4": 5761,
        "5": 17667,
        "6": 39139
    },
    "25219": {
        "0": 1,
        "1": 10,
        "2": 85,
        "3": 702,
        "4": 5707,
        "5": 18374,
        "6": 42449
    },
    "25220": {
        "0": 1,
        "1": 11,
        "2": 92,
        "3": 746,
        "4": 5842,
        "5": 19173,
        "6": 43005
    },
    "25221": {
        "0": 1,
        "1": 1,
        "2": 11,
        "3": 93,
        "4": 763,
        "5": 6131,
        "6": 20918
    },
    "25222": {
        "0": 1,
        "1": 1,
        "2": 1,
        "3": 1,
        "4": 11,
        "5": 95,
        "6": 817
    },
    "25223": {
        "0": 1,
        "1": 10,
        "2": 83,
        "3": 682,
        "4": 5595,
        "5": 15710,
        "6": 35134
    },
    "25224": {
        "0": 1,
        "1": 11,
        "2": 85,
        "3": 623,
        "4": 4584,
        "5": 16528,
        "6": 36399
    },
    "25225": {
        "0": 1,
        "1": 1,
        "2": 1,
        "3": 1,
        "4": 11,
        "5": 83,
        "6": 607
    },
    "25226": {
        "0": 1,
        "1": 1,
        "2": 9,
        "3": 75,
        "4": 648,
        "5": 5638,
        "6": 16359
    },
    "25227": {
        "0": 1,
        "1": 10,
        "2": 68,
        "3": 468,
        "4": 3300,
        "5": 13069,
        "6": 35438
    },
    "25228": {
        "0": 1,
        "1": 10,
        "2": 78,
        "3": 630,
        "4": 5034,
        "5": 20853,
        "6": 54089
    },
    "25229": {
        "0": 1,
        "1": 10,
        "2": 77,
        "3": 600,
        "4": 4669,
        "5": 17355,
        "6": 44721
    },
    "25230": {
        "0": 1,
        "1": 1,
        "2": 12,
        "3": 97,
        "4": 799,
        "5": 6662,
        "6": 22923
    },
    "25231": {
        "0": 1,
        "1": 1,
        "2": 1,
        "3": 11,
        "4": 88,
        "5": 666,
        "6": 5005
    },
    "25232": {
        "0": 1,
        "1": 1,
        "2": 11,
        "3": 84,
        "4": 649,
        "5": 5086,
        "6": 21052
    },
    "25233": {
        "0": 1,
        "1": 10,
        "2": 84,
        "3": 665,
        "4": 5191,
        "5": 21060,
        "6": 59895
    },
    "25234": {
        "0": 1,
        "1": 1,
        "2": 1,
        "3": 9,
        "4": 61,
        "5": 424,
        "6": 2951
    },
    "25235": {
        "0": 1,
        "1": 10,
        "2": 85,
        "3": 714,
        "4": 5809,
        "5": 20921,
        "6": 54338
    },
    "25236": {
        "0": 1,
        "1": 11,
        "2": 96,
        "3": 837,
        "4": 7270,
        "5": 30392,
        "6": 82391
    },
    "25237": {
        "0": 1,
        "1": 1,
        "2": 12,
        "3": 97,
        "4": 737,
        "5": 5430,
        "6": 22388
    },
    "25238": {
        "0": 1,
        "1": 1,
        "2": 1,
        "3": 12,
        "4": 106,
        "5": 891,
        "6": 7252
    },
    "25239": {
        "0": 1,
        "1": 9,
        "2": 79,
        "3": 683,
        "4": 5930,
        "5": 19104,
        "6": 38228
    },
    "25240": {
        "0": 1,
        "1": 10,
        "2": 86,
        "3": 727,
        "4": 6070,
        "5": 20329,
        "6": 46001
    },
    "25241": {
        "0": 1,
        "1": 1,
        "2": 11,
        "3": 93,
        "4": 769,
        "5": 6282,
        "6": 20953
    },
    "25242": {
        "0": 1,
        "1": 10,
        "2": 78,
        "3": 609,
        "4": 4722,
        "5": 17420,
        "6": 42902
    },
    "25243": {
        "0": 1,
        "1": 10,
        "2": 77,
        "3": 600,
        "4": 4681,
        "5": 17352,
        "6": 44907
    },
    "25244": {
        "0": 1,
        "1": 1,
        "2": 10,
        "3": 83,
        "4": 693,
        "5": 5827,
        "6": 16628
    },
    "25245": {
        "0": 1,
        "1": 11,
        "2": 98,
        "3": 818,
        "4": 6601,
        "5": 26713,
        "6": 77279
    },
    "25246": {
        "0": 1,
        "1": 10,
        "2": 83,
        "3": 708,
        "4": 6050,
        "5": 18958,
        "6": 32442
    },
    "25247": {
        "0": 1,
        "1": 13,
        "2": 109,
        "3": 852,
        "4": 6612,
        "5": 33954,
        "6": 115772
    },
    "25248": {
        "0": 1,
        "1": 1,
        "2": 9,
        "3": 75,
        "4": 625,
        "5": 5145,
        "6": 12039
    },
    "25249": {
        "0": 1,
        "1": 10,
        "2": 79,
        "3": 603,
        "4": 4588,
        "5": 17447,
        "6": 47999
    },
    "25250": {
        "0": 1,
        "1": 11,
        "2": 84,
        "3": 631,
        "4": 4811,
        "5": 17952,
        "6": 49473
    },
    "25251": {
        "0": 1,
        "1": 10,
        "2": 85,
        "3": 719,
        "4": 6109,
        "5": 19514,
        "6": 43953
    },
    "25252": {
        "0": 1,
        "1": 1,
        "2": 10,
        "3": 78,
        "4": 601,
        "5": 4653,
        "6": 16907
    },
    "25253": {
        "0": 1,
        "1": 10,
        "2": 85,
        "3": 714,
        "4": 5986,
        "5": 17418,
        "6": 30366
    },
    "25254": {
        "0": 1,
        "1": 1,
        "2": 1,
        "3": 9,
        "4": 75,
        "5": 646,
        "6": 5567
    },
    "25255": {
        "0": 1,
        "1": 1,
        "2": 1,
        "3": 8,
        "4": 71,
        "5": 610,
        "6": 5175
    },
    "25256": {
        "0": 1,
        "1": 10,
        "2": 80,
        "3": 635,
        "4": 5010,
        "5": 20172,
        "6": 56872
    },
    "25257": {
        "0": 1,
        "1": 1,
        "2": 11,
        "3": 89,
        "4": 702,
        "5": 5516,
        "6": 24039
    },
    "25258": {
        "0": 1,
        "1": 1,
        "2": 1,
        "3": 1,
        "4": 11,
        "5": 76,
        "6": 511
    },
    "25259": {
        "0": 1,
        "1": 1,
        "2": 8,
        "3": 70,
        "4": 609,
        "5": 5265,
        "6": 13108
    },
    "25260": {
        "0": 1,
        "1": 9,
        "2": 74,
        "3": 613,
        "4": 5012,
        "5": 12885,
        "6": 27302
    },
    "25261": {
        "0": 1,
        "1": 1,
        "2": 10,
        "3": 90,
        "4": 772,
        "5": 6481,
        "6": 23517
    },
    "25262": {
        "0": 1,
        "1": 1,
        "2": 10,
        "3": 81,
        "4": 664,
        "5": 5446,
        "6": 14574
    },
    "25263": {
        "0": 1,
        "1": 9,
        "2": 80,
        "3": 691,
        "4": 5886,
        "5": 19877,
        "6": 40083
    },
    "25264": {
        "0": 1,
        "1": 1,
        "2": 10,
        "3": 73,
        "4": 545,
        "5": 4125,
        "6": 12339
    },
    "25265": {
        "0": 1,
        "1": 1,
        "2": 12,
        "3": 102,
        "4": 849,
        "5": 7074,
        "6": 26598
    },
    "25266": {
        "0": 1,
        "1": 1,
        "2": 9,
        "3": 68,
        "4": 516,
        "5": 3950,
        "6": 11436
    },
    "25267": {
        "0": 1,
        "1": 1,
        "2": 1,
        "3": 1,
        "4": 10,
        "5": 83,
        "6": 683
    },
    "25268": {
        "0": 1,
        "1": 1,
        "2": 10,
        "3": 67,
        "4": 450,
        "5": 3056,
        "6": 11756
    },
    "25269": {
        "0": 1,
        "1": 1,
        "2": 9,
        "3": 76,
        "4": 640,
        "5": 5313,
        "6": 15806
    },
    "25270": {
        "0": 1,
        "1": 1,
        "2": 8,
        "3": 67,
        "4": 574,
        "5": 4925,
        "6": 9824
    },
    "25271": {
        "0": 1,
        "1": 1,
        "2": 11,
        "3": 95,
        "4": 818,
        "5": 7026,
        "6": 27712
    },
    "25272": {
        "0": 1,
        "1": 9,
        "2": 75,
        "3": 629,
        "4": 5253,
        "5": 13740,
        "6": 30729
    },
    "25273": {
        "0": 1,
        "1": 1,
        "2": 1,
        "3": 11,
        "4": 92,
        "5": 757,
        "6": 6132
    },
    "25274": {
        "0": 1,
        "1": 1,
        "2": 1,
        "3": 11,
        "4": 94,
        "5": 788,
        "6": 6527
    },
    "25275": {
        "0": 1,
        "1": 9,
        "2": 74,
        "3": 619,
        "4": 5164,
        "5": 12986,
        "6": 22358
    },
    "25276": {
        "0": 1,
        "1": 13,
        "2": 101,
        "3": 730,
        "4": 5264,
        "5": 20612,
        "6": 52984
    },
    "25277": {
        "0": 1,
        "1": 1,
        "2": 11,
        "3": 85,
        "4": 633,
        "5": 4711,
        "6": 16232
    },
    "25278": {
        "0": 1,
        "1": 1,
        "2": 10,
        "3": 84,
        "4": 741,
        "5": 6516,
        "6": 24199
    },
    "25279": {
        "0": 1,
        "1": 9,
        "2": 75,
        "3": 637,
        "4": 5391,
        "5": 15104,
        "6": 26893
    },
    "25280": {
        "0": 1,
        "1": 1,
        "2": 10,
        "3": 83,
        "4": 690,
        "5": 5707,
        "6": 16966
    },
    "25281": {
        "0": 1,
        "1": 1,
        "2": 1,
        "3": 1,
        "4": 9,
        "5": 77,
        "6": 649
    },
    "25282": {
        "0": 1,
        "1": 1,
        "2": 1,
        "3": 1,
        "4": 9,
        "5": 64,
        "6": 467
    },
    "25283": {
        "0": 1,
        "1": 8,
        "2": 52,
        "3": 337,
        "4": 2210,
        "5": 4181,
        "6": 7858
    },
    "25284": {
        "0": 1,
        "1": 1,
        "2": 1,
        "3": 9,
        "4": 76,
        "5": 654,
        "6": 5548
    },
    "25285": {
        "0": 1,
        "1": 1,
        "2": 1,
        "3": 11,
        "4": 95,
        "5": 791,
        "6": 6499
    },
    "25286": {
        "0": 1,
        "1": 9,
        "2": 71,
        "3": 552,
        "4": 4319,
        "5": 14702,
        "6": 36172
    },
    "25287": {
        "0": 1,
        "1": 1,
        "2": 10,
        "3": 79,
        "4": 613,
        "5": 4651,
        "6": 17647
    },
    "25288": {
        "0": 1,
        "1": 9,
        "2": 77,
        "3": 641,
        "4": 5271,
        "5": 15250,
        "6": 33553
    },
    "25289": {
        "0": 1,
        "1": 10,
        "2": 82,
        "3": 688,
        "4": 5767,
        "5": 18119,
        "6": 41278
    },
    "25290": {
        "0": 1,
        "1": 12,
        "2": 103,
        "3": 878,
        "4": 7437,
        "5": 32351,
        "6": 89888
    },
    "25291": {
        "0": 1,
        "1": 12,
        "2": 104,
        "3": 875,
        "4": 7330,
        "5": 28701,
        "6": 60625
    },
    "25292": {
        "0": 1,
        "1": 10,
        "2": 78,
        "3": 597,
        "4": 4518,
        "5": 16856,
        "6": 42898
    },
    "25293": {
        "0": 1,
        "1": 9,
        "2": 73,
        "3": 590,
        "4": 4779,
        "5": 8834,
        "6": 15667
    },
    "25294": {
        "0": 1,
        "1": 11,
        "2": 82,
        "3": 596,
        "4": 4425,
        "5": 14058,
        "6": 35157
    },
    "25295": {
        "0": 1,
        "1": 10,
        "2": 86,
        "3": 738,
        "4": 6162,
        "5": 20738,
        "6": 48125
    },
    "25296": {
        "0": 1,
        "1": 1,
        "2": 10,
        "3": 87,
        "4": 743,
        "5": 6307,
        "6": 22957
    },
    "25297": {
        "0": 1,
        "1": 1,
        "2": 10,
        "3": 87,
        "4": 758,
        "5": 6560,
        "6": 23627
    },
    "25298": {
        "0": 1,
        "1": 11,
        "2": 95,
        "3": 794,
        "4": 6515,
        "5": 25231,
        "6": 65509
    },
    "25299": {
        "0": 1,
        "1": 11,
        "2": 92,
        "3": 756,
        "4": 6113,
        "5": 21082,
        "6": 52936
    }
}