{
    "27000": {
        "0": 1,
        "1": 1,
        "2": 11,
        "3": 86,
        "4": 641,
        "5": 4731,
        "6": 15716
    },
    "27001": {
        "0": 1,
        "1": 10,
        "2": 85,
        "3": 738,
        "4": 6356,
        "5": 21955,
        "6": 52138
    },
    "27002": {
        "0": 1,
        "1": 1,
        "2": 1,
        "3": 9,
        "4": 76,
        "5": 663,
        "6": 5760
    },
    "27003": {
        "0": 1,
        "1": 11,
        "2": 93,
        "3": 757,
        "4": 6056,
        "5": 20385,
        "6": 48021
    },
    "27004": {
        "0": 1,
        "1": 1,
        "2": 8,
        "3": 75,
        "4": 665,
        "5": 5801,
        "6": 19606
    },
    "27005": {
        "0": 1,
        "1": 10,
        "2": 79,
        "3": 654,
        "4": 5479,
        "5": 13452,
        "6": 23068
    },
    "27006": {
        "0": 1,
        "1": 11,
        "2": 89,
        "3": 696,
        "4": 5357,
        "5": 21482,
        "6": 64884
    },
    "27007": {
        "0": 1,
        "1": 11,
        "2": 99,
        "3": 863,
        "4": 7337,
        "5": 31411,
        "6": 89136
    },
    "27008": {
        "0": 1,
        "1": 11,
        "2": 92,
        "3": 762,
        "4": 6285,
        "5": 21667,
        "6": 45180
    },
    "27009": {
        "0": 1,
        "1": 12,
        "2": 99,
        "3": 778,
        "4": 6030,
        "5": 28818,
        "6": 94237
    },
    "27010": {
        "0": 1,
        "1": 1,
        "2": 12,
        "3": 105,
        "4": 880,
        "5": 7217,
        "6": 30560
    },
    "27011": {
        "0": 1,
        "1": 12,
        "2": 95,
        "3": 720,
        "4": 5418,
        "5": 21721,
        "6": 60148
    },
    "27012": {
        "0": 1,
        "1": 1,
        "2": 1,
        "3": 1,
        "4": 1,
        "5": 9,
        "6": 71
    },
    "27013": {
        "0": 1,
        "1": 1,
        "2": 9,
        "3": 58,
        "4": 377,
        "5": 2510,
        "6": 6613
    },
    "27014": {
        "0": 1,
        "1": 10,
        "2": 70,
        "3": 471,
        "4": 3221,
        "5": 11907,
        "6": 31400
    },
    "27015": {
        "0": 1,
        "1": 12,
        "2": 96,
        "3": 722,
        "4": 5400,
        "5": 23045,
        "6": 68240
    },
    "27016": {
        "0": 1,
        "1": 11,
        "2": 81,
        "3": 575,
        "4": 4084,
        "5": 18809,
        "6": 59117
    },
    "27017": {
        "0": 1,
        "1": 1,
        "2": 10,
        "3": 86,
        "4": 748,
        "5": 6506,
        "6": 23785
    },
    "27018": {
        "0": 1,
        "1": 1,
        "2": 1,
        "3": 1,
        "4": 10,
        "5": 71,
        "6": 470
    },
    "27019": {
        "0": 1,
        "1": 10,
        "2": 73,
        "3": 534,
        "4": 3934,
        "5": 11809,
        "6": 28223
    },
    "27020": {
        "0": 1,
        "1": 11,
        "2": 91,
        "3": 759,
        "4": 6374,
        "5": 21357,
        "6": 45074
    },
    "27021": {
        "0": 1,
        "1": 10,
        "2": 83,
        "3": 684,
        "4": 5452,
        "5": 17193,
        "6": 40469
    },
    "27022": {
        "0": 1,
        "1": 11,
        "2": 86,
        "3": 662,
        "4": 5060,
        "5": 21264,
        "6": 59080
    },
    "27023": {
        "0": 1,
        "1": 10,
        "2": 77,
        "3": 586,
        "4": 4437,
        "5": 16314,
        "6": 41481
    },
    "27024": {
        "0": 1,
        "1": 1,
        "2": 11,
        "3": 93,
        "4": 777,
        "5": 6499,
        "6": 23806
    },
    "27025": {
        "0": 1,
        "1": 11,
        "2": 82,
        "3": 603,
        "4": 4494,
        "5": 14650,
        "6": 33691
    },
    "27026": {
        "0": 1,
        "1": 1,
        "2": 13,
        "3": 110,
        "4": 895,
        "5": 7177,
        "6": 27216
    },
    "27027": {
        "0": 1,
        "1": 1,
        "2": 1,
        "3": 1,
        "4": 12,
        "5": 105,
        "6": 892
    },
    "27028": {
        "0": 1,
        "1": 1,
        "2": 12,
        "3": 100,
        "4": 832,
        "5": 6917,
        "6": 26955
    },
    "27029": {
        "0": 1,
        "1": 1,
        "2": 11,
        "3": 94,
        "4": 800,
        "5": 6794,
        "6": 25154
    },
    "27030": {
        "0": 1,
        "1": 1,
        "2": 10,
        "3": 78,
        "4": 606,
        "5": 4726,
        "6": 18011
    },
    "27031": {
        "0": 1,
        "1": 11,
        "2": 96,
        "3": 826,
        "4": 7005,
        "5": 27332,
        "6": 69681
    },
    "27032": {
        "0": 1,
        "1": 1,
        "2": 12,
        "3": 109,
        "4": 952,
        "5": 8137,
        "6": 38267
    },
    "27033": {
        "0": 1,
        "1": 11,
        "2": 90,
        "3": 750,
        "4": 6238,
        "5": 21716,
        "6": 48612
    },
    "27034": {
        "0": 1,
        "1": 1,
        "2": 1,
        "3": 12,
        "4": 103,
        "5": 871,
        "6": 7286
    },
    "27035": {
        "0": 1,
        "1": 1,
        "2": 13,
        "3": 103,
        "4": 755,
        "5": 5453,
        "6": 23765
    },
    "27036": {
        "0": 1,
        "1": 9,
        "2": 78,
        "3": 660,
        "4": 5461,
        "5": 16755,
        "6": 32920
    },
    "27037": {
        "0": 1,
        "1": 8,
        "2": 67,
        "3": 559,
        "4": 4687,
        "5": 9414,
        "6": 18005
    },
    "27038": {
        "0": 1,
        "1": 12,
        "2": 101,
        "3": 836,
        "4": 6878,
        "5": 26376,
        "6": 67758
    },
    "27039": {
        "0": 1,
        "1": 11,
        "2": 85,
        "3": 634,
        "4": 4688,
        "5": 17407,
        "6": 44472
    },
    "27040": {
        "0": 1,
        "1": 9,
        "2": 67,
        "3": 517,
        "4": 4013,
        "5": 11921,
        "6": 24614
    },
    "27041": {
        "0": 1,
        "1": 11,
        "2": 98,
        "3": 851,
        "4": 7370,
        "5": 31088,
        "6": 82019
    },
    "27042": {
        "0": 1,
        "1": 1,
        "2": 10,
        "3": 65,
        "4": 429,
        "5": 2893,
        "6": 9200
    },
    "27043": {
        "0": 1,
        "1": 1,
        "2": 1,
        "3": 1,
        "4": 1,
        "5": 1,
        "6": 1
    },
    "27044": {
        "0": 1,
        "1": 1,
        "2": 13,
        "3": 113,
        "4": 944,
        "5": 7777,
        "6": 33664
    },
    "27045": {
        "0": 1,
        "1": 10,
        "2": 75,
        "3": 569,
        "4": 4337,
        "5": 13701,
        "6": 32659
    },
    "27046": {
        "0": 1,
        "1": 9,
        "2": 74,
        "3": 636,
        "4": 5486,
        "5": 14547,
        "6": 27831
    },
    "27047": {
        "0": 1,
        "1": 9,
        "2": 59,
        "3": 401,
        "4": 2816,
        "5": 9696,
        "6": 23452
    },
    "27048": {
        "0": 1,
        "1": 1,
        "2": 12,
        "3": 106,
        "4": 926,
        "5": 8112,
        "6": 38316
    },
    "27049": {
        "0": 1,
        "1": 10,
        "2": 85,
        "3": 739,
        "4": 6307,
        "5": 23404,
        "6": 65280
    },
    "27050": {
        "0": 1,
        "1": 10,
        "2": 76,
        "3": 571,
        "4": 4216,
        "5": 13630,
        "6": 33523
    },
    "27051": {
        "0": 1,
        "1": 1,
        "2": 11,
        "3": 91,
        "4": 766,
        "5": 6464,
        "6": 22075
    },
    "27052": {
        "0": 1,
        "1": 10,
        "2": 79,
        "3": 591,
        "4": 4327,
        "5": 14103,
        "6": 36847
    },
    "27053": {
        "0": 1,
        "1": 12,
        "2": 87,
        "3": 576,
        "4": 3838,
        "5": 15290,
        "6": 45072
    },
    "27054": {
        "0": 1,
        "1": 10,
        "2": 82,
        "3": 662,
        "4": 5319,
        "5": 14265,
        "6": 32535
    },
    "27055": {
        "0": 1,
        "1": 1,
        "2": 10,
        "3": 89,
        "4": 770,
        "5": 6600,
        "6": 25835
    },
    "27056": {
        "0": 1,
        "1": 1,
        "2": 1,
        "3": 12,
        "4": 107,
        "5": 906,
        "6": 7440
    },
    "27057": {
        "0": 1,
        "1": 9,
        "2": 76,
        "3": 629,
        "4": 5099,
        "5": 13206,
        "6": 25042
    },
    "27058": {
        "0": 1,
        "1": 1,
        "2": 8,
        "3": 56,
        "4": 398,
        "5": 2807,
        "6": 9325
    },
    "27059": {
        "0": 1,
        "1": 9,
        "2": 67,
        "3": 512,
        "4": 3957,
        "5": 11775,
        "6": 23064
    },
    "27060": {
        "0": 1,
        "1": 1,
        "2": 12,
        "3": 105,
        "4": 905,
        "5": 7822,
        "6": 34936
    },
    "27061": {
        "0": 1,
        "1": 10,
        "2": 78,
        "3": 596,
        "4": 4534,
        "5": 16861,
        "6": 42395
    },
    "27062": {
        "0": 1,
        "1": 10,
        "2": 88,
        "3": 733,
        "4": 6009,
        "5": 20940,
        "6": 54681
    },
    "27063": {
        "0": 1,
        "1": 9,
        "2": 67,
        "3": 512,
        "4": 3971,
        "5": 11763,
        "6": 25448
    },
    "27064": {
        "0": 1,
        "1": 1,
        "2": 1,
        "3": 10,
        "4": 78,
        "5": 604,
        "6": 4671
    },
    "27065": {
        "0": 1,
        "1": 1,
        "2": 1,
        "3": 12,
        "4": 107,
        "5": 901,
        "6": 7437
    },
    "27066": {
        "0": 1,
        "1": 13,
        "2": 114,
        "3": 941,
        "4": 7532,
        "5": 31273,
        "6": 82218
    },
    "27067": {
        "0": 1,
        "1": 1,
        "2": 12,
        "3": 95,
        "4": 711,
        "5": 5252,
        "6": 21155
    },
    "27068": {
        "0": 1,
        "1": 1,
        "2": 1,
        "3": 8,
        "4": 67,
        "5": 542,
        "6": 4276
    },
    "27069": {
        "0": 1,
        "1": 1,
        "2": 1,
        "3": 1,
        "4": 1,
        "5": 1,
        "6": 1
    },
    "27070": {
        "0": 1,
        "1": 12,
        "2": 96,
        "3": 716,
        "4": 5370,
        "5": 21515,
        "6": 61143
    },
    "27071": {
        "0": 1,
        "1": 10,
        "2": 76,
        "3": 552,
        "4": 4032,
        "5": 10446,
        "6": 21366
    },
    "27072": {
        "0": 1,
        "1": 1,
        "2": 9,
        "3": 75,
        "4": 628,
        "5": 5156,
        "6": 14230
    },
    "27073": {
        "0": 1,
        "1": 1,
        "2": 10,
        "3": 89,
        "4": 780,
        "5": 6687,
        "6": 26525
    },
    "27074": {
        "0": 1,
        "1": 1,
        "2": 10,
        "3": 85,
        "4": 734,
        "5": 6336,
        "6": 21693
    },
    "27075": {
        "0": 1,
        "1": 1,
        "2": 11,
        "3": 93,
        "4": 793,
        "5": 6734,
        "6": 24565
    },
    "27076": {
        "0": 1,
        "1": 1,
        "2": 1,
        "3": 10,
        "4": 75,
        "5": 530,
        "6": 3753
    },
    "27077": {
        "0": 1,
        "1": 1,
        "2": 12,
        "3": 77,
        "4": 447,
        "5": 2645,
        "6": 10851
    },
    "27078": {
        "0": 1,
        "1": 1,
        "2": 1,
        "3": 1,
        "4": 10,
        "5": 80,
        "6": 621
    },
    "27079": {
        "0": 1,
        "1": 1,
        "2": 9,
        "3": 74,
        "4": 626,
        "5": 5331,
        "6": 12781
    },
    "27080": {
        "0": 1,
        "1": 1,
        "2": 1,
        "3": 1,
        "4": 1,
        "5": 10,
        "6": 76
    },
    "27081": {
        "0": 1,
        "1": 11,
        "2": 90,
        "3": 759,
        "4": 6410,
        "5": 21653,
        "6": 44021
    },
    "27082": {
        "0": 1,
        "1": 10,
        "2": 75,
        "3": 580,
        "4": 4504,
        "5": 16092,
        "6": 28615
    },
    "27083": {
        "0": 1,
        "1": 8,
        "2": 71,
        "3": 614,
        "4": 5256,
        "5": 14320,
        "6": 28614
    },
    "27084": {
        "0": 1,
        "1": 1,
        "2": 1,
        "3": 8,
        "4": 38,
        "5": 184,
        "6": 904
    },
    "27085": {
        "0": 1,
        "1": 11,
        "2": 90,
        "3": 722,
        "4": 5692,
        "5": 16862,
        "6": 34575
    },
    "27086": {
        "0": 1,
        "1": 10,
        "2": 80,
        "3": 668,
        "4": 5621,
        "5": 15254,
        "6": 29813
    },
    "27087": {
        "0": 1,
        "1": 13,
        "2": 99,
        "3": 673,
        "4": 4597,
        "5": 21355,
        "6": 72155
    },
    "27088": {
        "0": 1,
        "1": 1,
        "2": 1,
        "3": 1,
        "4": 12,
        "5": 96,
        "6": 705
    },
    "27089": {
        "0": 1,
        "1": 1,
        "2": 9,
        "3": 76,
        "4": 645,
        "5": 5423,
        "6": 15216
    },
    "27090": {
        "0": 1,
        "1": 13,
        "2": 109,
        "3": 841,
        "4": 6334,
        "5": 29953,
        "6": 94686
    },
    "27091": {
        "0": 1,
        "1": 10,
        "2": 67,
        "3": 438,
        "4": 2897,
        "5": 8860,
        "6": 21063
    },
    "27092": {
        "0": 1,
        "1": 15,
        "2": 141,
        "3": 1186,
        "4": 9689,
        "5": 48406,
        "6": 150041
    },
    "27093": {
        "0": 1,
        "1": 1,
        "2": 1,
        "3": 11,
        "4": 78,
        "5": 521,
        "6": 3552
    },
    "27094": {
        "0": 1,
        "1": 10,
        "2": 82,
        "3": 668,
        "4": 5373,
        "5": 23650,
        "6": 70149
    },
    "27095": {
        "0": 1,
        "1": 1,
        "2": 10,
        "3": 85,
        "4": 726,
        "5": 6160,
        "6": 19857
    },
    "27096": {
        "0": 1,
        "1": 1,
        "2": 11,
        "3": 81,
        "4": 600,
        "5": 4474,
        "6": 16091
    },
    "27097": {
        "0": 1,
        "1": 10,
        "2": 75,
        "3": 576,
        "4": 4449,
        "5": 15539,
        "6": 32934
    },
    "27098": {
        "0": 1,
        "1": 1,
        "2": 10,
        "3": 76,
        "4": 562,
        "5": 4076,
        "6": 11986
    },
    "27099": {
        "0": 1,
        "1": 10,
        "2": 76,
        "3": 572,
        "4": 4304,
        "5": 14889,
        "6": 36135
    }
}