{
    "5800": {
        "0": 1,
        "1": 1,
        "2": 9,
        "3": 70,
        "4": 548,
        "5": 4285,
        "6": 15975
    },
    "5801": {
        "0": 1,
        "1": 1,
        "2": 1,
        "3": 11,
        "4": 92,
        "5": 760,
        "6": 6251
    },
    "5802": {
        "0": 1,
        "1": 10,
        "2": 77,
        "3": 580,
        "4": 4369,
        "5": 13861,
        "6": 30829
    },
    "5803": {
        "0": 1,
        "1": 1,
        "2": 11,
        "3": 84,
        "4": 632,
        "5": 4707,
        "6": 17586
    },
    "5804": {
        "0": 1,
        "1": 1,
        "2": 11,
        "3": 94,
        "4": 780,
        "5": 6403,
        "6": 22239
    },
    "5805": {
        "0": 1,
        "1": 1,
        "2": 1,
        "3": 11,
        "4": 86,
        "5": 615,
        "6": 4317
    },
    "5806": {
        "0": 1,
        "1": 10,
        "2": 82,
        "3": 687,
        "4": 5811,
        "5": 17001,
        "6": 33585
    },
    "5807": {
        "0": 1,
        "1": 1,
        "2": 1,
        "3": 8,
        "4": 54,
        "5": 379,
        "6": 2696
    },
    "5808": {
        "0": 1,
        "1": 1,
        "2": 1,
        "3": 11,
        "4": 78,
        "5": 512,
        "6": 3342
    },
    "5809": {
        "0": 1,
        "1": 12,
        "2": 106,
        "3": 894,
        "4": 7309,
        "5": 30422,
        "6": 85280
    },
    "5810": {
        "0": 1,
        "1": 10,
        "2": 68,
        "3": 457,
        "4": 3044,
        "5": 11225,
        "6": 32552
    },
    "5811": {
        "0": 1,
        "1": 10,
        "2": 56,
        "3": 321,
        "4": 1776,
        "5": 5719,
        "6": 14088
    },
    "5812": {
        "0": 1,
        "1": 1,
        "2": 1,
        "3": 9,
        "4": 79,
        "5": 677,
        "6": 5681
    },
    "5813": {
        "0": 1,
        "1": 1,
        "2": 12,
        "3": 93,
        "4": 675,
        "5": 4871,
        "6": 17855
    },
    "5814": {
        "0": 1,
        "1": 1,
        "2": 11,
        "3": 90,
        "4": 731,
        "5": 5937,
        "6": 18247
    },
    "5815": {
        "0": 1,
        "1": 1,
        "2": 1,
        "3": 11,
        "4": 91,
        "5": 743,
        "6": 5910
    },
    "5816": {
        "0": 1,
        "1": 12,
        "2": 102,
        "3": 865,
        "4": 7172,
        "5": 28531,
        "6": 74815
    },
    "5817": {
        "0": 1,
        "1": 10,
        "2": 69,
        "3": 480,
        "4": 3404,
        "5": 14008,
        "6": 36588
    },
    "5818": {
        "0": 1,
        "1": 10,
        "2": 80,
        "3": 613,
        "4": 4713,
        "5": 16982,
        "6": 43167
    },
    "5819": {
        "0": 1,
        "1": 1,
        "2": 1,
        "3": 10,
        "4": 78,
        "5": 601,
        "6": 4601
    },
    "5820": {
        "0": 1,
        "1": 1,
        "2": 1,
        "3": 10,
        "4": 67,
        "5": 449,
        "6": 3074
    },
    "5821": {
        "0": 1,
        "1": 13,
        "2": 107,
        "3": 786,
        "4": 5593,
        "5": 24046,
        "6": 73166
    },
    "5822": {
        "0": 1,
        "1": 9,
        "2": 71,
        "3": 549,
        "4": 4220,
        "5": 13495,
        "6": 30051
    },
    "5823": {
        "0": 1,
        "1": 1,
        "2": 1,
        "3": 1,
        "4": 10,
        "5": 79,
        "6": 615
    },
    "5824": {
        "0": 1,
        "1": 9,
        "2": 80,
        "3": 705,
        "4": 6146,
        "5": 22543,
        "6": 58509
    },
    "5825": {
        "0": 1,
        "1": 9,
        "2": 77,
        "3": 634,
        "4": 5097,
        "5": 12705,
        "6": 24296
    },
    "5826": {
        "0": 1,
        "1": 1,
        "2": 10,
        "3": 71,
        "4": 499,
        "5": 3516,
        "6": 14456
    },
    "5827": {
        "0": 1,
        "1": 1,
        "2": 10,
        "3": 88,
        "4": 768,
        "5": 6495,
        "6": 24744
    },
    "5828": {
        "0": 1,
        "1": 10,
        "2": 77,
        "3": 566,
        "4": 4128,
        "5": 12815,
        "6": 26344
    },
    "5829": {
        "0": 1,
        "1": 1,
        "2": 1,
        "3": 1,
        "4": 8,
        "5": 61,
        "6": 464
    },
    "5830": {
        "0": 1,
        "1": 1,
        "2": 10,
        "3": 83,
        "4": 707,
        "5": 5987,
        "6": 20117
    },
    "5831": {
        "0": 1,
        "1": 12,
        "2": 100,
        "3": 822,
        "4": 6709,
        "5": 26653,
        "6": 71391
    },
    "5832": {
        "0": 1,
        "1": 1,
        "2": 11,
        "3": 87,
        "4": 637,
        "5": 4581,
        "6": 17428
    },
    "5833": {
        "0": 1,
        "1": 9,
        "2": 77,
        "3": 648,
        "4": 5460,
        "5": 15830,
        "6": 33835
    },
    "5834": {
        "0": 1,
        "1": 1,
        "2": 1,
        "3": 1,
        "4": 11,
        "5": 83,
        "6": 644
    },
    "5835": {
        "0": 1,
        "1": 1,
        "2": 9,
        "3": 76,
        "4": 657,
        "5": 5743,
        "6": 17502
    },
    "5836": {
        "0": 1,
        "1": 10,
        "2": 84,
        "3": 709,
        "4": 5938,
        "5": 19359,
        "6": 43651
    },
    "5837": {
        "0": 1,
        "1": 1,
        "2": 1,
        "3": 9,
        "4": 77,
        "5": 671,
        "6": 5869
    },
    "5838": {
        "0": 1,
        "1": 1,
        "2": 8,
        "3": 69,
        "4": 585,
        "5": 4892,
        "6": 12658
    },
    "5839": {
        "0": 1,
        "1": 1,
        "2": 11,
        "3": 83,
        "4": 612,
        "5": 4628,
        "6": 16124
    },
    "5840": {
        "0": 1,
        "1": 1,
        "2": 1,
        "3": 10,
        "4": 78,
        "5": 599,
        "6": 4530
    },
    "5841": {
        "0": 1,
        "1": 10,
        "2": 71,
        "3": 493,
        "4": 3459,
        "5": 14083,
        "6": 39726
    },
    "5842": {
        "0": 1,
        "1": 1,
        "2": 1,
        "3": 9,
        "4": 77,
        "5": 643,
        "6": 5271
    },
    "5843": {
        "0": 1,
        "1": 11,
        "2": 90,
        "3": 765,
        "4": 6487,
        "5": 22294,
        "6": 45303
    },
    "5844": {
        "0": 1,
        "1": 1,
        "2": 10,
        "3": 78,
        "4": 586,
        "5": 4374,
        "6": 15419
    },
    "5845": {
        "0": 1,
        "1": 1,
        "2": 9,
        "3": 77,
        "4": 664,
        "5": 5701,
        "6": 16150
    },
    "5846": {
        "0": 1,
        "1": 10,
        "2": 76,
        "3": 576,
        "4": 4300,
        "5": 14599,
        "6": 36255
    },
    "5847": {
        "0": 1,
        "1": 1,
        "2": 1,
        "3": 1,
        "4": 12,
        "5": 91,
        "6": 675
    },
    "5848": {
        "0": 1,
        "1": 12,
        "2": 85,
        "3": 566,
        "4": 3776,
        "5": 14794,
        "6": 40140
    },
    "5849": {
        "0": 1,
        "1": 10,
        "2": 76,
        "3": 575,
        "4": 4400,
        "5": 14822,
        "6": 34809
    },
    "5850": {
        "0": 1,
        "1": 1,
        "2": 1,
        "3": 12,
        "4": 89,
        "5": 606,
        "6": 4119
    },
    "5851": {
        "0": 1,
        "1": 9,
        "2": 72,
        "3": 567,
        "4": 4396,
        "5": 6118,
        "6": 9049
    },
    "5852": {
        "0": 1,
        "1": 11,
        "2": 96,
        "3": 838,
        "4": 7145,
        "5": 29688,
        "6": 82832
    },
    "5853": {
        "0": 1,
        "1": 1,
        "2": 1,
        "3": 1,
        "4": 1,
        "5": 11,
        "6": 82
    },
    "5854": {
        "0": 1,
        "1": 1,
        "2": 11,
        "3": 87,
        "4": 653,
        "5": 4856,
        "6": 18569
    },
    "5855": {
        "0": 1,
        "1": 12,
        "2": 99,
        "3": 812,
        "4": 6716,
        "5": 23140,
        "6": 49001
    },
    "5856": {
        "0": 1,
        "1": 1,
        "2": 9,
        "3": 69,
        "4": 527,
        "5": 4084,
        "6": 12715
    },
    "5857": {
        "0": 1,
        "1": 10,
        "2": 88,
        "3": 760,
        "4": 6346,
        "5": 24328,
        "6": 57836
    },
    "5858": {
        "0": 1,
        "1": 1,
        "2": 11,
        "3": 95,
        "4": 826,
        "5": 7117,
        "6": 28496
    },
    "5859": {
        "0": 1,
        "1": 1,
        "2": 9,
        "3": 68,
        "4": 508,
        "5": 3807,
        "6": 9396
    },
    "5860": {
        "0": 1,
        "1": 10,
        "2": 79,
        "3": 642,
        "4": 5280,
        "5": 11212,
        "6": 18351
    },
    "5861": {
        "0": 1,
        "1": 1,
        "2": 1,
        "3": 1,
        "4": 9,
        "5": 80,
        "6": 712
    },
    "5862": {
        "0": 1,
        "1": 1,
        "2": 1,
        "3": 12,
        "4": 103,
        "5": 855,
        "6": 7015
    },
    "5863": {
        "0": 1,
        "1": 10,
        "2": 91,
        "3": 825,
        "4": 7361,
        "5": 32422,
        "6": 93078
    },
    "5864": {
        "0": 1,
        "1": 10,
        "2": 83,
        "3": 670,
        "4": 5308,
        "5": 13772,
        "6": 24458
    },
    "5865": {
        "0": 1,
        "1": 1,
        "2": 10,
        "3": 77,
        "4": 578,
        "5": 4331,
        "6": 15059
    },
    "5866": {
        "0": 1,
        "1": 1,
        "2": 9,
        "3": 77,
        "4": 653,
        "5": 5484,
        "6": 15557
    },
    "5867": {
        "0": 1,
        "1": 1,
        "2": 9,
        "3": 72,
        "4": 565,
        "5": 4396,
        "6": 16528
    },
    "5868": {
        "0": 1,
        "1": 10,
        "2": 85,
        "3": 735,
        "4": 6234,
        "5": 22130,
        "6": 52844
    },
    "5869": {
        "0": 1,
        "1": 1,
        "2": 1,
        "3": 1,
        "4": 1,
        "5": 10,
        "6": 67
    },
    "5870": {
        "0": 1,
        "1": 1,
        "2": 1,
        "3": 1,
        "4": 1,
        "5": 1,
        "6": 10
    },
    "5871": {
        "0": 1,
        "1": 11,
        "2": 88,
        "3": 660,
        "4": 4868,
        "5": 18372,
        "6": 47190
    },
    "5872": {
        "0": 1,
        "1": 1,
        "2": 1,
        "3": 11,
        "4": 68,
        "5": 406,
        "6": 2482
    },
    "5873": {
        "0": 1,
        "1": 1,
        "2": 1,
        "3": 1,
        "4": 10,
        "5": 84,
        "6": 701
    },
    "5874": {
        "0": 1,
        "1": 1,
        "2": 12,
        "3": 105,
        "4": 896,
        "5": 7650,
        "6": 32760
    },
    "5875": {
        "0": 1,
        "1": 11,
        "2": 81,
        "3": 568,
        "4": 3975,
        "5": 17667,
        "6": 55878
    },
    "5876": {
        "0": 1,
        "1": 1,
        "2": 1,
        "3": 1,
        "4": 1,
        "5": 1,
        "6": 1
    },
    "5877": {
        "0": 1,
        "1": 1,
        "2": 1,
        "3": 1,
        "4": 1,
        "5": 1,
        "6": 1
    },
    "5878": {
        "0": 1,
        "1": 12,
        "2": 112,
        "3": 949,
        "4": 7716,
        "5": 31936,
        "6": 94653
    },
    "5879": {
        "0": 1,
        "1": 1,
        "2": 9,
        "3": 76,
        "4": 648,
        "5": 5464,
        "6": 15933
    },
    "5880": {
        "0": 1,
        "1": 9,
        "2": 78,
        "3": 671,
        "4": 5811,
        "5": 17680,
        "6": 33838
    },
    "5881": {
        "0": 1,
        "1": 11,
        "2": 91,
        "3": 748,
        "4": 6056,
        "5": 20833,
        "6": 44645
    },
    "5882": {
        "0": 1,
        "1": 10,
        "2": 76,
        "3": 575,
        "4": 4403,
        "5": 14952,
        "6": 34472
    },
    "5883": {
        "0": 1,
        "1": 1,
        "2": 11,
        "3": 82,
        "4": 571,
        "5": 3887,
        "6": 17262
    },
    "5884": {
        "0": 1,
        "1": 1,
        "2": 12,
        "3": 86,
        "4": 568,
        "5": 3796,
        "6": 15531
    },
    "5885": {
        "0": 1,
        "1": 11,
        "2": 99,
        "3": 872,
        "4": 7497,
        "5": 33073,
        "6": 93073
    },
    "5886": {
        "0": 1,
        "1": 11,
        "2": 77,
        "3": 509,
        "4": 3327,
        "5": 12485,
        "6": 35301
    },
    "5887": {
        "0": 1,
        "1": 1,
        "2": 1,
        "3": 1,
        "4": 11,
        "5": 95,
        "6": 808
    },
    "5888": {
        "0": 1,
        "1": 1,
        "2": 11,
        "3": 86,
        "4": 652,
        "5": 4983,
        "6": 19042
    },
    "5889": {
        "0": 1,
        "1": 1,
        "2": 1,
        "3": 1,
        "4": 1,
        "5": 10,
        "6": 69
    },
    "5890": {
        "0": 1,
        "1": 1,
        "2": 11,
        "3": 81,
        "4": 548,
        "5": 3668,
        "6": 15346
    },
    "5891": {
        "0": 1,
        "1": 1,
        "2": 10,
        "3": 82,
        "4": 686,
        "5": 5795,
        "6": 16278
    },
    "5892": {
        "0": 1,
        "1": 1,
        "2": 9,
        "3": 76,
        "4": 632,
        "5": 5310,
        "6": 12462
    },
    "5893": {
        "0": 1,
        "1": 11,
        "2": 93,
        "3": 760,
        "4": 6072,
        "5": 20281,
        "6": 45682
    },
    "5894": {
        "0": 1,
        "1": 1,
        "2": 1,
        "3": 1,
        "4": 10,
        "5": 77,
        "6": 571
    },
    "5895": {
        "0": 1,
        "1": 1,
        "2": 12,
        "3": 95,
        "4": 714,
        "5": 5273,
        "6": 21341
    },
    "5896": {
        "0": 1,
        "1": 11,
        "2": 84,
        "3": 644,
        "4": 4998,
        "5": 19832,
        "6": 54755
    },
    "5897": {
        "0": 1,
        "1": 12,
        "2": 100,
        "3": 806,
        "4": 6463,
        "5": 21204,
        "6": 51072
    },
    "5898": {
        "0": 1,
        "1": 10,
        "2": 77,
        "3": 595,
        "4": 4571,
        "5": 15998,
        "6": 40699
    },
    "5899": {
        "0": 1,
        "1": 1,
        "2": 1,
        "3": 12,
        "4": 98,
        "5": 767,
        "6": 5918
    }
}