{
    "28000": {
        "0": 1,
        "1": 1,
        "2": 8,
        "3": 71,
        "4": 631,
        "5": 5597,
        "6": 17296
    },
    "28001": {
        "0": 1,
        "1": 1,
        "2": 11,
        "3": 96,
        "4": 814,
        "5": 6689,
        "6": 26023
    },
    "28002": {
        "0": 1,
        "1": 1,
        "2": 11,
        "3": 87,
        "4": 675,
        "5": 5264,
        "6": 21735
    },
    "28003": {
        "0": 1,
        "1": 11,
        "2": 92,
        "3": 766,
        "4": 6319,
        "5": 21648,
        "6": 47144
    },
    "28004": {
        "0": 1,
        "1": 10,
        "2": 79,
        "3": 587,
        "4": 4325,
        "5": 14555,
        "6": 35232
    },
    "28005": {
        "0": 1,
        "1": 1,
        "2": 9,
        "3": 61,
        "4": 422,
        "5": 2938,
        "6": 10044
    },
    "28006": {
        "0": 1,
        "1": 1,
        "2": 12,
        "3": 97,
        "4": 742,
        "5": 5586,
        "6": 22848
    },
    "28007": {
        "0": 1,
        "1": 1,
        "2": 1,
        "3": 1,
        "4": 12,
        "5": 91,
        "6": 655
    },
    "28008": {
        "0": 1,
        "1": 9,
        "2": 68,
        "3": 482,
        "4": 3384,
        "5": 8159,
        "6": 18068
    },
    "28009": {
        "0": 1,
        "1": 1,
        "2": 1,
        "3": 1,
        "4": 1,
        "5": 11,
        "6": 97
    },
    "28010": {
        "0": 1,
        "1": 12,
        "2": 96,
        "3": 738,
        "4": 5635,
        "5": 23910,
        "6": 67092
    },
    "28011": {
        "0": 1,
        "1": 1,
        "2": 10,
        "3": 73,
        "4": 551,
        "5": 4210,
        "6": 13270
    },
    "28012": {
        "0": 1,
        "1": 1,
        "2": 1,
        "3": 8,
        "4": 62,
        "5": 476,
        "6": 3654
    },
    "28013": {
        "0": 1,
        "1": 9,
        "2": 68,
        "3": 509,
        "4": 3857,
        "5": 10405,
        "6": 23292
    },
    "28014": {
        "0": 1,
        "1": 10,
        "2": 91,
        "3": 798,
        "4": 6821,
        "5": 27037,
        "6": 70207
    },
    "28015": {
        "0": 1,
        "1": 1,
        "2": 1,
        "3": 11,
        "4": 76,
        "5": 514,
        "6": 3442
    },
    "28016": {
        "0": 1,
        "1": 1,
        "2": 10,
        "3": 82,
        "4": 673,
        "5": 5558,
        "6": 15811
    },
    "28017": {
        "0": 1,
        "1": 1,
        "2": 1,
        "3": 1,
        "4": 1,
        "5": 1,
        "6": 11
    },
    "28018": {
        "0": 1,
        "1": 1,
        "2": 1,
        "3": 8,
        "4": 69,
        "5": 577,
        "6": 4758
    },
    "28019": {
        "0": 1,
        "1": 11,
        "2": 99,
        "3": 857,
        "4": 7242,
        "5": 32217,
        "6": 88383
    },
    "28020": {
        "0": 1,
        "1": 1,
        "2": 9,
        "3": 78,
        "4": 671,
        "5": 5708,
        "6": 17803
    },
    "28021": {
        "0": 1,
        "1": 10,
        "2": 81,
        "3": 671,
        "4": 5518,
        "5": 14969,
        "6": 26707
    },
    "28022": {
        "0": 1,
        "1": 1,
        "2": 1,
        "3": 1,
        "4": 1,
        "5": 11,
        "6": 89
    },
    "28023": {
        "0": 1,
        "1": 1,
        "2": 9,
        "3": 75,
        "4": 624,
        "5": 5048,
        "6": 12529
    },
    "28024": {
        "0": 1,
        "1": 8,
        "2": 66,
        "3": 535,
        "4": 4272,
        "5": 6168,
        "6": 8997
    },
    "28025": {
        "0": 1,
        "1": 1,
        "2": 12,
        "3": 89,
        "4": 585,
        "5": 3805,
        "6": 15813
    },
    "28026": {
        "0": 1,
        "1": 1,
        "2": 1,
        "3": 1,
        "4": 11,
        "5": 74,
        "6": 477
    },
    "28027": {
        "0": 1,
        "1": 1,
        "2": 1,
        "3": 1,
        "4": 11,
        "5": 96,
        "6": 808
    },
    "28028": {
        "0": 1,
        "1": 12,
        "2": 100,
        "3": 826,
        "4": 6803,
        "5": 24091,
        "6": 55940
    },
    "28029": {
        "0": 1,
        "1": 10,
        "2": 86,
        "3": 739,
        "4": 6219,
        "5": 23680,
        "6": 65941
    },
    "28030": {
        "0": 1,
        "1": 1,
        "2": 10,
        "3": 79,
        "4": 610,
        "5": 4693,
        "6": 17195
    },
    "28031": {
        "0": 1,
        "1": 1,
        "2": 12,
        "3": 101,
        "4": 835,
        "5": 6891,
        "6": 26682
    },
    "28032": {
        "0": 1,
        "1": 1,
        "2": 1,
        "3": 9,
        "4": 70,
        "5": 546,
        "6": 4254
    },
    "28033": {
        "0": 1,
        "1": 9,
        "2": 68,
        "3": 489,
        "4": 3434,
        "5": 8383,
        "6": 16497
    },
    "28034": {
        "0": 1,
        "1": 1,
        "2": 10,
        "3": 78,
        "4": 584,
        "5": 4333,
        "6": 14688
    },
    "28035": {
        "0": 1,
        "1": 8,
        "2": 65,
        "3": 510,
        "4": 3938,
        "5": 12895,
        "6": 27587
    },
    "28036": {
        "0": 1,
        "1": 1,
        "2": 9,
        "3": 69,
        "4": 535,
        "5": 4179,
        "6": 13507
    },
    "28037": {
        "0": 1,
        "1": 11,
        "2": 93,
        "3": 789,
        "4": 6588,
        "5": 24355,
        "6": 57308
    },
    "28038": {
        "0": 1,
        "1": 1,
        "2": 10,
        "3": 87,
        "4": 753,
        "5": 6375,
        "6": 23149
    },
    "28039": {
        "0": 1,
        "1": 9,
        "2": 67,
        "3": 502,
        "4": 3808,
        "5": 10165,
        "6": 20615
    },
    "28040": {
        "0": 1,
        "1": 11,
        "2": 96,
        "3": 812,
        "4": 6714,
        "5": 26970,
        "6": 62781
    },
    "28041": {
        "0": 1,
        "1": 10,
        "2": 70,
        "3": 471,
        "4": 3175,
        "5": 11401,
        "6": 32700
    },
    "28042": {
        "0": 1,
        "1": 1,
        "2": 10,
        "3": 89,
        "4": 774,
        "5": 6611,
        "6": 25379
    },
    "28043": {
        "0": 1,
        "1": 1,
        "2": 10,
        "3": 76,
        "4": 566,
        "5": 4219,
        "6": 14203
    },
    "28044": {
        "0": 1,
        "1": 1,
        "2": 10,
        "3": 79,
        "4": 602,
        "5": 4554,
        "6": 17097
    },
    "28045": {
        "0": 1,
        "1": 1,
        "2": 10,
        "3": 68,
        "4": 454,
        "5": 3011,
        "6": 10863
    },
    "28046": {
        "0": 1,
        "1": 1,
        "2": 1,
        "3": 11,
        "4": 84,
        "5": 627,
        "6": 4800
    },
    "28047": {
        "0": 1,
        "1": 9,
        "2": 77,
        "3": 667,
        "4": 5729,
        "5": 16604,
        "6": 32673
    },
    "28048": {
        "0": 1,
        "1": 1,
        "2": 1,
        "3": 1,
        "4": 1,
        "5": 10,
        "6": 83
    },
    "28049": {
        "0": 1,
        "1": 1,
        "2": 1,
        "3": 9,
        "4": 71,
        "5": 539,
        "6": 4073
    },
    "28050": {
        "0": 1,
        "1": 11,
        "2": 91,
        "3": 743,
        "4": 5977,
        "5": 20188,
        "6": 48327
    },
    "28051": {
        "0": 1,
        "1": 1,
        "2": 10,
        "3": 80,
        "4": 680,
        "5": 5839,
        "6": 17924
    },
    "28052": {
        "0": 1,
        "1": 1,
        "2": 10,
        "3": 85,
        "4": 734,
        "5": 6335,
        "6": 21283
    },
    "28053": {
        "0": 1,
        "1": 1,
        "2": 1,
        "3": 12,
        "4": 97,
        "5": 690,
        "6": 4838
    },
    "28054": {
        "0": 1,
        "1": 11,
        "2": 93,
        "3": 769,
        "4": 6278,
        "5": 21085,
        "6": 51197
    },
    "28055": {
        "0": 1,
        "1": 1,
        "2": 9,
        "3": 77,
        "4": 663,
        "5": 5737,
        "6": 16997
    },
    "28056": {
        "0": 1,
        "1": 10,
        "2": 83,
        "3": 709,
        "4": 5983,
        "5": 19878,
        "6": 42221
    },
    "28057": {
        "0": 1,
        "1": 1,
        "2": 11,
        "3": 78,
        "4": 522,
        "5": 3497,
        "6": 13296
    },
    "28058": {
        "0": 1,
        "1": 8,
        "2": 66,
        "3": 547,
        "4": 4568,
        "5": 5689,
        "6": 7149
    },
    "28059": {
        "0": 1,
        "1": 1,
        "2": 10,
        "3": 74,
        "4": 518,
        "5": 3603,
        "6": 14722
    },
    "28060": {
        "0": 1,
        "1": 13,
        "2": 101,
        "3": 747,
        "4": 5663,
        "5": 23820,
        "6": 72579
    },
    "28061": {
        "0": 1,
        "1": 8,
        "2": 52,
        "3": 344,
        "4": 2321,
        "5": 5537,
        "6": 10857
    },
    "28062": {
        "0": 1,
        "1": 1,
        "2": 10,
        "3": 63,
        "4": 392,
        "5": 2535,
        "6": 6297
    },
    "28063": {
        "0": 1,
        "1": 1,
        "2": 1,
        "3": 1,
        "4": 1,
        "5": 1,
        "6": 10
    },
    "28064": {
        "0": 1,
        "1": 9,
        "2": 67,
        "3": 485,
        "4": 3497,
        "5": 7828,
        "6": 15622
    },
    "28065": {
        "0": 1,
        "1": 1,
        "2": 12,
        "3": 103,
        "4": 824,
        "5": 6474,
        "6": 31290
    },
    "28066": {
        "0": 1,
        "1": 10,
        "2": 86,
        "3": 718,
        "4": 5846,
        "5": 19043,
        "6": 39990
    },
    "28067": {
        "0": 1,
        "1": 1,
        "2": 12,
        "3": 93,
        "4": 658,
        "5": 4599,
        "6": 16648
    },
    "28068": {
        "0": 1,
        "1": 9,
        "2": 69,
        "3": 531,
        "4": 4103,
        "5": 12645,
        "6": 27746
    },
    "28069": {
        "0": 1,
        "1": 1,
        "2": 1,
        "3": 10,
        "4": 83,
        "5": 630,
        "6": 4571
    },
    "28070": {
        "0": 1,
        "1": 10,
        "2": 80,
        "3": 620,
        "4": 4725,
        "5": 18421,
        "6": 55419
    },
    "28071": {
        "0": 1,
        "1": 11,
        "2": 86,
        "3": 652,
        "4": 4956,
        "5": 18770,
        "6": 51535
    },
    "28072": {
        "0": 1,
        "1": 9,
        "2": 62,
        "3": 433,
        "4": 3069,
        "5": 11401,
        "6": 29845
    },
    "28073": {
        "0": 1,
        "1": 1,
        "2": 9,
        "3": 67,
        "4": 506,
        "5": 3829,
        "6": 9961
    },
    "28074": {
        "0": 1,
        "1": 8,
        "2": 53,
        "3": 361,
        "4": 2485,
        "5": 6948,
        "6": 13537
    },
    "28075": {
        "0": 1,
        "1": 12,
        "2": 98,
        "3": 736,
        "4": 5441,
        "5": 21242,
        "6": 57671
    },
    "28076": {
        "0": 1,
        "1": 10,
        "2": 81,
        "3": 681,
        "4": 5694,
        "5": 15080,
        "6": 28938
    },
    "28077": {
        "0": 1,
        "1": 9,
        "2": 66,
        "3": 493,
        "4": 3721,
        "5": 9447,
        "6": 14804
    },
    "28078": {
        "0": 1,
        "1": 1,
        "2": 9,
        "3": 69,
        "4": 517,
        "5": 3798,
        "6": 12026
    },
    "28079": {
        "0": 1,
        "1": 10,
        "2": 73,
        "3": 539,
        "4": 3976,
        "5": 11965,
        "6": 26914
    },
    "28080": {
        "0": 1,
        "1": 9,
        "2": 67,
        "3": 505,
        "4": 3831,
        "5": 9813,
        "6": 21276
    },
    "28081": {
        "0": 1,
        "1": 1,
        "2": 10,
        "3": 76,
        "4": 563,
        "5": 4125,
        "6": 12692
    },
    "28082": {
        "0": 1,
        "1": 10,
        "2": 66,
        "3": 410,
        "4": 2528,
        "5": 6560,
        "6": 13971
    },
    "28083": {
        "0": 1,
        "1": 1,
        "2": 8,
        "3": 69,
        "4": 596,
        "5": 5151,
        "6": 11747
    },
    "28084": {
        "0": 1,
        "1": 1,
        "2": 10,
        "3": 89,
        "4": 761,
        "5": 6310,
        "6": 23425
    },
    "28085": {
        "0": 1,
        "1": 1,
        "2": 1,
        "3": 13,
        "4": 102,
        "5": 771,
        "6": 5833
    },
    "28086": {
        "0": 1,
        "1": 1,
        "2": 1,
        "3": 11,
        "4": 95,
        "5": 806,
        "6": 6805
    },
    "28087": {
        "0": 1,
        "1": 9,
        "2": 70,
        "3": 544,
        "4": 4251,
        "5": 14070,
        "6": 34339
    },
    "28088": {
        "0": 1,
        "1": 9,
        "2": 74,
        "3": 624,
        "4": 5227,
        "5": 11091,
        "6": 17880
    },
    "28089": {
        "0": 1,
        "1": 10,
        "2": 83,
        "3": 693,
        "4": 5773,
        "5": 17947,
        "6": 38757
    },
    "28090": {
        "0": 1,
        "1": 10,
        "2": 80,
        "3": 630,
        "4": 4922,
        "5": 19085,
        "6": 47651
    },
    "28091": {
        "0": 1,
        "1": 1,
        "2": 11,
        "3": 93,
        "4": 774,
        "5": 6307,
        "6": 22972
    },
    "28092": {
        "0": 1,
        "1": 1,
        "2": 10,
        "3": 84,
        "4": 705,
        "5": 5888,
        "6": 18775
    },
    "28093": {
        "0": 1,
        "1": 8,
        "2": 68,
        "3": 571,
        "4": 4779,
        "5": 9749,
        "6": 13489
    },
    "28094": {
        "0": 1,
        "1": 1,
        "2": 9,
        "3": 78,
        "4": 667,
        "5": 5521,
        "6": 16953
    },
    "28095": {
        "0": 1,
        "1": 10,
        "2": 79,
        "3": 608,
        "4": 4623,
        "5": 17477,
        "6": 45500
    },
    "28096": {
        "0": 1,
        "1": 1,
        "2": 9,
        "3": 80,
        "4": 693,
        "5": 5921,
        "6": 20082
    },
    "28097": {
        "0": 1,
        "1": 10,
        "2": 59,
        "3": 344,
        "4": 2073,
        "5": 7765,
        "6": 21436
    },
    "28098": {
        "0": 1,
        "1": 1,
        "2": 10,
        "3": 68,
        "4": 451,
        "5": 3021,
        "6": 9941
    },
    "28099": {
        "0": 1,
        "1": 10,
        "2": 86,
        "3": 743,
        "4": 6347,
        "5": 21317,
        "6": 43141
    }
}