{
    "12700": {
        "0": 1,
        "1": 10,
        "2": 81,
        "3": 673,
        "4": 5621,
        "5": 16894,
        "6": 37220
    },
    "12701": {
        "0": 1,
        "1": 1,
        "2": 9,
        "3": 70,
        "4": 550,
        "5": 4290,
        "6": 16094
    },
    "12702": {
        "0": 1,
        "1": 8,
        "2": 67,
        "3": 537,
        "4": 4128,
        "5": 15358,
        "6": 40183
    },
    "12703": {
        "0": 1,
        "1": 1,
        "2": 10,
        "3": 79,
        "4": 610,
        "5": 4593,
        "6": 16913
    },
    "12704": {
        "0": 1,
        "1": 1,
        "2": 1,
        "3": 11,
        "4": 97,
        "5": 825,
        "6": 6838
    },
    "12705": {
        "0": 1,
        "1": 10,
        "2": 86,
        "3": 745,
        "4": 6248,
        "5": 20655,
        "6": 46254
    },
    "12706": {
        "0": 1,
        "1": 11,
        "2": 91,
        "3": 764,
        "4": 6414,
        "5": 21703,
        "6": 45749
    },
    "12707": {
        "0": 1,
        "1": 11,
        "2": 95,
        "3": 813,
        "4": 6963,
        "5": 26841,
        "6": 64513
    },
    "12708": {
        "0": 1,
        "1": 10,
        "2": 61,
        "3": 360,
        "4": 2119,
        "5": 8223,
        "6": 23416
    },
    "12709": {
        "0": 1,
        "1": 1,
        "2": 1,
        "3": 9,
        "4": 61,
        "5": 410,
        "6": 2753
    },
    "12710": {
        "0": 1,
        "1": 1,
        "2": 12,
        "3": 100,
        "4": 839,
        "5": 6947,
        "6": 27073
    },
    "12711": {
        "0": 1,
        "1": 14,
        "2": 116,
        "3": 860,
        "4": 6383,
        "5": 28797,
        "6": 81617
    },
    "12712": {
        "0": 1,
        "1": 1,
        "2": 1,
        "3": 10,
        "4": 79,
        "5": 601,
        "6": 4511
    },
    "12713": {
        "0": 1,
        "1": 1,
        "2": 10,
        "3": 76,
        "4": 574,
        "5": 4341,
        "6": 15356
    },
    "12714": {
        "0": 1,
        "1": 1,
        "2": 9,
        "3": 77,
        "4": 657,
        "5": 5547,
        "6": 16242
    },
    "12715": {
        "0": 1,
        "1": 9,
        "2": 69,
        "3": 530,
        "4": 4070,
        "5": 12526,
        "6": 29441
    },
    "12716": {
        "0": 1,
        "1": 1,
        "2": 11,
        "3": 90,
        "4": 688,
        "5": 5160,
        "6": 21217
    },
    "12717": {
        "0": 1,
        "1": 11,
        "2": 95,
        "3": 828,
        "4": 7194,
        "5": 29661,
        "6": 78520
    },
    "12718": {
        "0": 1,
        "1": 9,
        "2": 76,
        "3": 658,
        "4": 5709,
        "5": 17085,
        "6": 35111
    },
    "12719": {
        "0": 1,
        "1": 11,
        "2": 87,
        "3": 622,
        "4": 4335,
        "5": 14414,
        "6": 37912
    },
    "12720": {
        "0": 1,
        "1": 1,
        "2": 1,
        "3": 11,
        "4": 89,
        "5": 730,
        "6": 6028
    },
    "12721": {
        "0": 1,
        "1": 1,
        "2": 10,
        "3": 69,
        "4": 478,
        "5": 3279,
        "6": 12250
    },
    "12722": {
        "0": 1,
        "1": 1,
        "2": 9,
        "3": 69,
        "4": 515,
        "5": 3811,
        "6": 10750
    },
    "12723": {
        "0": 1,
        "1": 1,
        "2": 12,
        "3": 107,
        "4": 920,
        "5": 7680,
        "6": 35288
    },
    "12724": {
        "0": 1,
        "1": 1,
        "2": 1,
        "3": 1,
        "4": 1,
        "5": 10,
        "6": 83
    },
    "12725": {
        "0": 1,
        "1": 10,
        "2": 86,
        "3": 749,
        "4": 6497,
        "5": 23508,
        "6": 53917
    },
    "12726": {
        "0": 1,
        "1": 1,
        "2": 10,
        "3": 76,
        "4": 566,
        "5": 4253,
        "6": 13024
    },
    "12727": {
        "0": 1,
        "1": 11,
        "2": 87,
        "3": 646,
        "4": 4728,
        "5": 17054,
        "6": 43274
    },
    "12728": {
        "0": 1,
        "1": 12,
        "2": 96,
        "3": 739,
        "4": 5650,
        "5": 25514,
        "6": 69575
    },
    "12729": {
        "0": 1,
        "1": 10,
        "2": 61,
        "3": 362,
        "4": 2229,
        "5": 9040,
        "6": 25262
    },
    "12730": {
        "0": 1,
        "1": 9,
        "2": 70,
        "3": 538,
        "4": 4174,
        "5": 15085,
        "6": 35645
    },
    "12731": {
        "0": 1,
        "1": 9,
        "2": 77,
        "3": 659,
        "4": 5678,
        "5": 15914,
        "6": 30554
    },
    "12732": {
        "0": 1,
        "1": 9,
        "2": 78,
        "3": 667,
        "4": 5665,
        "5": 15219,
        "6": 29365
    },
    "12733": {
        "0": 1,
        "1": 1,
        "2": 1,
        "3": 9,
        "4": 67,
        "5": 500,
        "6": 3742
    },
    "12734": {
        "0": 1,
        "1": 1,
        "2": 9,
        "3": 78,
        "4": 675,
        "5": 5838,
        "6": 17905
    },
    "12735": {
        "0": 1,
        "1": 9,
        "2": 70,
        "3": 548,
        "4": 4255,
        "5": 13723,
        "6": 30912
    },
    "12736": {
        "0": 1,
        "1": 1,
        "2": 10,
        "3": 76,
        "4": 526,
        "5": 3579,
        "6": 13853
    },
    "12737": {
        "0": 1,
        "1": 1,
        "2": 9,
        "3": 70,
        "4": 540,
        "5": 4189,
        "6": 13500
    },
    "12738": {
        "0": 1,
        "1": 1,
        "2": 11,
        "3": 94,
        "4": 797,
        "5": 6677,
        "6": 25385
    },
    "12739": {
        "0": 1,
        "1": 11,
        "2": 68,
        "3": 387,
        "4": 2245,
        "5": 8124,
        "6": 21301
    },
    "12740": {
        "0": 1,
        "1": 1,
        "2": 9,
        "3": 78,
        "4": 665,
        "5": 5665,
        "6": 15653
    },
    "12741": {
        "0": 1,
        "1": 11,
        "2": 92,
        "3": 773,
        "4": 6519,
        "5": 22683,
        "6": 48136
    },
    "12742": {
        "0": 1,
        "1": 11,
        "2": 84,
        "3": 628,
        "4": 4638,
        "5": 16991,
        "6": 46613
    },
    "12743": {
        "0": 1,
        "1": 10,
        "2": 81,
        "3": 646,
        "4": 5115,
        "5": 12710,
        "6": 20458
    },
    "12744": {
        "0": 1,
        "1": 9,
        "2": 69,
        "3": 520,
        "4": 3888,
        "5": 11776,
        "6": 29660
    },
    "12745": {
        "0": 1,
        "1": 8,
        "2": 54,
        "3": 369,
        "4": 2505,
        "5": 6875,
        "6": 12626
    },
    "12746": {
        "0": 1,
        "1": 1,
        "2": 1,
        "3": 12,
        "4": 94,
        "5": 714,
        "6": 5425
    },
    "12747": {
        "0": 1,
        "1": 9,
        "2": 75,
        "3": 635,
        "4": 5406,
        "5": 13572,
        "6": 23293
    },
    "12748": {
        "0": 1,
        "1": 1,
        "2": 8,
        "3": 64,
        "4": 489,
        "5": 3624,
        "6": 11103
    },
    "12749": {
        "0": 1,
        "1": 10,
        "2": 81,
        "3": 629,
        "4": 4867,
        "5": 18625,
        "6": 50494
    },
    "12750": {
        "0": 1,
        "1": 1,
        "2": 8,
        "3": 63,
        "4": 497,
        "5": 3882,
        "6": 12671
    },
    "12751": {
        "0": 1,
        "1": 1,
        "2": 1,
        "3": 12,
        "4": 94,
        "5": 691,
        "6": 5096
    },
    "12752": {
        "0": 1,
        "1": 1,
        "2": 1,
        "3": 1,
        "4": 10,
        "5": 78,
        "6": 574
    },
    "12753": {
        "0": 1,
        "1": 10,
        "2": 82,
        "3": 686,
        "4": 5793,
        "5": 16568,
        "6": 28055
    },
    "12754": {
        "0": 1,
        "1": 1,
        "2": 10,
        "3": 84,
        "4": 714,
        "5": 6005,
        "6": 20143
    },
    "12755": {
        "0": 1,
        "1": 10,
        "2": 78,
        "3": 609,
        "4": 4691,
        "5": 16308,
        "6": 36766
    },
    "12756": {
        "0": 1,
        "1": 1,
        "2": 1,
        "3": 10,
        "4": 67,
        "5": 429,
        "6": 2760
    },
    "12757": {
        "0": 1,
        "1": 1,
        "2": 10,
        "3": 63,
        "4": 372,
        "5": 2180,
        "6": 7757
    },
    "12758": {
        "0": 1,
        "1": 9,
        "2": 75,
        "3": 612,
        "4": 4919,
        "5": 11357,
        "6": 18709
    },
    "12759": {
        "0": 1,
        "1": 1,
        "2": 10,
        "3": 76,
        "4": 554,
        "5": 4005,
        "6": 11628
    },
    "12760": {
        "0": 1,
        "1": 13,
        "2": 97,
        "3": 655,
        "4": 4473,
        "5": 20386,
        "6": 66775
    },
    "12761": {
        "0": 1,
        "1": 1,
        "2": 1,
        "3": 9,
        "4": 71,
        "5": 554,
        "6": 4321
    },
    "12762": {
        "0": 1,
        "1": 11,
        "2": 89,
        "3": 738,
        "4": 6195,
        "5": 19915,
        "6": 39514
    },
    "12763": {
        "0": 1,
        "1": 1,
        "2": 10,
        "3": 69,
        "4": 467,
        "5": 3187,
        "6": 11343
    },
    "12764": {
        "0": 1,
        "1": 13,
        "2": 111,
        "3": 920,
        "4": 7568,
        "5": 31457,
        "6": 77976
    },
    "12765": {
        "0": 1,
        "1": 12,
        "2": 102,
        "3": 862,
        "4": 7222,
        "5": 27749,
        "6": 63638
    },
    "12766": {
        "0": 1,
        "1": 10,
        "2": 86,
        "3": 746,
        "4": 6441,
        "5": 22370,
        "6": 48963
    },
    "12767": {
        "0": 1,
        "1": 1,
        "2": 9,
        "3": 68,
        "4": 513,
        "5": 3866,
        "6": 11789
    },
    "12768": {
        "0": 1,
        "1": 1,
        "2": 1,
        "3": 10,
        "4": 81,
        "5": 665,
        "6": 5373
    },
    "12769": {
        "0": 1,
        "1": 1,
        "2": 11,
        "3": 86,
        "4": 597,
        "5": 4012,
        "6": 11340
    },
    "12770": {
        "0": 1,
        "1": 10,
        "2": 68,
        "3": 419,
        "4": 2557,
        "5": 7613,
        "6": 19087
    },
    "12771": {
        "0": 1,
        "1": 9,
        "2": 72,
        "3": 587,
        "4": 4795,
        "5": 19672,
        "6": 58939
    },
    "12772": {
        "0": 1,
        "1": 1,
        "2": 13,
        "3": 108,
        "4": 805,
        "5": 5869,
        "6": 25497
    },
    "12773": {
        "0": 1,
        "1": 1,
        "2": 8,
        "3": 63,
        "4": 483,
        "5": 3666,
        "6": 10305
    },
    "12774": {
        "0": 1,
        "1": 9,
        "2": 68,
        "3": 528,
        "4": 4063,
        "5": 14028,
        "6": 32017
    },
    "12775": {
        "0": 1,
        "1": 1,
        "2": 10,
        "3": 68,
        "4": 446,
        "5": 2925,
        "6": 10088
    },
    "12776": {
        "0": 1,
        "1": 9,
        "2": 77,
        "3": 649,
        "4": 5418,
        "5": 14535,
        "6": 27764
    },
    "12777": {
        "0": 1,
        "1": 11,
        "2": 80,
        "3": 556,
        "4": 3859,
        "5": 16412,
        "6": 47853
    },
    "12778": {
        "0": 1,
        "1": 1,
        "2": 11,
        "3": 84,
        "4": 627,
        "5": 4727,
        "6": 16779
    },
    "12779": {
        "0": 1,
        "1": 8,
        "2": 68,
        "3": 581,
        "4": 4979,
        "5": 9963,
        "6": 13683
    },
    "12780": {
        "0": 1,
        "1": 11,
        "2": 92,
        "3": 751,
        "4": 5996,
        "5": 19787,
        "6": 41209
    },
    "12781": {
        "0": 1,
        "1": 10,
        "2": 70,
        "3": 474,
        "4": 3216,
        "5": 11567,
        "6": 30368
    },
    "12782": {
        "0": 1,
        "1": 11,
        "2": 95,
        "3": 785,
        "4": 6321,
        "5": 22318,
        "6": 53856
    },
    "12783": {
        "0": 1,
        "1": 9,
        "2": 78,
        "3": 674,
        "4": 5764,
        "5": 16410,
        "6": 30728
    },
    "12784": {
        "0": 1,
        "1": 9,
        "2": 69,
        "3": 524,
        "4": 3977,
        "5": 11366,
        "6": 25009
    },
    "12785": {
        "0": 1,
        "1": 1,
        "2": 1,
        "3": 9,
        "4": 77,
        "5": 650,
        "6": 5394
    },
    "12786": {
        "0": 1,
        "1": 10,
        "2": 88,
        "3": 758,
        "4": 6324,
        "5": 24008,
        "6": 62760
    },
    "12787": {
        "0": 1,
        "1": 9,
        "2": 69,
        "3": 547,
        "4": 4386,
        "5": 16178,
        "6": 39168
    },
    "12788": {
        "0": 1,
        "1": 1,
        "2": 1,
        "3": 1,
        "4": 1,
        "5": 11,
        "6": 83
    },
    "12789": {
        "0": 1,
        "1": 10,
        "2": 57,
        "3": 345,
        "4": 2103,
        "5": 7954,
        "6": 23262
    },
    "12790": {
        "0": 1,
        "1": 10,
        "2": 74,
        "3": 545,
        "4": 4028,
        "5": 10971,
        "6": 21373
    },
    "12791": {
        "0": 1,
        "1": 9,
        "2": 61,
        "3": 407,
        "4": 2733,
        "5": 8117,
        "6": 19554
    },
    "12792": {
        "0": 1,
        "1": 1,
        "2": 8,
        "3": 54,
        "4": 354,
        "5": 2299,
        "6": 5827
    },
    "12793": {
        "0": 1,
        "1": 1,
        "2": 10,
        "3": 82,
        "4": 658,
        "5": 5078,
        "6": 21041
    },
    "12794": {
        "0": 1,
        "1": 9,
        "2": 76,
        "3": 636,
        "4": 5311,
        "5": 14244,
        "6": 27680
    },
    "12795": {
        "0": 1,
        "1": 11,
        "2": 90,
        "3": 737,
        "4": 5882,
        "5": 18308,
        "6": 35680
    },
    "12796": {
        "0": 1,
        "1": 1,
        "2": 1,
        "3": 12,
        "4": 104,
        "5": 893,
        "6": 7634
    },
    "12797": {
        "0": 1,
        "1": 1,
        "2": 8,
        "3": 71,
        "4": 600,
        "5": 4948,
        "6": 12412
    },
    "12798": {
        "0": 1,
        "1": 9,
        "2": 71,
        "3": 545,
        "4": 4134,
        "5": 12165,
        "6": 24509
    },
    "12799": {
        "0": 1,
        "1": 1,
        "2": 11,
        "3": 77,
        "4": 499,
        "5": 3224,
        "6": 10656
    }
}