{
    "13100": {
        "0": 1,
        "1": 10,
        "2": 83,
        "3": 695,
        "4": 5761,
        "5": 17381,
        "6": 31537
    },
    "13101": {
        "0": 1,
        "1": 9,
        "2": 59,
        "3": 390,
        "4": 2622,
        "5": 7518,
        "6": 17763
    },
    "13102": {
        "0": 1,
        "1": 1,
        "2": 10,
        "3": 83,
        "4": 688,
        "5": 5637,
        "6": 18009
    },
    "13103": {
        "0": 1,
        "1": 1,
        "2": 1,
        "3": 10,
        "4": 86,
        "5": 739,
        "6": 6326
    },
    "13104": {
        "0": 1,
        "1": 10,
        "2": 71,
        "3": 481,
        "4": 3246,
        "5": 11768,
        "6": 32992
    },
    "13105": {
        "0": 1,
        "1": 8,
        "2": 61,
        "3": 459,
        "4": 3414,
        "5": 8080,
        "6": 15644
    },
    "13106": {
        "0": 1,
        "1": 9,
        "2": 71,
        "3": 561,
        "4": 4392,
        "5": 14852,
        "6": 35333
    },
    "13107": {
        "0": 1,
        "1": 9,
        "2": 64,
        "3": 434,
        "4": 2892,
        "5": 8716,
        "6": 20485
    },
    "13108": {
        "0": 1,
        "1": 1,
        "2": 11,
        "3": 98,
        "4": 844,
        "5": 7234,
        "6": 29186
    },
    "13109": {
        "0": 1,
        "1": 1,
        "2": 10,
        "3": 70,
        "4": 480,
        "5": 3320,
        "6": 12647
    },
    "13110": {
        "0": 1,
        "1": 1,
        "2": 1,
        "3": 1,
        "4": 9,
        "5": 72,
        "6": 565
    },
    "13111": {
        "0": 1,
        "1": 10,
        "2": 78,
        "3": 620,
        "4": 4956,
        "5": 20315,
        "6": 49853
    },
    "13112": {
        "0": 1,
        "1": 1,
        "2": 10,
        "3": 66,
        "4": 426,
        "5": 2798,
        "6": 8323
    },
    "13113": {
        "0": 1,
        "1": 1,
        "2": 1,
        "3": 12,
        "4": 94,
        "5": 697,
        "6": 5139
    },
    "13114": {
        "0": 1,
        "1": 1,
        "2": 11,
        "3": 97,
        "4": 826,
        "5": 6838,
        "6": 25889
    },
    "13115": {
        "0": 1,
        "1": 8,
        "2": 57,
        "3": 404,
        "4": 2883,
        "5": 3579,
        "6": 5817
    },
    "13116": {
        "0": 1,
        "1": 11,
        "2": 74,
        "3": 479,
        "4": 3108,
        "5": 9932,
        "6": 21390
    },
    "13117": {
        "0": 1,
        "1": 11,
        "2": 76,
        "3": 517,
        "4": 3596,
        "5": 14983,
        "6": 43067
    },
    "13118": {
        "0": 1,
        "1": 1,
        "2": 11,
        "3": 94,
        "4": 793,
        "5": 6641,
        "6": 25119
    },
    "13119": {
        "0": 1,
        "1": 1,
        "2": 10,
        "3": 84,
        "4": 703,
        "5": 5822,
        "6": 19794
    },
    "13120": {
        "0": 1,
        "1": 10,
        "2": 83,
        "3": 679,
        "4": 5515,
        "5": 16756,
        "6": 33570
    },
    "13121": {
        "0": 1,
        "1": 1,
        "2": 1,
        "3": 10,
        "4": 84,
        "5": 711,
        "6": 5981
    },
    "13122": {
        "0": 1,
        "1": 1,
        "2": 11,
        "3": 88,
        "4": 669,
        "5": 4985,
        "6": 19568
    },
    "13123": {
        "0": 1,
        "1": 1,
        "2": 1,
        "3": 1,
        "4": 11,
        "5": 89,
        "6": 743
    },
    "13124": {
        "0": 1,
        "1": 12,
        "2": 95,
        "3": 679,
        "4": 4759,
        "5": 22937,
        "6": 77387
    },
    "13125": {
        "0": 1,
        "1": 11,
        "2": 87,
        "3": 662,
        "4": 5026,
        "5": 20023,
        "6": 55464
    },
    "13126": {
        "0": 1,
        "1": 12,
        "2": 99,
        "3": 777,
        "4": 5965,
        "5": 27854,
        "6": 86606
    },
    "13127": {
        "0": 1,
        "1": 8,
        "2": 60,
        "3": 458,
        "4": 3547,
        "5": 8554,
        "6": 19732
    },
    "13128": {
        "0": 1,
        "1": 12,
        "2": 102,
        "3": 810,
        "4": 6294,
        "5": 29263,
        "6": 87957
    },
    "13129": {
        "0": 1,
        "1": 1,
        "2": 1,
        "3": 9,
        "4": 67,
        "5": 506,
        "6": 3878
    },
    "13130": {
        "0": 1,
        "1": 12,
        "2": 109,
        "3": 939,
        "4": 7885,
        "5": 35127,
        "6": 96951
    },
    "13131": {
        "0": 1,
        "1": 1,
        "2": 8,
        "3": 54,
        "4": 361,
        "5": 2370,
        "6": 7708
    },
    "13132": {
        "0": 1,
        "1": 1,
        "2": 11,
        "3": 78,
        "4": 528,
        "5": 3590,
        "6": 14032
    },
    "13133": {
        "0": 1,
        "1": 10,
        "2": 82,
        "3": 691,
        "4": 5738,
        "5": 17318,
        "6": 31197
    },
    "13134": {
        "0": 1,
        "1": 9,
        "2": 69,
        "3": 522,
        "4": 3945,
        "5": 12481,
        "6": 27203
    },
    "13135": {
        "0": 1,
        "1": 12,
        "2": 103,
        "3": 870,
        "4": 7290,
        "5": 30610,
        "6": 81873
    },
    "13136": {
        "0": 1,
        "1": 1,
        "2": 13,
        "3": 110,
        "4": 849,
        "5": 6323,
        "6": 28979
    },
    "13137": {
        "0": 1,
        "1": 12,
        "2": 104,
        "3": 865,
        "4": 7147,
        "5": 28783,
        "6": 79691
    },
    "13138": {
        "0": 1,
        "1": 10,
        "2": 76,
        "3": 576,
        "4": 4357,
        "5": 13903,
        "6": 30983
    },
    "13139": {
        "0": 1,
        "1": 1,
        "2": 1,
        "3": 9,
        "4": 80,
        "5": 710,
        "6": 6269
    },
    "13140": {
        "0": 1,
        "1": 1,
        "2": 10,
        "3": 67,
        "4": 459,
        "5": 3174,
        "6": 11834
    },
    "13141": {
        "0": 1,
        "1": 9,
        "2": 60,
        "3": 401,
        "4": 2699,
        "5": 8014,
        "6": 18137
    },
    "13142": {
        "0": 1,
        "1": 1,
        "2": 9,
        "3": 68,
        "4": 508,
        "5": 3793,
        "6": 9290
    },
    "13143": {
        "0": 1,
        "1": 11,
        "2": 91,
        "3": 722,
        "4": 5511,
        "5": 23653,
        "6": 70422
    },
    "13144": {
        "0": 1,
        "1": 11,
        "2": 94,
        "3": 799,
        "4": 6807,
        "5": 25658,
        "6": 66229
    },
    "13145": {
        "0": 1,
        "1": 10,
        "2": 85,
        "3": 714,
        "4": 5844,
        "5": 19262,
        "6": 41576
    },
    "13146": {
        "0": 1,
        "1": 1,
        "2": 10,
        "3": 88,
        "4": 755,
        "5": 6484,
        "6": 22836
    },
    "13147": {
        "0": 1,
        "1": 1,
        "2": 8,
        "3": 68,
        "4": 560,
        "5": 4535,
        "6": 8293
    },
    "13148": {
        "0": 1,
        "1": 1,
        "2": 1,
        "3": 13,
        "4": 111,
        "5": 892,
        "6": 7019
    },
    "13149": {
        "0": 1,
        "1": 1,
        "2": 1,
        "3": 10,
        "4": 76,
        "5": 580,
        "6": 4424
    },
    "13150": {
        "0": 1,
        "1": 1,
        "2": 12,
        "3": 102,
        "4": 848,
        "5": 6952,
        "6": 26832
    },
    "13151": {
        "0": 1,
        "1": 11,
        "2": 72,
        "3": 441,
        "4": 2730,
        "5": 12039,
        "6": 39206
    },
    "13152": {
        "0": 1,
        "1": 10,
        "2": 76,
        "3": 570,
        "4": 4277,
        "5": 12596,
        "6": 30004
    },
    "13153": {
        "0": 1,
        "1": 1,
        "2": 11,
        "3": 87,
        "4": 661,
        "5": 4880,
        "6": 18502
    },
    "13154": {
        "0": 1,
        "1": 1,
        "2": 9,
        "3": 67,
        "4": 509,
        "5": 3921,
        "6": 11445
    },
    "13155": {
        "0": 1,
        "1": 1,
        "2": 1,
        "3": 13,
        "4": 111,
        "5": 881,
        "6": 6746
    },
    "13156": {
        "0": 1,
        "1": 9,
        "2": 69,
        "3": 533,
        "4": 4130,
        "5": 12897,
        "6": 28424
    },
    "13157": {
        "0": 1,
        "1": 9,
        "2": 58,
        "3": 390,
        "4": 2684,
        "5": 8273,
        "6": 18782
    },
    "13158": {
        "0": 1,
        "1": 10,
        "2": 82,
        "3": 677,
        "4": 5489,
        "5": 16405,
        "6": 34963
    },
    "13159": {
        "0": 1,
        "1": 10,
        "2": 67,
        "3": 447,
        "4": 3057,
        "5": 10784,
        "6": 29679
    },
    "13160": {
        "0": 1,
        "1": 10,
        "2": 87,
        "3": 752,
        "4": 6411,
        "5": 23750,
        "6": 57720
    },
    "13161": {
        "0": 1,
        "1": 12,
        "2": 104,
        "3": 860,
        "4": 7039,
        "5": 27389,
        "6": 71540
    },
    "13162": {
        "0": 1,
        "1": 1,
        "2": 9,
        "3": 77,
        "4": 658,
        "5": 5497,
        "6": 17335
    },
    "13163": {
        "0": 1,
        "1": 1,
        "2": 9,
        "3": 78,
        "4": 664,
        "5": 5577,
        "6": 16505
    },
    "13164": {
        "0": 1,
        "1": 1,
        "2": 10,
        "3": 75,
        "4": 564,
        "5": 4319,
        "6": 14228
    },
    "13165": {
        "0": 1,
        "1": 10,
        "2": 76,
        "3": 557,
        "4": 4059,
        "5": 12283,
        "6": 29501
    },
    "13166": {
        "0": 1,
        "1": 1,
        "2": 1,
        "3": 1,
        "4": 11,
        "5": 94,
        "6": 806
    },
    "13167": {
        "0": 1,
        "1": 10,
        "2": 85,
        "3": 736,
        "4": 6311,
        "5": 23050,
        "6": 55844
    },
    "13168": {
        "0": 1,
        "1": 1,
        "2": 10,
        "3": 91,
        "4": 778,
        "5": 6454,
        "6": 24632
    },
    "13169": {
        "0": 1,
        "1": 1,
        "2": 1,
        "3": 1,
        "4": 11,
        "5": 87,
        "6": 662
    },
    "13170": {
        "0": 1,
        "1": 1,
        "2": 10,
        "3": 87,
        "4": 718,
        "5": 5849,
        "6": 28090
    },
    "13171": {
        "0": 1,
        "1": 11,
        "2": 99,
        "3": 855,
        "4": 7154,
        "5": 30602,
        "6": 85536
    },
    "13172": {
        "0": 1,
        "1": 10,
        "2": 76,
        "3": 552,
        "4": 3924,
        "5": 12279,
        "6": 28039
    },
    "13173": {
        "0": 1,
        "1": 1,
        "2": 1,
        "3": 10,
        "4": 81,
        "5": 659,
        "6": 5280
    },
    "13174": {
        "0": 1,
        "1": 1,
        "2": 13,
        "3": 112,
        "4": 936,
        "5": 7730,
        "6": 33222
    },
    "13175": {
        "0": 1,
        "1": 11,
        "2": 91,
        "3": 767,
        "4": 6523,
        "5": 22986,
        "6": 51064
    },
    "13176": {
        "0": 1,
        "1": 9,
        "2": 80,
        "3": 693,
        "4": 5949,
        "5": 20190,
        "6": 47085
    },
    "13177": {
        "0": 1,
        "1": 10,
        "2": 62,
        "3": 385,
        "4": 2372,
        "5": 9619,
        "6": 30393
    },
    "13178": {
        "0": 1,
        "1": 1,
        "2": 1,
        "3": 1,
        "4": 1,
        "5": 12,
        "6": 93
    },
    "13179": {
        "0": 1,
        "1": 10,
        "2": 77,
        "3": 584,
        "4": 4380,
        "5": 15441,
        "6": 41086
    },
    "13180": {
        "0": 1,
        "1": 1,
        "2": 9,
        "3": 59,
        "4": 382,
        "5": 2451,
        "6": 6670
    },
    "13181": {
        "0": 1,
        "1": 9,
        "2": 79,
        "3": 691,
        "4": 6019,
        "5": 19609,
        "6": 45858
    },
    "13182": {
        "0": 1,
        "1": 1,
        "2": 10,
        "3": 83,
        "4": 686,
        "5": 5696,
        "6": 15098
    },
    "13183": {
        "0": 1,
        "1": 10,
        "2": 78,
        "3": 608,
        "4": 4686,
        "5": 16684,
        "6": 38904
    },
    "13184": {
        "0": 1,
        "1": 1,
        "2": 10,
        "3": 69,
        "4": 445,
        "5": 2846,
        "6": 9112
    },
    "13185": {
        "0": 1,
        "1": 1,
        "2": 11,
        "3": 73,
        "4": 443,
        "5": 2650,
        "6": 11130
    },
    "13186": {
        "0": 1,
        "1": 9,
        "2": 68,
        "3": 519,
        "4": 3921,
        "5": 11570,
        "6": 24178
    },
    "13187": {
        "0": 1,
        "1": 1,
        "2": 10,
        "3": 82,
        "4": 681,
        "5": 5605,
        "6": 15673
    },
    "13188": {
        "0": 1,
        "1": 10,
        "2": 87,
        "3": 748,
        "4": 6299,
        "5": 22066,
        "6": 51744
    },
    "13189": {
        "0": 1,
        "1": 9,
        "2": 78,
        "3": 651,
        "4": 5266,
        "5": 16319,
        "6": 34187
    },
    "13190": {
        "0": 1,
        "1": 9,
        "2": 68,
        "3": 517,
        "4": 3967,
        "5": 11619,
        "6": 26528
    },
    "13191": {
        "0": 1,
        "1": 9,
        "2": 76,
        "3": 647,
        "4": 5539,
        "5": 14843,
        "6": 27006
    },
    "13192": {
        "0": 1,
        "1": 1,
        "2": 1,
        "3": 11,
        "4": 90,
        "5": 731,
        "6": 5940
    },
    "13193": {
        "0": 1,
        "1": 1,
        "2": 12,
        "3": 94,
        "4": 695,
        "5": 5150,
        "6": 19440
    },
    "13194": {
        "0": 1,
        "1": 11,
        "2": 85,
        "3": 629,
        "4": 4645,
        "5": 16908,
        "6": 46046
    },
    "13195": {
        "0": 1,
        "1": 1,
        "2": 8,
        "3": 50,
        "4": 310,
        "5": 1973,
        "6": 2473
    },
    "13196": {
        "0": 1,
        "1": 10,
        "2": 82,
        "3": 685,
        "4": 5757,
        "5": 15924,
        "6": 27157
    },
    "13197": {
        "0": 1,
        "1": 1,
        "2": 11,
        "3": 94,
        "4": 791,
        "5": 6533,
        "6": 25430
    },
    "13198": {
        "0": 1,
        "1": 1,
        "2": 10,
        "3": 68,
        "4": 437,
        "5": 2849,
        "6": 8460
    },
    "13199": {
        "0": 1,
        "1": 13,
        "2": 111,
        "3": 885,
        "4": 6948,
        "5": 34976,
        "6": 116127
    }
}