{
    "18400": {
        "0": 1,
        "1": 10,
        "2": 79,
        "3": 604,
        "4": 4514,
        "5": 16444,
        "6": 39349
    },
    "18401": {
        "0": 1,
        "1": 1,
        "2": 1,
        "3": 1,
        "4": 1,
        "5": 1,
        "6": 9
    },
    "18402": {
        "0": 1,
        "1": 11,
        "2": 75,
        "3": 471,
        "4": 2950,
        "5": 10687,
        "6": 27432
    },
    "18403": {
        "0": 1,
        "1": 1,
        "2": 12,
        "3": 93,
        "4": 675,
        "5": 4890,
        "6": 19628
    },
    "18404": {
        "0": 1,
        "1": 9,
        "2": 77,
        "3": 667,
        "4": 5708,
        "5": 18204,
        "6": 42916
    },
    "18405": {
        "0": 1,
        "1": 11,
        "2": 79,
        "3": 529,
        "4": 3584,
        "5": 14128,
        "6": 41099
    },
    "18406": {
        "0": 1,
        "1": 12,
        "2": 73,
        "3": 400,
        "4": 2301,
        "5": 8568,
        "6": 26108
    },
    "18407": {
        "0": 1,
        "1": 1,
        "2": 10,
        "3": 77,
        "4": 566,
        "5": 4118,
        "6": 12634
    },
    "18408": {
        "0": 1,
        "1": 1,
        "2": 1,
        "3": 13,
        "4": 114,
        "5": 956,
        "6": 7899
    },
    "18409": {
        "0": 1,
        "1": 9,
        "2": 67,
        "3": 496,
        "4": 3634,
        "5": 9337,
        "6": 18077
    },
    "18410": {
        "0": 1,
        "1": 9,
        "2": 79,
        "3": 678,
        "4": 5806,
        "5": 19338,
        "6": 42200
    },
    "18411": {
        "0": 1,
        "1": 11,
        "2": 94,
        "3": 799,
        "4": 6690,
        "5": 25498,
        "6": 62878
    },
    "18412": {
        "0": 1,
        "1": 1,
        "2": 11,
        "3": 85,
        "4": 652,
        "5": 5011,
        "6": 19362
    },
    "18413": {
        "0": 1,
        "1": 1,
        "2": 1,
        "3": 10,
        "4": 81,
        "5": 628,
        "6": 4829
    },
    "18414": {
        "0": 1,
        "1": 11,
        "2": 81,
        "3": 559,
        "4": 3800,
        "5": 15689,
        "6": 45343
    },
    "18415": {
        "0": 1,
        "1": 12,
        "2": 103,
        "3": 867,
        "4": 7300,
        "5": 29040,
        "6": 67671
    },
    "18416": {
        "0": 1,
        "1": 11,
        "2": 67,
        "3": 393,
        "4": 2387,
        "5": 9730,
        "6": 29019
    },
    "18417": {
        "0": 1,
        "1": 10,
        "2": 78,
        "3": 580,
        "4": 4263,
        "5": 13998,
        "6": 37093
    },
    "18418": {
        "0": 1,
        "1": 9,
        "2": 67,
        "3": 505,
        "4": 3830,
        "5": 10190,
        "6": 19014
    },
    "18419": {
        "0": 1,
        "1": 1,
        "2": 10,
        "3": 84,
        "4": 697,
        "5": 5662,
        "6": 17869
    },
    "18420": {
        "0": 1,
        "1": 8,
        "2": 60,
        "3": 440,
        "4": 3221,
        "5": 6285,
        "6": 11088
    },
    "18421": {
        "0": 1,
        "1": 12,
        "2": 96,
        "3": 720,
        "4": 5363,
        "5": 20946,
        "6": 54492
    },
    "18422": {
        "0": 1,
        "1": 1,
        "2": 1,
        "3": 1,
        "4": 1,
        "5": 10,
        "6": 78
    },
    "18423": {
        "0": 1,
        "1": 1,
        "2": 1,
        "3": 1,
        "4": 12,
        "5": 94,
        "6": 686
    },
    "18424": {
        "0": 1,
        "1": 10,
        "2": 77,
        "3": 589,
        "4": 4514,
        "5": 15666,
        "6": 39246
    },
    "18425": {
        "0": 1,
        "1": 10,
        "2": 85,
        "3": 714,
        "4": 5881,
        "5": 20087,
        "6": 47136
    },
    "18426": {
        "0": 1,
        "1": 11,
        "2": 92,
        "3": 772,
        "4": 6491,
        "5": 22127,
        "6": 50945
    },
    "18427": {
        "0": 1,
        "1": 1,
        "2": 14,
        "3": 132,
        "4": 1133,
        "5": 9306,
        "6": 47273
    },
    "18428": {
        "0": 1,
        "1": 12,
        "2": 97,
        "3": 735,
        "4": 5540,
        "5": 22834,
        "6": 63542
    },
    "18429": {
        "0": 1,
        "1": 11,
        "2": 84,
        "3": 615,
        "4": 4477,
        "5": 15100,
        "6": 35845
    },
    "18430": {
        "0": 1,
        "1": 10,
        "2": 83,
        "3": 675,
        "4": 5376,
        "5": 24301,
        "6": 72467
    },
    "18431": {
        "0": 1,
        "1": 10,
        "2": 77,
        "3": 601,
        "4": 4702,
        "5": 17690,
        "6": 40766
    },
    "18432": {
        "0": 1,
        "1": 1,
        "2": 1,
        "3": 12,
        "4": 105,
        "5": 880,
        "6": 7255
    },
    "18433": {
        "0": 1,
        "1": 1,
        "2": 9,
        "3": 62,
        "4": 432,
        "5": 3027,
        "6": 10886
    },
    "18434": {
        "0": 1,
        "1": 1,
        "2": 10,
        "3": 78,
        "4": 599,
        "5": 4637,
        "6": 16578
    },
    "18435": {
        "0": 1,
        "1": 8,
        "2": 71,
        "3": 611,
        "4": 5180,
        "5": 15621,
        "6": 32887
    },
    "18436": {
        "0": 1,
        "1": 9,
        "2": 65,
        "3": 477,
        "4": 3507,
        "5": 8537,
        "6": 17103
    },
    "18437": {
        "0": 1,
        "1": 10,
        "2": 84,
        "3": 702,
        "4": 5721,
        "5": 18203,
        "6": 36645
    },
    "18438": {
        "0": 1,
        "1": 12,
        "2": 99,
        "3": 831,
        "4": 7018,
        "5": 26738,
        "6": 60248
    },
    "18439": {
        "0": 1,
        "1": 10,
        "2": 77,
        "3": 585,
        "4": 4446,
        "5": 14703,
        "6": 36132
    },
    "18440": {
        "0": 1,
        "1": 1,
        "2": 10,
        "3": 83,
        "4": 685,
        "5": 5616,
        "6": 15873
    },
    "18441": {
        "0": 1,
        "1": 8,
        "2": 68,
        "3": 569,
        "4": 4711,
        "5": 8725,
        "6": 13257
    },
    "18442": {
        "0": 1,
        "1": 1,
        "2": 10,
        "3": 72,
        "4": 498,
        "5": 3500,
        "6": 14461
    },
    "18443": {
        "0": 1,
        "1": 1,
        "2": 9,
        "3": 69,
        "4": 526,
        "5": 3987,
        "6": 11012
    },
    "18444": {
        "0": 1,
        "1": 11,
        "2": 68,
        "3": 376,
        "4": 2110,
        "5": 7105,
        "6": 19900
    },
    "18445": {
        "0": 1,
        "1": 1,
        "2": 10,
        "3": 79,
        "4": 609,
        "5": 4711,
        "6": 17318
    },
    "18446": {
        "0": 1,
        "1": 9,
        "2": 74,
        "3": 589,
        "4": 4556,
        "5": 9387,
        "6": 15658
    },
    "18447": {
        "0": 1,
        "1": 11,
        "2": 87,
        "3": 652,
        "4": 4818,
        "5": 18131,
        "6": 43072
    },
    "18448": {
        "0": 1,
        "1": 1,
        "2": 10,
        "3": 78,
        "4": 614,
        "5": 4868,
        "6": 19416
    },
    "18449": {
        "0": 1,
        "1": 1,
        "2": 1,
        "3": 11,
        "4": 86,
        "5": 642,
        "6": 4775
    },
    "18450": {
        "0": 1,
        "1": 1,
        "2": 1,
        "3": 1,
        "4": 1,
        "5": 1,
        "6": 9
    },
    "18451": {
        "0": 1,
        "1": 1,
        "2": 1,
        "3": 1,
        "4": 10,
        "5": 77,
        "6": 576
    },
    "18452": {
        "0": 1,
        "1": 9,
        "2": 74,
        "3": 623,
        "4": 5278,
        "5": 11805,
        "6": 18653
    },
    "18453": {
        "0": 1,
        "1": 8,
        "2": 68,
        "3": 561,
        "4": 4529,
        "5": 10570,
        "6": 19439
    },
    "18454": {
        "0": 1,
        "1": 10,
        "2": 78,
        "3": 605,
        "4": 4664,
        "5": 18534,
        "6": 44776
    },
    "18455": {
        "0": 1,
        "1": 1,
        "2": 8,
        "3": 62,
        "4": 472,
        "5": 3547,
        "6": 7485
    },
    "18456": {
        "0": 1,
        "1": 10,
        "2": 78,
        "3": 591,
        "4": 4537,
        "5": 15859,
        "6": 35194
    },
    "18457": {
        "0": 1,
        "1": 11,
        "2": 87,
        "3": 645,
        "4": 4675,
        "5": 16241,
        "6": 42678
    },
    "18458": {
        "0": 1,
        "1": 1,
        "2": 1,
        "3": 9,
        "4": 60,
        "5": 395,
        "6": 2637
    },
    "18459": {
        "0": 1,
        "1": 12,
        "2": 81,
        "3": 521,
        "4": 3371,
        "5": 11645,
        "6": 21173
    },
    "18460": {
        "0": 1,
        "1": 1,
        "2": 9,
        "3": 76,
        "4": 653,
        "5": 5612,
        "6": 15631
    },
    "18461": {
        "0": 1,
        "1": 1,
        "2": 1,
        "3": 13,
        "4": 113,
        "5": 937,
        "6": 7778
    },
    "18462": {
        "0": 1,
        "1": 1,
        "2": 9,
        "3": 68,
        "4": 512,
        "5": 3833,
        "6": 11341
    },
    "18463": {
        "0": 1,
        "1": 10,
        "2": 75,
        "3": 582,
        "4": 4577,
        "5": 16986,
        "6": 43016
    },
    "18464": {
        "0": 1,
        "1": 1,
        "2": 10,
        "3": 80,
        "4": 642,
        "5": 5078,
        "6": 12306
    },
    "18465": {
        "0": 1,
        "1": 1,
        "2": 10,
        "3": 69,
        "4": 474,
        "5": 3274,
        "6": 12306
    },
    "18466": {
        "0": 1,
        "1": 1,
        "2": 1,
        "3": 12,
        "4": 99,
        "5": 806,
        "6": 6566
    },
    "18467": {
        "0": 1,
        "1": 1,
        "2": 11,
        "3": 91,
        "4": 748,
        "5": 6005,
        "6": 19676
    },
    "18468": {
        "0": 1,
        "1": 10,
        "2": 72,
        "3": 510,
        "4": 3592,
        "5": 14904,
        "6": 43537
    },
    "18469": {
        "0": 1,
        "1": 1,
        "2": 11,
        "3": 85,
        "4": 619,
        "5": 4362,
        "6": 14715
    },
    "18470": {
        "0": 1,
        "1": 11,
        "2": 89,
        "3": 735,
        "4": 6012,
        "5": 18909,
        "6": 40113
    },
    "18471": {
        "0": 1,
        "1": 12,
        "2": 102,
        "3": 867,
        "4": 7390,
        "5": 30035,
        "6": 76228
    },
    "18472": {
        "0": 1,
        "1": 1,
        "2": 1,
        "3": 12,
        "4": 95,
        "5": 719,
        "6": 5498
    },
    "18473": {
        "0": 1,
        "1": 10,
        "2": 79,
        "3": 623,
        "4": 4883,
        "5": 19200,
        "6": 47827
    },
    "18474": {
        "0": 1,
        "1": 1,
        "2": 10,
        "3": 70,
        "4": 506,
        "5": 3663,
        "6": 16009
    },
    "18475": {
        "0": 1,
        "1": 9,
        "2": 60,
        "3": 410,
        "4": 2754,
        "5": 8236,
        "6": 19141
    },
    "18476": {
        "0": 1,
        "1": 1,
        "2": 13,
        "3": 94,
        "4": 571,
        "5": 3476,
        "6": 12514
    },
    "18477": {
        "0": 1,
        "1": 11,
        "2": 85,
        "3": 633,
        "4": 4748,
        "5": 16703,
        "6": 41908
    },
    "18478": {
        "0": 1,
        "1": 9,
        "2": 48,
        "3": 263,
        "4": 1482,
        "5": 3611,
        "6": 8204
    },
    "18479": {
        "0": 1,
        "1": 1,
        "2": 10,
        "3": 78,
        "4": 567,
        "5": 4060,
        "6": 11679
    },
    "18480": {
        "0": 1,
        "1": 11,
        "2": 93,
        "3": 775,
        "4": 6370,
        "5": 24235,
        "6": 62800
    },
    "18481": {
        "0": 1,
        "1": 10,
        "2": 85,
        "3": 722,
        "4": 6099,
        "5": 21079,
        "6": 49837
    },
    "18482": {
        "0": 1,
        "1": 1,
        "2": 1,
        "3": 10,
        "4": 69,
        "5": 453,
        "6": 2966
    },
    "18483": {
        "0": 1,
        "1": 1,
        "2": 1,
        "3": 11,
        "4": 86,
        "5": 658,
        "6": 5041
    },
    "18484": {
        "0": 1,
        "1": 1,
        "2": 1,
        "3": 11,
        "4": 86,
        "5": 662,
        "6": 5110
    },
    "18485": {
        "0": 1,
        "1": 1,
        "2": 11,
        "3": 82,
        "4": 607,
        "5": 4541,
        "6": 15092
    },
    "18486": {
        "0": 1,
        "1": 12,
        "2": 100,
        "3": 780,
        "4": 5928,
        "5": 25879,
        "6": 76720
    },
    "18487": {
        "0": 1,
        "1": 10,
        "2": 83,
        "3": 708,
        "4": 6022,
        "5": 18403,
        "6": 37325
    },
    "18488": {
        "0": 1,
        "1": 9,
        "2": 80,
        "3": 690,
        "4": 5868,
        "5": 19236,
        "6": 43707
    },
    "18489": {
        "0": 1,
        "1": 1,
        "2": 12,
        "3": 104,
        "4": 821,
        "5": 6287,
        "6": 30105
    },
    "18490": {
        "0": 1,
        "1": 1,
        "2": 10,
        "3": 86,
        "4": 758,
        "5": 6581,
        "6": 24162
    },
    "18491": {
        "0": 1,
        "1": 1,
        "2": 1,
        "3": 1,
        "4": 1,
        "5": 9,
        "6": 67
    },
    "18492": {
        "0": 1,
        "1": 10,
        "2": 86,
        "3": 735,
        "4": 6242,
        "5": 22330,
        "6": 52681
    },
    "18493": {
        "0": 1,
        "1": 10,
        "2": 89,
        "3": 766,
        "4": 6483,
        "5": 24034,
        "6": 58125
    },
    "18494": {
        "0": 1,
        "1": 1,
        "2": 8,
        "3": 54,
        "4": 363,
        "5": 2467,
        "6": 6543
    },
    "18495": {
        "0": 1,
        "1": 1,
        "2": 9,
        "3": 66,
        "4": 483,
        "5": 3518,
        "6": 8254
    },
    "18496": {
        "0": 1,
        "1": 1,
        "2": 1,
        "3": 12,
        "4": 88,
        "5": 552,
        "6": 3329
    },
    "18497": {
        "0": 1,
        "1": 10,
        "2": 88,
        "3": 765,
        "4": 6536,
        "5": 25137,
        "6": 63672
    },
    "18498": {
        "0": 1,
        "1": 10,
        "2": 82,
        "3": 707,
        "4": 6161,
        "5": 21022,
        "6": 52820
    },
    "18499": {
        "0": 1,
        "1": 9,
        "2": 67,
        "3": 506,
        "4": 3840,
        "5": 10208,
        "6": 18627
    }
}