{
    "8700": {
        "0": 1,
        "1": 1,
        "2": 1,
        "3": 1,
        "4": 12,
        "5": 105,
        "6": 894
    },
    "8701": {
        "0": 1,
        "1": 11,
        "2": 85,
        "3": 627,
        "4": 4521,
        "5": 14945,
        "6": 35410
    },
    "8702": {
        "0": 1,
        "1": 1,
        "2": 1,
        "3": 10,
        "4": 77,
        "5": 577,
        "6": 4275
    },
    "8703": {
        "0": 1,
        "1": 1,
        "2": 1,
        "3": 9,
        "4": 70,
        "5": 511,
        "6": 3658
    },
    "8704": {
        "0": 1,
        "1": 9,
        "2": 81,
        "3": 695,
        "4": 5793,
        "5": 19508,
        "6": 47471
    },
    "8705": {
        "0": 1,
        "1": 1,
        "2": 9,
        "3": 68,
        "4": 514,
        "5": 3868,
        "6": 11668
    },
    "8706": {
        "0": 1,
        "1": 1,
        "2": 9,
        "3": 78,
        "4": 688,
        "5": 5967,
        "6": 20898
    },
    "8707": {
        "0": 1,
        "1": 12,
        "2": 105,
        "3": 880,
        "4": 7377,
        "5": 29805,
        "6": 74897
    },
    "8708": {
        "0": 1,
        "1": 9,
        "2": 74,
        "3": 613,
        "4": 5033,
        "5": 10974,
        "6": 17087
    },
    "8709": {
        "0": 1,
        "1": 13,
        "2": 102,
        "3": 722,
        "4": 5124,
        "5": 19515,
        "6": 54813
    },
    "8710": {
        "0": 1,
        "1": 14,
        "2": 125,
        "3": 1062,
        "4": 9016,
        "5": 43593,
        "6": 125696
    },
    "8711": {
        "0": 1,
        "1": 1,
        "2": 1,
        "3": 11,
        "4": 90,
        "5": 759,
        "6": 6428
    },
    "8712": {
        "0": 1,
        "1": 11,
        "2": 86,
        "3": 642,
        "4": 4771,
        "5": 16329,
        "6": 37877
    },
    "8713": {
        "0": 1,
        "1": 10,
        "2": 76,
        "3": 569,
        "4": 4243,
        "5": 14172,
        "6": 38878
    },
    "8714": {
        "0": 1,
        "1": 1,
        "2": 1,
        "3": 11,
        "4": 93,
        "5": 765,
        "6": 6117
    },
    "8715": {
        "0": 1,
        "1": 9,
        "2": 71,
        "3": 561,
        "4": 4394,
        "5": 14979,
        "6": 33246
    },
    "8716": {
        "0": 1,
        "1": 1,
        "2": 11,
        "3": 89,
        "4": 685,
        "5": 5193,
        "6": 21711
    },
    "8717": {
        "0": 1,
        "1": 1,
        "2": 13,
        "3": 94,
        "4": 609,
        "5": 3987,
        "6": 16201
    },
    "8718": {
        "0": 1,
        "1": 1,
        "2": 1,
        "3": 1,
        "4": 10,
        "5": 86,
        "6": 719
    },
    "8719": {
        "0": 1,
        "1": 1,
        "2": 1,
        "3": 10,
        "4": 69,
        "5": 462,
        "6": 3118
    },
    "8720": {
        "0": 1,
        "1": 11,
        "2": 95,
        "3": 799,
        "4": 6683,
        "5": 25586,
        "6": 71082
    },
    "8721": {
        "0": 1,
        "1": 10,
        "2": 79,
        "3": 605,
        "4": 4604,
        "5": 15756,
        "6": 38428
    },
    "8722": {
        "0": 1,
        "1": 10,
        "2": 87,
        "3": 757,
        "4": 6600,
        "5": 24341,
        "6": 59404
    },
    "8723": {
        "0": 1,
        "1": 1,
        "2": 14,
        "3": 126,
        "4": 1043,
        "5": 8498,
        "6": 38931
    },
    "8724": {
        "0": 1,
        "1": 10,
        "2": 76,
        "3": 555,
        "4": 4033,
        "5": 12037,
        "6": 29019
    },
    "8725": {
        "0": 1,
        "1": 8,
        "2": 61,
        "3": 461,
        "4": 3470,
        "5": 8744,
        "6": 15268
    },
    "8726": {
        "0": 1,
        "1": 11,
        "2": 94,
        "3": 792,
        "4": 6694,
        "5": 24542,
        "6": 58588
    },
    "8727": {
        "0": 1,
        "1": 1,
        "2": 1,
        "3": 12,
        "4": 100,
        "5": 827,
        "6": 6866
    },
    "8728": {
        "0": 1,
        "1": 1,
        "2": 10,
        "3": 84,
        "4": 730,
        "5": 6307,
        "6": 21875
    },
    "8729": {
        "0": 1,
        "1": 1,
        "2": 1,
        "3": 1,
        "4": 1,
        "5": 9,
        "6": 70
    },
    "8730": {
        "0": 1,
        "1": 1,
        "2": 10,
        "3": 86,
        "4": 723,
        "5": 5992,
        "6": 19020
    },
    "8731": {
        "0": 1,
        "1": 12,
        "2": 104,
        "3": 875,
        "4": 7159,
        "5": 29839,
        "6": 82864
    },
    "8732": {
        "0": 1,
        "1": 10,
        "2": 79,
        "3": 588,
        "4": 4312,
        "5": 15862,
        "6": 42103
    },
    "8733": {
        "0": 1,
        "1": 1,
        "2": 11,
        "3": 93,
        "4": 771,
        "5": 6340,
        "6": 21796
    },
    "8734": {
        "0": 1,
        "1": 10,
        "2": 85,
        "3": 717,
        "4": 6001,
        "5": 17639,
        "6": 33131
    },
    "8735": {
        "0": 1,
        "1": 1,
        "2": 1,
        "3": 11,
        "4": 72,
        "5": 439,
        "6": 2778
    },
    "8736": {
        "0": 1,
        "1": 1,
        "2": 11,
        "3": 95,
        "4": 773,
        "5": 6084,
        "6": 21613
    },
    "8737": {
        "0": 1,
        "1": 1,
        "2": 11,
        "3": 95,
        "4": 816,
        "5": 6886,
        "6": 27559
    },
    "8738": {
        "0": 1,
        "1": 10,
        "2": 88,
        "3": 757,
        "4": 6382,
        "5": 23140,
        "6": 55211
    },
    "8739": {
        "0": 1,
        "1": 1,
        "2": 11,
        "3": 80,
        "4": 528,
        "5": 3440,
        "6": 13329
    },
    "8740": {
        "0": 1,
        "1": 11,
        "2": 87,
        "3": 636,
        "4": 4571,
        "5": 15449,
        "6": 39289
    },
    "8741": {
        "0": 1,
        "1": 8,
        "2": 54,
        "3": 362,
        "4": 2399,
        "5": 6887,
        "6": 14190
    },
    "8742": {
        "0": 1,
        "1": 8,
        "2": 67,
        "3": 564,
        "4": 4757,
        "5": 7684,
        "6": 8773
    },
    "8743": {
        "0": 1,
        "1": 1,
        "2": 1,
        "3": 1,
        "4": 11,
        "5": 93,
        "6": 791
    },
    "8744": {
        "0": 1,
        "1": 1,
        "2": 1,
        "3": 10,
        "4": 76,
        "5": 578,
        "6": 4350
    },
    "8745": {
        "0": 1,
        "1": 1,
        "2": 11,
        "3": 91,
        "4": 719,
        "5": 5566,
        "6": 23706
    },
    "8746": {
        "0": 1,
        "1": 1,
        "2": 8,
        "3": 71,
        "4": 607,
        "5": 5125,
        "6": 12747
    },
    "8747": {
        "0": 1,
        "1": 1,
        "2": 9,
        "3": 67,
        "4": 507,
        "5": 3845,
        "6": 10236
    },
    "8748": {
        "0": 1,
        "1": 9,
        "2": 69,
        "3": 540,
        "4": 4222,
        "5": 14013,
        "6": 30667
    },
    "8749": {
        "0": 1,
        "1": 1,
        "2": 11,
        "3": 92,
        "4": 751,
        "5": 5982,
        "6": 19020
    },
    "8750": {
        "0": 1,
        "1": 1,
        "2": 1,
        "3": 1,
        "4": 1,
        "5": 11,
        "6": 78
    },
    "8751": {
        "0": 1,
        "1": 1,
        "2": 10,
        "3": 87,
        "4": 756,
        "5": 6483,
        "6": 22507
    },
    "8752": {
        "0": 1,
        "1": 10,
        "2": 85,
        "3": 686,
        "4": 5466,
        "5": 15582,
        "6": 35845
    },
    "8753": {
        "0": 1,
        "1": 1,
        "2": 10,
        "3": 86,
        "4": 739,
        "5": 6316,
        "6": 21292
    },
    "8754": {
        "0": 1,
        "1": 1,
        "2": 1,
        "3": 11,
        "4": 85,
        "5": 632,
        "6": 4691
    },
    "8755": {
        "0": 1,
        "1": 9,
        "2": 61,
        "3": 408,
        "4": 2717,
        "5": 8976,
        "6": 21840
    },
    "8756": {
        "0": 1,
        "1": 1,
        "2": 8,
        "3": 72,
        "4": 636,
        "5": 5537,
        "6": 17484
    },
    "8757": {
        "0": 1,
        "1": 11,
        "2": 85,
        "3": 620,
        "4": 4435,
        "5": 14450,
        "6": 36535
    },
    "8758": {
        "0": 1,
        "1": 11,
        "2": 91,
        "3": 754,
        "4": 6285,
        "5": 19837,
        "6": 44465
    },
    "8759": {
        "0": 1,
        "1": 1,
        "2": 1,
        "3": 1,
        "4": 1,
        "5": 11,
        "6": 81
    },
    "8760": {
        "0": 1,
        "1": 1,
        "2": 1,
        "3": 1,
        "4": 1,
        "5": 1,
        "6": 10
    },
    "8761": {
        "0": 1,
        "1": 1,
        "2": 9,
        "3": 79,
        "4": 689,
        "5": 5946,
        "6": 20502
    },
    "8762": {
        "0": 1,
        "1": 1,
        "2": 9,
        "3": 64,
        "4": 451,
        "5": 3087,
        "6": 11831
    },
    "8763": {
        "0": 1,
        "1": 1,
        "2": 1,
        "3": 9,
        "4": 69,
        "5": 532,
        "6": 4103
    },
    "8764": {
        "0": 1,
        "1": 1,
        "2": 9,
        "3": 75,
        "4": 639,
        "5": 5456,
        "6": 13922
    },
    "8765": {
        "0": 1,
        "1": 1,
        "2": 1,
        "3": 1,
        "4": 9,
        "5": 69,
        "6": 533
    },
    "8766": {
        "0": 1,
        "1": 1,
        "2": 1,
        "3": 1,
        "4": 11,
        "5": 91,
        "6": 746
    },
    "8767": {
        "0": 1,
        "1": 9,
        "2": 72,
        "3": 554,
        "4": 4258,
        "5": 13716,
        "6": 29290
    },
    "8768": {
        "0": 1,
        "1": 10,
        "2": 88,
        "3": 766,
        "4": 6564,
        "5": 25598,
        "6": 65025
    },
    "8769": {
        "0": 1,
        "1": 10,
        "2": 82,
        "3": 682,
        "4": 5638,
        "5": 16225,
        "6": 32192
    },
    "8770": {
        "0": 1,
        "1": 1,
        "2": 13,
        "3": 105,
        "4": 796,
        "5": 6097,
        "6": 27730
    },
    "8771": {
        "0": 1,
        "1": 12,
        "2": 102,
        "3": 866,
        "4": 7257,
        "5": 30134,
        "6": 79793
    },
    "8772": {
        "0": 1,
        "1": 9,
        "2": 62,
        "3": 412,
        "4": 2754,
        "5": 8366,
        "6": 20540
    },
    "8773": {
        "0": 1,
        "1": 12,
        "2": 91,
        "3": 666,
        "4": 4856,
        "5": 17969,
        "6": 42544
    },
    "8774": {
        "0": 1,
        "1": 1,
        "2": 1,
        "3": 1,
        "4": 11,
        "5": 92,
        "6": 741
    },
    "8775": {
        "0": 1,
        "1": 1,
        "2": 1,
        "3": 9,
        "4": 81,
        "5": 702,
        "6": 5952
    },
    "8776": {
        "0": 1,
        "1": 12,
        "2": 106,
        "3": 909,
        "4": 7647,
        "5": 33726,
        "6": 96825
    },
    "8777": {
        "0": 1,
        "1": 1,
        "2": 12,
        "3": 102,
        "4": 801,
        "5": 6132,
        "6": 27626
    },
    "8778": {
        "0": 1,
        "1": 11,
        "2": 98,
        "3": 857,
        "4": 7391,
        "5": 32662,
        "6": 95053
    },
    "8779": {
        "0": 1,
        "1": 1,
        "2": 11,
        "3": 86,
        "4": 665,
        "5": 5112,
        "6": 19797
    },
    "8780": {
        "0": 1,
        "1": 10,
        "2": 77,
        "3": 607,
        "4": 4732,
        "5": 17513,
        "6": 41421
    },
    "8781": {
        "0": 1,
        "1": 10,
        "2": 79,
        "3": 600,
        "4": 4555,
        "5": 15415,
        "6": 36834
    },
    "8782": {
        "0": 1,
        "1": 9,
        "2": 69,
        "3": 515,
        "4": 3778,
        "5": 13648,
        "6": 38120
    },
    "8783": {
        "0": 1,
        "1": 1,
        "2": 1,
        "3": 12,
        "4": 98,
        "5": 747,
        "6": 5521
    },
    "8784": {
        "0": 1,
        "1": 1,
        "2": 1,
        "3": 1,
        "4": 12,
        "5": 100,
        "6": 752
    },
    "8785": {
        "0": 1,
        "1": 11,
        "2": 92,
        "3": 766,
        "4": 6455,
        "5": 22203,
        "6": 51998
    },
    "8786": {
        "0": 1,
        "1": 1,
        "2": 11,
        "3": 92,
        "4": 772,
        "5": 6424,
        "6": 22971
    },
    "8787": {
        "0": 1,
        "1": 1,
        "2": 9,
        "3": 78,
        "4": 665,
        "5": 5624,
        "6": 17049
    },
    "8788": {
        "0": 1,
        "1": 8,
        "2": 69,
        "3": 586,
        "4": 4938,
        "5": 11303,
        "6": 21381
    },
    "8789": {
        "0": 1,
        "1": 1,
        "2": 1,
        "3": 9,
        "4": 76,
        "5": 642,
        "6": 5380
    },
    "8790": {
        "0": 1,
        "1": 1,
        "2": 9,
        "3": 75,
        "4": 630,
        "5": 5251,
        "6": 13543
    },
    "8791": {
        "0": 1,
        "1": 1,
        "2": 1,
        "3": 9,
        "4": 65,
        "5": 476,
        "6": 3490
    },
    "8792": {
        "0": 1,
        "1": 9,
        "2": 79,
        "3": 685,
        "4": 5879,
        "5": 19591,
        "6": 41123
    },
    "8793": {
        "0": 1,
        "1": 1,
        "2": 10,
        "3": 76,
        "4": 571,
        "5": 4261,
        "6": 14641
    },
    "8794": {
        "0": 1,
        "1": 1,
        "2": 12,
        "3": 106,
        "4": 916,
        "5": 7615,
        "6": 34185
    },
    "8795": {
        "0": 1,
        "1": 9,
        "2": 75,
        "3": 624,
        "4": 5180,
        "5": 12692,
        "6": 22631
    },
    "8796": {
        "0": 1,
        "1": 9,
        "2": 78,
        "3": 667,
        "4": 5493,
        "5": 18817,
        "6": 46220
    },
    "8797": {
        "0": 1,
        "1": 1,
        "2": 9,
        "3": 79,
        "4": 679,
        "5": 5669,
        "6": 18645
    },
    "8798": {
        "0": 1,
        "1": 1,
        "2": 12,
        "3": 97,
        "4": 747,
        "5": 5684,
        "6": 24046
    },
    "8799": {
        "0": 1,
        "1": 1,
        "2": 10,
        "3": 72,
        "4": 496,
        "5": 3388,
        "6": 13965
    }
}