{
    "19000": {
        "0": 1,
        "1": 9,
        "2": 76,
        "3": 642,
        "4": 5345,
        "5": 14078,
        "6": 26077
    },
    "19001": {
        "0": 1,
        "1": 1,
        "2": 12,
        "3": 105,
        "4": 870,
        "5": 6959,
        "6": 27049
    },
    "19002": {
        "0": 1,
        "1": 1,
        "2": 11,
        "3": 99,
        "4": 830,
        "5": 6692,
        "6": 25109
    },
    "19003": {
        "0": 1,
        "1": 8,
        "2": 68,
        "3": 584,
        "4": 5005,
        "5": 10448,
        "6": 17809
    },
    "19004": {
        "0": 1,
        "1": 9,
        "2": 67,
        "3": 485,
        "4": 3513,
        "5": 6589,
        "6": 12758
    },
    "19005": {
        "0": 1,
        "1": 9,
        "2": 83,
        "3": 719,
        "4": 6026,
        "5": 21423,
        "6": 48798
    },
    "19006": {
        "0": 1,
        "1": 1,
        "2": 1,
        "3": 1,
        "4": 11,
        "5": 86,
        "6": 662
    },
    "19007": {
        "0": 1,
        "1": 1,
        "2": 1,
        "3": 11,
        "4": 95,
        "5": 812,
        "6": 6843
    },
    "19008": {
        "0": 1,
        "1": 10,
        "2": 65,
        "3": 427,
        "4": 2809,
        "5": 8037,
        "6": 22411
    },
    "19009": {
        "0": 1,
        "1": 1,
        "2": 11,
        "3": 82,
        "4": 613,
        "5": 4575,
        "6": 15297
    },
    "19010": {
        "0": 1,
        "1": 1,
        "2": 1,
        "3": 1,
        "4": 10,
        "5": 68,
        "6": 445
    },
    "19011": {
        "0": 1,
        "1": 11,
        "2": 87,
        "3": 678,
        "4": 5334,
        "5": 22728,
        "6": 71067
    },
    "19012": {
        "0": 1,
        "1": 1,
        "2": 1,
        "3": 11,
        "4": 89,
        "5": 716,
        "6": 5729
    },
    "19013": {
        "0": 1,
        "1": 11,
        "2": 86,
        "3": 646,
        "4": 4796,
        "5": 17807,
        "6": 44914
    },
    "19014": {
        "0": 1,
        "1": 9,
        "2": 75,
        "3": 619,
        "4": 4999,
        "5": 11962,
        "6": 20509
    },
    "19015": {
        "0": 1,
        "1": 1,
        "2": 9,
        "3": 78,
        "4": 674,
        "5": 5777,
        "6": 19142
    },
    "19016": {
        "0": 1,
        "1": 1,
        "2": 10,
        "3": 81,
        "4": 664,
        "5": 5448,
        "6": 14655
    },
    "19017": {
        "0": 1,
        "1": 1,
        "2": 9,
        "3": 67,
        "4": 503,
        "5": 3762,
        "6": 10866
    },
    "19018": {
        "0": 1,
        "1": 10,
        "2": 76,
        "3": 568,
        "4": 4204,
        "5": 13633,
        "6": 32151
    },
    "19019": {
        "0": 1,
        "1": 8,
        "2": 71,
        "3": 620,
        "4": 5375,
        "5": 15852,
        "6": 32681
    },
    "19020": {
        "0": 1,
        "1": 1,
        "2": 10,
        "3": 83,
        "4": 695,
        "5": 5901,
        "6": 17630
    },
    "19021": {
        "0": 1,
        "1": 12,
        "2": 92,
        "3": 631,
        "4": 4286,
        "5": 19913,
        "6": 67663
    },
    "19022": {
        "0": 1,
        "1": 10,
        "2": 73,
        "3": 556,
        "4": 4265,
        "5": 13826,
        "6": 28999
    },
    "19023": {
        "0": 1,
        "1": 11,
        "2": 86,
        "3": 624,
        "4": 4457,
        "5": 14621,
        "6": 34937
    },
    "19024": {
        "0": 1,
        "1": 1,
        "2": 1,
        "3": 9,
        "4": 68,
        "5": 512,
        "6": 3888
    },
    "19025": {
        "0": 1,
        "1": 9,
        "2": 67,
        "3": 498,
        "4": 3710,
        "5": 8614,
        "6": 15414
    },
    "19026": {
        "0": 1,
        "1": 13,
        "2": 103,
        "3": 746,
        "4": 5394,
        "5": 21733,
        "6": 62239
    },
    "19027": {
        "0": 1,
        "1": 10,
        "2": 84,
        "3": 690,
        "4": 5588,
        "5": 14839,
        "6": 27234
    },
    "19028": {
        "0": 1,
        "1": 10,
        "2": 80,
        "3": 614,
        "4": 4673,
        "5": 17949,
        "6": 48746
    },
    "19029": {
        "0": 1,
        "1": 10,
        "2": 78,
        "3": 577,
        "4": 4220,
        "5": 13497,
        "6": 33871
    },
    "19030": {
        "0": 1,
        "1": 1,
        "2": 10,
        "3": 77,
        "4": 582,
        "5": 4443,
        "6": 15105
    },
    "19031": {
        "0": 1,
        "1": 1,
        "2": 1,
        "3": 8,
        "4": 68,
        "5": 583,
        "6": 5037
    },
    "19032": {
        "0": 1,
        "1": 1,
        "2": 10,
        "3": 84,
        "4": 730,
        "5": 6334,
        "6": 22178
    },
    "19033": {
        "0": 1,
        "1": 1,
        "2": 11,
        "3": 77,
        "4": 513,
        "5": 3491,
        "6": 13825
    },
    "19034": {
        "0": 1,
        "1": 1,
        "2": 9,
        "3": 71,
        "4": 569,
        "5": 4524,
        "6": 16448
    },
    "19035": {
        "0": 1,
        "1": 1,
        "2": 11,
        "3": 90,
        "4": 696,
        "5": 5300,
        "6": 22672
    },
    "19036": {
        "0": 1,
        "1": 1,
        "2": 11,
        "3": 94,
        "4": 778,
        "5": 6277,
        "6": 22064
    },
    "19037": {
        "0": 1,
        "1": 11,
        "2": 78,
        "3": 544,
        "4": 3838,
        "5": 16873,
        "6": 52912
    },
    "19038": {
        "0": 1,
        "1": 9,
        "2": 70,
        "3": 545,
        "4": 4269,
        "5": 14375,
        "6": 31184
    },
    "19039": {
        "0": 1,
        "1": 11,
        "2": 83,
        "3": 601,
        "4": 4396,
        "5": 15142,
        "6": 40755
    },
    "19040": {
        "0": 1,
        "1": 12,
        "2": 105,
        "3": 871,
        "4": 7083,
        "5": 26931,
        "6": 69426
    },
    "19041": {
        "0": 1,
        "1": 9,
        "2": 66,
        "3": 504,
        "4": 3865,
        "5": 10867,
        "6": 19137
    },
    "19042": {
        "0": 1,
        "1": 9,
        "2": 73,
        "3": 587,
        "4": 4648,
        "5": 17318,
        "6": 46322
    },
    "19043": {
        "0": 1,
        "1": 1,
        "2": 1,
        "3": 9,
        "4": 73,
        "5": 610,
        "6": 5088
    },
    "19044": {
        "0": 1,
        "1": 12,
        "2": 101,
        "3": 820,
        "4": 6549,
        "5": 24337,
        "6": 62968
    },
    "19045": {
        "0": 1,
        "1": 9,
        "2": 78,
        "3": 679,
        "4": 5830,
        "5": 19344,
        "6": 44490
    },
    "19046": {
        "0": 1,
        "1": 1,
        "2": 10,
        "3": 81,
        "4": 677,
        "5": 5617,
        "6": 16480
    },
    "19047": {
        "0": 1,
        "1": 1,
        "2": 9,
        "3": 75,
        "4": 647,
        "5": 5608,
        "6": 16138
    },
    "19048": {
        "0": 1,
        "1": 12,
        "2": 96,
        "3": 720,
        "4": 5436,
        "5": 22353,
        "6": 60213
    },
    "19049": {
        "0": 1,
        "1": 1,
        "2": 1,
        "3": 1,
        "4": 1,
        "5": 11,
        "6": 87
    },
    "19050": {
        "0": 1,
        "1": 9,
        "2": 53,
        "3": 329,
        "4": 2049,
        "5": 7920,
        "6": 20638
    },
    "19051": {
        "0": 1,
        "1": 1,
        "2": 10,
        "3": 80,
        "4": 672,
        "5": 5600,
        "6": 16662
    },
    "19052": {
        "0": 1,
        "1": 8,
        "2": 68,
        "3": 574,
        "4": 4854,
        "5": 8819,
        "6": 9839
    },
    "19053": {
        "0": 1,
        "1": 1,
        "2": 1,
        "3": 9,
        "4": 72,
        "5": 529,
        "6": 3785
    },
    "19054": {
        "0": 1,
        "1": 10,
        "2": 81,
        "3": 665,
        "4": 5417,
        "5": 13852,
        "6": 22238
    },
    "19055": {
        "0": 1,
        "1": 1,
        "2": 11,
        "3": 84,
        "4": 606,
        "5": 4318,
        "6": 15261
    },
    "19056": {
        "0": 1,
        "1": 9,
        "2": 70,
        "3": 515,
        "4": 3636,
        "5": 10807,
        "6": 25191
    },
    "19057": {
        "0": 1,
        "1": 8,
        "2": 68,
        "3": 587,
        "4": 5094,
        "5": 11650,
        "6": 22927
    },
    "19058": {
        "0": 1,
        "1": 1,
        "2": 1,
        "3": 10,
        "4": 80,
        "5": 618,
        "6": 4721
    },
    "19059": {
        "0": 1,
        "1": 1,
        "2": 1,
        "3": 12,
        "4": 95,
        "5": 696,
        "6": 5021
    },
    "19060": {
        "0": 1,
        "1": 1,
        "2": 10,
        "3": 82,
        "4": 641,
        "5": 4875,
        "6": 19212
    },
    "19061": {
        "0": 1,
        "1": 1,
        "2": 10,
        "3": 80,
        "4": 634,
        "5": 5038,
        "6": 20859
    },
    "19062": {
        "0": 1,
        "1": 11,
        "2": 89,
        "3": 699,
        "4": 5478,
        "5": 23997,
        "6": 63908
    },
    "19063": {
        "0": 1,
        "1": 13,
        "2": 107,
        "3": 791,
        "4": 5638,
        "5": 24047,
        "6": 66822
    },
    "19064": {
        "0": 1,
        "1": 12,
        "2": 94,
        "3": 705,
        "4": 5371,
        "5": 22555,
        "6": 63405
    },
    "19065": {
        "0": 1,
        "1": 1,
        "2": 1,
        "3": 1,
        "4": 12,
        "5": 92,
        "6": 676
    },
    "19066": {
        "0": 1,
        "1": 14,
        "2": 119,
        "3": 893,
        "4": 6552,
        "5": 30811,
        "6": 94136
    },
    "19067": {
        "0": 1,
        "1": 1,
        "2": 10,
        "3": 86,
        "4": 730,
        "5": 5907,
        "6": 20871
    },
    "19068": {
        "0": 1,
        "1": 1,
        "2": 8,
        "3": 61,
        "4": 465,
        "5": 3544,
        "6": 7853
    },
    "19069": {
        "0": 1,
        "1": 9,
        "2": 67,
        "3": 487,
        "4": 3523,
        "5": 8333,
        "6": 14992
    },
    "19070": {
        "0": 1,
        "1": 1,
        "2": 13,
        "3": 110,
        "4": 891,
        "5": 7083,
        "6": 28239
    },
    "19071": {
        "0": 1,
        "1": 11,
        "2": 87,
        "3": 644,
        "4": 4714,
        "5": 18559,
        "6": 53102
    },
    "19072": {
        "0": 1,
        "1": 1,
        "2": 12,
        "3": 90,
        "4": 662,
        "5": 4994,
        "6": 19043
    },
    "19073": {
        "0": 1,
        "1": 10,
        "2": 68,
        "3": 452,
        "4": 2960,
        "5": 10098,
        "6": 22992
    },
    "19074": {
        "0": 1,
        "1": 11,
        "2": 91,
        "3": 752,
        "4": 6215,
        "5": 21002,
        "6": 49024
    },
    "19075": {
        "0": 1,
        "1": 1,
        "2": 1,
        "3": 11,
        "4": 92,
        "5": 751,
        "6": 6110
    },
    "19076": {
        "0": 1,
        "1": 1,
        "2": 10,
        "3": 77,
        "4": 585,
        "5": 4444,
        "6": 14718
    },
    "19077": {
        "0": 1,
        "1": 1,
        "2": 12,
        "3": 95,
        "4": 714,
        "5": 5316,
        "6": 22057
    },
    "19078": {
        "0": 1,
        "1": 10,
        "2": 78,
        "3": 589,
        "4": 4441,
        "5": 14742,
        "6": 36442
    },
    "19079": {
        "0": 1,
        "1": 9,
        "2": 66,
        "3": 473,
        "4": 3412,
        "5": 5712,
        "6": 9208
    },
    "19080": {
        "0": 1,
        "1": 1,
        "2": 1,
        "3": 10,
        "4": 81,
        "5": 659,
        "6": 5405
    },
    "19081": {
        "0": 1,
        "1": 12,
        "2": 105,
        "3": 881,
        "4": 7314,
        "5": 30210,
        "6": 82211
    },
    "19082": {
        "0": 1,
        "1": 9,
        "2": 69,
        "3": 533,
        "4": 4104,
        "5": 12340,
        "6": 27973
    },
    "19083": {
        "0": 1,
        "1": 1,
        "2": 1,
        "3": 1,
        "4": 1,
        "5": 9,
        "6": 79
    },
    "19084": {
        "0": 1,
        "1": 10,
        "2": 75,
        "3": 571,
        "4": 4354,
        "5": 14160,
        "6": 34057
    },
    "19085": {
        "0": 1,
        "1": 1,
        "2": 11,
        "3": 100,
        "4": 892,
        "5": 7791,
        "6": 36823
    },
    "19086": {
        "0": 1,
        "1": 10,
        "2": 75,
        "3": 535,
        "4": 3837,
        "5": 10343,
        "6": 24986
    },
    "19087": {
        "0": 1,
        "1": 8,
        "2": 52,
        "3": 354,
        "4": 2411,
        "5": 6010,
        "6": 11112
    },
    "19088": {
        "0": 1,
        "1": 9,
        "2": 81,
        "3": 725,
        "4": 6308,
        "5": 23948,
        "6": 61932
    },
    "19089": {
        "0": 1,
        "1": 1,
        "2": 11,
        "3": 97,
        "4": 841,
        "5": 7190,
        "6": 30680
    },
    "19090": {
        "0": 1,
        "1": 10,
        "2": 82,
        "3": 645,
        "4": 5011,
        "5": 13166,
        "6": 30868
    },
    "19091": {
        "0": 1,
        "1": 1,
        "2": 1,
        "3": 1,
        "4": 11,
        "5": 82,
        "6": 605
    },
    "19092": {
        "0": 1,
        "1": 1,
        "2": 10,
        "3": 60,
        "4": 368,
        "5": 2251,
        "6": 9015
    },
    "19093": {
        "0": 1,
        "1": 1,
        "2": 11,
        "3": 96,
        "4": 804,
        "5": 6560,
        "6": 25004
    },
    "19094": {
        "0": 1,
        "1": 1,
        "2": 10,
        "3": 75,
        "4": 568,
        "5": 4318,
        "6": 13637
    },
    "19095": {
        "0": 1,
        "1": 1,
        "2": 1,
        "3": 10,
        "4": 78,
        "5": 577,
        "6": 4207
    },
    "19096": {
        "0": 1,
        "1": 10,
        "2": 81,
        "3": 674,
        "4": 5520,
        "5": 14804,
        "6": 24115
    },
    "19097": {
        "0": 1,
        "1": 1,
        "2": 1,
        "3": 1,
        "4": 1,
        "5": 1,
        "6": 11
    },
    "19098": {
        "0": 1,
        "1": 1,
        "2": 11,
        "3": 94,
        "4": 800,
        "5": 6706,
        "6": 25705
    },
    "19099": {
        "0": 1,
        "1": 1,
        "2": 10,
        "3": 88,
        "4": 745,
        "5": 6257,
        "6": 21926
    }
}