{
    "4900": {
        "0": 1,
        "1": 8,
        "2": 70,
        "3": 595,
        "4": 4996,
        "5": 13835,
        "6": 26484
    },
    "4901": {
        "0": 1,
        "1": 1,
        "2": 9,
        "3": 69,
        "4": 527,
        "5": 4005,
        "6": 12823
    },
    "4902": {
        "0": 1,
        "1": 1,
        "2": 1,
        "3": 10,
        "4": 77,
        "5": 592,
        "6": 4575
    },
    "4903": {
        "0": 1,
        "1": 10,
        "2": 83,
        "3": 674,
        "4": 5364,
        "5": 14519,
        "6": 32069
    },
    "4904": {
        "0": 1,
        "1": 1,
        "2": 10,
        "3": 75,
        "4": 566,
        "5": 4248,
        "6": 14523
    },
    "4905": {
        "0": 1,
        "1": 8,
        "2": 69,
        "3": 586,
        "4": 4975,
        "5": 9417,
        "6": 14839
    },
    "4906": {
        "0": 1,
        "1": 13,
        "2": 111,
        "3": 924,
        "4": 7744,
        "5": 32559,
        "6": 85420
    },
    "4907": {
        "0": 1,
        "1": 10,
        "2": 84,
        "3": 703,
        "4": 5754,
        "5": 18701,
        "6": 45233
    },
    "4908": {
        "0": 1,
        "1": 9,
        "2": 73,
        "3": 593,
        "4": 4654,
        "5": 9788,
        "6": 18977
    },
    "4909": {
        "0": 1,
        "1": 9,
        "2": 70,
        "3": 551,
        "4": 4276,
        "5": 15358,
        "6": 39395
    },
    "4910": {
        "0": 1,
        "1": 1,
        "2": 12,
        "3": 96,
        "4": 760,
        "5": 5995,
        "6": 27954
    },
    "4911": {
        "0": 1,
        "1": 1,
        "2": 9,
        "3": 72,
        "4": 603,
        "5": 5068,
        "6": 10342
    },
    "4912": {
        "0": 1,
        "1": 10,
        "2": 76,
        "3": 561,
        "4": 4158,
        "5": 13598,
        "6": 29292
    },
    "4913": {
        "0": 1,
        "1": 12,
        "2": 103,
        "3": 853,
        "4": 6953,
        "5": 26227,
        "6": 64569
    },
    "4914": {
        "0": 1,
        "1": 1,
        "2": 11,
        "3": 82,
        "4": 571,
        "5": 3932,
        "6": 16743
    },
    "4915": {
        "0": 1,
        "1": 11,
        "2": 94,
        "3": 785,
        "4": 6484,
        "5": 23107,
        "6": 57831
    },
    "4916": {
        "0": 1,
        "1": 10,
        "2": 77,
        "3": 595,
        "4": 4595,
        "5": 16406,
        "6": 40824
    },
    "4917": {
        "0": 1,
        "1": 1,
        "2": 9,
        "3": 77,
        "4": 646,
        "5": 5387,
        "6": 14667
    },
    "4918": {
        "0": 1,
        "1": 1,
        "2": 12,
        "3": 93,
        "4": 690,
        "5": 5172,
        "6": 19981
    },
    "4919": {
        "0": 1,
        "1": 11,
        "2": 79,
        "3": 543,
        "4": 3753,
        "5": 15779,
        "6": 48785
    },
    "4920": {
        "0": 1,
        "1": 10,
        "2": 66,
        "3": 438,
        "4": 2846,
        "5": 9365,
        "6": 23698
    },
    "4921": {
        "0": 1,
        "1": 10,
        "2": 74,
        "3": 550,
        "4": 4130,
        "5": 11905,
        "6": 29130
    },
    "4922": {
        "0": 1,
        "1": 1,
        "2": 1,
        "3": 1,
        "4": 9,
        "5": 60,
        "6": 388
    },
    "4923": {
        "0": 1,
        "1": 9,
        "2": 67,
        "3": 510,
        "4": 3896,
        "5": 10605,
        "6": 22621
    },
    "4924": {
        "0": 1,
        "1": 9,
        "2": 77,
        "3": 651,
        "4": 5392,
        "5": 16348,
        "6": 35696
    },
    "4925": {
        "0": 1,
        "1": 12,
        "2": 97,
        "3": 733,
        "4": 5408,
        "5": 20484,
        "6": 55311
    },
    "4926": {
        "0": 1,
        "1": 11,
        "2": 90,
        "3": 754,
        "4": 6365,
        "5": 21254,
        "6": 44558
    },
    "4927": {
        "0": 1,
        "1": 14,
        "2": 126,
        "3": 1047,
        "4": 8416,
        "5": 38779,
        "6": 113101
    },
    "4928": {
        "0": 1,
        "1": 1,
        "2": 9,
        "3": 74,
        "4": 614,
        "5": 4985,
        "6": 11914
    },
    "4929": {
        "0": 1,
        "1": 12,
        "2": 88,
        "3": 589,
        "4": 3796,
        "5": 15138,
        "6": 44521
    },
    "4930": {
        "0": 1,
        "1": 1,
        "2": 10,
        "3": 75,
        "4": 551,
        "5": 4066,
        "6": 12925
    },
    "4931": {
        "0": 1,
        "1": 1,
        "2": 11,
        "3": 86,
        "4": 641,
        "5": 4736,
        "6": 17473
    },
    "4932": {
        "0": 1,
        "1": 9,
        "2": 53,
        "3": 300,
        "4": 1732,
        "5": 5101,
        "6": 13775
    },
    "4933": {
        "0": 1,
        "1": 8,
        "2": 65,
        "3": 505,
        "4": 3861,
        "5": 11815,
        "6": 27123
    },
    "4934": {
        "0": 1,
        "1": 11,
        "2": 76,
        "3": 502,
        "4": 3343,
        "5": 12190,
        "6": 30404
    },
    "4935": {
        "0": 1,
        "1": 11,
        "2": 88,
        "3": 671,
        "4": 5063,
        "5": 19054,
        "6": 53557
    },
    "4936": {
        "0": 1,
        "1": 1,
        "2": 1,
        "3": 8,
        "4": 66,
        "5": 557,
        "6": 4779
    },
    "4937": {
        "0": 1,
        "1": 12,
        "2": 100,
        "3": 762,
        "4": 5751,
        "5": 25980,
        "6": 81755
    },
    "4938": {
        "0": 1,
        "1": 9,
        "2": 59,
        "3": 397,
        "4": 2716,
        "5": 8607,
        "6": 18099
    },
    "4939": {
        "0": 1,
        "1": 13,
        "2": 93,
        "3": 595,
        "4": 3829,
        "5": 14588,
        "6": 44584
    },
    "4940": {
        "0": 1,
        "1": 1,
        "2": 8,
        "3": 71,
        "4": 619,
        "5": 5386,
        "6": 13951
    },
    "4941": {
        "0": 1,
        "1": 10,
        "2": 84,
        "3": 700,
        "4": 5803,
        "5": 17786,
        "6": 35624
    },
    "4942": {
        "0": 1,
        "1": 12,
        "2": 103,
        "3": 859,
        "4": 7131,
        "5": 28920,
        "6": 75905
    },
    "4943": {
        "0": 1,
        "1": 11,
        "2": 89,
        "3": 659,
        "4": 4738,
        "5": 18322,
        "6": 51614
    },
    "4944": {
        "0": 1,
        "1": 9,
        "2": 77,
        "3": 648,
        "4": 5406,
        "5": 14654,
        "6": 27608
    },
    "4945": {
        "0": 1,
        "1": 9,
        "2": 76,
        "3": 653,
        "4": 5578,
        "5": 14727,
        "6": 25718
    },
    "4946": {
        "0": 1,
        "1": 1,
        "2": 10,
        "3": 85,
        "4": 705,
        "5": 5924,
        "6": 17067
    },
    "4947": {
        "0": 1,
        "1": 1,
        "2": 9,
        "3": 52,
        "4": 313,
        "5": 1920,
        "6": 7093
    },
    "4948": {
        "0": 1,
        "1": 8,
        "2": 57,
        "3": 397,
        "4": 2739,
        "5": 9699,
        "6": 24464
    },
    "4949": {
        "0": 1,
        "1": 1,
        "2": 10,
        "3": 89,
        "4": 771,
        "5": 6601,
        "6": 23626
    },
    "4950": {
        "0": 1,
        "1": 1,
        "2": 1,
        "3": 9,
        "4": 75,
        "5": 629,
        "6": 5286
    },
    "4951": {
        "0": 1,
        "1": 1,
        "2": 9,
        "3": 66,
        "4": 482,
        "5": 3561,
        "6": 9142
    },
    "4952": {
        "0": 1,
        "1": 1,
        "2": 1,
        "3": 1,
        "4": 11,
        "5": 96,
        "6": 800
    },
    "4953": {
        "0": 1,
        "1": 1,
        "2": 8,
        "3": 65,
        "4": 511,
        "5": 3923,
        "6": 14233
    },
    "4954": {
        "0": 1,
        "1": 1,
        "2": 10,
        "3": 81,
        "4": 647,
        "5": 5093,
        "6": 12074
    },
    "4955": {
        "0": 1,
        "1": 1,
        "2": 11,
        "3": 89,
        "4": 706,
        "5": 5507,
        "6": 23379
    },
    "4956": {
        "0": 1,
        "1": 1,
        "2": 1,
        "3": 10,
        "4": 70,
        "5": 475,
        "6": 3241
    },
    "4957": {
        "0": 1,
        "1": 12,
        "2": 98,
        "3": 741,
        "4": 5555,
        "5": 22773,
        "6": 63124
    },
    "4958": {
        "0": 1,
        "1": 10,
        "2": 77,
        "3": 594,
        "4": 4670,
        "5": 17861,
        "6": 46565
    },
    "4959": {
        "0": 1,
        "1": 8,
        "2": 70,
        "3": 591,
        "4": 4907,
        "5": 12506,
        "6": 21884
    },
    "4960": {
        "0": 1,
        "1": 1,
        "2": 9,
        "3": 75,
        "4": 616,
        "5": 4912,
        "6": 13186
    },
    "4961": {
        "0": 1,
        "1": 1,
        "2": 1,
        "3": 1,
        "4": 1,
        "5": 8,
        "6": 62
    },
    "4962": {
        "0": 1,
        "1": 1,
        "2": 1,
        "3": 12,
        "4": 96,
        "5": 704,
        "6": 5082
    },
    "4963": {
        "0": 1,
        "1": 12,
        "2": 105,
        "3": 900,
        "4": 7636,
        "5": 32091,
        "6": 81380
    },
    "4964": {
        "0": 1,
        "1": 9,
        "2": 76,
        "3": 642,
        "4": 5337,
        "5": 13903,
        "6": 25929
    },
    "4965": {
        "0": 1,
        "1": 10,
        "2": 68,
        "3": 433,
        "4": 2749,
        "5": 8627,
        "6": 22173
    },
    "4966": {
        "0": 1,
        "1": 12,
        "2": 94,
        "3": 696,
        "4": 5081,
        "5": 19572,
        "6": 51891
    },
    "4967": {
        "0": 1,
        "1": 11,
        "2": 72,
        "3": 465,
        "4": 3095,
        "5": 10471,
        "6": 28965
    },
    "4968": {
        "0": 1,
        "1": 10,
        "2": 76,
        "3": 578,
        "4": 4432,
        "5": 15121,
        "6": 37981
    },
    "4969": {
        "0": 1,
        "1": 9,
        "2": 76,
        "3": 665,
        "4": 5834,
        "5": 18412,
        "6": 39573
    },
    "4970": {
        "0": 1,
        "1": 11,
        "2": 90,
        "3": 747,
        "4": 6185,
        "5": 20979,
        "6": 39387
    },
    "4971": {
        "0": 1,
        "1": 11,
        "2": 87,
        "3": 651,
        "4": 4780,
        "5": 17475,
        "6": 49783
    },
    "4972": {
        "0": 1,
        "1": 9,
        "2": 75,
        "3": 653,
        "4": 5681,
        "5": 16344,
        "6": 35320
    },
    "4973": {
        "0": 1,
        "1": 12,
        "2": 106,
        "3": 904,
        "4": 7548,
        "5": 31078,
        "6": 87865
    },
    "4974": {
        "0": 1,
        "1": 1,
        "2": 11,
        "3": 89,
        "4": 674,
        "5": 5020,
        "6": 19867
    },
    "4975": {
        "0": 1,
        "1": 9,
        "2": 68,
        "3": 525,
        "4": 4020,
        "5": 11617,
        "6": 26766
    },
    "4976": {
        "0": 1,
        "1": 1,
        "2": 1,
        "3": 10,
        "4": 83,
        "5": 723,
        "6": 6251
    },
    "4977": {
        "0": 1,
        "1": 1,
        "2": 1,
        "3": 1,
        "4": 8,
        "5": 62,
        "6": 479
    },
    "4978": {
        "0": 1,
        "1": 12,
        "2": 104,
        "3": 883,
        "4": 7421,
        "5": 31980,
        "6": 76045
    },
    "4979": {
        "0": 1,
        "1": 1,
        "2": 11,
        "3": 79,
        "4": 551,
        "5": 3871,
        "6": 16847
    },
    "4980": {
        "0": 1,
        "1": 1,
        "2": 1,
        "3": 11,
        "4": 92,
        "5": 756,
        "6": 6189
    },
    "4981": {
        "0": 1,
        "1": 10,
        "2": 75,
        "3": 559,
        "4": 4158,
        "5": 13447,
        "6": 29717
    },
    "4982": {
        "0": 1,
        "1": 14,
        "2": 121,
        "3": 938,
        "4": 6990,
        "5": 34034,
        "6": 113602
    },
    "4983": {
        "0": 1,
        "1": 1,
        "2": 13,
        "3": 94,
        "4": 617,
        "5": 4041,
        "6": 17633
    },
    "4984": {
        "0": 1,
        "1": 10,
        "2": 84,
        "3": 712,
        "4": 6046,
        "5": 19067,
        "6": 43311
    },
    "4985": {
        "0": 1,
        "1": 1,
        "2": 10,
        "3": 71,
        "4": 500,
        "5": 3488,
        "6": 14041
    },
    "4986": {
        "0": 1,
        "1": 12,
        "2": 101,
        "3": 831,
        "4": 6806,
        "5": 25609,
        "6": 61304
    },
    "4987": {
        "0": 1,
        "1": 9,
        "2": 77,
        "3": 656,
        "4": 5612,
        "5": 15599,
        "6": 32362
    },
    "4988": {
        "0": 1,
        "1": 1,
        "2": 8,
        "3": 70,
        "4": 603,
        "5": 5145,
        "6": 13252
    },
    "4989": {
        "0": 1,
        "1": 8,
        "2": 63,
        "3": 494,
        "4": 3847,
        "5": 10599,
        "6": 20784
    },
    "4990": {
        "0": 1,
        "1": 1,
        "2": 10,
        "3": 71,
        "4": 496,
        "5": 3490,
        "6": 14257
    },
    "4991": {
        "0": 1,
        "1": 1,
        "2": 10,
        "3": 60,
        "4": 359,
        "5": 2222,
        "6": 8910
    },
    "4992": {
        "0": 1,
        "1": 10,
        "2": 69,
        "3": 463,
        "4": 3156,
        "5": 11464,
        "6": 28276
    },
    "4993": {
        "0": 1,
        "1": 12,
        "2": 103,
        "3": 873,
        "4": 7385,
        "5": 29819,
        "6": 69493
    },
    "4994": {
        "0": 1,
        "1": 1,
        "2": 1,
        "3": 1,
        "4": 9,
        "5": 60,
        "6": 411
    },
    "4995": {
        "0": 1,
        "1": 1,
        "2": 11,
        "3": 75,
        "4": 477,
        "5": 3041,
        "6": 10505
    },
    "4996": {
        "0": 1,
        "1": 1,
        "2": 12,
        "3": 97,
        "4": 750,
        "5": 5761,
        "6": 26734
    },
    "4997": {
        "0": 1,
        "1": 1,
        "2": 9,
        "3": 68,
        "4": 512,
        "5": 3764,
        "6": 11712
    },
    "4998": {
        "0": 1,
        "1": 9,
        "2": 79,
        "3": 683,
        "4": 5859,
        "5": 17741,
        "6": 40092
    },
    "4999": {
        "0": 1,
        "1": 10,
        "2": 74,
        "3": 531,
        "4": 3813,
        "5": 10175,
        "6": 22085
    }
}