{
    "17400": {
        "0": 1,
        "1": 10,
        "2": 85,
        "3": 729,
        "4": 6291,
        "5": 21661,
        "6": 48759
    },
    "17401": {
        "0": 1,
        "1": 1,
        "2": 1,
        "3": 1,
        "4": 9,
        "5": 77,
        "6": 645
    },
    "17402": {
        "0": 1,
        "1": 9,
        "2": 76,
        "3": 660,
        "4": 5741,
        "5": 17002,
        "6": 36764
    },
    "17403": {
        "0": 1,
        "1": 9,
        "2": 68,
        "3": 526,
        "4": 4117,
        "5": 13120,
        "6": 31454
    },
    "17404": {
        "0": 1,
        "1": 1,
        "2": 10,
        "3": 69,
        "4": 467,
        "5": 3168,
        "6": 12420
    },
    "17405": {
        "0": 1,
        "1": 11,
        "2": 93,
        "3": 775,
        "4": 6480,
        "5": 21864,
        "6": 46348
    },
    "17406": {
        "0": 1,
        "1": 10,
        "2": 75,
        "3": 520,
        "4": 3455,
        "5": 8833,
        "6": 17658
    },
    "17407": {
        "0": 1,
        "1": 1,
        "2": 11,
        "3": 83,
        "4": 612,
        "5": 4561,
        "6": 14941
    },
    "17408": {
        "0": 1,
        "1": 11,
        "2": 96,
        "3": 800,
        "4": 6477,
        "5": 23892,
        "6": 58302
    },
    "17409": {
        "0": 1,
        "1": 1,
        "2": 1,
        "3": 10,
        "4": 79,
        "5": 611,
        "6": 4688
    },
    "17410": {
        "0": 1,
        "1": 11,
        "2": 89,
        "3": 691,
        "4": 5274,
        "5": 20885,
        "6": 60269
    },
    "17411": {
        "0": 1,
        "1": 1,
        "2": 10,
        "3": 65,
        "4": 428,
        "5": 2899,
        "6": 9469
    },
    "17412": {
        "0": 1,
        "1": 9,
        "2": 75,
        "3": 629,
        "4": 5203,
        "5": 12476,
        "6": 23794
    },
    "17413": {
        "0": 1,
        "1": 1,
        "2": 10,
        "3": 84,
        "4": 715,
        "5": 6054,
        "6": 20942
    },
    "17414": {
        "0": 1,
        "1": 11,
        "2": 81,
        "3": 545,
        "4": 3644,
        "5": 14821,
        "6": 47049
    },
    "17415": {
        "0": 1,
        "1": 1,
        "2": 1,
        "3": 13,
        "4": 113,
        "5": 948,
        "6": 7888
    },
    "17416": {
        "0": 1,
        "1": 9,
        "2": 74,
        "3": 610,
        "4": 4911,
        "5": 11202,
        "6": 18808
    },
    "17417": {
        "0": 1,
        "1": 1,
        "2": 12,
        "3": 104,
        "4": 862,
        "5": 7012,
        "6": 26459
    },
    "17418": {
        "0": 1,
        "1": 1,
        "2": 11,
        "3": 71,
        "4": 438,
        "5": 2702,
        "6": 11720
    },
    "17419": {
        "0": 1,
        "1": 1,
        "2": 10,
        "3": 78,
        "4": 584,
        "5": 4353,
        "6": 14930
    },
    "17420": {
        "0": 1,
        "1": 10,
        "2": 77,
        "3": 575,
        "4": 4267,
        "5": 14465,
        "6": 35101
    },
    "17421": {
        "0": 1,
        "1": 12,
        "2": 104,
        "3": 868,
        "4": 7123,
        "5": 28168,
        "6": 67392
    },
    "17422": {
        "0": 1,
        "1": 9,
        "2": 61,
        "3": 416,
        "4": 2869,
        "5": 9628,
        "6": 22581
    },
    "17423": {
        "0": 1,
        "1": 9,
        "2": 68,
        "3": 521,
        "4": 3993,
        "5": 11360,
        "6": 24806
    },
    "17424": {
        "0": 1,
        "1": 8,
        "2": 68,
        "3": 565,
        "4": 4604,
        "5": 7319,
        "6": 10413
    },
    "17425": {
        "0": 1,
        "1": 11,
        "2": 84,
        "3": 613,
        "4": 4461,
        "5": 13338,
        "6": 31007
    },
    "17426": {
        "0": 1,
        "1": 1,
        "2": 11,
        "3": 81,
        "4": 566,
        "5": 4006,
        "6": 11313
    },
    "17427": {
        "0": 1,
        "1": 10,
        "2": 80,
        "3": 639,
        "4": 5081,
        "5": 21159,
        "6": 53417
    },
    "17428": {
        "0": 1,
        "1": 10,
        "2": 90,
        "3": 787,
        "4": 6891,
        "5": 27200,
        "6": 71111
    },
    "17429": {
        "0": 1,
        "1": 1,
        "2": 10,
        "3": 87,
        "4": 737,
        "5": 6110,
        "6": 22269
    },
    "17430": {
        "0": 1,
        "1": 1,
        "2": 10,
        "3": 82,
        "4": 682,
        "5": 5638,
        "6": 16582
    },
    "17431": {
        "0": 1,
        "1": 11,
        "2": 83,
        "3": 609,
        "4": 4562,
        "5": 15495,
        "6": 38811
    },
    "17432": {
        "0": 1,
        "1": 12,
        "2": 100,
        "3": 821,
        "4": 6745,
        "5": 25334,
        "6": 61472
    },
    "17433": {
        "0": 1,
        "1": 1,
        "2": 11,
        "3": 84,
        "4": 631,
        "5": 4716,
        "6": 16041
    },
    "17434": {
        "0": 1,
        "1": 1,
        "2": 9,
        "3": 60,
        "4": 410,
        "5": 2780,
        "6": 8572
    },
    "17435": {
        "0": 1,
        "1": 1,
        "2": 1,
        "3": 11,
        "4": 89,
        "5": 740,
        "6": 6156
    },
    "17436": {
        "0": 1,
        "1": 1,
        "2": 1,
        "3": 1,
        "4": 10,
        "5": 76,
        "6": 573
    },
    "17437": {
        "0": 1,
        "1": 10,
        "2": 87,
        "3": 726,
        "4": 6039,
        "5": 19767,
        "6": 41175
    },
    "17438": {
        "0": 1,
        "1": 10,
        "2": 83,
        "3": 691,
        "4": 5623,
        "5": 17585,
        "6": 40765
    },
    "17439": {
        "0": 1,
        "1": 1,
        "2": 1,
        "3": 11,
        "4": 90,
        "5": 680,
        "6": 4977
    },
    "17440": {
        "0": 1,
        "1": 1,
        "2": 12,
        "3": 108,
        "4": 925,
        "5": 7773,
        "6": 34731
    },
    "17441": {
        "0": 1,
        "1": 9,
        "2": 70,
        "3": 535,
        "4": 4070,
        "5": 13399,
        "6": 28896
    },
    "17442": {
        "0": 1,
        "1": 10,
        "2": 83,
        "3": 715,
        "4": 6159,
        "5": 20571,
        "6": 46424
    },
    "17443": {
        "0": 1,
        "1": 9,
        "2": 75,
        "3": 650,
        "4": 5605,
        "5": 15511,
        "6": 30378
    },
    "17444": {
        "0": 1,
        "1": 11,
        "2": 96,
        "3": 833,
        "4": 7206,
        "5": 29815,
        "6": 78237
    },
    "17445": {
        "0": 1,
        "1": 1,
        "2": 9,
        "3": 77,
        "4": 659,
        "5": 5625,
        "6": 17721
    },
    "17446": {
        "0": 1,
        "1": 1,
        "2": 10,
        "3": 76,
        "4": 581,
        "5": 4415,
        "6": 14292
    },
    "17447": {
        "0": 1,
        "1": 11,
        "2": 84,
        "3": 614,
        "4": 4463,
        "5": 14936,
        "6": 37808
    },
    "17448": {
        "0": 1,
        "1": 1,
        "2": 1,
        "3": 10,
        "4": 67,
        "5": 443,
        "6": 2968
    },
    "17449": {
        "0": 1,
        "1": 1,
        "2": 12,
        "3": 96,
        "4": 716,
        "5": 5207,
        "6": 20213
    },
    "17450": {
        "0": 1,
        "1": 9,
        "2": 75,
        "3": 637,
        "4": 5405,
        "5": 13145,
        "6": 25401
    },
    "17451": {
        "0": 1,
        "1": 10,
        "2": 84,
        "3": 683,
        "4": 5553,
        "5": 15106,
        "6": 29746
    },
    "17452": {
        "0": 1,
        "1": 10,
        "2": 69,
        "3": 463,
        "4": 3101,
        "5": 10322,
        "6": 24719
    },
    "17453": {
        "0": 1,
        "1": 11,
        "2": 88,
        "3": 677,
        "4": 5146,
        "5": 19754,
        "6": 48930
    },
    "17454": {
        "0": 1,
        "1": 11,
        "2": 93,
        "3": 774,
        "4": 6369,
        "5": 22225,
        "6": 53263
    },
    "17455": {
        "0": 1,
        "1": 1,
        "2": 11,
        "3": 88,
        "4": 662,
        "5": 4904,
        "6": 18737
    },
    "17456": {
        "0": 1,
        "1": 9,
        "2": 76,
        "3": 624,
        "4": 5108,
        "5": 13849,
        "6": 28016
    },
    "17457": {
        "0": 1,
        "1": 9,
        "2": 73,
        "3": 564,
        "4": 4279,
        "5": 14869,
        "6": 36950
    },
    "17458": {
        "0": 1,
        "1": 9,
        "2": 75,
        "3": 630,
        "4": 5243,
        "5": 13412,
        "6": 19816
    },
    "17459": {
        "0": 1,
        "1": 1,
        "2": 1,
        "3": 10,
        "4": 78,
        "5": 607,
        "6": 4718
    },
    "17460": {
        "0": 1,
        "1": 1,
        "2": 10,
        "3": 77,
        "4": 584,
        "5": 4352,
        "6": 14602
    },
    "17461": {
        "0": 1,
        "1": 11,
        "2": 84,
        "3": 607,
        "4": 4356,
        "5": 14160,
        "6": 35051
    },
    "17462": {
        "0": 1,
        "1": 1,
        "2": 11,
        "3": 96,
        "4": 832,
        "5": 7052,
        "6": 27956
    },
    "17463": {
        "0": 1,
        "1": 1,
        "2": 10,
        "3": 81,
        "4": 682,
        "5": 5802,
        "6": 17018
    },
    "17464": {
        "0": 1,
        "1": 11,
        "2": 87,
        "3": 672,
        "4": 5114,
        "5": 19471,
        "6": 52169
    },
    "17465": {
        "0": 1,
        "1": 9,
        "2": 66,
        "3": 488,
        "4": 3616,
        "5": 9467,
        "6": 18873
    },
    "17466": {
        "0": 1,
        "1": 1,
        "2": 1,
        "3": 9,
        "4": 70,
        "5": 537,
        "6": 4052
    },
    "17467": {
        "0": 1,
        "1": 1,
        "2": 10,
        "3": 80,
        "4": 659,
        "5": 5432,
        "6": 14514
    },
    "17468": {
        "0": 1,
        "1": 9,
        "2": 66,
        "3": 479,
        "4": 3447,
        "5": 7466,
        "6": 12981
    },
    "17469": {
        "0": 1,
        "1": 9,
        "2": 76,
        "3": 654,
        "4": 5636,
        "5": 15875,
        "6": 30201
    },
    "17470": {
        "0": 1,
        "1": 10,
        "2": 78,
        "3": 583,
        "4": 4318,
        "5": 14568,
        "6": 31907
    },
    "17471": {
        "0": 1,
        "1": 11,
        "2": 92,
        "3": 758,
        "4": 6129,
        "5": 21228,
        "6": 51549
    },
    "17472": {
        "0": 1,
        "1": 10,
        "2": 84,
        "3": 687,
        "4": 5562,
        "5": 14799,
        "6": 26798
    },
    "17473": {
        "0": 1,
        "1": 1,
        "2": 10,
        "3": 86,
        "4": 750,
        "5": 6485,
        "6": 23400
    },
    "17474": {
        "0": 1,
        "1": 1,
        "2": 10,
        "3": 69,
        "4": 464,
        "5": 3129,
        "6": 10766
    },
    "17475": {
        "0": 1,
        "1": 1,
        "2": 12,
        "3": 95,
        "4": 721,
        "5": 5514,
        "6": 23241
    },
    "17476": {
        "0": 1,
        "1": 1,
        "2": 13,
        "3": 109,
        "4": 890,
        "5": 7255,
        "6": 28997
    },
    "17477": {
        "0": 1,
        "1": 1,
        "2": 1,
        "3": 1,
        "4": 10,
        "5": 66,
        "6": 435
    },
    "17478": {
        "0": 1,
        "1": 1,
        "2": 11,
        "3": 86,
        "4": 657,
        "5": 4965,
        "6": 19844
    },
    "17479": {
        "0": 1,
        "1": 1,
        "2": 10,
        "3": 66,
        "4": 425,
        "5": 2791,
        "6": 8273
    },
    "17480": {
        "0": 1,
        "1": 1,
        "2": 1,
        "3": 1,
        "4": 1,
        "5": 1,
        "6": 12
    },
    "17481": {
        "0": 1,
        "1": 13,
        "2": 113,
        "3": 952,
        "4": 8011,
        "5": 35075,
        "6": 97203
    },
    "17482": {
        "0": 1,
        "1": 11,
        "2": 82,
        "3": 595,
        "4": 4233,
        "5": 12540,
        "6": 26922
    },
    "17483": {
        "0": 1,
        "1": 1,
        "2": 9,
        "3": 73,
        "4": 600,
        "5": 4854,
        "6": 11290
    },
    "17484": {
        "0": 1,
        "1": 1,
        "2": 1,
        "3": 11,
        "4": 93,
        "5": 795,
        "6": 6787
    },
    "17485": {
        "0": 1,
        "1": 9,
        "2": 67,
        "3": 491,
        "4": 3636,
        "5": 7986,
        "6": 15140
    },
    "17486": {
        "0": 1,
        "1": 10,
        "2": 76,
        "3": 567,
        "4": 4127,
        "5": 14129,
        "6": 35123
    },
    "17487": {
        "0": 1,
        "1": 1,
        "2": 11,
        "3": 85,
        "4": 639,
        "5": 4804,
        "6": 16829
    },
    "17488": {
        "0": 1,
        "1": 11,
        "2": 92,
        "3": 774,
        "4": 6548,
        "5": 23039,
        "6": 54926
    },
    "17489": {
        "0": 1,
        "1": 1,
        "2": 10,
        "3": 81,
        "4": 671,
        "5": 5598,
        "6": 14630
    },
    "17490": {
        "0": 1,
        "1": 1,
        "2": 1,
        "3": 1,
        "4": 10,
        "5": 82,
        "6": 642
    },
    "17491": {
        "0": 1,
        "1": 1,
        "2": 11,
        "3": 95,
        "4": 805,
        "5": 6760,
        "6": 25697
    },
    "17492": {
        "0": 1,
        "1": 11,
        "2": 95,
        "3": 814,
        "4": 6883,
        "5": 25260,
        "6": 57157
    },
    "17493": {
        "0": 1,
        "1": 1,
        "2": 8,
        "3": 67,
        "4": 576,
        "5": 4998,
        "6": 11001
    },
    "17494": {
        "0": 1,
        "1": 1,
        "2": 10,
        "3": 75,
        "4": 562,
        "5": 4267,
        "6": 13677
    },
    "17495": {
        "0": 1,
        "1": 10,
        "2": 88,
        "3": 767,
        "4": 6666,
        "5": 25094,
        "6": 63433
    },
    "17496": {
        "0": 1,
        "1": 12,
        "2": 94,
        "3": 686,
        "4": 4864,
        "5": 18543,
        "6": 52431
    },
    "17497": {
        "0": 1,
        "1": 9,
        "2": 78,
        "3": 681,
        "4": 5926,
        "5": 18832,
        "6": 37297
    },
    "17498": {
        "0": 1,
        "1": 9,
        "2": 74,
        "3": 604,
        "4": 4829,
        "5": 10606,
        "6": 14746
    },
    "17499": {
        "0": 1,
        "1": 1,
        "2": 8,
        "3": 68,
        "4": 579,
        "5": 4894,
        "6": 11094
    }
}