{
    "22800": {
        "0": 1,
        "1": 13,
        "2": 115,
        "3": 939,
        "4": 7294,
        "5": 29729,
        "6": 79244
    },
    "22801": {
        "0": 1,
        "1": 10,
        "2": 77,
        "3": 581,
        "4": 4331,
        "5": 14809,
        "6": 38130
    },
    "22802": {
        "0": 1,
        "1": 11,
        "2": 83,
        "3": 613,
        "4": 4591,
        "5": 15845,
        "6": 37524
    },
    "22803": {
        "0": 1,
        "1": 11,
        "2": 98,
        "3": 855,
        "4": 7392,
        "5": 30395,
        "6": 81717
    },
    "22804": {
        "0": 1,
        "1": 9,
        "2": 69,
        "3": 518,
        "4": 3831,
        "5": 10525,
        "6": 23736
    },
    "22805": {
        "0": 1,
        "1": 1,
        "2": 11,
        "3": 94,
        "4": 783,
        "5": 6370,
        "6": 23590
    },
    "22806": {
        "0": 1,
        "1": 1,
        "2": 9,
        "3": 67,
        "4": 499,
        "5": 3705,
        "6": 10130
    },
    "22807": {
        "0": 1,
        "1": 1,
        "2": 1,
        "3": 11,
        "4": 94,
        "5": 773,
        "6": 6177
    },
    "22808": {
        "0": 1,
        "1": 1,
        "2": 1,
        "3": 1,
        "4": 11,
        "5": 84,
        "6": 633
    },
    "22809": {
        "0": 1,
        "1": 1,
        "2": 1,
        "3": 12,
        "4": 95,
        "5": 719,
        "6": 5418
    },
    "22810": {
        "0": 1,
        "1": 10,
        "2": 75,
        "3": 567,
        "4": 4289,
        "5": 13585,
        "6": 31522
    },
    "22811": {
        "0": 1,
        "1": 12,
        "2": 102,
        "3": 872,
        "4": 7463,
        "5": 31164,
        "6": 78940
    },
    "22812": {
        "0": 1,
        "1": 1,
        "2": 12,
        "3": 95,
        "4": 715,
        "5": 5392,
        "6": 21899
    },
    "22813": {
        "0": 1,
        "1": 1,
        "2": 10,
        "3": 86,
        "4": 723,
        "5": 5971,
        "6": 20929
    },
    "22814": {
        "0": 1,
        "1": 1,
        "2": 11,
        "3": 82,
        "4": 590,
        "5": 4250,
        "6": 13465
    },
    "22815": {
        "0": 1,
        "1": 1,
        "2": 1,
        "3": 11,
        "4": 88,
        "5": 693,
        "6": 5429
    },
    "22816": {
        "0": 1,
        "1": 1,
        "2": 1,
        "3": 10,
        "4": 71,
        "5": 488,
        "6": 3354
    },
    "22817": {
        "0": 1,
        "1": 11,
        "2": 87,
        "3": 657,
        "4": 4913,
        "5": 19181,
        "6": 51570
    },
    "22818": {
        "0": 1,
        "1": 8,
        "2": 61,
        "3": 467,
        "4": 3572,
        "5": 8349,
        "6": 17849
    },
    "22819": {
        "0": 1,
        "1": 1,
        "2": 1,
        "3": 1,
        "4": 9,
        "5": 76,
        "6": 654
    },
    "22820": {
        "0": 1,
        "1": 9,
        "2": 60,
        "3": 396,
        "4": 2659,
        "5": 7811,
        "6": 17131
    },
    "22821": {
        "0": 1,
        "1": 10,
        "2": 83,
        "3": 680,
        "4": 5555,
        "5": 15385,
        "6": 31594
    },
    "22822": {
        "0": 1,
        "1": 9,
        "2": 69,
        "3": 531,
        "4": 4090,
        "5": 12267,
        "6": 29370
    },
    "22823": {
        "0": 1,
        "1": 1,
        "2": 1,
        "3": 1,
        "4": 11,
        "5": 98,
        "6": 855
    },
    "22824": {
        "0": 1,
        "1": 1,
        "2": 11,
        "3": 89,
        "4": 655,
        "5": 4660,
        "6": 17394
    },
    "22825": {
        "0": 1,
        "1": 1,
        "2": 1,
        "3": 1,
        "4": 10,
        "5": 84,
        "6": 706
    },
    "22826": {
        "0": 1,
        "1": 1,
        "2": 11,
        "3": 87,
        "4": 676,
        "5": 5247,
        "6": 21817
    },
    "22827": {
        "0": 1,
        "1": 11,
        "2": 95,
        "3": 817,
        "4": 6905,
        "5": 27554,
        "6": 67502
    },
    "22828": {
        "0": 1,
        "1": 16,
        "2": 139,
        "3": 1026,
        "4": 7447,
        "5": 34914,
        "6": 114695
    },
    "22829": {
        "0": 1,
        "1": 10,
        "2": 75,
        "3": 569,
        "4": 4337,
        "5": 13939,
        "6": 30111
    },
    "22830": {
        "0": 1,
        "1": 9,
        "2": 74,
        "3": 631,
        "4": 5410,
        "5": 13997,
        "6": 27754
    },
    "22831": {
        "0": 1,
        "1": 1,
        "2": 13,
        "3": 112,
        "4": 913,
        "5": 7249,
        "6": 28935
    },
    "22832": {
        "0": 1,
        "1": 8,
        "2": 65,
        "3": 532,
        "4": 4321,
        "5": 6937,
        "6": 15078
    },
    "22833": {
        "0": 1,
        "1": 10,
        "2": 80,
        "3": 653,
        "4": 5351,
        "5": 13807,
        "6": 29044
    },
    "22834": {
        "0": 1,
        "1": 11,
        "2": 92,
        "3": 781,
        "4": 6652,
        "5": 24358,
        "6": 59263
    },
    "22835": {
        "0": 1,
        "1": 1,
        "2": 10,
        "3": 74,
        "4": 544,
        "5": 3975,
        "6": 11556
    },
    "22836": {
        "0": 1,
        "1": 13,
        "2": 109,
        "3": 851,
        "4": 6589,
        "5": 31794,
        "6": 101341
    },
    "22837": {
        "0": 1,
        "1": 11,
        "2": 80,
        "3": 561,
        "4": 3924,
        "5": 17021,
        "6": 50896
    },
    "22838": {
        "0": 1,
        "1": 1,
        "2": 10,
        "3": 87,
        "4": 723,
        "5": 5785,
        "6": 19601
    },
    "22839": {
        "0": 1,
        "1": 1,
        "2": 10,
        "3": 76,
        "4": 579,
        "5": 4471,
        "6": 15743
    },
    "22840": {
        "0": 1,
        "1": 10,
        "2": 78,
        "3": 572,
        "4": 4140,
        "5": 12591,
        "6": 28442
    },
    "22841": {
        "0": 1,
        "1": 1,
        "2": 1,
        "3": 14,
        "4": 121,
        "5": 945,
        "6": 7220
    },
    "22842": {
        "0": 1,
        "1": 1,
        "2": 1,
        "3": 10,
        "4": 67,
        "5": 446,
        "6": 3017
    },
    "22843": {
        "0": 1,
        "1": 1,
        "2": 11,
        "3": 93,
        "4": 782,
        "5": 6498,
        "6": 23582
    },
    "22844": {
        "0": 1,
        "1": 12,
        "2": 107,
        "3": 918,
        "4": 7794,
        "5": 33566,
        "6": 95440
    },
    "22845": {
        "0": 1,
        "1": 1,
        "2": 1,
        "3": 9,
        "4": 74,
        "5": 600,
        "6": 4824
    },
    "22846": {
        "0": 1,
        "1": 9,
        "2": 73,
        "3": 604,
        "4": 5008,
        "5": 11382,
        "6": 15950
    },
    "22847": {
        "0": 1,
        "1": 1,
        "2": 9,
        "3": 70,
        "4": 546,
        "5": 4266,
        "6": 14116
    },
    "22848": {
        "0": 1,
        "1": 10,
        "2": 78,
        "3": 604,
        "4": 4661,
        "5": 18193,
        "6": 50932
    },
    "22849": {
        "0": 1,
        "1": 1,
        "2": 1,
        "3": 9,
        "4": 71,
        "5": 557,
        "6": 4303
    },
    "22850": {
        "0": 1,
        "1": 10,
        "2": 81,
        "3": 647,
        "4": 5133,
        "5": 21443,
        "6": 61404
    },
    "22851": {
        "0": 1,
        "1": 1,
        "2": 1,
        "3": 10,
        "4": 78,
        "5": 589,
        "6": 4511
    },
    "22852": {
        "0": 1,
        "1": 1,
        "2": 12,
        "3": 103,
        "4": 850,
        "5": 6953,
        "6": 26509
    },
    "22853": {
        "0": 1,
        "1": 11,
        "2": 79,
        "3": 521,
        "4": 3460,
        "5": 13024,
        "6": 35673
    },
    "22854": {
        "0": 1,
        "1": 10,
        "2": 76,
        "3": 569,
        "4": 4196,
        "5": 13405,
        "6": 31309
    },
    "22855": {
        "0": 1,
        "1": 1,
        "2": 10,
        "3": 84,
        "4": 709,
        "5": 5814,
        "6": 19382
    },
    "22856": {
        "0": 1,
        "1": 12,
        "2": 101,
        "3": 811,
        "4": 6411,
        "5": 31088,
        "6": 100460
    },
    "22857": {
        "0": 1,
        "1": 8,
        "2": 69,
        "3": 594,
        "4": 5068,
        "5": 12859,
        "6": 22444
    },
    "22858": {
        "0": 1,
        "1": 9,
        "2": 77,
        "3": 664,
        "4": 5675,
        "5": 18198,
        "6": 39800
    },
    "22859": {
        "0": 1,
        "1": 11,
        "2": 98,
        "3": 830,
        "4": 6759,
        "5": 27936,
        "6": 77851
    },
    "22860": {
        "0": 1,
        "1": 10,
        "2": 78,
        "3": 598,
        "4": 4526,
        "5": 16637,
        "6": 41264
    },
    "22861": {
        "0": 1,
        "1": 1,
        "2": 11,
        "3": 88,
        "4": 688,
        "5": 5354,
        "6": 22411
    },
    "22862": {
        "0": 1,
        "1": 11,
        "2": 78,
        "3": 543,
        "4": 3782,
        "5": 16165,
        "6": 43886
    },
    "22863": {
        "0": 1,
        "1": 11,
        "2": 84,
        "3": 614,
        "4": 4504,
        "5": 14248,
        "6": 33998
    },
    "22864": {
        "0": 1,
        "1": 10,
        "2": 77,
        "3": 587,
        "4": 4453,
        "5": 16048,
        "6": 41137
    },
    "22865": {
        "0": 1,
        "1": 1,
        "2": 1,
        "3": 11,
        "4": 79,
        "5": 531,
        "6": 3530
    },
    "22866": {
        "0": 1,
        "1": 10,
        "2": 79,
        "3": 599,
        "4": 4521,
        "5": 16555,
        "6": 44551
    },
    "22867": {
        "0": 1,
        "1": 1,
        "2": 1,
        "3": 10,
        "4": 76,
        "5": 581,
        "6": 4464
    },
    "22868": {
        "0": 1,
        "1": 8,
        "2": 62,
        "3": 474,
        "4": 3595,
        "5": 8129,
        "6": 14177
    },
    "22869": {
        "0": 1,
        "1": 10,
        "2": 76,
        "3": 568,
        "4": 4261,
        "5": 12976,
        "6": 28208
    },
    "22870": {
        "0": 1,
        "1": 10,
        "2": 80,
        "3": 595,
        "4": 4346,
        "5": 15629,
        "6": 44584
    },
    "22871": {
        "0": 1,
        "1": 9,
        "2": 65,
        "3": 479,
        "4": 3560,
        "5": 7558,
        "6": 16393
    },
    "22872": {
        "0": 1,
        "1": 11,
        "2": 87,
        "3": 685,
        "4": 5377,
        "5": 22991,
        "6": 67267
    },
    "22873": {
        "0": 1,
        "1": 11,
        "2": 95,
        "3": 754,
        "4": 6003,
        "5": 29441,
        "6": 97893
    },
    "22874": {
        "0": 1,
        "1": 1,
        "2": 9,
        "3": 70,
        "4": 535,
        "5": 4073,
        "6": 13671
    },
    "22875": {
        "0": 1,
        "1": 1,
        "2": 9,
        "3": 77,
        "4": 667,
        "5": 5758,
        "6": 17016
    },
    "22876": {
        "0": 1,
        "1": 10,
        "2": 79,
        "3": 620,
        "4": 4870,
        "5": 19021,
        "6": 52827
    },
    "22877": {
        "0": 1,
        "1": 10,
        "2": 84,
        "3": 711,
        "4": 5816,
        "5": 21354,
        "6": 56007
    },
    "22878": {
        "0": 1,
        "1": 1,
        "2": 1,
        "3": 12,
        "4": 94,
        "5": 703,
        "6": 5175
    },
    "22879": {
        "0": 1,
        "1": 10,
        "2": 76,
        "3": 583,
        "4": 4510,
        "5": 15926,
        "6": 33417
    },
    "22880": {
        "0": 1,
        "1": 1,
        "2": 9,
        "3": 71,
        "4": 542,
        "5": 4064,
        "6": 12991
    },
    "22881": {
        "0": 1,
        "1": 1,
        "2": 10,
        "3": 85,
        "4": 720,
        "5": 6104,
        "6": 19304
    },
    "22882": {
        "0": 1,
        "1": 1,
        "2": 1,
        "3": 1,
        "4": 12,
        "5": 88,
        "6": 603
    },
    "22883": {
        "0": 1,
        "1": 11,
        "2": 98,
        "3": 839,
        "4": 7013,
        "5": 27410,
        "6": 76142
    },
    "22884": {
        "0": 1,
        "1": 11,
        "2": 86,
        "3": 645,
        "4": 4794,
        "5": 18328,
        "6": 44332
    },
    "22885": {
        "0": 1,
        "1": 10,
        "2": 83,
        "3": 684,
        "4": 5553,
        "5": 16971,
        "6": 33870
    },
    "22886": {
        "0": 1,
        "1": 1,
        "2": 10,
        "3": 79,
        "4": 609,
        "5": 4560,
        "6": 17781
    },
    "22887": {
        "0": 1,
        "1": 1,
        "2": 1,
        "3": 1,
        "4": 14,
        "5": 127,
        "6": 1031
    },
    "22888": {
        "0": 1,
        "1": 10,
        "2": 86,
        "3": 733,
        "4": 6242,
        "5": 22637,
        "6": 55551
    },
    "22889": {
        "0": 1,
        "1": 1,
        "2": 11,
        "3": 85,
        "4": 599,
        "5": 4092,
        "6": 12148
    },
    "22890": {
        "0": 1,
        "1": 1,
        "2": 11,
        "3": 83,
        "4": 606,
        "5": 4414,
        "6": 14316
    },
    "22891": {
        "0": 1,
        "1": 1,
        "2": 1,
        "3": 1,
        "4": 1,
        "5": 1,
        "6": 1
    },
    "22892": {
        "0": 1,
        "1": 1,
        "2": 1,
        "3": 1,
        "4": 1,
        "5": 10,
        "6": 84
    },
    "22893": {
        "0": 1,
        "1": 1,
        "2": 12,
        "3": 99,
        "4": 763,
        "5": 5848,
        "6": 26205
    },
    "22894": {
        "0": 1,
        "1": 1,
        "2": 1,
        "3": 12,
        "4": 106,
        "5": 906,
        "6": 7717
    },
    "22895": {
        "0": 1,
        "1": 10,
        "2": 82,
        "3": 672,
        "4": 5492,
        "5": 13795,
        "6": 23932
    },
    "22896": {
        "0": 1,
        "1": 1,
        "2": 10,
        "3": 84,
        "4": 709,
        "5": 5997,
        "6": 18565
    },
    "22897": {
        "0": 1,
        "1": 1,
        "2": 1,
        "3": 10,
        "4": 84,
        "5": 735,
        "6": 6442
    },
    "22898": {
        "0": 1,
        "1": 1,
        "2": 12,
        "3": 94,
        "4": 688,
        "5": 5048,
        "6": 18431
    },
    "22899": {
        "0": 1,
        "1": 12,
        "2": 96,
        "3": 711,
        "4": 5216,
        "5": 20875,
        "6": 59281
    }
}