{
    "14200": {
        "0": 1,
        "1": 1,
        "2": 1,
        "3": 1,
        "4": 11,
        "5": 98,
        "6": 853
    },
    "14201": {
        "0": 1,
        "1": 1,
        "2": 11,
        "3": 92,
        "4": 750,
        "5": 6014,
        "6": 20237
    },
    "14202": {
        "0": 1,
        "1": 11,
        "2": 75,
        "3": 481,
        "4": 3102,
        "5": 9777,
        "6": 23616
    },
    "14203": {
        "0": 1,
        "1": 1,
        "2": 9,
        "3": 72,
        "4": 559,
        "5": 4354,
        "6": 14961
    },
    "14204": {
        "0": 1,
        "1": 9,
        "2": 58,
        "3": 373,
        "4": 2426,
        "5": 6856,
        "6": 15986
    },
    "14205": {
        "0": 1,
        "1": 1,
        "2": 11,
        "3": 92,
        "4": 774,
        "5": 6614,
        "6": 24168
    },
    "14206": {
        "0": 1,
        "1": 1,
        "2": 11,
        "3": 102,
        "4": 905,
        "5": 7845,
        "6": 37134
    },
    "14207": {
        "0": 1,
        "1": 1,
        "2": 1,
        "3": 10,
        "4": 78,
        "5": 591,
        "6": 4393
    },
    "14208": {
        "0": 1,
        "1": 1,
        "2": 10,
        "3": 67,
        "4": 444,
        "5": 2983,
        "6": 9870
    },
    "14209": {
        "0": 1,
        "1": 12,
        "2": 89,
        "3": 612,
        "4": 4211,
        "5": 18680,
        "6": 60052
    },
    "14210": {
        "0": 1,
        "1": 10,
        "2": 78,
        "3": 611,
        "4": 4839,
        "5": 18949,
        "6": 45641
    },
    "14211": {
        "0": 1,
        "1": 1,
        "2": 11,
        "3": 93,
        "4": 778,
        "5": 6453,
        "6": 23001
    },
    "14212": {
        "0": 1,
        "1": 1,
        "2": 10,
        "3": 85,
        "4": 719,
        "5": 6016,
        "6": 22068
    },
    "14213": {
        "0": 1,
        "1": 1,
        "2": 1,
        "3": 1,
        "4": 1,
        "5": 13,
        "6": 113
    },
    "14214": {
        "0": 1,
        "1": 1,
        "2": 12,
        "3": 95,
        "4": 708,
        "5": 5300,
        "6": 20824
    },
    "14215": {
        "0": 1,
        "1": 1,
        "2": 10,
        "3": 87,
        "4": 749,
        "5": 6333,
        "6": 22374
    },
    "14216": {
        "0": 1,
        "1": 1,
        "2": 1,
        "3": 11,
        "4": 82,
        "5": 610,
        "6": 4509
    },
    "14217": {
        "0": 1,
        "1": 10,
        "2": 85,
        "3": 724,
        "4": 6137,
        "5": 19426,
        "6": 40187
    },
    "14218": {
        "0": 1,
        "1": 10,
        "2": 78,
        "3": 587,
        "4": 4409,
        "5": 15840,
        "6": 37990
    },
    "14219": {
        "0": 1,
        "1": 1,
        "2": 1,
        "3": 10,
        "4": 78,
        "5": 600,
        "6": 4543
    },
    "14220": {
        "0": 1,
        "1": 1,
        "2": 1,
        "3": 10,
        "4": 73,
        "5": 537,
        "6": 3911
    },
    "14221": {
        "0": 1,
        "1": 1,
        "2": 11,
        "3": 86,
        "4": 624,
        "5": 4443,
        "6": 15847
    },
    "14222": {
        "0": 1,
        "1": 12,
        "2": 93,
        "3": 682,
        "4": 5006,
        "5": 19509,
        "6": 50245
    },
    "14223": {
        "0": 1,
        "1": 10,
        "2": 79,
        "3": 588,
        "4": 4337,
        "5": 15920,
        "6": 46322
    },
    "14224": {
        "0": 1,
        "1": 11,
        "2": 84,
        "3": 635,
        "4": 4850,
        "5": 17903,
        "6": 44942
    },
    "14225": {
        "0": 1,
        "1": 1,
        "2": 11,
        "3": 69,
        "4": 420,
        "5": 2547,
        "6": 10355
    },
    "14226": {
        "0": 1,
        "1": 1,
        "2": 1,
        "3": 1,
        "4": 11,
        "5": 87,
        "6": 680
    },
    "14227": {
        "0": 1,
        "1": 9,
        "2": 68,
        "3": 511,
        "4": 3857,
        "5": 10007,
        "6": 19626
    },
    "14228": {
        "0": 1,
        "1": 8,
        "2": 65,
        "3": 524,
        "4": 4155,
        "5": 13661,
        "6": 33177
    },
    "14229": {
        "0": 1,
        "1": 1,
        "2": 12,
        "3": 103,
        "4": 870,
        "5": 7282,
        "6": 30337
    },
    "14230": {
        "0": 1,
        "1": 10,
        "2": 83,
        "3": 686,
        "4": 5575,
        "5": 17092,
        "6": 37843
    },
    "14231": {
        "0": 1,
        "1": 1,
        "2": 1,
        "3": 1,
        "4": 11,
        "5": 91,
        "6": 771
    },
    "14232": {
        "0": 1,
        "1": 1,
        "2": 9,
        "3": 71,
        "4": 559,
        "5": 4329,
        "6": 15692
    },
    "14233": {
        "0": 1,
        "1": 1,
        "2": 12,
        "3": 95,
        "4": 724,
        "5": 5469,
        "6": 22267
    },
    "14234": {
        "0": 1,
        "1": 1,
        "2": 11,
        "3": 90,
        "4": 681,
        "5": 4991,
        "6": 20239
    },
    "14235": {
        "0": 1,
        "1": 1,
        "2": 10,
        "3": 84,
        "4": 705,
        "5": 5873,
        "6": 18263
    },
    "14236": {
        "0": 1,
        "1": 11,
        "2": 88,
        "3": 680,
        "4": 5278,
        "5": 21734,
        "6": 66750
    },
    "14237": {
        "0": 1,
        "1": 1,
        "2": 1,
        "3": 1,
        "4": 1,
        "5": 9,
        "6": 78
    },
    "14238": {
        "0": 1,
        "1": 1,
        "2": 8,
        "3": 65,
        "4": 530,
        "5": 4338,
        "6": 5624
    },
    "14239": {
        "0": 1,
        "1": 1,
        "2": 13,
        "3": 95,
        "4": 648,
        "5": 4490,
        "6": 20974
    },
    "14240": {
        "0": 1,
        "1": 1,
        "2": 11,
        "3": 86,
        "4": 637,
        "5": 4620,
        "6": 15705
    },
    "14241": {
        "0": 1,
        "1": 10,
        "2": 72,
        "3": 529,
        "4": 3977,
        "5": 11136,
        "6": 20670
    },
    "14242": {
        "0": 1,
        "1": 10,
        "2": 85,
        "3": 749,
        "4": 6499,
        "5": 25341,
        "6": 65216
    },
    "14243": {
        "0": 1,
        "1": 1,
        "2": 1,
        "3": 1,
        "4": 11,
        "5": 84,
        "6": 616
    },
    "14244": {
        "0": 1,
        "1": 1,
        "2": 11,
        "3": 87,
        "4": 656,
        "5": 4891,
        "6": 18815
    },
    "14245": {
        "0": 1,
        "1": 11,
        "2": 98,
        "3": 834,
        "4": 6820,
        "5": 28585,
        "6": 78052
    },
    "14246": {
        "0": 1,
        "1": 10,
        "2": 78,
        "3": 597,
        "4": 4571,
        "5": 15895,
        "6": 41923
    },
    "14247": {
        "0": 1,
        "1": 1,
        "2": 9,
        "3": 73,
        "4": 543,
        "5": 3913,
        "6": 12225
    },
    "14248": {
        "0": 1,
        "1": 1,
        "2": 9,
        "3": 70,
        "4": 542,
        "5": 4215,
        "6": 13888
    },
    "14249": {
        "0": 1,
        "1": 11,
        "2": 94,
        "3": 799,
        "4": 6807,
        "5": 25493,
        "6": 61127
    },
    "14250": {
        "0": 1,
        "1": 1,
        "2": 1,
        "3": 11,
        "4": 63,
        "5": 376,
        "6": 2276
    },
    "14251": {
        "0": 1,
        "1": 10,
        "2": 76,
        "3": 568,
        "4": 4267,
        "5": 13051,
        "6": 30872
    },
    "14252": {
        "0": 1,
        "1": 9,
        "2": 70,
        "3": 561,
        "4": 4462,
        "5": 16040,
        "6": 40284
    },
    "14253": {
        "0": 1,
        "1": 1,
        "2": 11,
        "3": 92,
        "4": 769,
        "5": 6448,
        "6": 21693
    },
    "14254": {
        "0": 1,
        "1": 1,
        "2": 10,
        "3": 79,
        "4": 583,
        "5": 4218,
        "6": 12919
    },
    "14255": {
        "0": 1,
        "1": 1,
        "2": 1,
        "3": 1,
        "4": 12,
        "5": 97,
        "6": 750
    },
    "14256": {
        "0": 1,
        "1": 10,
        "2": 85,
        "3": 732,
        "4": 6237,
        "5": 20366,
        "6": 39950
    },
    "14257": {
        "0": 1,
        "1": 1,
        "2": 10,
        "3": 78,
        "4": 598,
        "5": 4563,
        "6": 17425
    },
    "14258": {
        "0": 1,
        "1": 1,
        "2": 1,
        "3": 1,
        "4": 10,
        "5": 81,
        "6": 667
    },
    "14259": {
        "0": 1,
        "1": 1,
        "2": 10,
        "3": 86,
        "4": 741,
        "5": 6300,
        "6": 23152
    },
    "14260": {
        "0": 1,
        "1": 1,
        "2": 1,
        "3": 9,
        "4": 68,
        "5": 519,
        "6": 3908
    },
    "14261": {
        "0": 1,
        "1": 1,
        "2": 9,
        "3": 72,
        "4": 588,
        "5": 4786,
        "6": 8860
    },
    "14262": {
        "0": 1,
        "1": 9,
        "2": 67,
        "3": 487,
        "4": 3470,
        "5": 9009,
        "6": 18676
    },
    "14263": {
        "0": 1,
        "1": 1,
        "2": 8,
        "3": 62,
        "4": 482,
        "5": 3701,
        "6": 11110
    },
    "14264": {
        "0": 1,
        "1": 1,
        "2": 9,
        "3": 75,
        "4": 625,
        "5": 5122,
        "6": 13364
    },
    "14265": {
        "0": 1,
        "1": 1,
        "2": 12,
        "3": 105,
        "4": 893,
        "5": 7592,
        "6": 32054
    },
    "14266": {
        "0": 1,
        "1": 1,
        "2": 1,
        "3": 9,
        "4": 75,
        "5": 642,
        "6": 5440
    },
    "14267": {
        "0": 1,
        "1": 1,
        "2": 8,
        "3": 60,
        "4": 450,
        "5": 3384,
        "6": 6524
    },
    "14268": {
        "0": 1,
        "1": 1,
        "2": 1,
        "3": 1,
        "4": 11,
        "5": 85,
        "6": 636
    },
    "14269": {
        "0": 1,
        "1": 10,
        "2": 76,
        "3": 568,
        "4": 4297,
        "5": 13545,
        "6": 29315
    },
    "14270": {
        "0": 1,
        "1": 9,
        "2": 60,
        "3": 399,
        "4": 2620,
        "5": 8233,
        "6": 20343
    },
    "14271": {
        "0": 1,
        "1": 1,
        "2": 1,
        "3": 8,
        "4": 61,
        "5": 471,
        "6": 3653
    },
    "14272": {
        "0": 1,
        "1": 1,
        "2": 1,
        "3": 10,
        "4": 80,
        "5": 612,
        "6": 4650
    },
    "14273": {
        "0": 1,
        "1": 1,
        "2": 1,
        "3": 8,
        "4": 71,
        "5": 616,
        "6": 5301
    },
    "14274": {
        "0": 1,
        "1": 1,
        "2": 11,
        "3": 79,
        "4": 542,
        "5": 3672,
        "6": 14492
    },
    "14275": {
        "0": 1,
        "1": 9,
        "2": 59,
        "3": 390,
        "4": 2604,
        "5": 7065,
        "6": 16087
    },
    "14276": {
        "0": 1,
        "1": 1,
        "2": 9,
        "3": 77,
        "4": 653,
        "5": 5464,
        "6": 15312
    },
    "14277": {
        "0": 1,
        "1": 10,
        "2": 85,
        "3": 731,
        "4": 6306,
        "5": 21748,
        "6": 53542
    },
    "14278": {
        "0": 1,
        "1": 1,
        "2": 1,
        "3": 11,
        "4": 84,
        "5": 614,
        "6": 4458
    },
    "14279": {
        "0": 1,
        "1": 1,
        "2": 10,
        "3": 84,
        "4": 669,
        "5": 5186,
        "6": 14314
    },
    "14280": {
        "0": 1,
        "1": 1,
        "2": 9,
        "3": 62,
        "4": 410,
        "5": 2706,
        "6": 8909
    },
    "14281": {
        "0": 1,
        "1": 1,
        "2": 1,
        "3": 12,
        "4": 106,
        "5": 922,
        "6": 7961
    },
    "14282": {
        "0": 1,
        "1": 1,
        "2": 10,
        "3": 80,
        "4": 619,
        "5": 4754,
        "6": 17290
    },
    "14283": {
        "0": 1,
        "1": 1,
        "2": 1,
        "3": 12,
        "4": 105,
        "5": 885,
        "6": 7255
    },
    "14284": {
        "0": 1,
        "1": 8,
        "2": 69,
        "3": 581,
        "4": 4857,
        "5": 10380,
        "6": 14717
    },
    "14285": {
        "0": 1,
        "1": 10,
        "2": 76,
        "3": 569,
        "4": 4249,
        "5": 14266,
        "6": 34221
    },
    "14286": {
        "0": 1,
        "1": 1,
        "2": 10,
        "3": 84,
        "4": 698,
        "5": 5714,
        "6": 17922
    },
    "14287": {
        "0": 1,
        "1": 10,
        "2": 83,
        "3": 687,
        "4": 5711,
        "5": 17393,
        "6": 38006
    },
    "14288": {
        "0": 1,
        "1": 11,
        "2": 90,
        "3": 733,
        "4": 5975,
        "5": 18542,
        "6": 42206
    },
    "14289": {
        "0": 1,
        "1": 8,
        "2": 50,
        "3": 318,
        "4": 2028,
        "5": 5239,
        "6": 10536
    },
    "14290": {
        "0": 1,
        "1": 12,
        "2": 100,
        "3": 803,
        "4": 6357,
        "5": 22196,
        "6": 52319
    },
    "14291": {
        "0": 1,
        "1": 10,
        "2": 85,
        "3": 726,
        "4": 6204,
        "5": 20422,
        "6": 41703
    },
    "14292": {
        "0": 1,
        "1": 8,
        "2": 70,
        "3": 600,
        "4": 5127,
        "5": 13421,
        "6": 26431
    },
    "14293": {
        "0": 1,
        "1": 10,
        "2": 77,
        "3": 592,
        "4": 4607,
        "5": 16943,
        "6": 42318
    },
    "14294": {
        "0": 1,
        "1": 1,
        "2": 10,
        "3": 87,
        "4": 734,
        "5": 6073,
        "6": 21519
    },
    "14295": {
        "0": 1,
        "1": 1,
        "2": 10,
        "3": 88,
        "4": 766,
        "5": 6506,
        "6": 26264
    },
    "14296": {
        "0": 1,
        "1": 1,
        "2": 1,
        "3": 14,
        "4": 116,
        "5": 848,
        "6": 6118
    },
    "14297": {
        "0": 1,
        "1": 1,
        "2": 1,
        "3": 12,
        "4": 98,
        "5": 742,
        "6": 5498
    },
    "14298": {
        "0": 1,
        "1": 1,
        "2": 12,
        "3": 100,
        "4": 831,
        "5": 6778,
        "6": 26878
    },
    "14299": {
        "0": 1,
        "1": 10,
        "2": 72,
        "3": 496,
        "4": 3368,
        "5": 13566,
        "6": 38568
    }
}