{
    "30700": {
        "0": 1,
        "1": 9,
        "2": 71,
        "3": 549,
        "4": 4160,
        "5": 13729,
        "6": 29778
    },
    "30701": {
        "0": 1,
        "1": 8,
        "2": 60,
        "3": 450,
        "4": 3396,
        "5": 6531,
        "6": 10593
    },
    "30702": {
        "0": 1,
        "1": 11,
        "2": 88,
        "3": 697,
        "4": 5544,
        "5": 25022,
        "6": 74755
    },
    "30703": {
        "0": 1,
        "1": 11,
        "2": 85,
        "3": 620,
        "4": 4403,
        "5": 15337,
        "6": 38623
    },
    "30704": {
        "0": 1,
        "1": 11,
        "2": 81,
        "3": 554,
        "4": 3718,
        "5": 14721,
        "6": 43655
    },
    "30705": {
        "0": 1,
        "1": 11,
        "2": 97,
        "3": 840,
        "4": 7265,
        "5": 30204,
        "6": 81308
    },
    "30706": {
        "0": 1,
        "1": 1,
        "2": 1,
        "3": 11,
        "4": 82,
        "5": 605,
        "6": 4428
    },
    "30707": {
        "0": 1,
        "1": 10,
        "2": 85,
        "3": 732,
        "4": 6231,
        "5": 22321,
        "6": 52971
    },
    "30708": {
        "0": 1,
        "1": 11,
        "2": 93,
        "3": 766,
        "4": 6207,
        "5": 22106,
        "6": 53590
    },
    "30709": {
        "0": 1,
        "1": 10,
        "2": 70,
        "3": 484,
        "4": 3351,
        "5": 12997,
        "6": 35310
    },
    "30710": {
        "0": 1,
        "1": 1,
        "2": 10,
        "3": 75,
        "4": 539,
        "5": 3824,
        "6": 11419
    },
    "30711": {
        "0": 1,
        "1": 1,
        "2": 10,
        "3": 88,
        "4": 770,
        "5": 6650,
        "6": 24327
    },
    "30712": {
        "0": 1,
        "1": 8,
        "2": 67,
        "3": 559,
        "4": 4660,
        "5": 8954,
        "6": 14103
    },
    "30713": {
        "0": 1,
        "1": 1,
        "2": 10,
        "3": 83,
        "4": 708,
        "5": 5930,
        "6": 19157
    },
    "30714": {
        "0": 1,
        "1": 1,
        "2": 12,
        "3": 95,
        "4": 732,
        "5": 5672,
        "6": 24673
    },
    "30715": {
        "0": 1,
        "1": 1,
        "2": 10,
        "3": 77,
        "4": 595,
        "5": 4582,
        "6": 17667
    },
    "30716": {
        "0": 1,
        "1": 1,
        "2": 12,
        "3": 99,
        "4": 802,
        "5": 6466,
        "6": 22143
    },
    "30717": {
        "0": 1,
        "1": 1,
        "2": 10,
        "3": 73,
        "4": 535,
        "5": 4032,
        "6": 11580
    },
    "30718": {
        "0": 1,
        "1": 10,
        "2": 75,
        "3": 561,
        "4": 4220,
        "5": 12904,
        "6": 27643
    },
    "30719": {
        "0": 1,
        "1": 1,
        "2": 10,
        "3": 76,
        "4": 558,
        "5": 4088,
        "6": 12621
    },
    "30720": {
        "0": 1,
        "1": 1,
        "2": 1,
        "3": 10,
        "4": 77,
        "5": 587,
        "6": 4509
    },
    "30721": {
        "0": 1,
        "1": 10,
        "2": 88,
        "3": 768,
        "4": 6677,
        "5": 25291,
        "6": 61328
    },
    "30722": {
        "0": 1,
        "1": 9,
        "2": 77,
        "3": 658,
        "4": 5551,
        "5": 16321,
        "6": 32995
    },
    "30723": {
        "0": 1,
        "1": 8,
        "2": 56,
        "3": 403,
        "4": 2893,
        "5": 10455,
        "6": 27061
    },
    "30724": {
        "0": 1,
        "1": 1,
        "2": 13,
        "3": 116,
        "4": 1006,
        "5": 8359,
        "6": 39810
    },
    "30725": {
        "0": 1,
        "1": 8,
        "2": 68,
        "3": 566,
        "4": 4657,
        "5": 10287,
        "6": 16697
    },
    "30726": {
        "0": 1,
        "1": 10,
        "2": 82,
        "3": 688,
        "4": 5792,
        "5": 16479,
        "6": 28915
    },
    "30727": {
        "0": 1,
        "1": 1,
        "2": 1,
        "3": 1,
        "4": 10,
        "5": 85,
        "6": 732
    },
    "30728": {
        "0": 1,
        "1": 8,
        "2": 61,
        "3": 460,
        "4": 3428,
        "5": 8029,
        "6": 14491
    },
    "30729": {
        "0": 1,
        "1": 11,
        "2": 93,
        "3": 783,
        "4": 6593,
        "5": 22929,
        "6": 51620
    },
    "30730": {
        "0": 1,
        "1": 11,
        "2": 74,
        "3": 495,
        "4": 3389,
        "5": 13137,
        "6": 33228
    },
    "30731": {
        "0": 1,
        "1": 11,
        "2": 89,
        "3": 720,
        "4": 5786,
        "5": 18609,
        "6": 40061
    },
    "30732": {
        "0": 1,
        "1": 12,
        "2": 87,
        "3": 595,
        "4": 4086,
        "5": 17980,
        "6": 58516
    },
    "30733": {
        "0": 1,
        "1": 1,
        "2": 10,
        "3": 66,
        "4": 442,
        "5": 3026,
        "6": 10503
    },
    "30734": {
        "0": 1,
        "1": 1,
        "2": 11,
        "3": 84,
        "4": 641,
        "5": 4831,
        "6": 19019
    },
    "30735": {
        "0": 1,
        "1": 1,
        "2": 12,
        "3": 85,
        "4": 555,
        "5": 3727,
        "6": 16286
    },
    "30736": {
        "0": 1,
        "1": 11,
        "2": 87,
        "3": 648,
        "4": 4729,
        "5": 16990,
        "6": 44132
    },
    "30737": {
        "0": 1,
        "1": 11,
        "2": 87,
        "3": 655,
        "4": 4993,
        "5": 19439,
        "6": 53957
    },
    "30738": {
        "0": 1,
        "1": 1,
        "2": 12,
        "3": 103,
        "4": 834,
        "5": 6681,
        "6": 23461
    },
    "30739": {
        "0": 1,
        "1": 1,
        "2": 11,
        "3": 85,
        "4": 617,
        "5": 4499,
        "6": 15363
    },
    "30740": {
        "0": 1,
        "1": 9,
        "2": 72,
        "3": 571,
        "4": 4505,
        "5": 16357,
        "6": 38461
    },
    "30741": {
        "0": 1,
        "1": 1,
        "2": 11,
        "3": 90,
        "4": 755,
        "5": 6372,
        "6": 21208
    },
    "30742": {
        "0": 1,
        "1": 1,
        "2": 1,
        "3": 11,
        "4": 88,
        "5": 680,
        "6": 5302
    },
    "30743": {
        "0": 1,
        "1": 9,
        "2": 78,
        "3": 642,
        "4": 5262,
        "5": 12931,
        "6": 22616
    },
    "30744": {
        "0": 1,
        "1": 1,
        "2": 10,
        "3": 82,
        "4": 691,
        "5": 5865,
        "6": 17072
    },
    "30745": {
        "0": 1,
        "1": 11,
        "2": 93,
        "3": 779,
        "4": 6425,
        "5": 22548,
        "6": 48865
    },
    "30746": {
        "0": 1,
        "1": 1,
        "2": 1,
        "3": 9,
        "4": 60,
        "5": 406,
        "6": 2768
    },
    "30747": {
        "0": 1,
        "1": 8,
        "2": 60,
        "3": 441,
        "4": 3217,
        "5": 6119,
        "6": 10147
    },
    "30748": {
        "0": 1,
        "1": 1,
        "2": 11,
        "3": 96,
        "4": 817,
        "5": 6874,
        "6": 24961
    },
    "30749": {
        "0": 1,
        "1": 1,
        "2": 1,
        "3": 12,
        "4": 88,
        "5": 592,
        "6": 4013
    },
    "30750": {
        "0": 1,
        "1": 1,
        "2": 1,
        "3": 10,
        "4": 92,
        "5": 804,
        "6": 6925
    },
    "30751": {
        "0": 1,
        "1": 8,
        "2": 62,
        "3": 480,
        "4": 3757,
        "5": 10540,
        "6": 19655
    },
    "30752": {
        "0": 1,
        "1": 1,
        "2": 1,
        "3": 1,
        "4": 12,
        "5": 107,
        "6": 952
    },
    "30753": {
        "0": 1,
        "1": 11,
        "2": 94,
        "3": 802,
        "4": 6861,
        "5": 26242,
        "6": 64431
    },
    "30754": {
        "0": 1,
        "1": 10,
        "2": 77,
        "3": 585,
        "4": 4379,
        "5": 15182,
        "6": 33075
    },
    "30755": {
        "0": 1,
        "1": 10,
        "2": 90,
        "3": 783,
        "4": 6672,
        "5": 25991,
        "6": 68045
    },
    "30756": {
        "0": 1,
        "1": 1,
        "2": 10,
        "3": 84,
        "4": 720,
        "5": 6153,
        "6": 19730
    },
    "30757": {
        "0": 1,
        "1": 10,
        "2": 86,
        "3": 744,
        "4": 6448,
        "5": 23196,
        "6": 57048
    },
    "30758": {
        "0": 1,
        "1": 1,
        "2": 1,
        "3": 1,
        "4": 9,
        "5": 72,
        "6": 589
    },
    "30759": {
        "0": 1,
        "1": 1,
        "2": 11,
        "3": 98,
        "4": 859,
        "5": 7433,
        "6": 31157
    },
    "30760": {
        "0": 1,
        "1": 1,
        "2": 8,
        "3": 64,
        "4": 501,
        "5": 3872,
        "6": 12445
    },
    "30761": {
        "0": 1,
        "1": 9,
        "2": 81,
        "3": 707,
        "4": 6086,
        "5": 21461,
        "6": 50339
    },
    "30762": {
        "0": 1,
        "1": 1,
        "2": 11,
        "3": 84,
        "4": 626,
        "5": 4740,
        "6": 17051
    },
    "30763": {
        "0": 1,
        "1": 1,
        "2": 1,
        "3": 13,
        "4": 108,
        "5": 821,
        "6": 6158
    },
    "30764": {
        "0": 1,
        "1": 10,
        "2": 82,
        "3": 691,
        "4": 5730,
        "5": 19492,
        "6": 41452
    },
    "30765": {
        "0": 1,
        "1": 11,
        "2": 95,
        "3": 780,
        "4": 6193,
        "5": 21658,
        "6": 54385
    },
    "30766": {
        "0": 1,
        "1": 11,
        "2": 82,
        "3": 607,
        "4": 4575,
        "5": 15706,
        "6": 41396
    },
    "30767": {
        "0": 1,
        "1": 1,
        "2": 9,
        "3": 77,
        "4": 677,
        "5": 5910,
        "6": 18611
    },
    "30768": {
        "0": 1,
        "1": 1,
        "2": 1,
        "3": 11,
        "4": 85,
        "5": 612,
        "6": 4355
    },
    "30769": {
        "0": 1,
        "1": 1,
        "2": 8,
        "3": 65,
        "4": 510,
        "5": 3915,
        "6": 12240
    },
    "30770": {
        "0": 1,
        "1": 10,
        "2": 81,
        "3": 671,
        "4": 5542,
        "5": 15675,
        "6": 30181
    },
    "30771": {
        "0": 1,
        "1": 1,
        "2": 11,
        "3": 77,
        "4": 502,
        "5": 3328,
        "6": 12090
    },
    "30772": {
        "0": 1,
        "1": 1,
        "2": 10,
        "3": 65,
        "4": 425,
        "5": 2830,
        "6": 8820
    },
    "30773": {
        "0": 1,
        "1": 1,
        "2": 9,
        "3": 68,
        "4": 528,
        "5": 4062,
        "6": 13736
    },
    "30774": {
        "0": 1,
        "1": 1,
        "2": 1,
        "3": 10,
        "4": 75,
        "5": 567,
        "6": 4327
    },
    "30775": {
        "0": 1,
        "1": 11,
        "2": 96,
        "3": 794,
        "4": 6510,
        "5": 22840,
        "6": 52867
    },
    "30776": {
        "0": 1,
        "1": 12,
        "2": 101,
        "3": 855,
        "4": 7284,
        "5": 29093,
        "6": 75945
    },
    "30777": {
        "0": 1,
        "1": 1,
        "2": 9,
        "3": 75,
        "4": 629,
        "5": 5273,
        "6": 11815
    },
    "30778": {
        "0": 1,
        "1": 1,
        "2": 12,
        "3": 97,
        "4": 732,
        "5": 5451,
        "6": 22329
    },
    "30779": {
        "0": 1,
        "1": 1,
        "2": 13,
        "3": 98,
        "4": 677,
        "5": 4760,
        "6": 23494
    },
    "30780": {
        "0": 1,
        "1": 1,
        "2": 11,
        "3": 99,
        "4": 884,
        "5": 7733,
        "6": 36795
    },
    "30781": {
        "0": 1,
        "1": 1,
        "2": 12,
        "3": 103,
        "4": 850,
        "5": 6887,
        "6": 25327
    },
    "30782": {
        "0": 1,
        "1": 11,
        "2": 98,
        "3": 861,
        "4": 7427,
        "5": 32554,
        "6": 89082
    },
    "30783": {
        "0": 1,
        "1": 1,
        "2": 1,
        "3": 9,
        "4": 75,
        "5": 646,
        "6": 5513
    },
    "30784": {
        "0": 1,
        "1": 1,
        "2": 1,
        "3": 12,
        "4": 90,
        "5": 627,
        "6": 4331
    },
    "30785": {
        "0": 1,
        "1": 12,
        "2": 97,
        "3": 744,
        "4": 5644,
        "5": 25370,
        "6": 77891
    },
    "30786": {
        "0": 1,
        "1": 1,
        "2": 11,
        "3": 83,
        "4": 619,
        "5": 4585,
        "6": 16625
    },
    "30787": {
        "0": 1,
        "1": 12,
        "2": 94,
        "3": 701,
        "4": 5291,
        "5": 21110,
        "6": 60672
    },
    "30788": {
        "0": 1,
        "1": 9,
        "2": 73,
        "3": 578,
        "4": 4536,
        "5": 16142,
        "6": 39119
    },
    "30789": {
        "0": 1,
        "1": 1,
        "2": 1,
        "3": 9,
        "4": 69,
        "5": 524,
        "6": 3958
    },
    "30790": {
        "0": 1,
        "1": 1,
        "2": 10,
        "3": 90,
        "4": 798,
        "5": 6890,
        "6": 28133
    },
    "30791": {
        "0": 1,
        "1": 10,
        "2": 81,
        "3": 612,
        "4": 4452,
        "5": 16166,
        "6": 42817
    },
    "30792": {
        "0": 1,
        "1": 1,
        "2": 1,
        "3": 1,
        "4": 10,
        "5": 77,
        "6": 584
    },
    "30793": {
        "0": 1,
        "1": 11,
        "2": 94,
        "3": 800,
        "4": 6768,
        "5": 24671,
        "6": 55587
    },
    "30794": {
        "0": 1,
        "1": 1,
        "2": 11,
        "3": 94,
        "4": 799,
        "5": 6848,
        "6": 26358
    },
    "30795": {
        "0": 1,
        "1": 1,
        "2": 1,
        "3": 1,
        "4": 1,
        "5": 11,
        "6": 86
    },
    "30796": {
        "0": 1,
        "1": 10,
        "2": 76,
        "3": 562,
        "4": 4115,
        "5": 12704,
        "6": 28593
    },
    "30797": {
        "0": 1,
        "1": 10,
        "2": 81,
        "3": 682,
        "4": 5704,
        "5": 17344,
        "6": 34910
    },
    "30798": {
        "0": 1,
        "1": 10,
        "2": 76,
        "3": 591,
        "4": 4623,
        "5": 17077,
        "6": 42384
    },
    "30799": {
        "0": 1,
        "1": 11,
        "2": 84,
        "3": 645,
        "4": 4979,
        "5": 19474,
        "6": 45934
    }
}