{
    "10700": {
        "0": 1,
        "1": 1,
        "2": 11,
        "3": 97,
        "4": 802,
        "5": 6381,
        "6": 24467
    },
    "10701": {
        "0": 1,
        "1": 1,
        "2": 1,
        "3": 1,
        "4": 1,
        "5": 13,
        "6": 100
    },
    "10702": {
        "0": 1,
        "1": 1,
        "2": 1,
        "3": 1,
        "4": 11,
        "5": 84,
        "6": 613
    },
    "10703": {
        "0": 1,
        "1": 1,
        "2": 12,
        "3": 101,
        "4": 793,
        "5": 6039,
        "6": 28136
    },
    "10704": {
        "0": 1,
        "1": 9,
        "2": 68,
        "3": 516,
        "4": 3880,
        "5": 9840,
        "6": 18914
    },
    "10705": {
        "0": 1,
        "1": 9,
        "2": 57,
        "3": 371,
        "4": 2468,
        "5": 7506,
        "6": 17767
    },
    "10706": {
        "0": 1,
        "1": 12,
        "2": 105,
        "3": 882,
        "4": 7410,
        "5": 29747,
        "6": 77027
    },
    "10707": {
        "0": 1,
        "1": 8,
        "2": 57,
        "3": 408,
        "4": 2861,
        "5": 9537,
        "6": 21096
    },
    "10708": {
        "0": 1,
        "1": 1,
        "2": 1,
        "3": 1,
        "4": 10,
        "5": 84,
        "6": 701
    },
    "10709": {
        "0": 1,
        "1": 11,
        "2": 94,
        "3": 796,
        "4": 6735,
        "5": 24461,
        "6": 58097
    },
    "10710": {
        "0": 1,
        "1": 8,
        "2": 68,
        "3": 562,
        "4": 4584,
        "5": 9196,
        "6": 13523
    },
    "10711": {
        "0": 1,
        "1": 9,
        "2": 71,
        "3": 519,
        "4": 3769,
        "5": 10062,
        "6": 23350
    },
    "10712": {
        "0": 1,
        "1": 1,
        "2": 1,
        "3": 10,
        "4": 77,
        "5": 580,
        "6": 4315
    },
    "10713": {
        "0": 1,
        "1": 9,
        "2": 68,
        "3": 512,
        "4": 3901,
        "5": 10717,
        "6": 21826
    },
    "10714": {
        "0": 1,
        "1": 1,
        "2": 10,
        "3": 68,
        "4": 442,
        "5": 2902,
        "6": 9028
    },
    "10715": {
        "0": 1,
        "1": 10,
        "2": 82,
        "3": 692,
        "4": 5915,
        "5": 18194,
        "6": 39330
    },
    "10716": {
        "0": 1,
        "1": 1,
        "2": 1,
        "3": 1,
        "4": 10,
        "5": 83,
        "6": 687
    },
    "10717": {
        "0": 1,
        "1": 10,
        "2": 79,
        "3": 621,
        "4": 4842,
        "5": 18619,
        "6": 48549
    },
    "10718": {
        "0": 1,
        "1": 1,
        "2": 10,
        "3": 79,
        "4": 598,
        "5": 4482,
        "6": 16331
    },
    "10719": {
        "0": 1,
        "1": 11,
        "2": 94,
        "3": 798,
        "4": 6685,
        "5": 25035,
        "6": 58159
    },
    "10720": {
        "0": 1,
        "1": 10,
        "2": 66,
        "3": 432,
        "4": 2840,
        "5": 8451,
        "6": 19116
    },
    "10721": {
        "0": 1,
        "1": 1,
        "2": 9,
        "3": 69,
        "4": 519,
        "5": 3841,
        "6": 10823
    },
    "10722": {
        "0": 1,
        "1": 11,
        "2": 87,
        "3": 654,
        "4": 4870,
        "5": 18911,
        "6": 47386
    },
    "10723": {
        "0": 1,
        "1": 1,
        "2": 1,
        "3": 9,
        "4": 75,
        "5": 643,
        "6": 5475
    },
    "10724": {
        "0": 1,
        "1": 13,
        "2": 118,
        "3": 1022,
        "4": 8724,
        "5": 41058,
        "6": 122203
    },
    "10725": {
        "0": 1,
        "1": 9,
        "2": 69,
        "3": 517,
        "4": 3847,
        "5": 11326,
        "6": 25273
    },
    "10726": {
        "0": 1,
        "1": 1,
        "2": 10,
        "3": 76,
        "4": 580,
        "5": 4452,
        "6": 15110
    },
    "10727": {
        "0": 1,
        "1": 10,
        "2": 84,
        "3": 714,
        "4": 5981,
        "5": 19231,
        "6": 46085
    },
    "10728": {
        "0": 1,
        "1": 1,
        "2": 1,
        "3": 12,
        "4": 106,
        "5": 926,
        "6": 7999
    },
    "10729": {
        "0": 1,
        "1": 10,
        "2": 82,
        "3": 699,
        "4": 5992,
        "5": 18446,
        "6": 39041
    },
    "10730": {
        "0": 1,
        "1": 1,
        "2": 10,
        "3": 84,
        "4": 652,
        "5": 4895,
        "6": 18808
    },
    "10731": {
        "0": 1,
        "1": 11,
        "2": 90,
        "3": 745,
        "4": 6160,
        "5": 20784,
        "6": 45958
    },
    "10732": {
        "0": 1,
        "1": 1,
        "2": 11,
        "3": 91,
        "4": 725,
        "5": 5624,
        "6": 17465
    },
    "10733": {
        "0": 1,
        "1": 1,
        "2": 12,
        "3": 97,
        "4": 735,
        "5": 5542,
        "6": 24209
    },
    "10734": {
        "0": 1,
        "1": 1,
        "2": 1,
        "3": 8,
        "4": 63,
        "5": 492,
        "6": 3811
    },
    "10735": {
        "0": 1,
        "1": 1,
        "2": 1,
        "3": 1,
        "4": 9,
        "5": 66,
        "6": 480
    },
    "10736": {
        "0": 1,
        "1": 1,
        "2": 9,
        "3": 75,
        "4": 634,
        "5": 5324,
        "6": 14424
    },
    "10737": {
        "0": 1,
        "1": 1,
        "2": 1,
        "3": 9,
        "4": 70,
        "5": 544,
        "6": 4196
    },
    "10738": {
        "0": 1,
        "1": 1,
        "2": 11,
        "3": 85,
        "4": 650,
        "5": 4999,
        "6": 19505
    },
    "10739": {
        "0": 1,
        "1": 1,
        "2": 10,
        "3": 83,
        "4": 687,
        "5": 5671,
        "6": 16315
    },
    "10740": {
        "0": 1,
        "1": 1,
        "2": 11,
        "3": 85,
        "4": 645,
        "5": 4947,
        "6": 18821
    },
    "10741": {
        "0": 1,
        "1": 10,
        "2": 78,
        "3": 606,
        "4": 4711,
        "5": 17748,
        "6": 44448
    },
    "10742": {
        "0": 1,
        "1": 10,
        "2": 94,
        "3": 833,
        "4": 7303,
        "5": 30845,
        "6": 84992
    },
    "10743": {
        "0": 1,
        "1": 12,
        "2": 96,
        "3": 734,
        "4": 5618,
        "5": 23837,
        "6": 67316
    },
    "10744": {
        "0": 1,
        "1": 1,
        "2": 13,
        "3": 110,
        "4": 863,
        "5": 6653,
        "6": 23263
    },
    "10745": {
        "0": 1,
        "1": 1,
        "2": 1,
        "3": 11,
        "4": 95,
        "5": 790,
        "6": 6321
    },
    "10746": {
        "0": 1,
        "1": 1,
        "2": 10,
        "3": 66,
        "4": 420,
        "5": 2706,
        "6": 8541
    },
    "10747": {
        "0": 1,
        "1": 8,
        "2": 61,
        "3": 459,
        "4": 3453,
        "5": 8736,
        "6": 15610
    },
    "10748": {
        "0": 1,
        "1": 1,
        "2": 1,
        "3": 12,
        "4": 99,
        "5": 769,
        "6": 5803
    },
    "10749": {
        "0": 1,
        "1": 9,
        "2": 61,
        "3": 416,
        "4": 2872,
        "5": 9511,
        "6": 25517
    },
    "10750": {
        "0": 1,
        "1": 1,
        "2": 1,
        "3": 11,
        "4": 88,
        "5": 694,
        "6": 5450
    },
    "10751": {
        "0": 1,
        "1": 8,
        "2": 55,
        "3": 357,
        "4": 2288,
        "5": 5502,
        "6": 12141
    },
    "10752": {
        "0": 1,
        "1": 11,
        "2": 92,
        "3": 772,
        "4": 6385,
        "5": 21903,
        "6": 45930
    },
    "10753": {
        "0": 1,
        "1": 8,
        "2": 64,
        "3": 504,
        "4": 3965,
        "5": 11953,
        "6": 30198
    },
    "10754": {
        "0": 1,
        "1": 1,
        "2": 12,
        "3": 103,
        "4": 846,
        "5": 6886,
        "6": 25882
    },
    "10755": {
        "0": 1,
        "1": 1,
        "2": 1,
        "3": 9,
        "4": 77,
        "5": 666,
        "6": 5647
    },
    "10756": {
        "0": 1,
        "1": 11,
        "2": 95,
        "3": 823,
        "4": 7059,
        "5": 27882,
        "6": 75787
    },
    "10757": {
        "0": 1,
        "1": 1,
        "2": 10,
        "3": 90,
        "4": 786,
        "5": 6611,
        "6": 26442
    },
    "10758": {
        "0": 1,
        "1": 11,
        "2": 92,
        "3": 748,
        "4": 5985,
        "5": 19772,
        "6": 46914
    },
    "10759": {
        "0": 1,
        "1": 10,
        "2": 82,
        "3": 687,
        "4": 5792,
        "5": 16433,
        "6": 28713
    },
    "10760": {
        "0": 1,
        "1": 1,
        "2": 9,
        "3": 75,
        "4": 620,
        "5": 5047,
        "6": 13049
    },
    "10761": {
        "0": 1,
        "1": 1,
        "2": 11,
        "3": 82,
        "4": 623,
        "5": 4790,
        "6": 18064
    },
    "10762": {
        "0": 1,
        "1": 10,
        "2": 74,
        "3": 542,
        "4": 4058,
        "5": 11551,
        "6": 24780
    },
    "10763": {
        "0": 1,
        "1": 1,
        "2": 14,
        "3": 119,
        "4": 968,
        "5": 7818,
        "6": 33139
    },
    "10764": {
        "0": 1,
        "1": 1,
        "2": 11,
        "3": 82,
        "4": 591,
        "5": 4257,
        "6": 13658
    },
    "10765": {
        "0": 1,
        "1": 1,
        "2": 10,
        "3": 77,
        "4": 597,
        "5": 4660,
        "6": 17436
    },
    "10766": {
        "0": 1,
        "1": 1,
        "2": 10,
        "3": 74,
        "4": 539,
        "5": 3970,
        "6": 9927
    },
    "10767": {
        "0": 1,
        "1": 1,
        "2": 10,
        "3": 73,
        "4": 538,
        "5": 3996,
        "6": 12461
    },
    "10768": {
        "0": 1,
        "1": 1,
        "2": 10,
        "3": 78,
        "4": 597,
        "5": 4558,
        "6": 15779
    },
    "10769": {
        "0": 1,
        "1": 1,
        "2": 1,
        "3": 10,
        "4": 82,
        "5": 693,
        "6": 5950
    },
    "10770": {
        "0": 1,
        "1": 1,
        "2": 9,
        "3": 76,
        "4": 644,
        "5": 5425,
        "6": 15412
    },
    "10771": {
        "0": 1,
        "1": 1,
        "2": 1,
        "3": 1,
        "4": 9,
        "5": 73,
        "6": 597
    },
    "10772": {
        "0": 1,
        "1": 1,
        "2": 1,
        "3": 11,
        "4": 90,
        "5": 695,
        "6": 5218
    },
    "10773": {
        "0": 1,
        "1": 11,
        "2": 88,
        "3": 661,
        "4": 4893,
        "5": 18946,
        "6": 54211
    },
    "10774": {
        "0": 1,
        "1": 9,
        "2": 69,
        "3": 534,
        "4": 4108,
        "5": 14167,
        "6": 36390
    },
    "10775": {
        "0": 1,
        "1": 1,
        "2": 9,
        "3": 68,
        "4": 513,
        "5": 3840,
        "6": 11124
    },
    "10776": {
        "0": 1,
        "1": 14,
        "2": 119,
        "3": 945,
        "4": 7426,
        "5": 39085,
        "6": 131352
    },
    "10777": {
        "0": 1,
        "1": 1,
        "2": 9,
        "3": 65,
        "4": 475,
        "5": 3475,
        "6": 8163
    },
    "10778": {
        "0": 1,
        "1": 1,
        "2": 1,
        "3": 11,
        "4": 91,
        "5": 746,
        "6": 6136
    },
    "10779": {
        "0": 1,
        "1": 10,
        "2": 89,
        "3": 771,
        "4": 6616,
        "5": 24199,
        "6": 59015
    },
    "10780": {
        "0": 1,
        "1": 1,
        "2": 1,
        "3": 1,
        "4": 1,
        "5": 1,
        "6": 9
    },
    "10781": {
        "0": 1,
        "1": 1,
        "2": 1,
        "3": 9,
        "4": 59,
        "5": 382,
        "6": 2518
    },
    "10782": {
        "0": 1,
        "1": 1,
        "2": 11,
        "3": 98,
        "4": 857,
        "5": 7302,
        "6": 31144
    },
    "10783": {
        "0": 1,
        "1": 10,
        "2": 80,
        "3": 606,
        "4": 4460,
        "5": 16842,
        "6": 44304
    },
    "10784": {
        "0": 1,
        "1": 9,
        "2": 78,
        "3": 663,
        "4": 5571,
        "5": 16322,
        "6": 31050
    },
    "10785": {
        "0": 1,
        "1": 11,
        "2": 92,
        "3": 770,
        "4": 6446,
        "5": 23485,
        "6": 62429
    },
    "10786": {
        "0": 1,
        "1": 11,
        "2": 79,
        "3": 542,
        "4": 3716,
        "5": 15348,
        "6": 41566
    },
    "10787": {
        "0": 1,
        "1": 1,
        "2": 12,
        "3": 95,
        "4": 708,
        "5": 5215,
        "6": 21119
    },
    "10788": {
        "0": 1,
        "1": 10,
        "2": 75,
        "3": 549,
        "4": 4035,
        "5": 12300,
        "6": 28554
    },
    "10789": {
        "0": 1,
        "1": 12,
        "2": 104,
        "3": 883,
        "4": 7461,
        "5": 30513,
        "6": 79965
    },
    "10790": {
        "0": 1,
        "1": 11,
        "2": 88,
        "3": 700,
        "4": 5525,
        "5": 15668,
        "6": 29895
    },
    "10791": {
        "0": 1,
        "1": 1,
        "2": 1,
        "3": 11,
        "4": 81,
        "5": 590,
        "6": 4332
    },
    "10792": {
        "0": 1,
        "1": 1,
        "2": 1,
        "3": 11,
        "4": 78,
        "5": 534,
        "6": 3709
    },
    "10793": {
        "0": 1,
        "1": 1,
        "2": 1,
        "3": 9,
        "4": 69,
        "5": 529,
        "6": 4099
    },
    "10794": {
        "0": 1,
        "1": 10,
        "2": 75,
        "3": 563,
        "4": 4167,
        "5": 15185,
        "6": 37111
    },
    "10795": {
        "0": 1,
        "1": 14,
        "2": 121,
        "3": 986,
        "4": 7964,
        "5": 34006,
        "6": 94025
    },
    "10796": {
        "0": 1,
        "1": 12,
        "2": 92,
        "3": 668,
        "4": 4875,
        "5": 18400,
        "6": 43500
    },
    "10797": {
        "0": 1,
        "1": 1,
        "2": 10,
        "3": 82,
        "4": 688,
        "5": 5745,
        "6": 17750
    },
    "10798": {
        "0": 1,
        "1": 10,
        "2": 80,
        "3": 662,
        "4": 5506,
        "5": 13615,
        "6": 23862
    },
    "10799": {
        "0": 1,
        "1": 9,
        "2": 77,
        "3": 672,
        "4": 5837,
        "5": 17853,
        "6": 35942
    }
}