{
    "21200": {
        "0": 1,
        "1": 1,
        "2": 10,
        "3": 84,
        "4": 721,
        "5": 6160,
        "6": 20028
    },
    "21201": {
        "0": 1,
        "1": 9,
        "2": 53,
        "3": 305,
        "4": 1763,
        "5": 5209,
        "6": 11173
    },
    "21202": {
        "0": 1,
        "1": 1,
        "2": 1,
        "3": 12,
        "4": 105,
        "5": 855,
        "6": 6822
    },
    "21203": {
        "0": 1,
        "1": 9,
        "2": 73,
        "3": 570,
        "4": 4414,
        "5": 14953,
        "6": 39812
    },
    "21204": {
        "0": 1,
        "1": 11,
        "2": 85,
        "3": 653,
        "4": 5052,
        "5": 19976,
        "6": 52525
    },
    "21205": {
        "0": 1,
        "1": 1,
        "2": 10,
        "3": 78,
        "4": 602,
        "5": 4623,
        "6": 16224
    },
    "21206": {
        "0": 1,
        "1": 1,
        "2": 10,
        "3": 69,
        "4": 452,
        "5": 2962,
        "6": 9280
    },
    "21207": {
        "0": 1,
        "1": 8,
        "2": 68,
        "3": 562,
        "4": 4575,
        "5": 9154,
        "6": 14532
    },
    "21208": {
        "0": 1,
        "1": 10,
        "2": 78,
        "3": 599,
        "4": 4592,
        "5": 16089,
        "6": 39170
    },
    "21209": {
        "0": 1,
        "1": 10,
        "2": 73,
        "3": 519,
        "4": 3632,
        "5": 14868,
        "6": 42266
    },
    "21210": {
        "0": 1,
        "1": 12,
        "2": 84,
        "3": 565,
        "4": 3868,
        "5": 16146,
        "6": 51681
    },
    "21211": {
        "0": 1,
        "1": 1,
        "2": 1,
        "3": 1,
        "4": 1,
        "5": 1,
        "6": 12
    },
    "21212": {
        "0": 1,
        "1": 10,
        "2": 67,
        "3": 450,
        "4": 3052,
        "5": 10514,
        "6": 27079
    },
    "21213": {
        "0": 1,
        "1": 10,
        "2": 77,
        "3": 574,
        "4": 4219,
        "5": 13616,
        "6": 26888
    },
    "21214": {
        "0": 1,
        "1": 1,
        "2": 12,
        "3": 107,
        "4": 935,
        "5": 8009,
        "6": 37378
    },
    "21215": {
        "0": 1,
        "1": 10,
        "2": 74,
        "3": 542,
        "4": 3908,
        "5": 12509,
        "6": 30737
    },
    "21216": {
        "0": 1,
        "1": 9,
        "2": 66,
        "3": 486,
        "4": 3621,
        "5": 8058,
        "6": 17012
    },
    "21217": {
        "0": 1,
        "1": 11,
        "2": 100,
        "3": 886,
        "4": 7825,
        "5": 36157,
        "6": 109847
    },
    "21218": {
        "0": 1,
        "1": 11,
        "2": 85,
        "3": 614,
        "4": 4398,
        "5": 15686,
        "6": 41734
    },
    "21219": {
        "0": 1,
        "1": 1,
        "2": 1,
        "3": 11,
        "4": 72,
        "5": 451,
        "6": 2856
    },
    "21220": {
        "0": 1,
        "1": 13,
        "2": 116,
        "3": 975,
        "4": 7925,
        "5": 35451,
        "6": 109009
    },
    "21221": {
        "0": 1,
        "1": 10,
        "2": 79,
        "3": 593,
        "4": 4367,
        "5": 16336,
        "6": 45101
    },
    "21222": {
        "0": 1,
        "1": 1,
        "2": 11,
        "3": 91,
        "4": 769,
        "5": 6424,
        "6": 23072
    },
    "21223": {
        "0": 1,
        "1": 10,
        "2": 83,
        "3": 635,
        "4": 4751,
        "5": 17648,
        "6": 49332
    },
    "21224": {
        "0": 1,
        "1": 14,
        "2": 117,
        "3": 887,
        "4": 6636,
        "5": 30563,
        "6": 96264
    },
    "21225": {
        "0": 1,
        "1": 1,
        "2": 11,
        "3": 75,
        "4": 495,
        "5": 3273,
        "6": 11319
    },
    "21226": {
        "0": 1,
        "1": 8,
        "2": 54,
        "3": 374,
        "4": 2592,
        "5": 7778,
        "6": 17929
    },
    "21227": {
        "0": 1,
        "1": 12,
        "2": 78,
        "3": 472,
        "4": 2897,
        "5": 12957,
        "6": 39444
    },
    "21228": {
        "0": 1,
        "1": 1,
        "2": 1,
        "3": 10,
        "4": 85,
        "5": 715,
        "6": 6048
    },
    "21229": {
        "0": 1,
        "1": 9,
        "2": 74,
        "3": 617,
        "4": 5105,
        "5": 11931,
        "6": 19250
    },
    "21230": {
        "0": 1,
        "1": 1,
        "2": 1,
        "3": 12,
        "4": 95,
        "5": 712,
        "6": 5251
    },
    "21231": {
        "0": 1,
        "1": 9,
        "2": 76,
        "3": 647,
        "4": 5432,
        "5": 15083,
        "6": 30424
    },
    "21232": {
        "0": 1,
        "1": 1,
        "2": 9,
        "3": 69,
        "4": 529,
        "5": 4040,
        "6": 11613
    },
    "21233": {
        "0": 1,
        "1": 11,
        "2": 87,
        "3": 670,
        "4": 5095,
        "5": 21145,
        "6": 60339
    },
    "21234": {
        "0": 1,
        "1": 10,
        "2": 80,
        "3": 624,
        "4": 4819,
        "5": 19591,
        "6": 53597
    },
    "21235": {
        "0": 1,
        "1": 10,
        "2": 69,
        "3": 468,
        "4": 3208,
        "5": 11737,
        "6": 33346
    },
    "21236": {
        "0": 1,
        "1": 1,
        "2": 1,
        "3": 12,
        "4": 104,
        "5": 882,
        "6": 7532
    },
    "21237": {
        "0": 1,
        "1": 10,
        "2": 71,
        "3": 467,
        "4": 3055,
        "5": 10785,
        "6": 29314
    },
    "21238": {
        "0": 1,
        "1": 10,
        "2": 84,
        "3": 667,
        "4": 5154,
        "5": 21958,
        "6": 65359
    },
    "21239": {
        "0": 1,
        "1": 10,
        "2": 78,
        "3": 604,
        "4": 4666,
        "5": 16938,
        "6": 41467
    },
    "21240": {
        "0": 1,
        "1": 1,
        "2": 9,
        "3": 74,
        "4": 610,
        "5": 4970,
        "6": 12291
    },
    "21241": {
        "0": 1,
        "1": 11,
        "2": 92,
        "3": 765,
        "4": 6197,
        "5": 20376,
        "6": 44663
    },
    "21242": {
        "0": 1,
        "1": 13,
        "2": 110,
        "3": 845,
        "4": 6391,
        "5": 30424,
        "6": 102406
    },
    "21243": {
        "0": 1,
        "1": 11,
        "2": 86,
        "3": 653,
        "4": 4954,
        "5": 18632,
        "6": 46474
    },
    "21244": {
        "0": 1,
        "1": 1,
        "2": 9,
        "3": 79,
        "4": 680,
        "5": 5818,
        "6": 19342
    },
    "21245": {
        "0": 1,
        "1": 9,
        "2": 61,
        "3": 409,
        "4": 2725,
        "5": 8074,
        "6": 20607
    },
    "21246": {
        "0": 1,
        "1": 11,
        "2": 78,
        "3": 534,
        "4": 3659,
        "5": 14872,
        "6": 42050
    },
    "21247": {
        "0": 1,
        "1": 11,
        "2": 87,
        "3": 650,
        "4": 4865,
        "5": 19097,
        "6": 55578
    },
    "21248": {
        "0": 1,
        "1": 9,
        "2": 76,
        "3": 639,
        "4": 5326,
        "5": 13894,
        "6": 24439
    },
    "21249": {
        "0": 1,
        "1": 1,
        "2": 11,
        "3": 88,
        "4": 677,
        "5": 5236,
        "6": 21324
    },
    "21250": {
        "0": 1,
        "1": 9,
        "2": 73,
        "3": 619,
        "4": 5283,
        "5": 12633,
        "6": 20581
    },
    "21251": {
        "0": 1,
        "1": 1,
        "2": 9,
        "3": 78,
        "4": 666,
        "5": 5683,
        "6": 16247
    },
    "21252": {
        "0": 1,
        "1": 9,
        "2": 62,
        "3": 423,
        "4": 2903,
        "5": 9631,
        "6": 24483
    },
    "21253": {
        "0": 1,
        "1": 9,
        "2": 74,
        "3": 585,
        "4": 4524,
        "5": 17281,
        "6": 46783
    },
    "21254": {
        "0": 1,
        "1": 1,
        "2": 8,
        "3": 65,
        "4": 528,
        "5": 4247,
        "6": 14292
    },
    "21255": {
        "0": 1,
        "1": 9,
        "2": 68,
        "3": 508,
        "4": 3766,
        "5": 10507,
        "6": 22333
    },
    "21256": {
        "0": 1,
        "1": 1,
        "2": 10,
        "3": 70,
        "4": 475,
        "5": 3241,
        "6": 11786
    },
    "21257": {
        "0": 1,
        "1": 1,
        "2": 10,
        "3": 72,
        "4": 518,
        "5": 3704,
        "6": 10979
    },
    "21258": {
        "0": 1,
        "1": 10,
        "2": 81,
        "3": 676,
        "4": 5633,
        "5": 16771,
        "6": 36979
    },
    "21259": {
        "0": 1,
        "1": 1,
        "2": 10,
        "3": 73,
        "4": 539,
        "5": 4047,
        "6": 11428
    },
    "21260": {
        "0": 1,
        "1": 1,
        "2": 1,
        "3": 1,
        "4": 10,
        "5": 72,
        "6": 505
    },
    "21261": {
        "0": 1,
        "1": 9,
        "2": 62,
        "3": 419,
        "4": 2808,
        "5": 9651,
        "6": 23838
    },
    "21262": {
        "0": 1,
        "1": 1,
        "2": 9,
        "3": 66,
        "4": 487,
        "5": 3631,
        "6": 8247
    },
    "21263": {
        "0": 1,
        "1": 9,
        "2": 79,
        "3": 675,
        "4": 5729,
        "5": 18034,
        "6": 34160
    },
    "21264": {
        "0": 1,
        "1": 1,
        "2": 10,
        "3": 84,
        "4": 710,
        "5": 6028,
        "6": 18608
    },
    "21265": {
        "0": 1,
        "1": 11,
        "2": 85,
        "3": 636,
        "4": 4760,
        "5": 18489,
        "6": 47488
    },
    "21266": {
        "0": 1,
        "1": 8,
        "2": 70,
        "3": 601,
        "4": 5132,
        "5": 11200,
        "6": 17021
    },
    "21267": {
        "0": 1,
        "1": 10,
        "2": 82,
        "3": 650,
        "4": 5032,
        "5": 10863,
        "6": 19967
    },
    "21268": {
        "0": 1,
        "1": 1,
        "2": 1,
        "3": 1,
        "4": 12,
        "5": 102,
        "6": 863
    },
    "21269": {
        "0": 1,
        "1": 1,
        "2": 10,
        "3": 84,
        "4": 690,
        "5": 5568,
        "6": 16604
    },
    "21270": {
        "0": 1,
        "1": 10,
        "2": 78,
        "3": 592,
        "4": 4461,
        "5": 16100,
        "6": 41392
    },
    "21271": {
        "0": 1,
        "1": 1,
        "2": 1,
        "3": 11,
        "4": 95,
        "5": 808,
        "6": 6780
    },
    "21272": {
        "0": 1,
        "1": 11,
        "2": 70,
        "3": 424,
        "4": 2591,
        "5": 10963,
        "6": 34256
    },
    "21273": {
        "0": 1,
        "1": 1,
        "2": 1,
        "3": 1,
        "4": 9,
        "5": 69,
        "6": 526
    },
    "21274": {
        "0": 1,
        "1": 11,
        "2": 96,
        "3": 804,
        "4": 6665,
        "5": 24419,
        "6": 63134
    },
    "21275": {
        "0": 1,
        "1": 11,
        "2": 95,
        "3": 816,
        "4": 6751,
        "5": 26832,
        "6": 65962
    },
    "21276": {
        "0": 1,
        "1": 12,
        "2": 93,
        "3": 667,
        "4": 4727,
        "5": 16337,
        "6": 40612
    },
    "21277": {
        "0": 1,
        "1": 9,
        "2": 80,
        "3": 701,
        "4": 6124,
        "5": 20505,
        "6": 47448
    },
    "21278": {
        "0": 1,
        "1": 9,
        "2": 66,
        "3": 495,
        "4": 3721,
        "5": 8838,
        "6": 16435
    },
    "21279": {
        "0": 1,
        "1": 1,
        "2": 10,
        "3": 87,
        "4": 740,
        "5": 6142,
        "6": 22279
    },
    "21280": {
        "0": 1,
        "1": 1,
        "2": 9,
        "3": 68,
        "4": 515,
        "5": 3908,
        "6": 10620
    },
    "21281": {
        "0": 1,
        "1": 10,
        "2": 85,
        "3": 709,
        "4": 5858,
        "5": 17899,
        "6": 36206
    },
    "21282": {
        "0": 1,
        "1": 9,
        "2": 64,
        "3": 443,
        "4": 3019,
        "5": 11383,
        "6": 33801
    },
    "21283": {
        "0": 1,
        "1": 8,
        "2": 67,
        "3": 565,
        "4": 4786,
        "5": 10286,
        "6": 16883
    },
    "21284": {
        "0": 1,
        "1": 1,
        "2": 9,
        "3": 60,
        "4": 400,
        "5": 2685,
        "6": 7726
    },
    "21285": {
        "0": 1,
        "1": 1,
        "2": 12,
        "3": 104,
        "4": 852,
        "5": 6868,
        "6": 25167
    },
    "21286": {
        "0": 1,
        "1": 12,
        "2": 94,
        "3": 695,
        "4": 5145,
        "5": 19168,
        "6": 51839
    },
    "21287": {
        "0": 1,
        "1": 9,
        "2": 67,
        "3": 498,
        "4": 3660,
        "5": 9534,
        "6": 19544
    },
    "21288": {
        "0": 1,
        "1": 1,
        "2": 11,
        "3": 78,
        "4": 517,
        "5": 3398,
        "6": 13287
    },
    "21289": {
        "0": 1,
        "1": 9,
        "2": 76,
        "3": 641,
        "4": 5389,
        "5": 15081,
        "6": 32232
    },
    "21290": {
        "0": 1,
        "1": 10,
        "2": 87,
        "3": 747,
        "4": 6334,
        "5": 22794,
        "6": 56415
    },
    "21291": {
        "0": 1,
        "1": 12,
        "2": 91,
        "3": 620,
        "4": 4129,
        "5": 18402,
        "6": 60759
    },
    "21292": {
        "0": 1,
        "1": 1,
        "2": 1,
        "3": 11,
        "4": 100,
        "5": 879,
        "6": 7562
    },
    "21293": {
        "0": 1,
        "1": 10,
        "2": 85,
        "3": 738,
        "4": 6416,
        "5": 22964,
        "6": 57379
    },
    "21294": {
        "0": 1,
        "1": 1,
        "2": 10,
        "3": 71,
        "4": 486,
        "5": 3324,
        "6": 12550
    },
    "21295": {
        "0": 1,
        "1": 9,
        "2": 75,
        "3": 646,
        "4": 5601,
        "5": 16194,
        "6": 35207
    },
    "21296": {
        "0": 1,
        "1": 1,
        "2": 11,
        "3": 98,
        "4": 848,
        "5": 7311,
        "6": 30064
    },
    "21297": {
        "0": 1,
        "1": 9,
        "2": 70,
        "3": 532,
        "4": 4032,
        "5": 13220,
        "6": 29738
    },
    "21298": {
        "0": 1,
        "1": 1,
        "2": 11,
        "3": 80,
        "4": 561,
        "5": 3944,
        "6": 17187
    },
    "21299": {
        "0": 1,
        "1": 11,
        "2": 88,
        "3": 669,
        "4": 5045,
        "5": 20034,
        "6": 58142
    }
}