{
    "31800": {
        "0": 1,
        "1": 10,
        "2": 85,
        "3": 727,
        "4": 6147,
        "5": 21511,
        "6": 51009
    },
    "31801": {
        "0": 1,
        "1": 14,
        "2": 124,
        "3": 1015,
        "4": 8209,
        "5": 35918,
        "6": 99925
    },
    "31802": {
        "0": 1,
        "1": 1,
        "2": 11,
        "3": 75,
        "4": 505,
        "5": 3465,
        "6": 13420
    },
    "31803": {
        "0": 1,
        "1": 11,
        "2": 77,
        "3": 507,
        "4": 3359,
        "5": 12244,
        "6": 35054
    },
    "31804": {
        "0": 1,
        "1": 9,
        "2": 80,
        "3": 685,
        "4": 5729,
        "5": 19297,
        "6": 45727
    },
    "31805": {
        "0": 1,
        "1": 10,
        "2": 85,
        "3": 730,
        "4": 6130,
        "5": 22830,
        "6": 58489
    },
    "31806": {
        "0": 1,
        "1": 8,
        "2": 70,
        "3": 594,
        "4": 4954,
        "5": 10992,
        "6": 18580
    },
    "31807": {
        "0": 1,
        "1": 11,
        "2": 93,
        "3": 777,
        "4": 6437,
        "5": 22716,
        "6": 48654
    },
    "31808": {
        "0": 1,
        "1": 1,
        "2": 1,
        "3": 12,
        "4": 95,
        "5": 699,
        "6": 4986
    },
    "31809": {
        "0": 1,
        "1": 1,
        "2": 12,
        "3": 80,
        "4": 476,
        "5": 2849,
        "6": 12121
    },
    "31810": {
        "0": 1,
        "1": 10,
        "2": 79,
        "3": 591,
        "4": 4256,
        "5": 14498,
        "6": 34645
    },
    "31811": {
        "0": 1,
        "1": 10,
        "2": 68,
        "3": 462,
        "4": 3180,
        "5": 11580,
        "6": 30875
    },
    "31812": {
        "0": 1,
        "1": 12,
        "2": 96,
        "3": 721,
        "4": 5379,
        "5": 22981,
        "6": 70980
    },
    "31813": {
        "0": 1,
        "1": 1,
        "2": 10,
        "3": 69,
        "4": 464,
        "5": 3074,
        "6": 11220
    },
    "31814": {
        "0": 1,
        "1": 14,
        "2": 122,
        "3": 951,
        "4": 7195,
        "5": 35143,
        "6": 116696
    },
    "31815": {
        "0": 1,
        "1": 11,
        "2": 94,
        "3": 787,
        "4": 6464,
        "5": 24184,
        "6": 56156
    },
    "31816": {
        "0": 1,
        "1": 10,
        "2": 70,
        "3": 456,
        "4": 2900,
        "5": 9348,
        "6": 22885
    },
    "31817": {
        "0": 1,
        "1": 11,
        "2": 83,
        "3": 619,
        "4": 4648,
        "5": 15917,
        "6": 37259
    },
    "31818": {
        "0": 1,
        "1": 11,
        "2": 72,
        "3": 463,
        "4": 3039,
        "5": 9881,
        "6": 22117
    },
    "31819": {
        "0": 1,
        "1": 10,
        "2": 87,
        "3": 756,
        "4": 6499,
        "5": 25337,
        "6": 66460
    },
    "31820": {
        "0": 1,
        "1": 9,
        "2": 66,
        "3": 490,
        "4": 3634,
        "5": 9822,
        "6": 20324
    },
    "31821": {
        "0": 1,
        "1": 9,
        "2": 70,
        "3": 552,
        "4": 4349,
        "5": 14942,
        "6": 38554
    },
    "31822": {
        "0": 1,
        "1": 1,
        "2": 9,
        "3": 58,
        "4": 383,
        "5": 2592,
        "6": 7541
    },
    "31823": {
        "0": 1,
        "1": 1,
        "2": 1,
        "3": 1,
        "4": 10,
        "5": 80,
        "6": 586
    },
    "31824": {
        "0": 1,
        "1": 11,
        "2": 82,
        "3": 603,
        "4": 4531,
        "5": 15273,
        "6": 38731
    },
    "31825": {
        "0": 1,
        "1": 9,
        "2": 75,
        "3": 642,
        "4": 5524,
        "5": 15208,
        "6": 28197
    },
    "31826": {
        "0": 1,
        "1": 10,
        "2": 69,
        "3": 468,
        "4": 3201,
        "5": 11686,
        "6": 28075
    },
    "31827": {
        "0": 1,
        "1": 12,
        "2": 100,
        "3": 767,
        "4": 5745,
        "5": 25376,
        "6": 78762
    },
    "31828": {
        "0": 1,
        "1": 1,
        "2": 10,
        "3": 86,
        "4": 764,
        "5": 6641,
        "6": 26450
    },
    "31829": {
        "0": 1,
        "1": 11,
        "2": 89,
        "3": 734,
        "4": 6001,
        "5": 18547,
        "6": 39636
    },
    "31830": {
        "0": 1,
        "1": 1,
        "2": 12,
        "3": 109,
        "4": 961,
        "5": 8412,
        "6": 40554
    },
    "31831": {
        "0": 1,
        "1": 1,
        "2": 1,
        "3": 10,
        "4": 75,
        "5": 561,
        "6": 4204
    },
    "31832": {
        "0": 1,
        "1": 10,
        "2": 79,
        "3": 592,
        "4": 4383,
        "5": 14940,
        "6": 37245
    },
    "31833": {
        "0": 1,
        "1": 11,
        "2": 82,
        "3": 593,
        "4": 4280,
        "5": 13498,
        "6": 30847
    },
    "31834": {
        "0": 1,
        "1": 1,
        "2": 9,
        "3": 79,
        "4": 659,
        "5": 5346,
        "6": 17004
    },
    "31835": {
        "0": 1,
        "1": 1,
        "2": 1,
        "3": 11,
        "4": 92,
        "5": 777,
        "6": 6582
    },
    "31836": {
        "0": 1,
        "1": 10,
        "2": 78,
        "3": 596,
        "4": 4523,
        "5": 15318,
        "6": 38242
    },
    "31837": {
        "0": 1,
        "1": 1,
        "2": 1,
        "3": 10,
        "4": 74,
        "5": 541,
        "6": 4001
    },
    "31838": {
        "0": 1,
        "1": 1,
        "2": 10,
        "3": 76,
        "4": 576,
        "5": 4386,
        "6": 14374
    },
    "31839": {
        "0": 1,
        "1": 9,
        "2": 74,
        "3": 615,
        "4": 5138,
        "5": 10593,
        "6": 17784
    },
    "31840": {
        "0": 1,
        "1": 10,
        "2": 73,
        "3": 510,
        "4": 3540,
        "5": 14134,
        "6": 38775
    },
    "31841": {
        "0": 1,
        "1": 10,
        "2": 79,
        "3": 612,
        "4": 4713,
        "5": 17262,
        "6": 42982
    },
    "31842": {
        "0": 1,
        "1": 11,
        "2": 85,
        "3": 637,
        "4": 4747,
        "5": 18208,
        "6": 48287
    },
    "31843": {
        "0": 1,
        "1": 8,
        "2": 71,
        "3": 628,
        "4": 5499,
        "5": 17378,
        "6": 41614
    },
    "31844": {
        "0": 1,
        "1": 11,
        "2": 99,
        "3": 888,
        "4": 7866,
        "5": 36400,
        "6": 110867
    },
    "31845": {
        "0": 1,
        "1": 1,
        "2": 10,
        "3": 86,
        "4": 728,
        "5": 5987,
        "6": 20664
    },
    "31846": {
        "0": 1,
        "1": 1,
        "2": 1,
        "3": 9,
        "4": 69,
        "5": 521,
        "6": 3949
    },
    "31847": {
        "0": 1,
        "1": 11,
        "2": 87,
        "3": 659,
        "4": 4988,
        "5": 18672,
        "6": 50736
    },
    "31848": {
        "0": 1,
        "1": 1,
        "2": 1,
        "3": 10,
        "4": 85,
        "5": 724,
        "6": 6080
    },
    "31849": {
        "0": 1,
        "1": 10,
        "2": 78,
        "3": 610,
        "4": 4801,
        "5": 18780,
        "6": 46846
    },
    "31850": {
        "0": 1,
        "1": 13,
        "2": 94,
        "3": 604,
        "4": 3959,
        "5": 17022,
        "6": 51534
    },
    "31851": {
        "0": 1,
        "1": 8,
        "2": 68,
        "3": 562,
        "4": 4588,
        "5": 9323,
        "6": 14172
    },
    "31852": {
        "0": 1,
        "1": 1,
        "2": 1,
        "3": 1,
        "4": 9,
        "5": 76,
        "6": 649
    },
    "31853": {
        "0": 1,
        "1": 10,
        "2": 80,
        "3": 619,
        "4": 4774,
        "5": 17606,
        "6": 44445
    },
    "31854": {
        "0": 1,
        "1": 9,
        "2": 79,
        "3": 691,
        "4": 6029,
        "5": 19690,
        "6": 43919
    },
    "31855": {
        "0": 1,
        "1": 9,
        "2": 80,
        "3": 709,
        "4": 6244,
        "5": 21927,
        "6": 56297
    },
    "31856": {
        "0": 1,
        "1": 1,
        "2": 1,
        "3": 11,
        "4": 93,
        "5": 766,
        "6": 6247
    },
    "31857": {
        "0": 1,
        "1": 12,
        "2": 95,
        "3": 725,
        "4": 5543,
        "5": 23259,
        "6": 72526
    },
    "31858": {
        "0": 1,
        "1": 14,
        "2": 118,
        "3": 866,
        "4": 6156,
        "5": 28069,
        "6": 89354
    },
    "31859": {
        "0": 1,
        "1": 10,
        "2": 83,
        "3": 665,
        "4": 5327,
        "5": 23557,
        "6": 72961
    },
    "31860": {
        "0": 1,
        "1": 9,
        "2": 74,
        "3": 623,
        "4": 5272,
        "5": 12202,
        "6": 19898
    },
    "31861": {
        "0": 1,
        "1": 9,
        "2": 66,
        "3": 493,
        "4": 3701,
        "5": 10802,
        "6": 26014
    },
    "31862": {
        "0": 1,
        "1": 12,
        "2": 91,
        "3": 680,
        "4": 5136,
        "5": 19937,
        "6": 54351
    },
    "31863": {
        "0": 1,
        "1": 9,
        "2": 72,
        "3": 570,
        "4": 4469,
        "5": 15827,
        "6": 37718
    },
    "31864": {
        "0": 1,
        "1": 1,
        "2": 1,
        "3": 10,
        "4": 79,
        "5": 614,
        "6": 4720
    },
    "31865": {
        "0": 1,
        "1": 1,
        "2": 11,
        "3": 91,
        "4": 715,
        "5": 5524,
        "6": 24865
    },
    "31866": {
        "0": 1,
        "1": 1,
        "2": 1,
        "3": 9,
        "4": 69,
        "5": 533,
        "6": 4110
    },
    "31867": {
        "0": 1,
        "1": 1,
        "2": 1,
        "3": 11,
        "4": 84,
        "5": 621,
        "6": 4480
    },
    "31868": {
        "0": 1,
        "1": 11,
        "2": 85,
        "3": 615,
        "4": 4401,
        "5": 14353,
        "6": 37518
    },
    "31869": {
        "0": 1,
        "1": 10,
        "2": 86,
        "3": 720,
        "4": 5955,
        "5": 18943,
        "6": 43746
    },
    "31870": {
        "0": 1,
        "1": 1,
        "2": 9,
        "3": 61,
        "4": 411,
        "5": 2804,
        "6": 8900
    },
    "31871": {
        "0": 1,
        "1": 1,
        "2": 12,
        "3": 75,
        "4": 433,
        "5": 2607,
        "6": 11081
    },
    "31872": {
        "0": 1,
        "1": 1,
        "2": 10,
        "3": 77,
        "4": 581,
        "5": 4275,
        "6": 15223
    },
    "31873": {
        "0": 1,
        "1": 11,
        "2": 92,
        "3": 751,
        "4": 6117,
        "5": 19770,
        "6": 42201
    },
    "31874": {
        "0": 1,
        "1": 1,
        "2": 11,
        "3": 87,
        "4": 717,
        "5": 5978,
        "6": 17427
    },
    "31875": {
        "0": 1,
        "1": 1,
        "2": 9,
        "3": 71,
        "4": 558,
        "5": 4409,
        "6": 15687
    },
    "31876": {
        "0": 1,
        "1": 10,
        "2": 76,
        "3": 567,
        "4": 4245,
        "5": 14176,
        "6": 37807
    },
    "31877": {
        "0": 1,
        "1": 11,
        "2": 89,
        "3": 657,
        "4": 4605,
        "5": 15950,
        "6": 41864
    },
    "31878": {
        "0": 1,
        "1": 1,
        "2": 9,
        "3": 77,
        "4": 662,
        "5": 5712,
        "6": 16651
    },
    "31879": {
        "0": 1,
        "1": 1,
        "2": 1,
        "3": 10,
        "4": 83,
        "5": 698,
        "6": 5831
    },
    "31880": {
        "0": 1,
        "1": 11,
        "2": 84,
        "3": 605,
        "4": 4331,
        "5": 13867,
        "6": 38218
    },
    "31881": {
        "0": 1,
        "1": 1,
        "2": 9,
        "3": 57,
        "4": 368,
        "5": 2418,
        "6": 7139
    },
    "31882": {
        "0": 1,
        "1": 1,
        "2": 9,
        "3": 81,
        "4": 715,
        "5": 6263,
        "6": 21708
    },
    "31883": {
        "0": 1,
        "1": 1,
        "2": 1,
        "3": 10,
        "4": 76,
        "5": 560,
        "6": 4024
    },
    "31884": {
        "0": 1,
        "1": 11,
        "2": 85,
        "3": 649,
        "4": 4972,
        "5": 18873,
        "6": 46652
    },
    "31885": {
        "0": 1,
        "1": 11,
        "2": 86,
        "3": 657,
        "4": 5083,
        "5": 20247,
        "6": 48307
    },
    "31886": {
        "0": 1,
        "1": 1,
        "2": 12,
        "3": 81,
        "4": 542,
        "5": 3735,
        "6": 15876
    },
    "31887": {
        "0": 1,
        "1": 1,
        "2": 11,
        "3": 79,
        "4": 519,
        "5": 3328,
        "6": 12363
    },
    "31888": {
        "0": 1,
        "1": 1,
        "2": 10,
        "3": 69,
        "4": 481,
        "5": 3377,
        "6": 13251
    },
    "31889": {
        "0": 1,
        "1": 1,
        "2": 10,
        "3": 79,
        "4": 608,
        "5": 4624,
        "6": 16700
    },
    "31890": {
        "0": 1,
        "1": 1,
        "2": 1,
        "3": 12,
        "4": 97,
        "5": 752,
        "6": 5762
    },
    "31891": {
        "0": 1,
        "1": 10,
        "2": 83,
        "3": 701,
        "4": 5852,
        "5": 18395,
        "6": 33355
    },
    "31892": {
        "0": 1,
        "1": 11,
        "2": 93,
        "3": 796,
        "4": 6817,
        "5": 25980,
        "6": 64659
    },
    "31893": {
        "0": 1,
        "1": 8,
        "2": 61,
        "3": 454,
        "4": 3365,
        "5": 7649,
        "6": 13407
    },
    "31894": {
        "0": 1,
        "1": 1,
        "2": 1,
        "3": 10,
        "4": 73,
        "5": 497,
        "6": 3330
    },
    "31895": {
        "0": 1,
        "1": 11,
        "2": 94,
        "3": 799,
        "4": 6726,
        "5": 26362,
        "6": 65484
    },
    "31896": {
        "0": 1,
        "1": 1,
        "2": 1,
        "3": 9,
        "4": 67,
        "5": 505,
        "6": 3823
    },
    "31897": {
        "0": 1,
        "1": 1,
        "2": 1,
        "3": 10,
        "4": 84,
        "5": 705,
        "6": 5813
    },
    "31898": {
        "0": 1,
        "1": 1,
        "2": 1,
        "3": 11,
        "4": 73,
        "5": 469,
        "6": 3055
    },
    "31899": {
        "0": 1,
        "1": 10,
        "2": 76,
        "3": 556,
        "4": 4050,
        "5": 12113,
        "6": 32666
    }
}