{
    "4300": {
        "0": 1,
        "1": 12,
        "2": 93,
        "3": 681,
        "4": 4987,
        "5": 19603,
        "6": 50714
    },
    "4301": {
        "0": 1,
        "1": 1,
        "2": 1,
        "3": 1,
        "4": 1,
        "5": 11,
        "6": 88
    },
    "4302": {
        "0": 1,
        "1": 1,
        "2": 1,
        "3": 12,
        "4": 90,
        "5": 612,
        "6": 4127
    },
    "4303": {
        "0": 1,
        "1": 1,
        "2": 1,
        "3": 14,
        "4": 120,
        "5": 929,
        "6": 7058
    },
    "4304": {
        "0": 1,
        "1": 1,
        "2": 1,
        "3": 13,
        "4": 116,
        "5": 1006,
        "6": 8603
    },
    "4305": {
        "0": 1,
        "1": 1,
        "2": 1,
        "3": 1,
        "4": 9,
        "5": 67,
        "6": 508
    },
    "4306": {
        "0": 1,
        "1": 11,
        "2": 87,
        "3": 655,
        "4": 4935,
        "5": 18324,
        "6": 50416
    },
    "4307": {
        "0": 1,
        "1": 10,
        "2": 75,
        "3": 537,
        "4": 3880,
        "5": 11031,
        "6": 26795
    },
    "4308": {
        "0": 1,
        "1": 11,
        "2": 92,
        "3": 778,
        "4": 6635,
        "5": 24290,
        "6": 63620
    },
    "4309": {
        "0": 1,
        "1": 9,
        "2": 69,
        "3": 526,
        "4": 3933,
        "5": 11665,
        "6": 25005
    },
    "4310": {
        "0": 1,
        "1": 1,
        "2": 1,
        "3": 11,
        "4": 92,
        "5": 714,
        "6": 5441
    },
    "4311": {
        "0": 1,
        "1": 11,
        "2": 85,
        "3": 641,
        "4": 4867,
        "5": 17938,
        "6": 44956
    },
    "4312": {
        "0": 1,
        "1": 8,
        "2": 68,
        "3": 562,
        "4": 4565,
        "5": 17404,
        "6": 44390
    },
    "4313": {
        "0": 1,
        "1": 1,
        "2": 1,
        "3": 11,
        "4": 100,
        "5": 853,
        "6": 7140
    },
    "4314": {
        "0": 1,
        "1": 11,
        "2": 89,
        "3": 695,
        "4": 5434,
        "5": 23291,
        "6": 67117
    },
    "4315": {
        "0": 1,
        "1": 1,
        "2": 11,
        "3": 87,
        "4": 711,
        "5": 5864,
        "6": 18297
    },
    "4316": {
        "0": 1,
        "1": 12,
        "2": 90,
        "3": 618,
        "4": 4193,
        "5": 18274,
        "6": 54490
    },
    "4317": {
        "0": 1,
        "1": 1,
        "2": 11,
        "3": 81,
        "4": 592,
        "5": 4291,
        "6": 13728
    },
    "4318": {
        "0": 1,
        "1": 11,
        "2": 88,
        "3": 665,
        "4": 4868,
        "5": 19556,
        "6": 51049
    },
    "4319": {
        "0": 1,
        "1": 8,
        "2": 72,
        "3": 635,
        "4": 5598,
        "5": 16486,
        "6": 32395
    },
    "4320": {
        "0": 1,
        "1": 8,
        "2": 62,
        "3": 486,
        "4": 3846,
        "5": 11414,
        "6": 24896
    },
    "4321": {
        "0": 1,
        "1": 10,
        "2": 76,
        "3": 580,
        "4": 4418,
        "5": 14723,
        "6": 31889
    },
    "4322": {
        "0": 1,
        "1": 1,
        "2": 10,
        "3": 69,
        "4": 468,
        "5": 3217,
        "6": 11935
    },
    "4323": {
        "0": 1,
        "1": 1,
        "2": 10,
        "3": 72,
        "4": 493,
        "5": 3352,
        "6": 13595
    },
    "4324": {
        "0": 1,
        "1": 1,
        "2": 1,
        "3": 1,
        "4": 8,
        "5": 62,
        "6": 479
    },
    "4325": {
        "0": 1,
        "1": 11,
        "2": 88,
        "3": 646,
        "4": 4733,
        "5": 17459,
        "6": 46483
    },
    "4326": {
        "0": 1,
        "1": 10,
        "2": 75,
        "3": 557,
        "4": 4145,
        "5": 12024,
        "6": 26549
    },
    "4327": {
        "0": 1,
        "1": 8,
        "2": 54,
        "3": 354,
        "4": 2292,
        "5": 4646,
        "6": 8698
    },
    "4328": {
        "0": 1,
        "1": 11,
        "2": 80,
        "3": 553,
        "4": 3846,
        "5": 16532,
        "6": 48640
    },
    "4329": {
        "0": 1,
        "1": 11,
        "2": 85,
        "3": 628,
        "4": 4662,
        "5": 17516,
        "6": 44927
    },
    "4330": {
        "0": 1,
        "1": 10,
        "2": 77,
        "3": 591,
        "4": 4558,
        "5": 16381,
        "6": 39085
    },
    "4331": {
        "0": 1,
        "1": 1,
        "2": 1,
        "3": 1,
        "4": 1,
        "5": 1,
        "6": 1
    },
    "4332": {
        "0": 1,
        "1": 9,
        "2": 68,
        "3": 514,
        "4": 3880,
        "5": 10407,
        "6": 17272
    },
    "4333": {
        "0": 1,
        "1": 14,
        "2": 119,
        "3": 904,
        "4": 6802,
        "5": 32261,
        "6": 96957
    },
    "4334": {
        "0": 1,
        "1": 1,
        "2": 1,
        "3": 8,
        "4": 69,
        "5": 579,
        "6": 4756
    },
    "4335": {
        "0": 1,
        "1": 1,
        "2": 12,
        "3": 102,
        "4": 858,
        "5": 7242,
        "6": 28634
    },
    "4336": {
        "0": 1,
        "1": 9,
        "2": 71,
        "3": 551,
        "4": 4198,
        "5": 14542,
        "6": 37711
    },
    "4337": {
        "0": 1,
        "1": 10,
        "2": 87,
        "3": 748,
        "4": 6283,
        "5": 21931,
        "6": 52357
    },
    "4338": {
        "0": 1,
        "1": 1,
        "2": 10,
        "3": 79,
        "4": 610,
        "5": 4684,
        "6": 16814
    },
    "4339": {
        "0": 1,
        "1": 1,
        "2": 10,
        "3": 84,
        "4": 689,
        "5": 5539,
        "6": 16461
    },
    "4340": {
        "0": 1,
        "1": 1,
        "2": 11,
        "3": 76,
        "4": 504,
        "5": 3364,
        "6": 12175
    },
    "4341": {
        "0": 1,
        "1": 1,
        "2": 1,
        "3": 9,
        "4": 68,
        "5": 516,
        "6": 3932
    },
    "4342": {
        "0": 1,
        "1": 1,
        "2": 1,
        "3": 1,
        "4": 10,
        "5": 60,
        "6": 335
    },
    "4343": {
        "0": 1,
        "1": 1,
        "2": 1,
        "3": 11,
        "4": 93,
        "5": 783,
        "6": 6508
    },
    "4344": {
        "0": 1,
        "1": 1,
        "2": 9,
        "3": 82,
        "4": 724,
        "5": 6411,
        "6": 23827
    },
    "4345": {
        "0": 1,
        "1": 9,
        "2": 76,
        "3": 639,
        "4": 5261,
        "5": 14887,
        "6": 28386
    },
    "4346": {
        "0": 1,
        "1": 9,
        "2": 71,
        "3": 543,
        "4": 4150,
        "5": 12631,
        "6": 26185
    },
    "4347": {
        "0": 1,
        "1": 11,
        "2": 96,
        "3": 815,
        "4": 6808,
        "5": 25961,
        "6": 70529
    },
    "4348": {
        "0": 1,
        "1": 1,
        "2": 9,
        "3": 66,
        "4": 488,
        "5": 3705,
        "6": 9455
    },
    "4349": {
        "0": 1,
        "1": 11,
        "2": 81,
        "3": 587,
        "4": 4282,
        "5": 14109,
        "6": 28395
    },
    "4350": {
        "0": 1,
        "1": 11,
        "2": 96,
        "3": 805,
        "4": 6633,
        "5": 23990,
        "6": 57511
    },
    "4351": {
        "0": 1,
        "1": 1,
        "2": 11,
        "3": 94,
        "4": 802,
        "5": 6814,
        "6": 27252
    },
    "4352": {
        "0": 1,
        "1": 1,
        "2": 9,
        "3": 70,
        "4": 537,
        "5": 4058,
        "6": 13113
    },
    "4353": {
        "0": 1,
        "1": 10,
        "2": 69,
        "3": 475,
        "4": 3192,
        "5": 12219,
        "6": 31030
    },
    "4354": {
        "0": 1,
        "1": 10,
        "2": 69,
        "3": 457,
        "4": 3055,
        "5": 10159,
        "6": 24320
    },
    "4355": {
        "0": 1,
        "1": 1,
        "2": 1,
        "3": 1,
        "4": 8,
        "5": 61,
        "6": 480
    },
    "4356": {
        "0": 1,
        "1": 13,
        "2": 108,
        "3": 817,
        "4": 6024,
        "5": 26743,
        "6": 81156
    },
    "4357": {
        "0": 1,
        "1": 11,
        "2": 88,
        "3": 683,
        "4": 5344,
        "5": 22688,
        "6": 65530
    },
    "4358": {
        "0": 1,
        "1": 9,
        "2": 51,
        "3": 301,
        "4": 1801,
        "5": 5983,
        "6": 15487
    },
    "4359": {
        "0": 1,
        "1": 1,
        "2": 1,
        "3": 10,
        "4": 71,
        "5": 476,
        "6": 3133
    },
    "4360": {
        "0": 1,
        "1": 9,
        "2": 75,
        "3": 623,
        "4": 5176,
        "5": 12592,
        "6": 26789
    },
    "4361": {
        "0": 1,
        "1": 1,
        "2": 12,
        "3": 103,
        "4": 794,
        "5": 6015,
        "6": 27947
    },
    "4362": {
        "0": 1,
        "1": 10,
        "2": 78,
        "3": 603,
        "4": 4627,
        "5": 16332,
        "6": 31375
    },
    "4363": {
        "0": 1,
        "1": 8,
        "2": 65,
        "3": 516,
        "4": 4099,
        "5": 13176,
        "6": 27015
    },
    "4364": {
        "0": 1,
        "1": 1,
        "2": 1,
        "3": 8,
        "4": 68,
        "5": 569,
        "6": 4772
    },
    "4365": {
        "0": 1,
        "1": 12,
        "2": 95,
        "3": 700,
        "4": 5109,
        "5": 20006,
        "6": 51739
    },
    "4366": {
        "0": 1,
        "1": 1,
        "2": 10,
        "3": 68,
        "4": 445,
        "5": 2973,
        "6": 9774
    },
    "4367": {
        "0": 1,
        "1": 1,
        "2": 8,
        "3": 72,
        "4": 632,
        "5": 5512,
        "6": 17640
    },
    "4368": {
        "0": 1,
        "1": 1,
        "2": 11,
        "3": 90,
        "4": 692,
        "5": 5186,
        "6": 21269
    },
    "4369": {
        "0": 1,
        "1": 1,
        "2": 1,
        "3": 1,
        "4": 12,
        "5": 94,
        "6": 688
    },
    "4370": {
        "0": 1,
        "1": 1,
        "2": 1,
        "3": 10,
        "4": 77,
        "5": 580,
        "6": 4363
    },
    "4371": {
        "0": 1,
        "1": 1,
        "2": 10,
        "3": 84,
        "4": 721,
        "5": 6077,
        "6": 20454
    },
    "4372": {
        "0": 1,
        "1": 10,
        "2": 80,
        "3": 597,
        "4": 4415,
        "5": 15213,
        "6": 36304
    },
    "4373": {
        "0": 1,
        "1": 1,
        "2": 9,
        "3": 73,
        "4": 623,
        "5": 5355,
        "6": 13638
    },
    "4374": {
        "0": 1,
        "1": 1,
        "2": 1,
        "3": 10,
        "4": 85,
        "5": 738,
        "6": 6411
    },
    "4375": {
        "0": 1,
        "1": 1,
        "2": 1,
        "3": 10,
        "4": 76,
        "5": 582,
        "6": 4568
    },
    "4376": {
        "0": 1,
        "1": 1,
        "2": 10,
        "3": 78,
        "4": 572,
        "5": 4036,
        "6": 12479
    },
    "4377": {
        "0": 1,
        "1": 1,
        "2": 11,
        "3": 96,
        "4": 823,
        "5": 6965,
        "6": 28148
    },
    "4378": {
        "0": 1,
        "1": 12,
        "2": 107,
        "3": 913,
        "4": 7583,
        "5": 31921,
        "6": 88657
    },
    "4379": {
        "0": 1,
        "1": 1,
        "2": 10,
        "3": 74,
        "4": 510,
        "5": 3468,
        "6": 14285
    },
    "4380": {
        "0": 1,
        "1": 1,
        "2": 9,
        "3": 62,
        "4": 415,
        "5": 2779,
        "6": 8351
    },
    "4381": {
        "0": 1,
        "1": 12,
        "2": 98,
        "3": 749,
        "4": 5532,
        "5": 23106,
        "6": 72152
    },
    "4382": {
        "0": 1,
        "1": 9,
        "2": 57,
        "3": 362,
        "4": 2347,
        "5": 5146,
        "6": 11043
    },
    "4383": {
        "0": 1,
        "1": 1,
        "2": 1,
        "3": 1,
        "4": 11,
        "5": 97,
        "6": 839
    },
    "4384": {
        "0": 1,
        "1": 13,
        "2": 102,
        "3": 753,
        "4": 5595,
        "5": 22995,
        "6": 65008
    },
    "4385": {
        "0": 1,
        "1": 11,
        "2": 92,
        "3": 767,
        "4": 6427,
        "5": 21414,
        "6": 46330
    },
    "4386": {
        "0": 1,
        "1": 10,
        "2": 80,
        "3": 613,
        "4": 4619,
        "5": 17382,
        "6": 48202
    },
    "4387": {
        "0": 1,
        "1": 13,
        "2": 115,
        "3": 975,
        "4": 8216,
        "5": 36538,
        "6": 98016
    },
    "4388": {
        "0": 1,
        "1": 1,
        "2": 10,
        "3": 77,
        "4": 573,
        "5": 4244,
        "6": 12345
    },
    "4389": {
        "0": 1,
        "1": 11,
        "2": 85,
        "3": 643,
        "4": 4813,
        "5": 18327,
        "6": 52679
    },
    "4390": {
        "0": 1,
        "1": 10,
        "2": 82,
        "3": 693,
        "4": 5866,
        "5": 17686,
        "6": 35963
    },
    "4391": {
        "0": 1,
        "1": 1,
        "2": 11,
        "3": 80,
        "4": 558,
        "5": 3851,
        "6": 16214
    },
    "4392": {
        "0": 1,
        "1": 10,
        "2": 86,
        "3": 732,
        "4": 6100,
        "5": 22377,
        "6": 53247
    },
    "4393": {
        "0": 1,
        "1": 1,
        "2": 11,
        "3": 84,
        "4": 631,
        "5": 4734,
        "6": 17903
    },
    "4394": {
        "0": 1,
        "1": 1,
        "2": 1,
        "3": 12,
        "4": 103,
        "5": 840,
        "6": 6769
    },
    "4395": {
        "0": 1,
        "1": 1,
        "2": 10,
        "3": 81,
        "4": 647,
        "5": 5123,
        "6": 21083
    },
    "4396": {
        "0": 1,
        "1": 1,
        "2": 11,
        "3": 100,
        "4": 879,
        "5": 7633,
        "6": 34878
    },
    "4397": {
        "0": 1,
        "1": 11,
        "2": 85,
        "3": 645,
        "4": 4881,
        "5": 17789,
        "6": 48351
    },
    "4398": {
        "0": 1,
        "1": 1,
        "2": 1,
        "3": 12,
        "4": 104,
        "5": 864,
        "6": 6974
    },
    "4399": {
        "0": 1,
        "1": 13,
        "2": 94,
        "3": 635,
        "4": 4361,
        "5": 19627,
        "6": 57671
    }
}