{
    "15900": {
        "0": 1,
        "1": 1,
        "2": 10,
        "3": 75,
        "4": 574,
        "5": 4421,
        "6": 14948
    },
    "15901": {
        "0": 1,
        "1": 1,
        "2": 9,
        "3": 68,
        "4": 526,
        "5": 4057,
        "6": 13867
    },
    "15902": {
        "0": 1,
        "1": 10,
        "2": 66,
        "3": 436,
        "4": 2933,
        "5": 9673,
        "6": 20667
    },
    "15903": {
        "0": 1,
        "1": 11,
        "2": 95,
        "3": 805,
        "4": 6859,
        "5": 25999,
        "6": 67472
    },
    "15904": {
        "0": 1,
        "1": 9,
        "2": 73,
        "3": 574,
        "4": 4456,
        "5": 15121,
        "6": 37796
    },
    "15905": {
        "0": 1,
        "1": 1,
        "2": 1,
        "3": 9,
        "4": 76,
        "5": 620,
        "6": 4956
    },
    "15906": {
        "0": 1,
        "1": 1,
        "2": 1,
        "3": 1,
        "4": 11,
        "5": 95,
        "6": 796
    },
    "15907": {
        "0": 1,
        "1": 1,
        "2": 1,
        "3": 1,
        "4": 1,
        "5": 1,
        "6": 9
    },
    "15908": {
        "0": 1,
        "1": 1,
        "2": 10,
        "3": 75,
        "4": 558,
        "5": 4229,
        "6": 12972
    },
    "15909": {
        "0": 1,
        "1": 1,
        "2": 1,
        "3": 10,
        "4": 70,
        "5": 481,
        "6": 3325
    },
    "15910": {
        "0": 1,
        "1": 1,
        "2": 9,
        "3": 70,
        "4": 533,
        "5": 4067,
        "6": 12013
    },
    "15911": {
        "0": 1,
        "1": 1,
        "2": 1,
        "3": 11,
        "4": 87,
        "5": 669,
        "6": 5121
    },
    "15912": {
        "0": 1,
        "1": 11,
        "2": 89,
        "3": 681,
        "4": 5104,
        "5": 20669,
        "6": 57518
    },
    "15913": {
        "0": 1,
        "1": 10,
        "2": 87,
        "3": 750,
        "4": 6420,
        "5": 22347,
        "6": 48966
    },
    "15914": {
        "0": 1,
        "1": 11,
        "2": 92,
        "3": 775,
        "4": 6552,
        "5": 22848,
        "6": 52674
    },
    "15915": {
        "0": 1,
        "1": 1,
        "2": 9,
        "3": 75,
        "4": 616,
        "5": 4947,
        "6": 11594
    },
    "15916": {
        "0": 1,
        "1": 1,
        "2": 1,
        "3": 1,
        "4": 11,
        "5": 88,
        "6": 637
    },
    "15917": {
        "0": 1,
        "1": 11,
        "2": 95,
        "3": 818,
        "4": 7033,
        "5": 27839,
        "6": 65534
    },
    "15918": {
        "0": 1,
        "1": 12,
        "2": 98,
        "3": 762,
        "4": 5865,
        "5": 25982,
        "6": 76555
    },
    "15919": {
        "0": 1,
        "1": 1,
        "2": 11,
        "3": 65,
        "4": 377,
        "5": 2263,
        "6": 9643
    },
    "15920": {
        "0": 1,
        "1": 1,
        "2": 12,
        "3": 98,
        "4": 796,
        "5": 6355,
        "6": 22501
    },
    "15921": {
        "0": 1,
        "1": 11,
        "2": 97,
        "3": 847,
        "4": 7389,
        "5": 31394,
        "6": 75387
    },
    "15922": {
        "0": 1,
        "1": 8,
        "2": 71,
        "3": 610,
        "4": 5199,
        "5": 13887,
        "6": 23456
    },
    "15923": {
        "0": 1,
        "1": 1,
        "2": 10,
        "3": 79,
        "4": 623,
        "5": 4927,
        "6": 19877
    },
    "15924": {
        "0": 1,
        "1": 1,
        "2": 8,
        "3": 62,
        "4": 471,
        "5": 3568,
        "6": 9796
    },
    "15925": {
        "0": 1,
        "1": 1,
        "2": 10,
        "3": 79,
        "4": 607,
        "5": 4656,
        "6": 16537
    },
    "15926": {
        "0": 1,
        "1": 8,
        "2": 63,
        "3": 476,
        "4": 3508,
        "5": 9902,
        "6": 19921
    },
    "15927": {
        "0": 1,
        "1": 1,
        "2": 9,
        "3": 77,
        "4": 641,
        "5": 5209,
        "6": 14032
    },
    "15928": {
        "0": 1,
        "1": 10,
        "2": 87,
        "3": 739,
        "4": 6208,
        "5": 21752,
        "6": 55990
    },
    "15929": {
        "0": 1,
        "1": 12,
        "2": 87,
        "3": 583,
        "4": 3921,
        "5": 16232,
        "6": 51746
    },
    "15930": {
        "0": 1,
        "1": 8,
        "2": 61,
        "3": 454,
        "4": 3335,
        "5": 8972,
        "6": 17916
    },
    "15931": {
        "0": 1,
        "1": 1,
        "2": 8,
        "3": 71,
        "4": 622,
        "5": 5452,
        "6": 15019
    },
    "15932": {
        "0": 1,
        "1": 11,
        "2": 94,
        "3": 809,
        "4": 6916,
        "5": 26067,
        "6": 58389
    },
    "15933": {
        "0": 1,
        "1": 1,
        "2": 1,
        "3": 1,
        "4": 1,
        "5": 12,
        "6": 76
    },
    "15934": {
        "0": 1,
        "1": 1,
        "2": 11,
        "3": 88,
        "4": 665,
        "5": 4817,
        "6": 18605
    },
    "15935": {
        "0": 1,
        "1": 1,
        "2": 8,
        "3": 60,
        "4": 455,
        "5": 3495,
        "6": 8213
    },
    "15936": {
        "0": 1,
        "1": 11,
        "2": 79,
        "3": 519,
        "4": 3362,
        "5": 11593,
        "6": 30609
    },
    "15937": {
        "0": 1,
        "1": 8,
        "2": 54,
        "3": 364,
        "4": 2454,
        "5": 6486,
        "6": 13257
    },
    "15938": {
        "0": 1,
        "1": 9,
        "2": 65,
        "3": 476,
        "4": 3490,
        "5": 8215,
        "6": 15861
    },
    "15939": {
        "0": 1,
        "1": 10,
        "2": 83,
        "3": 692,
        "4": 5734,
        "5": 17013,
        "6": 32364
    },
    "15940": {
        "0": 1,
        "1": 11,
        "2": 86,
        "3": 655,
        "4": 4975,
        "5": 18346,
        "6": 46100
    },
    "15941": {
        "0": 1,
        "1": 1,
        "2": 10,
        "3": 81,
        "4": 636,
        "5": 4963,
        "6": 19453
    },
    "15942": {
        "0": 1,
        "1": 12,
        "2": 90,
        "3": 671,
        "4": 5034,
        "5": 18833,
        "6": 43248
    },
    "15943": {
        "0": 1,
        "1": 1,
        "2": 10,
        "3": 84,
        "4": 706,
        "5": 5927,
        "6": 19628
    },
    "15944": {
        "0": 1,
        "1": 8,
        "2": 61,
        "3": 462,
        "4": 3524,
        "5": 9549,
        "6": 22982
    },
    "15945": {
        "0": 1,
        "1": 9,
        "2": 69,
        "3": 511,
        "4": 3810,
        "5": 9503,
        "6": 16892
    },
    "15946": {
        "0": 1,
        "1": 10,
        "2": 76,
        "3": 558,
        "4": 4117,
        "5": 11197,
        "6": 22542
    },
    "15947": {
        "0": 1,
        "1": 1,
        "2": 11,
        "3": 92,
        "4": 758,
        "5": 6239,
        "6": 21241
    },
    "15948": {
        "0": 1,
        "1": 1,
        "2": 12,
        "3": 97,
        "4": 733,
        "5": 5484,
        "6": 22136
    },
    "15949": {
        "0": 1,
        "1": 12,
        "2": 109,
        "3": 938,
        "4": 7856,
        "5": 36828,
        "6": 109916
    },
    "15950": {
        "0": 1,
        "1": 1,
        "2": 13,
        "3": 115,
        "4": 953,
        "5": 7749,
        "6": 32402
    },
    "15951": {
        "0": 1,
        "1": 1,
        "2": 12,
        "3": 94,
        "4": 704,
        "5": 5299,
        "6": 20949
    },
    "15952": {
        "0": 1,
        "1": 10,
        "2": 82,
        "3": 703,
        "4": 6035,
        "5": 19226,
        "6": 41410
    },
    "15953": {
        "0": 1,
        "1": 10,
        "2": 77,
        "3": 582,
        "4": 4362,
        "5": 13505,
        "6": 28929
    },
    "15954": {
        "0": 1,
        "1": 1,
        "2": 1,
        "3": 10,
        "4": 85,
        "5": 718,
        "6": 5906
    },
    "15955": {
        "0": 1,
        "1": 10,
        "2": 77,
        "3": 573,
        "4": 4278,
        "5": 14484,
        "6": 37315
    },
    "15956": {
        "0": 1,
        "1": 12,
        "2": 108,
        "3": 950,
        "4": 8204,
        "5": 37676,
        "6": 105296
    },
    "15957": {
        "0": 1,
        "1": 1,
        "2": 10,
        "3": 75,
        "4": 565,
        "5": 4320,
        "6": 14106
    },
    "15958": {
        "0": 1,
        "1": 1,
        "2": 9,
        "3": 79,
        "4": 676,
        "5": 5721,
        "6": 18057
    },
    "15959": {
        "0": 1,
        "1": 10,
        "2": 84,
        "3": 671,
        "4": 5239,
        "5": 22789,
        "6": 66027
    },
    "15960": {
        "0": 1,
        "1": 13,
        "2": 114,
        "3": 947,
        "4": 7790,
        "5": 33775,
        "6": 94096
    },
    "15961": {
        "0": 1,
        "1": 8,
        "2": 61,
        "3": 458,
        "4": 3439,
        "5": 6665,
        "6": 10551
    },
    "15962": {
        "0": 1,
        "1": 11,
        "2": 83,
        "3": 614,
        "4": 4485,
        "5": 15150,
        "6": 36973
    },
    "15963": {
        "0": 1,
        "1": 8,
        "2": 46,
        "3": 272,
        "4": 1631,
        "5": 4939,
        "6": 12821
    },
    "15964": {
        "0": 1,
        "1": 1,
        "2": 11,
        "3": 93,
        "4": 801,
        "5": 6916,
        "6": 27189
    },
    "15965": {
        "0": 1,
        "1": 1,
        "2": 1,
        "3": 9,
        "4": 61,
        "5": 422,
        "6": 2926
    },
    "15966": {
        "0": 1,
        "1": 9,
        "2": 76,
        "3": 633,
        "4": 5123,
        "5": 15152,
        "6": 33560
    },
    "15967": {
        "0": 1,
        "1": 10,
        "2": 79,
        "3": 617,
        "4": 4800,
        "5": 18075,
        "6": 49187
    },
    "15968": {
        "0": 1,
        "1": 1,
        "2": 1,
        "3": 10,
        "4": 78,
        "5": 609,
        "6": 4761
    },
    "15969": {
        "0": 1,
        "1": 13,
        "2": 96,
        "3": 643,
        "4": 4334,
        "5": 19151,
        "6": 55098
    },
    "15970": {
        "0": 1,
        "1": 1,
        "2": 11,
        "3": 82,
        "4": 606,
        "5": 4520,
        "6": 15053
    },
    "15971": {
        "0": 1,
        "1": 8,
        "2": 71,
        "3": 619,
        "4": 5351,
        "5": 15701,
        "6": 34676
    },
    "15972": {
        "0": 1,
        "1": 11,
        "2": 97,
        "3": 846,
        "4": 7270,
        "5": 29803,
        "6": 79660
    },
    "15973": {
        "0": 1,
        "1": 1,
        "2": 9,
        "3": 67,
        "4": 515,
        "5": 3995,
        "6": 12141
    },
    "15974": {
        "0": 1,
        "1": 13,
        "2": 109,
        "3": 898,
        "4": 7367,
        "5": 30005,
        "6": 80003
    },
    "15975": {
        "0": 1,
        "1": 1,
        "2": 9,
        "3": 70,
        "4": 535,
        "5": 4059,
        "6": 13293
    },
    "15976": {
        "0": 1,
        "1": 12,
        "2": 97,
        "3": 715,
        "4": 5131,
        "5": 20761,
        "6": 54686
    },
    "15977": {
        "0": 1,
        "1": 1,
        "2": 9,
        "3": 76,
        "4": 640,
        "5": 5330,
        "6": 14109
    },
    "15978": {
        "0": 1,
        "1": 1,
        "2": 8,
        "3": 69,
        "4": 575,
        "5": 4730,
        "6": 8536
    },
    "15979": {
        "0": 1,
        "1": 9,
        "2": 68,
        "3": 504,
        "4": 3739,
        "5": 9654,
        "6": 21641
    },
    "15980": {
        "0": 1,
        "1": 11,
        "2": 88,
        "3": 672,
        "4": 5116,
        "5": 19746,
        "6": 53232
    },
    "15981": {
        "0": 1,
        "1": 8,
        "2": 68,
        "3": 577,
        "4": 4830,
        "5": 9798,
        "6": 19230
    },
    "15982": {
        "0": 1,
        "1": 9,
        "2": 66,
        "3": 481,
        "4": 3443,
        "5": 8972,
        "6": 16644
    },
    "15983": {
        "0": 1,
        "1": 1,
        "2": 10,
        "3": 66,
        "4": 439,
        "5": 2935,
        "6": 9736
    },
    "15984": {
        "0": 1,
        "1": 10,
        "2": 76,
        "3": 576,
        "4": 4271,
        "5": 14138,
        "6": 34763
    },
    "15985": {
        "0": 1,
        "1": 10,
        "2": 75,
        "3": 547,
        "4": 3994,
        "5": 11927,
        "6": 25483
    },
    "15986": {
        "0": 1,
        "1": 10,
        "2": 68,
        "3": 464,
        "4": 3173,
        "5": 11316,
        "6": 28557
    },
    "15987": {
        "0": 1,
        "1": 8,
        "2": 54,
        "3": 373,
        "4": 2603,
        "5": 7898,
        "6": 21205
    },
    "15988": {
        "0": 1,
        "1": 11,
        "2": 94,
        "3": 812,
        "4": 6953,
        "5": 28654,
        "6": 75264
    },
    "15989": {
        "0": 1,
        "1": 11,
        "2": 77,
        "3": 510,
        "4": 3392,
        "5": 12284,
        "6": 30590
    },
    "15990": {
        "0": 1,
        "1": 12,
        "2": 94,
        "3": 692,
        "4": 5083,
        "5": 20296,
        "6": 58091
    },
    "15991": {
        "0": 1,
        "1": 10,
        "2": 81,
        "3": 620,
        "4": 4746,
        "5": 17335,
        "6": 44738
    },
    "15992": {
        "0": 1,
        "1": 10,
        "2": 75,
        "3": 532,
        "4": 3758,
        "5": 11030,
        "6": 24753
    },
    "15993": {
        "0": 1,
        "1": 1,
        "2": 9,
        "3": 77,
        "4": 629,
        "5": 4879,
        "6": 13573
    },
    "15994": {
        "0": 1,
        "1": 10,
        "2": 82,
        "3": 691,
        "4": 5778,
        "5": 18199,
        "6": 38354
    },
    "15995": {
        "0": 1,
        "1": 10,
        "2": 77,
        "3": 604,
        "4": 4759,
        "5": 18226,
        "6": 48373
    },
    "15996": {
        "0": 1,
        "1": 9,
        "2": 70,
        "3": 536,
        "4": 4061,
        "5": 13282,
        "6": 30843
    },
    "15997": {
        "0": 1,
        "1": 1,
        "2": 1,
        "3": 1,
        "4": 11,
        "5": 79,
        "6": 569
    },
    "15998": {
        "0": 1,
        "1": 10,
        "2": 78,
        "3": 601,
        "4": 4633,
        "5": 16756,
        "6": 41972
    },
    "15999": {
        "0": 1,
        "1": 1,
        "2": 1,
        "3": 1,
        "4": 13,
        "5": 98,
        "6": 682
    }
}