{
    "7700": {
        "0": 1,
        "1": 10,
        "2": 81,
        "3": 674,
        "4": 5548,
        "5": 15302,
        "6": 25155
    },
    "7701": {
        "0": 1,
        "1": 13,
        "2": 108,
        "3": 831,
        "4": 6348,
        "5": 29255,
        "6": 83047
    },
    "7702": {
        "0": 1,
        "1": 1,
        "2": 10,
        "3": 77,
        "4": 603,
        "5": 4644,
        "6": 18092
    },
    "7703": {
        "0": 1,
        "1": 1,
        "2": 9,
        "3": 67,
        "4": 506,
        "5": 3839,
        "6": 9784
    },
    "7704": {
        "0": 1,
        "1": 1,
        "2": 1,
        "3": 11,
        "4": 91,
        "5": 757,
        "6": 6349
    },
    "7705": {
        "0": 1,
        "1": 1,
        "2": 12,
        "3": 99,
        "4": 828,
        "5": 6868,
        "6": 26565
    },
    "7706": {
        "0": 1,
        "1": 1,
        "2": 1,
        "3": 1,
        "4": 1,
        "5": 12,
        "6": 101
    },
    "7707": {
        "0": 1,
        "1": 1,
        "2": 1,
        "3": 1,
        "4": 11,
        "5": 96,
        "6": 831
    },
    "7708": {
        "0": 1,
        "1": 1,
        "2": 1,
        "3": 10,
        "4": 86,
        "5": 756,
        "6": 6544
    },
    "7709": {
        "0": 1,
        "1": 12,
        "2": 95,
        "3": 720,
        "4": 5440,
        "5": 22149,
        "6": 59303
    },
    "7710": {
        "0": 1,
        "1": 8,
        "2": 69,
        "3": 593,
        "4": 5083,
        "5": 13118,
        "6": 27797
    },
    "7711": {
        "0": 1,
        "1": 1,
        "2": 1,
        "3": 1,
        "4": 11,
        "5": 77,
        "6": 519
    },
    "7712": {
        "0": 1,
        "1": 1,
        "2": 10,
        "3": 77,
        "4": 606,
        "5": 4755,
        "6": 17934
    },
    "7713": {
        "0": 1,
        "1": 8,
        "2": 68,
        "3": 581,
        "4": 4948,
        "5": 11624,
        "6": 23504
    },
    "7714": {
        "0": 1,
        "1": 1,
        "2": 8,
        "3": 62,
        "4": 474,
        "5": 3570,
        "6": 10486
    },
    "7715": {
        "0": 1,
        "1": 10,
        "2": 65,
        "3": 404,
        "4": 2502,
        "5": 6499,
        "6": 12409
    },
    "7716": {
        "0": 1,
        "1": 12,
        "2": 104,
        "3": 913,
        "4": 7979,
        "5": 35758,
        "6": 104493
    },
    "7717": {
        "0": 1,
        "1": 1,
        "2": 10,
        "3": 85,
        "4": 718,
        "5": 5998,
        "6": 19557
    },
    "7718": {
        "0": 1,
        "1": 11,
        "2": 82,
        "3": 604,
        "4": 4491,
        "5": 14351,
        "6": 31809
    },
    "7719": {
        "0": 1,
        "1": 1,
        "2": 11,
        "3": 93,
        "4": 777,
        "5": 6430,
        "6": 22935
    },
    "7720": {
        "0": 1,
        "1": 10,
        "2": 79,
        "3": 584,
        "4": 4258,
        "5": 15057,
        "6": 42054
    },
    "7721": {
        "0": 1,
        "1": 12,
        "2": 100,
        "3": 761,
        "4": 5641,
        "5": 25466,
        "6": 82526
    },
    "7722": {
        "0": 1,
        "1": 1,
        "2": 1,
        "3": 1,
        "4": 1,
        "5": 1,
        "6": 1
    },
    "7723": {
        "0": 1,
        "1": 1,
        "2": 11,
        "3": 86,
        "4": 669,
        "5": 5194,
        "6": 21044
    },
    "7724": {
        "0": 1,
        "1": 10,
        "2": 87,
        "3": 759,
        "4": 6592,
        "5": 24431,
        "6": 57753
    },
    "7725": {
        "0": 1,
        "1": 11,
        "2": 83,
        "3": 600,
        "4": 4286,
        "5": 15008,
        "6": 39406
    },
    "7726": {
        "0": 1,
        "1": 1,
        "2": 1,
        "3": 1,
        "4": 8,
        "5": 62,
        "6": 480
    },
    "7727": {
        "0": 1,
        "1": 13,
        "2": 111,
        "3": 837,
        "4": 6016,
        "5": 26921,
        "6": 81549
    },
    "7728": {
        "0": 1,
        "1": 10,
        "2": 90,
        "3": 786,
        "4": 6694,
        "5": 25922,
        "6": 62048
    },
    "7729": {
        "0": 1,
        "1": 12,
        "2": 89,
        "3": 614,
        "4": 4251,
        "5": 19160,
        "6": 62006
    },
    "7730": {
        "0": 1,
        "1": 12,
        "2": 87,
        "3": 572,
        "4": 3735,
        "5": 15562,
        "6": 44099
    },
    "7731": {
        "0": 1,
        "1": 1,
        "2": 10,
        "3": 76,
        "4": 571,
        "5": 4315,
        "6": 13502
    },
    "7732": {
        "0": 1,
        "1": 1,
        "2": 9,
        "3": 76,
        "4": 609,
        "5": 4739,
        "6": 11030
    },
    "7733": {
        "0": 1,
        "1": 12,
        "2": 94,
        "3": 703,
        "4": 5166,
        "5": 20423,
        "6": 54506
    },
    "7734": {
        "0": 1,
        "1": 9,
        "2": 72,
        "3": 572,
        "4": 4512,
        "5": 16284,
        "6": 41923
    },
    "7735": {
        "0": 1,
        "1": 11,
        "2": 77,
        "3": 508,
        "4": 3334,
        "5": 11675,
        "6": 32397
    },
    "7736": {
        "0": 1,
        "1": 1,
        "2": 11,
        "3": 68,
        "4": 403,
        "5": 2453,
        "6": 10250
    },
    "7737": {
        "0": 1,
        "1": 10,
        "2": 73,
        "3": 548,
        "4": 4186,
        "5": 13082,
        "6": 32262
    },
    "7738": {
        "0": 1,
        "1": 1,
        "2": 1,
        "3": 1,
        "4": 8,
        "5": 71,
        "6": 615
    },
    "7739": {
        "0": 1,
        "1": 10,
        "2": 88,
        "3": 769,
        "4": 6652,
        "5": 24733,
        "6": 58645
    },
    "7740": {
        "0": 1,
        "1": 1,
        "2": 10,
        "3": 85,
        "4": 723,
        "5": 6009,
        "6": 21418
    },
    "7741": {
        "0": 1,
        "1": 10,
        "2": 84,
        "3": 684,
        "4": 5427,
        "5": 16775,
        "6": 39806
    },
    "7742": {
        "0": 1,
        "1": 9,
        "2": 70,
        "3": 531,
        "4": 3981,
        "5": 12448,
        "6": 27953
    },
    "7743": {
        "0": 1,
        "1": 12,
        "2": 92,
        "3": 672,
        "4": 4923,
        "5": 17274,
        "6": 41954
    },
    "7744": {
        "0": 1,
        "1": 10,
        "2": 85,
        "3": 717,
        "4": 6072,
        "5": 18743,
        "6": 39002
    },
    "7745": {
        "0": 1,
        "1": 11,
        "2": 78,
        "3": 526,
        "4": 3597,
        "5": 14542,
        "6": 45759
    },
    "7746": {
        "0": 1,
        "1": 14,
        "2": 114,
        "3": 845,
        "4": 6241,
        "5": 27187,
        "6": 82079
    },
    "7747": {
        "0": 1,
        "1": 10,
        "2": 86,
        "3": 741,
        "4": 6273,
        "5": 22624,
        "6": 53652
    },
    "7748": {
        "0": 1,
        "1": 11,
        "2": 79,
        "3": 510,
        "4": 3235,
        "5": 12677,
        "6": 39107
    },
    "7749": {
        "0": 1,
        "1": 11,
        "2": 83,
        "3": 573,
        "4": 3938,
        "5": 11527,
        "6": 30694
    },
    "7750": {
        "0": 1,
        "1": 11,
        "2": 73,
        "3": 470,
        "4": 3097,
        "5": 10152,
        "6": 25226
    },
    "7751": {
        "0": 1,
        "1": 11,
        "2": 77,
        "3": 518,
        "4": 3514,
        "5": 13447,
        "6": 36827
    },
    "7752": {
        "0": 1,
        "1": 8,
        "2": 62,
        "3": 476,
        "4": 3640,
        "5": 10472,
        "6": 20739
    },
    "7753": {
        "0": 1,
        "1": 1,
        "2": 10,
        "3": 74,
        "4": 554,
        "5": 4214,
        "6": 13423
    },
    "7754": {
        "0": 1,
        "1": 10,
        "2": 86,
        "3": 734,
        "4": 6198,
        "5": 21837,
        "6": 57434
    },
    "7755": {
        "0": 1,
        "1": 1,
        "2": 1,
        "3": 1,
        "4": 1,
        "5": 10,
        "6": 78
    },
    "7756": {
        "0": 1,
        "1": 1,
        "2": 1,
        "3": 12,
        "4": 93,
        "5": 688,
        "6": 5015
    },
    "7757": {
        "0": 1,
        "1": 10,
        "2": 67,
        "3": 450,
        "4": 3116,
        "5": 11504,
        "6": 28991
    },
    "7758": {
        "0": 1,
        "1": 12,
        "2": 99,
        "3": 802,
        "4": 6480,
        "5": 22309,
        "6": 52103
    },
    "7759": {
        "0": 1,
        "1": 12,
        "2": 97,
        "3": 760,
        "4": 5977,
        "5": 27871,
        "6": 86609
    },
    "7760": {
        "0": 1,
        "1": 11,
        "2": 92,
        "3": 773,
        "4": 6502,
        "5": 22332,
        "6": 44273
    },
    "7761": {
        "0": 1,
        "1": 1,
        "2": 12,
        "3": 84,
        "4": 557,
        "5": 3799,
        "6": 15915
    },
    "7762": {
        "0": 1,
        "1": 1,
        "2": 9,
        "3": 60,
        "4": 384,
        "5": 2464,
        "6": 6923
    },
    "7763": {
        "0": 1,
        "1": 9,
        "2": 62,
        "3": 437,
        "4": 3043,
        "5": 10792,
        "6": 28379
    },
    "7764": {
        "0": 1,
        "1": 10,
        "2": 69,
        "3": 460,
        "4": 3099,
        "5": 10782,
        "6": 26569
    },
    "7765": {
        "0": 1,
        "1": 12,
        "2": 93,
        "3": 681,
        "4": 5026,
        "5": 20092,
        "6": 51767
    },
    "7766": {
        "0": 1,
        "1": 11,
        "2": 93,
        "3": 767,
        "4": 6254,
        "5": 20638,
        "6": 45796
    },
    "7767": {
        "0": 1,
        "1": 10,
        "2": 75,
        "3": 556,
        "4": 4201,
        "5": 12975,
        "6": 29865
    },
    "7768": {
        "0": 1,
        "1": 1,
        "2": 10,
        "3": 61,
        "4": 359,
        "5": 2155,
        "6": 8041
    },
    "7769": {
        "0": 1,
        "1": 10,
        "2": 76,
        "3": 546,
        "4": 3911,
        "5": 12533,
        "6": 29292
    },
    "7770": {
        "0": 1,
        "1": 9,
        "2": 71,
        "3": 559,
        "4": 4420,
        "5": 15809,
        "6": 43293
    },
    "7771": {
        "0": 1,
        "1": 1,
        "2": 1,
        "3": 1,
        "4": 1,
        "5": 9,
        "6": 67
    },
    "7772": {
        "0": 1,
        "1": 1,
        "2": 8,
        "3": 65,
        "4": 533,
        "5": 4333,
        "6": 15635
    },
    "7773": {
        "0": 1,
        "1": 13,
        "2": 104,
        "3": 782,
        "4": 5912,
        "5": 26016,
        "6": 80106
    },
    "7774": {
        "0": 1,
        "1": 10,
        "2": 84,
        "3": 715,
        "4": 6030,
        "5": 20261,
        "6": 46906
    },
    "7775": {
        "0": 1,
        "1": 11,
        "2": 93,
        "3": 786,
        "4": 6548,
        "5": 23608,
        "6": 54382
    },
    "7776": {
        "0": 1,
        "1": 11,
        "2": 84,
        "3": 608,
        "4": 4437,
        "5": 15450,
        "6": 34632
    },
    "7777": {
        "0": 1,
        "1": 1,
        "2": 1,
        "3": 10,
        "4": 86,
        "5": 757,
        "6": 6555
    },
    "7778": {
        "0": 1,
        "1": 11,
        "2": 80,
        "3": 540,
        "4": 3605,
        "5": 15040,
        "6": 46222
    },
    "7779": {
        "0": 1,
        "1": 1,
        "2": 12,
        "3": 94,
        "4": 711,
        "5": 5348,
        "6": 22833
    },
    "7780": {
        "0": 1,
        "1": 10,
        "2": 85,
        "3": 739,
        "4": 6439,
        "5": 22951,
        "6": 49552
    },
    "7781": {
        "0": 1,
        "1": 11,
        "2": 82,
        "3": 583,
        "4": 4077,
        "5": 12888,
        "6": 28529
    },
    "7782": {
        "0": 1,
        "1": 9,
        "2": 75,
        "3": 628,
        "4": 5303,
        "5": 12744,
        "6": 23711
    },
    "7783": {
        "0": 1,
        "1": 12,
        "2": 97,
        "3": 729,
        "4": 5406,
        "5": 21110,
        "6": 56378
    },
    "7784": {
        "0": 1,
        "1": 11,
        "2": 82,
        "3": 592,
        "4": 4293,
        "5": 13942,
        "6": 34149
    },
    "7785": {
        "0": 1,
        "1": 1,
        "2": 11,
        "3": 88,
        "4": 663,
        "5": 4974,
        "6": 18732
    },
    "7786": {
        "0": 1,
        "1": 1,
        "2": 1,
        "3": 11,
        "4": 80,
        "5": 544,
        "6": 3609
    },
    "7787": {
        "0": 1,
        "1": 1,
        "2": 1,
        "3": 1,
        "4": 1,
        "5": 1,
        "6": 1
    },
    "7788": {
        "0": 1,
        "1": 9,
        "2": 69,
        "3": 528,
        "4": 4011,
        "5": 12828,
        "6": 29928
    },
    "7789": {
        "0": 1,
        "1": 1,
        "2": 10,
        "3": 69,
        "4": 434,
        "5": 2748,
        "6": 8416
    },
    "7790": {
        "0": 1,
        "1": 10,
        "2": 77,
        "3": 577,
        "4": 4277,
        "5": 15970,
        "6": 39104
    },
    "7791": {
        "0": 1,
        "1": 1,
        "2": 10,
        "3": 88,
        "4": 761,
        "5": 6555,
        "6": 23707
    },
    "7792": {
        "0": 1,
        "1": 9,
        "2": 78,
        "3": 647,
        "4": 5248,
        "5": 14441,
        "6": 31236
    },
    "7793": {
        "0": 1,
        "1": 11,
        "2": 91,
        "3": 754,
        "4": 6280,
        "5": 20009,
        "6": 41350
    },
    "7794": {
        "0": 1,
        "1": 11,
        "2": 91,
        "3": 759,
        "4": 6371,
        "5": 21418,
        "6": 47495
    },
    "7795": {
        "0": 1,
        "1": 1,
        "2": 1,
        "3": 12,
        "4": 89,
        "5": 592,
        "6": 3899
    },
    "7796": {
        "0": 1,
        "1": 9,
        "2": 68,
        "3": 506,
        "4": 3813,
        "5": 11530,
        "6": 26821
    },
    "7797": {
        "0": 1,
        "1": 1,
        "2": 1,
        "3": 1,
        "4": 11,
        "5": 84,
        "6": 635
    },
    "7798": {
        "0": 1,
        "1": 1,
        "2": 11,
        "3": 85,
        "4": 635,
        "5": 4808,
        "6": 17618
    },
    "7799": {
        "0": 1,
        "1": 10,
        "2": 79,
        "3": 612,
        "4": 4640,
        "5": 17554,
        "6": 45063
    }
}