{
    "3200": {
        "0": 1,
        "1": 11,
        "2": 95,
        "3": 801,
        "4": 6648,
        "5": 24770,
        "6": 62204
    },
    "3201": {
        "0": 1,
        "1": 1,
        "2": 1,
        "3": 10,
        "4": 84,
        "5": 703,
        "6": 5819
    },
    "3202": {
        "0": 1,
        "1": 11,
        "2": 92,
        "3": 761,
        "4": 6337,
        "5": 20478,
        "6": 42976
    },
    "3203": {
        "0": 1,
        "1": 1,
        "2": 14,
        "3": 123,
        "4": 1038,
        "5": 8788,
        "6": 41918
    },
    "3204": {
        "0": 1,
        "1": 1,
        "2": 1,
        "3": 9,
        "4": 71,
        "5": 541,
        "6": 4032
    },
    "3205": {
        "0": 1,
        "1": 12,
        "2": 104,
        "3": 886,
        "4": 7513,
        "5": 31094,
        "6": 75856
    },
    "3206": {
        "0": 1,
        "1": 1,
        "2": 1,
        "3": 8,
        "4": 60,
        "5": 448,
        "6": 3366
    },
    "3207": {
        "0": 1,
        "1": 1,
        "2": 12,
        "3": 101,
        "4": 839,
        "5": 6939,
        "6": 26867
    },
    "3208": {
        "0": 1,
        "1": 1,
        "2": 9,
        "3": 78,
        "4": 687,
        "5": 5994,
        "6": 18304
    },
    "3209": {
        "0": 1,
        "1": 10,
        "2": 88,
        "3": 761,
        "4": 6429,
        "5": 23351,
        "6": 54065
    },
    "3210": {
        "0": 1,
        "1": 10,
        "2": 84,
        "3": 709,
        "4": 5975,
        "5": 17852,
        "6": 36977
    },
    "3211": {
        "0": 1,
        "1": 1,
        "2": 1,
        "3": 12,
        "4": 102,
        "5": 840,
        "6": 6866
    },
    "3212": {
        "0": 1,
        "1": 1,
        "2": 1,
        "3": 12,
        "4": 99,
        "5": 821,
        "6": 6797
    },
    "3213": {
        "0": 1,
        "1": 1,
        "2": 1,
        "3": 10,
        "4": 79,
        "5": 610,
        "6": 4689
    },
    "3214": {
        "0": 1,
        "1": 1,
        "2": 13,
        "3": 103,
        "4": 758,
        "5": 5592,
        "6": 22503
    },
    "3215": {
        "0": 1,
        "1": 9,
        "2": 76,
        "3": 659,
        "4": 5673,
        "5": 16469,
        "6": 34526
    },
    "3216": {
        "0": 1,
        "1": 1,
        "2": 11,
        "3": 84,
        "4": 597,
        "5": 4183,
        "6": 13761
    },
    "3217": {
        "0": 1,
        "1": 11,
        "2": 81,
        "3": 592,
        "4": 4415,
        "5": 14072,
        "6": 36862
    },
    "3218": {
        "0": 1,
        "1": 1,
        "2": 10,
        "3": 78,
        "4": 610,
        "5": 4782,
        "6": 18453
    },
    "3219": {
        "0": 1,
        "1": 10,
        "2": 67,
        "3": 444,
        "4": 2911,
        "5": 10077,
        "6": 25943
    },
    "3220": {
        "0": 1,
        "1": 11,
        "2": 86,
        "3": 645,
        "4": 4868,
        "5": 17917,
        "6": 47947
    },
    "3221": {
        "0": 1,
        "1": 1,
        "2": 9,
        "3": 69,
        "4": 538,
        "5": 4220,
        "6": 14056
    },
    "3222": {
        "0": 1,
        "1": 11,
        "2": 87,
        "3": 674,
        "4": 5147,
        "5": 21329,
        "6": 56135
    },
    "3223": {
        "0": 1,
        "1": 1,
        "2": 1,
        "3": 1,
        "4": 10,
        "5": 80,
        "6": 589
    },
    "3224": {
        "0": 1,
        "1": 10,
        "2": 66,
        "3": 461,
        "4": 3263,
        "5": 12806,
        "6": 30239
    },
    "3225": {
        "0": 1,
        "1": 11,
        "2": 79,
        "3": 539,
        "4": 3615,
        "5": 14919,
        "6": 46723
    },
    "3226": {
        "0": 1,
        "1": 12,
        "2": 93,
        "3": 694,
        "4": 5236,
        "5": 20519,
        "6": 51500
    },
    "3227": {
        "0": 1,
        "1": 10,
        "2": 77,
        "3": 580,
        "4": 4378,
        "5": 13897,
        "6": 30954
    },
    "3228": {
        "0": 1,
        "1": 1,
        "2": 10,
        "3": 85,
        "4": 728,
        "5": 6183,
        "6": 21649
    },
    "3229": {
        "0": 1,
        "1": 1,
        "2": 12,
        "3": 81,
        "4": 545,
        "5": 3683,
        "6": 14476
    },
    "3230": {
        "0": 1,
        "1": 1,
        "2": 10,
        "3": 81,
        "4": 691,
        "5": 5958,
        "6": 19038
    },
    "3231": {
        "0": 1,
        "1": 1,
        "2": 11,
        "3": 92,
        "4": 776,
        "5": 6437,
        "6": 22818
    },
    "3232": {
        "0": 1,
        "1": 11,
        "2": 86,
        "3": 656,
        "4": 5015,
        "5": 19391,
        "6": 51739
    },
    "3233": {
        "0": 1,
        "1": 1,
        "2": 1,
        "3": 1,
        "4": 11,
        "5": 82,
        "6": 618
    },
    "3234": {
        "0": 1,
        "1": 1,
        "2": 1,
        "3": 1,
        "4": 9,
        "5": 69,
        "6": 512
    },
    "3235": {
        "0": 1,
        "1": 1,
        "2": 11,
        "3": 72,
        "4": 461,
        "5": 3014,
        "6": 9657
    },
    "3236": {
        "0": 1,
        "1": 1,
        "2": 11,
        "3": 97,
        "4": 841,
        "5": 7103,
        "6": 31108
    },
    "3237": {
        "0": 1,
        "1": 1,
        "2": 9,
        "3": 78,
        "4": 667,
        "5": 5715,
        "6": 16477
    },
    "3238": {
        "0": 1,
        "1": 1,
        "2": 11,
        "3": 87,
        "4": 660,
        "5": 4948,
        "6": 19710
    },
    "3239": {
        "0": 1,
        "1": 1,
        "2": 9,
        "3": 68,
        "4": 521,
        "5": 4024,
        "6": 12214
    },
    "3240": {
        "0": 1,
        "1": 1,
        "2": 9,
        "3": 77,
        "4": 656,
        "5": 5636,
        "6": 16138
    },
    "3241": {
        "0": 1,
        "1": 1,
        "2": 1,
        "3": 9,
        "4": 80,
        "5": 703,
        "6": 6164
    },
    "3242": {
        "0": 1,
        "1": 12,
        "2": 94,
        "3": 709,
        "4": 5386,
        "5": 22146,
        "6": 55387
    },
    "3243": {
        "0": 1,
        "1": 1,
        "2": 12,
        "3": 104,
        "4": 876,
        "5": 7380,
        "6": 29988
    },
    "3244": {
        "0": 1,
        "1": 1,
        "2": 12,
        "3": 96,
        "4": 696,
        "5": 4944,
        "6": 19396
    },
    "3245": {
        "0": 1,
        "1": 1,
        "2": 1,
        "3": 11,
        "4": 90,
        "5": 754,
        "6": 6356
    },
    "3246": {
        "0": 1,
        "1": 1,
        "2": 1,
        "3": 1,
        "4": 10,
        "5": 78,
        "6": 579
    },
    "3247": {
        "0": 1,
        "1": 11,
        "2": 86,
        "3": 619,
        "4": 4454,
        "5": 14829,
        "6": 39007
    },
    "3248": {
        "0": 1,
        "1": 1,
        "2": 9,
        "3": 77,
        "4": 666,
        "5": 5597,
        "6": 18395
    },
    "3249": {
        "0": 1,
        "1": 10,
        "2": 83,
        "3": 704,
        "4": 5988,
        "5": 18491,
        "6": 35901
    },
    "3250": {
        "0": 1,
        "1": 12,
        "2": 92,
        "3": 670,
        "4": 4922,
        "5": 18828,
        "6": 55337
    },
    "3251": {
        "0": 1,
        "1": 10,
        "2": 72,
        "3": 510,
        "4": 3560,
        "5": 14483,
        "6": 42225
    },
    "3252": {
        "0": 1,
        "1": 11,
        "2": 97,
        "3": 831,
        "4": 6996,
        "5": 27984,
        "6": 75420
    },
    "3253": {
        "0": 1,
        "1": 10,
        "2": 88,
        "3": 751,
        "4": 6211,
        "5": 22776,
        "6": 60111
    },
    "3254": {
        "0": 1,
        "1": 10,
        "2": 81,
        "3": 678,
        "4": 5600,
        "5": 15820,
        "6": 26091
    },
    "3255": {
        "0": 1,
        "1": 11,
        "2": 84,
        "3": 628,
        "4": 4661,
        "5": 17155,
        "6": 44614
    },
    "3256": {
        "0": 1,
        "1": 1,
        "2": 9,
        "3": 69,
        "4": 537,
        "5": 4130,
        "6": 12318
    },
    "3257": {
        "0": 1,
        "1": 1,
        "2": 1,
        "3": 1,
        "4": 1,
        "5": 1,
        "6": 10
    },
    "3258": {
        "0": 1,
        "1": 10,
        "2": 72,
        "3": 478,
        "4": 3158,
        "5": 12927,
        "6": 37878
    },
    "3259": {
        "0": 1,
        "1": 1,
        "2": 9,
        "3": 70,
        "4": 534,
        "5": 4054,
        "6": 11825
    },
    "3260": {
        "0": 1,
        "1": 1,
        "2": 11,
        "3": 93,
        "4": 780,
        "5": 6521,
        "6": 24210
    },
    "3261": {
        "0": 1,
        "1": 1,
        "2": 10,
        "3": 75,
        "4": 545,
        "5": 3971,
        "6": 11267
    },
    "3262": {
        "0": 1,
        "1": 11,
        "2": 93,
        "3": 781,
        "4": 6516,
        "5": 24080,
        "6": 60503
    },
    "3263": {
        "0": 1,
        "1": 10,
        "2": 76,
        "3": 568,
        "4": 4208,
        "5": 13685,
        "6": 30932
    },
    "3264": {
        "0": 1,
        "1": 9,
        "2": 77,
        "3": 666,
        "4": 5673,
        "5": 17684,
        "6": 44765
    },
    "3265": {
        "0": 1,
        "1": 1,
        "2": 12,
        "3": 99,
        "4": 758,
        "5": 5708,
        "6": 25708
    },
    "3266": {
        "0": 1,
        "1": 11,
        "2": 83,
        "3": 628,
        "4": 4795,
        "5": 17798,
        "6": 42518
    },
    "3267": {
        "0": 1,
        "1": 1,
        "2": 10,
        "3": 84,
        "4": 721,
        "5": 6176,
        "6": 20012
    },
    "3268": {
        "0": 1,
        "1": 1,
        "2": 11,
        "3": 90,
        "4": 743,
        "5": 6161,
        "6": 20984
    },
    "3269": {
        "0": 1,
        "1": 10,
        "2": 82,
        "3": 680,
        "4": 5673,
        "5": 15186,
        "6": 28248
    },
    "3270": {
        "0": 1,
        "1": 10,
        "2": 84,
        "3": 719,
        "4": 6148,
        "5": 20055,
        "6": 42141
    },
    "3271": {
        "0": 1,
        "1": 8,
        "2": 54,
        "3": 362,
        "4": 2420,
        "5": 7192,
        "6": 16499
    },
    "3272": {
        "0": 1,
        "1": 1,
        "2": 10,
        "3": 80,
        "4": 611,
        "5": 4561,
        "6": 16189
    },
    "3273": {
        "0": 1,
        "1": 1,
        "2": 1,
        "3": 10,
        "4": 77,
        "5": 564,
        "6": 4007
    },
    "3274": {
        "0": 1,
        "1": 8,
        "2": 59,
        "3": 439,
        "4": 3274,
        "5": 7231,
        "6": 13122
    },
    "3275": {
        "0": 1,
        "1": 1,
        "2": 10,
        "3": 85,
        "4": 735,
        "5": 6332,
        "6": 21975
    },
    "3276": {
        "0": 1,
        "1": 11,
        "2": 88,
        "3": 685,
        "4": 5256,
        "5": 21304,
        "6": 60989
    },
    "3277": {
        "0": 1,
        "1": 1,
        "2": 1,
        "3": 12,
        "4": 99,
        "5": 771,
        "6": 5938
    },
    "3278": {
        "0": 1,
        "1": 1,
        "2": 1,
        "3": 9,
        "4": 67,
        "5": 501,
        "6": 3696
    },
    "3279": {
        "0": 1,
        "1": 12,
        "2": 94,
        "3": 716,
        "4": 5437,
        "5": 22030,
        "6": 60988
    },
    "3280": {
        "0": 1,
        "1": 10,
        "2": 77,
        "3": 594,
        "4": 4531,
        "5": 17016,
        "6": 44586
    },
    "3281": {
        "0": 1,
        "1": 1,
        "2": 9,
        "3": 70,
        "4": 542,
        "5": 4195,
        "6": 12623
    },
    "3282": {
        "0": 1,
        "1": 1,
        "2": 1,
        "3": 9,
        "4": 76,
        "5": 646,
        "6": 5371
    },
    "3283": {
        "0": 1,
        "1": 1,
        "2": 10,
        "3": 84,
        "4": 699,
        "5": 5760,
        "6": 17161
    },
    "3284": {
        "0": 1,
        "1": 1,
        "2": 10,
        "3": 88,
        "4": 736,
        "5": 6049,
        "6": 21467
    },
    "3285": {
        "0": 1,
        "1": 1,
        "2": 8,
        "3": 61,
        "4": 467,
        "5": 3594,
        "6": 8647
    },
    "3286": {
        "0": 1,
        "1": 11,
        "2": 85,
        "3": 632,
        "4": 4646,
        "5": 16769,
        "6": 44523
    },
    "3287": {
        "0": 1,
        "1": 11,
        "2": 74,
        "3": 495,
        "4": 3429,
        "5": 13685,
        "6": 34987
    },
    "3288": {
        "0": 1,
        "1": 11,
        "2": 97,
        "3": 824,
        "4": 6725,
        "5": 25915,
        "6": 68996
    },
    "3289": {
        "0": 1,
        "1": 1,
        "2": 8,
        "3": 65,
        "4": 521,
        "5": 4146,
        "6": 5022
    },
    "3290": {
        "0": 1,
        "1": 1,
        "2": 10,
        "3": 80,
        "4": 615,
        "5": 4643,
        "6": 17558
    },
    "3291": {
        "0": 1,
        "1": 1,
        "2": 10,
        "3": 81,
        "4": 652,
        "5": 5129,
        "6": 20887
    },
    "3292": {
        "0": 1,
        "1": 1,
        "2": 1,
        "3": 1,
        "4": 9,
        "5": 73,
        "6": 589
    },
    "3293": {
        "0": 1,
        "1": 1,
        "2": 12,
        "3": 94,
        "4": 706,
        "5": 5337,
        "6": 21150
    },
    "3294": {
        "0": 1,
        "1": 10,
        "2": 76,
        "3": 567,
        "4": 4252,
        "5": 12852,
        "6": 24793
    },
    "3295": {
        "0": 1,
        "1": 12,
        "2": 111,
        "3": 965,
        "4": 8058,
        "5": 37949,
        "6": 117441
    },
    "3296": {
        "0": 1,
        "1": 1,
        "2": 8,
        "3": 68,
        "4": 578,
        "5": 4915,
        "6": 9105
    },
    "3297": {
        "0": 1,
        "1": 1,
        "2": 1,
        "3": 11,
        "4": 94,
        "5": 774,
        "6": 6251
    },
    "3298": {
        "0": 1,
        "1": 10,
        "2": 81,
        "3": 628,
        "4": 4844,
        "5": 18008,
        "6": 47393
    },
    "3299": {
        "0": 1,
        "1": 1,
        "2": 11,
        "3": 88,
        "4": 699,
        "5": 5484,
        "6": 24756
    }
}