{
    "8500": {
        "0": 1,
        "1": 9,
        "2": 62,
        "3": 421,
        "4": 2886,
        "5": 9468,
        "6": 21521
    },
    "8501": {
        "0": 1,
        "1": 1,
        "2": 1,
        "3": 9,
        "4": 70,
        "5": 531,
        "6": 3961
    },
    "8502": {
        "0": 1,
        "1": 1,
        "2": 1,
        "3": 12,
        "4": 96,
        "5": 697,
        "6": 5081
    },
    "8503": {
        "0": 1,
        "1": 1,
        "2": 1,
        "3": 1,
        "4": 12,
        "5": 88,
        "6": 601
    },
    "8504": {
        "0": 1,
        "1": 1,
        "2": 1,
        "3": 11,
        "4": 92,
        "5": 753,
        "6": 6184
    },
    "8505": {
        "0": 1,
        "1": 1,
        "2": 1,
        "3": 10,
        "4": 70,
        "5": 474,
        "6": 3226
    },
    "8506": {
        "0": 1,
        "1": 8,
        "2": 60,
        "3": 439,
        "4": 3202,
        "5": 6197,
        "6": 10949
    },
    "8507": {
        "0": 1,
        "1": 1,
        "2": 1,
        "3": 12,
        "4": 93,
        "5": 673,
        "6": 4854
    },
    "8508": {
        "0": 1,
        "1": 1,
        "2": 1,
        "3": 12,
        "4": 83,
        "5": 519,
        "6": 3289
    },
    "8509": {
        "0": 1,
        "1": 10,
        "2": 76,
        "3": 574,
        "4": 4381,
        "5": 14413,
        "6": 34470
    },
    "8510": {
        "0": 1,
        "1": 1,
        "2": 1,
        "3": 1,
        "4": 10,
        "5": 87,
        "6": 745
    },
    "8511": {
        "0": 1,
        "1": 1,
        "2": 9,
        "3": 68,
        "4": 507,
        "5": 3782,
        "6": 9323
    },
    "8512": {
        "0": 1,
        "1": 10,
        "2": 69,
        "3": 440,
        "4": 2775,
        "5": 8401,
        "6": 22450
    },
    "8513": {
        "0": 1,
        "1": 9,
        "2": 79,
        "3": 666,
        "4": 5564,
        "5": 15799,
        "6": 35614
    },
    "8514": {
        "0": 1,
        "1": 11,
        "2": 96,
        "3": 817,
        "4": 6818,
        "5": 26123,
        "6": 67081
    },
    "8515": {
        "0": 1,
        "1": 1,
        "2": 10,
        "3": 84,
        "4": 661,
        "5": 5087,
        "6": 21128
    },
    "8516": {
        "0": 1,
        "1": 1,
        "2": 1,
        "3": 11,
        "4": 86,
        "5": 664,
        "6": 5145
    },
    "8517": {
        "0": 1,
        "1": 11,
        "2": 91,
        "3": 740,
        "4": 6004,
        "5": 18463,
        "6": 36753
    },
    "8518": {
        "0": 1,
        "1": 1,
        "2": 10,
        "3": 88,
        "4": 762,
        "5": 6559,
        "6": 23746
    },
    "8519": {
        "0": 1,
        "1": 1,
        "2": 10,
        "3": 84,
        "4": 714,
        "5": 6047,
        "6": 18556
    },
    "8520": {
        "0": 1,
        "1": 11,
        "2": 92,
        "3": 773,
        "4": 6436,
        "5": 23152,
        "6": 58599
    },
    "8521": {
        "0": 1,
        "1": 12,
        "2": 79,
        "3": 480,
        "4": 2917,
        "5": 12885,
        "6": 43210
    },
    "8522": {
        "0": 1,
        "1": 10,
        "2": 73,
        "3": 549,
        "4": 4144,
        "5": 13687,
        "6": 31947
    },
    "8523": {
        "0": 1,
        "1": 10,
        "2": 83,
        "3": 699,
        "4": 5827,
        "5": 18260,
        "6": 36725
    },
    "8524": {
        "0": 1,
        "1": 12,
        "2": 107,
        "3": 930,
        "4": 8069,
        "5": 36942,
        "6": 109852
    },
    "8525": {
        "0": 1,
        "1": 10,
        "2": 85,
        "3": 724,
        "4": 6163,
        "5": 19886,
        "6": 39241
    },
    "8526": {
        "0": 1,
        "1": 1,
        "2": 12,
        "3": 100,
        "4": 829,
        "5": 6926,
        "6": 25900
    },
    "8527": {
        "0": 1,
        "1": 1,
        "2": 9,
        "3": 67,
        "4": 500,
        "5": 3659,
        "6": 10995
    },
    "8528": {
        "0": 1,
        "1": 8,
        "2": 60,
        "3": 430,
        "4": 2997,
        "5": 5129,
        "6": 7872
    },
    "8529": {
        "0": 1,
        "1": 12,
        "2": 95,
        "3": 678,
        "4": 4760,
        "5": 17708,
        "6": 51116
    },
    "8530": {
        "0": 1,
        "1": 1,
        "2": 10,
        "3": 75,
        "4": 560,
        "5": 4201,
        "6": 14399
    },
    "8531": {
        "0": 1,
        "1": 1,
        "2": 1,
        "3": 10,
        "4": 79,
        "5": 616,
        "6": 4734
    },
    "8532": {
        "0": 1,
        "1": 1,
        "2": 13,
        "3": 108,
        "4": 838,
        "5": 6490,
        "6": 31161
    },
    "8533": {
        "0": 1,
        "1": 1,
        "2": 8,
        "3": 59,
        "4": 429,
        "5": 3140,
        "6": 5636
    },
    "8534": {
        "0": 1,
        "1": 10,
        "2": 82,
        "3": 635,
        "4": 4886,
        "5": 18511,
        "6": 48320
    },
    "8535": {
        "0": 1,
        "1": 1,
        "2": 1,
        "3": 9,
        "4": 73,
        "5": 599,
        "6": 4877
    },
    "8536": {
        "0": 1,
        "1": 10,
        "2": 86,
        "3": 739,
        "4": 6284,
        "5": 22664,
        "6": 55141
    },
    "8537": {
        "0": 1,
        "1": 1,
        "2": 12,
        "3": 95,
        "4": 724,
        "5": 5537,
        "6": 23189
    },
    "8538": {
        "0": 1,
        "1": 11,
        "2": 91,
        "3": 735,
        "4": 5807,
        "5": 17560,
        "6": 40497
    },
    "8539": {
        "0": 1,
        "1": 9,
        "2": 70,
        "3": 526,
        "4": 3961,
        "5": 12362,
        "6": 28115
    },
    "8540": {
        "0": 1,
        "1": 13,
        "2": 114,
        "3": 942,
        "4": 7724,
        "5": 32954,
        "6": 97333
    },
    "8541": {
        "0": 1,
        "1": 9,
        "2": 70,
        "3": 562,
        "4": 4486,
        "5": 16438,
        "6": 39709
    },
    "8542": {
        "0": 1,
        "1": 1,
        "2": 10,
        "3": 85,
        "4": 720,
        "5": 5952,
        "6": 17432
    },
    "8543": {
        "0": 1,
        "1": 9,
        "2": 62,
        "3": 438,
        "4": 3100,
        "5": 11651,
        "6": 32975
    },
    "8544": {
        "0": 1,
        "1": 11,
        "2": 87,
        "3": 661,
        "4": 5068,
        "5": 19878,
        "6": 54217
    },
    "8545": {
        "0": 1,
        "1": 1,
        "2": 1,
        "3": 1,
        "4": 1,
        "5": 9,
        "6": 72
    },
    "8546": {
        "0": 1,
        "1": 10,
        "2": 86,
        "3": 740,
        "4": 6257,
        "5": 21833,
        "6": 46953
    },
    "8547": {
        "0": 1,
        "1": 10,
        "2": 83,
        "3": 705,
        "4": 6001,
        "5": 18625,
        "6": 37779
    },
    "8548": {
        "0": 1,
        "1": 1,
        "2": 1,
        "3": 11,
        "4": 91,
        "5": 722,
        "6": 5614
    },
    "8549": {
        "0": 1,
        "1": 13,
        "2": 108,
        "3": 825,
        "4": 6221,
        "5": 27730,
        "6": 84553
    },
    "8550": {
        "0": 1,
        "1": 9,
        "2": 66,
        "3": 486,
        "4": 3631,
        "5": 8260,
        "6": 17104
    },
    "8551": {
        "0": 1,
        "1": 11,
        "2": 93,
        "3": 767,
        "4": 6200,
        "5": 21813,
        "6": 53238
    },
    "8552": {
        "0": 1,
        "1": 1,
        "2": 13,
        "3": 100,
        "4": 680,
        "5": 4535,
        "6": 19877
    },
    "8553": {
        "0": 1,
        "1": 1,
        "2": 10,
        "3": 89,
        "4": 761,
        "5": 6369,
        "6": 22555
    },
    "8554": {
        "0": 1,
        "1": 10,
        "2": 74,
        "3": 539,
        "4": 3952,
        "5": 11740,
        "6": 29795
    },
    "8555": {
        "0": 1,
        "1": 1,
        "2": 1,
        "3": 8,
        "4": 58,
        "5": 423,
        "6": 3077
    },
    "8556": {
        "0": 1,
        "1": 10,
        "2": 88,
        "3": 765,
        "4": 6585,
        "5": 23313,
        "6": 54409
    },
    "8557": {
        "0": 1,
        "1": 1,
        "2": 11,
        "3": 94,
        "4": 810,
        "5": 6852,
        "6": 26915
    },
    "8558": {
        "0": 1,
        "1": 1,
        "2": 10,
        "3": 67,
        "4": 446,
        "5": 3016,
        "6": 10116
    },
    "8559": {
        "0": 1,
        "1": 1,
        "2": 10,
        "3": 88,
        "4": 780,
        "5": 6929,
        "6": 28735
    },
    "8560": {
        "0": 1,
        "1": 10,
        "2": 82,
        "3": 687,
        "4": 5717,
        "5": 17315,
        "6": 32905
    },
    "8561": {
        "0": 1,
        "1": 1,
        "2": 10,
        "3": 89,
        "4": 773,
        "5": 6561,
        "6": 25046
    },
    "8562": {
        "0": 1,
        "1": 11,
        "2": 90,
        "3": 701,
        "4": 5469,
        "5": 23391,
        "6": 67331
    },
    "8563": {
        "0": 1,
        "1": 10,
        "2": 75,
        "3": 566,
        "4": 4320,
        "5": 13938,
        "6": 36942
    },
    "8564": {
        "0": 1,
        "1": 9,
        "2": 64,
        "3": 454,
        "4": 3228,
        "5": 12781,
        "6": 34411
    },
    "8565": {
        "0": 1,
        "1": 12,
        "2": 106,
        "3": 886,
        "4": 7314,
        "5": 29688,
        "6": 75892
    },
    "8566": {
        "0": 1,
        "1": 9,
        "2": 75,
        "3": 627,
        "4": 5180,
        "5": 12502,
        "6": 19222
    },
    "8567": {
        "0": 1,
        "1": 11,
        "2": 93,
        "3": 775,
        "4": 6409,
        "5": 22661,
        "6": 53257
    },
    "8568": {
        "0": 1,
        "1": 1,
        "2": 1,
        "3": 9,
        "4": 66,
        "5": 477,
        "6": 3473
    },
    "8569": {
        "0": 1,
        "1": 1,
        "2": 11,
        "3": 89,
        "4": 668,
        "5": 4893,
        "6": 19954
    },
    "8570": {
        "0": 1,
        "1": 10,
        "2": 73,
        "3": 505,
        "4": 3475,
        "5": 13421,
        "6": 40220
    },
    "8571": {
        "0": 1,
        "1": 1,
        "2": 10,
        "3": 81,
        "4": 669,
        "5": 5402,
        "6": 15406
    },
    "8572": {
        "0": 1,
        "1": 9,
        "2": 78,
        "3": 669,
        "4": 5722,
        "5": 17854,
        "6": 41521
    },
    "8573": {
        "0": 1,
        "1": 1,
        "2": 8,
        "3": 69,
        "4": 580,
        "5": 4843,
        "6": 10167
    },
    "8574": {
        "0": 1,
        "1": 1,
        "2": 1,
        "3": 9,
        "4": 70,
        "5": 522,
        "6": 3880
    },
    "8575": {
        "0": 1,
        "1": 10,
        "2": 69,
        "3": 462,
        "4": 3150,
        "5": 11393,
        "6": 32230
    },
    "8576": {
        "0": 1,
        "1": 1,
        "2": 9,
        "3": 75,
        "4": 629,
        "5": 5203,
        "6": 12502
    },
    "8577": {
        "0": 1,
        "1": 1,
        "2": 1,
        "3": 1,
        "4": 11,
        "5": 93,
        "6": 785
    },
    "8578": {
        "0": 1,
        "1": 1,
        "2": 1,
        "3": 9,
        "4": 75,
        "5": 639,
        "6": 5409
    },
    "8579": {
        "0": 1,
        "1": 1,
        "2": 1,
        "3": 1,
        "4": 10,
        "5": 67,
        "6": 438
    },
    "8580": {
        "0": 1,
        "1": 10,
        "2": 74,
        "3": 546,
        "4": 4050,
        "5": 11130,
        "6": 24681
    },
    "8581": {
        "0": 1,
        "1": 1,
        "2": 10,
        "3": 85,
        "4": 724,
        "5": 6098,
        "6": 20624
    },
    "8582": {
        "0": 1,
        "1": 12,
        "2": 90,
        "3": 665,
        "4": 4819,
        "5": 17439,
        "6": 36751
    },
    "8583": {
        "0": 1,
        "1": 11,
        "2": 91,
        "3": 703,
        "4": 5296,
        "5": 22029,
        "6": 66544
    },
    "8584": {
        "0": 1,
        "1": 1,
        "2": 9,
        "3": 75,
        "4": 638,
        "5": 5347,
        "6": 14362
    },
    "8585": {
        "0": 1,
        "1": 8,
        "2": 66,
        "3": 549,
        "4": 4588,
        "5": 5928,
        "6": 9806
    },
    "8586": {
        "0": 1,
        "1": 1,
        "2": 11,
        "3": 98,
        "4": 853,
        "5": 7441,
        "6": 31986
    },
    "8587": {
        "0": 1,
        "1": 10,
        "2": 85,
        "3": 684,
        "4": 5452,
        "5": 23872,
        "6": 68148
    },
    "8588": {
        "0": 1,
        "1": 13,
        "2": 108,
        "3": 835,
        "4": 6420,
        "5": 30173,
        "6": 88816
    },
    "8589": {
        "0": 1,
        "1": 9,
        "2": 69,
        "3": 509,
        "4": 3774,
        "5": 10693,
        "6": 24430
    },
    "8590": {
        "0": 1,
        "1": 11,
        "2": 79,
        "3": 549,
        "4": 3851,
        "5": 16841,
        "6": 46513
    },
    "8591": {
        "0": 1,
        "1": 11,
        "2": 83,
        "3": 613,
        "4": 4592,
        "5": 15566,
        "6": 33068
    },
    "8592": {
        "0": 1,
        "1": 1,
        "2": 10,
        "3": 84,
        "4": 703,
        "5": 5851,
        "6": 18430
    },
    "8593": {
        "0": 1,
        "1": 9,
        "2": 60,
        "3": 389,
        "4": 2483,
        "5": 7614,
        "6": 18848
    },
    "8594": {
        "0": 1,
        "1": 1,
        "2": 1,
        "3": 14,
        "4": 121,
        "5": 944,
        "6": 7241
    },
    "8595": {
        "0": 1,
        "1": 1,
        "2": 11,
        "3": 92,
        "4": 771,
        "5": 6466,
        "6": 21703
    },
    "8596": {
        "0": 1,
        "1": 10,
        "2": 80,
        "3": 627,
        "4": 4833,
        "5": 17764,
        "6": 45033
    },
    "8597": {
        "0": 1,
        "1": 1,
        "2": 10,
        "3": 84,
        "4": 702,
        "5": 5808,
        "6": 17797
    },
    "8598": {
        "0": 1,
        "1": 8,
        "2": 69,
        "3": 590,
        "4": 5066,
        "5": 11237,
        "6": 19540
    },
    "8599": {
        "0": 1,
        "1": 11,
        "2": 92,
        "3": 773,
        "4": 6551,
        "5": 23157,
        "6": 51493
    }
}