{
    "27600": {
        "0": 1,
        "1": 12,
        "2": 94,
        "3": 696,
        "4": 5080,
        "5": 21325,
        "6": 60052
    },
    "27601": {
        "0": 1,
        "1": 1,
        "2": 1,
        "3": 12,
        "4": 102,
        "5": 881,
        "6": 7486
    },
    "27602": {
        "0": 1,
        "1": 10,
        "2": 78,
        "3": 600,
        "4": 4576,
        "5": 15708,
        "6": 37126
    },
    "27603": {
        "0": 1,
        "1": 1,
        "2": 9,
        "3": 58,
        "4": 374,
        "5": 2470,
        "6": 6255
    },
    "27604": {
        "0": 1,
        "1": 1,
        "2": 9,
        "3": 62,
        "4": 424,
        "5": 2844,
        "6": 9413
    },
    "27605": {
        "0": 1,
        "1": 9,
        "2": 69,
        "3": 532,
        "4": 4098,
        "5": 12513,
        "6": 27619
    },
    "27606": {
        "0": 1,
        "1": 1,
        "2": 9,
        "3": 63,
        "4": 440,
        "5": 3100,
        "6": 11529
    },
    "27607": {
        "0": 1,
        "1": 11,
        "2": 95,
        "3": 747,
        "4": 5733,
        "5": 26257,
        "6": 90016
    },
    "27608": {
        "0": 1,
        "1": 1,
        "2": 12,
        "3": 102,
        "4": 850,
        "5": 7134,
        "6": 27652
    },
    "27609": {
        "0": 1,
        "1": 1,
        "2": 9,
        "3": 70,
        "4": 541,
        "5": 4180,
        "6": 12990
    },
    "27610": {
        "0": 1,
        "1": 1,
        "2": 9,
        "3": 69,
        "4": 515,
        "5": 3873,
        "6": 10301
    },
    "27611": {
        "0": 1,
        "1": 10,
        "2": 79,
        "3": 613,
        "4": 4779,
        "5": 18466,
        "6": 50226
    },
    "27612": {
        "0": 1,
        "1": 9,
        "2": 77,
        "3": 655,
        "4": 5527,
        "5": 16329,
        "6": 33534
    },
    "27613": {
        "0": 1,
        "1": 1,
        "2": 1,
        "3": 1,
        "4": 11,
        "5": 78,
        "6": 525
    },
    "27614": {
        "0": 1,
        "1": 1,
        "2": 1,
        "3": 11,
        "4": 95,
        "5": 803,
        "6": 6693
    },
    "27615": {
        "0": 1,
        "1": 1,
        "2": 1,
        "3": 11,
        "4": 85,
        "5": 643,
        "6": 4894
    },
    "27616": {
        "0": 1,
        "1": 1,
        "2": 1,
        "3": 1,
        "4": 1,
        "5": 9,
        "6": 74
    },
    "27617": {
        "0": 1,
        "1": 1,
        "2": 11,
        "3": 87,
        "4": 661,
        "5": 4928,
        "6": 18312
    },
    "27618": {
        "0": 1,
        "1": 11,
        "2": 84,
        "3": 612,
        "4": 4476,
        "5": 15642,
        "6": 38997
    },
    "27619": {
        "0": 1,
        "1": 1,
        "2": 12,
        "3": 100,
        "4": 808,
        "5": 6400,
        "6": 22521
    },
    "27620": {
        "0": 1,
        "1": 12,
        "2": 107,
        "3": 909,
        "4": 7401,
        "5": 31281,
        "6": 88552
    },
    "27621": {
        "0": 1,
        "1": 10,
        "2": 85,
        "3": 733,
        "4": 6290,
        "5": 21389,
        "6": 44939
    },
    "27622": {
        "0": 1,
        "1": 9,
        "2": 75,
        "3": 642,
        "4": 5534,
        "5": 15306,
        "6": 28637
    },
    "27623": {
        "0": 1,
        "1": 1,
        "2": 1,
        "3": 1,
        "4": 9,
        "5": 61,
        "6": 399
    },
    "27624": {
        "0": 1,
        "1": 1,
        "2": 11,
        "3": 87,
        "4": 657,
        "5": 4979,
        "6": 18965
    },
    "27625": {
        "0": 1,
        "1": 1,
        "2": 1,
        "3": 10,
        "4": 82,
        "5": 683,
        "6": 5634
    },
    "27626": {
        "0": 1,
        "1": 10,
        "2": 87,
        "3": 731,
        "4": 6036,
        "5": 21668,
        "6": 58758
    },
    "27627": {
        "0": 1,
        "1": 8,
        "2": 66,
        "3": 551,
        "4": 4617,
        "5": 8465,
        "6": 12589
    },
    "27628": {
        "0": 1,
        "1": 13,
        "2": 97,
        "3": 634,
        "4": 4203,
        "5": 17692,
        "6": 57790
    },
    "27629": {
        "0": 1,
        "1": 1,
        "2": 11,
        "3": 86,
        "4": 636,
        "5": 4695,
        "6": 17471
    },
    "27630": {
        "0": 1,
        "1": 1,
        "2": 9,
        "3": 81,
        "4": 718,
        "5": 6342,
        "6": 23059
    },
    "27631": {
        "0": 1,
        "1": 1,
        "2": 10,
        "3": 78,
        "4": 583,
        "5": 4365,
        "6": 13909
    },
    "27632": {
        "0": 1,
        "1": 1,
        "2": 1,
        "3": 10,
        "4": 84,
        "5": 703,
        "6": 5761
    },
    "27633": {
        "0": 1,
        "1": 9,
        "2": 59,
        "3": 396,
        "4": 2670,
        "5": 7849,
        "6": 16076
    },
    "27634": {
        "0": 1,
        "1": 1,
        "2": 1,
        "3": 1,
        "4": 11,
        "5": 86,
        "6": 619
    },
    "27635": {
        "0": 1,
        "1": 10,
        "2": 73,
        "3": 510,
        "4": 3529,
        "5": 14080,
        "6": 41192
    },
    "27636": {
        "0": 1,
        "1": 1,
        "2": 1,
        "3": 1,
        "4": 1,
        "5": 1,
        "6": 10
    },
    "27637": {
        "0": 1,
        "1": 10,
        "2": 82,
        "3": 666,
        "4": 5377,
        "5": 13027,
        "6": 23184
    },
    "27638": {
        "0": 1,
        "1": 1,
        "2": 9,
        "3": 76,
        "4": 649,
        "5": 5447,
        "6": 15122
    },
    "27639": {
        "0": 1,
        "1": 9,
        "2": 73,
        "3": 599,
        "4": 4888,
        "5": 9912,
        "6": 13738
    },
    "27640": {
        "0": 1,
        "1": 1,
        "2": 11,
        "3": 83,
        "4": 607,
        "5": 4410,
        "6": 14763
    },
    "27641": {
        "0": 1,
        "1": 11,
        "2": 91,
        "3": 736,
        "4": 5912,
        "5": 27959,
        "6": 87017
    },
    "27642": {
        "0": 1,
        "1": 9,
        "2": 78,
        "3": 671,
        "4": 5698,
        "5": 17755,
        "6": 35578
    },
    "27643": {
        "0": 1,
        "1": 9,
        "2": 62,
        "3": 439,
        "4": 3074,
        "5": 11296,
        "6": 31192
    },
    "27644": {
        "0": 1,
        "1": 1,
        "2": 1,
        "3": 10,
        "4": 80,
        "5": 606,
        "6": 4420
    },
    "27645": {
        "0": 1,
        "1": 12,
        "2": 99,
        "3": 782,
        "4": 6117,
        "5": 19836,
        "6": 46851
    },
    "27646": {
        "0": 1,
        "1": 1,
        "2": 11,
        "3": 83,
        "4": 590,
        "5": 4164,
        "6": 11819
    },
    "27647": {
        "0": 1,
        "1": 10,
        "2": 82,
        "3": 673,
        "4": 5530,
        "5": 15656,
        "6": 31130
    },
    "27648": {
        "0": 1,
        "1": 12,
        "2": 95,
        "3": 682,
        "4": 4753,
        "5": 17258,
        "6": 45337
    },
    "27649": {
        "0": 1,
        "1": 1,
        "2": 12,
        "3": 100,
        "4": 832,
        "5": 6944,
        "6": 25862
    },
    "27650": {
        "0": 1,
        "1": 11,
        "2": 95,
        "3": 796,
        "4": 6560,
        "5": 23648,
        "6": 56938
    },
    "27651": {
        "0": 1,
        "1": 1,
        "2": 10,
        "3": 91,
        "4": 817,
        "5": 7240,
        "6": 30737
    },
    "27652": {
        "0": 1,
        "1": 1,
        "2": 1,
        "3": 1,
        "4": 11,
        "5": 67,
        "6": 392
    },
    "27653": {
        "0": 1,
        "1": 10,
        "2": 81,
        "3": 659,
        "4": 5356,
        "5": 13401,
        "6": 24143
    },
    "27654": {
        "0": 1,
        "1": 1,
        "2": 11,
        "3": 84,
        "4": 620,
        "5": 4621,
        "6": 15590
    },
    "27655": {
        "0": 1,
        "1": 1,
        "2": 13,
        "3": 112,
        "4": 895,
        "5": 7010,
        "6": 26991
    },
    "27656": {
        "0": 1,
        "1": 1,
        "2": 9,
        "3": 66,
        "4": 466,
        "5": 3256,
        "6": 7235
    },
    "27657": {
        "0": 1,
        "1": 8,
        "2": 70,
        "3": 606,
        "4": 5212,
        "5": 14689,
        "6": 27431
    },
    "27658": {
        "0": 1,
        "1": 1,
        "2": 1,
        "3": 11,
        "4": 98,
        "5": 857,
        "6": 7329
    },
    "27659": {
        "0": 1,
        "1": 10,
        "2": 78,
        "3": 573,
        "4": 4128,
        "5": 13909,
        "6": 34820
    },
    "27660": {
        "0": 1,
        "1": 10,
        "2": 81,
        "3": 671,
        "4": 5558,
        "5": 15907,
        "6": 29484
    },
    "27661": {
        "0": 1,
        "1": 9,
        "2": 77,
        "3": 672,
        "4": 5844,
        "5": 18148,
        "6": 39255
    },
    "27662": {
        "0": 1,
        "1": 1,
        "2": 12,
        "3": 99,
        "4": 794,
        "5": 6305,
        "6": 22232
    },
    "27663": {
        "0": 1,
        "1": 10,
        "2": 76,
        "3": 590,
        "4": 4651,
        "5": 17751,
        "6": 47352
    },
    "27664": {
        "0": 1,
        "1": 11,
        "2": 89,
        "3": 745,
        "4": 6225,
        "5": 21838,
        "6": 46291
    },
    "27665": {
        "0": 1,
        "1": 1,
        "2": 1,
        "3": 9,
        "4": 62,
        "5": 438,
        "6": 3114
    },
    "27666": {
        "0": 1,
        "1": 1,
        "2": 8,
        "3": 62,
        "4": 481,
        "5": 3707,
        "6": 9164
    },
    "27667": {
        "0": 1,
        "1": 1,
        "2": 1,
        "3": 12,
        "4": 96,
        "5": 702,
        "6": 5093
    },
    "27668": {
        "0": 1,
        "1": 1,
        "2": 10,
        "3": 86,
        "4": 738,
        "5": 6268,
        "6": 22726
    },
    "27669": {
        "0": 1,
        "1": 1,
        "2": 1,
        "3": 10,
        "4": 88,
        "5": 774,
        "6": 6778
    },
    "27670": {
        "0": 1,
        "1": 12,
        "2": 102,
        "3": 811,
        "4": 6350,
        "5": 29938,
        "6": 92417
    },
    "27671": {
        "0": 1,
        "1": 1,
        "2": 11,
        "3": 88,
        "4": 670,
        "5": 5065,
        "6": 19180
    },
    "27672": {
        "0": 1,
        "1": 9,
        "2": 75,
        "3": 623,
        "4": 5179,
        "5": 12771,
        "6": 24070
    },
    "27673": {
        "0": 1,
        "1": 1,
        "2": 8,
        "3": 57,
        "4": 406,
        "5": 2884,
        "6": 9982
    },
    "27674": {
        "0": 1,
        "1": 9,
        "2": 76,
        "3": 648,
        "4": 5521,
        "5": 14715,
        "6": 31411
    },
    "27675": {
        "0": 1,
        "1": 10,
        "2": 80,
        "3": 602,
        "4": 4450,
        "5": 16960,
        "6": 47435
    },
    "27676": {
        "0": 1,
        "1": 11,
        "2": 97,
        "3": 816,
        "4": 6662,
        "5": 25720,
        "6": 63474
    },
    "27677": {
        "0": 1,
        "1": 1,
        "2": 1,
        "3": 10,
        "4": 86,
        "5": 727,
        "6": 6068
    },
    "27678": {
        "0": 1,
        "1": 1,
        "2": 1,
        "3": 10,
        "4": 78,
        "5": 592,
        "6": 4499
    },
    "27679": {
        "0": 1,
        "1": 1,
        "2": 13,
        "3": 106,
        "4": 790,
        "5": 5818,
        "6": 25537
    },
    "27680": {
        "0": 1,
        "1": 1,
        "2": 14,
        "3": 120,
        "4": 932,
        "5": 7127,
        "6": 35621
    },
    "27681": {
        "0": 1,
        "1": 1,
        "2": 1,
        "3": 1,
        "4": 12,
        "5": 98,
        "6": 744
    },
    "27682": {
        "0": 1,
        "1": 1,
        "2": 9,
        "3": 79,
        "4": 677,
        "5": 5750,
        "6": 18092
    },
    "27683": {
        "0": 1,
        "1": 11,
        "2": 90,
        "3": 688,
        "4": 5199,
        "5": 21577,
        "6": 63020
    },
    "27684": {
        "0": 1,
        "1": 1,
        "2": 1,
        "3": 10,
        "4": 77,
        "5": 596,
        "6": 4601
    },
    "27685": {
        "0": 1,
        "1": 10,
        "2": 90,
        "3": 771,
        "4": 6576,
        "5": 23486,
        "6": 59452
    },
    "27686": {
        "0": 1,
        "1": 11,
        "2": 98,
        "3": 850,
        "4": 7295,
        "5": 31879,
        "6": 90991
    },
    "27687": {
        "0": 1,
        "1": 1,
        "2": 9,
        "3": 71,
        "4": 542,
        "5": 3980,
        "6": 13174
    },
    "27688": {
        "0": 1,
        "1": 1,
        "2": 9,
        "3": 72,
        "4": 581,
        "5": 4635,
        "6": 17892
    },
    "27689": {
        "0": 1,
        "1": 1,
        "2": 12,
        "3": 103,
        "4": 835,
        "5": 6694,
        "6": 25703
    },
    "27690": {
        "0": 1,
        "1": 11,
        "2": 85,
        "3": 626,
        "4": 4452,
        "5": 15532,
        "6": 38411
    },
    "27691": {
        "0": 1,
        "1": 1,
        "2": 1,
        "3": 12,
        "4": 105,
        "5": 845,
        "6": 6512
    },
    "27692": {
        "0": 1,
        "1": 1,
        "2": 1,
        "3": 9,
        "4": 70,
        "5": 526,
        "6": 3944
    },
    "27693": {
        "0": 1,
        "1": 11,
        "2": 92,
        "3": 778,
        "4": 6646,
        "5": 24627,
        "6": 57175
    },
    "27694": {
        "0": 1,
        "1": 1,
        "2": 1,
        "3": 9,
        "4": 67,
        "5": 516,
        "6": 3952
    },
    "27695": {
        "0": 1,
        "1": 1,
        "2": 1,
        "3": 1,
        "4": 1,
        "5": 11,
        "6": 92
    },
    "27696": {
        "0": 1,
        "1": 1,
        "2": 10,
        "3": 80,
        "4": 678,
        "5": 5798,
        "6": 17308
    },
    "27697": {
        "0": 1,
        "1": 10,
        "2": 77,
        "3": 600,
        "4": 4750,
        "5": 18528,
        "6": 50927
    },
    "27698": {
        "0": 1,
        "1": 9,
        "2": 67,
        "3": 489,
        "4": 3532,
        "5": 8040,
        "6": 13417
    },
    "27699": {
        "0": 1,
        "1": 1,
        "2": 13,
        "3": 114,
        "4": 983,
        "5": 8501,
        "6": 40786
    }
}