{
    "5700": {
        "0": 1,
        "1": 8,
        "2": 61,
        "3": 466,
        "4": 3555,
        "5": 8169,
        "6": 13738
    },
    "5701": {
        "0": 1,
        "1": 1,
        "2": 1,
        "3": 10,
        "4": 86,
        "5": 719,
        "6": 5862
    },
    "5702": {
        "0": 1,
        "1": 1,
        "2": 10,
        "3": 81,
        "4": 627,
        "5": 4757,
        "6": 18353
    },
    "5703": {
        "0": 1,
        "1": 9,
        "2": 67,
        "3": 496,
        "4": 3613,
        "5": 10421,
        "6": 26658
    },
    "5704": {
        "0": 1,
        "1": 1,
        "2": 11,
        "3": 94,
        "4": 792,
        "5": 6678,
        "6": 23778
    },
    "5705": {
        "0": 1,
        "1": 1,
        "2": 1,
        "3": 1,
        "4": 11,
        "5": 87,
        "6": 673
    },
    "5706": {
        "0": 1,
        "1": 1,
        "2": 1,
        "3": 11,
        "4": 96,
        "5": 822,
        "6": 6964
    },
    "5707": {
        "0": 1,
        "1": 10,
        "2": 83,
        "3": 680,
        "4": 5520,
        "5": 16500,
        "6": 30540
    },
    "5708": {
        "0": 1,
        "1": 10,
        "2": 84,
        "3": 704,
        "4": 5843,
        "5": 17918,
        "6": 36100
    },
    "5709": {
        "0": 1,
        "1": 10,
        "2": 81,
        "3": 614,
        "4": 4553,
        "5": 15981,
        "6": 40693
    },
    "5710": {
        "0": 1,
        "1": 11,
        "2": 95,
        "3": 814,
        "4": 6910,
        "5": 26172,
        "6": 57570
    },
    "5711": {
        "0": 1,
        "1": 9,
        "2": 61,
        "3": 409,
        "4": 2721,
        "5": 9027,
        "6": 20706
    },
    "5712": {
        "0": 1,
        "1": 11,
        "2": 96,
        "3": 817,
        "4": 6921,
        "5": 25707,
        "6": 63230
    },
    "5713": {
        "0": 1,
        "1": 10,
        "2": 76,
        "3": 598,
        "4": 4714,
        "5": 17723,
        "6": 41271
    },
    "5714": {
        "0": 1,
        "1": 9,
        "2": 71,
        "3": 532,
        "4": 3943,
        "5": 10070,
        "6": 19383
    },
    "5715": {
        "0": 1,
        "1": 12,
        "2": 90,
        "3": 606,
        "4": 3988,
        "5": 18210,
        "6": 61531
    },
    "5716": {
        "0": 1,
        "1": 13,
        "2": 116,
        "3": 989,
        "4": 8338,
        "5": 37178,
        "6": 104903
    },
    "5717": {
        "0": 1,
        "1": 1,
        "2": 1,
        "3": 10,
        "4": 89,
        "5": 775,
        "6": 6701
    },
    "5718": {
        "0": 1,
        "1": 1,
        "2": 14,
        "3": 122,
        "4": 1019,
        "5": 8506,
        "6": 38770
    },
    "5719": {
        "0": 1,
        "1": 9,
        "2": 61,
        "3": 410,
        "4": 2761,
        "5": 8353,
        "6": 19762
    },
    "5720": {
        "0": 1,
        "1": 9,
        "2": 76,
        "3": 617,
        "4": 4855,
        "5": 12205,
        "6": 23291
    },
    "5721": {
        "0": 1,
        "1": 11,
        "2": 75,
        "3": 491,
        "4": 3330,
        "5": 12547,
        "6": 34436
    },
    "5722": {
        "0": 1,
        "1": 1,
        "2": 9,
        "3": 69,
        "4": 535,
        "5": 4186,
        "6": 13887
    },
    "5723": {
        "0": 1,
        "1": 1,
        "2": 1,
        "3": 1,
        "4": 1,
        "5": 1,
        "6": 1
    },
    "5724": {
        "0": 1,
        "1": 1,
        "2": 10,
        "3": 84,
        "4": 724,
        "5": 6193,
        "6": 22089
    },
    "5725": {
        "0": 1,
        "1": 9,
        "2": 75,
        "3": 646,
        "4": 5563,
        "5": 15444,
        "6": 31872
    },
    "5726": {
        "0": 1,
        "1": 12,
        "2": 98,
        "3": 748,
        "4": 5663,
        "5": 23926,
        "6": 68115
    },
    "5727": {
        "0": 1,
        "1": 11,
        "2": 92,
        "3": 786,
        "4": 6721,
        "5": 24527,
        "6": 59469
    },
    "5728": {
        "0": 1,
        "1": 1,
        "2": 9,
        "3": 77,
        "4": 670,
        "5": 5811,
        "6": 17444
    },
    "5729": {
        "0": 1,
        "1": 1,
        "2": 11,
        "3": 77,
        "4": 527,
        "5": 3641,
        "6": 14848
    },
    "5730": {
        "0": 1,
        "1": 1,
        "2": 11,
        "3": 76,
        "4": 509,
        "5": 3395,
        "6": 12369
    },
    "5731": {
        "0": 1,
        "1": 10,
        "2": 77,
        "3": 588,
        "4": 4447,
        "5": 16292,
        "6": 39855
    },
    "5732": {
        "0": 1,
        "1": 12,
        "2": 104,
        "3": 879,
        "4": 7297,
        "5": 29737,
        "6": 76954
    },
    "5733": {
        "0": 1,
        "1": 1,
        "2": 1,
        "3": 9,
        "4": 67,
        "5": 505,
        "6": 3845
    },
    "5734": {
        "0": 1,
        "1": 1,
        "2": 11,
        "3": 85,
        "4": 634,
        "5": 4742,
        "6": 18211
    },
    "5735": {
        "0": 1,
        "1": 10,
        "2": 78,
        "3": 595,
        "4": 4565,
        "5": 16104,
        "6": 42566
    },
    "5736": {
        "0": 1,
        "1": 12,
        "2": 98,
        "3": 797,
        "4": 6465,
        "5": 24457,
        "6": 64629
    },
    "5737": {
        "0": 1,
        "1": 1,
        "2": 8,
        "3": 69,
        "4": 594,
        "5": 5164,
        "6": 12407
    },
    "5738": {
        "0": 1,
        "1": 1,
        "2": 1,
        "3": 9,
        "4": 70,
        "5": 554,
        "6": 4376
    },
    "5739": {
        "0": 1,
        "1": 10,
        "2": 82,
        "3": 684,
        "4": 5664,
        "5": 16470,
        "6": 30001
    },
    "5740": {
        "0": 1,
        "1": 1,
        "2": 10,
        "3": 87,
        "4": 775,
        "5": 6817,
        "6": 26855
    },
    "5741": {
        "0": 1,
        "1": 1,
        "2": 1,
        "3": 11,
        "4": 84,
        "5": 631,
        "6": 4719
    },
    "5742": {
        "0": 1,
        "1": 1,
        "2": 12,
        "3": 91,
        "4": 669,
        "5": 4946,
        "6": 17742
    },
    "5743": {
        "0": 1,
        "1": 1,
        "2": 1,
        "3": 9,
        "4": 72,
        "5": 570,
        "6": 4430
    },
    "5744": {
        "0": 1,
        "1": 1,
        "2": 1,
        "3": 9,
        "4": 66,
        "5": 500,
        "6": 3828
    },
    "5745": {
        "0": 1,
        "1": 1,
        "2": 1,
        "3": 1,
        "4": 8,
        "5": 70,
        "6": 601
    },
    "5746": {
        "0": 1,
        "1": 10,
        "2": 84,
        "3": 685,
        "4": 5422,
        "5": 16560,
        "6": 35414
    },
    "5747": {
        "0": 1,
        "1": 11,
        "2": 85,
        "3": 637,
        "4": 4787,
        "5": 18714,
        "6": 50807
    },
    "5748": {
        "0": 1,
        "1": 1,
        "2": 11,
        "3": 94,
        "4": 777,
        "5": 6258,
        "6": 21916
    },
    "5749": {
        "0": 1,
        "1": 11,
        "2": 92,
        "3": 769,
        "4": 6424,
        "5": 23354,
        "6": 59307
    },
    "5750": {
        "0": 1,
        "1": 10,
        "2": 87,
        "3": 732,
        "4": 6144,
        "5": 21525,
        "6": 55570
    },
    "5751": {
        "0": 1,
        "1": 1,
        "2": 9,
        "3": 60,
        "4": 391,
        "5": 2547,
        "6": 7501
    },
    "5752": {
        "0": 1,
        "1": 11,
        "2": 94,
        "3": 775,
        "4": 6293,
        "5": 20610,
        "6": 45828
    },
    "5753": {
        "0": 1,
        "1": 1,
        "2": 9,
        "3": 76,
        "4": 645,
        "5": 5436,
        "6": 15437
    },
    "5754": {
        "0": 1,
        "1": 11,
        "2": 96,
        "3": 821,
        "4": 6891,
        "5": 27163,
        "6": 70746
    },
    "5755": {
        "0": 1,
        "1": 1,
        "2": 12,
        "3": 100,
        "4": 815,
        "5": 6625,
        "6": 24184
    },
    "5756": {
        "0": 1,
        "1": 1,
        "2": 1,
        "3": 11,
        "4": 81,
        "5": 552,
        "6": 3765
    },
    "5757": {
        "0": 1,
        "1": 10,
        "2": 85,
        "3": 722,
        "4": 6035,
        "5": 19801,
        "6": 42753
    },
    "5758": {
        "0": 1,
        "1": 9,
        "2": 77,
        "3": 665,
        "4": 5771,
        "5": 17414,
        "6": 32345
    },
    "5759": {
        "0": 1,
        "1": 1,
        "2": 1,
        "3": 12,
        "4": 87,
        "5": 582,
        "6": 3939
    },
    "5760": {
        "0": 1,
        "1": 12,
        "2": 104,
        "3": 877,
        "4": 7376,
        "5": 29410,
        "6": 76758
    },
    "5761": {
        "0": 1,
        "1": 1,
        "2": 1,
        "3": 8,
        "4": 69,
        "5": 591,
        "6": 5064
    },
    "5762": {
        "0": 1,
        "1": 11,
        "2": 96,
        "3": 771,
        "4": 5962,
        "5": 28066,
        "6": 94475
    },
    "5763": {
        "0": 1,
        "1": 1,
        "2": 10,
        "3": 76,
        "4": 592,
        "5": 4548,
        "6": 17071
    },
    "5764": {
        "0": 1,
        "1": 11,
        "2": 74,
        "3": 455,
        "4": 2777,
        "5": 7942,
        "6": 19119
    },
    "5765": {
        "0": 1,
        "1": 12,
        "2": 103,
        "3": 856,
        "4": 6999,
        "5": 26624,
        "6": 64920
    },
    "5766": {
        "0": 1,
        "1": 1,
        "2": 10,
        "3": 70,
        "4": 481,
        "5": 3342,
        "6": 12942
    },
    "5767": {
        "0": 1,
        "1": 9,
        "2": 77,
        "3": 662,
        "4": 5660,
        "5": 18063,
        "6": 38046
    },
    "5768": {
        "0": 1,
        "1": 11,
        "2": 96,
        "3": 835,
        "4": 7215,
        "5": 29286,
        "6": 77088
    },
    "5769": {
        "0": 1,
        "1": 10,
        "2": 76,
        "3": 569,
        "4": 4216,
        "5": 13430,
        "6": 30253
    },
    "5770": {
        "0": 1,
        "1": 9,
        "2": 70,
        "3": 507,
        "4": 3682,
        "5": 9555,
        "6": 21850
    },
    "5771": {
        "0": 1,
        "1": 1,
        "2": 1,
        "3": 12,
        "4": 98,
        "5": 764,
        "6": 5885
    },
    "5772": {
        "0": 1,
        "1": 10,
        "2": 83,
        "3": 706,
        "4": 6004,
        "5": 18349,
        "6": 38784
    },
    "5773": {
        "0": 1,
        "1": 1,
        "2": 11,
        "3": 79,
        "4": 515,
        "5": 3338,
        "6": 12606
    },
    "5774": {
        "0": 1,
        "1": 10,
        "2": 85,
        "3": 743,
        "4": 6440,
        "5": 22854,
        "6": 44754
    },
    "5775": {
        "0": 1,
        "1": 1,
        "2": 10,
        "3": 87,
        "4": 742,
        "5": 6232,
        "6": 21836
    },
    "5776": {
        "0": 1,
        "1": 10,
        "2": 76,
        "3": 569,
        "4": 4244,
        "5": 13942,
        "6": 34526
    },
    "5777": {
        "0": 1,
        "1": 1,
        "2": 10,
        "3": 72,
        "4": 502,
        "5": 3488,
        "6": 13973
    },
    "5778": {
        "0": 1,
        "1": 10,
        "2": 59,
        "3": 324,
        "4": 1772,
        "5": 5540,
        "6": 14202
    },
    "5779": {
        "0": 1,
        "1": 11,
        "2": 94,
        "3": 799,
        "4": 6711,
        "5": 25500,
        "6": 58374
    },
    "5780": {
        "0": 1,
        "1": 1,
        "2": 10,
        "3": 92,
        "4": 810,
        "5": 7013,
        "6": 29695
    },
    "5781": {
        "0": 1,
        "1": 1,
        "2": 14,
        "3": 118,
        "4": 870,
        "5": 6188,
        "6": 27457
    },
    "5782": {
        "0": 1,
        "1": 9,
        "2": 79,
        "3": 676,
        "4": 5771,
        "5": 16622,
        "6": 33878
    },
    "5783": {
        "0": 1,
        "1": 1,
        "2": 12,
        "3": 106,
        "4": 876,
        "5": 7126,
        "6": 27257
    },
    "5784": {
        "0": 1,
        "1": 13,
        "2": 102,
        "3": 752,
        "4": 5620,
        "5": 23410,
        "6": 65038
    },
    "5785": {
        "0": 1,
        "1": 9,
        "2": 66,
        "3": 505,
        "4": 3911,
        "5": 11341,
        "6": 22332
    },
    "5786": {
        "0": 1,
        "1": 1,
        "2": 1,
        "3": 9,
        "4": 76,
        "5": 627,
        "6": 5022
    },
    "5787": {
        "0": 1,
        "1": 12,
        "2": 106,
        "3": 894,
        "4": 7290,
        "5": 29836,
        "6": 81943
    },
    "5788": {
        "0": 1,
        "1": 12,
        "2": 98,
        "3": 751,
        "4": 5702,
        "5": 25872,
        "6": 81021
    },
    "5789": {
        "0": 1,
        "1": 10,
        "2": 78,
        "3": 596,
        "4": 4540,
        "5": 17111,
        "6": 38454
    },
    "5790": {
        "0": 1,
        "1": 1,
        "2": 1,
        "3": 10,
        "4": 79,
        "5": 597,
        "6": 4408
    },
    "5791": {
        "0": 1,
        "1": 10,
        "2": 72,
        "3": 512,
        "4": 3713,
        "5": 9998,
        "6": 21686
    },
    "5792": {
        "0": 1,
        "1": 12,
        "2": 98,
        "3": 745,
        "4": 5587,
        "5": 24316,
        "6": 69990
    },
    "5793": {
        "0": 1,
        "1": 10,
        "2": 79,
        "3": 651,
        "4": 5432,
        "5": 15424,
        "6": 29985
    },
    "5794": {
        "0": 1,
        "1": 1,
        "2": 11,
        "3": 95,
        "4": 818,
        "5": 7014,
        "6": 27414
    },
    "5795": {
        "0": 1,
        "1": 1,
        "2": 9,
        "3": 78,
        "4": 641,
        "5": 5202,
        "6": 14055
    },
    "5796": {
        "0": 1,
        "1": 1,
        "2": 1,
        "3": 1,
        "4": 1,
        "5": 10,
        "6": 87
    },
    "5797": {
        "0": 1,
        "1": 9,
        "2": 74,
        "3": 599,
        "4": 4733,
        "5": 19399,
        "6": 48597
    },
    "5798": {
        "0": 1,
        "1": 10,
        "2": 80,
        "3": 633,
        "4": 4933,
        "5": 12833,
        "6": 27952
    },
    "5799": {
        "0": 1,
        "1": 1,
        "2": 11,
        "3": 95,
        "4": 802,
        "5": 6701,
        "6": 25622
    }
}