{
    "5000": {
        "0": 1,
        "1": 1,
        "2": 11,
        "3": 88,
        "4": 676,
        "5": 5023,
        "6": 19089
    },
    "5001": {
        "0": 1,
        "1": 8,
        "2": 52,
        "3": 352,
        "4": 2438,
        "5": 6774,
        "6": 12817
    },
    "5002": {
        "0": 1,
        "1": 10,
        "2": 72,
        "3": 494,
        "4": 3266,
        "5": 13286,
        "6": 39791
    },
    "5003": {
        "0": 1,
        "1": 10,
        "2": 82,
        "3": 673,
        "4": 5459,
        "5": 14073,
        "6": 28611
    },
    "5004": {
        "0": 1,
        "1": 11,
        "2": 95,
        "3": 819,
        "4": 7083,
        "5": 28839,
        "6": 72685
    },
    "5005": {
        "0": 1,
        "1": 12,
        "2": 104,
        "3": 858,
        "4": 6984,
        "5": 26257,
        "6": 68578
    },
    "5006": {
        "0": 1,
        "1": 1,
        "2": 1,
        "3": 11,
        "4": 96,
        "5": 814,
        "6": 6832
    },
    "5007": {
        "0": 1,
        "1": 11,
        "2": 95,
        "3": 820,
        "4": 6975,
        "5": 28589,
        "6": 68149
    },
    "5008": {
        "0": 1,
        "1": 10,
        "2": 82,
        "3": 681,
        "4": 5563,
        "5": 17301,
        "6": 35271
    },
    "5009": {
        "0": 1,
        "1": 1,
        "2": 10,
        "3": 75,
        "4": 557,
        "5": 4152,
        "6": 11886
    },
    "5010": {
        "0": 1,
        "1": 1,
        "2": 1,
        "3": 11,
        "4": 87,
        "5": 657,
        "6": 4960
    },
    "5011": {
        "0": 1,
        "1": 10,
        "2": 88,
        "3": 748,
        "4": 6314,
        "5": 20625,
        "6": 45615
    },
    "5012": {
        "0": 1,
        "1": 11,
        "2": 76,
        "3": 479,
        "4": 3003,
        "5": 9821,
        "6": 26776
    },
    "5013": {
        "0": 1,
        "1": 1,
        "2": 1,
        "3": 1,
        "4": 10,
        "5": 87,
        "6": 738
    },
    "5014": {
        "0": 1,
        "1": 10,
        "2": 78,
        "3": 604,
        "4": 4660,
        "5": 16690,
        "6": 43522
    },
    "5015": {
        "0": 1,
        "1": 1,
        "2": 1,
        "3": 1,
        "4": 9,
        "5": 70,
        "6": 528
    },
    "5016": {
        "0": 1,
        "1": 1,
        "2": 11,
        "3": 86,
        "4": 651,
        "5": 4915,
        "6": 18167
    },
    "5017": {
        "0": 1,
        "1": 11,
        "2": 84,
        "3": 603,
        "4": 4272,
        "5": 13094,
        "6": 29481
    },
    "5018": {
        "0": 1,
        "1": 1,
        "2": 9,
        "3": 75,
        "4": 605,
        "5": 4832,
        "6": 10726
    },
    "5019": {
        "0": 1,
        "1": 1,
        "2": 1,
        "3": 1,
        "4": 1,
        "5": 13,
        "6": 116
    },
    "5020": {
        "0": 1,
        "1": 1,
        "2": 1,
        "3": 1,
        "4": 12,
        "5": 103,
        "6": 856
    },
    "5021": {
        "0": 1,
        "1": 1,
        "2": 12,
        "3": 93,
        "4": 680,
        "5": 4921,
        "6": 18076
    },
    "5022": {
        "0": 1,
        "1": 10,
        "2": 69,
        "3": 480,
        "4": 3337,
        "5": 12946,
        "6": 32050
    },
    "5023": {
        "0": 1,
        "1": 10,
        "2": 74,
        "3": 544,
        "4": 4021,
        "5": 10860,
        "6": 21731
    },
    "5024": {
        "0": 1,
        "1": 8,
        "2": 52,
        "3": 340,
        "4": 2241,
        "5": 5984,
        "6": 13972
    },
    "5025": {
        "0": 1,
        "1": 9,
        "2": 68,
        "3": 499,
        "4": 3578,
        "5": 9825,
        "6": 19044
    },
    "5026": {
        "0": 1,
        "1": 8,
        "2": 72,
        "3": 620,
        "4": 5203,
        "5": 15040,
        "6": 32468
    },
    "5027": {
        "0": 1,
        "1": 9,
        "2": 54,
        "3": 328,
        "4": 2005,
        "5": 7255,
        "6": 19583
    },
    "5028": {
        "0": 1,
        "1": 9,
        "2": 77,
        "3": 654,
        "4": 5420,
        "5": 16498,
        "6": 33342
    },
    "5029": {
        "0": 1,
        "1": 10,
        "2": 82,
        "3": 685,
        "4": 5708,
        "5": 14881,
        "6": 23862
    },
    "5030": {
        "0": 1,
        "1": 1,
        "2": 12,
        "3": 112,
        "4": 1007,
        "5": 8922,
        "6": 44942
    },
    "5031": {
        "0": 1,
        "1": 12,
        "2": 93,
        "3": 683,
        "4": 5037,
        "5": 18121,
        "6": 46988
    },
    "5032": {
        "0": 1,
        "1": 11,
        "2": 93,
        "3": 753,
        "4": 5990,
        "5": 27857,
        "6": 85219
    },
    "5033": {
        "0": 1,
        "1": 12,
        "2": 89,
        "3": 609,
        "4": 4091,
        "5": 17047,
        "6": 50641
    },
    "5034": {
        "0": 1,
        "1": 11,
        "2": 96,
        "3": 796,
        "4": 6427,
        "5": 23488,
        "6": 60387
    },
    "5035": {
        "0": 1,
        "1": 1,
        "2": 1,
        "3": 9,
        "4": 78,
        "5": 661,
        "6": 5484
    },
    "5036": {
        "0": 1,
        "1": 11,
        "2": 86,
        "3": 656,
        "4": 5041,
        "5": 19715,
        "6": 54327
    },
    "5037": {
        "0": 1,
        "1": 1,
        "2": 10,
        "3": 78,
        "4": 601,
        "5": 4646,
        "6": 16785
    },
    "5038": {
        "0": 1,
        "1": 11,
        "2": 94,
        "3": 772,
        "4": 6268,
        "5": 22728,
        "6": 57758
    },
    "5039": {
        "0": 1,
        "1": 9,
        "2": 71,
        "3": 536,
        "4": 4000,
        "5": 12326,
        "6": 27542
    },
    "5040": {
        "0": 1,
        "1": 10,
        "2": 77,
        "3": 586,
        "4": 4448,
        "5": 16344,
        "6": 43412
    },
    "5041": {
        "0": 1,
        "1": 11,
        "2": 84,
        "3": 644,
        "4": 4999,
        "5": 20087,
        "6": 53793
    },
    "5042": {
        "0": 1,
        "1": 9,
        "2": 77,
        "3": 651,
        "4": 5397,
        "5": 13868,
        "6": 27251
    },
    "5043": {
        "0": 1,
        "1": 1,
        "2": 11,
        "3": 95,
        "4": 808,
        "5": 6768,
        "6": 26171
    },
    "5044": {
        "0": 1,
        "1": 10,
        "2": 70,
        "3": 458,
        "4": 2981,
        "5": 10393,
        "6": 28403
    },
    "5045": {
        "0": 1,
        "1": 1,
        "2": 1,
        "3": 1,
        "4": 1,
        "5": 1,
        "6": 12
    },
    "5046": {
        "0": 1,
        "1": 1,
        "2": 10,
        "3": 76,
        "4": 564,
        "5": 4174,
        "6": 11693
    },
    "5047": {
        "0": 1,
        "1": 1,
        "2": 1,
        "3": 9,
        "4": 64,
        "5": 444,
        "6": 3030
    },
    "5048": {
        "0": 1,
        "1": 1,
        "2": 1,
        "3": 12,
        "4": 94,
        "5": 667,
        "6": 4599
    },
    "5049": {
        "0": 1,
        "1": 1,
        "2": 11,
        "3": 87,
        "4": 679,
        "5": 5260,
        "6": 21627
    },
    "5050": {
        "0": 1,
        "1": 10,
        "2": 73,
        "3": 527,
        "4": 3908,
        "5": 10094,
        "6": 26268
    },
    "5051": {
        "0": 1,
        "1": 11,
        "2": 75,
        "3": 495,
        "4": 3354,
        "5": 13792,
        "6": 44542
    },
    "5052": {
        "0": 1,
        "1": 1,
        "2": 12,
        "3": 102,
        "4": 851,
        "5": 7139,
        "6": 27706
    },
    "5053": {
        "0": 1,
        "1": 1,
        "2": 1,
        "3": 10,
        "4": 83,
        "5": 701,
        "6": 5959
    },
    "5054": {
        "0": 1,
        "1": 10,
        "2": 85,
        "3": 712,
        "4": 5770,
        "5": 20292,
        "6": 45249
    },
    "5055": {
        "0": 1,
        "1": 1,
        "2": 1,
        "3": 1,
        "4": 1,
        "5": 1,
        "6": 11
    },
    "5056": {
        "0": 1,
        "1": 10,
        "2": 83,
        "3": 706,
        "4": 5949,
        "5": 19746,
        "6": 43818
    },
    "5057": {
        "0": 1,
        "1": 13,
        "2": 109,
        "3": 879,
        "4": 7109,
        "5": 27633,
        "6": 66572
    },
    "5058": {
        "0": 1,
        "1": 1,
        "2": 13,
        "3": 112,
        "4": 924,
        "5": 7483,
        "6": 30057
    },
    "5059": {
        "0": 1,
        "1": 11,
        "2": 92,
        "3": 778,
        "4": 6509,
        "5": 23985,
        "6": 59830
    },
    "5060": {
        "0": 1,
        "1": 8,
        "2": 57,
        "3": 409,
        "4": 2935,
        "5": 10600,
        "6": 31102
    },
    "5061": {
        "0": 1,
        "1": 1,
        "2": 1,
        "3": 11,
        "4": 84,
        "5": 625,
        "6": 4752
    },
    "5062": {
        "0": 1,
        "1": 10,
        "2": 76,
        "3": 587,
        "4": 4570,
        "5": 16628,
        "6": 42294
    },
    "5063": {
        "0": 1,
        "1": 10,
        "2": 66,
        "3": 433,
        "4": 2882,
        "5": 9161,
        "6": 21692
    },
    "5064": {
        "0": 1,
        "1": 9,
        "2": 74,
        "3": 626,
        "4": 5248,
        "5": 13638,
        "6": 23108
    },
    "5065": {
        "0": 1,
        "1": 9,
        "2": 69,
        "3": 520,
        "4": 3918,
        "5": 10352,
        "6": 18634
    },
    "5066": {
        "0": 1,
        "1": 13,
        "2": 91,
        "3": 582,
        "4": 3738,
        "5": 14933,
        "6": 46773
    },
    "5067": {
        "0": 1,
        "1": 11,
        "2": 85,
        "3": 630,
        "4": 4696,
        "5": 16076,
        "6": 33146
    },
    "5068": {
        "0": 1,
        "1": 1,
        "2": 12,
        "3": 96,
        "4": 730,
        "5": 5478,
        "6": 21961
    },
    "5069": {
        "0": 1,
        "1": 11,
        "2": 95,
        "3": 812,
        "4": 6955,
        "5": 26851,
        "6": 61969
    },
    "5070": {
        "0": 1,
        "1": 11,
        "2": 98,
        "3": 846,
        "4": 7135,
        "5": 29240,
        "6": 75934
    },
    "5071": {
        "0": 1,
        "1": 1,
        "2": 10,
        "3": 79,
        "4": 594,
        "5": 4297,
        "6": 14835
    },
    "5072": {
        "0": 1,
        "1": 1,
        "2": 11,
        "3": 91,
        "4": 749,
        "5": 6094,
        "6": 21383
    },
    "5073": {
        "0": 1,
        "1": 1,
        "2": 11,
        "3": 92,
        "4": 783,
        "5": 6663,
        "6": 24040
    },
    "5074": {
        "0": 1,
        "1": 13,
        "2": 108,
        "3": 812,
        "4": 5915,
        "5": 27076,
        "6": 89865
    },
    "5075": {
        "0": 1,
        "1": 1,
        "2": 1,
        "3": 1,
        "4": 11,
        "5": 81,
        "6": 561
    },
    "5076": {
        "0": 1,
        "1": 1,
        "2": 1,
        "3": 12,
        "4": 106,
        "5": 883,
        "6": 7198
    },
    "5077": {
        "0": 1,
        "1": 1,
        "2": 1,
        "3": 10,
        "4": 86,
        "5": 734,
        "6": 6191
    },
    "5078": {
        "0": 1,
        "1": 1,
        "2": 1,
        "3": 13,
        "4": 106,
        "5": 805,
        "6": 6153
    },
    "5079": {
        "0": 1,
        "1": 1,
        "2": 9,
        "3": 70,
        "4": 541,
        "5": 4206,
        "6": 13635
    },
    "5080": {
        "0": 1,
        "1": 1,
        "2": 13,
        "3": 105,
        "4": 759,
        "5": 5345,
        "6": 20059
    },
    "5081": {
        "0": 1,
        "1": 1,
        "2": 9,
        "3": 69,
        "4": 520,
        "5": 3909,
        "6": 11201
    },
    "5082": {
        "0": 1,
        "1": 1,
        "2": 11,
        "3": 93,
        "4": 789,
        "5": 6634,
        "6": 25353
    },
    "5083": {
        "0": 1,
        "1": 1,
        "2": 1,
        "3": 10,
        "4": 70,
        "5": 471,
        "6": 3172
    },
    "5084": {
        "0": 1,
        "1": 12,
        "2": 100,
        "3": 834,
        "4": 6794,
        "5": 26399,
        "6": 61764
    },
    "5085": {
        "0": 1,
        "1": 9,
        "2": 77,
        "3": 671,
        "4": 5785,
        "5": 18917,
        "6": 39925
    },
    "5086": {
        "0": 1,
        "1": 11,
        "2": 94,
        "3": 779,
        "4": 6443,
        "5": 23121,
        "6": 57114
    },
    "5087": {
        "0": 1,
        "1": 10,
        "2": 91,
        "3": 797,
        "4": 6837,
        "5": 27626,
        "6": 70894
    },
    "5088": {
        "0": 1,
        "1": 1,
        "2": 10,
        "3": 91,
        "4": 793,
        "5": 6852,
        "6": 26056
    },
    "5089": {
        "0": 1,
        "1": 1,
        "2": 11,
        "3": 67,
        "4": 368,
        "5": 2067,
        "6": 6881
    },
    "5090": {
        "0": 1,
        "1": 1,
        "2": 1,
        "3": 1,
        "4": 1,
        "5": 11,
        "6": 83
    },
    "5091": {
        "0": 1,
        "1": 11,
        "2": 96,
        "3": 837,
        "4": 7137,
        "5": 29781,
        "6": 83505
    },
    "5092": {
        "0": 1,
        "1": 12,
        "2": 108,
        "3": 947,
        "4": 8147,
        "5": 36267,
        "6": 108169
    },
    "5093": {
        "0": 1,
        "1": 1,
        "2": 1,
        "3": 1,
        "4": 11,
        "5": 84,
        "6": 638
    },
    "5094": {
        "0": 1,
        "1": 11,
        "2": 93,
        "3": 774,
        "4": 6512,
        "5": 22645,
        "6": 48843
    },
    "5095": {
        "0": 1,
        "1": 9,
        "2": 71,
        "3": 545,
        "4": 4105,
        "5": 13375,
        "6": 31334
    },
    "5096": {
        "0": 1,
        "1": 1,
        "2": 12,
        "3": 94,
        "4": 701,
        "5": 5203,
        "6": 21188
    },
    "5097": {
        "0": 1,
        "1": 1,
        "2": 11,
        "3": 89,
        "4": 672,
        "5": 5015,
        "6": 18482
    },
    "5098": {
        "0": 1,
        "1": 10,
        "2": 81,
        "3": 636,
        "4": 4912,
        "5": 20385,
        "6": 55637
    },
    "5099": {
        "0": 1,
        "1": 10,
        "2": 72,
        "3": 522,
        "4": 3761,
        "5": 11321,
        "6": 23561
    }
}