{
    "31300": {
        "0": 1,
        "1": 9,
        "2": 69,
        "3": 537,
        "4": 4178,
        "5": 13263,
        "6": 30274
    },
    "31301": {
        "0": 1,
        "1": 1,
        "2": 1,
        "3": 11,
        "4": 93,
        "5": 780,
        "6": 6527
    },
    "31302": {
        "0": 1,
        "1": 9,
        "2": 73,
        "3": 601,
        "4": 4989,
        "5": 9199,
        "6": 12456
    },
    "31303": {
        "0": 1,
        "1": 1,
        "2": 9,
        "3": 69,
        "4": 519,
        "5": 3850,
        "6": 10983
    },
    "31304": {
        "0": 1,
        "1": 8,
        "2": 72,
        "3": 630,
        "4": 5441,
        "5": 16395,
        "6": 36951
    },
    "31305": {
        "0": 1,
        "1": 1,
        "2": 10,
        "3": 83,
        "4": 701,
        "5": 5901,
        "6": 19516
    },
    "31306": {
        "0": 1,
        "1": 11,
        "2": 76,
        "3": 477,
        "4": 3023,
        "5": 10186,
        "6": 26072
    },
    "31307": {
        "0": 1,
        "1": 9,
        "2": 67,
        "3": 489,
        "4": 3580,
        "5": 9145,
        "6": 16701
    },
    "31308": {
        "0": 1,
        "1": 9,
        "2": 66,
        "3": 491,
        "4": 3670,
        "5": 10310,
        "6": 23561
    },
    "31309": {
        "0": 1,
        "1": 1,
        "2": 1,
        "3": 11,
        "4": 84,
        "5": 624,
        "6": 4677
    },
    "31310": {
        "0": 1,
        "1": 1,
        "2": 1,
        "3": 1,
        "4": 1,
        "5": 11,
        "6": 91
    },
    "31311": {
        "0": 1,
        "1": 1,
        "2": 10,
        "3": 76,
        "4": 571,
        "5": 4312,
        "6": 13705
    },
    "31312": {
        "0": 1,
        "1": 1,
        "2": 13,
        "3": 106,
        "4": 821,
        "5": 6235,
        "6": 29655
    },
    "31313": {
        "0": 1,
        "1": 11,
        "2": 97,
        "3": 826,
        "4": 6747,
        "5": 26144,
        "6": 66535
    },
    "31314": {
        "0": 1,
        "1": 9,
        "2": 70,
        "3": 537,
        "4": 4151,
        "5": 12976,
        "6": 32052
    },
    "31315": {
        "0": 1,
        "1": 10,
        "2": 86,
        "3": 725,
        "4": 6066,
        "5": 20093,
        "6": 46006
    },
    "31316": {
        "0": 1,
        "1": 1,
        "2": 11,
        "3": 88,
        "4": 665,
        "5": 4963,
        "6": 19540
    },
    "31317": {
        "0": 1,
        "1": 10,
        "2": 82,
        "3": 645,
        "4": 4957,
        "5": 20436,
        "6": 60103
    },
    "31318": {
        "0": 1,
        "1": 9,
        "2": 74,
        "3": 633,
        "4": 5423,
        "5": 13696,
        "6": 24667
    },
    "31319": {
        "0": 1,
        "1": 11,
        "2": 81,
        "3": 588,
        "4": 4292,
        "5": 14087,
        "6": 32717
    },
    "31320": {
        "0": 1,
        "1": 10,
        "2": 78,
        "3": 590,
        "4": 4371,
        "5": 14681,
        "6": 37486
    },
    "31321": {
        "0": 1,
        "1": 10,
        "2": 83,
        "3": 686,
        "4": 5548,
        "5": 16471,
        "6": 35853
    },
    "31322": {
        "0": 1,
        "1": 1,
        "2": 1,
        "3": 11,
        "4": 82,
        "5": 596,
        "6": 4347
    },
    "31323": {
        "0": 1,
        "1": 1,
        "2": 1,
        "3": 11,
        "4": 92,
        "5": 752,
        "6": 6064
    },
    "31324": {
        "0": 1,
        "1": 11,
        "2": 89,
        "3": 710,
        "4": 5587,
        "5": 15683,
        "6": 31897
    },
    "31325": {
        "0": 1,
        "1": 10,
        "2": 77,
        "3": 582,
        "4": 4466,
        "5": 15213,
        "6": 40641
    },
    "31326": {
        "0": 1,
        "1": 1,
        "2": 11,
        "3": 84,
        "4": 627,
        "5": 4605,
        "6": 16253
    },
    "31327": {
        "0": 1,
        "1": 12,
        "2": 105,
        "3": 881,
        "4": 7316,
        "5": 28214,
        "6": 69773
    },
    "31328": {
        "0": 1,
        "1": 11,
        "2": 86,
        "3": 657,
        "4": 5037,
        "5": 19457,
        "6": 51081
    },
    "31329": {
        "0": 1,
        "1": 10,
        "2": 80,
        "3": 646,
        "4": 5163,
        "5": 13053,
        "6": 28589
    },
    "31330": {
        "0": 1,
        "1": 1,
        "2": 1,
        "3": 11,
        "4": 89,
        "5": 682,
        "6": 5143
    },
    "31331": {
        "0": 1,
        "1": 1,
        "2": 10,
        "3": 82,
        "4": 696,
        "5": 5952,
        "6": 18694
    },
    "31332": {
        "0": 1,
        "1": 1,
        "2": 10,
        "3": 85,
        "4": 700,
        "5": 5628,
        "6": 16917
    },
    "31333": {
        "0": 1,
        "1": 9,
        "2": 73,
        "3": 601,
        "4": 4901,
        "5": 9711,
        "6": 17656
    },
    "31334": {
        "0": 1,
        "1": 1,
        "2": 12,
        "3": 103,
        "4": 867,
        "5": 7356,
        "6": 29702
    },
    "31335": {
        "0": 1,
        "1": 10,
        "2": 77,
        "3": 582,
        "4": 4371,
        "5": 15539,
        "6": 38044
    },
    "31336": {
        "0": 1,
        "1": 1,
        "2": 9,
        "3": 74,
        "4": 616,
        "5": 5090,
        "6": 11663
    },
    "31337": {
        "0": 1,
        "1": 10,
        "2": 72,
        "3": 494,
        "4": 3310,
        "5": 12909,
        "6": 35515
    },
    "31338": {
        "0": 1,
        "1": 1,
        "2": 12,
        "3": 96,
        "4": 722,
        "5": 5399,
        "6": 21242
    },
    "31339": {
        "0": 1,
        "1": 10,
        "2": 61,
        "3": 361,
        "4": 2164,
        "5": 8186,
        "6": 20669
    },
    "31340": {
        "0": 1,
        "1": 16,
        "2": 100,
        "3": 532,
        "4": 2732,
        "5": 12311,
        "6": 44323
    },
    "31341": {
        "0": 1,
        "1": 11,
        "2": 86,
        "3": 653,
        "4": 5010,
        "5": 19688,
        "6": 53522
    },
    "31342": {
        "0": 1,
        "1": 12,
        "2": 93,
        "3": 702,
        "4": 5368,
        "5": 22247,
        "6": 63879
    },
    "31343": {
        "0": 1,
        "1": 10,
        "2": 74,
        "3": 560,
        "4": 4246,
        "5": 13223,
        "6": 29256
    },
    "31344": {
        "0": 1,
        "1": 1,
        "2": 8,
        "3": 64,
        "4": 506,
        "5": 3925,
        "6": 12732
    },
    "31345": {
        "0": 1,
        "1": 12,
        "2": 96,
        "3": 714,
        "4": 5287,
        "5": 20390,
        "6": 58766
    },
    "31346": {
        "0": 1,
        "1": 12,
        "2": 101,
        "3": 825,
        "4": 6681,
        "5": 25808,
        "6": 64312
    },
    "31347": {
        "0": 1,
        "1": 9,
        "2": 65,
        "3": 469,
        "4": 3413,
        "5": 7694,
        "6": 15402
    },
    "31348": {
        "0": 1,
        "1": 1,
        "2": 11,
        "3": 85,
        "4": 623,
        "5": 4573,
        "6": 16454
    },
    "31349": {
        "0": 1,
        "1": 1,
        "2": 1,
        "3": 1,
        "4": 10,
        "5": 75,
        "6": 586
    },
    "31350": {
        "0": 1,
        "1": 11,
        "2": 83,
        "3": 606,
        "4": 4458,
        "5": 13983,
        "6": 34221
    },
    "31351": {
        "0": 1,
        "1": 1,
        "2": 1,
        "3": 9,
        "4": 68,
        "5": 508,
        "6": 3784
    },
    "31352": {
        "0": 1,
        "1": 8,
        "2": 60,
        "3": 452,
        "4": 3403,
        "5": 8355,
        "6": 15392
    },
    "31353": {
        "0": 1,
        "1": 1,
        "2": 1,
        "3": 11,
        "4": 88,
        "5": 671,
        "6": 5113
    },
    "31354": {
        "0": 1,
        "1": 1,
        "2": 11,
        "3": 86,
        "4": 636,
        "5": 4679,
        "6": 17204
    },
    "31355": {
        "0": 1,
        "1": 11,
        "2": 94,
        "3": 770,
        "4": 6218,
        "5": 20013,
        "6": 46060
    },
    "31356": {
        "0": 1,
        "1": 15,
        "2": 140,
        "3": 1178,
        "4": 9715,
        "5": 47768,
        "6": 150224
    },
    "31357": {
        "0": 1,
        "1": 11,
        "2": 94,
        "3": 796,
        "4": 6641,
        "5": 24529,
        "6": 52826
    },
    "31358": {
        "0": 1,
        "1": 13,
        "2": 116,
        "3": 988,
        "4": 8324,
        "5": 37492,
        "6": 102586
    },
    "31359": {
        "0": 1,
        "1": 1,
        "2": 1,
        "3": 11,
        "4": 82,
        "5": 603,
        "6": 4509
    },
    "31360": {
        "0": 1,
        "1": 10,
        "2": 80,
        "3": 626,
        "4": 4905,
        "5": 19450,
        "6": 52515
    },
    "31361": {
        "0": 1,
        "1": 9,
        "2": 68,
        "3": 519,
        "4": 3902,
        "5": 11933,
        "6": 27579
    },
    "31362": {
        "0": 1,
        "1": 1,
        "2": 1,
        "3": 11,
        "4": 85,
        "5": 639,
        "6": 4749
    },
    "31363": {
        "0": 1,
        "1": 12,
        "2": 81,
        "3": 510,
        "4": 3314,
        "5": 11689,
        "6": 28877
    },
    "31364": {
        "0": 1,
        "1": 1,
        "2": 10,
        "3": 79,
        "4": 616,
        "5": 4719,
        "6": 18371
    },
    "31365": {
        "0": 1,
        "1": 1,
        "2": 1,
        "3": 10,
        "4": 90,
        "5": 770,
        "6": 6431
    },
    "31366": {
        "0": 1,
        "1": 10,
        "2": 81,
        "3": 644,
        "4": 5031,
        "5": 19824,
        "6": 57113
    },
    "31367": {
        "0": 1,
        "1": 11,
        "2": 83,
        "3": 627,
        "4": 4775,
        "5": 17429,
        "6": 42593
    },
    "31368": {
        "0": 1,
        "1": 1,
        "2": 1,
        "3": 11,
        "4": 87,
        "5": 662,
        "6": 5022
    },
    "31369": {
        "0": 1,
        "1": 8,
        "2": 62,
        "3": 460,
        "4": 3286,
        "5": 7535,
        "6": 11416
    },
    "31370": {
        "0": 1,
        "1": 11,
        "2": 95,
        "3": 808,
        "4": 6851,
        "5": 25508,
        "6": 62649
    },
    "31371": {
        "0": 1,
        "1": 10,
        "2": 82,
        "3": 689,
        "4": 5827,
        "5": 16868,
        "6": 37051
    },
    "31372": {
        "0": 1,
        "1": 12,
        "2": 102,
        "3": 861,
        "4": 7143,
        "5": 28234,
        "6": 71481
    },
    "31373": {
        "0": 1,
        "1": 11,
        "2": 91,
        "3": 747,
        "4": 5980,
        "5": 28097,
        "6": 81868
    },
    "31374": {
        "0": 1,
        "1": 1,
        "2": 9,
        "3": 61,
        "4": 403,
        "5": 2629,
        "6": 7993
    },
    "31375": {
        "0": 1,
        "1": 10,
        "2": 77,
        "3": 589,
        "4": 4391,
        "5": 14889,
        "6": 39241
    },
    "31376": {
        "0": 1,
        "1": 9,
        "2": 79,
        "3": 670,
        "4": 5504,
        "5": 16658,
        "6": 36301
    },
    "31377": {
        "0": 1,
        "1": 10,
        "2": 91,
        "3": 795,
        "4": 6842,
        "5": 28007,
        "6": 74323
    },
    "31378": {
        "0": 1,
        "1": 10,
        "2": 78,
        "3": 604,
        "4": 4617,
        "5": 15864,
        "6": 36895
    },
    "31379": {
        "0": 1,
        "1": 11,
        "2": 83,
        "3": 623,
        "4": 4734,
        "5": 16980,
        "6": 42863
    },
    "31380": {
        "0": 1,
        "1": 10,
        "2": 89,
        "3": 780,
        "4": 6823,
        "5": 26733,
        "6": 74557
    },
    "31381": {
        "0": 1,
        "1": 10,
        "2": 75,
        "3": 550,
        "4": 4016,
        "5": 12111,
        "6": 23975
    },
    "31382": {
        "0": 1,
        "1": 11,
        "2": 78,
        "3": 525,
        "4": 3523,
        "5": 13341,
        "6": 37341
    },
    "31383": {
        "0": 1,
        "1": 11,
        "2": 78,
        "3": 531,
        "4": 3611,
        "5": 14164,
        "6": 40829
    },
    "31384": {
        "0": 1,
        "1": 11,
        "2": 94,
        "3": 800,
        "4": 6754,
        "5": 24279,
        "6": 57394
    },
    "31385": {
        "0": 1,
        "1": 11,
        "2": 89,
        "3": 702,
        "4": 5447,
        "5": 23139,
        "6": 65991
    },
    "31386": {
        "0": 1,
        "1": 1,
        "2": 1,
        "3": 11,
        "4": 86,
        "5": 642,
        "6": 4737
    },
    "31387": {
        "0": 1,
        "1": 11,
        "2": 93,
        "3": 750,
        "4": 5931,
        "5": 18750,
        "6": 45266
    },
    "31388": {
        "0": 1,
        "1": 1,
        "2": 10,
        "3": 79,
        "4": 629,
        "5": 5005,
        "6": 20549
    },
    "31389": {
        "0": 1,
        "1": 10,
        "2": 77,
        "3": 585,
        "4": 4413,
        "5": 16023,
        "6": 40355
    },
    "31390": {
        "0": 1,
        "1": 1,
        "2": 10,
        "3": 87,
        "4": 746,
        "5": 6373,
        "6": 21661
    },
    "31391": {
        "0": 1,
        "1": 1,
        "2": 11,
        "3": 94,
        "4": 771,
        "5": 6225,
        "6": 22084
    },
    "31392": {
        "0": 1,
        "1": 9,
        "2": 61,
        "3": 412,
        "4": 2819,
        "5": 9110,
        "6": 21245
    },
    "31393": {
        "0": 1,
        "1": 1,
        "2": 11,
        "3": 88,
        "4": 688,
        "5": 5324,
        "6": 21954
    },
    "31394": {
        "0": 1,
        "1": 12,
        "2": 78,
        "3": 451,
        "4": 2633,
        "5": 10582,
        "6": 32109
    },
    "31395": {
        "0": 1,
        "1": 1,
        "2": 1,
        "3": 1,
        "4": 1,
        "5": 9,
        "6": 73
    },
    "31396": {
        "0": 1,
        "1": 1,
        "2": 13,
        "3": 105,
        "4": 769,
        "5": 5556,
        "6": 22837
    },
    "31397": {
        "0": 1,
        "1": 1,
        "2": 1,
        "3": 11,
        "4": 74,
        "5": 479,
        "6": 3091
    },
    "31398": {
        "0": 1,
        "1": 11,
        "2": 94,
        "3": 789,
        "4": 6575,
        "5": 24429,
        "6": 59694
    },
    "31399": {
        "0": 1,
        "1": 1,
        "2": 1,
        "3": 11,
        "4": 94,
        "5": 783,
        "6": 6311
    }
}