{
    "8600": {
        "0": 1,
        "1": 1,
        "2": 10,
        "3": 74,
        "4": 556,
        "5": 4259,
        "6": 13891
    },
    "8601": {
        "0": 1,
        "1": 1,
        "2": 10,
        "3": 67,
        "4": 435,
        "5": 2869,
        "6": 8796
    },
    "8602": {
        "0": 1,
        "1": 1,
        "2": 10,
        "3": 85,
        "4": 715,
        "5": 5948,
        "6": 18986
    },
    "8603": {
        "0": 1,
        "1": 9,
        "2": 78,
        "3": 674,
        "4": 5823,
        "5": 17637,
        "6": 36686
    },
    "8604": {
        "0": 1,
        "1": 1,
        "2": 11,
        "3": 92,
        "4": 771,
        "5": 6483,
        "6": 22090
    },
    "8605": {
        "0": 1,
        "1": 12,
        "2": 89,
        "3": 617,
        "4": 4293,
        "5": 19726,
        "6": 61982
    },
    "8606": {
        "0": 1,
        "1": 9,
        "2": 61,
        "3": 400,
        "4": 2648,
        "5": 7259,
        "6": 15833
    },
    "8607": {
        "0": 1,
        "1": 9,
        "2": 67,
        "3": 483,
        "4": 3532,
        "5": 9022,
        "6": 20024
    },
    "8608": {
        "0": 1,
        "1": 1,
        "2": 9,
        "3": 68,
        "4": 513,
        "5": 3899,
        "6": 10654
    },
    "8609": {
        "0": 1,
        "1": 1,
        "2": 12,
        "3": 97,
        "4": 736,
        "5": 5520,
        "6": 23864
    },
    "8610": {
        "0": 1,
        "1": 1,
        "2": 1,
        "3": 8,
        "4": 63,
        "5": 488,
        "6": 3795
    },
    "8611": {
        "0": 1,
        "1": 1,
        "2": 1,
        "3": 1,
        "4": 1,
        "5": 12,
        "6": 97
    },
    "8612": {
        "0": 1,
        "1": 11,
        "2": 67,
        "3": 362,
        "4": 2012,
        "5": 7265,
        "6": 21082
    },
    "8613": {
        "0": 1,
        "1": 1,
        "2": 1,
        "3": 10,
        "4": 83,
        "5": 719,
        "6": 6238
    },
    "8614": {
        "0": 1,
        "1": 11,
        "2": 101,
        "3": 893,
        "4": 7753,
        "5": 34223,
        "6": 95637
    },
    "8615": {
        "0": 1,
        "1": 1,
        "2": 1,
        "3": 1,
        "4": 1,
        "5": 11,
        "6": 86
    },
    "8616": {
        "0": 1,
        "1": 1,
        "2": 11,
        "3": 75,
        "4": 508,
        "5": 3559,
        "6": 14902
    },
    "8617": {
        "0": 1,
        "1": 9,
        "2": 78,
        "3": 658,
        "4": 5472,
        "5": 14994,
        "6": 33286
    },
    "8618": {
        "0": 1,
        "1": 12,
        "2": 100,
        "3": 827,
        "4": 6802,
        "5": 25789,
        "6": 59780
    },
    "8619": {
        "0": 1,
        "1": 10,
        "2": 85,
        "3": 711,
        "4": 5915,
        "5": 18716,
        "6": 39145
    },
    "8620": {
        "0": 1,
        "1": 8,
        "2": 61,
        "3": 467,
        "4": 3576,
        "5": 8355,
        "6": 14471
    },
    "8621": {
        "0": 1,
        "1": 1,
        "2": 13,
        "3": 108,
        "4": 866,
        "5": 6818,
        "6": 35609
    },
    "8622": {
        "0": 1,
        "1": 1,
        "2": 1,
        "3": 1,
        "4": 11,
        "5": 93,
        "6": 791
    },
    "8623": {
        "0": 1,
        "1": 9,
        "2": 76,
        "3": 665,
        "4": 5781,
        "5": 17380,
        "6": 38502
    },
    "8624": {
        "0": 1,
        "1": 1,
        "2": 1,
        "3": 10,
        "4": 71,
        "5": 479,
        "6": 3191
    },
    "8625": {
        "0": 1,
        "1": 1,
        "2": 1,
        "3": 1,
        "4": 1,
        "5": 9,
        "6": 79
    },
    "8626": {
        "0": 1,
        "1": 1,
        "2": 1,
        "3": 12,
        "4": 104,
        "5": 865,
        "6": 7172
    },
    "8627": {
        "0": 1,
        "1": 1,
        "2": 1,
        "3": 1,
        "4": 11,
        "5": 73,
        "6": 477
    },
    "8628": {
        "0": 1,
        "1": 11,
        "2": 85,
        "3": 644,
        "4": 4887,
        "5": 18126,
        "6": 45937
    },
    "8629": {
        "0": 1,
        "1": 1,
        "2": 1,
        "3": 11,
        "4": 95,
        "5": 793,
        "6": 6587
    },
    "8630": {
        "0": 1,
        "1": 9,
        "2": 69,
        "3": 543,
        "4": 4270,
        "5": 14286,
        "6": 34221
    },
    "8631": {
        "0": 1,
        "1": 9,
        "2": 75,
        "3": 630,
        "4": 5342,
        "5": 13104,
        "6": 24850
    },
    "8632": {
        "0": 1,
        "1": 1,
        "2": 1,
        "3": 10,
        "4": 89,
        "5": 759,
        "6": 6468
    },
    "8633": {
        "0": 1,
        "1": 11,
        "2": 92,
        "3": 766,
        "4": 6425,
        "5": 21349,
        "6": 44718
    },
    "8634": {
        "0": 1,
        "1": 1,
        "2": 9,
        "3": 75,
        "4": 622,
        "5": 5104,
        "6": 11506
    },
    "8635": {
        "0": 1,
        "1": 10,
        "2": 77,
        "3": 563,
        "4": 4065,
        "5": 13331,
        "6": 35458
    },
    "8636": {
        "0": 1,
        "1": 1,
        "2": 1,
        "3": 1,
        "4": 11,
        "5": 96,
        "6": 815
    },
    "8637": {
        "0": 1,
        "1": 12,
        "2": 96,
        "3": 708,
        "4": 5226,
        "5": 19785,
        "6": 52497
    },
    "8638": {
        "0": 1,
        "1": 11,
        "2": 93,
        "3": 800,
        "4": 6878,
        "5": 26095,
        "6": 61711
    },
    "8639": {
        "0": 1,
        "1": 11,
        "2": 89,
        "3": 706,
        "4": 5499,
        "5": 23590,
        "6": 65195
    },
    "8640": {
        "0": 1,
        "1": 1,
        "2": 13,
        "3": 100,
        "4": 702,
        "5": 4862,
        "6": 23074
    },
    "8641": {
        "0": 1,
        "1": 1,
        "2": 1,
        "3": 9,
        "4": 68,
        "5": 508,
        "6": 3810
    },
    "8642": {
        "0": 1,
        "1": 8,
        "2": 69,
        "3": 596,
        "4": 5138,
        "5": 11832,
        "6": 21841
    },
    "8643": {
        "0": 1,
        "1": 1,
        "2": 10,
        "3": 77,
        "4": 588,
        "5": 4477,
        "6": 16597
    },
    "8644": {
        "0": 1,
        "1": 1,
        "2": 9,
        "3": 68,
        "4": 513,
        "5": 3881,
        "6": 12153
    },
    "8645": {
        "0": 1,
        "1": 1,
        "2": 10,
        "3": 75,
        "4": 563,
        "5": 4236,
        "6": 14489
    },
    "8646": {
        "0": 1,
        "1": 1,
        "2": 1,
        "3": 10,
        "4": 85,
        "5": 717,
        "6": 6018
    },
    "8647": {
        "0": 1,
        "1": 9,
        "2": 79,
        "3": 683,
        "4": 5824,
        "5": 19134,
        "6": 42910
    },
    "8648": {
        "0": 1,
        "1": 14,
        "2": 114,
        "3": 845,
        "4": 6246,
        "5": 28885,
        "6": 90143
    },
    "8649": {
        "0": 1,
        "1": 1,
        "2": 12,
        "3": 90,
        "4": 609,
        "5": 4086,
        "6": 18193
    },
    "8650": {
        "0": 1,
        "1": 11,
        "2": 92,
        "3": 790,
        "4": 6700,
        "5": 26342,
        "6": 69373
    },
    "8651": {
        "0": 1,
        "1": 1,
        "2": 9,
        "3": 79,
        "4": 691,
        "5": 5991,
        "6": 21251
    },
    "8652": {
        "0": 1,
        "1": 11,
        "2": 88,
        "3": 675,
        "4": 5121,
        "5": 21337,
        "6": 56255
    },
    "8653": {
        "0": 1,
        "1": 10,
        "2": 86,
        "3": 749,
        "4": 6409,
        "5": 21929,
        "6": 43895
    },
    "8654": {
        "0": 1,
        "1": 11,
        "2": 87,
        "3": 661,
        "4": 5063,
        "5": 19499,
        "6": 52109
    },
    "8655": {
        "0": 1,
        "1": 1,
        "2": 12,
        "3": 89,
        "4": 618,
        "5": 4270,
        "6": 19233
    },
    "8656": {
        "0": 1,
        "1": 11,
        "2": 87,
        "3": 667,
        "4": 5109,
        "5": 20094,
        "6": 54948
    },
    "8657": {
        "0": 1,
        "1": 9,
        "2": 67,
        "3": 474,
        "4": 3292,
        "5": 7148,
        "6": 11330
    },
    "8658": {
        "0": 1,
        "1": 9,
        "2": 77,
        "3": 678,
        "4": 5945,
        "5": 19024,
        "6": 41505
    },
    "8659": {
        "0": 1,
        "1": 9,
        "2": 76,
        "3": 638,
        "4": 5405,
        "5": 15744,
        "6": 29241
    },
    "8660": {
        "0": 1,
        "1": 1,
        "2": 9,
        "3": 75,
        "4": 636,
        "5": 5380,
        "6": 15463
    },
    "8661": {
        "0": 1,
        "1": 14,
        "2": 123,
        "3": 1035,
        "4": 8757,
        "5": 42010,
        "6": 127753
    },
    "8662": {
        "0": 1,
        "1": 1,
        "2": 11,
        "3": 86,
        "4": 660,
        "5": 5129,
        "6": 21002
    },
    "8663": {
        "0": 1,
        "1": 11,
        "2": 85,
        "3": 610,
        "4": 4346,
        "5": 13689,
        "6": 33512
    },
    "8664": {
        "0": 1,
        "1": 1,
        "2": 11,
        "3": 95,
        "4": 814,
        "5": 6749,
        "6": 26815
    },
    "8665": {
        "0": 1,
        "1": 9,
        "2": 68,
        "3": 509,
        "4": 3811,
        "5": 11234,
        "6": 22903
    },
    "8666": {
        "0": 1,
        "1": 1,
        "2": 9,
        "3": 71,
        "4": 567,
        "5": 4505,
        "6": 16715
    },
    "8667": {
        "0": 1,
        "1": 1,
        "2": 12,
        "3": 106,
        "4": 909,
        "5": 7753,
        "6": 33609
    },
    "8668": {
        "0": 1,
        "1": 1,
        "2": 11,
        "3": 95,
        "4": 821,
        "5": 7039,
        "6": 27482
    },
    "8669": {
        "0": 1,
        "1": 9,
        "2": 62,
        "3": 435,
        "4": 3080,
        "5": 11494,
        "6": 28804
    },
    "8670": {
        "0": 1,
        "1": 1,
        "2": 1,
        "3": 10,
        "4": 77,
        "5": 589,
        "6": 4433
    },
    "8671": {
        "0": 1,
        "1": 9,
        "2": 74,
        "3": 613,
        "4": 4950,
        "5": 11750,
        "6": 19923
    },
    "8672": {
        "0": 1,
        "1": 12,
        "2": 94,
        "3": 709,
        "4": 5313,
        "5": 22268,
        "6": 55657
    },
    "8673": {
        "0": 1,
        "1": 8,
        "2": 71,
        "3": 622,
        "4": 5380,
        "5": 16038,
        "6": 33391
    },
    "8674": {
        "0": 1,
        "1": 1,
        "2": 11,
        "3": 91,
        "4": 742,
        "5": 5994,
        "6": 18071
    },
    "8675": {
        "0": 1,
        "1": 9,
        "2": 79,
        "3": 663,
        "4": 5458,
        "5": 16348,
        "6": 31798
    },
    "8676": {
        "0": 1,
        "1": 9,
        "2": 75,
        "3": 606,
        "4": 4793,
        "5": 9634,
        "6": 15271
    },
    "8677": {
        "0": 1,
        "1": 12,
        "2": 111,
        "3": 978,
        "4": 8411,
        "5": 40820,
        "6": 131314
    },
    "8678": {
        "0": 1,
        "1": 9,
        "2": 75,
        "3": 652,
        "4": 5666,
        "5": 16154,
        "6": 30980
    },
    "8679": {
        "0": 1,
        "1": 11,
        "2": 81,
        "3": 551,
        "4": 3716,
        "5": 14797,
        "6": 40964
    },
    "8680": {
        "0": 1,
        "1": 11,
        "2": 95,
        "3": 814,
        "4": 6925,
        "5": 26459,
        "6": 66521
    },
    "8681": {
        "0": 1,
        "1": 1,
        "2": 12,
        "3": 94,
        "4": 685,
        "5": 5051,
        "6": 20101
    },
    "8682": {
        "0": 1,
        "1": 1,
        "2": 1,
        "3": 1,
        "4": 1,
        "5": 12,
        "6": 91
    },
    "8683": {
        "0": 1,
        "1": 10,
        "2": 88,
        "3": 765,
        "4": 6442,
        "5": 25024,
        "6": 65725
    },
    "8684": {
        "0": 1,
        "1": 1,
        "2": 11,
        "3": 97,
        "4": 847,
        "5": 7324,
        "6": 30366
    },
    "8685": {
        "0": 1,
        "1": 1,
        "2": 1,
        "3": 1,
        "4": 1,
        "5": 9,
        "6": 70
    },
    "8686": {
        "0": 1,
        "1": 1,
        "2": 11,
        "3": 87,
        "4": 668,
        "5": 5161,
        "6": 20764
    },
    "8687": {
        "0": 1,
        "1": 1,
        "2": 10,
        "3": 83,
        "4": 711,
        "5": 6101,
        "6": 19760
    },
    "8688": {
        "0": 1,
        "1": 9,
        "2": 77,
        "3": 642,
        "4": 5348,
        "5": 14306,
        "6": 28045
    },
    "8689": {
        "0": 1,
        "1": 11,
        "2": 85,
        "3": 629,
        "4": 4647,
        "5": 17217,
        "6": 47750
    },
    "8690": {
        "0": 1,
        "1": 1,
        "2": 12,
        "3": 104,
        "4": 839,
        "5": 6578,
        "6": 23743
    },
    "8691": {
        "0": 1,
        "1": 1,
        "2": 12,
        "3": 106,
        "4": 903,
        "5": 7641,
        "6": 32077
    },
    "8692": {
        "0": 1,
        "1": 1,
        "2": 9,
        "3": 74,
        "4": 615,
        "5": 5084,
        "6": 11724
    },
    "8693": {
        "0": 1,
        "1": 1,
        "2": 13,
        "3": 106,
        "4": 805,
        "5": 6036,
        "6": 28103
    },
    "8694": {
        "0": 1,
        "1": 1,
        "2": 10,
        "3": 76,
        "4": 557,
        "5": 3967,
        "6": 12499
    },
    "8695": {
        "0": 1,
        "1": 1,
        "2": 1,
        "3": 1,
        "4": 1,
        "5": 1,
        "6": 1
    },
    "8696": {
        "0": 1,
        "1": 11,
        "2": 94,
        "3": 824,
        "4": 7138,
        "5": 28718,
        "6": 73235
    },
    "8697": {
        "0": 1,
        "1": 1,
        "2": 10,
        "3": 74,
        "4": 539,
        "5": 3960,
        "6": 12061
    },
    "8698": {
        "0": 1,
        "1": 9,
        "2": 71,
        "3": 549,
        "4": 4301,
        "5": 14905,
        "6": 36326
    },
    "8699": {
        "0": 1,
        "1": 1,
        "2": 12,
        "3": 101,
        "4": 830,
        "5": 6844,
        "6": 24084
    }
}