{
    "11100": {
        "0": 1,
        "1": 9,
        "2": 76,
        "3": 647,
        "4": 5480,
        "5": 14041,
        "6": 25012
    },
    "11101": {
        "0": 1,
        "1": 1,
        "2": 1,
        "3": 12,
        "4": 96,
        "5": 724,
        "6": 5362
    },
    "11102": {
        "0": 1,
        "1": 10,
        "2": 83,
        "3": 710,
        "4": 5914,
        "5": 20569,
        "6": 44114
    },
    "11103": {
        "0": 1,
        "1": 10,
        "2": 75,
        "3": 547,
        "4": 4000,
        "5": 11959,
        "6": 25582
    },
    "11104": {
        "0": 1,
        "1": 12,
        "2": 105,
        "3": 878,
        "4": 7246,
        "5": 29274,
        "6": 72537
    },
    "11105": {
        "0": 1,
        "1": 1,
        "2": 10,
        "3": 74,
        "4": 543,
        "5": 3998,
        "6": 11992
    },
    "11106": {
        "0": 1,
        "1": 1,
        "2": 9,
        "3": 75,
        "4": 634,
        "5": 5361,
        "6": 12796
    },
    "11107": {
        "0": 1,
        "1": 1,
        "2": 10,
        "3": 84,
        "4": 696,
        "5": 5731,
        "6": 16959
    },
    "11108": {
        "0": 1,
        "1": 11,
        "2": 95,
        "3": 792,
        "4": 6508,
        "5": 25003,
        "6": 61761
    },
    "11109": {
        "0": 1,
        "1": 1,
        "2": 1,
        "3": 1,
        "4": 12,
        "5": 109,
        "6": 944
    },
    "11110": {
        "0": 1,
        "1": 1,
        "2": 10,
        "3": 85,
        "4": 735,
        "5": 6312,
        "6": 21621
    },
    "11111": {
        "0": 1,
        "1": 1,
        "2": 1,
        "3": 1,
        "4": 10,
        "5": 89,
        "6": 758
    },
    "11112": {
        "0": 1,
        "1": 1,
        "2": 10,
        "3": 76,
        "4": 554,
        "5": 3959,
        "6": 12524
    },
    "11113": {
        "0": 1,
        "1": 1,
        "2": 8,
        "3": 55,
        "4": 377,
        "5": 2560,
        "6": 6851
    },
    "11114": {
        "0": 1,
        "1": 1,
        "2": 10,
        "3": 89,
        "4": 753,
        "5": 6271,
        "6": 21206
    },
    "11115": {
        "0": 1,
        "1": 9,
        "2": 75,
        "3": 622,
        "4": 5134,
        "5": 12289,
        "6": 21401
    },
    "11116": {
        "0": 1,
        "1": 10,
        "2": 84,
        "3": 714,
        "4": 6083,
        "5": 19104,
        "6": 42801
    },
    "11117": {
        "0": 1,
        "1": 1,
        "2": 1,
        "3": 12,
        "4": 108,
        "5": 936,
        "6": 8015
    },
    "11118": {
        "0": 1,
        "1": 9,
        "2": 67,
        "3": 511,
        "4": 3903,
        "5": 10915,
        "6": 23246
    },
    "11119": {
        "0": 1,
        "1": 10,
        "2": 77,
        "3": 579,
        "4": 4314,
        "5": 14777,
        "6": 37486
    },
    "11120": {
        "0": 1,
        "1": 1,
        "2": 9,
        "3": 68,
        "4": 528,
        "5": 4059,
        "6": 12026
    },
    "11121": {
        "0": 1,
        "1": 1,
        "2": 10,
        "3": 82,
        "4": 647,
        "5": 5003,
        "6": 19169
    },
    "11122": {
        "0": 1,
        "1": 1,
        "2": 12,
        "3": 99,
        "4": 763,
        "5": 5817,
        "6": 25116
    },
    "11123": {
        "0": 1,
        "1": 1,
        "2": 12,
        "3": 98,
        "4": 762,
        "5": 5885,
        "6": 26087
    },
    "11124": {
        "0": 1,
        "1": 11,
        "2": 100,
        "3": 858,
        "4": 7130,
        "5": 30406,
        "6": 91107
    },
    "11125": {
        "0": 1,
        "1": 1,
        "2": 10,
        "3": 83,
        "4": 711,
        "5": 6017,
        "6": 20449
    },
    "11126": {
        "0": 1,
        "1": 1,
        "2": 1,
        "3": 11,
        "4": 91,
        "5": 760,
        "6": 6324
    },
    "11127": {
        "0": 1,
        "1": 1,
        "2": 13,
        "3": 109,
        "4": 894,
        "5": 7380,
        "6": 28684
    },
    "11128": {
        "0": 1,
        "1": 1,
        "2": 1,
        "3": 1,
        "4": 12,
        "5": 94,
        "6": 698
    },
    "11129": {
        "0": 1,
        "1": 9,
        "2": 74,
        "3": 619,
        "4": 5068,
        "5": 13039,
        "6": 23964
    },
    "11130": {
        "0": 1,
        "1": 9,
        "2": 60,
        "3": 407,
        "4": 2743,
        "5": 9475,
        "6": 22266
    },
    "11131": {
        "0": 1,
        "1": 12,
        "2": 92,
        "3": 614,
        "4": 4041,
        "5": 17439,
        "6": 57721
    },
    "11132": {
        "0": 1,
        "1": 1,
        "2": 9,
        "3": 76,
        "4": 640,
        "5": 5311,
        "6": 13407
    },
    "11133": {
        "0": 1,
        "1": 1,
        "2": 1,
        "3": 1,
        "4": 10,
        "5": 77,
        "6": 589
    },
    "11134": {
        "0": 1,
        "1": 1,
        "2": 10,
        "3": 77,
        "4": 593,
        "5": 4549,
        "6": 17538
    },
    "11135": {
        "0": 1,
        "1": 11,
        "2": 86,
        "3": 653,
        "4": 4966,
        "5": 18639,
        "6": 47530
    },
    "11136": {
        "0": 1,
        "1": 1,
        "2": 1,
        "3": 10,
        "4": 82,
        "5": 641,
        "6": 4952
    },
    "11137": {
        "0": 1,
        "1": 1,
        "2": 1,
        "3": 10,
        "4": 86,
        "5": 710,
        "6": 5804
    },
    "11138": {
        "0": 1,
        "1": 1,
        "2": 11,
        "3": 91,
        "4": 765,
        "5": 6392,
        "6": 22879
    },
    "11139": {
        "0": 1,
        "1": 9,
        "2": 67,
        "3": 516,
        "4": 4008,
        "5": 11928,
        "6": 28995
    },
    "11140": {
        "0": 1,
        "1": 1,
        "2": 11,
        "3": 75,
        "4": 489,
        "5": 3231,
        "6": 12510
    },
    "11141": {
        "0": 1,
        "1": 1,
        "2": 10,
        "3": 68,
        "4": 457,
        "5": 3119,
        "6": 11157
    },
    "11142": {
        "0": 1,
        "1": 12,
        "2": 99,
        "3": 764,
        "4": 5857,
        "5": 27494,
        "6": 87036
    },
    "11143": {
        "0": 1,
        "1": 1,
        "2": 1,
        "3": 11,
        "4": 87,
        "5": 671,
        "6": 5195
    },
    "11144": {
        "0": 1,
        "1": 1,
        "2": 12,
        "3": 94,
        "4": 711,
        "5": 5352,
        "6": 21516
    },
    "11145": {
        "0": 1,
        "1": 11,
        "2": 84,
        "3": 623,
        "4": 4682,
        "5": 16329,
        "6": 38901
    },
    "11146": {
        "0": 1,
        "1": 1,
        "2": 11,
        "3": 80,
        "4": 569,
        "5": 4056,
        "6": 11730
    },
    "11147": {
        "0": 1,
        "1": 1,
        "2": 10,
        "3": 68,
        "4": 444,
        "5": 2910,
        "6": 9040
    },
    "11148": {
        "0": 1,
        "1": 1,
        "2": 8,
        "3": 62,
        "4": 482,
        "5": 3777,
        "6": 10581
    },
    "11149": {
        "0": 1,
        "1": 1,
        "2": 1,
        "3": 1,
        "4": 9,
        "5": 76,
        "6": 655
    },
    "11150": {
        "0": 1,
        "1": 1,
        "2": 1,
        "3": 10,
        "4": 63,
        "5": 367,
        "6": 2126
    },
    "11151": {
        "0": 1,
        "1": 8,
        "2": 59,
        "3": 436,
        "4": 3222,
        "5": 6524,
        "6": 11688
    },
    "11152": {
        "0": 1,
        "1": 1,
        "2": 1,
        "3": 1,
        "4": 1,
        "5": 12,
        "6": 93
    },
    "11153": {
        "0": 1,
        "1": 11,
        "2": 94,
        "3": 816,
        "4": 7089,
        "5": 28886,
        "6": 70321
    },
    "11154": {
        "0": 1,
        "1": 10,
        "2": 78,
        "3": 603,
        "4": 4669,
        "5": 17126,
        "6": 43114
    },
    "11155": {
        "0": 1,
        "1": 1,
        "2": 9,
        "3": 69,
        "4": 538,
        "5": 4220,
        "6": 13936
    },
    "11156": {
        "0": 1,
        "1": 1,
        "2": 1,
        "3": 9,
        "4": 68,
        "5": 515,
        "6": 3944
    },
    "11157": {
        "0": 1,
        "1": 1,
        "2": 13,
        "3": 106,
        "4": 794,
        "5": 5919,
        "6": 25491
    },
    "11158": {
        "0": 1,
        "1": 1,
        "2": 12,
        "3": 96,
        "4": 702,
        "5": 5065,
        "6": 19208
    },
    "11159": {
        "0": 1,
        "1": 10,
        "2": 84,
        "3": 713,
        "4": 6081,
        "5": 19552,
        "6": 39989
    },
    "11160": {
        "0": 1,
        "1": 10,
        "2": 84,
        "3": 684,
        "4": 5476,
        "5": 15508,
        "6": 31649
    },
    "11161": {
        "0": 1,
        "1": 1,
        "2": 1,
        "3": 1,
        "4": 8,
        "5": 63,
        "6": 483
    },
    "11162": {
        "0": 1,
        "1": 1,
        "2": 8,
        "3": 59,
        "4": 433,
        "5": 3182,
        "6": 6278
    },
    "11163": {
        "0": 1,
        "1": 1,
        "2": 9,
        "3": 71,
        "4": 558,
        "5": 4375,
        "6": 15199
    },
    "11164": {
        "0": 1,
        "1": 1,
        "2": 10,
        "3": 65,
        "4": 423,
        "5": 2796,
        "6": 8343
    },
    "11165": {
        "0": 1,
        "1": 11,
        "2": 95,
        "3": 802,
        "4": 6618,
        "5": 25986,
        "6": 64575
    },
    "11166": {
        "0": 1,
        "1": 1,
        "2": 11,
        "3": 84,
        "4": 615,
        "5": 4494,
        "6": 15467
    },
    "11167": {
        "0": 1,
        "1": 1,
        "2": 1,
        "3": 9,
        "4": 79,
        "5": 677,
        "6": 5728
    },
    "11168": {
        "0": 1,
        "1": 1,
        "2": 1,
        "3": 10,
        "4": 77,
        "5": 570,
        "6": 4206
    },
    "11169": {
        "0": 1,
        "1": 12,
        "2": 106,
        "3": 920,
        "4": 7957,
        "5": 36060,
        "6": 102435
    },
    "11170": {
        "0": 1,
        "1": 1,
        "2": 13,
        "3": 115,
        "4": 944,
        "5": 7569,
        "6": 32450
    },
    "11171": {
        "0": 1,
        "1": 1,
        "2": 11,
        "3": 88,
        "4": 689,
        "5": 5387,
        "6": 22860
    },
    "11172": {
        "0": 1,
        "1": 1,
        "2": 1,
        "3": 1,
        "4": 11,
        "5": 98,
        "6": 852
    },
    "11173": {
        "0": 1,
        "1": 11,
        "2": 97,
        "3": 812,
        "4": 6577,
        "5": 24650,
        "6": 61567
    },
    "11174": {
        "0": 1,
        "1": 11,
        "2": 86,
        "3": 665,
        "4": 5138,
        "5": 20426,
        "6": 54303
    },
    "11175": {
        "0": 1,
        "1": 9,
        "2": 66,
        "3": 485,
        "4": 3560,
        "5": 8978,
        "6": 17318
    },
    "11176": {
        "0": 1,
        "1": 1,
        "2": 11,
        "3": 93,
        "4": 778,
        "5": 6395,
        "6": 23855
    },
    "11177": {
        "0": 1,
        "1": 1,
        "2": 11,
        "3": 93,
        "4": 767,
        "5": 6296,
        "6": 21476
    },
    "11178": {
        "0": 1,
        "1": 1,
        "2": 1,
        "3": 10,
        "4": 78,
        "5": 613,
        "6": 4813
    },
    "11179": {
        "0": 1,
        "1": 1,
        "2": 1,
        "3": 1,
        "4": 1,
        "5": 12,
        "6": 93
    },
    "11180": {
        "0": 1,
        "1": 1,
        "2": 11,
        "3": 86,
        "4": 656,
        "5": 4975,
        "6": 20199
    },
    "11181": {
        "0": 1,
        "1": 11,
        "2": 89,
        "3": 730,
        "4": 6015,
        "5": 19495,
        "6": 43854
    },
    "11182": {
        "0": 1,
        "1": 9,
        "2": 69,
        "3": 519,
        "4": 3902,
        "5": 10371,
        "6": 21428
    },
    "11183": {
        "0": 1,
        "1": 1,
        "2": 12,
        "3": 94,
        "4": 707,
        "5": 5319,
        "6": 21092
    },
    "11184": {
        "0": 1,
        "1": 9,
        "2": 77,
        "3": 674,
        "4": 5843,
        "5": 17904,
        "6": 36658
    },
    "11185": {
        "0": 1,
        "1": 1,
        "2": 1,
        "3": 10,
        "4": 84,
        "5": 726,
        "6": 6241
    },
    "11186": {
        "0": 1,
        "1": 10,
        "2": 75,
        "3": 571,
        "4": 4344,
        "5": 13895,
        "6": 32032
    },
    "11187": {
        "0": 1,
        "1": 10,
        "2": 87,
        "3": 729,
        "4": 6066,
        "5": 19769,
        "6": 41705
    },
    "11188": {
        "0": 1,
        "1": 8,
        "2": 63,
        "3": 486,
        "4": 3685,
        "5": 10403,
        "6": 19733
    },
    "11189": {
        "0": 1,
        "1": 9,
        "2": 60,
        "3": 407,
        "4": 2776,
        "5": 8783,
        "6": 21083
    },
    "11190": {
        "0": 1,
        "1": 1,
        "2": 1,
        "3": 11,
        "4": 99,
        "5": 851,
        "6": 7280
    },
    "11191": {
        "0": 1,
        "1": 1,
        "2": 10,
        "3": 71,
        "4": 497,
        "5": 3458,
        "6": 13901
    },
    "11192": {
        "0": 1,
        "1": 11,
        "2": 86,
        "3": 643,
        "4": 4649,
        "5": 17494,
        "6": 47522
    },
    "11193": {
        "0": 1,
        "1": 12,
        "2": 104,
        "3": 873,
        "4": 7207,
        "5": 28924,
        "6": 70578
    },
    "11194": {
        "0": 1,
        "1": 1,
        "2": 8,
        "3": 61,
        "4": 465,
        "5": 3513,
        "6": 9172
    },
    "11195": {
        "0": 1,
        "1": 12,
        "2": 95,
        "3": 691,
        "4": 4906,
        "5": 17355,
        "6": 40001
    },
    "11196": {
        "0": 1,
        "1": 9,
        "2": 69,
        "3": 536,
        "4": 4115,
        "5": 13470,
        "6": 34967
    },
    "11197": {
        "0": 1,
        "1": 12,
        "2": 104,
        "3": 854,
        "4": 6858,
        "5": 26991,
        "6": 74923
    },
    "11198": {
        "0": 1,
        "1": 1,
        "2": 1,
        "3": 10,
        "4": 75,
        "5": 551,
        "6": 4061
    },
    "11199": {
        "0": 1,
        "1": 12,
        "2": 108,
        "3": 918,
        "4": 7581,
        "5": 33382,
        "6": 92116
    }
}