{
    "18000": {
        "0": 1,
        "1": 8,
        "2": 70,
        "3": 608,
        "4": 5285,
        "5": 13291,
        "6": 23078
    },
    "18001": {
        "0": 1,
        "1": 9,
        "2": 77,
        "3": 668,
        "4": 5870,
        "5": 18901,
        "6": 43347
    },
    "18002": {
        "0": 1,
        "1": 10,
        "2": 85,
        "3": 729,
        "4": 6277,
        "5": 21576,
        "6": 47426
    },
    "18003": {
        "0": 1,
        "1": 11,
        "2": 94,
        "3": 802,
        "4": 6926,
        "5": 27624,
        "6": 73386
    },
    "18004": {
        "0": 1,
        "1": 10,
        "2": 83,
        "3": 706,
        "4": 6096,
        "5": 20153,
        "6": 44744
    },
    "18005": {
        "0": 1,
        "1": 13,
        "2": 116,
        "3": 994,
        "4": 8449,
        "5": 39345,
        "6": 116176
    },
    "18006": {
        "0": 1,
        "1": 10,
        "2": 82,
        "3": 692,
        "4": 5904,
        "5": 17820,
        "6": 34507
    },
    "18007": {
        "0": 1,
        "1": 9,
        "2": 76,
        "3": 648,
        "4": 5606,
        "5": 15938,
        "6": 33126
    },
    "18008": {
        "0": 1,
        "1": 10,
        "2": 84,
        "3": 716,
        "4": 6151,
        "5": 20383,
        "6": 44836
    },
    "18009": {
        "0": 1,
        "1": 8,
        "2": 72,
        "3": 631,
        "4": 5517,
        "5": 15425,
        "6": 27885
    },
    "18010": {
        "0": 1,
        "1": 10,
        "2": 88,
        "3": 773,
        "4": 6761,
        "5": 26422,
        "6": 69354
    },
    "18011": {
        "0": 1,
        "1": 11,
        "2": 99,
        "3": 871,
        "4": 7655,
        "5": 34487,
        "6": 108195
    },
    "18012": {
        "0": 1,
        "1": 13,
        "2": 117,
        "3": 1012,
        "4": 8762,
        "5": 43415,
        "6": 129129
    },
    "18013": {
        "0": 1,
        "1": 13,
        "2": 122,
        "3": 1080,
        "4": 9439,
        "5": 49695,
        "6": 166955
    },
    "18014": {
        "0": 1,
        "1": 11,
        "2": 96,
        "3": 826,
        "4": 7123,
        "5": 28729,
        "6": 77404
    },
    "18015": {
        "0": 1,
        "1": 10,
        "2": 87,
        "3": 763,
        "4": 6719,
        "5": 26423,
        "6": 67677
    },
    "18016": {
        "0": 1,
        "1": 13,
        "2": 118,
        "3": 1030,
        "4": 8866,
        "5": 43185,
        "6": 140770
    },
    "18017": {
        "0": 1,
        "1": 12,
        "2": 107,
        "3": 941,
        "4": 8237,
        "5": 39103,
        "6": 113171
    },
    "18018": {
        "0": 1,
        "1": 9,
        "2": 79,
        "3": 688,
        "4": 6033,
        "5": 20352,
        "6": 54164
    },
    "18019": {
        "0": 1,
        "1": 11,
        "2": 92,
        "3": 772,
        "4": 6562,
        "5": 23619,
        "6": 62628
    },
    "18020": {
        "0": 1,
        "1": 9,
        "2": 78,
        "3": 686,
        "4": 6063,
        "5": 20683,
        "6": 51561
    },
    "18021": {
        "0": 1,
        "1": 10,
        "2": 82,
        "3": 692,
        "4": 5903,
        "5": 17851,
        "6": 37074
    },
    "18022": {
        "0": 1,
        "1": 8,
        "2": 71,
        "3": 621,
        "4": 5457,
        "5": 15322,
        "6": 29300
    },
    "18023": {
        "0": 1,
        "1": 11,
        "2": 98,
        "3": 851,
        "4": 7431,
        "5": 32454,
        "6": 99611
    },
    "18024": {
        "0": 1,
        "1": 11,
        "2": 101,
        "3": 902,
        "4": 8030,
        "5": 38443,
        "6": 119973
    },
    "18025": {
        "0": 1,
        "1": 11,
        "2": 99,
        "3": 884,
        "4": 7810,
        "5": 35930,
        "6": 102257
    },
    "18026": {
        "0": 1,
        "1": 11,
        "2": 99,
        "3": 871,
        "4": 7596,
        "5": 33370,
        "6": 97271
    },
    "18027": {
        "0": 1,
        "1": 8,
        "2": 68,
        "3": 587,
        "4": 5155,
        "5": 12564,
        "6": 22500
    },
    "18028": {
        "0": 1,
        "1": 10,
        "2": 87,
        "3": 751,
        "4": 6452,
        "5": 22689,
        "6": 53162
    },
    "18029": {
        "0": 1,
        "1": 12,
        "2": 106,
        "3": 908,
        "4": 7780,
        "5": 34439,
        "6": 98453
    },
    "18030": {
        "0": 1,
        "1": 11,
        "2": 95,
        "3": 847,
        "4": 7524,
        "5": 34331,
        "6": 100097
    },
    "18031": {
        "0": 1,
        "1": 11,
        "2": 95,
        "3": 830,
        "4": 7244,
        "5": 30582,
        "6": 76714
    },
    "18032": {
        "0": 1,
        "1": 13,
        "2": 114,
        "3": 981,
        "4": 8437,
        "5": 40022,
        "6": 125399
    },
    "18033": {
        "0": 1,
        "1": 10,
        "2": 84,
        "3": 713,
        "4": 6106,
        "5": 19645,
        "6": 37726
    },
    "18034": {
        "0": 1,
        "1": 8,
        "2": 68,
        "3": 582,
        "4": 5047,
        "5": 11288,
        "6": 18376
    },
    "18035": {
        "0": 1,
        "1": 10,
        "2": 84,
        "3": 708,
        "4": 6012,
        "5": 18652,
        "6": 41427
    },
    "18036": {
        "0": 1,
        "1": 9,
        "2": 76,
        "3": 659,
        "4": 5731,
        "5": 17221,
        "6": 38804
    },
    "18037": {
        "0": 1,
        "1": 12,
        "2": 102,
        "3": 857,
        "4": 7256,
        "5": 29254,
        "6": 80232
    },
    "18038": {
        "0": 1,
        "1": 11,
        "2": 92,
        "3": 792,
        "4": 6900,
        "5": 27272,
        "6": 65378
    },
    "18039": {
        "0": 1,
        "1": 10,
        "2": 88,
        "3": 781,
        "4": 6899,
        "5": 27859,
        "6": 71372
    },
    "18040": {
        "0": 1,
        "1": 10,
        "2": 86,
        "3": 746,
        "4": 6484,
        "5": 23674,
        "6": 54901
    },
    "18041": {
        "0": 1,
        "1": 11,
        "2": 96,
        "3": 837,
        "4": 7302,
        "5": 31047,
        "6": 80858
    },
    "18042": {
        "0": 1,
        "1": 11,
        "2": 95,
        "3": 815,
        "4": 7037,
        "5": 28424,
        "6": 71930
    },
    "18043": {
        "0": 1,
        "1": 11,
        "2": 94,
        "3": 799,
        "4": 6841,
        "5": 26188,
        "6": 61952
    },
    "18044": {
        "0": 1,
        "1": 12,
        "2": 108,
        "3": 934,
        "4": 8080,
        "5": 37387,
        "6": 110932
    },
    "18045": {
        "0": 1,
        "1": 13,
        "2": 111,
        "3": 943,
        "4": 8003,
        "5": 35530,
        "6": 95296
    },
    "18046": {
        "0": 1,
        "1": 11,
        "2": 93,
        "3": 790,
        "4": 6728,
        "5": 24741,
        "6": 58993
    },
    "18047": {
        "0": 1,
        "1": 10,
        "2": 87,
        "3": 776,
        "4": 6907,
        "5": 28650,
        "6": 77969
    },
    "18048": {
        "0": 1,
        "1": 10,
        "2": 86,
        "3": 760,
        "4": 6709,
        "5": 26336,
        "6": 60746
    },
    "18049": {
        "0": 1,
        "1": 11,
        "2": 94,
        "3": 808,
        "4": 6938,
        "5": 26994,
        "6": 66706
    },
    "18050": {
        "0": 1,
        "1": 12,
        "2": 108,
        "3": 970,
        "4": 8641,
        "5": 43672,
        "6": 135985
    },
    "18051": {
        "0": 1,
        "1": 10,
        "2": 86,
        "3": 747,
        "4": 6516,
        "5": 24132,
        "6": 54360
    },
    "18052": {
        "0": 1,
        "1": 9,
        "2": 75,
        "3": 644,
        "4": 5579,
        "5": 15757,
        "6": 31793
    },
    "18053": {
        "0": 1,
        "1": 11,
        "2": 92,
        "3": 786,
        "4": 6769,
        "5": 25851,
        "6": 65985
    },
    "18054": {
        "0": 1,
        "1": 10,
        "2": 85,
        "3": 741,
        "4": 6471,
        "5": 23808,
        "6": 53856
    },
    "18055": {
        "0": 1,
        "1": 10,
        "2": 90,
        "3": 814,
        "4": 7320,
        "5": 32799,
        "6": 94359
    },
    "18056": {
        "0": 1,
        "1": 12,
        "2": 104,
        "3": 895,
        "4": 7777,
        "5": 35209,
        "6": 99406
    },
    "18057": {
        "0": 1,
        "1": 9,
        "2": 80,
        "3": 714,
        "4": 6400,
        "5": 24899,
        "6": 69987
    },
    "18058": {
        "0": 1,
        "1": 10,
        "2": 86,
        "3": 745,
        "4": 6427,
        "5": 22641,
        "6": 50028
    },
    "18059": {
        "0": 1,
        "1": 11,
        "2": 94,
        "3": 803,
        "4": 6938,
        "5": 27417,
        "6": 67306
    },
    "18060": {
        "0": 1,
        "1": 10,
        "2": 88,
        "3": 764,
        "4": 6663,
        "5": 25477,
        "6": 61220
    },
    "18061": {
        "0": 1,
        "1": 9,
        "2": 79,
        "3": 679,
        "4": 5836,
        "5": 17451,
        "6": 35488
    },
    "18062": {
        "0": 1,
        "1": 9,
        "2": 78,
        "3": 681,
        "4": 5982,
        "5": 19944,
        "6": 45878
    },
    "18063": {
        "0": 1,
        "1": 9,
        "2": 76,
        "3": 650,
        "4": 5620,
        "5": 16180,
        "6": 35178
    },
    "18064": {
        "0": 1,
        "1": 10,
        "2": 81,
        "3": 687,
        "4": 5841,
        "5": 17231,
        "6": 27785
    },
    "18065": {
        "0": 1,
        "1": 10,
        "2": 83,
        "3": 703,
        "4": 5951,
        "5": 17603,
        "6": 36080
    },
    "18066": {
        "0": 1,
        "1": 13,
        "2": 116,
        "3": 990,
        "4": 8451,
        "5": 39716,
        "6": 115987
    },
    "18067": {
        "0": 1,
        "1": 10,
        "2": 87,
        "3": 751,
        "4": 6491,
        "5": 23335,
        "6": 57808
    },
    "18068": {
        "0": 1,
        "1": 8,
        "2": 69,
        "3": 599,
        "4": 5262,
        "5": 13795,
        "6": 24826
    },
    "18069": {
        "0": 1,
        "1": 12,
        "2": 107,
        "3": 947,
        "4": 8341,
        "5": 40466,
        "6": 122218
    },
    "18070": {
        "0": 1,
        "1": 9,
        "2": 77,
        "3": 676,
        "4": 5955,
        "5": 19691,
        "6": 42903
    },
    "18071": {
        "0": 1,
        "1": 10,
        "2": 92,
        "3": 819,
        "4": 7325,
        "5": 32680,
        "6": 101501
    },
    "18072": {
        "0": 1,
        "1": 13,
        "2": 117,
        "3": 1005,
        "4": 8558,
        "5": 40435,
        "6": 122624
    },
    "18073": {
        "0": 1,
        "1": 12,
        "2": 102,
        "3": 873,
        "4": 7492,
        "5": 31610,
        "6": 81624
    },
    "18074": {
        "0": 1,
        "1": 11,
        "2": 100,
        "3": 881,
        "4": 7673,
        "5": 33816,
        "6": 98356
    },
    "18075": {
        "0": 1,
        "1": 10,
        "2": 88,
        "3": 776,
        "4": 6848,
        "5": 27491,
        "6": 73305
    },
    "18076": {
        "0": 1,
        "1": 10,
        "2": 87,
        "3": 759,
        "4": 6603,
        "5": 24523,
        "6": 57273
    },
    "18077": {
        "0": 1,
        "1": 12,
        "2": 112,
        "3": 1002,
        "4": 8882,
        "5": 45288,
        "6": 156747
    },
    "18078": {
        "0": 1,
        "1": 13,
        "2": 117,
        "3": 999,
        "4": 8465,
        "5": 39354,
        "6": 106632
    },
    "18079": {
        "0": 1,
        "1": 9,
        "2": 77,
        "3": 651,
        "4": 5542,
        "5": 14658,
        "6": 31285
    },
    "18080": {
        "0": 1,
        "1": 10,
        "2": 87,
        "3": 746,
        "4": 6432,
        "5": 22999,
        "6": 55293
    },
    "18081": {
        "0": 1,
        "1": 12,
        "2": 104,
        "3": 871,
        "4": 7276,
        "5": 28412,
        "6": 69596
    },
    "18082": {
        "0": 1,
        "1": 10,
        "2": 88,
        "3": 796,
        "4": 7174,
        "5": 31652,
        "6": 92539
    },
    "18083": {
        "0": 1,
        "1": 12,
        "2": 104,
        "3": 905,
        "4": 7817,
        "5": 34532,
        "6": 89602
    },
    "18084": {
        "0": 1,
        "1": 8,
        "2": 69,
        "3": 591,
        "4": 5089,
        "5": 10978,
        "6": 19688
    },
    "18085": {
        "0": 1,
        "1": 12,
        "2": 104,
        "3": 895,
        "4": 7706,
        "5": 33789,
        "6": 85488
    },
    "18086": {
        "0": 1,
        "1": 12,
        "2": 103,
        "3": 904,
        "4": 7912,
        "5": 36195,
        "6": 99846
    },
    "18087": {
        "0": 1,
        "1": 9,
        "2": 74,
        "3": 638,
        "4": 5551,
        "5": 15696,
        "6": 28232
    },
    "18088": {
        "0": 1,
        "1": 10,
        "2": 82,
        "3": 686,
        "4": 5842,
        "5": 17662,
        "6": 45518
    },
    "18089": {
        "0": 1,
        "1": 11,
        "2": 92,
        "3": 772,
        "4": 6561,
        "5": 23426,
        "6": 54697
    },
    "18090": {
        "0": 1,
        "1": 10,
        "2": 81,
        "3": 682,
        "4": 5815,
        "5": 17148,
        "6": 34666
    },
    "18091": {
        "0": 1,
        "1": 9,
        "2": 80,
        "3": 703,
        "4": 6165,
        "5": 21096,
        "6": 44671
    },
    "18092": {
        "0": 1,
        "1": 11,
        "2": 96,
        "3": 840,
        "4": 7353,
        "5": 31691,
        "6": 83036
    },
    "18093": {
        "0": 1,
        "1": 13,
        "2": 115,
        "3": 1001,
        "4": 8718,
        "5": 43082,
        "6": 126520
    },
    "18094": {
        "0": 1,
        "1": 9,
        "2": 80,
        "3": 698,
        "4": 6118,
        "5": 20828,
        "6": 49020
    },
    "18095": {
        "0": 1,
        "1": 9,
        "2": 81,
        "3": 722,
        "4": 6459,
        "5": 24961,
        "6": 65882
    },
    "18096": {
        "0": 1,
        "1": 10,
        "2": 89,
        "3": 796,
        "4": 7090,
        "5": 30124,
        "6": 81926
    },
    "18097": {
        "0": 1,
        "1": 12,
        "2": 104,
        "3": 899,
        "4": 7743,
        "5": 33882,
        "6": 94009
    },
    "18098": {
        "0": 1,
        "1": 12,
        "2": 106,
        "3": 904,
        "4": 7719,
        "5": 33559,
        "6": 102693
    },
    "18099": {
        "0": 1,
        "1": 9,
        "2": 76,
        "3": 655,
        "4": 5670,
        "5": 16604,
        "6": 31599
    }
}