{
    "6500": {
        "0": 1,
        "1": 14,
        "2": 129,
        "3": 1135,
        "4": 9907,
        "5": 53673,
        "6": 186749
    },
    "6501": {
        "0": 1,
        "1": 8,
        "2": 68,
        "3": 580,
        "4": 4977,
        "5": 10246,
        "6": 20574
    },
    "6502": {
        "0": 1,
        "1": 12,
        "2": 106,
        "3": 936,
        "4": 8215,
        "5": 39387,
        "6": 111799
    },
    "6503": {
        "0": 1,
        "1": 11,
        "2": 98,
        "3": 853,
        "4": 7388,
        "5": 31306,
        "6": 82805
    },
    "6504": {
        "0": 1,
        "1": 14,
        "2": 122,
        "3": 1013,
        "4": 8472,
        "5": 38806,
        "6": 107790
    },
    "6505": {
        "0": 1,
        "1": 8,
        "2": 68,
        "3": 584,
        "4": 5075,
        "5": 11785,
        "6": 21455
    },
    "6506": {
        "0": 1,
        "1": 11,
        "2": 97,
        "3": 839,
        "4": 7222,
        "5": 29218,
        "6": 66787
    },
    "6507": {
        "0": 1,
        "1": 11,
        "2": 97,
        "3": 851,
        "4": 7410,
        "5": 31733,
        "6": 82796
    },
    "6508": {
        "0": 1,
        "1": 9,
        "2": 78,
        "3": 664,
        "4": 5699,
        "5": 16257,
        "6": 36755
    },
    "6509": {
        "0": 1,
        "1": 12,
        "2": 107,
        "3": 931,
        "4": 8055,
        "5": 37259,
        "6": 103769
    },
    "6510": {
        "0": 1,
        "1": 10,
        "2": 89,
        "3": 781,
        "4": 6850,
        "5": 27256,
        "6": 75806
    },
    "6511": {
        "0": 1,
        "1": 13,
        "2": 118,
        "3": 1037,
        "4": 9045,
        "5": 45594,
        "6": 140411
    },
    "6512": {
        "0": 1,
        "1": 10,
        "2": 87,
        "3": 752,
        "4": 6528,
        "5": 24285,
        "6": 62245
    },
    "6513": {
        "0": 1,
        "1": 14,
        "2": 124,
        "3": 1053,
        "4": 8972,
        "5": 44324,
        "6": 132826
    },
    "6514": {
        "0": 1,
        "1": 10,
        "2": 88,
        "3": 773,
        "4": 6772,
        "5": 26633,
        "6": 68821
    },
    "6515": {
        "0": 1,
        "1": 11,
        "2": 93,
        "3": 790,
        "4": 6740,
        "5": 24981,
        "6": 56908
    },
    "6516": {
        "0": 1,
        "1": 9,
        "2": 75,
        "3": 649,
        "4": 5688,
        "5": 17442,
        "6": 40172
    },
    "6517": {
        "0": 1,
        "1": 11,
        "2": 96,
        "3": 835,
        "4": 7266,
        "5": 30776,
        "6": 86138
    },
    "6518": {
        "0": 1,
        "1": 12,
        "2": 110,
        "3": 969,
        "4": 8470,
        "5": 41366,
        "6": 138387
    },
    "6519": {
        "0": 1,
        "1": 11,
        "2": 92,
        "3": 786,
        "4": 6766,
        "5": 25859,
        "6": 63923
    },
    "6520": {
        "0": 1,
        "1": 9,
        "2": 74,
        "3": 626,
        "4": 5354,
        "5": 13400,
        "6": 23392
    },
    "6521": {
        "0": 1,
        "1": 11,
        "2": 92,
        "3": 777,
        "4": 6567,
        "5": 23035,
        "6": 49374
    },
    "6522": {
        "0": 1,
        "1": 9,
        "2": 76,
        "3": 651,
        "4": 5598,
        "5": 15605,
        "6": 32944
    },
    "6523": {
        "0": 1,
        "1": 11,
        "2": 95,
        "3": 812,
        "4": 6943,
        "5": 26794,
        "6": 66709
    },
    "6524": {
        "0": 1,
        "1": 11,
        "2": 95,
        "3": 827,
        "4": 7197,
        "5": 29855,
        "6": 83333
    },
    "6525": {
        "0": 1,
        "1": 9,
        "2": 78,
        "3": 682,
        "4": 5926,
        "5": 18614,
        "6": 36096
    },
    "6526": {
        "0": 1,
        "1": 11,
        "2": 95,
        "3": 832,
        "4": 7275,
        "5": 30645,
        "6": 90304
    },
    "6527": {
        "0": 1,
        "1": 11,
        "2": 101,
        "3": 911,
        "4": 8147,
        "5": 39750,
        "6": 130124
    },
    "6528": {
        "0": 1,
        "1": 10,
        "2": 86,
        "3": 755,
        "4": 6621,
        "5": 25338,
        "6": 60109
    },
    "6529": {
        "0": 1,
        "1": 12,
        "2": 109,
        "3": 963,
        "4": 8486,
        "5": 41751,
        "6": 132221
    },
    "6530": {
        "0": 1,
        "1": 12,
        "2": 105,
        "3": 913,
        "4": 7952,
        "5": 36598,
        "6": 103561
    },
    "6531": {
        "0": 1,
        "1": 11,
        "2": 98,
        "3": 854,
        "4": 7422,
        "5": 31681,
        "6": 91291
    },
    "6532": {
        "0": 1,
        "1": 10,
        "2": 85,
        "3": 746,
        "4": 6565,
        "5": 24728,
        "6": 56766
    },
    "6533": {
        "0": 1,
        "1": 11,
        "2": 93,
        "3": 794,
        "4": 6862,
        "5": 27023,
        "6": 65345
    },
    "6534": {
        "0": 1,
        "1": 11,
        "2": 95,
        "3": 812,
        "4": 6976,
        "5": 27658,
        "6": 75548
    },
    "6535": {
        "0": 1,
        "1": 11,
        "2": 95,
        "3": 814,
        "4": 6960,
        "5": 26931,
        "6": 58608
    },
    "6536": {
        "0": 1,
        "1": 11,
        "2": 102,
        "3": 898,
        "4": 7838,
        "5": 35454,
        "6": 100026
    },
    "6537": {
        "0": 1,
        "1": 9,
        "2": 73,
        "3": 610,
        "4": 5146,
        "5": 11081,
        "6": 17995
    },
    "6538": {
        "0": 1,
        "1": 10,
        "2": 90,
        "3": 789,
        "4": 6978,
        "5": 28887,
        "6": 75442
    },
    "6539": {
        "0": 1,
        "1": 14,
        "2": 134,
        "3": 1201,
        "4": 10565,
        "5": 59849,
        "6": 225101
    },
    "6540": {
        "0": 1,
        "1": 10,
        "2": 85,
        "3": 745,
        "4": 6574,
        "5": 25463,
        "6": 61740
    },
    "6541": {
        "0": 1,
        "1": 10,
        "2": 87,
        "3": 767,
        "4": 6760,
        "5": 26696,
        "6": 72471
    },
    "6542": {
        "0": 1,
        "1": 13,
        "2": 119,
        "3": 1037,
        "4": 8986,
        "5": 45303,
        "6": 142609
    },
    "6543": {
        "0": 1,
        "1": 10,
        "2": 86,
        "3": 744,
        "4": 6421,
        "5": 22415,
        "6": 55629
    },
    "6544": {
        "0": 1,
        "1": 11,
        "2": 91,
        "3": 760,
        "4": 6413,
        "5": 21821,
        "6": 46749
    },
    "6545": {
        "0": 1,
        "1": 11,
        "2": 99,
        "3": 865,
        "4": 7534,
        "5": 33018,
        "6": 96837
    },
    "6546": {
        "0": 1,
        "1": 10,
        "2": 86,
        "3": 742,
        "4": 6454,
        "5": 23661,
        "6": 65601
    },
    "6547": {
        "0": 1,
        "1": 12,
        "2": 110,
        "3": 965,
        "4": 8413,
        "5": 40637,
        "6": 125067
    },
    "6548": {
        "0": 1,
        "1": 11,
        "2": 97,
        "3": 836,
        "4": 7163,
        "5": 28706,
        "6": 79277
    },
    "6549": {
        "0": 1,
        "1": 12,
        "2": 105,
        "3": 899,
        "4": 7706,
        "5": 33187,
        "6": 91637
    },
    "6550": {
        "0": 1,
        "1": 10,
        "2": 86,
        "3": 738,
        "4": 6356,
        "5": 22138,
        "6": 52080
    },
    "6551": {
        "0": 1,
        "1": 12,
        "2": 106,
        "3": 916,
        "4": 7875,
        "5": 34848,
        "6": 97798
    },
    "6552": {
        "0": 1,
        "1": 12,
        "2": 109,
        "3": 983,
        "4": 8790,
        "5": 45605,
        "6": 151720
    },
    "6553": {
        "0": 1,
        "1": 12,
        "2": 109,
        "3": 972,
        "4": 8592,
        "5": 43231,
        "6": 149073
    },
    "6554": {
        "0": 1,
        "1": 11,
        "2": 97,
        "3": 841,
        "4": 7288,
        "5": 29919,
        "6": 75363
    },
    "6555": {
        "0": 1,
        "1": 11,
        "2": 95,
        "3": 823,
        "4": 7176,
        "5": 30111,
        "6": 83175
    },
    "6556": {
        "0": 1,
        "1": 11,
        "2": 95,
        "3": 853,
        "4": 7582,
        "5": 34005,
        "6": 95156
    },
    "6557": {
        "0": 1,
        "1": 10,
        "2": 87,
        "3": 744,
        "4": 6393,
        "5": 22365,
        "6": 51210
    },
    "6558": {
        "0": 1,
        "1": 10,
        "2": 87,
        "3": 753,
        "4": 6529,
        "5": 23704,
        "6": 54781
    },
    "6559": {
        "0": 1,
        "1": 11,
        "2": 98,
        "3": 863,
        "4": 7567,
        "5": 33536,
        "6": 92791
    },
    "6560": {
        "0": 1,
        "1": 10,
        "2": 90,
        "3": 806,
        "4": 7203,
        "5": 31448,
        "6": 88424
    },
    "6561": {
        "0": 1,
        "1": 9,
        "2": 74,
        "3": 624,
        "4": 5326,
        "5": 13135,
        "6": 18888
    },
    "6562": {
        "0": 1,
        "1": 9,
        "2": 78,
        "3": 683,
        "4": 5959,
        "5": 19212,
        "6": 47707
    },
    "6563": {
        "0": 1,
        "1": 9,
        "2": 74,
        "3": 639,
        "4": 5549,
        "5": 15386,
        "6": 33493
    },
    "6564": {
        "0": 1,
        "1": 13,
        "2": 117,
        "3": 1021,
        "4": 8895,
        "5": 44908,
        "6": 132401
    },
    "6565": {
        "0": 1,
        "1": 10,
        "2": 84,
        "3": 711,
        "4": 6039,
        "5": 18865,
        "6": 41933
    },
    "6566": {
        "0": 1,
        "1": 10,
        "2": 83,
        "3": 705,
        "4": 6007,
        "5": 18644,
        "6": 45779
    },
    "6567": {
        "0": 1,
        "1": 10,
        "2": 86,
        "3": 742,
        "4": 6421,
        "5": 23017,
        "6": 55451
    },
    "6568": {
        "0": 1,
        "1": 10,
        "2": 83,
        "3": 695,
        "4": 5873,
        "5": 17348,
        "6": 35632
    },
    "6569": {
        "0": 1,
        "1": 9,
        "2": 78,
        "3": 685,
        "4": 6068,
        "5": 21099,
        "6": 54876
    },
    "6570": {
        "0": 1,
        "1": 11,
        "2": 96,
        "3": 820,
        "4": 6983,
        "5": 26761,
        "6": 74099
    },
    "6571": {
        "0": 1,
        "1": 10,
        "2": 82,
        "3": 699,
        "4": 6028,
        "5": 19361,
        "6": 40779
    },
    "6572": {
        "0": 1,
        "1": 12,
        "2": 110,
        "3": 987,
        "4": 8787,
        "5": 44607,
        "6": 141941
    },
    "6573": {
        "0": 1,
        "1": 11,
        "2": 94,
        "3": 809,
        "4": 7010,
        "5": 28405,
        "6": 74695
    },
    "6574": {
        "0": 1,
        "1": 11,
        "2": 96,
        "3": 857,
        "4": 7575,
        "5": 34010,
        "6": 90992
    },
    "6575": {
        "0": 1,
        "1": 10,
        "2": 85,
        "3": 740,
        "4": 6438,
        "5": 23260,
        "6": 54241
    },
    "6576": {
        "0": 1,
        "1": 12,
        "2": 103,
        "3": 869,
        "4": 7345,
        "5": 29263,
        "6": 63520
    },
    "6577": {
        "0": 1,
        "1": 11,
        "2": 95,
        "3": 815,
        "4": 6997,
        "5": 27012,
        "6": 70657
    },
    "6578": {
        "0": 1,
        "1": 11,
        "2": 96,
        "3": 831,
        "4": 7226,
        "5": 30497,
        "6": 85233
    },
    "6579": {
        "0": 1,
        "1": 8,
        "2": 69,
        "3": 593,
        "4": 5122,
        "5": 11764,
        "6": 20992
    },
    "6580": {
        "0": 1,
        "1": 13,
        "2": 121,
        "3": 1072,
        "4": 9369,
        "5": 48687,
        "6": 162016
    },
    "6581": {
        "0": 1,
        "1": 8,
        "2": 73,
        "3": 654,
        "4": 5834,
        "5": 19093,
        "6": 42886
    },
    "6582": {
        "0": 1,
        "1": 11,
        "2": 91,
        "3": 761,
        "4": 6426,
        "5": 21951,
        "6": 46598
    },
    "6583": {
        "0": 1,
        "1": 12,
        "2": 100,
        "3": 838,
        "4": 7064,
        "5": 27118,
        "6": 62861
    },
    "6584": {
        "0": 1,
        "1": 12,
        "2": 106,
        "3": 914,
        "4": 7865,
        "5": 34821,
        "6": 95459
    },
    "6585": {
        "0": 1,
        "1": 9,
        "2": 82,
        "3": 720,
        "4": 6307,
        "5": 22200,
        "6": 52756
    },
    "6586": {
        "0": 1,
        "1": 9,
        "2": 75,
        "3": 648,
        "4": 5621,
        "5": 16021,
        "6": 28732
    },
    "6587": {
        "0": 1,
        "1": 10,
        "2": 82,
        "3": 707,
        "4": 6149,
        "5": 21089,
        "6": 48965
    },
    "6588": {
        "0": 1,
        "1": 11,
        "2": 99,
        "3": 877,
        "4": 7708,
        "5": 34964,
        "6": 109106
    },
    "6589": {
        "0": 1,
        "1": 9,
        "2": 74,
        "3": 614,
        "4": 5149,
        "5": 10804,
        "6": 18433
    },
    "6590": {
        "0": 1,
        "1": 11,
        "2": 94,
        "3": 818,
        "4": 7176,
        "5": 30599,
        "6": 70710
    },
    "6591": {
        "0": 1,
        "1": 12,
        "2": 101,
        "3": 843,
        "4": 7097,
        "5": 27505,
        "6": 68267
    },
    "6592": {
        "0": 1,
        "1": 12,
        "2": 100,
        "3": 846,
        "4": 7229,
        "5": 29358,
        "6": 69718
    },
    "6593": {
        "0": 1,
        "1": 9,
        "2": 81,
        "3": 726,
        "4": 6484,
        "5": 24699,
        "6": 64798
    },
    "6594": {
        "0": 1,
        "1": 11,
        "2": 90,
        "3": 763,
        "4": 6538,
        "5": 23610,
        "6": 53518
    },
    "6595": {
        "0": 1,
        "1": 13,
        "2": 112,
        "3": 940,
        "4": 7954,
        "5": 35095,
        "6": 91433
    },
    "6596": {
        "0": 1,
        "1": 9,
        "2": 78,
        "3": 684,
        "4": 6023,
        "5": 20449,
        "6": 49587
    },
    "6597": {
        "0": 1,
        "1": 11,
        "2": 96,
        "3": 826,
        "4": 7121,
        "5": 28847,
        "6": 77085
    },
    "6598": {
        "0": 1,
        "1": 9,
        "2": 79,
        "3": 689,
        "4": 6044,
        "5": 20382,
        "6": 51354
    },
    "6599": {
        "0": 1,
        "1": 11,
        "2": 96,
        "3": 838,
        "4": 7334,
        "5": 31624,
        "6": 91147
    }
}