{
    "27400": {
        "0": 1,
        "1": 10,
        "2": 86,
        "3": 732,
        "4": 6272,
        "5": 21195,
        "6": 52209
    },
    "27401": {
        "0": 1,
        "1": 11,
        "2": 95,
        "3": 812,
        "4": 6940,
        "5": 26497,
        "6": 67026
    },
    "27402": {
        "0": 1,
        "1": 11,
        "2": 104,
        "3": 941,
        "4": 8435,
        "5": 42441,
        "6": 136267
    },
    "27403": {
        "0": 1,
        "1": 9,
        "2": 81,
        "3": 722,
        "4": 6405,
        "5": 23870,
        "6": 61368
    },
    "27404": {
        "0": 1,
        "1": 15,
        "2": 144,
        "3": 1261,
        "4": 10817,
        "5": 59863,
        "6": 211596
    },
    "27405": {
        "0": 1,
        "1": 11,
        "2": 104,
        "3": 924,
        "4": 8164,
        "5": 39105,
        "6": 117819
    },
    "27406": {
        "0": 1,
        "1": 10,
        "2": 88,
        "3": 770,
        "4": 6754,
        "5": 26577,
        "6": 64161
    },
    "27407": {
        "0": 1,
        "1": 15,
        "2": 134,
        "3": 1117,
        "4": 9289,
        "5": 44640,
        "6": 130738
    },
    "27408": {
        "0": 1,
        "1": 8,
        "2": 71,
        "3": 624,
        "4": 5506,
        "5": 15861,
        "6": 31063
    },
    "27409": {
        "0": 1,
        "1": 11,
        "2": 94,
        "3": 815,
        "4": 7086,
        "5": 28804,
        "6": 76726
    },
    "27410": {
        "0": 1,
        "1": 9,
        "2": 76,
        "3": 646,
        "4": 5547,
        "5": 15202,
        "6": 30943
    },
    "27411": {
        "0": 1,
        "1": 10,
        "2": 87,
        "3": 760,
        "4": 6625,
        "5": 24730,
        "6": 61170
    },
    "27412": {
        "0": 1,
        "1": 13,
        "2": 112,
        "3": 932,
        "4": 7768,
        "5": 32425,
        "6": 83030
    },
    "27413": {
        "0": 1,
        "1": 12,
        "2": 104,
        "3": 870,
        "4": 7283,
        "5": 28208,
        "6": 66353
    },
    "27414": {
        "0": 1,
        "1": 12,
        "2": 103,
        "3": 880,
        "4": 7521,
        "5": 31797,
        "6": 87185
    },
    "27415": {
        "0": 1,
        "1": 10,
        "2": 84,
        "3": 712,
        "4": 6054,
        "5": 18919,
        "6": 42152
    },
    "27416": {
        "0": 1,
        "1": 14,
        "2": 126,
        "3": 1063,
        "4": 8929,
        "5": 42667,
        "6": 130793
    },
    "27417": {
        "0": 1,
        "1": 11,
        "2": 92,
        "3": 778,
        "4": 6647,
        "5": 24470,
        "6": 54369
    },
    "27418": {
        "0": 1,
        "1": 9,
        "2": 76,
        "3": 656,
        "4": 5674,
        "5": 16505,
        "6": 33246
    },
    "27419": {
        "0": 1,
        "1": 12,
        "2": 111,
        "3": 997,
        "4": 8925,
        "5": 47092,
        "6": 155983
    },
    "27420": {
        "0": 1,
        "1": 11,
        "2": 97,
        "3": 840,
        "4": 7259,
        "5": 30068,
        "6": 87016
    },
    "27421": {
        "0": 1,
        "1": 10,
        "2": 85,
        "3": 736,
        "4": 6362,
        "5": 22131,
        "6": 48492
    },
    "27422": {
        "0": 1,
        "1": 11,
        "2": 99,
        "3": 882,
        "4": 7860,
        "5": 36552,
        "6": 107640
    },
    "27423": {
        "0": 1,
        "1": 12,
        "2": 107,
        "3": 929,
        "4": 8080,
        "5": 37403,
        "6": 108505
    },
    "27424": {
        "0": 1,
        "1": 13,
        "2": 109,
        "3": 914,
        "4": 7799,
        "5": 33869,
        "6": 93295
    },
    "27425": {
        "0": 1,
        "1": 11,
        "2": 97,
        "3": 844,
        "4": 7341,
        "5": 31184,
        "6": 88777
    },
    "27426": {
        "0": 1,
        "1": 12,
        "2": 105,
        "3": 908,
        "4": 7799,
        "5": 33805,
        "6": 93142
    },
    "27427": {
        "0": 1,
        "1": 10,
        "2": 87,
        "3": 759,
        "4": 6629,
        "5": 25088,
        "6": 63506
    },
    "27428": {
        "0": 1,
        "1": 9,
        "2": 79,
        "3": 689,
        "4": 5977,
        "5": 19040,
        "6": 39187
    },
    "27429": {
        "0": 1,
        "1": 12,
        "2": 103,
        "3": 873,
        "4": 7465,
        "5": 31545,
        "6": 75168
    },
    "27430": {
        "0": 1,
        "1": 12,
        "2": 105,
        "3": 899,
        "4": 7709,
        "5": 33574,
        "6": 89585
    },
    "27431": {
        "0": 1,
        "1": 10,
        "2": 87,
        "3": 759,
        "4": 6618,
        "5": 24894,
        "6": 66923
    },
    "27432": {
        "0": 1,
        "1": 10,
        "2": 81,
        "3": 695,
        "4": 6027,
        "5": 19864,
        "6": 38921
    },
    "27433": {
        "0": 1,
        "1": 8,
        "2": 67,
        "3": 559,
        "4": 4686,
        "5": 6648,
        "6": 5993
    },
    "27434": {
        "0": 1,
        "1": 11,
        "2": 95,
        "3": 825,
        "4": 7183,
        "5": 29876,
        "6": 78416
    },
    "27435": {
        "0": 1,
        "1": 10,
        "2": 91,
        "3": 808,
        "4": 7132,
        "5": 29828,
        "6": 80265
    },
    "27436": {
        "0": 1,
        "1": 9,
        "2": 78,
        "3": 681,
        "4": 5930,
        "5": 18767,
        "6": 37572
    },
    "27437": {
        "0": 1,
        "1": 10,
        "2": 87,
        "3": 756,
        "4": 6585,
        "5": 24501,
        "6": 57696
    },
    "27438": {
        "0": 1,
        "1": 12,
        "2": 104,
        "3": 894,
        "4": 7711,
        "5": 33877,
        "6": 93755
    },
    "27439": {
        "0": 1,
        "1": 12,
        "2": 105,
        "3": 896,
        "4": 7681,
        "5": 33600,
        "6": 98247
    },
    "27440": {
        "0": 1,
        "1": 9,
        "2": 76,
        "3": 654,
        "4": 5681,
        "5": 16602,
        "6": 30317
    },
    "27441": {
        "0": 1,
        "1": 12,
        "2": 104,
        "3": 892,
        "4": 7679,
        "5": 33159,
        "6": 91543
    },
    "27442": {
        "0": 1,
        "1": 11,
        "2": 97,
        "3": 852,
        "4": 7554,
        "5": 34296,
        "6": 106014
    },
    "27443": {
        "0": 1,
        "1": 10,
        "2": 83,
        "3": 707,
        "4": 6033,
        "5": 18855,
        "6": 38058
    },
    "27444": {
        "0": 1,
        "1": 11,
        "2": 91,
        "3": 768,
        "4": 6545,
        "5": 23427,
        "6": 49621
    },
    "27445": {
        "0": 1,
        "1": 10,
        "2": 88,
        "3": 759,
        "4": 6517,
        "5": 23342,
        "6": 58552
    },
    "27446": {
        "0": 1,
        "1": 10,
        "2": 83,
        "3": 715,
        "4": 6198,
        "5": 21199,
        "6": 46783
    },
    "27447": {
        "0": 1,
        "1": 12,
        "2": 106,
        "3": 909,
        "4": 7790,
        "5": 34179,
        "6": 98897
    },
    "27448": {
        "0": 1,
        "1": 12,
        "2": 101,
        "3": 861,
        "4": 7363,
        "5": 30539,
        "6": 77292
    },
    "27449": {
        "0": 1,
        "1": 13,
        "2": 119,
        "3": 1036,
        "4": 8958,
        "5": 44839,
        "6": 140880
    },
    "27450": {
        "0": 1,
        "1": 8,
        "2": 67,
        "3": 567,
        "4": 4851,
        "5": 9119,
        "6": 14384
    },
    "27451": {
        "0": 1,
        "1": 9,
        "2": 82,
        "3": 754,
        "4": 6833,
        "5": 28705,
        "6": 84331
    },
    "27452": {
        "0": 1,
        "1": 14,
        "2": 128,
        "3": 1102,
        "4": 9433,
        "5": 48506,
        "6": 150722
    },
    "27453": {
        "0": 1,
        "1": 9,
        "2": 78,
        "3": 677,
        "4": 5937,
        "5": 19586,
        "6": 41606
    },
    "27454": {
        "0": 1,
        "1": 11,
        "2": 96,
        "3": 837,
        "4": 7336,
        "5": 31754,
        "6": 91945
    },
    "27455": {
        "0": 1,
        "1": 11,
        "2": 93,
        "3": 787,
        "4": 6672,
        "5": 24046,
        "6": 63606
    },
    "27456": {
        "0": 1,
        "1": 10,
        "2": 82,
        "3": 679,
        "4": 5669,
        "5": 14908,
        "6": 30965
    },
    "27457": {
        "0": 1,
        "1": 10,
        "2": 88,
        "3": 785,
        "4": 6876,
        "5": 27013,
        "6": 62014
    },
    "27458": {
        "0": 1,
        "1": 13,
        "2": 119,
        "3": 1045,
        "4": 9134,
        "5": 47081,
        "6": 154263
    },
    "27459": {
        "0": 1,
        "1": 12,
        "2": 100,
        "3": 831,
        "4": 6947,
        "5": 25661,
        "6": 66153
    },
    "27460": {
        "0": 1,
        "1": 12,
        "2": 109,
        "3": 953,
        "4": 8278,
        "5": 39181,
        "6": 116387
    },
    "27461": {
        "0": 1,
        "1": 10,
        "2": 87,
        "3": 758,
        "4": 6591,
        "5": 24540,
        "6": 69218
    },
    "27462": {
        "0": 1,
        "1": 11,
        "2": 97,
        "3": 847,
        "4": 7357,
        "5": 31087,
        "6": 83199
    },
    "27463": {
        "0": 1,
        "1": 10,
        "2": 85,
        "3": 730,
        "4": 6296,
        "5": 21553,
        "6": 50288
    },
    "27464": {
        "0": 1,
        "1": 10,
        "2": 86,
        "3": 744,
        "4": 6456,
        "5": 23336,
        "6": 56187
    },
    "27465": {
        "0": 1,
        "1": 10,
        "2": 83,
        "3": 714,
        "4": 6197,
        "5": 21361,
        "6": 50770
    },
    "27466": {
        "0": 1,
        "1": 11,
        "2": 97,
        "3": 829,
        "4": 7094,
        "5": 28124,
        "6": 74429
    },
    "27467": {
        "0": 1,
        "1": 13,
        "2": 115,
        "3": 974,
        "4": 8220,
        "5": 36839,
        "6": 106026
    },
    "27468": {
        "0": 1,
        "1": 12,
        "2": 99,
        "3": 859,
        "4": 7487,
        "5": 32546,
        "6": 88898
    },
    "27469": {
        "0": 1,
        "1": 9,
        "2": 74,
        "3": 635,
        "4": 5488,
        "5": 14717,
        "6": 26743
    },
    "27470": {
        "0": 1,
        "1": 9,
        "2": 78,
        "3": 675,
        "4": 5873,
        "5": 18432,
        "6": 34806
    },
    "27471": {
        "0": 1,
        "1": 10,
        "2": 81,
        "3": 671,
        "4": 5624,
        "5": 14897,
        "6": 24705
    },
    "27472": {
        "0": 1,
        "1": 10,
        "2": 86,
        "3": 751,
        "4": 6539,
        "5": 24063,
        "6": 51328
    },
    "27473": {
        "0": 1,
        "1": 8,
        "2": 68,
        "3": 596,
        "4": 5248,
        "5": 13327,
        "6": 29786
    },
    "27474": {
        "0": 1,
        "1": 14,
        "2": 126,
        "3": 1058,
        "4": 8859,
        "5": 41872,
        "6": 122231
    },
    "27475": {
        "0": 1,
        "1": 9,
        "2": 78,
        "3": 696,
        "4": 6243,
        "5": 23500,
        "6": 57954
    },
    "27476": {
        "0": 1,
        "1": 12,
        "2": 105,
        "3": 898,
        "4": 7709,
        "5": 33910,
        "6": 97023
    },
    "27477": {
        "0": 1,
        "1": 11,
        "2": 93,
        "3": 804,
        "4": 6967,
        "5": 27652,
        "6": 62405
    },
    "27478": {
        "0": 1,
        "1": 12,
        "2": 103,
        "3": 870,
        "4": 7387,
        "5": 30035,
        "6": 76030
    },
    "27479": {
        "0": 1,
        "1": 9,
        "2": 78,
        "3": 681,
        "4": 5959,
        "5": 19318,
        "6": 43094
    },
    "27480": {
        "0": 1,
        "1": 13,
        "2": 116,
        "3": 1014,
        "4": 8895,
        "5": 45579,
        "6": 151868
    },
    "27481": {
        "0": 1,
        "1": 11,
        "2": 98,
        "3": 858,
        "4": 7487,
        "5": 32566,
        "6": 84991
    },
    "27482": {
        "0": 1,
        "1": 12,
        "2": 106,
        "3": 914,
        "4": 7836,
        "5": 34414,
        "6": 98904
    },
    "27483": {
        "0": 1,
        "1": 11,
        "2": 92,
        "3": 790,
        "4": 6855,
        "5": 27248,
        "6": 65921
    },
    "27484": {
        "0": 1,
        "1": 12,
        "2": 105,
        "3": 905,
        "4": 7871,
        "5": 36095,
        "6": 106268
    },
    "27485": {
        "0": 1,
        "1": 10,
        "2": 87,
        "3": 760,
        "4": 6630,
        "5": 25039,
        "6": 59362
    },
    "27486": {
        "0": 1,
        "1": 13,
        "2": 112,
        "3": 961,
        "4": 8252,
        "5": 38569,
        "6": 102010
    },
    "27487": {
        "0": 1,
        "1": 9,
        "2": 77,
        "3": 664,
        "4": 5718,
        "5": 16513,
        "6": 31708
    },
    "27488": {
        "0": 1,
        "1": 11,
        "2": 100,
        "3": 879,
        "4": 7660,
        "5": 33886,
        "6": 98018
    },
    "27489": {
        "0": 1,
        "1": 10,
        "2": 83,
        "3": 718,
        "4": 6243,
        "5": 21780,
        "6": 46394
    },
    "27490": {
        "0": 1,
        "1": 10,
        "2": 87,
        "3": 758,
        "4": 6650,
        "5": 25824,
        "6": 61749
    },
    "27491": {
        "0": 1,
        "1": 10,
        "2": 91,
        "3": 801,
        "4": 6987,
        "5": 27956,
        "6": 77382
    },
    "27492": {
        "0": 1,
        "1": 9,
        "2": 78,
        "3": 684,
        "4": 6004,
        "5": 19946,
        "6": 41190
    },
    "27493": {
        "0": 1,
        "1": 10,
        "2": 82,
        "3": 694,
        "4": 5895,
        "5": 17467,
        "6": 33649
    },
    "27494": {
        "0": 1,
        "1": 11,
        "2": 91,
        "3": 770,
        "4": 6581,
        "5": 23862,
        "6": 46394
    },
    "27495": {
        "0": 1,
        "1": 10,
        "2": 90,
        "3": 784,
        "4": 6833,
        "5": 26674,
        "6": 62146
    },
    "27496": {
        "0": 1,
        "1": 12,
        "2": 104,
        "3": 900,
        "4": 7798,
        "5": 35062,
        "6": 93841
    },
    "27497": {
        "0": 1,
        "1": 15,
        "2": 139,
        "3": 1187,
        "4": 10028,
        "5": 52436,
        "6": 163817
    },
    "27498": {
        "0": 1,
        "1": 10,
        "2": 83,
        "3": 708,
        "4": 6103,
        "5": 20133,
        "6": 45973
    },
    "27499": {
        "0": 1,
        "1": 9,
        "2": 77,
        "3": 663,
        "4": 5761,
        "5": 17460,
        "6": 37162
    }
}