{
    "2900": {
        "0": 1,
        "1": 11,
        "2": 94,
        "3": 794,
        "4": 6803,
        "5": 26065,
        "6": 64745
    },
    "2901": {
        "0": 1,
        "1": 13,
        "2": 115,
        "3": 990,
        "4": 8563,
        "5": 41778,
        "6": 125960
    },
    "2902": {
        "0": 1,
        "1": 9,
        "2": 74,
        "3": 622,
        "4": 5276,
        "5": 12428,
        "6": 19557
    },
    "2903": {
        "0": 1,
        "1": 11,
        "2": 95,
        "3": 806,
        "4": 6831,
        "5": 25363,
        "6": 55404
    },
    "2904": {
        "0": 1,
        "1": 11,
        "2": 96,
        "3": 828,
        "4": 7125,
        "5": 28051,
        "6": 64757
    },
    "2905": {
        "0": 1,
        "1": 10,
        "2": 79,
        "3": 665,
        "4": 5655,
        "5": 15562,
        "6": 26072
    },
    "2906": {
        "0": 1,
        "1": 13,
        "2": 113,
        "3": 943,
        "4": 7870,
        "5": 33372,
        "6": 88829
    },
    "2907": {
        "0": 1,
        "1": 11,
        "2": 95,
        "3": 809,
        "4": 6951,
        "5": 27317,
        "6": 66334
    },
    "2908": {
        "0": 1,
        "1": 9,
        "2": 79,
        "3": 691,
        "4": 6012,
        "5": 19142,
        "6": 42073
    },
    "2909": {
        "0": 1,
        "1": 11,
        "2": 89,
        "3": 741,
        "4": 6271,
        "5": 20858,
        "6": 42992
    },
    "2910": {
        "0": 1,
        "1": 10,
        "2": 82,
        "3": 706,
        "4": 6097,
        "5": 20256,
        "6": 42235
    },
    "2911": {
        "0": 1,
        "1": 10,
        "2": 86,
        "3": 740,
        "4": 6368,
        "5": 22004,
        "6": 47548
    },
    "2912": {
        "0": 1,
        "1": 11,
        "2": 101,
        "3": 905,
        "4": 8055,
        "5": 38358,
        "6": 117528
    },
    "2913": {
        "0": 1,
        "1": 9,
        "2": 80,
        "3": 718,
        "4": 6417,
        "5": 24530,
        "6": 60130
    },
    "2914": {
        "0": 1,
        "1": 8,
        "2": 70,
        "3": 619,
        "4": 5455,
        "5": 15079,
        "6": 27571
    },
    "2915": {
        "0": 1,
        "1": 11,
        "2": 103,
        "3": 933,
        "4": 8294,
        "5": 39974,
        "6": 122829
    },
    "2916": {
        "0": 1,
        "1": 12,
        "2": 103,
        "3": 886,
        "4": 7719,
        "5": 34936,
        "6": 103679
    },
    "2917": {
        "0": 1,
        "1": 9,
        "2": 77,
        "3": 677,
        "4": 5996,
        "5": 20619,
        "6": 46442
    },
    "2918": {
        "0": 1,
        "1": 12,
        "2": 106,
        "3": 929,
        "4": 8084,
        "5": 37531,
        "6": 108632
    },
    "2919": {
        "0": 1,
        "1": 15,
        "2": 148,
        "3": 1310,
        "4": 11222,
        "5": 62596,
        "6": 227859
    },
    "2920": {
        "0": 1,
        "1": 9,
        "2": 75,
        "3": 632,
        "4": 5329,
        "5": 12321,
        "6": 19296
    },
    "2921": {
        "0": 1,
        "1": 11,
        "2": 93,
        "3": 783,
        "4": 6647,
        "5": 24050,
        "6": 52505
    },
    "2922": {
        "0": 1,
        "1": 9,
        "2": 77,
        "3": 669,
        "4": 5813,
        "5": 17902,
        "6": 36270
    },
    "2923": {
        "0": 1,
        "1": 9,
        "2": 74,
        "3": 630,
        "4": 5432,
        "5": 14563,
        "6": 27770
    },
    "2924": {
        "0": 1,
        "1": 10,
        "2": 84,
        "3": 721,
        "4": 6197,
        "5": 20602,
        "6": 44518
    },
    "2925": {
        "0": 1,
        "1": 10,
        "2": 91,
        "3": 815,
        "4": 7238,
        "5": 31176,
        "6": 91363
    },
    "2926": {
        "0": 1,
        "1": 11,
        "2": 93,
        "3": 790,
        "4": 6744,
        "5": 25134,
        "6": 61516
    },
    "2927": {
        "0": 1,
        "1": 11,
        "2": 93,
        "3": 803,
        "4": 6965,
        "5": 27993,
        "6": 74826
    },
    "2928": {
        "0": 1,
        "1": 13,
        "2": 119,
        "3": 1036,
        "4": 8941,
        "5": 44167,
        "6": 146725
    },
    "2929": {
        "0": 1,
        "1": 11,
        "2": 99,
        "3": 872,
        "4": 7622,
        "5": 33311,
        "6": 94602
    },
    "2930": {
        "0": 1,
        "1": 11,
        "2": 98,
        "3": 859,
        "4": 7501,
        "5": 32630,
        "6": 87533
    },
    "2931": {
        "0": 1,
        "1": 11,
        "2": 94,
        "3": 817,
        "4": 7096,
        "5": 28907,
        "6": 70305
    },
    "2932": {
        "0": 1,
        "1": 10,
        "2": 84,
        "3": 719,
        "4": 6212,
        "5": 21161,
        "6": 45487
    },
    "2933": {
        "0": 1,
        "1": 12,
        "2": 110,
        "3": 974,
        "4": 8567,
        "5": 41973,
        "6": 138078
    },
    "2934": {
        "0": 1,
        "1": 13,
        "2": 115,
        "3": 994,
        "4": 8617,
        "5": 42265,
        "6": 124175
    },
    "2935": {
        "0": 1,
        "1": 11,
        "2": 96,
        "3": 825,
        "4": 7098,
        "5": 28564,
        "6": 79921
    },
    "2936": {
        "0": 1,
        "1": 11,
        "2": 96,
        "3": 843,
        "4": 7435,
        "5": 32952,
        "6": 95026
    },
    "2937": {
        "0": 1,
        "1": 11,
        "2": 94,
        "3": 833,
        "4": 7358,
        "5": 31878,
        "6": 84826
    },
    "2938": {
        "0": 1,
        "1": 11,
        "2": 95,
        "3": 828,
        "4": 7250,
        "5": 30960,
        "6": 80868
    },
    "2939": {
        "0": 1,
        "1": 13,
        "2": 118,
        "3": 1008,
        "4": 8530,
        "5": 39628,
        "6": 112119
    },
    "2940": {
        "0": 1,
        "1": 9,
        "2": 81,
        "3": 726,
        "4": 6461,
        "5": 24025,
        "6": 58091
    },
    "2941": {
        "0": 1,
        "1": 12,
        "2": 107,
        "3": 939,
        "4": 8203,
        "5": 38988,
        "6": 118652
    },
    "2942": {
        "0": 1,
        "1": 10,
        "2": 87,
        "3": 766,
        "4": 6750,
        "5": 26797,
        "6": 67201
    },
    "2943": {
        "0": 1,
        "1": 9,
        "2": 80,
        "3": 711,
        "4": 6276,
        "5": 22494,
        "6": 55764
    },
    "2944": {
        "0": 1,
        "1": 12,
        "2": 105,
        "3": 899,
        "4": 7715,
        "5": 33796,
        "6": 93359
    },
    "2945": {
        "0": 1,
        "1": 13,
        "2": 117,
        "3": 1022,
        "4": 8886,
        "5": 44521,
        "6": 143398
    },
    "2946": {
        "0": 1,
        "1": 10,
        "2": 86,
        "3": 742,
        "4": 6432,
        "5": 23027,
        "6": 49764
    },
    "2947": {
        "0": 1,
        "1": 10,
        "2": 85,
        "3": 733,
        "4": 6308,
        "5": 21495,
        "6": 49257
    },
    "2948": {
        "0": 1,
        "1": 10,
        "2": 86,
        "3": 742,
        "4": 6452,
        "5": 23681,
        "6": 63907
    },
    "2949": {
        "0": 1,
        "1": 11,
        "2": 98,
        "3": 861,
        "4": 7533,
        "5": 33153,
        "6": 99381
    },
    "2950": {
        "0": 1,
        "1": 9,
        "2": 75,
        "3": 650,
        "4": 5647,
        "5": 16278,
        "6": 32955
    },
    "2951": {
        "0": 1,
        "1": 12,
        "2": 106,
        "3": 911,
        "4": 7812,
        "5": 34105,
        "6": 90326
    },
    "2952": {
        "0": 1,
        "1": 11,
        "2": 96,
        "3": 836,
        "4": 7278,
        "5": 30865,
        "6": 90624
    },
    "2953": {
        "0": 1,
        "1": 12,
        "2": 107,
        "3": 927,
        "4": 7970,
        "5": 35663,
        "6": 101191
    },
    "2954": {
        "0": 1,
        "1": 10,
        "2": 86,
        "3": 757,
        "4": 6643,
        "5": 25386,
        "6": 62953
    },
    "2955": {
        "0": 1,
        "1": 12,
        "2": 100,
        "3": 836,
        "4": 7064,
        "5": 27377,
        "6": 65954
    },
    "2956": {
        "0": 1,
        "1": 9,
        "2": 76,
        "3": 645,
        "4": 5520,
        "5": 14829,
        "6": 28360
    },
    "2957": {
        "0": 1,
        "1": 10,
        "2": 85,
        "3": 741,
        "4": 6490,
        "5": 24254,
        "6": 54971
    },
    "2958": {
        "0": 1,
        "1": 11,
        "2": 94,
        "3": 845,
        "4": 7546,
        "5": 33743,
        "6": 87551
    },
    "2959": {
        "0": 1,
        "1": 10,
        "2": 86,
        "3": 732,
        "4": 6269,
        "5": 21143,
        "6": 43721
    },
    "2960": {
        "0": 1,
        "1": 12,
        "2": 107,
        "3": 934,
        "4": 8107,
        "5": 37697,
        "6": 110653
    },
    "2961": {
        "0": 1,
        "1": 12,
        "2": 109,
        "3": 955,
        "4": 8273,
        "5": 38432,
        "6": 116423
    },
    "2962": {
        "0": 1,
        "1": 11,
        "2": 95,
        "3": 812,
        "4": 6973,
        "5": 27215,
        "6": 66039
    },
    "2963": {
        "0": 1,
        "1": 10,
        "2": 87,
        "3": 746,
        "4": 6435,
        "5": 22826,
        "6": 53693
    },
    "2964": {
        "0": 1,
        "1": 13,
        "2": 116,
        "3": 997,
        "4": 8589,
        "5": 41173,
        "6": 115876
    },
    "2965": {
        "0": 1,
        "1": 11,
        "2": 94,
        "3": 800,
        "4": 6841,
        "5": 26052,
        "6": 68778
    },
    "2966": {
        "0": 1,
        "1": 9,
        "2": 77,
        "3": 669,
        "4": 5817,
        "5": 17616,
        "6": 35233
    },
    "2967": {
        "0": 1,
        "1": 10,
        "2": 86,
        "3": 754,
        "4": 6586,
        "5": 24665,
        "6": 58180
    },
    "2968": {
        "0": 1,
        "1": 12,
        "2": 104,
        "3": 901,
        "4": 7827,
        "5": 35127,
        "6": 86855
    },
    "2969": {
        "0": 1,
        "1": 11,
        "2": 91,
        "3": 765,
        "4": 6480,
        "5": 22592,
        "6": 50042
    },
    "2970": {
        "0": 1,
        "1": 11,
        "2": 97,
        "3": 852,
        "4": 7487,
        "5": 32641,
        "6": 89695
    },
    "2971": {
        "0": 1,
        "1": 10,
        "2": 85,
        "3": 730,
        "4": 6282,
        "5": 21461,
        "6": 45182
    },
    "2972": {
        "0": 1,
        "1": 10,
        "2": 90,
        "3": 806,
        "4": 7130,
        "5": 29701,
        "6": 82735
    },
    "2973": {
        "0": 1,
        "1": 12,
        "2": 102,
        "3": 852,
        "4": 7175,
        "5": 27895,
        "6": 69104
    },
    "2974": {
        "0": 1,
        "1": 10,
        "2": 86,
        "3": 739,
        "4": 6376,
        "5": 22322,
        "6": 49364
    },
    "2975": {
        "0": 1,
        "1": 11,
        "2": 94,
        "3": 803,
        "4": 6841,
        "5": 25513,
        "6": 59671
    },
    "2976": {
        "0": 1,
        "1": 11,
        "2": 98,
        "3": 863,
        "4": 7551,
        "5": 33180,
        "6": 91389
    },
    "2977": {
        "0": 1,
        "1": 10,
        "2": 86,
        "3": 759,
        "4": 6707,
        "5": 26525,
        "6": 71776
    },
    "2978": {
        "0": 1,
        "1": 12,
        "2": 108,
        "3": 940,
        "4": 8107,
        "5": 37259,
        "6": 110224
    },
    "2979": {
        "0": 1,
        "1": 9,
        "2": 79,
        "3": 693,
        "4": 6138,
        "5": 21412,
        "6": 46915
    },
    "2980": {
        "0": 1,
        "1": 9,
        "2": 73,
        "3": 615,
        "4": 5272,
        "5": 12937,
        "6": 24413
    },
    "2981": {
        "0": 1,
        "1": 11,
        "2": 91,
        "3": 772,
        "4": 6586,
        "5": 23877,
        "6": 53079
    },
    "2982": {
        "0": 1,
        "1": 10,
        "2": 87,
        "3": 748,
        "4": 6424,
        "5": 22396,
        "6": 52167
    },
    "2983": {
        "0": 1,
        "1": 11,
        "2": 93,
        "3": 815,
        "4": 7082,
        "5": 28281,
        "6": 66551
    },
    "2984": {
        "0": 1,
        "1": 13,
        "2": 115,
        "3": 973,
        "4": 8293,
        "5": 38718,
        "6": 111720
    },
    "2985": {
        "0": 1,
        "1": 11,
        "2": 95,
        "3": 822,
        "4": 7128,
        "5": 28933,
        "6": 87248
    },
    "2986": {
        "0": 1,
        "1": 12,
        "2": 104,
        "3": 903,
        "4": 7864,
        "5": 35713,
        "6": 102080
    },
    "2987": {
        "0": 1,
        "1": 10,
        "2": 90,
        "3": 788,
        "4": 6899,
        "5": 27527,
        "6": 68514
    },
    "2988": {
        "0": 1,
        "1": 11,
        "2": 94,
        "3": 795,
        "4": 6744,
        "5": 24807,
        "6": 67670
    },
    "2989": {
        "0": 1,
        "1": 11,
        "2": 89,
        "3": 734,
        "4": 6113,
        "5": 18493,
        "6": 38348
    },
    "2990": {
        "0": 1,
        "1": 10,
        "2": 87,
        "3": 755,
        "4": 6549,
        "5": 23794,
        "6": 56774
    },
    "2991": {
        "0": 1,
        "1": 8,
        "2": 71,
        "3": 621,
        "4": 5454,
        "5": 14964,
        "6": 30770
    },
    "2992": {
        "0": 1,
        "1": 12,
        "2": 110,
        "3": 963,
        "4": 8396,
        "5": 40237,
        "6": 115658
    },
    "2993": {
        "0": 1,
        "1": 10,
        "2": 86,
        "3": 741,
        "4": 6437,
        "5": 23459,
        "6": 58788
    },
    "2994": {
        "0": 1,
        "1": 10,
        "2": 83,
        "3": 718,
        "4": 6185,
        "5": 20613,
        "6": 40834
    },
    "2995": {
        "0": 1,
        "1": 12,
        "2": 105,
        "3": 911,
        "4": 7913,
        "5": 35585,
        "6": 98489
    },
    "2996": {
        "0": 1,
        "1": 11,
        "2": 95,
        "3": 818,
        "4": 7056,
        "5": 28392,
        "6": 81094
    },
    "2997": {
        "0": 1,
        "1": 10,
        "2": 89,
        "3": 791,
        "4": 6990,
        "5": 28396,
        "6": 76528
    },
    "2998": {
        "0": 1,
        "1": 11,
        "2": 98,
        "3": 850,
        "4": 7386,
        "5": 31424,
        "6": 86271
    },
    "2999": {
        "0": 1,
        "1": 11,
        "2": 95,
        "3": 815,
        "4": 6950,
        "5": 26187,
        "6": 67066
    }
}