{
    "6100": {
        "0": 1,
        "1": 12,
        "2": 100,
        "3": 847,
        "4": 7307,
        "5": 30786,
        "6": 79071
    },
    "6101": {
        "0": 1,
        "1": 10,
        "2": 84,
        "3": 711,
        "4": 6054,
        "5": 19062,
        "6": 40303
    },
    "6102": {
        "0": 1,
        "1": 12,
        "2": 109,
        "3": 972,
        "4": 8608,
        "5": 43049,
        "6": 133514
    },
    "6103": {
        "0": 1,
        "1": 9,
        "2": 77,
        "3": 669,
        "4": 5820,
        "5": 17942,
        "6": 35161
    },
    "6104": {
        "0": 1,
        "1": 11,
        "2": 92,
        "3": 799,
        "4": 6947,
        "5": 27560,
        "6": 62403
    },
    "6105": {
        "0": 1,
        "1": 13,
        "2": 119,
        "3": 1019,
        "4": 8581,
        "5": 39336,
        "6": 112828
    },
    "6106": {
        "0": 1,
        "1": 9,
        "2": 80,
        "3": 709,
        "4": 6279,
        "5": 22648,
        "6": 53069
    },
    "6107": {
        "0": 1,
        "1": 11,
        "2": 94,
        "3": 803,
        "4": 6874,
        "5": 26183,
        "6": 63079
    },
    "6108": {
        "0": 1,
        "1": 14,
        "2": 129,
        "3": 1104,
        "4": 9327,
        "5": 46393,
        "6": 145032
    },
    "6109": {
        "0": 1,
        "1": 12,
        "2": 102,
        "3": 874,
        "4": 7569,
        "5": 33173,
        "6": 89707
    },
    "6110": {
        "0": 1,
        "1": 11,
        "2": 95,
        "3": 808,
        "4": 6929,
        "5": 27187,
        "6": 72330
    },
    "6111": {
        "0": 1,
        "1": 10,
        "2": 87,
        "3": 752,
        "4": 6520,
        "5": 23830,
        "6": 58987
    },
    "6112": {
        "0": 1,
        "1": 8,
        "2": 69,
        "3": 604,
        "4": 5284,
        "5": 13600,
        "6": 30351
    },
    "6113": {
        "0": 1,
        "1": 8,
        "2": 71,
        "3": 623,
        "4": 5472,
        "5": 15320,
        "6": 31175
    },
    "6114": {
        "0": 1,
        "1": 10,
        "2": 85,
        "3": 723,
        "4": 6222,
        "5": 21120,
        "6": 49411
    },
    "6115": {
        "0": 1,
        "1": 11,
        "2": 95,
        "3": 821,
        "4": 7135,
        "5": 29243,
        "6": 76961
    },
    "6116": {
        "0": 1,
        "1": 10,
        "2": 85,
        "3": 729,
        "4": 6287,
        "5": 21656,
        "6": 51726
    },
    "6117": {
        "0": 1,
        "1": 12,
        "2": 108,
        "3": 946,
        "4": 8288,
        "5": 39934,
        "6": 118592
    },
    "6118": {
        "0": 1,
        "1": 10,
        "2": 91,
        "3": 831,
        "4": 7526,
        "5": 34905,
        "6": 115523
    },
    "6119": {
        "0": 1,
        "1": 9,
        "2": 80,
        "3": 725,
        "4": 6537,
        "5": 25846,
        "6": 69913
    },
    "6120": {
        "0": 1,
        "1": 11,
        "2": 97,
        "3": 857,
        "4": 7534,
        "5": 33444,
        "6": 96637
    },
    "6121": {
        "0": 1,
        "1": 10,
        "2": 89,
        "3": 784,
        "4": 6912,
        "5": 27959,
        "6": 78986
    },
    "6122": {
        "0": 1,
        "1": 9,
        "2": 77,
        "3": 672,
        "4": 5849,
        "5": 18117,
        "6": 36067
    },
    "6123": {
        "0": 1,
        "1": 9,
        "2": 78,
        "3": 661,
        "4": 5644,
        "5": 15613,
        "6": 30379
    },
    "6124": {
        "0": 1,
        "1": 11,
        "2": 96,
        "3": 814,
        "4": 6915,
        "5": 26434,
        "6": 65200
    },
    "6125": {
        "0": 1,
        "1": 10,
        "2": 83,
        "3": 708,
        "4": 6047,
        "5": 19022,
        "6": 39571
    },
    "6126": {
        "0": 1,
        "1": 12,
        "2": 101,
        "3": 861,
        "4": 7389,
        "5": 30892,
        "6": 77516
    },
    "6127": {
        "0": 1,
        "1": 10,
        "2": 84,
        "3": 719,
        "4": 6169,
        "5": 20122,
        "6": 52676
    },
    "6128": {
        "0": 1,
        "1": 9,
        "2": 73,
        "3": 608,
        "4": 5140,
        "5": 11191,
        "6": 17084
    },
    "6129": {
        "0": 1,
        "1": 11,
        "2": 96,
        "3": 855,
        "4": 7550,
        "5": 33200,
        "6": 99051
    },
    "6130": {
        "0": 1,
        "1": 9,
        "2": 76,
        "3": 661,
        "4": 5734,
        "5": 16608,
        "6": 33392
    },
    "6131": {
        "0": 1,
        "1": 12,
        "2": 101,
        "3": 859,
        "4": 7371,
        "5": 30976,
        "6": 71875
    },
    "6132": {
        "0": 1,
        "1": 13,
        "2": 122,
        "3": 1079,
        "4": 9397,
        "5": 49042,
        "6": 166661
    },
    "6133": {
        "0": 1,
        "1": 9,
        "2": 86,
        "3": 780,
        "4": 6980,
        "5": 28628,
        "6": 81066
    },
    "6134": {
        "0": 1,
        "1": 11,
        "2": 92,
        "3": 770,
        "4": 6470,
        "5": 22021,
        "6": 50313
    },
    "6135": {
        "0": 1,
        "1": 11,
        "2": 92,
        "3": 769,
        "4": 6504,
        "5": 22750,
        "6": 51214
    },
    "6136": {
        "0": 1,
        "1": 10,
        "2": 88,
        "3": 801,
        "4": 7230,
        "5": 31681,
        "6": 89031
    },
    "6137": {
        "0": 1,
        "1": 9,
        "2": 79,
        "3": 701,
        "4": 6204,
        "5": 21931,
        "6": 50603
    },
    "6138": {
        "0": 1,
        "1": 11,
        "2": 93,
        "3": 794,
        "4": 6834,
        "5": 26443,
        "6": 67564
    },
    "6139": {
        "0": 1,
        "1": 8,
        "2": 68,
        "3": 586,
        "4": 5076,
        "5": 11364,
        "6": 18694
    },
    "6140": {
        "0": 1,
        "1": 11,
        "2": 94,
        "3": 801,
        "4": 6831,
        "5": 25557,
        "6": 57822
    },
    "6141": {
        "0": 1,
        "1": 10,
        "2": 88,
        "3": 770,
        "4": 6696,
        "5": 25180,
        "6": 58352
    },
    "6142": {
        "0": 1,
        "1": 11,
        "2": 94,
        "3": 813,
        "4": 7057,
        "5": 28584,
        "6": 72449
    },
    "6143": {
        "0": 1,
        "1": 8,
        "2": 71,
        "3": 627,
        "4": 5565,
        "5": 16769,
        "6": 36755
    },
    "6144": {
        "0": 1,
        "1": 10,
        "2": 87,
        "3": 760,
        "4": 6637,
        "5": 25191,
        "6": 56992
    },
    "6145": {
        "0": 1,
        "1": 12,
        "2": 108,
        "3": 952,
        "4": 8317,
        "5": 39552,
        "6": 114652
    },
    "6146": {
        "0": 1,
        "1": 10,
        "2": 82,
        "3": 696,
        "4": 5951,
        "5": 18365,
        "6": 41690
    },
    "6147": {
        "0": 1,
        "1": 9,
        "2": 76,
        "3": 663,
        "4": 5758,
        "5": 17025,
        "6": 34095
    },
    "6148": {
        "0": 1,
        "1": 14,
        "2": 135,
        "3": 1197,
        "4": 10353,
        "5": 56245,
        "6": 195926
    },
    "6149": {
        "0": 1,
        "1": 13,
        "2": 121,
        "3": 1084,
        "4": 9593,
        "5": 51760,
        "6": 174602
    },
    "6150": {
        "0": 1,
        "1": 10,
        "2": 83,
        "3": 710,
        "4": 6092,
        "5": 19665,
        "6": 35933
    },
    "6151": {
        "0": 1,
        "1": 10,
        "2": 85,
        "3": 735,
        "4": 6336,
        "5": 21853,
        "6": 50646
    },
    "6152": {
        "0": 1,
        "1": 12,
        "2": 98,
        "3": 804,
        "4": 6741,
        "5": 24698,
        "6": 55305
    },
    "6153": {
        "0": 1,
        "1": 13,
        "2": 117,
        "3": 1014,
        "4": 8747,
        "5": 42495,
        "6": 130847
    },
    "6154": {
        "0": 1,
        "1": 10,
        "2": 87,
        "3": 769,
        "4": 6857,
        "5": 28344,
        "6": 78311
    },
    "6155": {
        "0": 1,
        "1": 10,
        "2": 82,
        "3": 697,
        "4": 5940,
        "5": 17618,
        "6": 34309
    },
    "6156": {
        "0": 1,
        "1": 10,
        "2": 86,
        "3": 738,
        "4": 6320,
        "5": 21482,
        "6": 51263
    },
    "6157": {
        "0": 1,
        "1": 10,
        "2": 86,
        "3": 763,
        "4": 6785,
        "5": 27389,
        "6": 79483
    },
    "6158": {
        "0": 1,
        "1": 10,
        "2": 89,
        "3": 795,
        "4": 7052,
        "5": 29108,
        "6": 72253
    },
    "6159": {
        "0": 1,
        "1": 11,
        "2": 92,
        "3": 780,
        "4": 6620,
        "5": 23678,
        "6": 56671
    },
    "6160": {
        "0": 1,
        "1": 9,
        "2": 80,
        "3": 707,
        "4": 6250,
        "5": 22219,
        "6": 54172
    },
    "6161": {
        "0": 1,
        "1": 11,
        "2": 97,
        "3": 860,
        "4": 7622,
        "5": 34643,
        "6": 97933
    },
    "6162": {
        "0": 1,
        "1": 10,
        "2": 87,
        "3": 750,
        "4": 6472,
        "5": 23229,
        "6": 51738
    },
    "6163": {
        "0": 1,
        "1": 11,
        "2": 94,
        "3": 803,
        "4": 6883,
        "5": 26485,
        "6": 61719
    },
    "6164": {
        "0": 1,
        "1": 11,
        "2": 97,
        "3": 840,
        "4": 7276,
        "5": 30334,
        "6": 77964
    },
    "6165": {
        "0": 1,
        "1": 11,
        "2": 94,
        "3": 806,
        "4": 6970,
        "5": 27816,
        "6": 72427
    },
    "6166": {
        "0": 1,
        "1": 9,
        "2": 75,
        "3": 656,
        "4": 5782,
        "5": 17735,
        "6": 38867
    },
    "6167": {
        "0": 1,
        "1": 9,
        "2": 78,
        "3": 704,
        "4": 6319,
        "5": 23094,
        "6": 58183
    },
    "6168": {
        "0": 1,
        "1": 13,
        "2": 117,
        "3": 1007,
        "4": 8660,
        "5": 41798,
        "6": 121099
    },
    "6169": {
        "0": 1,
        "1": 10,
        "2": 86,
        "3": 740,
        "4": 6408,
        "5": 23121,
        "6": 55273
    },
    "6170": {
        "0": 1,
        "1": 12,
        "2": 103,
        "3": 871,
        "4": 7393,
        "5": 30294,
        "6": 77882
    },
    "6171": {
        "0": 1,
        "1": 10,
        "2": 86,
        "3": 743,
        "4": 6394,
        "5": 22288,
        "6": 46143
    },
    "6172": {
        "0": 1,
        "1": 10,
        "2": 85,
        "3": 738,
        "4": 6379,
        "5": 22418,
        "6": 54976
    },
    "6173": {
        "0": 1,
        "1": 8,
        "2": 67,
        "3": 569,
        "4": 4867,
        "5": 9071,
        "6": 13414
    },
    "6174": {
        "0": 1,
        "1": 10,
        "2": 87,
        "3": 747,
        "4": 6422,
        "5": 22502,
        "6": 55865
    },
    "6175": {
        "0": 1,
        "1": 10,
        "2": 84,
        "3": 729,
        "4": 6385,
        "5": 23654,
        "6": 57655
    },
    "6176": {
        "0": 1,
        "1": 11,
        "2": 91,
        "3": 773,
        "4": 6656,
        "5": 25005,
        "6": 61803
    },
    "6177": {
        "0": 1,
        "1": 11,
        "2": 94,
        "3": 809,
        "4": 6992,
        "5": 28017,
        "6": 70438
    },
    "6178": {
        "0": 1,
        "1": 12,
        "2": 105,
        "3": 885,
        "4": 7443,
        "5": 30216,
        "6": 81282
    },
    "6179": {
        "0": 1,
        "1": 11,
        "2": 94,
        "3": 802,
        "4": 6897,
        "5": 26768,
        "6": 71435
    },
    "6180": {
        "0": 1,
        "1": 9,
        "2": 74,
        "3": 629,
        "4": 5398,
        "5": 13904,
        "6": 26602
    },
    "6181": {
        "0": 1,
        "1": 11,
        "2": 96,
        "3": 845,
        "4": 7449,
        "5": 32723,
        "6": 92995
    },
    "6182": {
        "0": 1,
        "1": 9,
        "2": 77,
        "3": 666,
        "4": 5772,
        "5": 17151,
        "6": 30251
    },
    "6183": {
        "0": 1,
        "1": 11,
        "2": 91,
        "3": 778,
        "4": 6724,
        "5": 25573,
        "6": 55227
    },
    "6184": {
        "0": 1,
        "1": 11,
        "2": 99,
        "3": 859,
        "4": 7449,
        "5": 31884,
        "6": 86355
    },
    "6185": {
        "0": 1,
        "1": 11,
        "2": 94,
        "3": 803,
        "4": 6909,
        "5": 26964,
        "6": 59859
    },
    "6186": {
        "0": 1,
        "1": 10,
        "2": 86,
        "3": 754,
        "4": 6572,
        "5": 24357,
        "6": 52482
    },
    "6187": {
        "0": 1,
        "1": 11,
        "2": 91,
        "3": 768,
        "4": 6516,
        "5": 22402,
        "6": 50918
    },
    "6188": {
        "0": 1,
        "1": 11,
        "2": 92,
        "3": 776,
        "4": 6586,
        "5": 23441,
        "6": 54660
    },
    "6189": {
        "0": 1,
        "1": 12,
        "2": 105,
        "3": 903,
        "4": 7738,
        "5": 33501,
        "6": 90806
    },
    "6190": {
        "0": 1,
        "1": 11,
        "2": 96,
        "3": 841,
        "4": 7358,
        "5": 31416,
        "6": 82949
    },
    "6191": {
        "0": 1,
        "1": 13,
        "2": 117,
        "3": 1017,
        "4": 8811,
        "5": 43708,
        "6": 137270
    },
    "6192": {
        "0": 1,
        "1": 8,
        "2": 68,
        "3": 583,
        "4": 5037,
        "5": 11046,
        "6": 21116
    },
    "6193": {
        "0": 1,
        "1": 10,
        "2": 84,
        "3": 713,
        "4": 6134,
        "5": 20453,
        "6": 42646
    },
    "6194": {
        "0": 1,
        "1": 10,
        "2": 87,
        "3": 753,
        "4": 6535,
        "5": 24015,
        "6": 52974
    },
    "6195": {
        "0": 1,
        "1": 12,
        "2": 107,
        "3": 938,
        "4": 8242,
        "5": 40003,
        "6": 128054
    },
    "6196": {
        "0": 1,
        "1": 11,
        "2": 97,
        "3": 857,
        "4": 7515,
        "5": 32650,
        "6": 87397
    },
    "6197": {
        "0": 1,
        "1": 9,
        "2": 81,
        "3": 701,
        "4": 6080,
        "5": 19909,
        "6": 47478
    },
    "6198": {
        "0": 1,
        "1": 13,
        "2": 116,
        "3": 990,
        "4": 8445,
        "5": 39552,
        "6": 119893
    },
    "6199": {
        "0": 1,
        "1": 12,
        "2": 106,
        "3": 923,
        "4": 8040,
        "5": 37110,
        "6": 110028
    }
}