{
    "17600": {
        "0": 1,
        "1": 10,
        "2": 87,
        "3": 761,
        "4": 6641,
        "5": 25183,
        "6": 65949
    },
    "17601": {
        "0": 1,
        "1": 12,
        "2": 104,
        "3": 893,
        "4": 7672,
        "5": 33409,
        "6": 83359
    },
    "17602": {
        "0": 1,
        "1": 12,
        "2": 103,
        "3": 883,
        "4": 7594,
        "5": 32806,
        "6": 85593
    },
    "17603": {
        "0": 1,
        "1": 9,
        "2": 81,
        "3": 731,
        "4": 6546,
        "5": 25568,
        "6": 68230
    },
    "17604": {
        "0": 1,
        "1": 11,
        "2": 95,
        "3": 824,
        "4": 7111,
        "5": 28566,
        "6": 72683
    },
    "17605": {
        "0": 1,
        "1": 11,
        "2": 96,
        "3": 821,
        "4": 7053,
        "5": 28228,
        "6": 74725
    },
    "17606": {
        "0": 1,
        "1": 11,
        "2": 93,
        "3": 801,
        "4": 6942,
        "5": 27870,
        "6": 71345
    },
    "17607": {
        "0": 1,
        "1": 10,
        "2": 88,
        "3": 773,
        "4": 6812,
        "5": 27297,
        "6": 71532
    },
    "17608": {
        "0": 1,
        "1": 11,
        "2": 97,
        "3": 853,
        "4": 7530,
        "5": 34027,
        "6": 98293
    },
    "17609": {
        "0": 1,
        "1": 12,
        "2": 110,
        "3": 970,
        "4": 8438,
        "5": 40093,
        "6": 111097
    },
    "17610": {
        "0": 1,
        "1": 12,
        "2": 101,
        "3": 840,
        "4": 7052,
        "5": 27081,
        "6": 60829
    },
    "17611": {
        "0": 1,
        "1": 11,
        "2": 103,
        "3": 930,
        "4": 8267,
        "5": 39759,
        "6": 121046
    },
    "17612": {
        "0": 1,
        "1": 13,
        "2": 113,
        "3": 965,
        "4": 8270,
        "5": 38059,
        "6": 106423
    },
    "17613": {
        "0": 1,
        "1": 12,
        "2": 103,
        "3": 886,
        "4": 7676,
        "5": 33979,
        "6": 93820
    },
    "17614": {
        "0": 1,
        "1": 9,
        "2": 73,
        "3": 613,
        "4": 5216,
        "5": 12127,
        "6": 19168
    },
    "17615": {
        "0": 1,
        "1": 10,
        "2": 87,
        "3": 763,
        "4": 6719,
        "5": 26539,
        "6": 71697
    },
    "17616": {
        "0": 1,
        "1": 10,
        "2": 88,
        "3": 762,
        "4": 6621,
        "5": 25038,
        "6": 65558
    },
    "17617": {
        "0": 1,
        "1": 10,
        "2": 84,
        "3": 749,
        "4": 6663,
        "5": 26145,
        "6": 62794
    },
    "17618": {
        "0": 1,
        "1": 11,
        "2": 94,
        "3": 801,
        "4": 6877,
        "5": 26254,
        "6": 69973
    },
    "17619": {
        "0": 1,
        "1": 13,
        "2": 110,
        "3": 908,
        "4": 7623,
        "5": 32159,
        "6": 87227
    },
    "17620": {
        "0": 1,
        "1": 10,
        "2": 86,
        "3": 757,
        "4": 6669,
        "5": 25890,
        "6": 62436
    },
    "17621": {
        "0": 1,
        "1": 10,
        "2": 91,
        "3": 815,
        "4": 7263,
        "5": 31331,
        "6": 89953
    },
    "17622": {
        "0": 1,
        "1": 10,
        "2": 83,
        "3": 720,
        "4": 6314,
        "5": 22891,
        "6": 59456
    },
    "17623": {
        "0": 1,
        "1": 13,
        "2": 115,
        "3": 994,
        "4": 8594,
        "5": 41917,
        "6": 120828
    },
    "17624": {
        "0": 1,
        "1": 9,
        "2": 74,
        "3": 621,
        "4": 5242,
        "5": 11763,
        "6": 17379
    },
    "17625": {
        "0": 1,
        "1": 9,
        "2": 80,
        "3": 710,
        "4": 6328,
        "5": 23538,
        "6": 60919
    },
    "17626": {
        "0": 1,
        "1": 10,
        "2": 94,
        "3": 859,
        "4": 7776,
        "5": 37102,
        "6": 112505
    },
    "17627": {
        "0": 1,
        "1": 12,
        "2": 104,
        "3": 895,
        "4": 7726,
        "5": 34221,
        "6": 97750
    },
    "17628": {
        "0": 1,
        "1": 9,
        "2": 80,
        "3": 715,
        "4": 6358,
        "5": 23650,
        "6": 56901
    },
    "17629": {
        "0": 1,
        "1": 11,
        "2": 92,
        "3": 777,
        "4": 6581,
        "5": 23167,
        "6": 53015
    },
    "17630": {
        "0": 1,
        "1": 10,
        "2": 88,
        "3": 761,
        "4": 6608,
        "5": 24754,
        "6": 62408
    },
    "17631": {
        "0": 1,
        "1": 12,
        "2": 106,
        "3": 917,
        "4": 7935,
        "5": 35862,
        "6": 104379
    },
    "17632": {
        "0": 1,
        "1": 11,
        "2": 94,
        "3": 804,
        "4": 6883,
        "5": 26079,
        "6": 68531
    },
    "17633": {
        "0": 1,
        "1": 9,
        "2": 76,
        "3": 653,
        "4": 5627,
        "5": 15927,
        "6": 38311
    },
    "17634": {
        "0": 1,
        "1": 13,
        "2": 121,
        "3": 1049,
        "4": 8966,
        "5": 43855,
        "6": 145995
    },
    "17635": {
        "0": 1,
        "1": 12,
        "2": 107,
        "3": 925,
        "4": 7943,
        "5": 35545,
        "6": 106547
    },
    "17636": {
        "0": 1,
        "1": 10,
        "2": 85,
        "3": 729,
        "4": 6303,
        "5": 21775,
        "6": 54305
    },
    "17637": {
        "0": 1,
        "1": 10,
        "2": 87,
        "3": 768,
        "4": 6780,
        "5": 27226,
        "6": 74106
    },
    "17638": {
        "0": 1,
        "1": 11,
        "2": 95,
        "3": 845,
        "4": 7502,
        "5": 33619,
        "6": 91526
    },
    "17639": {
        "0": 1,
        "1": 10,
        "2": 84,
        "3": 715,
        "4": 6118,
        "5": 19856,
        "6": 44540
    },
    "17640": {
        "0": 1,
        "1": 12,
        "2": 106,
        "3": 914,
        "4": 7876,
        "5": 35168,
        "6": 106448
    },
    "17641": {
        "0": 1,
        "1": 11,
        "2": 99,
        "3": 880,
        "4": 7791,
        "5": 36055,
        "6": 106032
    },
    "17642": {
        "0": 1,
        "1": 11,
        "2": 97,
        "3": 845,
        "4": 7326,
        "5": 30611,
        "6": 80263
    },
    "17643": {
        "0": 1,
        "1": 11,
        "2": 101,
        "3": 885,
        "4": 7709,
        "5": 34336,
        "6": 103345
    },
    "17644": {
        "0": 1,
        "1": 11,
        "2": 94,
        "3": 802,
        "4": 6920,
        "5": 27389,
        "6": 70384
    },
    "17645": {
        "0": 1,
        "1": 10,
        "2": 86,
        "3": 737,
        "4": 6311,
        "5": 21547,
        "6": 45757
    },
    "17646": {
        "0": 1,
        "1": 9,
        "2": 77,
        "3": 662,
        "4": 5716,
        "5": 16602,
        "6": 36235
    },
    "17647": {
        "0": 1,
        "1": 11,
        "2": 98,
        "3": 856,
        "4": 7468,
        "5": 32425,
        "6": 89529
    },
    "17648": {
        "0": 1,
        "1": 11,
        "2": 95,
        "3": 804,
        "4": 6870,
        "5": 26404,
        "6": 64406
    },
    "17649": {
        "0": 1,
        "1": 10,
        "2": 84,
        "3": 738,
        "4": 6459,
        "5": 23473,
        "6": 48847
    },
    "17650": {
        "0": 1,
        "1": 10,
        "2": 85,
        "3": 723,
        "4": 6248,
        "5": 21770,
        "6": 53012
    },
    "17651": {
        "0": 1,
        "1": 10,
        "2": 88,
        "3": 772,
        "4": 6753,
        "5": 26333,
        "6": 67201
    },
    "17652": {
        "0": 1,
        "1": 12,
        "2": 112,
        "3": 998,
        "4": 8773,
        "5": 44189,
        "6": 141754
    },
    "17653": {
        "0": 1,
        "1": 10,
        "2": 85,
        "3": 743,
        "4": 6527,
        "5": 24789,
        "6": 65142
    },
    "17654": {
        "0": 1,
        "1": 11,
        "2": 95,
        "3": 820,
        "4": 7026,
        "5": 27404,
        "6": 70932
    },
    "17655": {
        "0": 1,
        "1": 11,
        "2": 94,
        "3": 803,
        "4": 6826,
        "5": 25391,
        "6": 60021
    },
    "17656": {
        "0": 1,
        "1": 11,
        "2": 95,
        "3": 808,
        "4": 6922,
        "5": 26836,
        "6": 64641
    },
    "17657": {
        "0": 1,
        "1": 12,
        "2": 103,
        "3": 907,
        "4": 7994,
        "5": 37164,
        "6": 107612
    },
    "17658": {
        "0": 1,
        "1": 12,
        "2": 107,
        "3": 943,
        "4": 8289,
        "5": 40129,
        "6": 124672
    },
    "17659": {
        "0": 1,
        "1": 10,
        "2": 85,
        "3": 724,
        "4": 6208,
        "5": 20638,
        "6": 47947
    },
    "17660": {
        "0": 1,
        "1": 10,
        "2": 89,
        "3": 781,
        "4": 6842,
        "5": 27016,
        "6": 69870
    },
    "17661": {
        "0": 1,
        "1": 11,
        "2": 94,
        "3": 792,
        "4": 6709,
        "5": 24483,
        "6": 57232
    },
    "17662": {
        "0": 1,
        "1": 12,
        "2": 101,
        "3": 858,
        "4": 7377,
        "5": 31152,
        "6": 87867
    },
    "17663": {
        "0": 1,
        "1": 10,
        "2": 90,
        "3": 782,
        "4": 6736,
        "5": 24935,
        "6": 56516
    },
    "17664": {
        "0": 1,
        "1": 11,
        "2": 91,
        "3": 784,
        "4": 6775,
        "5": 25529,
        "6": 58266
    },
    "17665": {
        "0": 1,
        "1": 13,
        "2": 120,
        "3": 1052,
        "4": 9116,
        "5": 46171,
        "6": 150892
    },
    "17666": {
        "0": 1,
        "1": 12,
        "2": 103,
        "3": 882,
        "4": 7601,
        "5": 32962,
        "6": 94778
    },
    "17667": {
        "0": 1,
        "1": 12,
        "2": 100,
        "3": 843,
        "4": 7216,
        "5": 29400,
        "6": 74608
    },
    "17668": {
        "0": 1,
        "1": 11,
        "2": 94,
        "3": 812,
        "4": 7038,
        "5": 28221,
        "6": 73557
    },
    "17669": {
        "0": 1,
        "1": 12,
        "2": 109,
        "3": 937,
        "4": 8017,
        "5": 35992,
        "6": 101023
    },
    "17670": {
        "0": 1,
        "1": 10,
        "2": 86,
        "3": 765,
        "4": 6858,
        "5": 28803,
        "6": 73522
    },
    "17671": {
        "0": 1,
        "1": 12,
        "2": 101,
        "3": 830,
        "4": 6910,
        "5": 25480,
        "6": 58846
    },
    "17672": {
        "0": 1,
        "1": 15,
        "2": 138,
        "3": 1171,
        "4": 9862,
        "5": 50876,
        "6": 164861
    },
    "17673": {
        "0": 1,
        "1": 11,
        "2": 95,
        "3": 816,
        "4": 7021,
        "5": 27785,
        "6": 70897
    },
    "17674": {
        "0": 1,
        "1": 10,
        "2": 84,
        "3": 721,
        "4": 6225,
        "5": 21229,
        "6": 44126
    },
    "17675": {
        "0": 1,
        "1": 10,
        "2": 87,
        "3": 769,
        "4": 6813,
        "5": 27455,
        "6": 76352
    },
    "17676": {
        "0": 1,
        "1": 11,
        "2": 96,
        "3": 839,
        "4": 7349,
        "5": 31622,
        "6": 86844
    },
    "17677": {
        "0": 1,
        "1": 12,
        "2": 104,
        "3": 887,
        "4": 7578,
        "5": 32351,
        "6": 97046
    },
    "17678": {
        "0": 1,
        "1": 9,
        "2": 79,
        "3": 687,
        "4": 5944,
        "5": 18336,
        "6": 43049
    },
    "17679": {
        "0": 1,
        "1": 10,
        "2": 88,
        "3": 777,
        "4": 6837,
        "5": 27120,
        "6": 68572
    },
    "17680": {
        "0": 1,
        "1": 9,
        "2": 79,
        "3": 683,
        "4": 5938,
        "5": 18990,
        "6": 36311
    },
    "17681": {
        "0": 1,
        "1": 11,
        "2": 95,
        "3": 832,
        "4": 7245,
        "5": 30219,
        "6": 83558
    },
    "17682": {
        "0": 1,
        "1": 11,
        "2": 97,
        "3": 859,
        "4": 7596,
        "5": 34085,
        "6": 97775
    },
    "17683": {
        "0": 1,
        "1": 8,
        "2": 68,
        "3": 580,
        "4": 5002,
        "5": 10618,
        "6": 16435
    },
    "17684": {
        "0": 1,
        "1": 11,
        "2": 97,
        "3": 857,
        "4": 7534,
        "5": 33252,
        "6": 94476
    },
    "17685": {
        "0": 1,
        "1": 12,
        "2": 110,
        "3": 988,
        "4": 8783,
        "5": 44860,
        "6": 145719
    },
    "17686": {
        "0": 1,
        "1": 10,
        "2": 91,
        "3": 806,
        "4": 7061,
        "5": 28486,
        "6": 76503
    },
    "17687": {
        "0": 1,
        "1": 11,
        "2": 90,
        "3": 758,
        "4": 6494,
        "5": 23385,
        "6": 56371
    },
    "17688": {
        "0": 1,
        "1": 11,
        "2": 99,
        "3": 873,
        "4": 7675,
        "5": 34543,
        "6": 101672
    },
    "17689": {
        "0": 1,
        "1": 11,
        "2": 97,
        "3": 834,
        "4": 7158,
        "5": 28724,
        "6": 76566
    },
    "17690": {
        "0": 1,
        "1": 13,
        "2": 115,
        "3": 976,
        "4": 8272,
        "5": 37610,
        "6": 101409
    },
    "17691": {
        "0": 1,
        "1": 10,
        "2": 86,
        "3": 752,
        "4": 6548,
        "5": 24059,
        "6": 54962
    },
    "17692": {
        "0": 1,
        "1": 12,
        "2": 108,
        "3": 935,
        "4": 8099,
        "5": 37465,
        "6": 112715
    },
    "17693": {
        "0": 1,
        "1": 14,
        "2": 135,
        "3": 1209,
        "4": 10584,
        "5": 59516,
        "6": 219472
    },
    "17694": {
        "0": 1,
        "1": 9,
        "2": 79,
        "3": 698,
        "4": 6135,
        "5": 21012,
        "6": 42981
    },
    "17695": {
        "0": 1,
        "1": 9,
        "2": 76,
        "3": 659,
        "4": 5708,
        "5": 16456,
        "6": 29166
    },
    "17696": {
        "0": 1,
        "1": 12,
        "2": 106,
        "3": 924,
        "4": 8053,
        "5": 37745,
        "6": 120128
    },
    "17697": {
        "0": 1,
        "1": 9,
        "2": 78,
        "3": 682,
        "4": 6039,
        "5": 20404,
        "6": 43543
    },
    "17698": {
        "0": 1,
        "1": 14,
        "2": 118,
        "3": 974,
        "4": 8214,
        "5": 37073,
        "6": 99774
    },
    "17699": {
        "0": 1,
        "1": 12,
        "2": 108,
        "3": 931,
        "4": 7970,
        "5": 35451,
        "6": 103780
    }
}