{
    "12000": {
        "0": 1,
        "1": 10,
        "2": 84,
        "3": 715,
        "4": 6136,
        "5": 20035,
        "6": 43475
    },
    "12001": {
        "0": 1,
        "1": 13,
        "2": 118,
        "3": 1028,
        "4": 8862,
        "5": 43608,
        "6": 132849
    },
    "12002": {
        "0": 1,
        "1": 8,
        "2": 72,
        "3": 637,
        "4": 5627,
        "5": 16565,
        "6": 31345
    },
    "12003": {
        "0": 1,
        "1": 13,
        "2": 116,
        "3": 1001,
        "4": 8656,
        "5": 42419,
        "6": 136370
    },
    "12004": {
        "0": 1,
        "1": 10,
        "2": 86,
        "3": 747,
        "4": 6492,
        "5": 23597,
        "6": 49735
    },
    "12005": {
        "0": 1,
        "1": 12,
        "2": 104,
        "3": 892,
        "4": 7729,
        "5": 34395,
        "6": 90628
    },
    "12006": {
        "0": 1,
        "1": 9,
        "2": 75,
        "3": 634,
        "4": 5386,
        "5": 12978,
        "6": 20631
    },
    "12007": {
        "0": 1,
        "1": 10,
        "2": 83,
        "3": 697,
        "4": 5900,
        "5": 17575,
        "6": 38139
    },
    "12008": {
        "0": 1,
        "1": 12,
        "2": 104,
        "3": 911,
        "4": 7962,
        "5": 36488,
        "6": 99630
    },
    "12009": {
        "0": 1,
        "1": 9,
        "2": 78,
        "3": 673,
        "4": 5858,
        "5": 18299,
        "6": 42077
    },
    "12010": {
        "0": 1,
        "1": 10,
        "2": 88,
        "3": 779,
        "4": 6878,
        "5": 27754,
        "6": 76762
    },
    "12011": {
        "0": 1,
        "1": 10,
        "2": 93,
        "3": 828,
        "4": 7357,
        "5": 32355,
        "6": 99758
    },
    "12012": {
        "0": 1,
        "1": 11,
        "2": 93,
        "3": 791,
        "4": 6741,
        "5": 24985,
        "6": 62779
    },
    "12013": {
        "0": 1,
        "1": 9,
        "2": 78,
        "3": 682,
        "4": 5955,
        "5": 19014,
        "6": 42203
    },
    "12014": {
        "0": 1,
        "1": 13,
        "2": 118,
        "3": 1002,
        "4": 8459,
        "5": 39044,
        "6": 107228
    },
    "12015": {
        "0": 1,
        "1": 11,
        "2": 91,
        "3": 789,
        "4": 6929,
        "5": 28223,
        "6": 78403
    },
    "12016": {
        "0": 1,
        "1": 10,
        "2": 86,
        "3": 741,
        "4": 6432,
        "5": 23510,
        "6": 59896
    },
    "12017": {
        "0": 1,
        "1": 9,
        "2": 75,
        "3": 643,
        "4": 5523,
        "5": 14855,
        "6": 29664
    },
    "12018": {
        "0": 1,
        "1": 10,
        "2": 82,
        "3": 702,
        "4": 6055,
        "5": 19740,
        "6": 43027
    },
    "12019": {
        "0": 1,
        "1": 12,
        "2": 107,
        "3": 930,
        "4": 8056,
        "5": 37069,
        "6": 103679
    },
    "12020": {
        "0": 1,
        "1": 10,
        "2": 88,
        "3": 772,
        "4": 6775,
        "5": 26707,
        "6": 63231
    },
    "12021": {
        "0": 1,
        "1": 8,
        "2": 70,
        "3": 602,
        "4": 5203,
        "5": 12372,
        "6": 18412
    },
    "12022": {
        "0": 1,
        "1": 10,
        "2": 85,
        "3": 727,
        "4": 6260,
        "5": 21359,
        "6": 49294
    },
    "12023": {
        "0": 1,
        "1": 11,
        "2": 102,
        "3": 932,
        "4": 8372,
        "5": 41733,
        "6": 134317
    },
    "12024": {
        "0": 1,
        "1": 11,
        "2": 98,
        "3": 863,
        "4": 7592,
        "5": 33895,
        "6": 99296
    },
    "12025": {
        "0": 1,
        "1": 12,
        "2": 107,
        "3": 939,
        "4": 8179,
        "5": 38273,
        "6": 117352
    },
    "12026": {
        "0": 1,
        "1": 11,
        "2": 93,
        "3": 802,
        "4": 7010,
        "5": 28924,
        "6": 77266
    },
    "12027": {
        "0": 1,
        "1": 9,
        "2": 74,
        "3": 630,
        "4": 5401,
        "5": 13792,
        "6": 28957
    },
    "12028": {
        "0": 1,
        "1": 11,
        "2": 98,
        "3": 867,
        "4": 7617,
        "5": 33714,
        "6": 96450
    },
    "12029": {
        "0": 1,
        "1": 11,
        "2": 94,
        "3": 811,
        "4": 7033,
        "5": 28499,
        "6": 72706
    },
    "12030": {
        "0": 1,
        "1": 11,
        "2": 97,
        "3": 853,
        "4": 7447,
        "5": 31860,
        "6": 91429
    },
    "12031": {
        "0": 1,
        "1": 11,
        "2": 94,
        "3": 809,
        "4": 6966,
        "5": 27344,
        "6": 73029
    },
    "12032": {
        "0": 1,
        "1": 12,
        "2": 108,
        "3": 969,
        "4": 8654,
        "5": 44123,
        "6": 139462
    },
    "12033": {
        "0": 1,
        "1": 10,
        "2": 85,
        "3": 731,
        "4": 6276,
        "5": 21053,
        "6": 47029
    },
    "12034": {
        "0": 1,
        "1": 11,
        "2": 96,
        "3": 852,
        "4": 7554,
        "5": 34276,
        "6": 99534
    },
    "12035": {
        "0": 1,
        "1": 11,
        "2": 96,
        "3": 827,
        "4": 7121,
        "5": 28755,
        "6": 71780
    },
    "12036": {
        "0": 1,
        "1": 10,
        "2": 83,
        "3": 714,
        "4": 6179,
        "5": 20969,
        "6": 47179
    },
    "12037": {
        "0": 1,
        "1": 10,
        "2": 86,
        "3": 758,
        "4": 6648,
        "5": 25549,
        "6": 66275
    },
    "12038": {
        "0": 1,
        "1": 12,
        "2": 103,
        "3": 868,
        "4": 7373,
        "5": 30024,
        "6": 82676
    },
    "12039": {
        "0": 1,
        "1": 11,
        "2": 101,
        "3": 886,
        "4": 7731,
        "5": 34705,
        "6": 104079
    },
    "12040": {
        "0": 1,
        "1": 10,
        "2": 88,
        "3": 774,
        "4": 6747,
        "5": 25509,
        "6": 64714
    },
    "12041": {
        "0": 1,
        "1": 9,
        "2": 75,
        "3": 640,
        "4": 5474,
        "5": 14138,
        "6": 29123
    },
    "12042": {
        "0": 1,
        "1": 8,
        "2": 70,
        "3": 603,
        "4": 5228,
        "5": 12509,
        "6": 20975
    },
    "12043": {
        "0": 1,
        "1": 10,
        "2": 84,
        "3": 710,
        "4": 6020,
        "5": 18367,
        "6": 34624
    },
    "12044": {
        "0": 1,
        "1": 10,
        "2": 83,
        "3": 722,
        "4": 6361,
        "5": 23316,
        "6": 59084
    },
    "12045": {
        "0": 1,
        "1": 12,
        "2": 101,
        "3": 841,
        "4": 7084,
        "5": 27218,
        "6": 59486
    },
    "12046": {
        "0": 1,
        "1": 10,
        "2": 84,
        "3": 718,
        "4": 6188,
        "5": 20698,
        "6": 49430
    },
    "12047": {
        "0": 1,
        "1": 11,
        "2": 91,
        "3": 773,
        "4": 6651,
        "5": 24871,
        "6": 59487
    },
    "12048": {
        "0": 1,
        "1": 11,
        "2": 98,
        "3": 855,
        "4": 7427,
        "5": 31800,
        "6": 89583
    },
    "12049": {
        "0": 1,
        "1": 10,
        "2": 87,
        "3": 756,
        "4": 6628,
        "5": 25522,
        "6": 64244
    },
    "12050": {
        "0": 1,
        "1": 12,
        "2": 103,
        "3": 899,
        "4": 7850,
        "5": 35808,
        "6": 97338
    },
    "12051": {
        "0": 1,
        "1": 12,
        "2": 107,
        "3": 940,
        "4": 8254,
        "5": 39529,
        "6": 116021
    },
    "12052": {
        "0": 1,
        "1": 10,
        "2": 86,
        "3": 740,
        "4": 6420,
        "5": 22973,
        "6": 57663
    },
    "12053": {
        "0": 1,
        "1": 9,
        "2": 77,
        "3": 652,
        "4": 5558,
        "5": 14766,
        "6": 31228
    },
    "12054": {
        "0": 1,
        "1": 9,
        "2": 78,
        "3": 682,
        "4": 6044,
        "5": 21205,
        "6": 50790
    },
    "12055": {
        "0": 1,
        "1": 12,
        "2": 98,
        "3": 813,
        "4": 6804,
        "5": 24508,
        "6": 47301
    },
    "12056": {
        "0": 1,
        "1": 12,
        "2": 105,
        "3": 903,
        "4": 7723,
        "5": 33256,
        "6": 87924
    },
    "12057": {
        "0": 1,
        "1": 9,
        "2": 73,
        "3": 616,
        "4": 5219,
        "5": 11594,
        "6": 23296
    },
    "12058": {
        "0": 1,
        "1": 11,
        "2": 92,
        "3": 782,
        "4": 6700,
        "5": 24924,
        "6": 60926
    },
    "12059": {
        "0": 1,
        "1": 10,
        "2": 87,
        "3": 757,
        "4": 6598,
        "5": 24887,
        "6": 60821
    },
    "12060": {
        "0": 1,
        "1": 10,
        "2": 91,
        "3": 822,
        "4": 7397,
        "5": 33580,
        "6": 104580
    },
    "12061": {
        "0": 1,
        "1": 11,
        "2": 94,
        "3": 806,
        "4": 6950,
        "5": 27456,
        "6": 69356
    },
    "12062": {
        "0": 1,
        "1": 12,
        "2": 103,
        "3": 888,
        "4": 7651,
        "5": 33311,
        "6": 95820
    },
    "12063": {
        "0": 1,
        "1": 12,
        "2": 103,
        "3": 869,
        "4": 7366,
        "5": 30094,
        "6": 72476
    },
    "12064": {
        "0": 1,
        "1": 13,
        "2": 111,
        "3": 927,
        "4": 7769,
        "5": 32957,
        "6": 81518
    },
    "12065": {
        "0": 1,
        "1": 9,
        "2": 79,
        "3": 697,
        "4": 6159,
        "5": 21720,
        "6": 51201
    },
    "12066": {
        "0": 1,
        "1": 10,
        "2": 84,
        "3": 717,
        "4": 6147,
        "5": 20195,
        "6": 40201
    },
    "12067": {
        "0": 1,
        "1": 12,
        "2": 109,
        "3": 958,
        "4": 8341,
        "5": 39382,
        "6": 116538
    },
    "12068": {
        "0": 1,
        "1": 9,
        "2": 78,
        "3": 679,
        "4": 5944,
        "5": 19134,
        "6": 42586
    },
    "12069": {
        "0": 1,
        "1": 12,
        "2": 104,
        "3": 887,
        "4": 7581,
        "5": 32186,
        "6": 86950
    },
    "12070": {
        "0": 1,
        "1": 10,
        "2": 87,
        "3": 746,
        "4": 6433,
        "5": 22939,
        "6": 56336
    },
    "12071": {
        "0": 1,
        "1": 9,
        "2": 77,
        "3": 680,
        "4": 6003,
        "5": 20060,
        "6": 48213
    },
    "12072": {
        "0": 1,
        "1": 12,
        "2": 103,
        "3": 880,
        "4": 7519,
        "5": 31663,
        "6": 82519
    },
    "12073": {
        "0": 1,
        "1": 9,
        "2": 76,
        "3": 642,
        "4": 5460,
        "5": 13882,
        "6": 32561
    },
    "12074": {
        "0": 1,
        "1": 11,
        "2": 100,
        "3": 914,
        "4": 8215,
        "5": 40098,
        "6": 118116
    },
    "12075": {
        "0": 1,
        "1": 10,
        "2": 85,
        "3": 719,
        "4": 6092,
        "5": 19067,
        "6": 38136
    },
    "12076": {
        "0": 1,
        "1": 11,
        "2": 93,
        "3": 787,
        "4": 6723,
        "5": 25103,
        "6": 66472
    },
    "12077": {
        "0": 1,
        "1": 10,
        "2": 85,
        "3": 738,
        "4": 6382,
        "5": 22355,
        "6": 50135
    },
    "12078": {
        "0": 1,
        "1": 13,
        "2": 112,
        "3": 941,
        "4": 7946,
        "5": 34976,
        "6": 99545
    },
    "12079": {
        "0": 1,
        "1": 12,
        "2": 108,
        "3": 929,
        "4": 7947,
        "5": 35533,
        "6": 96869
    },
    "12080": {
        "0": 1,
        "1": 8,
        "2": 67,
        "3": 572,
        "4": 4924,
        "5": 9909,
        "6": 17286
    },
    "12081": {
        "0": 1,
        "1": 11,
        "2": 95,
        "3": 821,
        "4": 7094,
        "5": 28601,
        "6": 76685
    },
    "12082": {
        "0": 1,
        "1": 10,
        "2": 81,
        "3": 663,
        "4": 5489,
        "5": 13191,
        "6": 24105
    },
    "12083": {
        "0": 1,
        "1": 10,
        "2": 87,
        "3": 765,
        "4": 6705,
        "5": 26001,
        "6": 66673
    },
    "12084": {
        "0": 1,
        "1": 9,
        "2": 78,
        "3": 679,
        "4": 5926,
        "5": 19029,
        "6": 40463
    },
    "12085": {
        "0": 1,
        "1": 11,
        "2": 96,
        "3": 842,
        "4": 7413,
        "5": 32735,
        "6": 93784
    },
    "12086": {
        "0": 1,
        "1": 10,
        "2": 86,
        "3": 746,
        "4": 6473,
        "5": 23441,
        "6": 56093
    },
    "12087": {
        "0": 1,
        "1": 9,
        "2": 78,
        "3": 689,
        "4": 6056,
        "5": 20448,
        "6": 44651
    },
    "12088": {
        "0": 1,
        "1": 11,
        "2": 95,
        "3": 824,
        "4": 7136,
        "5": 29049,
        "6": 78549
    },
    "12089": {
        "0": 1,
        "1": 11,
        "2": 95,
        "3": 826,
        "4": 7164,
        "5": 29387,
        "6": 75844
    },
    "12090": {
        "0": 1,
        "1": 9,
        "2": 78,
        "3": 673,
        "4": 5818,
        "5": 17591,
        "6": 38302
    },
    "12091": {
        "0": 1,
        "1": 9,
        "2": 76,
        "3": 662,
        "4": 5761,
        "5": 17396,
        "6": 32040
    },
    "12092": {
        "0": 1,
        "1": 11,
        "2": 100,
        "3": 892,
        "4": 7947,
        "5": 37600,
        "6": 119676
    },
    "12093": {
        "0": 1,
        "1": 11,
        "2": 97,
        "3": 850,
        "4": 7393,
        "5": 30682,
        "6": 85318
    },
    "12094": {
        "0": 1,
        "1": 11,
        "2": 102,
        "3": 924,
        "4": 8258,
        "5": 40485,
        "6": 129583
    },
    "12095": {
        "0": 1,
        "1": 11,
        "2": 90,
        "3": 752,
        "4": 6339,
        "5": 21007,
        "6": 40731
    },
    "12096": {
        "0": 1,
        "1": 12,
        "2": 101,
        "3": 845,
        "4": 7154,
        "5": 28339,
        "6": 68335
    },
    "12097": {
        "0": 1,
        "1": 12,
        "2": 103,
        "3": 867,
        "4": 7348,
        "5": 29989,
        "6": 73066
    },
    "12098": {
        "0": 1,
        "1": 10,
        "2": 85,
        "3": 738,
        "4": 6458,
        "5": 24088,
        "6": 63296
    },
    "12099": {
        "0": 1,
        "1": 11,
        "2": 98,
        "3": 853,
        "4": 7426,
        "5": 31902,
        "6": 92155
    }
}