{
    "8700": {
        "0": 1,
        "1": 12,
        "2": 106,
        "3": 916,
        "4": 7891,
        "5": 35309,
        "6": 104658
    },
    "8701": {
        "0": 1,
        "1": 11,
        "2": 94,
        "3": 814,
        "4": 7075,
        "5": 28636,
        "6": 78733
    },
    "8702": {
        "0": 1,
        "1": 12,
        "2": 103,
        "3": 861,
        "4": 7259,
        "5": 29160,
        "6": 73704
    },
    "8703": {
        "0": 1,
        "1": 10,
        "2": 89,
        "3": 788,
        "4": 6977,
        "5": 29045,
        "6": 82039
    },
    "8704": {
        "0": 1,
        "1": 9,
        "2": 81,
        "3": 714,
        "4": 6278,
        "5": 22313,
        "6": 56756
    },
    "8705": {
        "0": 1,
        "1": 10,
        "2": 87,
        "3": 760,
        "4": 6668,
        "5": 25833,
        "6": 65665
    },
    "8706": {
        "0": 1,
        "1": 11,
        "2": 93,
        "3": 823,
        "4": 7318,
        "5": 32298,
        "6": 83426
    },
    "8707": {
        "0": 1,
        "1": 12,
        "2": 105,
        "3": 880,
        "4": 7394,
        "5": 29998,
        "6": 76317
    },
    "8708": {
        "0": 1,
        "1": 9,
        "2": 74,
        "3": 621,
        "4": 5234,
        "5": 11651,
        "6": 18427
    },
    "8709": {
        "0": 1,
        "1": 13,
        "2": 111,
        "3": 918,
        "4": 7698,
        "5": 32663,
        "6": 91137
    },
    "8710": {
        "0": 1,
        "1": 14,
        "2": 126,
        "3": 1076,
        "4": 9147,
        "5": 44668,
        "6": 129406
    },
    "8711": {
        "0": 1,
        "1": 12,
        "2": 103,
        "3": 876,
        "4": 7508,
        "5": 32003,
        "6": 88608
    },
    "8712": {
        "0": 1,
        "1": 11,
        "2": 96,
        "3": 816,
        "4": 6905,
        "5": 25736,
        "6": 63375
    },
    "8713": {
        "0": 1,
        "1": 10,
        "2": 84,
        "3": 723,
        "4": 6274,
        "5": 21706,
        "6": 57697
    },
    "8714": {
        "0": 1,
        "1": 11,
        "2": 95,
        "3": 827,
        "4": 7232,
        "5": 30696,
        "6": 82183
    },
    "8715": {
        "0": 1,
        "1": 9,
        "2": 80,
        "3": 710,
        "4": 6243,
        "5": 21729,
        "6": 44949
    },
    "8716": {
        "0": 1,
        "1": 11,
        "2": 98,
        "3": 857,
        "4": 7499,
        "5": 32846,
        "6": 91825
    },
    "8717": {
        "0": 1,
        "1": 13,
        "2": 117,
        "3": 1002,
        "4": 8494,
        "5": 39496,
        "6": 112203
    },
    "8718": {
        "0": 1,
        "1": 11,
        "2": 94,
        "3": 812,
        "4": 7033,
        "5": 28503,
        "6": 82870
    },
    "8719": {
        "0": 1,
        "1": 13,
        "2": 118,
        "3": 1028,
        "4": 8997,
        "5": 45828,
        "6": 146299
    },
    "8720": {
        "0": 1,
        "1": 11,
        "2": 95,
        "3": 807,
        "4": 6902,
        "5": 26591,
        "6": 73845
    },
    "8721": {
        "0": 1,
        "1": 10,
        "2": 87,
        "3": 759,
        "4": 6594,
        "5": 24500,
        "6": 60275
    },
    "8722": {
        "0": 1,
        "1": 10,
        "2": 87,
        "3": 757,
        "4": 6600,
        "5": 24358,
        "6": 59514
    },
    "8723": {
        "0": 1,
        "1": 16,
        "2": 154,
        "3": 1312,
        "4": 10974,
        "5": 59333,
        "6": 194952
    },
    "8724": {
        "0": 1,
        "1": 10,
        "2": 85,
        "3": 730,
        "4": 6283,
        "5": 21583,
        "6": 52074
    },
    "8725": {
        "0": 1,
        "1": 8,
        "2": 70,
        "3": 607,
        "4": 5292,
        "5": 13595,
        "6": 22416
    },
    "8726": {
        "0": 1,
        "1": 11,
        "2": 94,
        "3": 792,
        "4": 6727,
        "5": 24885,
        "6": 59818
    },
    "8727": {
        "0": 1,
        "1": 12,
        "2": 104,
        "3": 882,
        "4": 7534,
        "5": 32116,
        "6": 88175
    },
    "8728": {
        "0": 1,
        "1": 11,
        "2": 94,
        "3": 817,
        "4": 7098,
        "5": 28909,
        "6": 66361
    },
    "8729": {
        "0": 1,
        "1": 11,
        "2": 99,
        "3": 897,
        "4": 7957,
        "5": 37524,
        "6": 123066
    },
    "8730": {
        "0": 1,
        "1": 11,
        "2": 99,
        "3": 861,
        "4": 7434,
        "5": 31222,
        "6": 76464
    },
    "8731": {
        "0": 1,
        "1": 12,
        "2": 104,
        "3": 892,
        "4": 7650,
        "5": 33024,
        "6": 93715
    },
    "8732": {
        "0": 1,
        "1": 10,
        "2": 87,
        "3": 764,
        "4": 6697,
        "5": 25881,
        "6": 61278
    },
    "8733": {
        "0": 1,
        "1": 11,
        "2": 95,
        "3": 817,
        "4": 7015,
        "5": 27614,
        "6": 66137
    },
    "8734": {
        "0": 1,
        "1": 10,
        "2": 85,
        "3": 717,
        "4": 6047,
        "5": 18311,
        "6": 36296
    },
    "8735": {
        "0": 1,
        "1": 11,
        "2": 98,
        "3": 856,
        "4": 7519,
        "5": 33440,
        "6": 92168
    },
    "8736": {
        "0": 1,
        "1": 11,
        "2": 99,
        "3": 866,
        "4": 7565,
        "5": 33284,
        "6": 96010
    },
    "8737": {
        "0": 1,
        "1": 12,
        "2": 103,
        "3": 877,
        "4": 7532,
        "5": 32453,
        "6": 94236
    },
    "8738": {
        "0": 1,
        "1": 10,
        "2": 88,
        "3": 768,
        "4": 6700,
        "5": 25668,
        "6": 64982
    },
    "8739": {
        "0": 1,
        "1": 13,
        "2": 116,
        "3": 1002,
        "4": 8670,
        "5": 42482,
        "6": 130131
    },
    "8740": {
        "0": 1,
        "1": 11,
        "2": 95,
        "3": 814,
        "4": 6983,
        "5": 27327,
        "6": 67150
    },
    "8741": {
        "0": 1,
        "1": 8,
        "2": 71,
        "3": 617,
        "4": 5366,
        "5": 13948,
        "6": 24912
    },
    "8742": {
        "0": 1,
        "1": 8,
        "2": 67,
        "3": 564,
        "4": 4774,
        "5": 7928,
        "6": 9324
    },
    "8743": {
        "0": 1,
        "1": 12,
        "2": 108,
        "3": 946,
        "4": 8275,
        "5": 39647,
        "6": 116151
    },
    "8744": {
        "0": 1,
        "1": 11,
        "2": 100,
        "3": 904,
        "4": 8103,
        "5": 39432,
        "6": 115881
    },
    "8745": {
        "0": 1,
        "1": 11,
        "2": 98,
        "3": 863,
        "4": 7533,
        "5": 32595,
        "6": 91756
    },
    "8746": {
        "0": 1,
        "1": 9,
        "2": 80,
        "3": 710,
        "4": 6278,
        "5": 22547,
        "6": 46247
    },
    "8747": {
        "0": 1,
        "1": 10,
        "2": 83,
        "3": 707,
        "4": 6048,
        "5": 19189,
        "6": 40322
    },
    "8748": {
        "0": 1,
        "1": 9,
        "2": 78,
        "3": 688,
        "4": 6058,
        "5": 20531,
        "6": 43430
    },
    "8749": {
        "0": 1,
        "1": 13,
        "2": 112,
        "3": 940,
        "4": 7909,
        "5": 33982,
        "6": 83163
    },
    "8750": {
        "0": 1,
        "1": 10,
        "2": 87,
        "3": 774,
        "4": 6863,
        "5": 27936,
        "6": 78080
    },
    "8751": {
        "0": 1,
        "1": 11,
        "2": 95,
        "3": 819,
        "4": 7024,
        "5": 27361,
        "6": 65036
    },
    "8752": {
        "0": 1,
        "1": 10,
        "2": 85,
        "3": 723,
        "4": 6190,
        "5": 20474,
        "6": 48820
    },
    "8753": {
        "0": 1,
        "1": 9,
        "2": 80,
        "3": 703,
        "4": 6152,
        "5": 20935,
        "6": 48580
    },
    "8754": {
        "0": 1,
        "1": 12,
        "2": 104,
        "3": 885,
        "4": 7552,
        "5": 32063,
        "6": 89568
    },
    "8755": {
        "0": 1,
        "1": 9,
        "2": 77,
        "3": 675,
        "4": 5951,
        "5": 19897,
        "6": 42239
    },
    "8756": {
        "0": 1,
        "1": 9,
        "2": 78,
        "3": 696,
        "4": 6209,
        "5": 22574,
        "6": 56496
    },
    "8757": {
        "0": 1,
        "1": 11,
        "2": 93,
        "3": 786,
        "4": 6699,
        "5": 24944,
        "6": 63638
    },
    "8758": {
        "0": 1,
        "1": 11,
        "2": 91,
        "3": 754,
        "4": 6285,
        "5": 19839,
        "6": 44585
    },
    "8759": {
        "0": 1,
        "1": 13,
        "2": 120,
        "3": 1062,
        "4": 9298,
        "5": 48388,
        "6": 151299
    },
    "8760": {
        "0": 1,
        "1": 12,
        "2": 108,
        "3": 959,
        "4": 8476,
        "5": 41450,
        "6": 124634
    },
    "8761": {
        "0": 1,
        "1": 10,
        "2": 86,
        "3": 752,
        "4": 6575,
        "5": 24726,
        "6": 58619
    },
    "8762": {
        "0": 1,
        "1": 11,
        "2": 94,
        "3": 826,
        "4": 7248,
        "5": 30824,
        "6": 80453
    },
    "8763": {
        "0": 1,
        "1": 10,
        "2": 86,
        "3": 753,
        "4": 6617,
        "5": 25496,
        "6": 63955
    },
    "8764": {
        "0": 1,
        "1": 9,
        "2": 77,
        "3": 659,
        "4": 5653,
        "5": 15808,
        "6": 29676
    },
    "8765": {
        "0": 1,
        "1": 10,
        "2": 90,
        "3": 803,
        "4": 7130,
        "5": 30322,
        "6": 82246
    },
    "8766": {
        "0": 1,
        "1": 12,
        "2": 104,
        "3": 883,
        "4": 7528,
        "5": 31920,
        "6": 92973
    },
    "8767": {
        "0": 1,
        "1": 9,
        "2": 80,
        "3": 690,
        "4": 5975,
        "5": 18931,
        "6": 37569
    },
    "8768": {
        "0": 1,
        "1": 10,
        "2": 88,
        "3": 775,
        "4": 6803,
        "5": 26940,
        "6": 69441
    },
    "8769": {
        "0": 1,
        "1": 10,
        "2": 82,
        "3": 690,
        "4": 5846,
        "5": 17091,
        "6": 34128
    },
    "8770": {
        "0": 1,
        "1": 12,
        "2": 109,
        "3": 959,
        "4": 8457,
        "5": 41729,
        "6": 131540
    },
    "8771": {
        "0": 1,
        "1": 12,
        "2": 102,
        "3": 874,
        "4": 7517,
        "5": 31981,
        "6": 86566
    },
    "8772": {
        "0": 1,
        "1": 9,
        "2": 79,
        "3": 687,
        "4": 6001,
        "5": 19852,
        "6": 46828
    },
    "8773": {
        "0": 1,
        "1": 12,
        "2": 99,
        "3": 838,
        "4": 7200,
        "5": 29310,
        "6": 76062
    },
    "8774": {
        "0": 1,
        "1": 12,
        "2": 103,
        "3": 885,
        "4": 7677,
        "5": 33994,
        "6": 96915
    },
    "8775": {
        "0": 1,
        "1": 11,
        "2": 99,
        "3": 885,
        "4": 7849,
        "5": 36290,
        "6": 95351
    },
    "8776": {
        "0": 1,
        "1": 12,
        "2": 106,
        "3": 917,
        "4": 7883,
        "5": 35078,
        "6": 102048
    },
    "8777": {
        "0": 1,
        "1": 13,
        "2": 123,
        "3": 1101,
        "4": 9640,
        "5": 50817,
        "6": 174039
    },
    "8778": {
        "0": 1,
        "1": 11,
        "2": 98,
        "3": 868,
        "4": 7663,
        "5": 34500,
        "6": 101844
    },
    "8779": {
        "0": 1,
        "1": 13,
        "2": 111,
        "3": 940,
        "4": 8003,
        "5": 35535,
        "6": 90477
    },
    "8780": {
        "0": 1,
        "1": 10,
        "2": 85,
        "3": 740,
        "4": 6415,
        "5": 22424,
        "6": 49303
    },
    "8781": {
        "0": 1,
        "1": 10,
        "2": 87,
        "3": 751,
        "4": 6512,
        "5": 23858,
        "6": 58327
    },
    "8782": {
        "0": 1,
        "1": 9,
        "2": 77,
        "3": 683,
        "4": 6097,
        "5": 21878,
        "6": 56026
    },
    "8783": {
        "0": 1,
        "1": 12,
        "2": 112,
        "3": 992,
        "4": 8653,
        "5": 42267,
        "6": 133078
    },
    "8784": {
        "0": 1,
        "1": 11,
        "2": 100,
        "3": 889,
        "4": 7858,
        "5": 36625,
        "6": 117225
    },
    "8785": {
        "0": 1,
        "1": 11,
        "2": 92,
        "3": 766,
        "4": 6455,
        "5": 22265,
        "6": 52812
    },
    "8786": {
        "0": 1,
        "1": 11,
        "2": 95,
        "3": 815,
        "4": 7012,
        "5": 27722,
        "6": 71120
    },
    "8787": {
        "0": 1,
        "1": 10,
        "2": 87,
        "3": 763,
        "4": 6666,
        "5": 25381,
        "6": 60444
    },
    "8788": {
        "0": 1,
        "1": 8,
        "2": 69,
        "3": 595,
        "4": 5156,
        "5": 12155,
        "6": 25004
    },
    "8789": {
        "0": 1,
        "1": 10,
        "2": 85,
        "3": 730,
        "4": 6287,
        "5": 21591,
        "6": 47988
    },
    "8790": {
        "0": 1,
        "1": 10,
        "2": 83,
        "3": 709,
        "4": 6102,
        "5": 20081,
        "6": 41534
    },
    "8791": {
        "0": 1,
        "1": 15,
        "2": 128,
        "3": 1040,
        "4": 8578,
        "5": 38942,
        "6": 91899
    },
    "8792": {
        "0": 1,
        "1": 9,
        "2": 79,
        "3": 693,
        "4": 6080,
        "5": 20370,
        "6": 44170
    },
    "8793": {
        "0": 1,
        "1": 11,
        "2": 97,
        "3": 839,
        "4": 7295,
        "5": 30815,
        "6": 79565
    },
    "8794": {
        "0": 1,
        "1": 13,
        "2": 113,
        "3": 982,
        "4": 8594,
        "5": 42448,
        "6": 133425
    },
    "8795": {
        "0": 1,
        "1": 9,
        "2": 75,
        "3": 632,
        "4": 5376,
        "5": 13307,
        "6": 23998
    },
    "8796": {
        "0": 1,
        "1": 9,
        "2": 78,
        "3": 701,
        "4": 6267,
        "5": 23090,
        "6": 57216
    },
    "8797": {
        "0": 1,
        "1": 11,
        "2": 95,
        "3": 837,
        "4": 7334,
        "5": 31291,
        "6": 81599
    },
    "8798": {
        "0": 1,
        "1": 14,
        "2": 123,
        "3": 1033,
        "4": 8685,
        "5": 40704,
        "6": 120914
    },
    "8799": {
        "0": 1,
        "1": 11,
        "2": 96,
        "3": 831,
        "4": 7183,
        "5": 29517,
        "6": 78284
    }
}