{
    "28200": {
        "0": 1,
        "1": 9,
        "2": 77,
        "3": 675,
        "4": 5958,
        "5": 20106,
        "6": 50937
    },
    "28201": {
        "0": 1,
        "1": 12,
        "2": 120,
        "3": 1136,
        "4": 10548,
        "5": 63747,
        "6": 243309
    },
    "28202": {
        "0": 1,
        "1": 12,
        "2": 107,
        "3": 927,
        "4": 7964,
        "5": 35201,
        "6": 101155
    },
    "28203": {
        "0": 1,
        "1": 10,
        "2": 86,
        "3": 749,
        "4": 6530,
        "5": 24332,
        "6": 59505
    },
    "28204": {
        "0": 1,
        "1": 11,
        "2": 93,
        "3": 782,
        "4": 6631,
        "5": 23861,
        "6": 48344
    },
    "28205": {
        "0": 1,
        "1": 9,
        "2": 80,
        "3": 697,
        "4": 6079,
        "5": 20173,
        "6": 42075
    },
    "28206": {
        "0": 1,
        "1": 11,
        "2": 96,
        "3": 845,
        "4": 7443,
        "5": 32643,
        "6": 87946
    },
    "28207": {
        "0": 1,
        "1": 10,
        "2": 90,
        "3": 783,
        "4": 6773,
        "5": 25885,
        "6": 66376
    },
    "28208": {
        "0": 1,
        "1": 9,
        "2": 78,
        "3": 675,
        "4": 5863,
        "5": 18187,
        "6": 35322
    },
    "28209": {
        "0": 1,
        "1": 11,
        "2": 95,
        "3": 831,
        "4": 7246,
        "5": 30556,
        "6": 89644
    },
    "28210": {
        "0": 1,
        "1": 11,
        "2": 94,
        "3": 811,
        "4": 7014,
        "5": 28233,
        "6": 69647
    },
    "28211": {
        "0": 1,
        "1": 10,
        "2": 82,
        "3": 704,
        "4": 6102,
        "5": 20401,
        "6": 43498
    },
    "28212": {
        "0": 1,
        "1": 12,
        "2": 106,
        "3": 909,
        "4": 7763,
        "5": 33682,
        "6": 95694
    },
    "28213": {
        "0": 1,
        "1": 9,
        "2": 76,
        "3": 670,
        "4": 5927,
        "5": 19755,
        "6": 48442
    },
    "28214": {
        "0": 1,
        "1": 11,
        "2": 95,
        "3": 819,
        "4": 7064,
        "5": 28477,
        "6": 74149
    },
    "28215": {
        "0": 1,
        "1": 10,
        "2": 86,
        "3": 749,
        "4": 6515,
        "5": 23950,
        "6": 57098
    },
    "28216": {
        "0": 1,
        "1": 10,
        "2": 82,
        "3": 692,
        "4": 5844,
        "5": 16426,
        "6": 30543
    },
    "28217": {
        "0": 1,
        "1": 11,
        "2": 99,
        "3": 867,
        "4": 7573,
        "5": 33277,
        "6": 92882
    },
    "28218": {
        "0": 1,
        "1": 10,
        "2": 85,
        "3": 726,
        "4": 6196,
        "5": 20228,
        "6": 44236
    },
    "28219": {
        "0": 1,
        "1": 10,
        "2": 86,
        "3": 740,
        "4": 6357,
        "5": 21663,
        "6": 50432
    },
    "28220": {
        "0": 1,
        "1": 8,
        "2": 68,
        "3": 578,
        "4": 4967,
        "5": 10339,
        "6": 20065
    },
    "28221": {
        "0": 1,
        "1": 13,
        "2": 119,
        "3": 1033,
        "4": 8933,
        "5": 44650,
        "6": 154447
    },
    "28222": {
        "0": 1,
        "1": 11,
        "2": 91,
        "3": 771,
        "4": 6581,
        "5": 23716,
        "6": 51783
    },
    "28223": {
        "0": 1,
        "1": 10,
        "2": 85,
        "3": 749,
        "4": 6590,
        "5": 25252,
        "6": 64501
    },
    "28224": {
        "0": 1,
        "1": 13,
        "2": 114,
        "3": 960,
        "4": 8085,
        "5": 35658,
        "6": 100486
    },
    "28225": {
        "0": 1,
        "1": 9,
        "2": 75,
        "3": 649,
        "4": 5680,
        "5": 17175,
        "6": 40873
    },
    "28226": {
        "0": 1,
        "1": 10,
        "2": 84,
        "3": 722,
        "4": 6235,
        "5": 21386,
        "6": 48584
    },
    "28227": {
        "0": 1,
        "1": 12,
        "2": 107,
        "3": 935,
        "4": 8149,
        "5": 38470,
        "6": 111616
    },
    "28228": {
        "0": 1,
        "1": 11,
        "2": 98,
        "3": 859,
        "4": 7528,
        "5": 33262,
        "6": 93105
    },
    "28229": {
        "0": 1,
        "1": 12,
        "2": 102,
        "3": 888,
        "4": 7750,
        "5": 34938,
        "6": 92615
    },
    "28230": {
        "0": 1,
        "1": 12,
        "2": 108,
        "3": 944,
        "4": 8237,
        "5": 39338,
        "6": 128987
    },
    "28231": {
        "0": 1,
        "1": 10,
        "2": 83,
        "3": 706,
        "4": 6097,
        "5": 20405,
        "6": 44456
    },
    "28232": {
        "0": 1,
        "1": 14,
        "2": 121,
        "3": 992,
        "4": 8188,
        "5": 35391,
        "6": 91494
    },
    "28233": {
        "0": 1,
        "1": 11,
        "2": 96,
        "3": 832,
        "4": 7235,
        "5": 30485,
        "6": 91368
    },
    "28234": {
        "0": 1,
        "1": 9,
        "2": 74,
        "3": 623,
        "4": 5307,
        "5": 12793,
        "6": 20262
    },
    "28235": {
        "0": 1,
        "1": 11,
        "2": 98,
        "3": 892,
        "4": 8043,
        "5": 39265,
        "6": 116298
    },
    "28236": {
        "0": 1,
        "1": 8,
        "2": 72,
        "3": 636,
        "4": 5647,
        "5": 17380,
        "6": 36671
    },
    "28237": {
        "0": 1,
        "1": 11,
        "2": 100,
        "3": 892,
        "4": 7917,
        "5": 37348,
        "6": 111244
    },
    "28238": {
        "0": 1,
        "1": 11,
        "2": 96,
        "3": 838,
        "4": 7256,
        "5": 29868,
        "6": 75672
    },
    "28239": {
        "0": 1,
        "1": 9,
        "2": 73,
        "3": 616,
        "4": 5251,
        "5": 12374,
        "6": 23259
    },
    "28240": {
        "0": 1,
        "1": 11,
        "2": 96,
        "3": 834,
        "4": 7236,
        "5": 30166,
        "6": 88982
    },
    "28241": {
        "0": 1,
        "1": 10,
        "2": 89,
        "3": 789,
        "4": 7028,
        "5": 29778,
        "6": 81066
    },
    "28242": {
        "0": 1,
        "1": 11,
        "2": 93,
        "3": 787,
        "4": 6741,
        "5": 25301,
        "6": 56909
    },
    "28243": {
        "0": 1,
        "1": 12,
        "2": 102,
        "3": 878,
        "4": 7593,
        "5": 33108,
        "6": 83105
    },
    "28244": {
        "0": 1,
        "1": 11,
        "2": 95,
        "3": 819,
        "4": 7087,
        "5": 28563,
        "6": 74172
    },
    "28245": {
        "0": 1,
        "1": 11,
        "2": 95,
        "3": 823,
        "4": 7150,
        "5": 29438,
        "6": 75852
    },
    "28246": {
        "0": 1,
        "1": 12,
        "2": 107,
        "3": 914,
        "4": 7755,
        "5": 33295,
        "6": 94526
    },
    "28247": {
        "0": 1,
        "1": 12,
        "2": 101,
        "3": 838,
        "4": 7042,
        "5": 27057,
        "6": 64197
    },
    "28248": {
        "0": 1,
        "1": 11,
        "2": 97,
        "3": 847,
        "4": 7371,
        "5": 31443,
        "6": 88497
    },
    "28249": {
        "0": 1,
        "1": 12,
        "2": 101,
        "3": 865,
        "4": 7437,
        "5": 31452,
        "6": 79086
    },
    "28250": {
        "0": 1,
        "1": 11,
        "2": 104,
        "3": 913,
        "4": 7940,
        "5": 35945,
        "6": 110563
    },
    "28251": {
        "0": 1,
        "1": 10,
        "2": 90,
        "3": 798,
        "4": 7058,
        "5": 29515,
        "6": 78061
    },
    "28252": {
        "0": 1,
        "1": 8,
        "2": 72,
        "3": 629,
        "4": 5475,
        "5": 14738,
        "6": 25187
    },
    "28253": {
        "0": 1,
        "1": 10,
        "2": 89,
        "3": 788,
        "4": 6933,
        "5": 28052,
        "6": 74524
    },
    "28254": {
        "0": 1,
        "1": 9,
        "2": 76,
        "3": 663,
        "4": 5783,
        "5": 17656,
        "6": 42929
    },
    "28255": {
        "0": 1,
        "1": 9,
        "2": 78,
        "3": 675,
        "4": 5795,
        "5": 16614,
        "6": 36428
    },
    "28256": {
        "0": 1,
        "1": 9,
        "2": 78,
        "3": 686,
        "4": 6005,
        "5": 19701,
        "6": 43594
    },
    "28257": {
        "0": 1,
        "1": 10,
        "2": 85,
        "3": 760,
        "4": 6730,
        "5": 26649,
        "6": 69585
    },
    "28258": {
        "0": 1,
        "1": 11,
        "2": 92,
        "3": 786,
        "4": 6771,
        "5": 25518,
        "6": 62910
    },
    "28259": {
        "0": 1,
        "1": 10,
        "2": 87,
        "3": 749,
        "4": 6446,
        "5": 22891,
        "6": 51429
    },
    "28260": {
        "0": 1,
        "1": 11,
        "2": 92,
        "3": 783,
        "4": 6711,
        "5": 25114,
        "6": 54763
    },
    "28261": {
        "0": 1,
        "1": 9,
        "2": 74,
        "3": 634,
        "4": 5457,
        "5": 14078,
        "6": 28114
    },
    "28262": {
        "0": 1,
        "1": 11,
        "2": 97,
        "3": 849,
        "4": 7472,
        "5": 33075,
        "6": 93504
    },
    "28263": {
        "0": 1,
        "1": 12,
        "2": 107,
        "3": 929,
        "4": 8023,
        "5": 36692,
        "6": 100344
    },
    "28264": {
        "0": 1,
        "1": 13,
        "2": 119,
        "3": 1047,
        "4": 9137,
        "5": 47181,
        "6": 156436
    },
    "28265": {
        "0": 1,
        "1": 11,
        "2": 98,
        "3": 864,
        "4": 7597,
        "5": 33851,
        "6": 87837
    },
    "28266": {
        "0": 1,
        "1": 8,
        "2": 70,
        "3": 611,
        "4": 5350,
        "5": 14216,
        "6": 30989
    },
    "28267": {
        "0": 1,
        "1": 11,
        "2": 96,
        "3": 826,
        "4": 7097,
        "5": 28199,
        "6": 71304
    },
    "28268": {
        "0": 1,
        "1": 11,
        "2": 94,
        "3": 796,
        "4": 6822,
        "5": 26048,
        "6": 67431
    },
    "28269": {
        "0": 1,
        "1": 13,
        "2": 119,
        "3": 1021,
        "4": 8663,
        "5": 40933,
        "6": 123378
    },
    "28270": {
        "0": 1,
        "1": 12,
        "2": 107,
        "3": 931,
        "4": 8100,
        "5": 37887,
        "6": 118931
    },
    "28271": {
        "0": 1,
        "1": 9,
        "2": 79,
        "3": 691,
        "4": 6084,
        "5": 21169,
        "6": 52801
    },
    "28272": {
        "0": 1,
        "1": 9,
        "2": 78,
        "3": 683,
        "4": 5989,
        "5": 19811,
        "6": 48277
    },
    "28273": {
        "0": 1,
        "1": 11,
        "2": 96,
        "3": 842,
        "4": 7412,
        "5": 32616,
        "6": 95786
    },
    "28274": {
        "0": 1,
        "1": 11,
        "2": 97,
        "3": 832,
        "4": 7163,
        "5": 29290,
        "6": 82553
    },
    "28275": {
        "0": 1,
        "1": 12,
        "2": 108,
        "3": 927,
        "4": 7893,
        "5": 34625,
        "6": 99701
    },
    "28276": {
        "0": 1,
        "1": 12,
        "2": 104,
        "3": 880,
        "4": 7508,
        "5": 31876,
        "6": 85902
    },
    "28277": {
        "0": 1,
        "1": 11,
        "2": 95,
        "3": 813,
        "4": 6987,
        "5": 27557,
        "6": 71693
    },
    "28278": {
        "0": 1,
        "1": 13,
        "2": 113,
        "3": 959,
        "4": 8182,
        "5": 37165,
        "6": 98038
    },
    "28279": {
        "0": 1,
        "1": 9,
        "2": 77,
        "3": 681,
        "4": 6008,
        "5": 20248,
        "6": 52042
    },
    "28280": {
        "0": 1,
        "1": 9,
        "2": 78,
        "3": 683,
        "4": 5983,
        "5": 19792,
        "6": 43390
    },
    "28281": {
        "0": 1,
        "1": 9,
        "2": 76,
        "3": 648,
        "4": 5533,
        "5": 14588,
        "6": 28662
    },
    "28282": {
        "0": 1,
        "1": 12,
        "2": 99,
        "3": 822,
        "4": 6936,
        "5": 26449,
        "6": 60363
    },
    "28283": {
        "0": 1,
        "1": 9,
        "2": 78,
        "3": 685,
        "4": 6013,
        "5": 19660,
        "6": 48104
    },
    "28284": {
        "0": 1,
        "1": 12,
        "2": 103,
        "3": 880,
        "4": 7528,
        "5": 31754,
        "6": 80270
    },
    "28285": {
        "0": 1,
        "1": 9,
        "2": 77,
        "3": 658,
        "4": 5654,
        "5": 15721,
        "6": 29932
    },
    "28286": {
        "0": 1,
        "1": 11,
        "2": 95,
        "3": 829,
        "4": 7216,
        "5": 29990,
        "6": 82642
    },
    "28287": {
        "0": 1,
        "1": 11,
        "2": 98,
        "3": 859,
        "4": 7469,
        "5": 32068,
        "6": 87931
    },
    "28288": {
        "0": 1,
        "1": 11,
        "2": 94,
        "3": 809,
        "4": 7003,
        "5": 28044,
        "6": 68282
    },
    "28289": {
        "0": 1,
        "1": 10,
        "2": 89,
        "3": 789,
        "4": 6990,
        "5": 29162,
        "6": 81452
    },
    "28290": {
        "0": 1,
        "1": 11,
        "2": 98,
        "3": 857,
        "4": 7454,
        "5": 31922,
        "6": 85628
    },
    "28291": {
        "0": 1,
        "1": 10,
        "2": 82,
        "3": 687,
        "4": 5774,
        "5": 16033,
        "6": 30782
    },
    "28292": {
        "0": 1,
        "1": 12,
        "2": 105,
        "3": 914,
        "4": 7955,
        "5": 36564,
        "6": 105406
    },
    "28293": {
        "0": 1,
        "1": 11,
        "2": 96,
        "3": 828,
        "4": 7111,
        "5": 28431,
        "6": 77512
    },
    "28294": {
        "0": 1,
        "1": 11,
        "2": 94,
        "3": 797,
        "4": 6783,
        "5": 25098,
        "6": 61154
    },
    "28295": {
        "0": 1,
        "1": 12,
        "2": 104,
        "3": 903,
        "4": 7866,
        "5": 35859,
        "6": 96827
    },
    "28296": {
        "0": 1,
        "1": 10,
        "2": 86,
        "3": 748,
        "4": 6526,
        "5": 24218,
        "6": 60609
    },
    "28297": {
        "0": 1,
        "1": 9,
        "2": 75,
        "3": 642,
        "4": 5516,
        "5": 14869,
        "6": 30923
    },
    "28298": {
        "0": 1,
        "1": 12,
        "2": 104,
        "3": 889,
        "4": 7622,
        "5": 32807,
        "6": 88444
    },
    "28299": {
        "0": 1,
        "1": 9,
        "2": 77,
        "3": 659,
        "4": 5628,
        "5": 15320,
        "6": 28969
    }
}