{
    "6400": {
        "0": 1,
        "1": 12,
        "2": 104,
        "3": 887,
        "4": 7607,
        "5": 32898,
        "6": 87311
    },
    "6401": {
        "0": 1,
        "1": 10,
        "2": 85,
        "3": 749,
        "4": 6570,
        "5": 24766,
        "6": 53037
    },
    "6402": {
        "0": 1,
        "1": 11,
        "2": 99,
        "3": 895,
        "4": 8044,
        "5": 39212,
        "6": 121359
    },
    "6403": {
        "0": 1,
        "1": 11,
        "2": 93,
        "3": 779,
        "4": 6556,
        "5": 22650,
        "6": 46749
    },
    "6404": {
        "0": 1,
        "1": 12,
        "2": 111,
        "3": 991,
        "4": 8759,
        "5": 44526,
        "6": 148471
    },
    "6405": {
        "0": 1,
        "1": 9,
        "2": 75,
        "3": 637,
        "4": 5415,
        "5": 13462,
        "6": 26601
    },
    "6406": {
        "0": 1,
        "1": 11,
        "2": 89,
        "3": 734,
        "4": 6117,
        "5": 18653,
        "6": 38685
    },
    "6407": {
        "0": 1,
        "1": 13,
        "2": 117,
        "3": 1012,
        "4": 8715,
        "5": 42305,
        "6": 126226
    },
    "6408": {
        "0": 1,
        "1": 11,
        "2": 93,
        "3": 784,
        "4": 6679,
        "5": 24612,
        "6": 59624
    },
    "6409": {
        "0": 1,
        "1": 11,
        "2": 97,
        "3": 851,
        "4": 7487,
        "5": 33123,
        "6": 98551
    },
    "6410": {
        "0": 1,
        "1": 9,
        "2": 80,
        "3": 699,
        "4": 6133,
        "5": 21223,
        "6": 50102
    },
    "6411": {
        "0": 1,
        "1": 13,
        "2": 114,
        "3": 977,
        "4": 8355,
        "5": 38907,
        "6": 114042
    },
    "6412": {
        "0": 1,
        "1": 12,
        "2": 107,
        "3": 930,
        "4": 8012,
        "5": 36422,
        "6": 107448
    },
    "6413": {
        "0": 1,
        "1": 10,
        "2": 86,
        "3": 737,
        "4": 6325,
        "5": 21549,
        "6": 41685
    },
    "6414": {
        "0": 1,
        "1": 10,
        "2": 90,
        "3": 784,
        "4": 6875,
        "5": 27873,
        "6": 75137
    },
    "6415": {
        "0": 1,
        "1": 11,
        "2": 91,
        "3": 750,
        "4": 6242,
        "5": 19363,
        "6": 42054
    },
    "6416": {
        "0": 1,
        "1": 10,
        "2": 88,
        "3": 777,
        "4": 6857,
        "5": 27511,
        "6": 74562
    },
    "6417": {
        "0": 1,
        "1": 10,
        "2": 84,
        "3": 711,
        "4": 6043,
        "5": 18860,
        "6": 40340
    },
    "6418": {
        "0": 1,
        "1": 10,
        "2": 83,
        "3": 711,
        "4": 6164,
        "5": 21134,
        "6": 47248
    },
    "6419": {
        "0": 1,
        "1": 9,
        "2": 79,
        "3": 689,
        "4": 6013,
        "5": 19589,
        "6": 49154
    },
    "6420": {
        "0": 1,
        "1": 8,
        "2": 67,
        "3": 563,
        "4": 4763,
        "5": 7833,
        "6": 13658
    },
    "6421": {
        "0": 1,
        "1": 11,
        "2": 100,
        "3": 882,
        "4": 7707,
        "5": 34376,
        "6": 101554
    },
    "6422": {
        "0": 1,
        "1": 13,
        "2": 114,
        "3": 958,
        "4": 8068,
        "5": 35789,
        "6": 102452
    },
    "6423": {
        "0": 1,
        "1": 10,
        "2": 87,
        "3": 761,
        "4": 6647,
        "5": 25212,
        "6": 55483
    },
    "6424": {
        "0": 1,
        "1": 10,
        "2": 89,
        "3": 789,
        "4": 6980,
        "5": 29134,
        "6": 84472
    },
    "6425": {
        "0": 1,
        "1": 12,
        "2": 109,
        "3": 970,
        "4": 8532,
        "5": 41529,
        "6": 134054
    },
    "6426": {
        "0": 1,
        "1": 11,
        "2": 97,
        "3": 821,
        "4": 6979,
        "5": 26761,
        "6": 64682
    },
    "6427": {
        "0": 1,
        "1": 12,
        "2": 103,
        "3": 877,
        "4": 7460,
        "5": 30860,
        "6": 79320
    },
    "6428": {
        "0": 1,
        "1": 9,
        "2": 81,
        "3": 717,
        "4": 6337,
        "5": 23013,
        "6": 58243
    },
    "6429": {
        "0": 1,
        "1": 10,
        "2": 88,
        "3": 784,
        "4": 6984,
        "5": 29345,
        "6": 81835
    },
    "6430": {
        "0": 1,
        "1": 13,
        "2": 116,
        "3": 999,
        "4": 8555,
        "5": 40533,
        "6": 122420
    },
    "6431": {
        "0": 1,
        "1": 11,
        "2": 91,
        "3": 772,
        "4": 6571,
        "5": 23462,
        "6": 56464
    },
    "6432": {
        "0": 1,
        "1": 10,
        "2": 86,
        "3": 760,
        "4": 6775,
        "5": 26938,
        "6": 70010
    },
    "6433": {
        "0": 1,
        "1": 10,
        "2": 88,
        "3": 771,
        "4": 6760,
        "5": 26236,
        "6": 65939
    },
    "6434": {
        "0": 1,
        "1": 13,
        "2": 120,
        "3": 1064,
        "4": 9309,
        "5": 48265,
        "6": 159503
    },
    "6435": {
        "0": 1,
        "1": 13,
        "2": 119,
        "3": 1030,
        "4": 8840,
        "5": 43299,
        "6": 148203
    },
    "6436": {
        "0": 1,
        "1": 10,
        "2": 85,
        "3": 730,
        "4": 6261,
        "5": 20703,
        "6": 42873
    },
    "6437": {
        "0": 1,
        "1": 10,
        "2": 86,
        "3": 761,
        "4": 6727,
        "5": 26607,
        "6": 69065
    },
    "6438": {
        "0": 1,
        "1": 8,
        "2": 72,
        "3": 644,
        "4": 5698,
        "5": 17411,
        "6": 38843
    },
    "6439": {
        "0": 1,
        "1": 9,
        "2": 75,
        "3": 636,
        "4": 5487,
        "5": 15045,
        "6": 31620
    },
    "6440": {
        "0": 1,
        "1": 12,
        "2": 106,
        "3": 914,
        "4": 7930,
        "5": 36466,
        "6": 101100
    },
    "6441": {
        "0": 1,
        "1": 10,
        "2": 84,
        "3": 715,
        "4": 6086,
        "5": 19281,
        "6": 42264
    },
    "6442": {
        "0": 1,
        "1": 9,
        "2": 78,
        "3": 692,
        "4": 6149,
        "5": 21902,
        "6": 54187
    },
    "6443": {
        "0": 1,
        "1": 12,
        "2": 106,
        "3": 934,
        "4": 8207,
        "5": 39563,
        "6": 118135
    },
    "6444": {
        "0": 1,
        "1": 11,
        "2": 94,
        "3": 815,
        "4": 7101,
        "5": 29274,
        "6": 79956
    },
    "6445": {
        "0": 1,
        "1": 9,
        "2": 78,
        "3": 672,
        "4": 5795,
        "5": 17357,
        "6": 39067
    },
    "6446": {
        "0": 1,
        "1": 10,
        "2": 83,
        "3": 710,
        "4": 6141,
        "5": 20687,
        "6": 47490
    },
    "6447": {
        "0": 1,
        "1": 12,
        "2": 108,
        "3": 943,
        "4": 8136,
        "5": 37186,
        "6": 114993
    },
    "6448": {
        "0": 1,
        "1": 12,
        "2": 105,
        "3": 913,
        "4": 7992,
        "5": 37282,
        "6": 110664
    },
    "6449": {
        "0": 1,
        "1": 12,
        "2": 104,
        "3": 904,
        "4": 7873,
        "5": 35861,
        "6": 101993
    },
    "6450": {
        "0": 1,
        "1": 9,
        "2": 74,
        "3": 626,
        "4": 5328,
        "5": 12736,
        "6": 20140
    },
    "6451": {
        "0": 1,
        "1": 10,
        "2": 88,
        "3": 771,
        "4": 6759,
        "5": 26524,
        "6": 75948
    },
    "6452": {
        "0": 1,
        "1": 9,
        "2": 80,
        "3": 707,
        "4": 6233,
        "5": 22127,
        "6": 57134
    },
    "6453": {
        "0": 1,
        "1": 11,
        "2": 97,
        "3": 850,
        "4": 7436,
        "5": 32508,
        "6": 90089
    },
    "6454": {
        "0": 1,
        "1": 12,
        "2": 106,
        "3": 917,
        "4": 7855,
        "5": 34565,
        "6": 92727
    },
    "6455": {
        "0": 1,
        "1": 12,
        "2": 109,
        "3": 955,
        "4": 8354,
        "5": 40554,
        "6": 130500
    },
    "6456": {
        "0": 1,
        "1": 12,
        "2": 106,
        "3": 913,
        "4": 7791,
        "5": 33788,
        "6": 92833
    },
    "6457": {
        "0": 1,
        "1": 10,
        "2": 86,
        "3": 758,
        "4": 6652,
        "5": 25556,
        "6": 64821
    },
    "6458": {
        "0": 1,
        "1": 11,
        "2": 95,
        "3": 822,
        "4": 7120,
        "5": 28934,
        "6": 70074
    },
    "6459": {
        "0": 1,
        "1": 14,
        "2": 124,
        "3": 1039,
        "4": 8767,
        "5": 41962,
        "6": 120148
    },
    "6460": {
        "0": 1,
        "1": 10,
        "2": 82,
        "3": 701,
        "4": 6059,
        "5": 19884,
        "6": 35985
    },
    "6461": {
        "0": 1,
        "1": 11,
        "2": 100,
        "3": 892,
        "4": 7904,
        "5": 36748,
        "6": 101715
    },
    "6462": {
        "0": 1,
        "1": 10,
        "2": 85,
        "3": 735,
        "4": 6364,
        "5": 22397,
        "6": 51709
    },
    "6463": {
        "0": 1,
        "1": 11,
        "2": 96,
        "3": 834,
        "4": 7213,
        "5": 29516,
        "6": 80500
    },
    "6464": {
        "0": 1,
        "1": 9,
        "2": 76,
        "3": 664,
        "4": 5824,
        "5": 18379,
        "6": 38278
    },
    "6465": {
        "0": 1,
        "1": 10,
        "2": 85,
        "3": 755,
        "4": 6729,
        "5": 27259,
        "6": 78570
    },
    "6466": {
        "0": 1,
        "1": 9,
        "2": 75,
        "3": 643,
        "4": 5542,
        "5": 15229,
        "6": 28275
    },
    "6467": {
        "0": 1,
        "1": 10,
        "2": 89,
        "3": 790,
        "4": 6957,
        "5": 28088,
        "6": 69717
    },
    "6468": {
        "0": 1,
        "1": 11,
        "2": 95,
        "3": 843,
        "4": 7480,
        "5": 33605,
        "6": 97048
    },
    "6469": {
        "0": 1,
        "1": 11,
        "2": 93,
        "3": 780,
        "4": 6580,
        "5": 23091,
        "6": 46896
    },
    "6470": {
        "0": 1,
        "1": 11,
        "2": 92,
        "3": 784,
        "4": 6766,
        "5": 26006,
        "6": 58988
    },
    "6471": {
        "0": 1,
        "1": 8,
        "2": 69,
        "3": 602,
        "4": 5248,
        "5": 12993,
        "6": 22844
    },
    "6472": {
        "0": 1,
        "1": 10,
        "2": 81,
        "3": 659,
        "4": 5394,
        "5": 11683,
        "6": 19768
    },
    "6473": {
        "0": 1,
        "1": 12,
        "2": 104,
        "3": 887,
        "4": 7568,
        "5": 31986,
        "6": 84006
    },
    "6474": {
        "0": 1,
        "1": 12,
        "2": 103,
        "3": 867,
        "4": 7338,
        "5": 29886,
        "6": 79840
    },
    "6475": {
        "0": 1,
        "1": 12,
        "2": 101,
        "3": 852,
        "4": 7235,
        "5": 29120,
        "6": 70645
    },
    "6476": {
        "0": 1,
        "1": 12,
        "2": 107,
        "3": 929,
        "4": 8046,
        "5": 37197,
        "6": 107670
    },
    "6477": {
        "0": 1,
        "1": 11,
        "2": 95,
        "3": 818,
        "4": 7065,
        "5": 28342,
        "6": 72935
    },
    "6478": {
        "0": 1,
        "1": 9,
        "2": 75,
        "3": 637,
        "4": 5442,
        "5": 13983,
        "6": 24587
    },
    "6479": {
        "0": 1,
        "1": 11,
        "2": 94,
        "3": 805,
        "4": 6967,
        "5": 27943,
        "6": 74856
    },
    "6480": {
        "0": 1,
        "1": 10,
        "2": 86,
        "3": 748,
        "4": 6550,
        "5": 24836,
        "6": 68728
    },
    "6481": {
        "0": 1,
        "1": 11,
        "2": 95,
        "3": 808,
        "4": 6863,
        "5": 25627,
        "6": 60483
    },
    "6482": {
        "0": 1,
        "1": 8,
        "2": 70,
        "3": 603,
        "4": 5217,
        "5": 12466,
        "6": 21934
    },
    "6483": {
        "0": 1,
        "1": 12,
        "2": 106,
        "3": 913,
        "4": 7868,
        "5": 35085,
        "6": 96825
    },
    "6484": {
        "0": 1,
        "1": 10,
        "2": 86,
        "3": 747,
        "4": 6481,
        "5": 23491,
        "6": 56501
    },
    "6485": {
        "0": 1,
        "1": 11,
        "2": 100,
        "3": 872,
        "4": 7542,
        "5": 32410,
        "6": 93939
    },
    "6486": {
        "0": 1,
        "1": 10,
        "2": 82,
        "3": 690,
        "4": 5892,
        "5": 18060,
        "6": 35860
    },
    "6487": {
        "0": 1,
        "1": 11,
        "2": 96,
        "3": 837,
        "4": 7353,
        "5": 32126,
        "6": 88198
    },
    "6488": {
        "0": 1,
        "1": 10,
        "2": 85,
        "3": 730,
        "4": 6326,
        "5": 22427,
        "6": 58418
    },
    "6489": {
        "0": 1,
        "1": 10,
        "2": 84,
        "3": 741,
        "4": 6542,
        "5": 25093,
        "6": 53183
    },
    "6490": {
        "0": 1,
        "1": 11,
        "2": 98,
        "3": 858,
        "4": 7537,
        "5": 33495,
        "6": 99811
    },
    "6491": {
        "0": 1,
        "1": 10,
        "2": 86,
        "3": 736,
        "4": 6293,
        "5": 21169,
        "6": 53185
    },
    "6492": {
        "0": 1,
        "1": 8,
        "2": 67,
        "3": 571,
        "4": 4919,
        "5": 9822,
        "6": 18058
    },
    "6493": {
        "0": 1,
        "1": 10,
        "2": 90,
        "3": 805,
        "4": 7147,
        "5": 30229,
        "6": 81192
    },
    "6494": {
        "0": 1,
        "1": 8,
        "2": 66,
        "3": 552,
        "4": 4652,
        "5": 6724,
        "6": 8013
    },
    "6495": {
        "0": 1,
        "1": 12,
        "2": 104,
        "3": 895,
        "4": 7690,
        "5": 33366,
        "6": 84097
    },
    "6496": {
        "0": 1,
        "1": 8,
        "2": 70,
        "3": 614,
        "4": 5416,
        "5": 14704,
        "6": 29629
    },
    "6497": {
        "0": 1,
        "1": 10,
        "2": 84,
        "3": 721,
        "4": 6210,
        "5": 20941,
        "6": 45090
    },
    "6498": {
        "0": 1,
        "1": 10,
        "2": 86,
        "3": 737,
        "4": 6357,
        "5": 22109,
        "6": 46541
    },
    "6499": {
        "0": 1,
        "1": 11,
        "2": 94,
        "3": 809,
        "4": 6988,
        "5": 27806,
        "6": 71427
    }
}