{
    "8600": {
        "0": 1,
        "1": 9,
        "2": 78,
        "3": 678,
        "4": 5974,
        "5": 20186,
        "6": 49313
    },
    "8601": {
        "0": 1,
        "1": 10,
        "2": 87,
        "3": 753,
        "4": 6533,
        "5": 24014,
        "6": 55825
    },
    "8602": {
        "0": 1,
        "1": 10,
        "2": 86,
        "3": 749,
        "4": 6484,
        "5": 23265,
        "6": 49045
    },
    "8603": {
        "0": 1,
        "1": 9,
        "2": 78,
        "3": 674,
        "4": 5823,
        "5": 17637,
        "6": 36727
    },
    "8604": {
        "0": 1,
        "1": 12,
        "2": 100,
        "3": 840,
        "4": 7075,
        "5": 27173,
        "6": 61098
    },
    "8605": {
        "0": 1,
        "1": 12,
        "2": 106,
        "3": 917,
        "4": 7918,
        "5": 35686,
        "6": 102674
    },
    "8606": {
        "0": 1,
        "1": 9,
        "2": 78,
        "3": 683,
        "4": 6004,
        "5": 20149,
        "6": 48332
    },
    "8607": {
        "0": 1,
        "1": 9,
        "2": 76,
        "3": 644,
        "4": 5544,
        "5": 15465,
        "6": 30718
    },
    "8608": {
        "0": 1,
        "1": 11,
        "2": 94,
        "3": 809,
        "4": 6953,
        "5": 27000,
        "6": 55524
    },
    "8609": {
        "0": 1,
        "1": 11,
        "2": 99,
        "3": 883,
        "4": 7858,
        "5": 36912,
        "6": 113516
    },
    "8610": {
        "0": 1,
        "1": 9,
        "2": 79,
        "3": 689,
        "4": 6035,
        "5": 20167,
        "6": 46032
    },
    "8611": {
        "0": 1,
        "1": 14,
        "2": 130,
        "3": 1154,
        "4": 10096,
        "5": 55402,
        "6": 195949
    },
    "8612": {
        "0": 1,
        "1": 11,
        "2": 96,
        "3": 841,
        "4": 7357,
        "5": 31742,
        "6": 91223
    },
    "8613": {
        "0": 1,
        "1": 12,
        "2": 106,
        "3": 920,
        "4": 7992,
        "5": 36745,
        "6": 100977
    },
    "8614": {
        "0": 1,
        "1": 11,
        "2": 101,
        "3": 893,
        "4": 7804,
        "5": 35113,
        "6": 100545
    },
    "8615": {
        "0": 1,
        "1": 11,
        "2": 92,
        "3": 788,
        "4": 6804,
        "5": 26289,
        "6": 66287
    },
    "8616": {
        "0": 1,
        "1": 11,
        "2": 95,
        "3": 818,
        "4": 7087,
        "5": 29014,
        "6": 78535
    },
    "8617": {
        "0": 1,
        "1": 9,
        "2": 78,
        "3": 667,
        "4": 5697,
        "5": 16011,
        "6": 36262
    },
    "8618": {
        "0": 1,
        "1": 12,
        "2": 100,
        "3": 835,
        "4": 7020,
        "5": 26722,
        "6": 61898
    },
    "8619": {
        "0": 1,
        "1": 10,
        "2": 85,
        "3": 722,
        "4": 6167,
        "5": 20020,
        "6": 43281
    },
    "8620": {
        "0": 1,
        "1": 8,
        "2": 69,
        "3": 591,
        "4": 5088,
        "5": 11156,
        "6": 17676
    },
    "8621": {
        "0": 1,
        "1": 11,
        "2": 102,
        "3": 938,
        "4": 8473,
        "5": 42853,
        "6": 151979
    },
    "8622": {
        "0": 1,
        "1": 12,
        "2": 103,
        "3": 882,
        "4": 7585,
        "5": 32588,
        "6": 87890
    },
    "8623": {
        "0": 1,
        "1": 9,
        "2": 76,
        "3": 665,
        "4": 5789,
        "5": 17448,
        "6": 38962
    },
    "8624": {
        "0": 1,
        "1": 12,
        "2": 106,
        "3": 923,
        "4": 8088,
        "5": 38367,
        "6": 114873
    },
    "8625": {
        "0": 1,
        "1": 11,
        "2": 97,
        "3": 855,
        "4": 7576,
        "5": 34701,
        "6": 99542
    },
    "8626": {
        "0": 1,
        "1": 13,
        "2": 119,
        "3": 1033,
        "4": 8883,
        "5": 43523,
        "6": 132402
    },
    "8627": {
        "0": 1,
        "1": 11,
        "2": 97,
        "3": 836,
        "4": 7236,
        "5": 30214,
        "6": 87807
    },
    "8628": {
        "0": 1,
        "1": 11,
        "2": 93,
        "3": 784,
        "4": 6657,
        "5": 24103,
        "6": 58508
    },
    "8629": {
        "0": 1,
        "1": 12,
        "2": 104,
        "3": 889,
        "4": 7623,
        "5": 32843,
        "6": 95754
    },
    "8630": {
        "0": 1,
        "1": 9,
        "2": 77,
        "3": 681,
        "4": 6018,
        "5": 20275,
        "6": 44304
    },
    "8631": {
        "0": 1,
        "1": 9,
        "2": 75,
        "3": 630,
        "4": 5359,
        "5": 13177,
        "6": 25015
    },
    "8632": {
        "0": 1,
        "1": 10,
        "2": 89,
        "3": 779,
        "4": 6772,
        "5": 26019,
        "6": 71784
    },
    "8633": {
        "0": 1,
        "1": 11,
        "2": 92,
        "3": 766,
        "4": 6451,
        "5": 21854,
        "6": 46856
    },
    "8634": {
        "0": 1,
        "1": 11,
        "2": 92,
        "3": 776,
        "4": 6576,
        "5": 23169,
        "6": 46469
    },
    "8635": {
        "0": 1,
        "1": 10,
        "2": 85,
        "3": 743,
        "4": 6493,
        "5": 23416,
        "6": 59067
    },
    "8636": {
        "0": 1,
        "1": 13,
        "2": 117,
        "3": 1012,
        "4": 8711,
        "5": 42309,
        "6": 126818
    },
    "8637": {
        "0": 1,
        "1": 12,
        "2": 106,
        "3": 893,
        "4": 7513,
        "5": 30678,
        "6": 76771
    },
    "8638": {
        "0": 1,
        "1": 11,
        "2": 93,
        "3": 800,
        "4": 6878,
        "5": 26122,
        "6": 62046
    },
    "8639": {
        "0": 1,
        "1": 11,
        "2": 97,
        "3": 848,
        "4": 7336,
        "5": 30527,
        "6": 78934
    },
    "8640": {
        "0": 1,
        "1": 13,
        "2": 118,
        "3": 1036,
        "4": 9098,
        "5": 46905,
        "6": 154766
    },
    "8641": {
        "0": 1,
        "1": 10,
        "2": 84,
        "3": 726,
        "4": 6291,
        "5": 21736,
        "6": 48091
    },
    "8642": {
        "0": 1,
        "1": 8,
        "2": 69,
        "3": 596,
        "4": 5164,
        "5": 12064,
        "6": 22061
    },
    "8643": {
        "0": 1,
        "1": 11,
        "2": 97,
        "3": 858,
        "4": 7588,
        "5": 34238,
        "6": 92353
    },
    "8644": {
        "0": 1,
        "1": 10,
        "2": 85,
        "3": 733,
        "4": 6415,
        "5": 23606,
        "6": 59755
    },
    "8645": {
        "0": 1,
        "1": 10,
        "2": 87,
        "3": 762,
        "4": 6707,
        "5": 26501,
        "6": 65862
    },
    "8646": {
        "0": 1,
        "1": 11,
        "2": 94,
        "3": 828,
        "4": 7266,
        "5": 30769,
        "6": 77890
    },
    "8647": {
        "0": 1,
        "1": 9,
        "2": 79,
        "3": 692,
        "4": 6067,
        "5": 20461,
        "6": 48060
    },
    "8648": {
        "0": 1,
        "1": 14,
        "2": 123,
        "3": 1045,
        "4": 8926,
        "5": 43869,
        "6": 129509
    },
    "8649": {
        "0": 1,
        "1": 13,
        "2": 118,
        "3": 1022,
        "4": 8853,
        "5": 44174,
        "6": 143580
    },
    "8650": {
        "0": 1,
        "1": 11,
        "2": 92,
        "3": 798,
        "4": 6919,
        "5": 27341,
        "6": 71545
    },
    "8651": {
        "0": 1,
        "1": 9,
        "2": 81,
        "3": 726,
        "4": 6515,
        "5": 25534,
        "6": 64792
    },
    "8652": {
        "0": 1,
        "1": 11,
        "2": 96,
        "3": 826,
        "4": 7116,
        "5": 28597,
        "6": 69848
    },
    "8653": {
        "0": 1,
        "1": 10,
        "2": 86,
        "3": 749,
        "4": 6482,
        "5": 23058,
        "6": 50628
    },
    "8654": {
        "0": 1,
        "1": 11,
        "2": 96,
        "3": 826,
        "4": 7146,
        "5": 29009,
        "6": 74210
    },
    "8655": {
        "0": 1,
        "1": 12,
        "2": 106,
        "3": 938,
        "4": 8254,
        "5": 39634,
        "6": 117113
    },
    "8656": {
        "0": 1,
        "1": 11,
        "2": 95,
        "3": 818,
        "4": 7037,
        "5": 27869,
        "6": 71781
    },
    "8657": {
        "0": 1,
        "1": 9,
        "2": 76,
        "3": 649,
        "4": 5580,
        "5": 15522,
        "6": 31186
    },
    "8658": {
        "0": 1,
        "1": 9,
        "2": 77,
        "3": 679,
        "4": 5974,
        "5": 19384,
        "6": 43171
    },
    "8659": {
        "0": 1,
        "1": 9,
        "2": 76,
        "3": 646,
        "4": 5595,
        "5": 16199,
        "6": 29922
    },
    "8660": {
        "0": 1,
        "1": 9,
        "2": 77,
        "3": 668,
        "4": 5873,
        "5": 19323,
        "6": 41782
    },
    "8661": {
        "0": 1,
        "1": 14,
        "2": 123,
        "3": 1035,
        "4": 8806,
        "5": 43023,
        "6": 134731
    },
    "8662": {
        "0": 1,
        "1": 12,
        "2": 104,
        "3": 906,
        "4": 7921,
        "5": 36637,
        "6": 107971
    },
    "8663": {
        "0": 1,
        "1": 11,
        "2": 94,
        "3": 793,
        "4": 6739,
        "5": 24758,
        "6": 62905
    },
    "8664": {
        "0": 1,
        "1": 13,
        "2": 113,
        "3": 966,
        "4": 8349,
        "5": 39598,
        "6": 120614
    },
    "8665": {
        "0": 1,
        "1": 9,
        "2": 77,
        "3": 665,
        "4": 5769,
        "5": 17404,
        "6": 31762
    },
    "8666": {
        "0": 1,
        "1": 10,
        "2": 88,
        "3": 789,
        "4": 7084,
        "5": 30876,
        "6": 91630
    },
    "8667": {
        "0": 1,
        "1": 11,
        "2": 99,
        "3": 863,
        "4": 7472,
        "5": 31987,
        "6": 91194
    },
    "8668": {
        "0": 1,
        "1": 11,
        "2": 100,
        "3": 876,
        "4": 7626,
        "5": 33364,
        "6": 94111
    },
    "8669": {
        "0": 1,
        "1": 9,
        "2": 78,
        "3": 680,
        "4": 5953,
        "5": 19058,
        "6": 43143
    },
    "8670": {
        "0": 1,
        "1": 13,
        "2": 113,
        "3": 962,
        "4": 8238,
        "5": 38051,
        "6": 101925
    },
    "8671": {
        "0": 1,
        "1": 9,
        "2": 74,
        "3": 630,
        "4": 5372,
        "5": 13318,
        "6": 22987
    },
    "8672": {
        "0": 1,
        "1": 12,
        "2": 103,
        "3": 884,
        "4": 7600,
        "5": 32594,
        "6": 78497
    },
    "8673": {
        "0": 1,
        "1": 8,
        "2": 71,
        "3": 630,
        "4": 5579,
        "5": 16576,
        "6": 34065
    },
    "8674": {
        "0": 1,
        "1": 13,
        "2": 109,
        "3": 907,
        "4": 7645,
        "5": 32015,
        "6": 83275
    },
    "8675": {
        "0": 1,
        "1": 9,
        "2": 79,
        "3": 689,
        "4": 5983,
        "5": 19006,
        "6": 39441
    },
    "8676": {
        "0": 1,
        "1": 9,
        "2": 75,
        "3": 627,
        "4": 5279,
        "5": 11947,
        "6": 21597
    },
    "8677": {
        "0": 1,
        "1": 12,
        "2": 111,
        "3": 986,
        "4": 8636,
        "5": 42192,
        "6": 136524
    },
    "8678": {
        "0": 1,
        "1": 9,
        "2": 75,
        "3": 652,
        "4": 5666,
        "5": 16185,
        "6": 31110
    },
    "8679": {
        "0": 1,
        "1": 11,
        "2": 97,
        "3": 838,
        "4": 7245,
        "5": 29937,
        "6": 84718
    },
    "8680": {
        "0": 1,
        "1": 11,
        "2": 95,
        "3": 814,
        "4": 6958,
        "5": 26850,
        "6": 68316
    },
    "8681": {
        "0": 1,
        "1": 9,
        "2": 85,
        "3": 767,
        "4": 6854,
        "5": 28218,
        "6": 79481
    },
    "8682": {
        "0": 1,
        "1": 13,
        "2": 122,
        "3": 1089,
        "4": 9561,
        "5": 50769,
        "6": 174628
    },
    "8683": {
        "0": 1,
        "1": 10,
        "2": 88,
        "3": 794,
        "4": 7082,
        "5": 29585,
        "6": 81302
    },
    "8684": {
        "0": 1,
        "1": 12,
        "2": 106,
        "3": 919,
        "4": 7946,
        "5": 36007,
        "6": 100604
    },
    "8685": {
        "0": 1,
        "1": 12,
        "2": 105,
        "3": 915,
        "4": 8051,
        "5": 38416,
        "6": 112827
    },
    "8686": {
        "0": 1,
        "1": 11,
        "2": 98,
        "3": 860,
        "4": 7515,
        "5": 32818,
        "6": 86231
    },
    "8687": {
        "0": 1,
        "1": 10,
        "2": 88,
        "3": 780,
        "4": 6868,
        "5": 27479,
        "6": 66823
    },
    "8688": {
        "0": 1,
        "1": 9,
        "2": 77,
        "3": 659,
        "4": 5669,
        "5": 16140,
        "6": 30930
    },
    "8689": {
        "0": 1,
        "1": 11,
        "2": 94,
        "3": 804,
        "4": 6905,
        "5": 26972,
        "6": 70495
    },
    "8690": {
        "0": 1,
        "1": 12,
        "2": 100,
        "3": 843,
        "4": 7170,
        "5": 28670,
        "6": 73989
    },
    "8691": {
        "0": 1,
        "1": 12,
        "2": 107,
        "3": 918,
        "4": 7848,
        "5": 34497,
        "6": 97832
    },
    "8692": {
        "0": 1,
        "1": 11,
        "2": 91,
        "3": 773,
        "4": 6614,
        "5": 24170,
        "6": 49174
    },
    "8693": {
        "0": 1,
        "1": 12,
        "2": 108,
        "3": 959,
        "4": 8494,
        "5": 42256,
        "6": 130911
    },
    "8694": {
        "0": 1,
        "1": 11,
        "2": 94,
        "3": 809,
        "4": 7041,
        "5": 28979,
        "6": 77503
    },
    "8695": {
        "0": 1,
        "1": 11,
        "2": 98,
        "3": 855,
        "4": 7467,
        "5": 32599,
        "6": 102659
    },
    "8696": {
        "0": 1,
        "1": 11,
        "2": 94,
        "3": 824,
        "4": 7172,
        "5": 29277,
        "6": 76029
    },
    "8697": {
        "0": 1,
        "1": 11,
        "2": 92,
        "3": 776,
        "4": 6647,
        "5": 24737,
        "6": 58059
    },
    "8698": {
        "0": 1,
        "1": 9,
        "2": 79,
        "3": 682,
        "4": 5952,
        "5": 19494,
        "6": 43311
    },
    "8699": {
        "0": 1,
        "1": 13,
        "2": 113,
        "3": 934,
        "4": 7744,
        "5": 31967,
        "6": 81408
    }
}