{
    "18200": {
        "0": 1,
        "1": 15,
        "2": 135,
        "3": 1150,
        "4": 9873,
        "5": 52395,
        "6": 170299
    },
    "18201": {
        "0": 1,
        "1": 10,
        "2": 87,
        "3": 759,
        "4": 6633,
        "5": 25270,
        "6": 61212
    },
    "18202": {
        "0": 1,
        "1": 11,
        "2": 99,
        "3": 884,
        "4": 7851,
        "5": 36907,
        "6": 102501
    },
    "18203": {
        "0": 1,
        "1": 10,
        "2": 88,
        "3": 765,
        "4": 6669,
        "5": 25395,
        "6": 65246
    },
    "18204": {
        "0": 1,
        "1": 11,
        "2": 100,
        "3": 894,
        "4": 7912,
        "5": 36773,
        "6": 111600
    },
    "18205": {
        "0": 1,
        "1": 12,
        "2": 107,
        "3": 933,
        "4": 8118,
        "5": 37884,
        "6": 114861
    },
    "18206": {
        "0": 1,
        "1": 12,
        "2": 102,
        "3": 872,
        "4": 7532,
        "5": 32810,
        "6": 83937
    },
    "18207": {
        "0": 1,
        "1": 10,
        "2": 86,
        "3": 745,
        "4": 6456,
        "5": 23360,
        "6": 54126
    },
    "18208": {
        "0": 1,
        "1": 9,
        "2": 75,
        "3": 644,
        "4": 5561,
        "5": 15418,
        "6": 30131
    },
    "18209": {
        "0": 1,
        "1": 11,
        "2": 94,
        "3": 824,
        "4": 7231,
        "5": 30647,
        "6": 76949
    },
    "18210": {
        "0": 1,
        "1": 10,
        "2": 85,
        "3": 742,
        "4": 6492,
        "5": 24113,
        "6": 55417
    },
    "18211": {
        "0": 1,
        "1": 11,
        "2": 96,
        "3": 833,
        "4": 7253,
        "5": 30507,
        "6": 80746
    },
    "18212": {
        "0": 1,
        "1": 9,
        "2": 79,
        "3": 682,
        "4": 5885,
        "5": 18074,
        "6": 40726
    },
    "18213": {
        "0": 1,
        "1": 10,
        "2": 85,
        "3": 744,
        "4": 6556,
        "5": 25272,
        "6": 59665
    },
    "18214": {
        "0": 1,
        "1": 10,
        "2": 86,
        "3": 751,
        "4": 6565,
        "5": 24807,
        "6": 64097
    },
    "18215": {
        "0": 1,
        "1": 9,
        "2": 78,
        "3": 673,
        "4": 5794,
        "5": 16955,
        "6": 32420
    },
    "18216": {
        "0": 1,
        "1": 12,
        "2": 99,
        "3": 848,
        "4": 7301,
        "5": 30046,
        "6": 70893
    },
    "18217": {
        "0": 1,
        "1": 12,
        "2": 110,
        "3": 980,
        "4": 8666,
        "5": 43875,
        "6": 149624
    },
    "18218": {
        "0": 1,
        "1": 10,
        "2": 88,
        "3": 769,
        "4": 6687,
        "5": 25370,
        "6": 61898
    },
    "18219": {
        "0": 1,
        "1": 9,
        "2": 78,
        "3": 691,
        "4": 6114,
        "5": 21202,
        "6": 48320
    },
    "18220": {
        "0": 1,
        "1": 11,
        "2": 94,
        "3": 810,
        "4": 7027,
        "5": 28548,
        "6": 72223
    },
    "18221": {
        "0": 1,
        "1": 10,
        "2": 90,
        "3": 806,
        "4": 7178,
        "5": 30949,
        "6": 90445
    },
    "18222": {
        "0": 1,
        "1": 12,
        "2": 103,
        "3": 871,
        "4": 7378,
        "5": 29990,
        "6": 74645
    },
    "18223": {
        "0": 1,
        "1": 10,
        "2": 84,
        "3": 709,
        "4": 6033,
        "5": 19019,
        "6": 40469
    },
    "18224": {
        "0": 1,
        "1": 11,
        "2": 95,
        "3": 836,
        "4": 7344,
        "5": 31854,
        "6": 83332
    },
    "18225": {
        "0": 1,
        "1": 10,
        "2": 90,
        "3": 801,
        "4": 7043,
        "5": 28882,
        "6": 80254
    },
    "18226": {
        "0": 1,
        "1": 10,
        "2": 86,
        "3": 745,
        "4": 6474,
        "5": 23570,
        "6": 51338
    },
    "18227": {
        "0": 1,
        "1": 13,
        "2": 114,
        "3": 976,
        "4": 8402,
        "5": 40019,
        "6": 113597
    },
    "18228": {
        "0": 1,
        "1": 10,
        "2": 86,
        "3": 752,
        "4": 6537,
        "5": 23889,
        "6": 58121
    },
    "18229": {
        "0": 1,
        "1": 10,
        "2": 89,
        "3": 797,
        "4": 7119,
        "5": 30466,
        "6": 83775
    },
    "18230": {
        "0": 1,
        "1": 9,
        "2": 79,
        "3": 698,
        "4": 6213,
        "5": 22718,
        "6": 59941
    },
    "18231": {
        "0": 1,
        "1": 10,
        "2": 85,
        "3": 727,
        "4": 6232,
        "5": 20806,
        "6": 45824
    },
    "18232": {
        "0": 1,
        "1": 12,
        "2": 107,
        "3": 946,
        "4": 8386,
        "5": 41476,
        "6": 139257
    },
    "18233": {
        "0": 1,
        "1": 10,
        "2": 82,
        "3": 698,
        "4": 6031,
        "5": 19947,
        "6": 46192
    },
    "18234": {
        "0": 1,
        "1": 10,
        "2": 85,
        "3": 732,
        "4": 6307,
        "5": 21416,
        "6": 44209
    },
    "18235": {
        "0": 1,
        "1": 11,
        "2": 97,
        "3": 866,
        "4": 7746,
        "5": 36207,
        "6": 97899
    },
    "18236": {
        "0": 1,
        "1": 8,
        "2": 69,
        "3": 593,
        "4": 5125,
        "5": 11794,
        "6": 23273
    },
    "18237": {
        "0": 1,
        "1": 12,
        "2": 108,
        "3": 939,
        "4": 8146,
        "5": 38037,
        "6": 109532
    },
    "18238": {
        "0": 1,
        "1": 10,
        "2": 83,
        "3": 707,
        "4": 6074,
        "5": 19636,
        "6": 44937
    },
    "18239": {
        "0": 1,
        "1": 10,
        "2": 84,
        "3": 722,
        "4": 6258,
        "5": 21443,
        "6": 49434
    },
    "18240": {
        "0": 1,
        "1": 12,
        "2": 107,
        "3": 944,
        "4": 8277,
        "5": 39365,
        "6": 117366
    },
    "18241": {
        "0": 1,
        "1": 11,
        "2": 93,
        "3": 798,
        "4": 6853,
        "5": 26143,
        "6": 61873
    },
    "18242": {
        "0": 1,
        "1": 13,
        "2": 116,
        "3": 1017,
        "4": 8937,
        "5": 45563,
        "6": 144708
    },
    "18243": {
        "0": 1,
        "1": 12,
        "2": 104,
        "3": 893,
        "4": 7654,
        "5": 32859,
        "6": 86124
    },
    "18244": {
        "0": 1,
        "1": 8,
        "2": 70,
        "3": 613,
        "4": 5339,
        "5": 13524,
        "6": 24782
    },
    "18245": {
        "0": 1,
        "1": 9,
        "2": 76,
        "3": 647,
        "4": 5567,
        "5": 15454,
        "6": 33334
    },
    "18246": {
        "0": 1,
        "1": 12,
        "2": 107,
        "3": 920,
        "4": 7859,
        "5": 34332,
        "6": 98960
    },
    "18247": {
        "0": 1,
        "1": 11,
        "2": 94,
        "3": 810,
        "4": 7023,
        "5": 28488,
        "6": 79584
    },
    "18248": {
        "0": 1,
        "1": 12,
        "2": 105,
        "3": 901,
        "4": 7743,
        "5": 33927,
        "6": 93547
    },
    "18249": {
        "0": 1,
        "1": 12,
        "2": 106,
        "3": 917,
        "4": 7967,
        "5": 36699,
        "6": 113803
    },
    "18250": {
        "0": 1,
        "1": 9,
        "2": 75,
        "3": 642,
        "4": 5517,
        "5": 14885,
        "6": 26851
    },
    "18251": {
        "0": 1,
        "1": 10,
        "2": 91,
        "3": 809,
        "4": 7146,
        "5": 30033,
        "6": 81672
    },
    "18252": {
        "0": 1,
        "1": 8,
        "2": 67,
        "3": 566,
        "4": 4830,
        "5": 8814,
        "6": 15333
    },
    "18253": {
        "0": 1,
        "1": 10,
        "2": 86,
        "3": 731,
        "4": 6266,
        "5": 21314,
        "6": 48315
    },
    "18254": {
        "0": 1,
        "1": 13,
        "2": 116,
        "3": 995,
        "4": 8558,
        "5": 41205,
        "6": 122492
    },
    "18255": {
        "0": 1,
        "1": 10,
        "2": 85,
        "3": 740,
        "4": 6396,
        "5": 22318,
        "6": 55704
    },
    "18256": {
        "0": 1,
        "1": 11,
        "2": 91,
        "3": 758,
        "4": 6351,
        "5": 20476,
        "6": 42635
    },
    "18257": {
        "0": 1,
        "1": 12,
        "2": 107,
        "3": 937,
        "4": 8123,
        "5": 37279,
        "6": 114804
    },
    "18258": {
        "0": 1,
        "1": 11,
        "2": 94,
        "3": 807,
        "4": 6977,
        "5": 27705,
        "6": 74073
    },
    "18259": {
        "0": 1,
        "1": 13,
        "2": 117,
        "3": 1005,
        "4": 8575,
        "5": 40830,
        "6": 134370
    },
    "18260": {
        "0": 1,
        "1": 8,
        "2": 69,
        "3": 603,
        "4": 5296,
        "5": 13929,
        "6": 27957
    },
    "18261": {
        "0": 1,
        "1": 13,
        "2": 122,
        "3": 1092,
        "4": 9677,
        "5": 52789,
        "6": 187032
    },
    "18262": {
        "0": 1,
        "1": 8,
        "2": 74,
        "3": 669,
        "4": 6011,
        "5": 20703,
        "6": 49403
    },
    "18263": {
        "0": 1,
        "1": 10,
        "2": 90,
        "3": 806,
        "4": 7154,
        "5": 30353,
        "6": 82262
    },
    "18264": {
        "0": 1,
        "1": 10,
        "2": 85,
        "3": 725,
        "4": 6225,
        "5": 20928,
        "6": 43230
    },
    "18265": {
        "0": 1,
        "1": 11,
        "2": 96,
        "3": 838,
        "4": 7285,
        "5": 30533,
        "6": 80245
    },
    "18266": {
        "0": 1,
        "1": 12,
        "2": 103,
        "3": 867,
        "4": 7346,
        "5": 29862,
        "6": 80513
    },
    "18267": {
        "0": 1,
        "1": 11,
        "2": 97,
        "3": 853,
        "4": 7537,
        "5": 34244,
        "6": 101631
    },
    "18268": {
        "0": 1,
        "1": 14,
        "2": 128,
        "3": 1096,
        "4": 9259,
        "5": 45565,
        "6": 141033
    },
    "18269": {
        "0": 1,
        "1": 9,
        "2": 78,
        "3": 671,
        "4": 5789,
        "5": 17358,
        "6": 31681
    },
    "18270": {
        "0": 1,
        "1": 12,
        "2": 102,
        "3": 864,
        "4": 7363,
        "5": 30423,
        "6": 80363
    },
    "18271": {
        "0": 1,
        "1": 11,
        "2": 97,
        "3": 844,
        "4": 7253,
        "5": 29662,
        "6": 80993
    },
    "18272": {
        "0": 1,
        "1": 11,
        "2": 100,
        "3": 900,
        "4": 8009,
        "5": 38089,
        "6": 116530
    },
    "18273": {
        "0": 1,
        "1": 12,
        "2": 104,
        "3": 884,
        "4": 7559,
        "5": 32119,
        "6": 80509
    },
    "18274": {
        "0": 1,
        "1": 11,
        "2": 92,
        "3": 786,
        "4": 6796,
        "5": 26287,
        "6": 64663
    },
    "18275": {
        "0": 1,
        "1": 12,
        "2": 105,
        "3": 891,
        "4": 7560,
        "5": 31614,
        "6": 82565
    },
    "18276": {
        "0": 1,
        "1": 9,
        "2": 79,
        "3": 682,
        "4": 5913,
        "5": 18614,
        "6": 38142
    },
    "18277": {
        "0": 1,
        "1": 11,
        "2": 97,
        "3": 849,
        "4": 7432,
        "5": 31939,
        "6": 81016
    },
    "18278": {
        "0": 1,
        "1": 9,
        "2": 75,
        "3": 627,
        "4": 5295,
        "5": 12374,
        "6": 22685
    },
    "18279": {
        "0": 1,
        "1": 10,
        "2": 86,
        "3": 757,
        "4": 6661,
        "5": 25685,
        "6": 62353
    },
    "18280": {
        "0": 1,
        "1": 10,
        "2": 88,
        "3": 754,
        "4": 6493,
        "5": 23317,
        "6": 50578
    },
    "18281": {
        "0": 1,
        "1": 10,
        "2": 83,
        "3": 702,
        "4": 5941,
        "5": 17859,
        "6": 33915
    },
    "18282": {
        "0": 1,
        "1": 12,
        "2": 103,
        "3": 889,
        "4": 7757,
        "5": 35350,
        "6": 99341
    },
    "18283": {
        "0": 1,
        "1": 9,
        "2": 78,
        "3": 684,
        "4": 6026,
        "5": 20448,
        "6": 49480
    },
    "18284": {
        "0": 1,
        "1": 11,
        "2": 94,
        "3": 807,
        "4": 6943,
        "5": 27247,
        "6": 65567
    },
    "18285": {
        "0": 1,
        "1": 10,
        "2": 86,
        "3": 753,
        "4": 6605,
        "5": 25276,
        "6": 61684
    },
    "18286": {
        "0": 1,
        "1": 11,
        "2": 94,
        "3": 802,
        "4": 6902,
        "5": 27165,
        "6": 66136
    },
    "18287": {
        "0": 1,
        "1": 11,
        "2": 101,
        "3": 880,
        "4": 7661,
        "5": 33948,
        "6": 96221
    },
    "18288": {
        "0": 1,
        "1": 12,
        "2": 104,
        "3": 886,
        "4": 7525,
        "5": 31333,
        "6": 82132
    },
    "18289": {
        "0": 1,
        "1": 12,
        "2": 99,
        "3": 828,
        "4": 7020,
        "5": 27139,
        "6": 62099
    },
    "18290": {
        "0": 1,
        "1": 10,
        "2": 89,
        "3": 793,
        "4": 7066,
        "5": 29441,
        "6": 82260
    },
    "18291": {
        "0": 1,
        "1": 10,
        "2": 82,
        "3": 689,
        "4": 5831,
        "5": 17008,
        "6": 35091
    },
    "18292": {
        "0": 1,
        "1": 10,
        "2": 86,
        "3": 747,
        "4": 6467,
        "5": 23257,
        "6": 55996
    },
    "18293": {
        "0": 1,
        "1": 12,
        "2": 101,
        "3": 854,
        "4": 7318,
        "5": 30484,
        "6": 81595
    },
    "18294": {
        "0": 1,
        "1": 12,
        "2": 107,
        "3": 930,
        "4": 8051,
        "5": 37050,
        "6": 113772
    },
    "18295": {
        "0": 1,
        "1": 10,
        "2": 87,
        "3": 760,
        "4": 6655,
        "5": 25589,
        "6": 67061
    },
    "18296": {
        "0": 1,
        "1": 12,
        "2": 102,
        "3": 882,
        "4": 7690,
        "5": 34173,
        "6": 88474
    },
    "18297": {
        "0": 1,
        "1": 12,
        "2": 109,
        "3": 951,
        "4": 8229,
        "5": 38030,
        "6": 109144
    },
    "18298": {
        "0": 1,
        "1": 12,
        "2": 104,
        "3": 879,
        "4": 7467,
        "5": 31089,
        "6": 75254
    },
    "18299": {
        "0": 1,
        "1": 8,
        "2": 69,
        "3": 600,
        "4": 5261,
        "5": 13594,
        "6": 28669
    }
}