{
    "26700": {
        "0": 1,
        "1": 9,
        "2": 75,
        "3": 640,
        "4": 5493,
        "5": 14836,
        "6": 36881
    },
    "26701": {
        "0": 1,
        "1": 9,
        "2": 83,
        "3": 760,
        "4": 6868,
        "5": 28829,
        "6": 80279
    },
    "26702": {
        "0": 1,
        "1": 12,
        "2": 102,
        "3": 873,
        "4": 7531,
        "5": 32468,
        "6": 91623
    },
    "26703": {
        "0": 1,
        "1": 10,
        "2": 83,
        "3": 718,
        "4": 6209,
        "5": 20759,
        "6": 45122
    },
    "26704": {
        "0": 1,
        "1": 10,
        "2": 88,
        "3": 772,
        "4": 6786,
        "5": 27032,
        "6": 70426
    },
    "26705": {
        "0": 1,
        "1": 11,
        "2": 101,
        "3": 899,
        "4": 7930,
        "5": 36725,
        "6": 115231
    },
    "26706": {
        "0": 1,
        "1": 9,
        "2": 73,
        "3": 619,
        "4": 5326,
        "5": 13523,
        "6": 25301
    },
    "26707": {
        "0": 1,
        "1": 12,
        "2": 103,
        "3": 868,
        "4": 7376,
        "5": 30370,
        "6": 80664
    },
    "26708": {
        "0": 1,
        "1": 9,
        "2": 79,
        "3": 705,
        "4": 6273,
        "5": 22971,
        "6": 52165
    },
    "26709": {
        "0": 1,
        "1": 10,
        "2": 84,
        "3": 717,
        "4": 6143,
        "5": 20071,
        "6": 42609
    },
    "26710": {
        "0": 1,
        "1": 10,
        "2": 79,
        "3": 654,
        "4": 5449,
        "5": 12967,
        "6": 16781
    },
    "26711": {
        "0": 1,
        "1": 10,
        "2": 86,
        "3": 738,
        "4": 6370,
        "5": 22401,
        "6": 57640
    },
    "26712": {
        "0": 1,
        "1": 11,
        "2": 92,
        "3": 798,
        "4": 6996,
        "5": 28957,
        "6": 77439
    },
    "26713": {
        "0": 1,
        "1": 9,
        "2": 75,
        "3": 633,
        "4": 5360,
        "5": 12885,
        "6": 15283
    },
    "26714": {
        "0": 1,
        "1": 9,
        "2": 80,
        "3": 695,
        "4": 6064,
        "5": 19819,
        "6": 44325
    },
    "26715": {
        "0": 1,
        "1": 10,
        "2": 86,
        "3": 738,
        "4": 6350,
        "5": 22053,
        "6": 47152
    },
    "26716": {
        "0": 1,
        "1": 9,
        "2": 82,
        "3": 745,
        "4": 6735,
        "5": 28034,
        "6": 76804
    },
    "26717": {
        "0": 1,
        "1": 12,
        "2": 106,
        "3": 924,
        "4": 7983,
        "5": 35836,
        "6": 97570
    },
    "26718": {
        "0": 1,
        "1": 11,
        "2": 100,
        "3": 907,
        "4": 8146,
        "5": 39980,
        "6": 123796
    },
    "26719": {
        "0": 1,
        "1": 13,
        "2": 115,
        "3": 982,
        "4": 8413,
        "5": 39812,
        "6": 117296
    },
    "26720": {
        "0": 1,
        "1": 12,
        "2": 105,
        "3": 916,
        "4": 7994,
        "5": 37063,
        "6": 105119
    },
    "26721": {
        "0": 1,
        "1": 11,
        "2": 96,
        "3": 835,
        "4": 7315,
        "5": 31354,
        "6": 88312
    },
    "26722": {
        "0": 1,
        "1": 10,
        "2": 89,
        "3": 794,
        "4": 7071,
        "5": 30067,
        "6": 87208
    },
    "26723": {
        "0": 1,
        "1": 10,
        "2": 84,
        "3": 715,
        "4": 6150,
        "5": 20591,
        "6": 48657
    },
    "26724": {
        "0": 1,
        "1": 9,
        "2": 74,
        "3": 625,
        "4": 5345,
        "5": 13424,
        "6": 24657
    },
    "26725": {
        "0": 1,
        "1": 12,
        "2": 107,
        "3": 934,
        "4": 8095,
        "5": 36878,
        "6": 104907
    },
    "26726": {
        "0": 1,
        "1": 10,
        "2": 87,
        "3": 773,
        "4": 6882,
        "5": 28657,
        "6": 75564
    },
    "26727": {
        "0": 1,
        "1": 12,
        "2": 103,
        "3": 901,
        "4": 7894,
        "5": 36347,
        "6": 105445
    },
    "26728": {
        "0": 1,
        "1": 11,
        "2": 100,
        "3": 884,
        "4": 7770,
        "5": 35538,
        "6": 108678
    },
    "26729": {
        "0": 1,
        "1": 12,
        "2": 108,
        "3": 948,
        "4": 8204,
        "5": 37700,
        "6": 107987
    },
    "26730": {
        "0": 1,
        "1": 10,
        "2": 87,
        "3": 758,
        "4": 6576,
        "5": 24196,
        "6": 55522
    },
    "26731": {
        "0": 1,
        "1": 9,
        "2": 79,
        "3": 689,
        "4": 6013,
        "5": 19703,
        "6": 47697
    },
    "26732": {
        "0": 1,
        "1": 9,
        "2": 75,
        "3": 651,
        "4": 5732,
        "5": 18081,
        "6": 42973
    },
    "26733": {
        "0": 1,
        "1": 11,
        "2": 94,
        "3": 813,
        "4": 7012,
        "5": 27442,
        "6": 69090
    },
    "26734": {
        "0": 1,
        "1": 11,
        "2": 97,
        "3": 836,
        "4": 7193,
        "5": 29200,
        "6": 76492
    },
    "26735": {
        "0": 1,
        "1": 12,
        "2": 106,
        "3": 908,
        "4": 7792,
        "5": 34366,
        "6": 92042
    },
    "26736": {
        "0": 1,
        "1": 11,
        "2": 98,
        "3": 866,
        "4": 7631,
        "5": 34304,
        "6": 90007
    },
    "26737": {
        "0": 1,
        "1": 10,
        "2": 90,
        "3": 831,
        "4": 7550,
        "5": 35065,
        "6": 107595
    },
    "26738": {
        "0": 1,
        "1": 10,
        "2": 91,
        "3": 830,
        "4": 7529,
        "5": 35102,
        "6": 110060
    },
    "26739": {
        "0": 1,
        "1": 11,
        "2": 95,
        "3": 827,
        "4": 7218,
        "5": 30273,
        "6": 81485
    },
    "26740": {
        "0": 1,
        "1": 10,
        "2": 84,
        "3": 704,
        "4": 5963,
        "5": 17958,
        "6": 33818
    },
    "26741": {
        "0": 1,
        "1": 11,
        "2": 89,
        "3": 727,
        "4": 6042,
        "5": 18090,
        "6": 39896
    },
    "26742": {
        "0": 1,
        "1": 13,
        "2": 113,
        "3": 961,
        "4": 8227,
        "5": 37938,
        "6": 103961
    },
    "26743": {
        "0": 1,
        "1": 12,
        "2": 102,
        "3": 870,
        "4": 7484,
        "5": 31738,
        "6": 86069
    },
    "26744": {
        "0": 1,
        "1": 10,
        "2": 83,
        "3": 708,
        "4": 6100,
        "5": 20271,
        "6": 48701
    },
    "26745": {
        "0": 1,
        "1": 9,
        "2": 74,
        "3": 635,
        "4": 5508,
        "5": 15386,
        "6": 34802
    },
    "26746": {
        "0": 1,
        "1": 9,
        "2": 80,
        "3": 707,
        "4": 6246,
        "5": 22453,
        "6": 49187
    },
    "26747": {
        "0": 1,
        "1": 11,
        "2": 95,
        "3": 821,
        "4": 7153,
        "5": 29778,
        "6": 81399
    },
    "26748": {
        "0": 1,
        "1": 10,
        "2": 88,
        "3": 780,
        "4": 6872,
        "5": 27423,
        "6": 73498
    },
    "26749": {
        "0": 1,
        "1": 10,
        "2": 88,
        "3": 770,
        "4": 6790,
        "5": 27273,
        "6": 71303
    },
    "26750": {
        "0": 1,
        "1": 9,
        "2": 79,
        "3": 695,
        "4": 6084,
        "5": 19886,
        "6": 47486
    },
    "26751": {
        "0": 1,
        "1": 10,
        "2": 85,
        "3": 729,
        "4": 6286,
        "5": 21594,
        "6": 49113
    },
    "26752": {
        "0": 1,
        "1": 10,
        "2": 86,
        "3": 752,
        "4": 6607,
        "5": 25348,
        "6": 64346
    },
    "26753": {
        "0": 1,
        "1": 10,
        "2": 82,
        "3": 697,
        "4": 5973,
        "5": 18989,
        "6": 45964
    },
    "26754": {
        "0": 1,
        "1": 12,
        "2": 105,
        "3": 910,
        "4": 7898,
        "5": 35576,
        "6": 97351
    },
    "26755": {
        "0": 1,
        "1": 9,
        "2": 79,
        "3": 714,
        "4": 6437,
        "5": 25288,
        "6": 67859
    },
    "26756": {
        "0": 1,
        "1": 14,
        "2": 127,
        "3": 1094,
        "4": 9350,
        "5": 47327,
        "6": 146513
    },
    "26757": {
        "0": 1,
        "1": 10,
        "2": 85,
        "3": 734,
        "4": 6385,
        "5": 23059,
        "6": 53154
    },
    "26758": {
        "0": 1,
        "1": 14,
        "2": 130,
        "3": 1122,
        "4": 9579,
        "5": 49306,
        "6": 160635
    },
    "26759": {
        "0": 1,
        "1": 9,
        "2": 80,
        "3": 713,
        "4": 6353,
        "5": 23611,
        "6": 56786
    },
    "26760": {
        "0": 1,
        "1": 11,
        "2": 97,
        "3": 833,
        "4": 7132,
        "5": 28461,
        "6": 73988
    },
    "26761": {
        "0": 1,
        "1": 10,
        "2": 83,
        "3": 707,
        "4": 6089,
        "5": 19958,
        "6": 45689
    },
    "26762": {
        "0": 1,
        "1": 9,
        "2": 79,
        "3": 692,
        "4": 6058,
        "5": 20249,
        "6": 46575
    },
    "26763": {
        "0": 1,
        "1": 10,
        "2": 86,
        "3": 743,
        "4": 6438,
        "5": 23185,
        "6": 55441
    },
    "26764": {
        "0": 1,
        "1": 12,
        "2": 101,
        "3": 854,
        "4": 7351,
        "5": 31074,
        "6": 82769
    },
    "26765": {
        "0": 1,
        "1": 11,
        "2": 99,
        "3": 906,
        "4": 8189,
        "5": 40868,
        "6": 132896
    },
    "26766": {
        "0": 1,
        "1": 11,
        "2": 90,
        "3": 751,
        "4": 6349,
        "5": 21376,
        "6": 48812
    },
    "26767": {
        "0": 1,
        "1": 11,
        "2": 98,
        "3": 886,
        "4": 7918,
        "5": 37024,
        "6": 105270
    },
    "26768": {
        "0": 1,
        "1": 10,
        "2": 81,
        "3": 687,
        "4": 5894,
        "5": 18203,
        "6": 34455
    },
    "26769": {
        "0": 1,
        "1": 12,
        "2": 105,
        "3": 889,
        "4": 7563,
        "5": 32150,
        "6": 91334
    },
    "26770": {
        "0": 1,
        "1": 13,
        "2": 116,
        "3": 1011,
        "4": 8876,
        "5": 45904,
        "6": 149175
    },
    "26771": {
        "0": 1,
        "1": 9,
        "2": 77,
        "3": 665,
        "4": 5792,
        "5": 17952,
        "6": 42054
    },
    "26772": {
        "0": 1,
        "1": 11,
        "2": 103,
        "3": 963,
        "4": 8883,
        "5": 48380,
        "6": 174528
    },
    "26773": {
        "0": 1,
        "1": 12,
        "2": 104,
        "3": 878,
        "4": 7419,
        "5": 30346,
        "6": 75982
    },
    "26774": {
        "0": 1,
        "1": 10,
        "2": 85,
        "3": 734,
        "4": 6343,
        "5": 22174,
        "6": 51771
    },
    "26775": {
        "0": 1,
        "1": 8,
        "2": 71,
        "3": 627,
        "4": 5541,
        "5": 15933,
        "6": 32332
    },
    "26776": {
        "0": 1,
        "1": 12,
        "2": 103,
        "3": 879,
        "4": 7551,
        "5": 32018,
        "6": 86999
    },
    "26777": {
        "0": 1,
        "1": 11,
        "2": 101,
        "3": 901,
        "4": 7883,
        "5": 35525,
        "6": 105360
    },
    "26778": {
        "0": 1,
        "1": 10,
        "2": 88,
        "3": 767,
        "4": 6653,
        "5": 24807,
        "6": 57250
    },
    "26779": {
        "0": 1,
        "1": 10,
        "2": 85,
        "3": 737,
        "4": 6414,
        "5": 23234,
        "6": 54825
    },
    "26780": {
        "0": 1,
        "1": 10,
        "2": 83,
        "3": 716,
        "4": 6256,
        "5": 21846,
        "6": 47985
    },
    "26781": {
        "0": 1,
        "1": 13,
        "2": 116,
        "3": 1000,
        "4": 8584,
        "5": 41030,
        "6": 121551
    },
    "26782": {
        "0": 1,
        "1": 10,
        "2": 86,
        "3": 743,
        "4": 6488,
        "5": 24080,
        "6": 62467
    },
    "26783": {
        "0": 1,
        "1": 11,
        "2": 91,
        "3": 783,
        "4": 6788,
        "5": 25839,
        "6": 61493
    },
    "26784": {
        "0": 1,
        "1": 11,
        "2": 97,
        "3": 864,
        "4": 7634,
        "5": 34341,
        "6": 90292
    },
    "26785": {
        "0": 1,
        "1": 10,
        "2": 86,
        "3": 742,
        "4": 6418,
        "5": 22911,
        "6": 54926
    },
    "26786": {
        "0": 1,
        "1": 10,
        "2": 86,
        "3": 759,
        "4": 6649,
        "5": 25371,
        "6": 59455
    },
    "26787": {
        "0": 1,
        "1": 12,
        "2": 107,
        "3": 932,
        "4": 8114,
        "5": 38134,
        "6": 118588
    },
    "26788": {
        "0": 1,
        "1": 12,
        "2": 104,
        "3": 888,
        "4": 7580,
        "5": 32239,
        "6": 88872
    },
    "26789": {
        "0": 1,
        "1": 11,
        "2": 94,
        "3": 802,
        "4": 6929,
        "5": 27583,
        "6": 67373
    },
    "26790": {
        "0": 1,
        "1": 11,
        "2": 98,
        "3": 867,
        "4": 7626,
        "5": 34081,
        "6": 96328
    },
    "26791": {
        "0": 1,
        "1": 11,
        "2": 95,
        "3": 839,
        "4": 7368,
        "5": 31722,
        "6": 90985
    },
    "26792": {
        "0": 1,
        "1": 10,
        "2": 83,
        "3": 705,
        "4": 6051,
        "5": 19557,
        "6": 46497
    },
    "26793": {
        "0": 1,
        "1": 11,
        "2": 94,
        "3": 826,
        "4": 7250,
        "5": 30670,
        "6": 76658
    },
    "26794": {
        "0": 1,
        "1": 11,
        "2": 91,
        "3": 771,
        "4": 6574,
        "5": 23629,
        "6": 50900
    },
    "26795": {
        "0": 1,
        "1": 10,
        "2": 83,
        "3": 718,
        "4": 6219,
        "5": 21101,
        "6": 46108
    },
    "26796": {
        "0": 1,
        "1": 10,
        "2": 86,
        "3": 749,
        "4": 6553,
        "5": 24835,
        "6": 62369
    },
    "26797": {
        "0": 1,
        "1": 11,
        "2": 91,
        "3": 795,
        "4": 6929,
        "5": 27775,
        "6": 60146
    },
    "26798": {
        "0": 1,
        "1": 14,
        "2": 126,
        "3": 1075,
        "4": 9115,
        "5": 44698,
        "6": 137772
    },
    "26799": {
        "0": 1,
        "1": 11,
        "2": 92,
        "3": 761,
        "4": 6345,
        "5": 20671,
        "6": 46312
    }
}