{
    "3100": {
        "0": 1,
        "1": 11,
        "2": 96,
        "3": 832,
        "4": 7237,
        "5": 30290,
        "6": 83690
    },
    "3101": {
        "0": 1,
        "1": 11,
        "2": 92,
        "3": 777,
        "4": 6645,
        "5": 24678,
        "6": 59834
    },
    "3102": {
        "0": 1,
        "1": 11,
        "2": 97,
        "3": 843,
        "4": 7331,
        "5": 31093,
        "6": 80814
    },
    "3103": {
        "0": 1,
        "1": 10,
        "2": 85,
        "3": 729,
        "4": 6310,
        "5": 22092,
        "6": 52137
    },
    "3104": {
        "0": 1,
        "1": 10,
        "2": 82,
        "3": 696,
        "4": 5919,
        "5": 17685,
        "6": 35247
    },
    "3105": {
        "0": 1,
        "1": 9,
        "2": 79,
        "3": 700,
        "4": 6194,
        "5": 21952,
        "6": 55995
    },
    "3106": {
        "0": 1,
        "1": 9,
        "2": 79,
        "3": 698,
        "4": 6153,
        "5": 21426,
        "6": 52682
    },
    "3107": {
        "0": 1,
        "1": 10,
        "2": 87,
        "3": 751,
        "4": 6471,
        "5": 23142,
        "6": 55682
    },
    "3108": {
        "0": 1,
        "1": 8,
        "2": 68,
        "3": 586,
        "4": 5120,
        "5": 12316,
        "6": 27253
    },
    "3109": {
        "0": 1,
        "1": 12,
        "2": 107,
        "3": 948,
        "4": 8369,
        "5": 40950,
        "6": 116600
    },
    "3110": {
        "0": 1,
        "1": 9,
        "2": 78,
        "3": 679,
        "4": 5913,
        "5": 18731,
        "6": 41329
    },
    "3111": {
        "0": 1,
        "1": 9,
        "2": 76,
        "3": 656,
        "4": 5692,
        "5": 16913,
        "6": 31111
    },
    "3112": {
        "0": 1,
        "1": 9,
        "2": 78,
        "3": 686,
        "4": 6038,
        "5": 20531,
        "6": 45836
    },
    "3113": {
        "0": 1,
        "1": 12,
        "2": 108,
        "3": 954,
        "4": 8417,
        "5": 41305,
        "6": 128128
    },
    "3114": {
        "0": 1,
        "1": 12,
        "2": 106,
        "3": 924,
        "4": 8037,
        "5": 37259,
        "6": 114131
    },
    "3115": {
        "0": 1,
        "1": 11,
        "2": 95,
        "3": 829,
        "4": 7251,
        "5": 30871,
        "6": 84799
    },
    "3116": {
        "0": 1,
        "1": 15,
        "2": 139,
        "3": 1174,
        "4": 9809,
        "5": 50019,
        "6": 165607
    },
    "3117": {
        "0": 1,
        "1": 11,
        "2": 98,
        "3": 890,
        "4": 7967,
        "5": 37304,
        "6": 114143
    },
    "3118": {
        "0": 1,
        "1": 10,
        "2": 91,
        "3": 802,
        "4": 7078,
        "5": 29601,
        "6": 77030
    },
    "3119": {
        "0": 1,
        "1": 11,
        "2": 97,
        "3": 840,
        "4": 7221,
        "5": 29277,
        "6": 83017
    },
    "3120": {
        "0": 1,
        "1": 11,
        "2": 97,
        "3": 849,
        "4": 7422,
        "5": 32148,
        "6": 89143
    },
    "3121": {
        "0": 1,
        "1": 12,
        "2": 103,
        "3": 881,
        "4": 7584,
        "5": 32784,
        "6": 78262
    },
    "3122": {
        "0": 1,
        "1": 11,
        "2": 93,
        "3": 796,
        "4": 6862,
        "5": 26506,
        "6": 67239
    },
    "3123": {
        "0": 1,
        "1": 9,
        "2": 79,
        "3": 676,
        "4": 5799,
        "5": 17227,
        "6": 40543
    },
    "3124": {
        "0": 1,
        "1": 9,
        "2": 80,
        "3": 702,
        "4": 6192,
        "5": 22019,
        "6": 53685
    },
    "3125": {
        "0": 1,
        "1": 9,
        "2": 78,
        "3": 687,
        "4": 6041,
        "5": 20128,
        "6": 46635
    },
    "3126": {
        "0": 1,
        "1": 9,
        "2": 76,
        "3": 651,
        "4": 5646,
        "5": 16631,
        "6": 32342
    },
    "3127": {
        "0": 1,
        "1": 11,
        "2": 93,
        "3": 780,
        "4": 6600,
        "5": 23209,
        "6": 56139
    },
    "3128": {
        "0": 1,
        "1": 10,
        "2": 86,
        "3": 744,
        "4": 6484,
        "5": 24015,
        "6": 63203
    },
    "3129": {
        "0": 1,
        "1": 12,
        "2": 102,
        "3": 862,
        "4": 7345,
        "5": 30200,
        "6": 84195
    },
    "3130": {
        "0": 1,
        "1": 8,
        "2": 69,
        "3": 594,
        "4": 5137,
        "5": 11752,
        "6": 19153
    },
    "3131": {
        "0": 1,
        "1": 11,
        "2": 95,
        "3": 820,
        "4": 7064,
        "5": 28194,
        "6": 66730
    },
    "3132": {
        "0": 1,
        "1": 9,
        "2": 82,
        "3": 744,
        "4": 6657,
        "5": 26417,
        "6": 73832
    },
    "3133": {
        "0": 1,
        "1": 12,
        "2": 108,
        "3": 926,
        "4": 7905,
        "5": 34890,
        "6": 95586
    },
    "3134": {
        "0": 1,
        "1": 11,
        "2": 93,
        "3": 787,
        "4": 6675,
        "5": 24088,
        "6": 56798
    },
    "3135": {
        "0": 1,
        "1": 10,
        "2": 87,
        "3": 761,
        "4": 6684,
        "5": 26029,
        "6": 70177
    },
    "3136": {
        "0": 1,
        "1": 11,
        "2": 97,
        "3": 855,
        "4": 7531,
        "5": 33457,
        "6": 91981
    },
    "3137": {
        "0": 1,
        "1": 12,
        "2": 109,
        "3": 952,
        "4": 8220,
        "5": 38080,
        "6": 115131
    },
    "3138": {
        "0": 1,
        "1": 12,
        "2": 105,
        "3": 933,
        "4": 8278,
        "5": 40428,
        "6": 111034
    },
    "3139": {
        "0": 1,
        "1": 13,
        "2": 116,
        "3": 990,
        "4": 8436,
        "5": 39623,
        "6": 112005
    },
    "3140": {
        "0": 1,
        "1": 10,
        "2": 88,
        "3": 786,
        "4": 6954,
        "5": 27866,
        "6": 76093
    },
    "3141": {
        "0": 1,
        "1": 11,
        "2": 94,
        "3": 803,
        "4": 6929,
        "5": 27202,
        "6": 65927
    },
    "3142": {
        "0": 1,
        "1": 12,
        "2": 103,
        "3": 881,
        "4": 7605,
        "5": 33167,
        "6": 88220
    },
    "3143": {
        "0": 1,
        "1": 12,
        "2": 106,
        "3": 910,
        "4": 7804,
        "5": 34378,
        "6": 97900
    },
    "3144": {
        "0": 1,
        "1": 10,
        "2": 87,
        "3": 752,
        "4": 6533,
        "5": 23759,
        "6": 65787
    },
    "3145": {
        "0": 1,
        "1": 12,
        "2": 110,
        "3": 968,
        "4": 8451,
        "5": 40900,
        "6": 129944
    },
    "3146": {
        "0": 1,
        "1": 10,
        "2": 83,
        "3": 695,
        "4": 5876,
        "5": 17256,
        "6": 33329
    },
    "3147": {
        "0": 1,
        "1": 10,
        "2": 85,
        "3": 727,
        "4": 6259,
        "5": 21543,
        "6": 53397
    },
    "3148": {
        "0": 1,
        "1": 11,
        "2": 104,
        "3": 945,
        "4": 8542,
        "5": 44049,
        "6": 155098
    },
    "3149": {
        "0": 1,
        "1": 12,
        "2": 112,
        "3": 993,
        "4": 8697,
        "5": 43073,
        "6": 134322
    },
    "3150": {
        "0": 1,
        "1": 10,
        "2": 87,
        "3": 761,
        "4": 6615,
        "5": 24754,
        "6": 65225
    },
    "3151": {
        "0": 1,
        "1": 12,
        "2": 103,
        "3": 877,
        "4": 7459,
        "5": 30734,
        "6": 79889
    },
    "3152": {
        "0": 1,
        "1": 11,
        "2": 96,
        "3": 847,
        "4": 7418,
        "5": 31916,
        "6": 80103
    },
    "3153": {
        "0": 1,
        "1": 10,
        "2": 86,
        "3": 730,
        "4": 6230,
        "5": 20939,
        "6": 50090
    },
    "3154": {
        "0": 1,
        "1": 9,
        "2": 83,
        "3": 745,
        "4": 6662,
        "5": 26379,
        "6": 72301
    },
    "3155": {
        "0": 1,
        "1": 10,
        "2": 83,
        "3": 710,
        "4": 6106,
        "5": 19936,
        "6": 38469
    },
    "3156": {
        "0": 1,
        "1": 12,
        "2": 110,
        "3": 967,
        "4": 8413,
        "5": 39906,
        "6": 116031
    },
    "3157": {
        "0": 1,
        "1": 10,
        "2": 87,
        "3": 738,
        "4": 6276,
        "5": 20816,
        "6": 46098
    },
    "3158": {
        "0": 1,
        "1": 9,
        "2": 78,
        "3": 684,
        "4": 6007,
        "5": 20141,
        "6": 44397
    },
    "3159": {
        "0": 1,
        "1": 10,
        "2": 85,
        "3": 749,
        "4": 6546,
        "5": 24178,
        "6": 55879
    },
    "3160": {
        "0": 1,
        "1": 10,
        "2": 84,
        "3": 723,
        "4": 6224,
        "5": 20821,
        "6": 43232
    },
    "3161": {
        "0": 1,
        "1": 9,
        "2": 76,
        "3": 643,
        "4": 5464,
        "5": 13916,
        "6": 25701
    },
    "3162": {
        "0": 1,
        "1": 11,
        "2": 91,
        "3": 768,
        "4": 6528,
        "5": 22960,
        "6": 52682
    },
    "3163": {
        "0": 1,
        "1": 12,
        "2": 102,
        "3": 870,
        "4": 7470,
        "5": 31384,
        "6": 85787
    },
    "3164": {
        "0": 1,
        "1": 11,
        "2": 91,
        "3": 762,
        "4": 6470,
        "5": 22798,
        "6": 48629
    },
    "3165": {
        "0": 1,
        "1": 11,
        "2": 95,
        "3": 830,
        "4": 7299,
        "5": 31599,
        "6": 87963
    },
    "3166": {
        "0": 1,
        "1": 10,
        "2": 86,
        "3": 752,
        "4": 6562,
        "5": 24384,
        "6": 61478
    },
    "3167": {
        "0": 1,
        "1": 10,
        "2": 83,
        "3": 715,
        "4": 6176,
        "5": 20691,
        "6": 47749
    },
    "3168": {
        "0": 1,
        "1": 11,
        "2": 93,
        "3": 789,
        "4": 6728,
        "5": 24887,
        "6": 58657
    },
    "3169": {
        "0": 1,
        "1": 10,
        "2": 86,
        "3": 746,
        "4": 6497,
        "5": 23878,
        "6": 56509
    },
    "3170": {
        "0": 1,
        "1": 11,
        "2": 89,
        "3": 738,
        "4": 6156,
        "5": 18703,
        "6": 31615
    },
    "3171": {
        "0": 1,
        "1": 12,
        "2": 104,
        "3": 887,
        "4": 7607,
        "5": 32816,
        "6": 82599
    },
    "3172": {
        "0": 1,
        "1": 10,
        "2": 85,
        "3": 729,
        "4": 6288,
        "5": 21740,
        "6": 51726
    },
    "3173": {
        "0": 1,
        "1": 11,
        "2": 94,
        "3": 801,
        "4": 6904,
        "5": 26822,
        "6": 64877
    },
    "3174": {
        "0": 1,
        "1": 13,
        "2": 117,
        "3": 1008,
        "4": 8623,
        "5": 40867,
        "6": 115471
    },
    "3175": {
        "0": 1,
        "1": 10,
        "2": 86,
        "3": 736,
        "4": 6324,
        "5": 21804,
        "6": 58133
    },
    "3176": {
        "0": 1,
        "1": 10,
        "2": 87,
        "3": 754,
        "4": 6562,
        "5": 24478,
        "6": 57268
    },
    "3177": {
        "0": 1,
        "1": 11,
        "2": 96,
        "3": 834,
        "4": 7158,
        "5": 28427,
        "6": 65075
    },
    "3178": {
        "0": 1,
        "1": 11,
        "2": 98,
        "3": 846,
        "4": 7294,
        "5": 30432,
        "6": 86540
    },
    "3179": {
        "0": 1,
        "1": 10,
        "2": 87,
        "3": 760,
        "4": 6668,
        "5": 26022,
        "6": 71851
    },
    "3180": {
        "0": 1,
        "1": 12,
        "2": 106,
        "3": 928,
        "4": 8082,
        "5": 37750,
        "6": 115943
    },
    "3181": {
        "0": 1,
        "1": 11,
        "2": 91,
        "3": 773,
        "4": 6611,
        "5": 24118,
        "6": 59919
    },
    "3182": {
        "0": 1,
        "1": 9,
        "2": 78,
        "3": 692,
        "4": 6151,
        "5": 22020,
        "6": 48880
    },
    "3183": {
        "0": 1,
        "1": 11,
        "2": 93,
        "3": 784,
        "4": 6677,
        "5": 24472,
        "6": 50840
    },
    "3184": {
        "0": 1,
        "1": 11,
        "2": 95,
        "3": 813,
        "4": 6983,
        "5": 27522,
        "6": 66649
    },
    "3185": {
        "0": 1,
        "1": 11,
        "2": 91,
        "3": 777,
        "4": 6698,
        "5": 25232,
        "6": 56913
    },
    "3186": {
        "0": 1,
        "1": 10,
        "2": 85,
        "3": 739,
        "4": 6431,
        "5": 23156,
        "6": 51268
    },
    "3187": {
        "0": 1,
        "1": 10,
        "2": 83,
        "3": 698,
        "4": 5927,
        "5": 17841,
        "6": 36399
    },
    "3188": {
        "0": 1,
        "1": 8,
        "2": 69,
        "3": 603,
        "4": 5312,
        "5": 14274,
        "6": 27844
    },
    "3189": {
        "0": 1,
        "1": 10,
        "2": 84,
        "3": 732,
        "4": 6362,
        "5": 22696,
        "6": 47353
    },
    "3190": {
        "0": 1,
        "1": 9,
        "2": 81,
        "3": 716,
        "4": 6326,
        "5": 23158,
        "6": 62328
    },
    "3191": {
        "0": 1,
        "1": 12,
        "2": 106,
        "3": 910,
        "4": 7829,
        "5": 34931,
        "6": 105173
    },
    "3192": {
        "0": 1,
        "1": 12,
        "2": 104,
        "3": 884,
        "4": 7561,
        "5": 32378,
        "6": 83096
    },
    "3193": {
        "0": 1,
        "1": 11,
        "2": 92,
        "3": 780,
        "4": 6676,
        "5": 24957,
        "6": 63636
    },
    "3194": {
        "0": 1,
        "1": 12,
        "2": 103,
        "3": 870,
        "4": 7376,
        "5": 29999,
        "6": 66639
    },
    "3195": {
        "0": 1,
        "1": 9,
        "2": 81,
        "3": 732,
        "4": 6550,
        "5": 25103,
        "6": 63210
    },
    "3196": {
        "0": 1,
        "1": 12,
        "2": 105,
        "3": 901,
        "4": 7713,
        "5": 33411,
        "6": 85120
    },
    "3197": {
        "0": 1,
        "1": 8,
        "2": 69,
        "3": 592,
        "4": 5103,
        "5": 11407,
        "6": 17269
    },
    "3198": {
        "0": 1,
        "1": 13,
        "2": 118,
        "3": 1047,
        "4": 9243,
        "5": 48668,
        "6": 159303
    },
    "3199": {
        "0": 1,
        "1": 8,
        "2": 71,
        "3": 625,
        "4": 5521,
        "5": 15919,
        "6": 31132
    }
}