{
    "3400": {
        "0": 1,
        "1": 10,
        "2": 90,
        "3": 785,
        "4": 6915,
        "5": 28074,
        "6": 72238
    },
    "3401": {
        "0": 1,
        "1": 9,
        "2": 81,
        "3": 712,
        "4": 6240,
        "5": 21689,
        "6": 52946
    },
    "3402": {
        "0": 1,
        "1": 10,
        "2": 83,
        "3": 699,
        "4": 5901,
        "5": 17302,
        "6": 37522
    },
    "3403": {
        "0": 1,
        "1": 12,
        "2": 103,
        "3": 873,
        "4": 7422,
        "5": 30445,
        "6": 79763
    },
    "3404": {
        "0": 1,
        "1": 9,
        "2": 78,
        "3": 698,
        "4": 6223,
        "5": 22533,
        "6": 51395
    },
    "3405": {
        "0": 1,
        "1": 10,
        "2": 86,
        "3": 743,
        "4": 6485,
        "5": 24117,
        "6": 58801
    },
    "3406": {
        "0": 1,
        "1": 8,
        "2": 72,
        "3": 641,
        "4": 5679,
        "5": 17635,
        "6": 36702
    },
    "3407": {
        "0": 1,
        "1": 11,
        "2": 98,
        "3": 857,
        "4": 7475,
        "5": 32368,
        "6": 95621
    },
    "3408": {
        "0": 1,
        "1": 14,
        "2": 133,
        "3": 1182,
        "4": 10326,
        "5": 57445,
        "6": 201944
    },
    "3409": {
        "0": 1,
        "1": 12,
        "2": 106,
        "3": 922,
        "4": 8029,
        "5": 36814,
        "6": 107371
    },
    "3410": {
        "0": 1,
        "1": 10,
        "2": 87,
        "3": 767,
        "4": 6711,
        "5": 25699,
        "6": 54217
    },
    "3411": {
        "0": 1,
        "1": 9,
        "2": 79,
        "3": 690,
        "4": 6057,
        "5": 20097,
        "6": 45378
    },
    "3412": {
        "0": 1,
        "1": 11,
        "2": 96,
        "3": 845,
        "4": 7431,
        "5": 32566,
        "6": 88583
    },
    "3413": {
        "0": 1,
        "1": 10,
        "2": 83,
        "3": 710,
        "4": 6097,
        "5": 19798,
        "6": 42147
    },
    "3414": {
        "0": 1,
        "1": 9,
        "2": 76,
        "3": 661,
        "4": 5752,
        "5": 17462,
        "6": 37520
    },
    "3415": {
        "0": 1,
        "1": 9,
        "2": 78,
        "3": 680,
        "4": 5938,
        "5": 19104,
        "6": 44456
    },
    "3416": {
        "0": 1,
        "1": 10,
        "2": 86,
        "3": 748,
        "4": 6526,
        "5": 24182,
        "6": 68377
    },
    "3417": {
        "0": 1,
        "1": 11,
        "2": 96,
        "3": 820,
        "4": 7055,
        "5": 28470,
        "6": 82112
    },
    "3418": {
        "0": 1,
        "1": 12,
        "2": 106,
        "3": 919,
        "4": 7972,
        "5": 36338,
        "6": 102934
    },
    "3419": {
        "0": 1,
        "1": 13,
        "2": 109,
        "3": 896,
        "4": 7457,
        "5": 29939,
        "6": 71285
    },
    "3420": {
        "0": 1,
        "1": 9,
        "2": 79,
        "3": 697,
        "4": 6130,
        "5": 20964,
        "6": 48455
    },
    "3421": {
        "0": 1,
        "1": 12,
        "2": 106,
        "3": 920,
        "4": 7993,
        "5": 36959,
        "6": 109257
    },
    "3422": {
        "0": 1,
        "1": 11,
        "2": 93,
        "3": 789,
        "4": 6745,
        "5": 25239,
        "6": 58041
    },
    "3423": {
        "0": 1,
        "1": 9,
        "2": 79,
        "3": 695,
        "4": 6167,
        "5": 22074,
        "6": 52356
    },
    "3424": {
        "0": 1,
        "1": 10,
        "2": 81,
        "3": 673,
        "4": 5659,
        "5": 15285,
        "6": 30971
    },
    "3425": {
        "0": 1,
        "1": 11,
        "2": 92,
        "3": 788,
        "4": 6788,
        "5": 25742,
        "6": 61954
    },
    "3426": {
        "0": 1,
        "1": 9,
        "2": 74,
        "3": 610,
        "4": 5078,
        "5": 9828,
        "6": 13109
    },
    "3427": {
        "0": 1,
        "1": 13,
        "2": 118,
        "3": 1050,
        "4": 9300,
        "5": 49103,
        "6": 161364
    },
    "3428": {
        "0": 1,
        "1": 9,
        "2": 76,
        "3": 648,
        "4": 5593,
        "5": 15824,
        "6": 27770
    },
    "3429": {
        "0": 1,
        "1": 10,
        "2": 83,
        "3": 697,
        "4": 5902,
        "5": 17631,
        "6": 35860
    },
    "3430": {
        "0": 1,
        "1": 10,
        "2": 89,
        "3": 775,
        "4": 6723,
        "5": 25451,
        "6": 64386
    },
    "3431": {
        "0": 1,
        "1": 10,
        "2": 86,
        "3": 769,
        "4": 6832,
        "5": 27892,
        "6": 69726
    },
    "3432": {
        "0": 1,
        "1": 10,
        "2": 86,
        "3": 754,
        "4": 6635,
        "5": 25846,
        "6": 63441
    },
    "3433": {
        "0": 1,
        "1": 10,
        "2": 88,
        "3": 762,
        "4": 6594,
        "5": 24294,
        "6": 61576
    },
    "3434": {
        "0": 1,
        "1": 9,
        "2": 79,
        "3": 697,
        "4": 6133,
        "5": 20660,
        "6": 42781
    },
    "3435": {
        "0": 1,
        "1": 10,
        "2": 87,
        "3": 769,
        "4": 6760,
        "5": 26378,
        "6": 68707
    },
    "3436": {
        "0": 1,
        "1": 11,
        "2": 97,
        "3": 836,
        "4": 7259,
        "5": 30343,
        "6": 84325
    },
    "3437": {
        "0": 1,
        "1": 9,
        "2": 75,
        "3": 635,
        "4": 5455,
        "5": 14137,
        "6": 32309
    },
    "3438": {
        "0": 1,
        "1": 11,
        "2": 97,
        "3": 848,
        "4": 7421,
        "5": 32208,
        "6": 87107
    },
    "3439": {
        "0": 1,
        "1": 10,
        "2": 92,
        "3": 836,
        "4": 7502,
        "5": 34036,
        "6": 104393
    },
    "3440": {
        "0": 1,
        "1": 10,
        "2": 85,
        "3": 727,
        "4": 6225,
        "5": 20783,
        "6": 44700
    },
    "3441": {
        "0": 1,
        "1": 11,
        "2": 92,
        "3": 760,
        "4": 6324,
        "5": 20339,
        "6": 43788
    },
    "3442": {
        "0": 1,
        "1": 12,
        "2": 99,
        "3": 813,
        "4": 6724,
        "5": 23230,
        "6": 43664
    },
    "3443": {
        "0": 1,
        "1": 13,
        "2": 116,
        "3": 996,
        "4": 8472,
        "5": 39440,
        "6": 116992
    },
    "3444": {
        "0": 1,
        "1": 12,
        "2": 105,
        "3": 892,
        "4": 7567,
        "5": 31640,
        "6": 88644
    },
    "3445": {
        "0": 1,
        "1": 10,
        "2": 90,
        "3": 802,
        "4": 7157,
        "5": 31048,
        "6": 85845
    },
    "3446": {
        "0": 1,
        "1": 11,
        "2": 93,
        "3": 802,
        "4": 6939,
        "5": 27481,
        "6": 63972
    },
    "3447": {
        "0": 1,
        "1": 10,
        "2": 84,
        "3": 719,
        "4": 6228,
        "5": 21597,
        "6": 51759
    },
    "3448": {
        "0": 1,
        "1": 9,
        "2": 74,
        "3": 614,
        "4": 5166,
        "5": 11152,
        "6": 20862
    },
    "3449": {
        "0": 1,
        "1": 8,
        "2": 71,
        "3": 621,
        "4": 5458,
        "5": 15335,
        "6": 29976
    },
    "3450": {
        "0": 1,
        "1": 12,
        "2": 110,
        "3": 971,
        "4": 8607,
        "5": 43654,
        "6": 142254
    },
    "3451": {
        "0": 1,
        "1": 10,
        "2": 91,
        "3": 803,
        "4": 7025,
        "5": 28406,
        "6": 82420
    },
    "3452": {
        "0": 1,
        "1": 11,
        "2": 98,
        "3": 893,
        "4": 8017,
        "5": 37937,
        "6": 108676
    },
    "3453": {
        "0": 1,
        "1": 13,
        "2": 115,
        "3": 970,
        "4": 8202,
        "5": 37257,
        "6": 103112
    },
    "3454": {
        "0": 1,
        "1": 10,
        "2": 85,
        "3": 731,
        "4": 6331,
        "5": 22429,
        "6": 50200
    },
    "3455": {
        "0": 1,
        "1": 8,
        "2": 66,
        "3": 558,
        "4": 4827,
        "5": 9625,
        "6": 14775
    },
    "3456": {
        "0": 1,
        "1": 10,
        "2": 88,
        "3": 779,
        "4": 6898,
        "5": 28264,
        "6": 67129
    },
    "3457": {
        "0": 1,
        "1": 8,
        "2": 69,
        "3": 596,
        "4": 5179,
        "5": 12525,
        "6": 26734
    },
    "3458": {
        "0": 1,
        "1": 10,
        "2": 86,
        "3": 753,
        "4": 6612,
        "5": 25423,
        "6": 57138
    },
    "3459": {
        "0": 1,
        "1": 12,
        "2": 108,
        "3": 947,
        "4": 8249,
        "5": 38972,
        "6": 113354
    },
    "3460": {
        "0": 1,
        "1": 11,
        "2": 94,
        "3": 820,
        "4": 7112,
        "5": 28686,
        "6": 66501
    },
    "3461": {
        "0": 1,
        "1": 10,
        "2": 84,
        "3": 728,
        "4": 6332,
        "5": 22490,
        "6": 51356
    },
    "3462": {
        "0": 1,
        "1": 9,
        "2": 74,
        "3": 637,
        "4": 5508,
        "5": 15014,
        "6": 28038
    },
    "3463": {
        "0": 1,
        "1": 12,
        "2": 101,
        "3": 852,
        "4": 7276,
        "5": 30081,
        "6": 78601
    },
    "3464": {
        "0": 1,
        "1": 10,
        "2": 85,
        "3": 743,
        "4": 6527,
        "5": 24820,
        "6": 60340
    },
    "3465": {
        "0": 1,
        "1": 10,
        "2": 84,
        "3": 719,
        "4": 6224,
        "5": 21578,
        "6": 48782
    },
    "3466": {
        "0": 1,
        "1": 10,
        "2": 85,
        "3": 736,
        "4": 6417,
        "5": 23438,
        "6": 60735
    },
    "3467": {
        "0": 1,
        "1": 11,
        "2": 91,
        "3": 779,
        "4": 6729,
        "5": 25575,
        "6": 56790
    },
    "3468": {
        "0": 1,
        "1": 13,
        "2": 118,
        "3": 1035,
        "4": 9019,
        "5": 45910,
        "6": 152787
    },
    "3469": {
        "0": 1,
        "1": 9,
        "2": 80,
        "3": 691,
        "4": 5995,
        "5": 19297,
        "6": 42358
    },
    "3470": {
        "0": 1,
        "1": 12,
        "2": 111,
        "3": 972,
        "4": 8431,
        "5": 40251,
        "6": 128216
    },
    "3471": {
        "0": 1,
        "1": 10,
        "2": 84,
        "3": 712,
        "4": 6073,
        "5": 19328,
        "6": 40232
    },
    "3472": {
        "0": 1,
        "1": 12,
        "2": 98,
        "3": 802,
        "4": 6660,
        "5": 23093,
        "6": 52303
    },
    "3473": {
        "0": 1,
        "1": 9,
        "2": 77,
        "3": 676,
        "4": 5978,
        "5": 20449,
        "6": 46296
    },
    "3474": {
        "0": 1,
        "1": 11,
        "2": 95,
        "3": 803,
        "4": 6827,
        "5": 25761,
        "6": 65010
    },
    "3475": {
        "0": 1,
        "1": 14,
        "2": 127,
        "3": 1088,
        "4": 9276,
        "5": 46513,
        "6": 146489
    },
    "3476": {
        "0": 1,
        "1": 9,
        "2": 79,
        "3": 696,
        "4": 6093,
        "5": 20412,
        "6": 47630
    },
    "3477": {
        "0": 1,
        "1": 13,
        "2": 117,
        "3": 1023,
        "4": 8910,
        "5": 45004,
        "6": 148841
    },
    "3478": {
        "0": 1,
        "1": 11,
        "2": 98,
        "3": 873,
        "4": 7733,
        "5": 35403,
        "6": 107447
    },
    "3479": {
        "0": 1,
        "1": 12,
        "2": 100,
        "3": 837,
        "4": 7073,
        "5": 27570,
        "6": 61041
    },
    "3480": {
        "0": 1,
        "1": 10,
        "2": 87,
        "3": 754,
        "4": 6575,
        "5": 24820,
        "6": 58652
    },
    "3481": {
        "0": 1,
        "1": 11,
        "2": 95,
        "3": 815,
        "4": 7061,
        "5": 28924,
        "6": 74250
    },
    "3482": {
        "0": 1,
        "1": 10,
        "2": 85,
        "3": 737,
        "4": 6468,
        "5": 24288,
        "6": 60534
    },
    "3483": {
        "0": 1,
        "1": 12,
        "2": 107,
        "3": 936,
        "4": 8216,
        "5": 39726,
        "6": 119584
    },
    "3484": {
        "0": 1,
        "1": 9,
        "2": 78,
        "3": 670,
        "4": 5808,
        "5": 17812,
        "6": 41196
    },
    "3485": {
        "0": 1,
        "1": 13,
        "2": 122,
        "3": 1073,
        "4": 9308,
        "5": 47962,
        "6": 163057
    },
    "3486": {
        "0": 1,
        "1": 9,
        "2": 81,
        "3": 718,
        "4": 6358,
        "5": 23451,
        "6": 56229
    },
    "3487": {
        "0": 1,
        "1": 12,
        "2": 105,
        "3": 916,
        "4": 8013,
        "5": 36835,
        "6": 105722
    },
    "3488": {
        "0": 1,
        "1": 10,
        "2": 86,
        "3": 735,
        "4": 6309,
        "5": 21617,
        "6": 51684
    },
    "3489": {
        "0": 1,
        "1": 11,
        "2": 94,
        "3": 814,
        "4": 7066,
        "5": 28646,
        "6": 72904
    },
    "3490": {
        "0": 1,
        "1": 11,
        "2": 93,
        "3": 800,
        "4": 6900,
        "5": 26918,
        "6": 67351
    },
    "3491": {
        "0": 1,
        "1": 10,
        "2": 86,
        "3": 756,
        "4": 6644,
        "5": 25252,
        "6": 65544
    },
    "3492": {
        "0": 1,
        "1": 11,
        "2": 95,
        "3": 812,
        "4": 6945,
        "5": 26581,
        "6": 65186
    },
    "3493": {
        "0": 1,
        "1": 12,
        "2": 108,
        "3": 941,
        "4": 8193,
        "5": 38527,
        "6": 112379
    },
    "3494": {
        "0": 1,
        "1": 11,
        "2": 96,
        "3": 837,
        "4": 7322,
        "5": 31563,
        "6": 85701
    },
    "3495": {
        "0": 1,
        "1": 12,
        "2": 102,
        "3": 875,
        "4": 7557,
        "5": 32641,
        "6": 83806
    },
    "3496": {
        "0": 1,
        "1": 12,
        "2": 98,
        "3": 816,
        "4": 6843,
        "5": 24847,
        "6": 47125
    },
    "3497": {
        "0": 1,
        "1": 10,
        "2": 87,
        "3": 762,
        "4": 6669,
        "5": 25146,
        "6": 59792
    },
    "3498": {
        "0": 1,
        "1": 13,
        "2": 120,
        "3": 1062,
        "4": 9293,
        "5": 48513,
        "6": 159497
    },
    "3499": {
        "0": 1,
        "1": 10,
        "2": 85,
        "3": 729,
        "4": 6269,
        "5": 21293,
        "6": 46485
    }
}