{
    "19000": {
        "0": 1,
        "1": 9,
        "2": 76,
        "3": 650,
        "4": 5576,
        "5": 15292,
        "6": 29183
    },
    "19001": {
        "0": 1,
        "1": 12,
        "2": 112,
        "3": 981,
        "4": 8501,
        "5": 40765,
        "6": 117784
    },
    "19002": {
        "0": 1,
        "1": 12,
        "2": 107,
        "3": 925,
        "4": 7931,
        "5": 35260,
        "6": 100517
    },
    "19003": {
        "0": 1,
        "1": 8,
        "2": 68,
        "3": 584,
        "4": 5022,
        "5": 10517,
        "6": 18023
    },
    "19004": {
        "0": 1,
        "1": 9,
        "2": 76,
        "3": 640,
        "4": 5410,
        "5": 13239,
        "6": 25114
    },
    "19005": {
        "0": 1,
        "1": 9,
        "2": 83,
        "3": 736,
        "4": 6482,
        "5": 23940,
        "6": 56363
    },
    "19006": {
        "0": 1,
        "1": 13,
        "2": 115,
        "3": 1003,
        "4": 8734,
        "5": 43539,
        "6": 128097
    },
    "19007": {
        "0": 1,
        "1": 10,
        "2": 87,
        "3": 772,
        "4": 6802,
        "5": 27064,
        "6": 73576
    },
    "19008": {
        "0": 1,
        "1": 10,
        "2": 85,
        "3": 739,
        "4": 6476,
        "5": 23884,
        "6": 67413
    },
    "19009": {
        "0": 1,
        "1": 12,
        "2": 102,
        "3": 873,
        "4": 7473,
        "5": 31372,
        "6": 75762
    },
    "19010": {
        "0": 1,
        "1": 13,
        "2": 120,
        "3": 1063,
        "4": 9376,
        "5": 50078,
        "6": 154040
    },
    "19011": {
        "0": 1,
        "1": 11,
        "2": 96,
        "3": 845,
        "4": 7457,
        "5": 32835,
        "6": 96453
    },
    "19012": {
        "0": 1,
        "1": 12,
        "2": 104,
        "3": 880,
        "4": 7430,
        "5": 30278,
        "6": 75105
    },
    "19013": {
        "0": 1,
        "1": 11,
        "2": 97,
        "3": 839,
        "4": 7252,
        "5": 29708,
        "6": 77208
    },
    "19014": {
        "0": 1,
        "1": 9,
        "2": 75,
        "3": 638,
        "4": 5454,
        "5": 13918,
        "6": 25692
    },
    "19015": {
        "0": 1,
        "1": 10,
        "2": 87,
        "3": 759,
        "4": 6653,
        "5": 25560,
        "6": 63109
    },
    "19016": {
        "0": 1,
        "1": 11,
        "2": 92,
        "3": 777,
        "4": 6668,
        "5": 24996,
        "6": 57641
    },
    "19017": {
        "0": 1,
        "1": 11,
        "2": 92,
        "3": 792,
        "4": 6882,
        "5": 27382,
        "6": 62500
    },
    "19018": {
        "0": 1,
        "1": 10,
        "2": 84,
        "3": 728,
        "4": 6349,
        "5": 22871,
        "6": 55736
    },
    "19019": {
        "0": 1,
        "1": 8,
        "2": 71,
        "3": 628,
        "4": 5560,
        "5": 16290,
        "6": 33708
    },
    "19020": {
        "0": 1,
        "1": 11,
        "2": 93,
        "3": 785,
        "4": 6703,
        "5": 24869,
        "6": 59385
    },
    "19021": {
        "0": 1,
        "1": 12,
        "2": 110,
        "3": 978,
        "4": 8617,
        "5": 42869,
        "6": 133379
    },
    "19022": {
        "0": 1,
        "1": 10,
        "2": 81,
        "3": 686,
        "4": 5831,
        "5": 17145,
        "6": 33294
    },
    "19023": {
        "0": 1,
        "1": 11,
        "2": 95,
        "3": 805,
        "4": 6849,
        "5": 25933,
        "6": 68452
    },
    "19024": {
        "0": 1,
        "1": 11,
        "2": 94,
        "3": 815,
        "4": 7096,
        "5": 29213,
        "6": 72386
    },
    "19025": {
        "0": 1,
        "1": 9,
        "2": 75,
        "3": 641,
        "4": 5495,
        "5": 14668,
        "6": 29208
    },
    "19026": {
        "0": 1,
        "1": 13,
        "2": 112,
        "3": 940,
        "4": 7960,
        "5": 35114,
        "6": 98642
    },
    "19027": {
        "0": 1,
        "1": 10,
        "2": 84,
        "3": 710,
        "4": 6002,
        "5": 18135,
        "6": 39554
    },
    "19028": {
        "0": 1,
        "1": 10,
        "2": 88,
        "3": 776,
        "4": 6847,
        "5": 27498,
        "6": 70055
    },
    "19029": {
        "0": 1,
        "1": 10,
        "2": 87,
        "3": 757,
        "4": 6560,
        "5": 24133,
        "6": 62008
    },
    "19030": {
        "0": 1,
        "1": 11,
        "2": 94,
        "3": 801,
        "4": 6880,
        "5": 26513,
        "6": 62684
    },
    "19031": {
        "0": 1,
        "1": 10,
        "2": 83,
        "3": 712,
        "4": 6180,
        "5": 21305,
        "6": 47592
    },
    "19032": {
        "0": 1,
        "1": 10,
        "2": 86,
        "3": 754,
        "4": 6645,
        "5": 25844,
        "6": 67727
    },
    "19033": {
        "0": 1,
        "1": 11,
        "2": 94,
        "3": 805,
        "4": 6919,
        "5": 27053,
        "6": 69378
    },
    "19034": {
        "0": 1,
        "1": 9,
        "2": 79,
        "3": 701,
        "4": 6211,
        "5": 22110,
        "6": 51923
    },
    "19035": {
        "0": 1,
        "1": 11,
        "2": 101,
        "3": 894,
        "4": 7873,
        "5": 36511,
        "6": 105879
    },
    "19036": {
        "0": 1,
        "1": 11,
        "2": 97,
        "3": 852,
        "4": 7457,
        "5": 32137,
        "6": 81393
    },
    "19037": {
        "0": 1,
        "1": 11,
        "2": 97,
        "3": 863,
        "4": 7636,
        "5": 34411,
        "6": 101034
    },
    "19038": {
        "0": 1,
        "1": 9,
        "2": 78,
        "3": 677,
        "4": 5884,
        "5": 18471,
        "6": 37118
    },
    "19039": {
        "0": 1,
        "1": 11,
        "2": 92,
        "3": 778,
        "4": 6645,
        "5": 24522,
        "6": 64181
    },
    "19040": {
        "0": 1,
        "1": 12,
        "2": 105,
        "3": 890,
        "4": 7502,
        "5": 30559,
        "6": 84390
    },
    "19041": {
        "0": 1,
        "1": 9,
        "2": 74,
        "3": 628,
        "4": 5373,
        "5": 13559,
        "6": 23900
    },
    "19042": {
        "0": 1,
        "1": 9,
        "2": 81,
        "3": 724,
        "4": 6414,
        "5": 23439,
        "6": 59247
    },
    "19043": {
        "0": 1,
        "1": 11,
        "2": 92,
        "3": 777,
        "4": 6624,
        "5": 24244,
        "6": 53890
    },
    "19044": {
        "0": 1,
        "1": 12,
        "2": 101,
        "3": 853,
        "4": 7240,
        "5": 29134,
        "6": 75895
    },
    "19045": {
        "0": 1,
        "1": 9,
        "2": 78,
        "3": 687,
        "4": 6047,
        "5": 20493,
        "6": 48264
    },
    "19046": {
        "0": 1,
        "1": 12,
        "2": 99,
        "3": 830,
        "4": 7060,
        "5": 27695,
        "6": 60603
    },
    "19047": {
        "0": 1,
        "1": 9,
        "2": 78,
        "3": 679,
        "4": 5956,
        "5": 19660,
        "6": 45468
    },
    "19048": {
        "0": 1,
        "1": 12,
        "2": 105,
        "3": 883,
        "4": 7435,
        "5": 30309,
        "6": 78025
    },
    "19049": {
        "0": 1,
        "1": 11,
        "2": 97,
        "3": 850,
        "4": 7458,
        "5": 32252,
        "6": 90282
    },
    "19050": {
        "0": 1,
        "1": 9,
        "2": 80,
        "3": 709,
        "4": 6284,
        "5": 22366,
        "6": 49831
    },
    "19051": {
        "0": 1,
        "1": 11,
        "2": 90,
        "3": 765,
        "4": 6581,
        "5": 24324,
        "6": 55507
    },
    "19052": {
        "0": 1,
        "1": 8,
        "2": 68,
        "3": 574,
        "4": 4879,
        "5": 9038,
        "6": 10124
    },
    "19053": {
        "0": 1,
        "1": 10,
        "2": 84,
        "3": 732,
        "4": 6432,
        "5": 24141,
        "6": 58134
    },
    "19054": {
        "0": 1,
        "1": 10,
        "2": 81,
        "3": 673,
        "4": 5640,
        "5": 14838,
        "6": 24090
    },
    "19055": {
        "0": 1,
        "1": 12,
        "2": 103,
        "3": 884,
        "4": 7657,
        "5": 34003,
        "6": 96823
    },
    "19056": {
        "0": 1,
        "1": 9,
        "2": 78,
        "3": 688,
        "4": 6103,
        "5": 21248,
        "6": 47551
    },
    "19057": {
        "0": 1,
        "1": 8,
        "2": 68,
        "3": 587,
        "4": 5103,
        "5": 11686,
        "6": 22960
    },
    "19058": {
        "0": 1,
        "1": 11,
        "2": 102,
        "3": 917,
        "4": 8156,
        "5": 39527,
        "6": 119625
    },
    "19059": {
        "0": 1,
        "1": 13,
        "2": 115,
        "3": 968,
        "4": 8136,
        "5": 36332,
        "6": 105823
    },
    "19060": {
        "0": 1,
        "1": 10,
        "2": 91,
        "3": 820,
        "4": 7328,
        "5": 32272,
        "6": 87310
    },
    "19061": {
        "0": 1,
        "1": 10,
        "2": 87,
        "3": 770,
        "4": 6822,
        "5": 27670,
        "6": 75540
    },
    "19062": {
        "0": 1,
        "1": 11,
        "2": 97,
        "3": 840,
        "4": 7262,
        "5": 30147,
        "6": 73174
    },
    "19063": {
        "0": 1,
        "1": 13,
        "2": 115,
        "3": 989,
        "4": 8477,
        "5": 39914,
        "6": 112002
    },
    "19064": {
        "0": 1,
        "1": 12,
        "2": 102,
        "3": 858,
        "4": 7303,
        "5": 30018,
        "6": 77283
    },
    "19065": {
        "0": 1,
        "1": 14,
        "2": 128,
        "3": 1113,
        "4": 9622,
        "5": 50670,
        "6": 167166
    },
    "19066": {
        "0": 1,
        "1": 14,
        "2": 127,
        "3": 1080,
        "4": 9180,
        "5": 45548,
        "6": 136979
    },
    "19067": {
        "0": 1,
        "1": 11,
        "2": 98,
        "3": 868,
        "4": 7702,
        "5": 35309,
        "6": 92139
    },
    "19068": {
        "0": 1,
        "1": 9,
        "2": 76,
        "3": 661,
        "4": 5763,
        "5": 17536,
        "6": 34146
    },
    "19069": {
        "0": 1,
        "1": 9,
        "2": 75,
        "3": 626,
        "4": 5265,
        "5": 11754,
        "6": 18279
    },
    "19070": {
        "0": 1,
        "1": 13,
        "2": 111,
        "3": 941,
        "4": 8033,
        "5": 36465,
        "6": 101888
    },
    "19071": {
        "0": 1,
        "1": 11,
        "2": 96,
        "3": 830,
        "4": 7201,
        "5": 29554,
        "6": 75727
    },
    "19072": {
        "0": 1,
        "1": 11,
        "2": 96,
        "3": 830,
        "4": 7176,
        "5": 29496,
        "6": 75604
    },
    "19073": {
        "0": 1,
        "1": 10,
        "2": 85,
        "3": 737,
        "4": 6414,
        "5": 23221,
        "6": 50098
    },
    "19074": {
        "0": 1,
        "1": 11,
        "2": 91,
        "3": 777,
        "4": 6653,
        "5": 24260,
        "6": 55993
    },
    "19075": {
        "0": 1,
        "1": 12,
        "2": 104,
        "3": 899,
        "4": 7773,
        "5": 34769,
        "6": 93551
    },
    "19076": {
        "0": 1,
        "1": 12,
        "2": 103,
        "3": 892,
        "4": 7746,
        "5": 34536,
        "6": 97959
    },
    "19077": {
        "0": 1,
        "1": 12,
        "2": 105,
        "3": 900,
        "4": 7721,
        "5": 33797,
        "6": 91554
    },
    "19078": {
        "0": 1,
        "1": 10,
        "2": 89,
        "3": 771,
        "4": 6694,
        "5": 25519,
        "6": 64703
    },
    "19079": {
        "0": 1,
        "1": 9,
        "2": 74,
        "3": 612,
        "4": 5121,
        "5": 10442,
        "6": 16518
    },
    "19080": {
        "0": 1,
        "1": 12,
        "2": 102,
        "3": 858,
        "4": 7321,
        "5": 30508,
        "6": 80003
    },
    "19081": {
        "0": 1,
        "1": 12,
        "2": 105,
        "3": 900,
        "4": 7722,
        "5": 33552,
        "6": 95142
    },
    "19082": {
        "0": 1,
        "1": 9,
        "2": 77,
        "3": 666,
        "4": 5752,
        "5": 16951,
        "6": 35284
    },
    "19083": {
        "0": 1,
        "1": 11,
        "2": 98,
        "3": 873,
        "4": 7819,
        "5": 37094,
        "6": 110522
    },
    "19084": {
        "0": 1,
        "1": 10,
        "2": 84,
        "3": 727,
        "4": 6268,
        "5": 21304,
        "6": 49348
    },
    "19085": {
        "0": 1,
        "1": 10,
        "2": 93,
        "3": 851,
        "4": 7700,
        "5": 36157,
        "6": 110534
    },
    "19086": {
        "0": 1,
        "1": 10,
        "2": 84,
        "3": 722,
        "4": 6252,
        "5": 21663,
        "6": 53504
    },
    "19087": {
        "0": 1,
        "1": 8,
        "2": 71,
        "3": 631,
        "4": 5595,
        "5": 16723,
        "6": 37471
    },
    "19088": {
        "0": 1,
        "1": 9,
        "2": 81,
        "3": 734,
        "4": 6560,
        "5": 25482,
        "6": 68087
    },
    "19089": {
        "0": 1,
        "1": 12,
        "2": 108,
        "3": 960,
        "4": 8470,
        "5": 41715,
        "6": 121955
    },
    "19090": {
        "0": 1,
        "1": 10,
        "2": 82,
        "3": 690,
        "4": 5933,
        "5": 18747,
        "6": 45652
    },
    "19091": {
        "0": 1,
        "1": 11,
        "2": 92,
        "3": 785,
        "4": 6749,
        "5": 25451,
        "6": 64049
    },
    "19092": {
        "0": 1,
        "1": 11,
        "2": 95,
        "3": 830,
        "4": 7227,
        "5": 30136,
        "6": 80823
    },
    "19093": {
        "0": 1,
        "1": 13,
        "2": 117,
        "3": 1007,
        "4": 8620,
        "5": 41312,
        "6": 121968
    },
    "19094": {
        "0": 1,
        "1": 11,
        "2": 93,
        "3": 795,
        "4": 6873,
        "5": 26955,
        "6": 62907
    },
    "19095": {
        "0": 1,
        "1": 12,
        "2": 106,
        "3": 918,
        "4": 7968,
        "5": 36684,
        "6": 103722
    },
    "19096": {
        "0": 1,
        "1": 10,
        "2": 81,
        "3": 683,
        "4": 5766,
        "5": 16111,
        "6": 27260
    },
    "19097": {
        "0": 1,
        "1": 13,
        "2": 119,
        "3": 1063,
        "4": 9442,
        "5": 50798,
        "6": 166955
    },
    "19098": {
        "0": 1,
        "1": 10,
        "2": 91,
        "3": 811,
        "4": 7199,
        "5": 30935,
        "6": 85537
    },
    "19099": {
        "0": 1,
        "1": 12,
        "2": 106,
        "3": 928,
        "4": 8083,
        "5": 37640,
        "6": 107020
    }
}