{
    "22400": {
        "0": 1,
        "1": 9,
        "2": 77,
        "3": 656,
        "4": 5611,
        "5": 15355,
        "6": 27443
    },
    "22401": {
        "0": 1,
        "1": 10,
        "2": 85,
        "3": 725,
        "4": 6214,
        "5": 20816,
        "6": 48549
    },
    "22402": {
        "0": 1,
        "1": 10,
        "2": 90,
        "3": 793,
        "4": 6988,
        "5": 28338,
        "6": 76525
    },
    "22403": {
        "0": 1,
        "1": 10,
        "2": 85,
        "3": 744,
        "4": 6509,
        "5": 23998,
        "6": 56219
    },
    "22404": {
        "0": 1,
        "1": 11,
        "2": 92,
        "3": 793,
        "4": 6892,
        "5": 27457,
        "6": 60665
    },
    "22405": {
        "0": 1,
        "1": 11,
        "2": 98,
        "3": 891,
        "4": 8147,
        "5": 41640,
        "6": 128007
    },
    "22406": {
        "0": 1,
        "1": 8,
        "2": 72,
        "3": 639,
        "4": 5667,
        "5": 17262,
        "6": 35522
    },
    "22407": {
        "0": 1,
        "1": 9,
        "2": 80,
        "3": 711,
        "4": 6326,
        "5": 23374,
        "6": 56908
    },
    "22408": {
        "0": 1,
        "1": 9,
        "2": 84,
        "3": 761,
        "4": 6805,
        "5": 27324,
        "6": 71984
    },
    "22409": {
        "0": 1,
        "1": 10,
        "2": 86,
        "3": 736,
        "4": 6359,
        "5": 22352,
        "6": 54442
    },
    "22410": {
        "0": 1,
        "1": 12,
        "2": 104,
        "3": 879,
        "4": 7426,
        "5": 30393,
        "6": 77970
    },
    "22411": {
        "0": 1,
        "1": 11,
        "2": 95,
        "3": 812,
        "4": 6961,
        "5": 27267,
        "6": 67360
    },
    "22412": {
        "0": 1,
        "1": 13,
        "2": 116,
        "3": 997,
        "4": 8577,
        "5": 41478,
        "6": 113153
    },
    "22413": {
        "0": 1,
        "1": 13,
        "2": 112,
        "3": 945,
        "4": 7972,
        "5": 34751,
        "6": 90792
    },
    "22414": {
        "0": 1,
        "1": 11,
        "2": 96,
        "3": 830,
        "4": 7163,
        "5": 29186,
        "6": 72358
    },
    "22415": {
        "0": 1,
        "1": 12,
        "2": 104,
        "3": 886,
        "4": 7593,
        "5": 32884,
        "6": 89855
    },
    "22416": {
        "0": 1,
        "1": 10,
        "2": 83,
        "3": 717,
        "4": 6228,
        "5": 21567,
        "6": 49364
    },
    "22417": {
        "0": 1,
        "1": 12,
        "2": 103,
        "3": 863,
        "4": 7254,
        "5": 28638,
        "6": 71026
    },
    "22418": {
        "0": 1,
        "1": 8,
        "2": 70,
        "3": 605,
        "4": 5224,
        "5": 12367,
        "6": 23514
    },
    "22419": {
        "0": 1,
        "1": 10,
        "2": 87,
        "3": 771,
        "4": 6805,
        "5": 27030,
        "6": 67902
    },
    "22420": {
        "0": 1,
        "1": 11,
        "2": 94,
        "3": 818,
        "4": 7124,
        "5": 29133,
        "6": 78305
    },
    "22421": {
        "0": 1,
        "1": 12,
        "2": 107,
        "3": 931,
        "4": 8099,
        "5": 37816,
        "6": 111538
    },
    "22422": {
        "0": 1,
        "1": 10,
        "2": 88,
        "3": 770,
        "4": 6723,
        "5": 25930,
        "6": 66414
    },
    "22423": {
        "0": 1,
        "1": 9,
        "2": 79,
        "3": 705,
        "4": 6254,
        "5": 22633,
        "6": 55152
    },
    "22424": {
        "0": 1,
        "1": 12,
        "2": 105,
        "3": 891,
        "4": 7562,
        "5": 31718,
        "6": 87222
    },
    "22425": {
        "0": 1,
        "1": 11,
        "2": 96,
        "3": 827,
        "4": 7150,
        "5": 29330,
        "6": 76041
    },
    "22426": {
        "0": 1,
        "1": 10,
        "2": 81,
        "3": 673,
        "4": 5647,
        "5": 14996,
        "6": 25148
    },
    "22427": {
        "0": 1,
        "1": 12,
        "2": 101,
        "3": 860,
        "4": 7366,
        "5": 30500,
        "6": 80131
    },
    "22428": {
        "0": 1,
        "1": 11,
        "2": 95,
        "3": 826,
        "4": 7142,
        "5": 28975,
        "6": 74733
    },
    "22429": {
        "0": 1,
        "1": 10,
        "2": 85,
        "3": 739,
        "4": 6413,
        "5": 22733,
        "6": 55228
    },
    "22430": {
        "0": 1,
        "1": 11,
        "2": 92,
        "3": 776,
        "4": 6608,
        "5": 23650,
        "6": 50368
    },
    "22431": {
        "0": 1,
        "1": 10,
        "2": 93,
        "3": 834,
        "4": 7421,
        "5": 32853,
        "6": 104905
    },
    "22432": {
        "0": 1,
        "1": 9,
        "2": 79,
        "3": 713,
        "4": 6393,
        "5": 24216,
        "6": 64646
    },
    "22433": {
        "0": 1,
        "1": 11,
        "2": 96,
        "3": 829,
        "4": 7179,
        "5": 29591,
        "6": 78341
    },
    "22434": {
        "0": 1,
        "1": 8,
        "2": 72,
        "3": 647,
        "4": 5802,
        "5": 18679,
        "6": 41562
    },
    "22435": {
        "0": 1,
        "1": 10,
        "2": 80,
        "3": 667,
        "4": 5610,
        "5": 14806,
        "6": 23817
    },
    "22436": {
        "0": 1,
        "1": 13,
        "2": 114,
        "3": 982,
        "4": 8522,
        "5": 41790,
        "6": 129790
    },
    "22437": {
        "0": 1,
        "1": 12,
        "2": 107,
        "3": 938,
        "4": 8208,
        "5": 39228,
        "6": 113013
    },
    "22438": {
        "0": 1,
        "1": 12,
        "2": 103,
        "3": 874,
        "4": 7448,
        "5": 31192,
        "6": 79835
    },
    "22439": {
        "0": 1,
        "1": 12,
        "2": 105,
        "3": 896,
        "4": 7616,
        "5": 32120,
        "6": 77433
    },
    "22440": {
        "0": 1,
        "1": 11,
        "2": 97,
        "3": 851,
        "4": 7435,
        "5": 32074,
        "6": 88630
    },
    "22441": {
        "0": 1,
        "1": 10,
        "2": 87,
        "3": 746,
        "4": 6428,
        "5": 22767,
        "6": 53469
    },
    "22442": {
        "0": 1,
        "1": 11,
        "2": 92,
        "3": 774,
        "4": 6546,
        "5": 22939,
        "6": 55363
    },
    "22443": {
        "0": 1,
        "1": 11,
        "2": 95,
        "3": 833,
        "4": 7273,
        "5": 30509,
        "6": 77601
    },
    "22444": {
        "0": 1,
        "1": 12,
        "2": 104,
        "3": 909,
        "4": 7967,
        "5": 37210,
        "6": 106419
    },
    "22445": {
        "0": 1,
        "1": 11,
        "2": 90,
        "3": 753,
        "4": 6369,
        "5": 21570,
        "6": 44688
    },
    "22446": {
        "0": 1,
        "1": 9,
        "2": 77,
        "3": 663,
        "4": 5762,
        "5": 17300,
        "6": 34866
    },
    "22447": {
        "0": 1,
        "1": 10,
        "2": 85,
        "3": 738,
        "4": 6435,
        "5": 23400,
        "6": 51681
    },
    "22448": {
        "0": 1,
        "1": 11,
        "2": 98,
        "3": 864,
        "4": 7626,
        "5": 34602,
        "6": 93205
    },
    "22449": {
        "0": 1,
        "1": 10,
        "2": 90,
        "3": 798,
        "4": 7030,
        "5": 29079,
        "6": 78262
    },
    "22450": {
        "0": 1,
        "1": 11,
        "2": 91,
        "3": 779,
        "4": 6685,
        "5": 24513,
        "6": 50485
    },
    "22451": {
        "0": 1,
        "1": 12,
        "2": 106,
        "3": 937,
        "4": 8266,
        "5": 40055,
        "6": 119999
    },
    "22452": {
        "0": 1,
        "1": 13,
        "2": 117,
        "3": 1028,
        "4": 8950,
        "5": 44699,
        "6": 143825
    },
    "22453": {
        "0": 1,
        "1": 10,
        "2": 86,
        "3": 750,
        "4": 6565,
        "5": 24957,
        "6": 59001
    },
    "22454": {
        "0": 1,
        "1": 10,
        "2": 88,
        "3": 769,
        "4": 6736,
        "5": 26362,
        "6": 72620
    },
    "22455": {
        "0": 1,
        "1": 9,
        "2": 76,
        "3": 655,
        "4": 5740,
        "5": 18027,
        "6": 41335
    },
    "22456": {
        "0": 1,
        "1": 11,
        "2": 94,
        "3": 814,
        "4": 7088,
        "5": 29191,
        "6": 77557
    },
    "22457": {
        "0": 1,
        "1": 10,
        "2": 88,
        "3": 765,
        "4": 6695,
        "5": 26047,
        "6": 62979
    },
    "22458": {
        "0": 1,
        "1": 11,
        "2": 99,
        "3": 868,
        "4": 7580,
        "5": 33585,
        "6": 96291
    },
    "22459": {
        "0": 1,
        "1": 11,
        "2": 98,
        "3": 868,
        "4": 7673,
        "5": 35027,
        "6": 103745
    },
    "22460": {
        "0": 1,
        "1": 12,
        "2": 105,
        "3": 903,
        "4": 7801,
        "5": 35035,
        "6": 100261
    },
    "22461": {
        "0": 1,
        "1": 11,
        "2": 94,
        "3": 825,
        "4": 7271,
        "5": 31338,
        "6": 84474
    },
    "22462": {
        "0": 1,
        "1": 12,
        "2": 102,
        "3": 868,
        "4": 7414,
        "5": 30664,
        "6": 78960
    },
    "22463": {
        "0": 1,
        "1": 12,
        "2": 109,
        "3": 967,
        "4": 8481,
        "5": 40937,
        "6": 127006
    },
    "22464": {
        "0": 1,
        "1": 10,
        "2": 83,
        "3": 710,
        "4": 6119,
        "5": 20289,
        "6": 44678
    },
    "22465": {
        "0": 1,
        "1": 12,
        "2": 103,
        "3": 877,
        "4": 7514,
        "5": 31969,
        "6": 80738
    },
    "22466": {
        "0": 1,
        "1": 11,
        "2": 94,
        "3": 802,
        "4": 6880,
        "5": 26254,
        "6": 64256
    },
    "22467": {
        "0": 1,
        "1": 10,
        "2": 81,
        "3": 673,
        "4": 5638,
        "5": 14857,
        "6": 30056
    },
    "22468": {
        "0": 1,
        "1": 9,
        "2": 77,
        "3": 657,
        "4": 5638,
        "5": 15917,
        "6": 37655
    },
    "22469": {
        "0": 1,
        "1": 10,
        "2": 86,
        "3": 743,
        "4": 6414,
        "5": 22659,
        "6": 49116
    },
    "22470": {
        "0": 1,
        "1": 10,
        "2": 86,
        "3": 742,
        "4": 6458,
        "5": 23857,
        "6": 57311
    },
    "22471": {
        "0": 1,
        "1": 14,
        "2": 129,
        "3": 1110,
        "4": 9477,
        "5": 48451,
        "6": 150577
    },
    "22472": {
        "0": 1,
        "1": 10,
        "2": 87,
        "3": 783,
        "4": 7013,
        "5": 29581,
        "6": 78748
    },
    "22473": {
        "0": 1,
        "1": 11,
        "2": 95,
        "3": 819,
        "4": 7059,
        "5": 28024,
        "6": 77507
    },
    "22474": {
        "0": 1,
        "1": 9,
        "2": 75,
        "3": 647,
        "4": 5572,
        "5": 15068,
        "6": 29158
    },
    "22475": {
        "0": 1,
        "1": 10,
        "2": 87,
        "3": 764,
        "4": 6714,
        "5": 26221,
        "6": 61702
    },
    "22476": {
        "0": 1,
        "1": 11,
        "2": 95,
        "3": 829,
        "4": 7195,
        "5": 29551,
        "6": 68858
    },
    "22477": {
        "0": 1,
        "1": 8,
        "2": 73,
        "3": 648,
        "4": 5736,
        "5": 17934,
        "6": 39759
    },
    "22478": {
        "0": 1,
        "1": 11,
        "2": 97,
        "3": 847,
        "4": 7367,
        "5": 31287,
        "6": 82906
    },
    "22479": {
        "0": 1,
        "1": 10,
        "2": 88,
        "3": 754,
        "4": 6508,
        "5": 23596,
        "6": 59990
    },
    "22480": {
        "0": 1,
        "1": 12,
        "2": 108,
        "3": 947,
        "4": 8267,
        "5": 39348,
        "6": 119235
    },
    "22481": {
        "0": 1,
        "1": 12,
        "2": 108,
        "3": 947,
        "4": 8268,
        "5": 39432,
        "6": 126540
    },
    "22482": {
        "0": 1,
        "1": 9,
        "2": 74,
        "3": 616,
        "4": 5202,
        "5": 11568,
        "6": 17737
    },
    "22483": {
        "0": 1,
        "1": 9,
        "2": 78,
        "3": 659,
        "4": 5662,
        "5": 16266,
        "6": 44245
    },
    "22484": {
        "0": 1,
        "1": 10,
        "2": 84,
        "3": 724,
        "4": 6266,
        "5": 21421,
        "6": 51290
    },
    "22485": {
        "0": 1,
        "1": 11,
        "2": 92,
        "3": 775,
        "4": 6593,
        "5": 23749,
        "6": 63833
    },
    "22486": {
        "0": 1,
        "1": 14,
        "2": 124,
        "3": 1034,
        "4": 8601,
        "5": 39252,
        "6": 106918
    },
    "22487": {
        "0": 1,
        "1": 12,
        "2": 104,
        "3": 879,
        "4": 7445,
        "5": 30474,
        "6": 76081
    },
    "22488": {
        "0": 1,
        "1": 12,
        "2": 103,
        "3": 884,
        "4": 7657,
        "5": 34034,
        "6": 92650
    },
    "22489": {
        "0": 1,
        "1": 11,
        "2": 94,
        "3": 805,
        "4": 6902,
        "5": 26320,
        "6": 64429
    },
    "22490": {
        "0": 1,
        "1": 9,
        "2": 74,
        "3": 622,
        "4": 5272,
        "5": 12269,
        "6": 20566
    },
    "22491": {
        "0": 1,
        "1": 10,
        "2": 85,
        "3": 725,
        "4": 6193,
        "5": 20244,
        "6": 42880
    },
    "22492": {
        "0": 1,
        "1": 12,
        "2": 105,
        "3": 910,
        "4": 7863,
        "5": 35269,
        "6": 108112
    },
    "22493": {
        "0": 1,
        "1": 12,
        "2": 105,
        "3": 892,
        "4": 7580,
        "5": 31850,
        "6": 85656
    },
    "22494": {
        "0": 1,
        "1": 11,
        "2": 95,
        "3": 832,
        "4": 7237,
        "5": 29818,
        "6": 70555
    },
    "22495": {
        "0": 1,
        "1": 13,
        "2": 116,
        "3": 992,
        "4": 8473,
        "5": 39953,
        "6": 118996
    },
    "22496": {
        "0": 1,
        "1": 9,
        "2": 78,
        "3": 690,
        "4": 6104,
        "5": 21000,
        "6": 51370
    },
    "22497": {
        "0": 1,
        "1": 9,
        "2": 80,
        "3": 721,
        "4": 6471,
        "5": 25073,
        "6": 61229
    },
    "22498": {
        "0": 1,
        "1": 11,
        "2": 96,
        "3": 837,
        "4": 7300,
        "5": 30709,
        "6": 72178
    },
    "22499": {
        "0": 1,
        "1": 12,
        "2": 106,
        "3": 912,
        "4": 7857,
        "5": 35240,
        "6": 97356
    }
}