{
    "20400": {
        "0": 1,
        "1": 11,
        "2": 96,
        "3": 836,
        "4": 7325,
        "5": 31256,
        "6": 86616
    },
    "20401": {
        "0": 1,
        "1": 9,
        "2": 80,
        "3": 718,
        "4": 6471,
        "5": 25687,
        "6": 68152
    },
    "20402": {
        "0": 1,
        "1": 13,
        "2": 114,
        "3": 969,
        "4": 8205,
        "5": 36879,
        "6": 97021
    },
    "20403": {
        "0": 1,
        "1": 12,
        "2": 105,
        "3": 886,
        "4": 7482,
        "5": 30874,
        "6": 79775
    },
    "20404": {
        "0": 1,
        "1": 10,
        "2": 87,
        "3": 762,
        "4": 6667,
        "5": 25576,
        "6": 64100
    },
    "20405": {
        "0": 1,
        "1": 13,
        "2": 114,
        "3": 980,
        "4": 8455,
        "5": 40346,
        "6": 114282
    },
    "20406": {
        "0": 1,
        "1": 12,
        "2": 102,
        "3": 860,
        "4": 7274,
        "5": 29204,
        "6": 73540
    },
    "20407": {
        "0": 1,
        "1": 10,
        "2": 85,
        "3": 729,
        "4": 6293,
        "5": 21375,
        "6": 45381
    },
    "20408": {
        "0": 1,
        "1": 11,
        "2": 95,
        "3": 827,
        "4": 7191,
        "5": 29870,
        "6": 81665
    },
    "20409": {
        "0": 1,
        "1": 9,
        "2": 76,
        "3": 637,
        "4": 5373,
        "5": 12846,
        "6": 23702
    },
    "20410": {
        "0": 1,
        "1": 12,
        "2": 110,
        "3": 977,
        "4": 8649,
        "5": 43798,
        "6": 139358
    },
    "20411": {
        "0": 1,
        "1": 10,
        "2": 80,
        "3": 677,
        "4": 5822,
        "5": 17378,
        "6": 27527
    },
    "20412": {
        "0": 1,
        "1": 11,
        "2": 96,
        "3": 825,
        "4": 7133,
        "5": 29025,
        "6": 79459
    },
    "20413": {
        "0": 1,
        "1": 9,
        "2": 73,
        "3": 608,
        "4": 5105,
        "5": 10379,
        "6": 15548
    },
    "20414": {
        "0": 1,
        "1": 10,
        "2": 87,
        "3": 760,
        "4": 6623,
        "5": 24979,
        "6": 66625
    },
    "20415": {
        "0": 1,
        "1": 10,
        "2": 86,
        "3": 755,
        "4": 6623,
        "5": 25112,
        "6": 63903
    },
    "20416": {
        "0": 1,
        "1": 11,
        "2": 96,
        "3": 851,
        "4": 7518,
        "5": 33455,
        "6": 95077
    },
    "20417": {
        "0": 1,
        "1": 10,
        "2": 84,
        "3": 708,
        "4": 5998,
        "5": 18397,
        "6": 39627
    },
    "20418": {
        "0": 1,
        "1": 9,
        "2": 74,
        "3": 631,
        "4": 5408,
        "5": 13627,
        "6": 22558
    },
    "20419": {
        "0": 1,
        "1": 12,
        "2": 105,
        "3": 913,
        "4": 7934,
        "5": 36064,
        "6": 99267
    },
    "20420": {
        "0": 1,
        "1": 13,
        "2": 124,
        "3": 1109,
        "4": 9721,
        "5": 52075,
        "6": 181051
    },
    "20421": {
        "0": 1,
        "1": 10,
        "2": 86,
        "3": 738,
        "4": 6286,
        "5": 20425,
        "6": 42176
    },
    "20422": {
        "0": 1,
        "1": 11,
        "2": 97,
        "3": 856,
        "4": 7535,
        "5": 32563,
        "6": 79719
    },
    "20423": {
        "0": 1,
        "1": 10,
        "2": 89,
        "3": 789,
        "4": 6955,
        "5": 28088,
        "6": 75476
    },
    "20424": {
        "0": 1,
        "1": 11,
        "2": 92,
        "3": 787,
        "4": 6773,
        "5": 25838,
        "6": 60169
    },
    "20425": {
        "0": 1,
        "1": 12,
        "2": 102,
        "3": 861,
        "4": 7347,
        "5": 30334,
        "6": 83267
    },
    "20426": {
        "0": 1,
        "1": 12,
        "2": 110,
        "3": 972,
        "4": 8466,
        "5": 40660,
        "6": 127185
    },
    "20427": {
        "0": 1,
        "1": 10,
        "2": 87,
        "3": 751,
        "4": 6442,
        "5": 22402,
        "6": 55525
    },
    "20428": {
        "0": 1,
        "1": 10,
        "2": 89,
        "3": 790,
        "4": 6973,
        "5": 28789,
        "6": 76630
    },
    "20429": {
        "0": 1,
        "1": 12,
        "2": 101,
        "3": 853,
        "4": 7243,
        "5": 28933,
        "6": 61660
    },
    "20430": {
        "0": 1,
        "1": 10,
        "2": 84,
        "3": 720,
        "4": 6246,
        "5": 21775,
        "6": 49960
    },
    "20431": {
        "0": 1,
        "1": 9,
        "2": 79,
        "3": 692,
        "4": 6051,
        "5": 20142,
        "6": 44927
    },
    "20432": {
        "0": 1,
        "1": 12,
        "2": 106,
        "3": 926,
        "4": 8022,
        "5": 36574,
        "6": 104292
    },
    "20433": {
        "0": 1,
        "1": 9,
        "2": 77,
        "3": 673,
        "4": 5905,
        "5": 19133,
        "6": 39608
    },
    "20434": {
        "0": 1,
        "1": 12,
        "2": 103,
        "3": 883,
        "4": 7583,
        "5": 32628,
        "6": 84707
    },
    "20435": {
        "0": 1,
        "1": 10,
        "2": 88,
        "3": 750,
        "4": 6415,
        "5": 22416,
        "6": 59165
    },
    "20436": {
        "0": 1,
        "1": 11,
        "2": 94,
        "3": 810,
        "4": 6995,
        "5": 27579,
        "6": 69732
    },
    "20437": {
        "0": 1,
        "1": 10,
        "2": 88,
        "3": 775,
        "4": 6826,
        "5": 27145,
        "6": 76556
    },
    "20438": {
        "0": 1,
        "1": 11,
        "2": 93,
        "3": 787,
        "4": 6729,
        "5": 25051,
        "6": 55828
    },
    "20439": {
        "0": 1,
        "1": 9,
        "2": 74,
        "3": 627,
        "4": 5390,
        "5": 13651,
        "6": 25809
    },
    "20440": {
        "0": 1,
        "1": 9,
        "2": 78,
        "3": 678,
        "4": 5944,
        "5": 19619,
        "6": 44722
    },
    "20441": {
        "0": 1,
        "1": 11,
        "2": 88,
        "3": 717,
        "4": 5943,
        "5": 17125,
        "6": 35314
    },
    "20442": {
        "0": 1,
        "1": 11,
        "2": 88,
        "3": 736,
        "4": 6225,
        "5": 20355,
        "6": 40608
    },
    "20443": {
        "0": 1,
        "1": 10,
        "2": 82,
        "3": 712,
        "4": 6204,
        "5": 21111,
        "6": 51833
    },
    "20444": {
        "0": 1,
        "1": 11,
        "2": 96,
        "3": 847,
        "4": 7423,
        "5": 32080,
        "6": 84082
    },
    "20445": {
        "0": 1,
        "1": 12,
        "2": 108,
        "3": 940,
        "4": 8173,
        "5": 38209,
        "6": 112112
    },
    "20446": {
        "0": 1,
        "1": 9,
        "2": 79,
        "3": 693,
        "4": 6081,
        "5": 20456,
        "6": 47171
    },
    "20447": {
        "0": 1,
        "1": 10,
        "2": 88,
        "3": 786,
        "4": 6998,
        "5": 29370,
        "6": 82682
    },
    "20448": {
        "0": 1,
        "1": 10,
        "2": 83,
        "3": 717,
        "4": 6219,
        "5": 21511,
        "6": 41644
    },
    "20449": {
        "0": 1,
        "1": 10,
        "2": 84,
        "3": 726,
        "4": 6309,
        "5": 22252,
        "6": 53756
    },
    "20450": {
        "0": 1,
        "1": 12,
        "2": 99,
        "3": 832,
        "4": 7156,
        "5": 29283,
        "6": 77772
    },
    "20451": {
        "0": 1,
        "1": 8,
        "2": 71,
        "3": 635,
        "4": 5715,
        "5": 18852,
        "6": 51625
    },
    "20452": {
        "0": 1,
        "1": 8,
        "2": 71,
        "3": 626,
        "4": 5512,
        "5": 15824,
        "6": 33806
    },
    "20453": {
        "0": 1,
        "1": 9,
        "2": 78,
        "3": 681,
        "4": 5949,
        "5": 19408,
        "6": 49058
    },
    "20454": {
        "0": 1,
        "1": 9,
        "2": 76,
        "3": 661,
        "4": 5770,
        "5": 17772,
        "6": 39357
    },
    "20455": {
        "0": 1,
        "1": 10,
        "2": 85,
        "3": 726,
        "4": 6244,
        "5": 21384,
        "6": 51828
    },
    "20456": {
        "0": 1,
        "1": 9,
        "2": 77,
        "3": 664,
        "4": 5736,
        "5": 16832,
        "6": 33490
    },
    "20457": {
        "0": 1,
        "1": 14,
        "2": 126,
        "3": 1076,
        "4": 9143,
        "5": 45253,
        "6": 137826
    },
    "20458": {
        "0": 1,
        "1": 12,
        "2": 107,
        "3": 923,
        "4": 7883,
        "5": 34501,
        "6": 96345
    },
    "20459": {
        "0": 1,
        "1": 12,
        "2": 107,
        "3": 936,
        "4": 8128,
        "5": 37836,
        "6": 106283
    },
    "20460": {
        "0": 1,
        "1": 11,
        "2": 98,
        "3": 845,
        "4": 7234,
        "5": 29150,
        "6": 76837
    },
    "20461": {
        "0": 1,
        "1": 9,
        "2": 76,
        "3": 653,
        "4": 5633,
        "5": 15984,
        "6": 29062
    },
    "20462": {
        "0": 1,
        "1": 9,
        "2": 77,
        "3": 680,
        "4": 6081,
        "5": 21838,
        "6": 54115
    },
    "20463": {
        "0": 1,
        "1": 12,
        "2": 102,
        "3": 865,
        "4": 7393,
        "5": 30718,
        "6": 81487
    },
    "20464": {
        "0": 1,
        "1": 11,
        "2": 95,
        "3": 824,
        "4": 7150,
        "5": 29627,
        "6": 80604
    },
    "20465": {
        "0": 1,
        "1": 10,
        "2": 88,
        "3": 762,
        "4": 6604,
        "5": 24765,
        "6": 61138
    },
    "20466": {
        "0": 1,
        "1": 11,
        "2": 91,
        "3": 775,
        "4": 6666,
        "5": 24816,
        "6": 58915
    },
    "20467": {
        "0": 1,
        "1": 11,
        "2": 99,
        "3": 876,
        "4": 7682,
        "5": 34314,
        "6": 98863
    },
    "20468": {
        "0": 1,
        "1": 9,
        "2": 78,
        "3": 678,
        "4": 5964,
        "5": 19952,
        "6": 49301
    },
    "20469": {
        "0": 1,
        "1": 9,
        "2": 78,
        "3": 686,
        "4": 6030,
        "5": 20273,
        "6": 42924
    },
    "20470": {
        "0": 1,
        "1": 12,
        "2": 107,
        "3": 944,
        "4": 8298,
        "5": 40061,
        "6": 121240
    },
    "20471": {
        "0": 1,
        "1": 10,
        "2": 89,
        "3": 785,
        "4": 6925,
        "5": 28355,
        "6": 73545
    },
    "20472": {
        "0": 1,
        "1": 10,
        "2": 94,
        "3": 844,
        "4": 7530,
        "5": 33970,
        "6": 100834
    },
    "20473": {
        "0": 1,
        "1": 10,
        "2": 89,
        "3": 794,
        "4": 7053,
        "5": 29479,
        "6": 87236
    },
    "20474": {
        "0": 1,
        "1": 8,
        "2": 67,
        "3": 570,
        "4": 4893,
        "5": 9364,
        "6": 18270
    },
    "20475": {
        "0": 1,
        "1": 12,
        "2": 103,
        "3": 881,
        "4": 7575,
        "5": 32756,
        "6": 88652
    },
    "20476": {
        "0": 1,
        "1": 12,
        "2": 100,
        "3": 840,
        "4": 7207,
        "5": 29631,
        "6": 72821
    },
    "20477": {
        "0": 1,
        "1": 13,
        "2": 116,
        "3": 996,
        "4": 8539,
        "5": 40636,
        "6": 116763
    },
    "20478": {
        "0": 1,
        "1": 10,
        "2": 83,
        "3": 710,
        "4": 6114,
        "5": 20181,
        "6": 42767
    },
    "20479": {
        "0": 1,
        "1": 12,
        "2": 107,
        "3": 938,
        "4": 8181,
        "5": 38561,
        "6": 117885
    },
    "20480": {
        "0": 1,
        "1": 10,
        "2": 85,
        "3": 732,
        "4": 6304,
        "5": 21645,
        "6": 50957
    },
    "20481": {
        "0": 1,
        "1": 11,
        "2": 93,
        "3": 794,
        "4": 6743,
        "5": 24752,
        "6": 52743
    },
    "20482": {
        "0": 1,
        "1": 10,
        "2": 88,
        "3": 762,
        "4": 6627,
        "5": 24964,
        "6": 63576
    },
    "20483": {
        "0": 1,
        "1": 12,
        "2": 107,
        "3": 927,
        "4": 8020,
        "5": 36765,
        "6": 97172
    },
    "20484": {
        "0": 1,
        "1": 11,
        "2": 96,
        "3": 814,
        "4": 6851,
        "5": 24839,
        "6": 57974
    },
    "20485": {
        "0": 1,
        "1": 10,
        "2": 87,
        "3": 757,
        "4": 6608,
        "5": 24806,
        "6": 65180
    },
    "20486": {
        "0": 1,
        "1": 11,
        "2": 98,
        "3": 849,
        "4": 7429,
        "5": 32424,
        "6": 89979
    },
    "20487": {
        "0": 1,
        "1": 10,
        "2": 84,
        "3": 729,
        "4": 6379,
        "5": 23207,
        "6": 53000
    },
    "20488": {
        "0": 1,
        "1": 12,
        "2": 99,
        "3": 827,
        "4": 6953,
        "5": 26157,
        "6": 65308
    },
    "20489": {
        "0": 1,
        "1": 11,
        "2": 95,
        "3": 805,
        "4": 6852,
        "5": 25979,
        "6": 62040
    },
    "20490": {
        "0": 1,
        "1": 9,
        "2": 78,
        "3": 672,
        "4": 5783,
        "5": 17130,
        "6": 34673
    },
    "20491": {
        "0": 1,
        "1": 9,
        "2": 80,
        "3": 698,
        "4": 6083,
        "5": 20254,
        "6": 46922
    },
    "20492": {
        "0": 1,
        "1": 9,
        "2": 76,
        "3": 663,
        "4": 5824,
        "5": 18246,
        "6": 40952
    },
    "20493": {
        "0": 1,
        "1": 10,
        "2": 87,
        "3": 751,
        "4": 6488,
        "5": 23354,
        "6": 57005
    },
    "20494": {
        "0": 1,
        "1": 12,
        "2": 109,
        "3": 964,
        "4": 8378,
        "5": 39755,
        "6": 124707
    },
    "20495": {
        "0": 1,
        "1": 11,
        "2": 99,
        "3": 862,
        "4": 7550,
        "5": 33009,
        "6": 86473
    },
    "20496": {
        "0": 1,
        "1": 13,
        "2": 116,
        "3": 993,
        "4": 8491,
        "5": 40241,
        "6": 120662
    },
    "20497": {
        "0": 1,
        "1": 13,
        "2": 112,
        "3": 944,
        "4": 8004,
        "5": 35565,
        "6": 102287
    },
    "20498": {
        "0": 1,
        "1": 12,
        "2": 106,
        "3": 937,
        "4": 8289,
        "5": 40666,
        "6": 128848
    },
    "20499": {
        "0": 1,
        "1": 11,
        "2": 93,
        "3": 803,
        "4": 6979,
        "5": 28023,
        "6": 72448
    }
}