{
    "18500": {
        "0": 1,
        "1": 13,
        "2": 117,
        "3": 1009,
        "4": 8574,
        "5": 39926,
        "6": 114790
    },
    "18501": {
        "0": 1,
        "1": 12,
        "2": 110,
        "3": 988,
        "4": 8769,
        "5": 45017,
        "6": 155502
    },
    "18502": {
        "0": 1,
        "1": 11,
        "2": 98,
        "3": 875,
        "4": 7820,
        "5": 37250,
        "6": 117194
    },
    "18503": {
        "0": 1,
        "1": 11,
        "2": 94,
        "3": 821,
        "4": 7235,
        "5": 31360,
        "6": 86848
    },
    "18504": {
        "0": 1,
        "1": 12,
        "2": 108,
        "3": 946,
        "4": 8264,
        "5": 39418,
        "6": 121093
    },
    "18505": {
        "0": 1,
        "1": 9,
        "2": 77,
        "3": 660,
        "4": 5700,
        "5": 16484,
        "6": 36023
    },
    "18506": {
        "0": 1,
        "1": 10,
        "2": 82,
        "3": 694,
        "4": 5911,
        "5": 17905,
        "6": 34028
    },
    "18507": {
        "0": 1,
        "1": 11,
        "2": 98,
        "3": 869,
        "4": 7602,
        "5": 33492,
        "6": 89396
    },
    "18508": {
        "0": 1,
        "1": 12,
        "2": 111,
        "3": 1006,
        "4": 8901,
        "5": 45075,
        "6": 145612
    },
    "18509": {
        "0": 1,
        "1": 10,
        "2": 84,
        "3": 724,
        "4": 6285,
        "5": 21842,
        "6": 48336
    },
    "18510": {
        "0": 1,
        "1": 10,
        "2": 86,
        "3": 746,
        "4": 6482,
        "5": 23409,
        "6": 56864
    },
    "18511": {
        "0": 1,
        "1": 9,
        "2": 78,
        "3": 682,
        "4": 5968,
        "5": 19283,
        "6": 42683
    },
    "18512": {
        "0": 1,
        "1": 9,
        "2": 78,
        "3": 693,
        "4": 6113,
        "5": 20671,
        "6": 44182
    },
    "18513": {
        "0": 1,
        "1": 12,
        "2": 109,
        "3": 957,
        "4": 8341,
        "5": 40090,
        "6": 119119
    },
    "18514": {
        "0": 1,
        "1": 10,
        "2": 86,
        "3": 744,
        "4": 6431,
        "5": 22943,
        "6": 58269
    },
    "18515": {
        "0": 1,
        "1": 11,
        "2": 100,
        "3": 906,
        "4": 8157,
        "5": 40121,
        "6": 125830
    },
    "18516": {
        "0": 1,
        "1": 11,
        "2": 96,
        "3": 828,
        "4": 7111,
        "5": 28379,
        "6": 70740
    },
    "18517": {
        "0": 1,
        "1": 9,
        "2": 78,
        "3": 683,
        "4": 6028,
        "5": 20587,
        "6": 49342
    },
    "18518": {
        "0": 1,
        "1": 11,
        "2": 94,
        "3": 810,
        "4": 7018,
        "5": 28234,
        "6": 71459
    },
    "18519": {
        "0": 1,
        "1": 10,
        "2": 85,
        "3": 729,
        "4": 6283,
        "5": 21484,
        "6": 49912
    },
    "18520": {
        "0": 1,
        "1": 11,
        "2": 96,
        "3": 816,
        "4": 6923,
        "5": 26042,
        "6": 63705
    },
    "18521": {
        "0": 1,
        "1": 12,
        "2": 99,
        "3": 835,
        "4": 7184,
        "5": 29661,
        "6": 70482
    },
    "18522": {
        "0": 1,
        "1": 12,
        "2": 110,
        "3": 977,
        "4": 8553,
        "5": 41764,
        "6": 136950
    },
    "18523": {
        "0": 1,
        "1": 10,
        "2": 88,
        "3": 775,
        "4": 6790,
        "5": 26368,
        "6": 67857
    },
    "18524": {
        "0": 1,
        "1": 9,
        "2": 79,
        "3": 682,
        "4": 5886,
        "5": 17780,
        "6": 30792
    },
    "18525": {
        "0": 1,
        "1": 11,
        "2": 90,
        "3": 741,
        "4": 6166,
        "5": 19058,
        "6": 37120
    },
    "18526": {
        "0": 1,
        "1": 11,
        "2": 93,
        "3": 776,
        "4": 6510,
        "5": 22318,
        "6": 52180
    },
    "18527": {
        "0": 1,
        "1": 9,
        "2": 76,
        "3": 665,
        "4": 5835,
        "5": 18308,
        "6": 41279
    },
    "18528": {
        "0": 1,
        "1": 8,
        "2": 74,
        "3": 667,
        "4": 5979,
        "5": 20555,
        "6": 49792
    },
    "18529": {
        "0": 1,
        "1": 10,
        "2": 87,
        "3": 761,
        "4": 6680,
        "5": 26121,
        "6": 62555
    },
    "18530": {
        "0": 1,
        "1": 10,
        "2": 85,
        "3": 728,
        "4": 6279,
        "5": 21572,
        "6": 53377
    },
    "18531": {
        "0": 1,
        "1": 10,
        "2": 87,
        "3": 769,
        "4": 6837,
        "5": 27982,
        "6": 78786
    },
    "18532": {
        "0": 1,
        "1": 11,
        "2": 97,
        "3": 852,
        "4": 7408,
        "5": 31125,
        "6": 88765
    },
    "18533": {
        "0": 1,
        "1": 9,
        "2": 75,
        "3": 638,
        "4": 5461,
        "5": 14252,
        "6": 22928
    },
    "18534": {
        "0": 1,
        "1": 11,
        "2": 96,
        "3": 839,
        "4": 7300,
        "5": 30091,
        "6": 83362
    },
    "18535": {
        "0": 1,
        "1": 13,
        "2": 123,
        "3": 1099,
        "4": 9689,
        "5": 52258,
        "6": 181235
    },
    "18536": {
        "0": 1,
        "1": 12,
        "2": 103,
        "3": 879,
        "4": 7603,
        "5": 33388,
        "6": 94283
    },
    "18537": {
        "0": 1,
        "1": 8,
        "2": 68,
        "3": 582,
        "4": 5021,
        "5": 10827,
        "6": 15903
    },
    "18538": {
        "0": 1,
        "1": 12,
        "2": 104,
        "3": 888,
        "4": 7606,
        "5": 32719,
        "6": 90870
    },
    "18539": {
        "0": 1,
        "1": 10,
        "2": 93,
        "3": 840,
        "4": 7487,
        "5": 33446,
        "6": 92943
    },
    "18540": {
        "0": 1,
        "1": 11,
        "2": 91,
        "3": 777,
        "4": 6682,
        "5": 24477,
        "6": 53343
    },
    "18541": {
        "0": 1,
        "1": 10,
        "2": 86,
        "3": 761,
        "4": 6769,
        "5": 27652,
        "6": 78617
    },
    "18542": {
        "0": 1,
        "1": 10,
        "2": 88,
        "3": 772,
        "4": 6768,
        "5": 26644,
        "6": 67650
    },
    "18543": {
        "0": 1,
        "1": 12,
        "2": 99,
        "3": 828,
        "4": 6975,
        "5": 26237,
        "6": 51142
    },
    "18544": {
        "0": 1,
        "1": 8,
        "2": 73,
        "3": 659,
        "4": 5920,
        "5": 20198,
        "6": 51426
    },
    "18545": {
        "0": 1,
        "1": 9,
        "2": 81,
        "3": 721,
        "4": 6415,
        "5": 24098,
        "6": 56679
    },
    "18546": {
        "0": 1,
        "1": 10,
        "2": 89,
        "3": 809,
        "4": 7290,
        "5": 32180,
        "6": 92752
    },
    "18547": {
        "0": 1,
        "1": 11,
        "2": 99,
        "3": 859,
        "4": 7522,
        "5": 33516,
        "6": 100621
    },
    "18548": {
        "0": 1,
        "1": 10,
        "2": 91,
        "3": 810,
        "4": 7199,
        "5": 31185,
        "6": 91608
    },
    "18549": {
        "0": 1,
        "1": 10,
        "2": 87,
        "3": 740,
        "4": 6323,
        "5": 21415,
        "6": 49131
    },
    "18550": {
        "0": 1,
        "1": 9,
        "2": 77,
        "3": 673,
        "4": 5917,
        "5": 19325,
        "6": 43361
    },
    "18551": {
        "0": 1,
        "1": 9,
        "2": 76,
        "3": 655,
        "4": 5695,
        "5": 17020,
        "6": 35586
    },
    "18552": {
        "0": 1,
        "1": 12,
        "2": 109,
        "3": 951,
        "4": 8228,
        "5": 38292,
        "6": 118642
    },
    "18553": {
        "0": 1,
        "1": 13,
        "2": 120,
        "3": 1047,
        "4": 9063,
        "5": 45837,
        "6": 140901
    },
    "18554": {
        "0": 1,
        "1": 11,
        "2": 95,
        "3": 830,
        "4": 7317,
        "5": 31945,
        "6": 91054
    },
    "18555": {
        "0": 1,
        "1": 13,
        "2": 115,
        "3": 979,
        "4": 8370,
        "5": 39401,
        "6": 122210
    },
    "18556": {
        "0": 1,
        "1": 11,
        "2": 95,
        "3": 817,
        "4": 7043,
        "5": 27969,
        "6": 74433
    },
    "18557": {
        "0": 1,
        "1": 10,
        "2": 84,
        "3": 715,
        "4": 6113,
        "5": 19638,
        "6": 43259
    },
    "18558": {
        "0": 1,
        "1": 9,
        "2": 74,
        "3": 619,
        "4": 5224,
        "5": 11613,
        "6": 17745
    },
    "18559": {
        "0": 1,
        "1": 13,
        "2": 111,
        "3": 939,
        "4": 8015,
        "5": 36147,
        "6": 100103
    },
    "18560": {
        "0": 1,
        "1": 10,
        "2": 86,
        "3": 753,
        "4": 6584,
        "5": 24824,
        "6": 58451
    },
    "18561": {
        "0": 1,
        "1": 10,
        "2": 88,
        "3": 760,
        "4": 6588,
        "5": 24508,
        "6": 61505
    },
    "18562": {
        "0": 1,
        "1": 13,
        "2": 113,
        "3": 961,
        "4": 8244,
        "5": 38395,
        "6": 122154
    },
    "18563": {
        "0": 1,
        "1": 11,
        "2": 95,
        "3": 811,
        "4": 6951,
        "5": 27155,
        "6": 74670
    },
    "18564": {
        "0": 1,
        "1": 12,
        "2": 106,
        "3": 918,
        "4": 7949,
        "5": 36190,
        "6": 114039
    },
    "18565": {
        "0": 1,
        "1": 10,
        "2": 85,
        "3": 715,
        "4": 6023,
        "5": 18031,
        "6": 35297
    },
    "18566": {
        "0": 1,
        "1": 9,
        "2": 78,
        "3": 683,
        "4": 6009,
        "5": 20195,
        "6": 44486
    },
    "18567": {
        "0": 1,
        "1": 10,
        "2": 82,
        "3": 708,
        "4": 6181,
        "5": 21506,
        "6": 50677
    },
    "18568": {
        "0": 1,
        "1": 10,
        "2": 89,
        "3": 785,
        "4": 6950,
        "5": 28813,
        "6": 78915
    },
    "18569": {
        "0": 1,
        "1": 10,
        "2": 84,
        "3": 720,
        "4": 6171,
        "5": 19903,
        "6": 43002
    },
    "18570": {
        "0": 1,
        "1": 11,
        "2": 88,
        "3": 749,
        "4": 6441,
        "5": 23088,
        "6": 50085
    },
    "18571": {
        "0": 1,
        "1": 12,
        "2": 107,
        "3": 926,
        "4": 7987,
        "5": 36150,
        "6": 104505
    },
    "18572": {
        "0": 1,
        "1": 11,
        "2": 96,
        "3": 841,
        "4": 7355,
        "5": 31196,
        "6": 82165
    },
    "18573": {
        "0": 1,
        "1": 11,
        "2": 90,
        "3": 763,
        "4": 6552,
        "5": 23713,
        "6": 58211
    },
    "18574": {
        "0": 1,
        "1": 11,
        "2": 94,
        "3": 829,
        "4": 7342,
        "5": 32067,
        "6": 90124
    },
    "18575": {
        "0": 1,
        "1": 10,
        "2": 87,
        "3": 764,
        "4": 6702,
        "5": 25884,
        "6": 64702
    },
    "18576": {
        "0": 1,
        "1": 11,
        "2": 93,
        "3": 798,
        "4": 6871,
        "5": 26836,
        "6": 61760
    },
    "18577": {
        "0": 1,
        "1": 10,
        "2": 89,
        "3": 792,
        "4": 7038,
        "5": 29169,
        "6": 78013
    },
    "18578": {
        "0": 1,
        "1": 12,
        "2": 105,
        "3": 896,
        "4": 7665,
        "5": 33153,
        "6": 90875
    },
    "18579": {
        "0": 1,
        "1": 11,
        "2": 94,
        "3": 797,
        "4": 6762,
        "5": 24552,
        "6": 61250
    },
    "18580": {
        "0": 1,
        "1": 9,
        "2": 78,
        "3": 685,
        "4": 5996,
        "5": 19671,
        "6": 38120
    },
    "18581": {
        "0": 1,
        "1": 10,
        "2": 84,
        "3": 721,
        "4": 6223,
        "5": 21099,
        "6": 44826
    },
    "18582": {
        "0": 1,
        "1": 12,
        "2": 110,
        "3": 980,
        "4": 8658,
        "5": 43200,
        "6": 135989
    },
    "18583": {
        "0": 1,
        "1": 12,
        "2": 105,
        "3": 910,
        "4": 7967,
        "5": 37137,
        "6": 113164
    },
    "18584": {
        "0": 1,
        "1": 12,
        "2": 104,
        "3": 866,
        "4": 7199,
        "5": 27471,
        "6": 68230
    },
    "18585": {
        "0": 1,
        "1": 12,
        "2": 101,
        "3": 851,
        "4": 7270,
        "5": 29922,
        "6": 77121
    },
    "18586": {
        "0": 1,
        "1": 10,
        "2": 85,
        "3": 728,
        "4": 6217,
        "5": 20190,
        "6": 45410
    },
    "18587": {
        "0": 1,
        "1": 8,
        "2": 69,
        "3": 596,
        "4": 5175,
        "5": 12490,
        "6": 20456
    },
    "18588": {
        "0": 1,
        "1": 10,
        "2": 87,
        "3": 762,
        "4": 6686,
        "5": 25936,
        "6": 64857
    },
    "18589": {
        "0": 1,
        "1": 10,
        "2": 90,
        "3": 815,
        "4": 7306,
        "5": 31936,
        "6": 89753
    },
    "18590": {
        "0": 1,
        "1": 11,
        "2": 96,
        "3": 838,
        "4": 7282,
        "5": 30495,
        "6": 83888
    },
    "18591": {
        "0": 1,
        "1": 11,
        "2": 104,
        "3": 946,
        "4": 8533,
        "5": 43622,
        "6": 145396
    },
    "18592": {
        "0": 1,
        "1": 9,
        "2": 78,
        "3": 682,
        "4": 5943,
        "5": 18814,
        "6": 40454
    },
    "18593": {
        "0": 1,
        "1": 11,
        "2": 94,
        "3": 815,
        "4": 7050,
        "5": 28327,
        "6": 72431
    },
    "18594": {
        "0": 1,
        "1": 11,
        "2": 92,
        "3": 785,
        "4": 6750,
        "5": 25641,
        "6": 59225
    },
    "18595": {
        "0": 1,
        "1": 9,
        "2": 79,
        "3": 697,
        "4": 6128,
        "5": 21033,
        "6": 47842
    },
    "18596": {
        "0": 1,
        "1": 13,
        "2": 119,
        "3": 1051,
        "4": 9159,
        "5": 46829,
        "6": 151068
    },
    "18597": {
        "0": 1,
        "1": 9,
        "2": 81,
        "3": 712,
        "4": 6275,
        "5": 22523,
        "6": 54851
    },
    "18598": {
        "0": 1,
        "1": 11,
        "2": 95,
        "3": 804,
        "4": 6825,
        "5": 25474,
        "6": 63407
    },
    "18599": {
        "0": 1,
        "1": 12,
        "2": 102,
        "3": 856,
        "4": 7208,
        "5": 28378,
        "6": 69254
    }
}