{
    "29800": {
        "0": 1,
        "1": 11,
        "2": 94,
        "3": 814,
        "4": 7039,
        "5": 28160,
        "6": 70536
    },
    "29801": {
        "0": 1,
        "1": 11,
        "2": 92,
        "3": 778,
        "4": 6697,
        "5": 25448,
        "6": 59571
    },
    "29802": {
        "0": 1,
        "1": 10,
        "2": 84,
        "3": 715,
        "4": 6115,
        "5": 19770,
        "6": 42960
    },
    "29803": {
        "0": 1,
        "1": 11,
        "2": 97,
        "3": 859,
        "4": 7513,
        "5": 32266,
        "6": 72668
    },
    "29804": {
        "0": 1,
        "1": 9,
        "2": 72,
        "3": 593,
        "4": 4955,
        "5": 9210,
        "6": 13721
    },
    "29805": {
        "0": 1,
        "1": 10,
        "2": 86,
        "3": 739,
        "4": 6378,
        "5": 22668,
        "6": 52522
    },
    "29806": {
        "0": 1,
        "1": 11,
        "2": 95,
        "3": 846,
        "4": 7536,
        "5": 33932,
        "6": 92785
    },
    "29807": {
        "0": 1,
        "1": 9,
        "2": 75,
        "3": 653,
        "4": 5720,
        "5": 17558,
        "6": 39916
    },
    "29808": {
        "0": 1,
        "1": 12,
        "2": 102,
        "3": 891,
        "4": 7765,
        "5": 34632,
        "6": 88229
    },
    "29809": {
        "0": 1,
        "1": 11,
        "2": 93,
        "3": 808,
        "4": 7040,
        "5": 28398,
        "6": 67266
    },
    "29810": {
        "0": 1,
        "1": 11,
        "2": 95,
        "3": 815,
        "4": 7051,
        "5": 28621,
        "6": 73840
    },
    "29811": {
        "0": 1,
        "1": 9,
        "2": 77,
        "3": 666,
        "4": 5781,
        "5": 17315,
        "6": 36649
    },
    "29812": {
        "0": 1,
        "1": 11,
        "2": 96,
        "3": 824,
        "4": 7060,
        "5": 27929,
        "6": 75698
    },
    "29813": {
        "0": 1,
        "1": 11,
        "2": 90,
        "3": 758,
        "4": 6454,
        "5": 22606,
        "6": 47394
    },
    "29814": {
        "0": 1,
        "1": 11,
        "2": 98,
        "3": 851,
        "4": 7358,
        "5": 31043,
        "6": 85286
    },
    "29815": {
        "0": 1,
        "1": 10,
        "2": 88,
        "3": 773,
        "4": 6759,
        "5": 26177,
        "6": 63674
    },
    "29816": {
        "0": 1,
        "1": 11,
        "2": 96,
        "3": 849,
        "4": 7476,
        "5": 33133,
        "6": 89202
    },
    "29817": {
        "0": 1,
        "1": 10,
        "2": 88,
        "3": 784,
        "4": 6973,
        "5": 28860,
        "6": 86006
    },
    "29818": {
        "0": 1,
        "1": 10,
        "2": 90,
        "3": 801,
        "4": 7122,
        "5": 30567,
        "6": 90076
    },
    "29819": {
        "0": 1,
        "1": 10,
        "2": 85,
        "3": 740,
        "4": 6448,
        "5": 23507,
        "6": 56959
    },
    "29820": {
        "0": 1,
        "1": 11,
        "2": 95,
        "3": 816,
        "4": 7012,
        "5": 27707,
        "6": 66991
    },
    "29821": {
        "0": 1,
        "1": 12,
        "2": 109,
        "3": 946,
        "4": 8134,
        "5": 37269,
        "6": 105327
    },
    "29822": {
        "0": 1,
        "1": 12,
        "2": 108,
        "3": 945,
        "4": 8248,
        "5": 39386,
        "6": 119609
    },
    "29823": {
        "0": 1,
        "1": 9,
        "2": 76,
        "3": 662,
        "4": 5832,
        "5": 18995,
        "6": 40920
    },
    "29824": {
        "0": 1,
        "1": 11,
        "2": 96,
        "3": 830,
        "4": 7175,
        "5": 29339,
        "6": 83569
    },
    "29825": {
        "0": 1,
        "1": 10,
        "2": 83,
        "3": 699,
        "4": 5953,
        "5": 18345,
        "6": 42599
    },
    "29826": {
        "0": 1,
        "1": 9,
        "2": 78,
        "3": 677,
        "4": 5898,
        "5": 18582,
        "6": 41853
    },
    "29827": {
        "0": 1,
        "1": 10,
        "2": 87,
        "3": 766,
        "4": 6690,
        "5": 25408,
        "6": 59920
    },
    "29828": {
        "0": 1,
        "1": 11,
        "2": 99,
        "3": 880,
        "4": 7805,
        "5": 36381,
        "6": 101645
    },
    "29829": {
        "0": 1,
        "1": 15,
        "2": 130,
        "3": 1068,
        "4": 8877,
        "5": 42007,
        "6": 121125
    },
    "29830": {
        "0": 1,
        "1": 14,
        "2": 127,
        "3": 1086,
        "4": 9272,
        "5": 46814,
        "6": 149076
    },
    "29831": {
        "0": 1,
        "1": 10,
        "2": 86,
        "3": 740,
        "4": 6418,
        "5": 23166,
        "6": 55354
    },
    "29832": {
        "0": 1,
        "1": 12,
        "2": 108,
        "3": 967,
        "4": 8571,
        "5": 42646,
        "6": 136362
    },
    "29833": {
        "0": 1,
        "1": 12,
        "2": 104,
        "3": 884,
        "4": 7520,
        "5": 31616,
        "6": 84098
    },
    "29834": {
        "0": 1,
        "1": 11,
        "2": 98,
        "3": 856,
        "4": 7427,
        "5": 31537,
        "6": 85134
    },
    "29835": {
        "0": 1,
        "1": 13,
        "2": 115,
        "3": 968,
        "4": 8135,
        "5": 36111,
        "6": 95190
    },
    "29836": {
        "0": 1,
        "1": 10,
        "2": 88,
        "3": 777,
        "4": 6898,
        "5": 28642,
        "6": 77244
    },
    "29837": {
        "0": 1,
        "1": 12,
        "2": 109,
        "3": 960,
        "4": 8378,
        "5": 40251,
        "6": 125464
    },
    "29838": {
        "0": 1,
        "1": 12,
        "2": 104,
        "3": 897,
        "4": 7768,
        "5": 34654,
        "6": 92429
    },
    "29839": {
        "0": 1,
        "1": 11,
        "2": 96,
        "3": 827,
        "4": 7118,
        "5": 28551,
        "6": 74048
    },
    "29840": {
        "0": 1,
        "1": 9,
        "2": 78,
        "3": 685,
        "4": 5994,
        "5": 19637,
        "6": 40789
    },
    "29841": {
        "0": 1,
        "1": 10,
        "2": 85,
        "3": 727,
        "4": 6225,
        "5": 20443,
        "6": 42315
    },
    "29842": {
        "0": 1,
        "1": 11,
        "2": 92,
        "3": 776,
        "4": 6574,
        "5": 23176,
        "6": 57278
    },
    "29843": {
        "0": 1,
        "1": 12,
        "2": 106,
        "3": 924,
        "4": 8082,
        "5": 38249,
        "6": 119112
    },
    "29844": {
        "0": 1,
        "1": 11,
        "2": 95,
        "3": 832,
        "4": 7283,
        "5": 31033,
        "6": 91011
    },
    "29845": {
        "0": 1,
        "1": 10,
        "2": 86,
        "3": 749,
        "4": 6514,
        "5": 23823,
        "6": 56432
    },
    "29846": {
        "0": 1,
        "1": 11,
        "2": 94,
        "3": 815,
        "4": 7180,
        "5": 31105,
        "6": 90763
    },
    "29847": {
        "0": 1,
        "1": 11,
        "2": 97,
        "3": 845,
        "4": 7384,
        "5": 31939,
        "6": 86714
    },
    "29848": {
        "0": 1,
        "1": 11,
        "2": 96,
        "3": 826,
        "4": 7113,
        "5": 28524,
        "6": 75569
    },
    "29849": {
        "0": 1,
        "1": 12,
        "2": 105,
        "3": 902,
        "4": 7811,
        "5": 35114,
        "6": 104569
    },
    "29850": {
        "0": 1,
        "1": 10,
        "2": 88,
        "3": 771,
        "4": 6749,
        "5": 26260,
        "6": 69801
    },
    "29851": {
        "0": 1,
        "1": 11,
        "2": 95,
        "3": 823,
        "4": 7128,
        "5": 29185,
        "6": 78170
    },
    "29852": {
        "0": 1,
        "1": 13,
        "2": 119,
        "3": 1035,
        "4": 8889,
        "5": 43660,
        "6": 140075
    },
    "29853": {
        "0": 1,
        "1": 11,
        "2": 93,
        "3": 793,
        "4": 6830,
        "5": 26542,
        "6": 67393
    },
    "29854": {
        "0": 1,
        "1": 12,
        "2": 105,
        "3": 895,
        "4": 7630,
        "5": 32316,
        "6": 86708
    },
    "29855": {
        "0": 1,
        "1": 11,
        "2": 92,
        "3": 774,
        "4": 6526,
        "5": 22524,
        "6": 43693
    },
    "29856": {
        "0": 1,
        "1": 11,
        "2": 91,
        "3": 778,
        "4": 6685,
        "5": 24832,
        "6": 62436
    },
    "29857": {
        "0": 1,
        "1": 10,
        "2": 86,
        "3": 742,
        "4": 6394,
        "5": 22385,
        "6": 57429
    },
    "29858": {
        "0": 1,
        "1": 11,
        "2": 97,
        "3": 865,
        "4": 7721,
        "5": 35710,
        "6": 107849
    },
    "29859": {
        "0": 1,
        "1": 12,
        "2": 107,
        "3": 935,
        "4": 8139,
        "5": 37876,
        "6": 105160
    },
    "29860": {
        "0": 1,
        "1": 12,
        "2": 108,
        "3": 949,
        "4": 8267,
        "5": 38874,
        "6": 112183
    },
    "29861": {
        "0": 1,
        "1": 11,
        "2": 96,
        "3": 847,
        "4": 7473,
        "5": 33149,
        "6": 91781
    },
    "29862": {
        "0": 1,
        "1": 13,
        "2": 119,
        "3": 1039,
        "4": 9021,
        "5": 45848,
        "6": 154489
    },
    "29863": {
        "0": 1,
        "1": 13,
        "2": 110,
        "3": 914,
        "4": 7659,
        "5": 31952,
        "6": 83488
    },
    "29864": {
        "0": 1,
        "1": 11,
        "2": 94,
        "3": 818,
        "4": 7149,
        "5": 29662,
        "6": 75939
    },
    "29865": {
        "0": 1,
        "1": 10,
        "2": 84,
        "3": 711,
        "4": 6060,
        "5": 19299,
        "6": 43100
    },
    "29866": {
        "0": 1,
        "1": 13,
        "2": 112,
        "3": 945,
        "4": 7967,
        "5": 34541,
        "6": 95356
    },
    "29867": {
        "0": 1,
        "1": 10,
        "2": 86,
        "3": 763,
        "4": 6825,
        "5": 28451,
        "6": 74632
    },
    "29868": {
        "0": 1,
        "1": 9,
        "2": 76,
        "3": 656,
        "4": 5710,
        "5": 17221,
        "6": 31593
    },
    "29869": {
        "0": 1,
        "1": 10,
        "2": 86,
        "3": 736,
        "4": 6316,
        "5": 21453,
        "6": 43833
    },
    "29870": {
        "0": 1,
        "1": 10,
        "2": 86,
        "3": 753,
        "4": 6607,
        "5": 25402,
        "6": 62005
    },
    "29871": {
        "0": 1,
        "1": 12,
        "2": 104,
        "3": 903,
        "4": 7885,
        "5": 36077,
        "6": 105276
    },
    "29872": {
        "0": 1,
        "1": 12,
        "2": 104,
        "3": 911,
        "4": 8017,
        "5": 37601,
        "6": 115853
    },
    "29873": {
        "0": 1,
        "1": 12,
        "2": 100,
        "3": 831,
        "4": 7019,
        "5": 27197,
        "6": 66416
    },
    "29874": {
        "0": 1,
        "1": 11,
        "2": 95,
        "3": 822,
        "4": 7167,
        "5": 29623,
        "6": 84299
    },
    "29875": {
        "0": 1,
        "1": 10,
        "2": 85,
        "3": 735,
        "4": 6359,
        "5": 22389,
        "6": 52461
    },
    "29876": {
        "0": 1,
        "1": 10,
        "2": 88,
        "3": 779,
        "4": 6882,
        "5": 28055,
        "6": 74850
    },
    "29877": {
        "0": 1,
        "1": 11,
        "2": 97,
        "3": 846,
        "4": 7411,
        "5": 32009,
        "6": 87294
    },
    "29878": {
        "0": 1,
        "1": 9,
        "2": 79,
        "3": 702,
        "4": 6229,
        "5": 22464,
        "6": 52826
    },
    "29879": {
        "0": 1,
        "1": 10,
        "2": 86,
        "3": 746,
        "4": 6498,
        "5": 23528,
        "6": 58329
    },
    "29880": {
        "0": 1,
        "1": 9,
        "2": 74,
        "3": 634,
        "4": 5453,
        "5": 14294,
        "6": 33005
    },
    "29881": {
        "0": 1,
        "1": 9,
        "2": 79,
        "3": 694,
        "4": 6094,
        "5": 20852,
        "6": 50664
    },
    "29882": {
        "0": 1,
        "1": 11,
        "2": 94,
        "3": 822,
        "4": 7174,
        "5": 29561,
        "6": 73271
    },
    "29883": {
        "0": 1,
        "1": 11,
        "2": 101,
        "3": 896,
        "4": 7871,
        "5": 36045,
        "6": 107705
    },
    "29884": {
        "0": 1,
        "1": 10,
        "2": 88,
        "3": 781,
        "4": 6886,
        "5": 27692,
        "6": 87707
    },
    "29885": {
        "0": 1,
        "1": 10,
        "2": 85,
        "3": 734,
        "4": 6361,
        "5": 22635,
        "6": 52471
    },
    "29886": {
        "0": 1,
        "1": 12,
        "2": 106,
        "3": 913,
        "4": 7843,
        "5": 34614,
        "6": 92063
    },
    "29887": {
        "0": 1,
        "1": 10,
        "2": 86,
        "3": 747,
        "4": 6509,
        "5": 23865,
        "6": 57439
    },
    "29888": {
        "0": 1,
        "1": 11,
        "2": 95,
        "3": 813,
        "4": 6970,
        "5": 27252,
        "6": 71682
    },
    "29889": {
        "0": 1,
        "1": 9,
        "2": 77,
        "3": 673,
        "4": 5878,
        "5": 18677,
        "6": 39295
    },
    "29890": {
        "0": 1,
        "1": 11,
        "2": 97,
        "3": 860,
        "4": 7647,
        "5": 35048,
        "6": 104109
    },
    "29891": {
        "0": 1,
        "1": 9,
        "2": 77,
        "3": 667,
        "4": 5831,
        "5": 18240,
        "6": 40533
    },
    "29892": {
        "0": 1,
        "1": 8,
        "2": 68,
        "3": 578,
        "4": 4943,
        "5": 9746,
        "6": 16008
    },
    "29893": {
        "0": 1,
        "1": 11,
        "2": 98,
        "3": 846,
        "4": 7279,
        "5": 29686,
        "6": 80638
    },
    "29894": {
        "0": 1,
        "1": 10,
        "2": 87,
        "3": 764,
        "4": 6733,
        "5": 26667,
        "6": 69031
    },
    "29895": {
        "0": 1,
        "1": 11,
        "2": 91,
        "3": 756,
        "4": 6398,
        "5": 22059,
        "6": 49043
    },
    "29896": {
        "0": 1,
        "1": 11,
        "2": 95,
        "3": 830,
        "4": 7268,
        "5": 31291,
        "6": 84586
    },
    "29897": {
        "0": 1,
        "1": 11,
        "2": 93,
        "3": 793,
        "4": 6767,
        "5": 25196,
        "6": 57405
    },
    "29898": {
        "0": 1,
        "1": 10,
        "2": 86,
        "3": 740,
        "4": 6403,
        "5": 22862,
        "6": 49793
    },
    "29899": {
        "0": 1,
        "1": 9,
        "2": 76,
        "3": 650,
        "4": 5611,
        "5": 15869,
        "6": 31715
    }
}