{
    "16100": {
        "0": 1,
        "1": 12,
        "2": 105,
        "3": 905,
        "4": 7839,
        "5": 35119,
        "6": 105622
    },
    "16101": {
        "0": 1,
        "1": 12,
        "2": 107,
        "3": 922,
        "4": 7869,
        "5": 34265,
        "6": 95201
    },
    "16102": {
        "0": 1,
        "1": 12,
        "2": 108,
        "3": 938,
        "4": 8115,
        "5": 37382,
        "6": 107809
    },
    "16103": {
        "0": 1,
        "1": 11,
        "2": 93,
        "3": 793,
        "4": 6782,
        "5": 25399,
        "6": 56773
    },
    "16104": {
        "0": 1,
        "1": 13,
        "2": 115,
        "3": 986,
        "4": 8427,
        "5": 39625,
        "6": 113750
    },
    "16105": {
        "0": 1,
        "1": 10,
        "2": 87,
        "3": 766,
        "4": 6766,
        "5": 27214,
        "6": 73619
    },
    "16106": {
        "0": 1,
        "1": 10,
        "2": 89,
        "3": 794,
        "4": 7097,
        "5": 30535,
        "6": 83692
    },
    "16107": {
        "0": 1,
        "1": 12,
        "2": 108,
        "3": 942,
        "4": 8199,
        "5": 38566,
        "6": 119477
    },
    "16108": {
        "0": 1,
        "1": 12,
        "2": 105,
        "3": 896,
        "4": 7694,
        "5": 33869,
        "6": 91083
    },
    "16109": {
        "0": 1,
        "1": 9,
        "2": 78,
        "3": 674,
        "4": 5813,
        "5": 17452,
        "6": 36701
    },
    "16110": {
        "0": 1,
        "1": 10,
        "2": 92,
        "3": 830,
        "4": 7476,
        "5": 34266,
        "6": 106182
    },
    "16111": {
        "0": 1,
        "1": 9,
        "2": 80,
        "3": 712,
        "4": 6357,
        "5": 23958,
        "6": 59353
    },
    "16112": {
        "0": 1,
        "1": 10,
        "2": 84,
        "3": 712,
        "4": 6052,
        "5": 18920,
        "6": 41531
    },
    "16113": {
        "0": 1,
        "1": 12,
        "2": 103,
        "3": 881,
        "4": 7561,
        "5": 32507,
        "6": 90503
    },
    "16114": {
        "0": 1,
        "1": 11,
        "2": 100,
        "3": 895,
        "4": 7937,
        "5": 37278,
        "6": 112092
    },
    "16115": {
        "0": 1,
        "1": 11,
        "2": 96,
        "3": 836,
        "4": 7212,
        "5": 29365,
        "6": 74253
    },
    "16116": {
        "0": 1,
        "1": 11,
        "2": 93,
        "3": 788,
        "4": 6708,
        "5": 24706,
        "6": 55840
    },
    "16117": {
        "0": 1,
        "1": 11,
        "2": 91,
        "3": 768,
        "4": 6533,
        "5": 22817,
        "6": 51095
    },
    "16118": {
        "0": 1,
        "1": 8,
        "2": 69,
        "3": 595,
        "4": 5150,
        "5": 11695,
        "6": 22437
    },
    "16119": {
        "0": 1,
        "1": 10,
        "2": 83,
        "3": 705,
        "4": 6016,
        "5": 18903,
        "6": 40936
    },
    "16120": {
        "0": 1,
        "1": 10,
        "2": 85,
        "3": 734,
        "4": 6394,
        "5": 23104,
        "6": 56147
    },
    "16121": {
        "0": 1,
        "1": 12,
        "2": 109,
        "3": 953,
        "4": 8258,
        "5": 38711,
        "6": 111947
    },
    "16122": {
        "0": 1,
        "1": 10,
        "2": 87,
        "3": 751,
        "4": 6503,
        "5": 23588,
        "6": 57952
    },
    "16123": {
        "0": 1,
        "1": 10,
        "2": 85,
        "3": 735,
        "4": 6368,
        "5": 22277,
        "6": 50133
    },
    "16124": {
        "0": 1,
        "1": 12,
        "2": 106,
        "3": 906,
        "4": 7703,
        "5": 32721,
        "6": 90173
    },
    "16125": {
        "0": 1,
        "1": 10,
        "2": 89,
        "3": 804,
        "4": 7221,
        "5": 31858,
        "6": 89698
    },
    "16126": {
        "0": 1,
        "1": 10,
        "2": 85,
        "3": 745,
        "4": 6620,
        "5": 26086,
        "6": 67070
    },
    "16127": {
        "0": 1,
        "1": 9,
        "2": 77,
        "3": 661,
        "4": 5732,
        "5": 17234,
        "6": 33774
    },
    "16128": {
        "0": 1,
        "1": 11,
        "2": 97,
        "3": 835,
        "4": 7172,
        "5": 28892,
        "6": 76068
    },
    "16129": {
        "0": 1,
        "1": 9,
        "2": 75,
        "3": 645,
        "4": 5532,
        "5": 14688,
        "6": 24690
    },
    "16130": {
        "0": 1,
        "1": 10,
        "2": 85,
        "3": 739,
        "4": 6428,
        "5": 23197,
        "6": 54423
    },
    "16131": {
        "0": 1,
        "1": 12,
        "2": 102,
        "3": 879,
        "4": 7605,
        "5": 32983,
        "6": 84673
    },
    "16132": {
        "0": 1,
        "1": 9,
        "2": 78,
        "3": 684,
        "4": 6055,
        "5": 20834,
        "6": 51398
    },
    "16133": {
        "0": 1,
        "1": 13,
        "2": 114,
        "3": 966,
        "4": 8237,
        "5": 38032,
        "6": 108342
    },
    "16134": {
        "0": 1,
        "1": 11,
        "2": 91,
        "3": 769,
        "4": 6518,
        "5": 22497,
        "6": 44985
    },
    "16135": {
        "0": 1,
        "1": 11,
        "2": 97,
        "3": 841,
        "4": 7311,
        "5": 30899,
        "6": 77840
    },
    "16136": {
        "0": 1,
        "1": 12,
        "2": 107,
        "3": 925,
        "4": 7928,
        "5": 35280,
        "6": 100564
    },
    "16137": {
        "0": 1,
        "1": 10,
        "2": 81,
        "3": 689,
        "4": 5884,
        "5": 17535,
        "6": 36604
    },
    "16138": {
        "0": 1,
        "1": 11,
        "2": 96,
        "3": 823,
        "4": 7083,
        "5": 28193,
        "6": 76726
    },
    "16139": {
        "0": 1,
        "1": 11,
        "2": 92,
        "3": 785,
        "4": 6784,
        "5": 26269,
        "6": 72723
    },
    "16140": {
        "0": 1,
        "1": 11,
        "2": 94,
        "3": 813,
        "4": 7127,
        "5": 30245,
        "6": 85589
    },
    "16141": {
        "0": 1,
        "1": 10,
        "2": 87,
        "3": 758,
        "4": 6598,
        "5": 24428,
        "6": 60661
    },
    "16142": {
        "0": 1,
        "1": 10,
        "2": 83,
        "3": 708,
        "4": 6053,
        "5": 19016,
        "6": 38337
    },
    "16143": {
        "0": 1,
        "1": 11,
        "2": 96,
        "3": 829,
        "4": 7195,
        "5": 29865,
        "6": 72922
    },
    "16144": {
        "0": 1,
        "1": 11,
        "2": 94,
        "3": 812,
        "4": 7066,
        "5": 28654,
        "6": 68681
    },
    "16145": {
        "0": 1,
        "1": 9,
        "2": 75,
        "3": 642,
        "4": 5548,
        "5": 15544,
        "6": 30124
    },
    "16146": {
        "0": 1,
        "1": 11,
        "2": 94,
        "3": 796,
        "4": 6750,
        "5": 24802,
        "6": 53395
    },
    "16147": {
        "0": 1,
        "1": 9,
        "2": 78,
        "3": 678,
        "4": 5913,
        "5": 18907,
        "6": 41574
    },
    "16148": {
        "0": 1,
        "1": 12,
        "2": 104,
        "3": 888,
        "4": 7601,
        "5": 32762,
        "6": 93382
    },
    "16149": {
        "0": 1,
        "1": 9,
        "2": 78,
        "3": 690,
        "4": 6108,
        "5": 21382,
        "6": 49401
    },
    "16150": {
        "0": 1,
        "1": 9,
        "2": 77,
        "3": 666,
        "4": 5795,
        "5": 17953,
        "6": 46017
    },
    "16151": {
        "0": 1,
        "1": 11,
        "2": 96,
        "3": 823,
        "4": 7057,
        "5": 27830,
        "6": 70093
    },
    "16152": {
        "0": 1,
        "1": 12,
        "2": 103,
        "3": 866,
        "4": 7328,
        "5": 29759,
        "6": 82005
    },
    "16153": {
        "0": 1,
        "1": 12,
        "2": 106,
        "3": 910,
        "4": 7759,
        "5": 33206,
        "6": 92066
    },
    "16154": {
        "0": 1,
        "1": 9,
        "2": 75,
        "3": 641,
        "4": 5505,
        "5": 14835,
        "6": 25649
    },
    "16155": {
        "0": 1,
        "1": 11,
        "2": 91,
        "3": 755,
        "4": 6290,
        "5": 19628,
        "6": 36962
    },
    "16156": {
        "0": 1,
        "1": 9,
        "2": 80,
        "3": 713,
        "4": 6294,
        "5": 22561,
        "6": 53636
    },
    "16157": {
        "0": 1,
        "1": 12,
        "2": 103,
        "3": 879,
        "4": 7555,
        "5": 32662,
        "6": 90455
    },
    "16158": {
        "0": 1,
        "1": 11,
        "2": 92,
        "3": 784,
        "4": 6723,
        "5": 25061,
        "6": 55275
    },
    "16159": {
        "0": 1,
        "1": 11,
        "2": 94,
        "3": 804,
        "4": 6932,
        "5": 27442,
        "6": 70491
    },
    "16160": {
        "0": 1,
        "1": 12,
        "2": 101,
        "3": 853,
        "4": 7270,
        "5": 29682,
        "6": 74139
    },
    "16161": {
        "0": 1,
        "1": 11,
        "2": 96,
        "3": 818,
        "4": 7030,
        "5": 28129,
        "6": 73472
    },
    "16162": {
        "0": 1,
        "1": 10,
        "2": 87,
        "3": 773,
        "4": 6865,
        "5": 28181,
        "6": 71876
    },
    "16163": {
        "0": 1,
        "1": 10,
        "2": 84,
        "3": 722,
        "4": 6245,
        "5": 21366,
        "6": 46103
    },
    "16164": {
        "0": 1,
        "1": 11,
        "2": 94,
        "3": 825,
        "4": 7252,
        "5": 31069,
        "6": 82425
    },
    "16165": {
        "0": 1,
        "1": 9,
        "2": 80,
        "3": 713,
        "4": 6413,
        "5": 25041,
        "6": 66661
    },
    "16166": {
        "0": 1,
        "1": 11,
        "2": 96,
        "3": 832,
        "4": 7195,
        "5": 29464,
        "6": 75766
    },
    "16167": {
        "0": 1,
        "1": 9,
        "2": 79,
        "3": 700,
        "4": 6211,
        "5": 22243,
        "6": 52464
    },
    "16168": {
        "0": 1,
        "1": 10,
        "2": 90,
        "3": 784,
        "4": 6777,
        "5": 25587,
        "6": 68397
    },
    "16169": {
        "0": 1,
        "1": 12,
        "2": 100,
        "3": 840,
        "4": 7142,
        "5": 28316,
        "6": 68313
    },
    "16170": {
        "0": 1,
        "1": 11,
        "2": 95,
        "3": 822,
        "4": 7053,
        "5": 27523,
        "6": 63053
    },
    "16171": {
        "0": 1,
        "1": 11,
        "2": 91,
        "3": 771,
        "4": 6612,
        "5": 24246,
        "6": 57927
    },
    "16172": {
        "0": 1,
        "1": 12,
        "2": 105,
        "3": 895,
        "4": 7636,
        "5": 32700,
        "6": 79749
    },
    "16173": {
        "0": 1,
        "1": 8,
        "2": 72,
        "3": 634,
        "4": 5573,
        "5": 16197,
        "6": 32648
    },
    "16174": {
        "0": 1,
        "1": 13,
        "2": 122,
        "3": 1099,
        "4": 9762,
        "5": 53141,
        "6": 181052
    },
    "16175": {
        "0": 1,
        "1": 10,
        "2": 84,
        "3": 721,
        "4": 6255,
        "5": 21784,
        "6": 51746
    },
    "16176": {
        "0": 1,
        "1": 10,
        "2": 89,
        "3": 772,
        "4": 6781,
        "5": 27046,
        "6": 68597
    },
    "16177": {
        "0": 1,
        "1": 12,
        "2": 106,
        "3": 899,
        "4": 7673,
        "5": 33226,
        "6": 89545
    },
    "16178": {
        "0": 1,
        "1": 10,
        "2": 85,
        "3": 743,
        "4": 6457,
        "5": 23294,
        "6": 46227
    },
    "16179": {
        "0": 1,
        "1": 11,
        "2": 90,
        "3": 767,
        "4": 6626,
        "5": 24764,
        "6": 62205
    },
    "16180": {
        "0": 1,
        "1": 12,
        "2": 108,
        "3": 943,
        "4": 8176,
        "5": 38090,
        "6": 112555
    },
    "16181": {
        "0": 1,
        "1": 12,
        "2": 109,
        "3": 967,
        "4": 8479,
        "5": 41330,
        "6": 125001
    },
    "16182": {
        "0": 1,
        "1": 11,
        "2": 94,
        "3": 813,
        "4": 7029,
        "5": 27982,
        "6": 67944
    },
    "16183": {
        "0": 1,
        "1": 10,
        "2": 90,
        "3": 807,
        "4": 7186,
        "5": 30932,
        "6": 91208
    },
    "16184": {
        "0": 1,
        "1": 12,
        "2": 103,
        "3": 879,
        "4": 7527,
        "5": 32056,
        "6": 87264
    },
    "16185": {
        "0": 1,
        "1": 10,
        "2": 82,
        "3": 705,
        "4": 6117,
        "5": 20591,
        "6": 44803
    },
    "16186": {
        "0": 1,
        "1": 11,
        "2": 90,
        "3": 762,
        "4": 6518,
        "5": 23215,
        "6": 45381
    },
    "16187": {
        "0": 1,
        "1": 11,
        "2": 95,
        "3": 818,
        "4": 7074,
        "5": 28818,
        "6": 77406
    },
    "16188": {
        "0": 1,
        "1": 11,
        "2": 100,
        "3": 882,
        "4": 7730,
        "5": 34455,
        "6": 100601
    },
    "16189": {
        "0": 1,
        "1": 15,
        "2": 143,
        "3": 1250,
        "4": 10752,
        "5": 59705,
        "6": 211410
    },
    "16190": {
        "0": 1,
        "1": 13,
        "2": 114,
        "3": 959,
        "4": 7989,
        "5": 33980,
        "6": 86313
    },
    "16191": {
        "0": 1,
        "1": 8,
        "2": 68,
        "3": 572,
        "4": 4819,
        "5": 7766,
        "6": 9806
    },
    "16192": {
        "0": 1,
        "1": 11,
        "2": 96,
        "3": 813,
        "4": 6882,
        "5": 25807,
        "6": 59652
    },
    "16193": {
        "0": 1,
        "1": 13,
        "2": 119,
        "3": 1036,
        "4": 8917,
        "5": 43968,
        "6": 144598
    },
    "16194": {
        "0": 1,
        "1": 12,
        "2": 109,
        "3": 962,
        "4": 8353,
        "5": 38933,
        "6": 117775
    },
    "16195": {
        "0": 1,
        "1": 12,
        "2": 103,
        "3": 886,
        "4": 7636,
        "5": 33053,
        "6": 90694
    },
    "16196": {
        "0": 1,
        "1": 9,
        "2": 76,
        "3": 661,
        "4": 5775,
        "5": 17825,
        "6": 40454
    },
    "16197": {
        "0": 1,
        "1": 11,
        "2": 94,
        "3": 809,
        "4": 6979,
        "5": 27471,
        "6": 66413
    },
    "16198": {
        "0": 1,
        "1": 11,
        "2": 93,
        "3": 801,
        "4": 6933,
        "5": 27524,
        "6": 63938
    },
    "16199": {
        "0": 1,
        "1": 11,
        "2": 95,
        "3": 831,
        "4": 7343,
        "5": 32534,
        "6": 92567
    }
}