{
    "28900": {
        "0": 1,
        "1": 10,
        "2": 88,
        "3": 774,
        "4": 6790,
        "5": 26697,
        "6": 71630
    },
    "28901": {
        "0": 1,
        "1": 11,
        "2": 91,
        "3": 774,
        "4": 6655,
        "5": 24796,
        "6": 61116
    },
    "28902": {
        "0": 1,
        "1": 10,
        "2": 89,
        "3": 791,
        "4": 7015,
        "5": 29413,
        "6": 83176
    },
    "28903": {
        "0": 1,
        "1": 11,
        "2": 95,
        "3": 830,
        "4": 7263,
        "5": 30935,
        "6": 79723
    },
    "28904": {
        "0": 1,
        "1": 10,
        "2": 85,
        "3": 739,
        "4": 6438,
        "5": 23453,
        "6": 57777
    },
    "28905": {
        "0": 1,
        "1": 10,
        "2": 85,
        "3": 732,
        "4": 6322,
        "5": 21909,
        "6": 52090
    },
    "28906": {
        "0": 1,
        "1": 11,
        "2": 96,
        "3": 832,
        "4": 7201,
        "5": 29589,
        "6": 84237
    },
    "28907": {
        "0": 1,
        "1": 12,
        "2": 101,
        "3": 853,
        "4": 7309,
        "5": 30544,
        "6": 86198
    },
    "28908": {
        "0": 1,
        "1": 13,
        "2": 115,
        "3": 986,
        "4": 8484,
        "5": 40558,
        "6": 124701
    },
    "28909": {
        "0": 1,
        "1": 10,
        "2": 86,
        "3": 740,
        "4": 6428,
        "5": 23270,
        "6": 59444
    },
    "28910": {
        "0": 1,
        "1": 12,
        "2": 102,
        "3": 849,
        "4": 7069,
        "5": 26362,
        "6": 62802
    },
    "28911": {
        "0": 1,
        "1": 12,
        "2": 101,
        "3": 847,
        "4": 7170,
        "5": 28414,
        "6": 68565
    },
    "28912": {
        "0": 1,
        "1": 12,
        "2": 105,
        "3": 904,
        "4": 7766,
        "5": 33877,
        "6": 83581
    },
    "28913": {
        "0": 1,
        "1": 12,
        "2": 109,
        "3": 932,
        "4": 7894,
        "5": 34169,
        "6": 92962
    },
    "28914": {
        "0": 1,
        "1": 12,
        "2": 108,
        "3": 932,
        "4": 8019,
        "5": 36633,
        "6": 110286
    },
    "28915": {
        "0": 1,
        "1": 10,
        "2": 88,
        "3": 774,
        "4": 6820,
        "5": 27402,
        "6": 69491
    },
    "28916": {
        "0": 1,
        "1": 11,
        "2": 95,
        "3": 822,
        "4": 7110,
        "5": 28697,
        "6": 72928
    },
    "28917": {
        "0": 1,
        "1": 9,
        "2": 81,
        "3": 707,
        "4": 6198,
        "5": 21467,
        "6": 49266
    },
    "28918": {
        "0": 1,
        "1": 10,
        "2": 89,
        "3": 792,
        "4": 7019,
        "5": 29291,
        "6": 83938
    },
    "28919": {
        "0": 1,
        "1": 10,
        "2": 86,
        "3": 759,
        "4": 6680,
        "5": 25752,
        "6": 60624
    },
    "28920": {
        "0": 1,
        "1": 12,
        "2": 102,
        "3": 844,
        "4": 7047,
        "5": 26746,
        "6": 64521
    },
    "28921": {
        "0": 1,
        "1": 11,
        "2": 97,
        "3": 849,
        "4": 7385,
        "5": 31608,
        "6": 93885
    },
    "28922": {
        "0": 1,
        "1": 8,
        "2": 75,
        "3": 684,
        "4": 6198,
        "5": 23094,
        "6": 54249
    },
    "28923": {
        "0": 1,
        "1": 10,
        "2": 83,
        "3": 703,
        "4": 5983,
        "5": 18407,
        "6": 34190
    },
    "28924": {
        "0": 1,
        "1": 13,
        "2": 121,
        "3": 1071,
        "4": 9350,
        "5": 48700,
        "6": 161779
    },
    "28925": {
        "0": 1,
        "1": 10,
        "2": 87,
        "3": 759,
        "4": 6599,
        "5": 24384,
        "6": 56862
    },
    "28926": {
        "0": 1,
        "1": 11,
        "2": 95,
        "3": 813,
        "4": 6968,
        "5": 27191,
        "6": 69448
    },
    "28927": {
        "0": 1,
        "1": 10,
        "2": 84,
        "3": 734,
        "4": 6408,
        "5": 23128,
        "6": 54348
    },
    "28928": {
        "0": 1,
        "1": 12,
        "2": 100,
        "3": 846,
        "4": 7202,
        "5": 28773,
        "6": 67669
    },
    "28929": {
        "0": 1,
        "1": 14,
        "2": 125,
        "3": 1063,
        "4": 9013,
        "5": 43996,
        "6": 134423
    },
    "28930": {
        "0": 1,
        "1": 10,
        "2": 83,
        "3": 708,
        "4": 6064,
        "5": 19437,
        "6": 43103
    },
    "28931": {
        "0": 1,
        "1": 9,
        "2": 78,
        "3": 682,
        "4": 5926,
        "5": 18525,
        "6": 34391
    },
    "28932": {
        "0": 1,
        "1": 11,
        "2": 93,
        "3": 794,
        "4": 6785,
        "5": 25644,
        "6": 60252
    },
    "28933": {
        "0": 1,
        "1": 10,
        "2": 88,
        "3": 774,
        "4": 6782,
        "5": 26106,
        "6": 74264
    },
    "28934": {
        "0": 1,
        "1": 12,
        "2": 104,
        "3": 894,
        "4": 7673,
        "5": 33180,
        "6": 88963
    },
    "28935": {
        "0": 1,
        "1": 10,
        "2": 89,
        "3": 782,
        "4": 6822,
        "5": 26680,
        "6": 74098
    },
    "28936": {
        "0": 1,
        "1": 11,
        "2": 96,
        "3": 824,
        "4": 7066,
        "5": 27541,
        "6": 71453
    },
    "28937": {
        "0": 1,
        "1": 13,
        "2": 114,
        "3": 979,
        "4": 8417,
        "5": 39752,
        "6": 119270
    },
    "28938": {
        "0": 1,
        "1": 10,
        "2": 87,
        "3": 747,
        "4": 6413,
        "5": 22244,
        "6": 52673
    },
    "28939": {
        "0": 1,
        "1": 10,
        "2": 87,
        "3": 754,
        "4": 6507,
        "5": 23188,
        "6": 57601
    },
    "28940": {
        "0": 1,
        "1": 9,
        "2": 75,
        "3": 646,
        "4": 5572,
        "5": 15298,
        "6": 28856
    },
    "28941": {
        "0": 1,
        "1": 12,
        "2": 108,
        "3": 963,
        "4": 8556,
        "5": 43016,
        "6": 130044
    },
    "28942": {
        "0": 1,
        "1": 9,
        "2": 76,
        "3": 660,
        "4": 5733,
        "5": 17085,
        "6": 34339
    },
    "28943": {
        "0": 1,
        "1": 11,
        "2": 93,
        "3": 787,
        "4": 6681,
        "5": 24172,
        "6": 59308
    },
    "28944": {
        "0": 1,
        "1": 11,
        "2": 95,
        "3": 816,
        "4": 7021,
        "5": 27575,
        "6": 73665
    },
    "28945": {
        "0": 1,
        "1": 14,
        "2": 126,
        "3": 1065,
        "4": 8961,
        "5": 43058,
        "6": 128519
    },
    "28946": {
        "0": 1,
        "1": 13,
        "2": 112,
        "3": 941,
        "4": 7935,
        "5": 34552,
        "6": 94906
    },
    "28947": {
        "0": 1,
        "1": 13,
        "2": 114,
        "3": 981,
        "4": 8458,
        "5": 39817,
        "6": 123679
    },
    "28948": {
        "0": 1,
        "1": 11,
        "2": 92,
        "3": 771,
        "4": 6480,
        "5": 21858,
        "6": 46833
    },
    "28949": {
        "0": 1,
        "1": 15,
        "2": 134,
        "3": 1129,
        "4": 9530,
        "5": 48169,
        "6": 153815
    },
    "28950": {
        "0": 1,
        "1": 10,
        "2": 84,
        "3": 724,
        "4": 6197,
        "5": 20383,
        "6": 39233
    },
    "28951": {
        "0": 1,
        "1": 11,
        "2": 93,
        "3": 792,
        "4": 6827,
        "5": 26269,
        "6": 66529
    },
    "28952": {
        "0": 1,
        "1": 8,
        "2": 70,
        "3": 607,
        "4": 5268,
        "5": 12966,
        "6": 20000
    },
    "28953": {
        "0": 1,
        "1": 10,
        "2": 89,
        "3": 763,
        "4": 6555,
        "5": 23455,
        "6": 57490
    },
    "28954": {
        "0": 1,
        "1": 12,
        "2": 101,
        "3": 846,
        "4": 7150,
        "5": 27898,
        "6": 74236
    },
    "28955": {
        "0": 1,
        "1": 13,
        "2": 118,
        "3": 1038,
        "4": 9076,
        "5": 46616,
        "6": 146312
    },
    "28956": {
        "0": 1,
        "1": 11,
        "2": 96,
        "3": 833,
        "4": 7245,
        "5": 30437,
        "6": 88822
    },
    "28957": {
        "0": 1,
        "1": 12,
        "2": 105,
        "3": 908,
        "4": 7877,
        "5": 35759,
        "6": 103630
    },
    "28958": {
        "0": 1,
        "1": 9,
        "2": 76,
        "3": 659,
        "4": 5751,
        "5": 17658,
        "6": 42007
    },
    "28959": {
        "0": 1,
        "1": 9,
        "2": 79,
        "3": 694,
        "4": 6119,
        "5": 21279,
        "6": 54946
    },
    "28960": {
        "0": 1,
        "1": 11,
        "2": 97,
        "3": 845,
        "4": 7328,
        "5": 30777,
        "6": 83059
    },
    "28961": {
        "0": 1,
        "1": 9,
        "2": 81,
        "3": 719,
        "4": 6377,
        "5": 23619,
        "6": 63471
    },
    "28962": {
        "0": 1,
        "1": 9,
        "2": 81,
        "3": 721,
        "4": 6449,
        "5": 24792,
        "6": 63467
    },
    "28963": {
        "0": 1,
        "1": 10,
        "2": 86,
        "3": 733,
        "4": 6297,
        "5": 21668,
        "6": 46813
    },
    "28964": {
        "0": 1,
        "1": 10,
        "2": 91,
        "3": 802,
        "4": 7051,
        "5": 29058,
        "6": 79591
    },
    "28965": {
        "0": 1,
        "1": 10,
        "2": 84,
        "3": 724,
        "4": 6272,
        "5": 21475,
        "6": 46277
    },
    "28966": {
        "0": 1,
        "1": 9,
        "2": 77,
        "3": 670,
        "4": 5859,
        "5": 18735,
        "6": 41714
    },
    "28967": {
        "0": 1,
        "1": 9,
        "2": 78,
        "3": 690,
        "4": 6114,
        "5": 21013,
        "6": 49757
    },
    "28968": {
        "0": 1,
        "1": 10,
        "2": 84,
        "3": 722,
        "4": 6283,
        "5": 22163,
        "6": 55727
    },
    "28969": {
        "0": 1,
        "1": 11,
        "2": 94,
        "3": 818,
        "4": 7144,
        "5": 29620,
        "6": 75670
    },
    "28970": {
        "0": 1,
        "1": 9,
        "2": 76,
        "3": 658,
        "4": 5742,
        "5": 17319,
        "6": 35417
    },
    "28971": {
        "0": 1,
        "1": 11,
        "2": 94,
        "3": 809,
        "4": 6995,
        "5": 27653,
        "6": 71301
    },
    "28972": {
        "0": 1,
        "1": 13,
        "2": 116,
        "3": 996,
        "4": 8565,
        "5": 41424,
        "6": 138982
    },
    "28973": {
        "0": 1,
        "1": 10,
        "2": 85,
        "3": 740,
        "4": 6479,
        "5": 24137,
        "6": 55126
    },
    "28974": {
        "0": 1,
        "1": 12,
        "2": 108,
        "3": 948,
        "4": 8310,
        "5": 40267,
        "6": 120425
    },
    "28975": {
        "0": 1,
        "1": 10,
        "2": 87,
        "3": 763,
        "4": 6711,
        "5": 26145,
        "6": 66889
    },
    "28976": {
        "0": 1,
        "1": 11,
        "2": 98,
        "3": 843,
        "4": 7214,
        "5": 29089,
        "6": 77478
    },
    "28977": {
        "0": 1,
        "1": 8,
        "2": 71,
        "3": 624,
        "4": 5515,
        "5": 16086,
        "6": 33527
    },
    "28978": {
        "0": 1,
        "1": 10,
        "2": 83,
        "3": 705,
        "4": 6027,
        "5": 19059,
        "6": 46058
    },
    "28979": {
        "0": 1,
        "1": 12,
        "2": 105,
        "3": 927,
        "4": 8095,
        "5": 37778,
        "6": 113042
    },
    "28980": {
        "0": 1,
        "1": 10,
        "2": 87,
        "3": 773,
        "4": 6835,
        "5": 27535,
        "6": 68533
    },
    "28981": {
        "0": 1,
        "1": 13,
        "2": 122,
        "3": 1097,
        "4": 9739,
        "5": 53009,
        "6": 179993
    },
    "28982": {
        "0": 1,
        "1": 11,
        "2": 94,
        "3": 805,
        "4": 6911,
        "5": 26751,
        "6": 62841
    },
    "28983": {
        "0": 1,
        "1": 12,
        "2": 104,
        "3": 893,
        "4": 7699,
        "5": 33900,
        "6": 97585
    },
    "28984": {
        "0": 1,
        "1": 11,
        "2": 92,
        "3": 781,
        "4": 6682,
        "5": 24863,
        "6": 58353
    },
    "28985": {
        "0": 1,
        "1": 9,
        "2": 73,
        "3": 621,
        "4": 5359,
        "5": 13793,
        "6": 27035
    },
    "28986": {
        "0": 1,
        "1": 10,
        "2": 92,
        "3": 819,
        "4": 7232,
        "5": 30857,
        "6": 78852
    },
    "28987": {
        "0": 1,
        "1": 11,
        "2": 97,
        "3": 837,
        "4": 7229,
        "5": 29856,
        "6": 78235
    },
    "28988": {
        "0": 1,
        "1": 9,
        "2": 77,
        "3": 660,
        "4": 5677,
        "5": 16380,
        "6": 30960
    },
    "28989": {
        "0": 1,
        "1": 12,
        "2": 104,
        "3": 906,
        "4": 7983,
        "5": 37944,
        "6": 116615
    },
    "28990": {
        "0": 1,
        "1": 9,
        "2": 76,
        "3": 655,
        "4": 5675,
        "5": 16246,
        "6": 35388
    },
    "28991": {
        "0": 1,
        "1": 12,
        "2": 104,
        "3": 895,
        "4": 7718,
        "5": 33981,
        "6": 94099
    },
    "28992": {
        "0": 1,
        "1": 13,
        "2": 114,
        "3": 960,
        "4": 8104,
        "5": 36330,
        "6": 97052
    },
    "28993": {
        "0": 1,
        "1": 9,
        "2": 79,
        "3": 671,
        "4": 5751,
        "5": 16649,
        "6": 30095
    },
    "28994": {
        "0": 1,
        "1": 9,
        "2": 77,
        "3": 658,
        "4": 5694,
        "5": 16943,
        "6": 42663
    },
    "28995": {
        "0": 1,
        "1": 11,
        "2": 93,
        "3": 798,
        "4": 6865,
        "5": 26405,
        "6": 61518
    },
    "28996": {
        "0": 1,
        "1": 10,
        "2": 87,
        "3": 754,
        "4": 6603,
        "5": 25318,
        "6": 65045
    },
    "28997": {
        "0": 1,
        "1": 10,
        "2": 87,
        "3": 759,
        "4": 6661,
        "5": 25716,
        "6": 65040
    },
    "28998": {
        "0": 1,
        "1": 11,
        "2": 97,
        "3": 855,
        "4": 7552,
        "5": 33982,
        "6": 97575
    },
    "28999": {
        "0": 1,
        "1": 11,
        "2": 93,
        "3": 806,
        "4": 7015,
        "5": 28280,
        "6": 66721
    }
}