{
    "4100": {
        "0": 1,
        "1": 12,
        "2": 102,
        "3": 853,
        "4": 7226,
        "5": 29223,
        "6": 78097
    },
    "4101": {
        "0": 1,
        "1": 11,
        "2": 93,
        "3": 791,
        "4": 6739,
        "5": 24702,
        "6": 57868
    },
    "4102": {
        "0": 1,
        "1": 11,
        "2": 100,
        "3": 903,
        "4": 8019,
        "5": 37737,
        "6": 123901
    },
    "4103": {
        "0": 1,
        "1": 12,
        "2": 110,
        "3": 976,
        "4": 8628,
        "5": 43428,
        "6": 142644
    },
    "4104": {
        "0": 1,
        "1": 10,
        "2": 86,
        "3": 747,
        "4": 6493,
        "5": 23818,
        "6": 54651
    },
    "4105": {
        "0": 1,
        "1": 10,
        "2": 84,
        "3": 707,
        "4": 5993,
        "5": 18316,
        "6": 40004
    },
    "4106": {
        "0": 1,
        "1": 9,
        "2": 78,
        "3": 676,
        "4": 5873,
        "5": 18383,
        "6": 38380
    },
    "4107": {
        "0": 1,
        "1": 11,
        "2": 95,
        "3": 809,
        "4": 6887,
        "5": 26100,
        "6": 63334
    },
    "4108": {
        "0": 1,
        "1": 13,
        "2": 111,
        "3": 932,
        "4": 7898,
        "5": 34544,
        "6": 97792
    },
    "4109": {
        "0": 1,
        "1": 11,
        "2": 97,
        "3": 847,
        "4": 7341,
        "5": 30427,
        "6": 82433
    },
    "4110": {
        "0": 1,
        "1": 11,
        "2": 96,
        "3": 850,
        "4": 7460,
        "5": 32664,
        "6": 83424
    },
    "4111": {
        "0": 1,
        "1": 11,
        "2": 97,
        "3": 846,
        "4": 7366,
        "5": 31498,
        "6": 85281
    },
    "4112": {
        "0": 1,
        "1": 11,
        "2": 89,
        "3": 747,
        "4": 6333,
        "5": 21179,
        "6": 41444
    },
    "4113": {
        "0": 1,
        "1": 11,
        "2": 91,
        "3": 757,
        "4": 6347,
        "5": 20557,
        "6": 46275
    },
    "4114": {
        "0": 1,
        "1": 11,
        "2": 101,
        "3": 902,
        "4": 7985,
        "5": 37554,
        "6": 111110
    },
    "4115": {
        "0": 1,
        "1": 9,
        "2": 80,
        "3": 706,
        "4": 6196,
        "5": 21594,
        "6": 49481
    },
    "4116": {
        "0": 1,
        "1": 12,
        "2": 104,
        "3": 899,
        "4": 7747,
        "5": 34065,
        "6": 97679
    },
    "4117": {
        "0": 1,
        "1": 11,
        "2": 100,
        "3": 899,
        "4": 8026,
        "5": 38201,
        "6": 125858
    },
    "4118": {
        "0": 1,
        "1": 10,
        "2": 87,
        "3": 761,
        "4": 6644,
        "5": 25224,
        "6": 57700
    },
    "4119": {
        "0": 1,
        "1": 10,
        "2": 86,
        "3": 738,
        "4": 6326,
        "5": 21423,
        "6": 47744
    },
    "4120": {
        "0": 1,
        "1": 11,
        "2": 97,
        "3": 841,
        "4": 7287,
        "5": 30419,
        "6": 77610
    },
    "4121": {
        "0": 1,
        "1": 11,
        "2": 96,
        "3": 829,
        "4": 7177,
        "5": 29645,
        "6": 82790
    },
    "4122": {
        "0": 1,
        "1": 13,
        "2": 125,
        "3": 1103,
        "4": 9627,
        "5": 51256,
        "6": 180904
    },
    "4123": {
        "0": 1,
        "1": 9,
        "2": 83,
        "3": 747,
        "4": 6649,
        "5": 25960,
        "6": 70734
    },
    "4124": {
        "0": 1,
        "1": 13,
        "2": 110,
        "3": 936,
        "4": 8002,
        "5": 36002,
        "6": 95151
    },
    "4125": {
        "0": 1,
        "1": 11,
        "2": 95,
        "3": 821,
        "4": 7106,
        "5": 28883,
        "6": 75329
    },
    "4126": {
        "0": 1,
        "1": 10,
        "2": 91,
        "3": 836,
        "4": 7680,
        "5": 37649,
        "6": 120890
    },
    "4127": {
        "0": 1,
        "1": 11,
        "2": 90,
        "3": 756,
        "4": 6440,
        "5": 22602,
        "6": 49385
    },
    "4128": {
        "0": 1,
        "1": 10,
        "2": 89,
        "3": 795,
        "4": 7051,
        "5": 29332,
        "6": 83922
    },
    "4129": {
        "0": 1,
        "1": 14,
        "2": 130,
        "3": 1144,
        "4": 9973,
        "5": 54076,
        "6": 198265
    },
    "4130": {
        "0": 1,
        "1": 11,
        "2": 101,
        "3": 904,
        "4": 8021,
        "5": 38349,
        "6": 116158
    },
    "4131": {
        "0": 1,
        "1": 10,
        "2": 87,
        "3": 756,
        "4": 6562,
        "5": 24231,
        "6": 56002
    },
    "4132": {
        "0": 1,
        "1": 11,
        "2": 99,
        "3": 895,
        "4": 8036,
        "5": 38961,
        "6": 123077
    },
    "4133": {
        "0": 1,
        "1": 8,
        "2": 71,
        "3": 622,
        "4": 5473,
        "5": 15346,
        "6": 29683
    },
    "4134": {
        "0": 1,
        "1": 10,
        "2": 88,
        "3": 756,
        "4": 6472,
        "5": 22550,
        "6": 47075
    },
    "4135": {
        "0": 1,
        "1": 9,
        "2": 78,
        "3": 672,
        "4": 5800,
        "5": 17293,
        "6": 33886
    },
    "4136": {
        "0": 1,
        "1": 10,
        "2": 91,
        "3": 803,
        "4": 7070,
        "5": 29275,
        "6": 74851
    },
    "4137": {
        "0": 1,
        "1": 12,
        "2": 103,
        "3": 874,
        "4": 7469,
        "5": 31187,
        "6": 79538
    },
    "4138": {
        "0": 1,
        "1": 11,
        "2": 93,
        "3": 792,
        "4": 6804,
        "5": 26010,
        "6": 59860
    },
    "4139": {
        "0": 1,
        "1": 10,
        "2": 85,
        "3": 734,
        "4": 6330,
        "5": 21905,
        "6": 46392
    },
    "4140": {
        "0": 1,
        "1": 12,
        "2": 102,
        "3": 887,
        "4": 7742,
        "5": 34665,
        "6": 97134
    },
    "4141": {
        "0": 1,
        "1": 10,
        "2": 91,
        "3": 814,
        "4": 7278,
        "5": 31864,
        "6": 84746
    },
    "4142": {
        "0": 1,
        "1": 11,
        "2": 93,
        "3": 798,
        "4": 6867,
        "5": 26564,
        "6": 60700
    },
    "4143": {
        "0": 1,
        "1": 9,
        "2": 76,
        "3": 660,
        "4": 5759,
        "5": 17372,
        "6": 34584
    },
    "4144": {
        "0": 1,
        "1": 12,
        "2": 106,
        "3": 916,
        "4": 7874,
        "5": 34729,
        "6": 99668
    },
    "4145": {
        "0": 1,
        "1": 11,
        "2": 92,
        "3": 779,
        "4": 6621,
        "5": 23726,
        "6": 48283
    },
    "4146": {
        "0": 1,
        "1": 11,
        "2": 96,
        "3": 843,
        "4": 7340,
        "5": 30852,
        "6": 82043
    },
    "4147": {
        "0": 1,
        "1": 11,
        "2": 96,
        "3": 831,
        "4": 7190,
        "5": 29423,
        "6": 71825
    },
    "4148": {
        "0": 1,
        "1": 10,
        "2": 85,
        "3": 725,
        "4": 6208,
        "5": 20557,
        "6": 44069
    },
    "4149": {
        "0": 1,
        "1": 11,
        "2": 92,
        "3": 780,
        "4": 6685,
        "5": 24952,
        "6": 62229
    },
    "4150": {
        "0": 1,
        "1": 8,
        "2": 67,
        "3": 570,
        "4": 4927,
        "5": 10368,
        "6": 18496
    },
    "4151": {
        "0": 1,
        "1": 9,
        "2": 80,
        "3": 705,
        "4": 6194,
        "5": 21671,
        "6": 53591
    },
    "4152": {
        "0": 1,
        "1": 13,
        "2": 119,
        "3": 1038,
        "4": 8970,
        "5": 44639,
        "6": 142570
    },
    "4153": {
        "0": 1,
        "1": 10,
        "2": 86,
        "3": 749,
        "4": 6577,
        "5": 25221,
        "6": 72188
    },
    "4154": {
        "0": 1,
        "1": 12,
        "2": 113,
        "3": 1014,
        "4": 9002,
        "5": 47072,
        "6": 160209
    },
    "4155": {
        "0": 1,
        "1": 11,
        "2": 93,
        "3": 802,
        "4": 6944,
        "5": 27474,
        "6": 73129
    },
    "4156": {
        "0": 1,
        "1": 12,
        "2": 105,
        "3": 901,
        "4": 7730,
        "5": 33838,
        "6": 92506
    },
    "4157": {
        "0": 1,
        "1": 9,
        "2": 80,
        "3": 697,
        "4": 6096,
        "5": 20566,
        "6": 47338
    },
    "4158": {
        "0": 1,
        "1": 11,
        "2": 100,
        "3": 885,
        "4": 7785,
        "5": 35435,
        "6": 104905
    },
    "4159": {
        "0": 1,
        "1": 11,
        "2": 93,
        "3": 797,
        "4": 6880,
        "5": 26949,
        "6": 61664
    },
    "4160": {
        "0": 1,
        "1": 10,
        "2": 82,
        "3": 696,
        "4": 5999,
        "5": 19473,
        "6": 41147
    },
    "4161": {
        "0": 1,
        "1": 12,
        "2": 109,
        "3": 968,
        "4": 8451,
        "5": 40563,
        "6": 118462
    },
    "4162": {
        "0": 1,
        "1": 12,
        "2": 107,
        "3": 939,
        "4": 8208,
        "5": 39060,
        "6": 117362
    },
    "4163": {
        "0": 1,
        "1": 12,
        "2": 105,
        "3": 906,
        "4": 7851,
        "5": 35822,
        "6": 102743
    },
    "4164": {
        "0": 1,
        "1": 11,
        "2": 96,
        "3": 828,
        "4": 7093,
        "5": 27760,
        "6": 69205
    },
    "4165": {
        "0": 1,
        "1": 12,
        "2": 103,
        "3": 882,
        "4": 7554,
        "5": 31801,
        "6": 79310
    },
    "4166": {
        "0": 1,
        "1": 11,
        "2": 98,
        "3": 857,
        "4": 7443,
        "5": 31731,
        "6": 82891
    },
    "4167": {
        "0": 1,
        "1": 11,
        "2": 93,
        "3": 809,
        "4": 7117,
        "5": 30280,
        "6": 77485
    },
    "4168": {
        "0": 1,
        "1": 10,
        "2": 84,
        "3": 731,
        "4": 6357,
        "5": 22703,
        "6": 52865
    },
    "4169": {
        "0": 1,
        "1": 10,
        "2": 82,
        "3": 692,
        "4": 5919,
        "5": 18467,
        "6": 38377
    },
    "4170": {
        "0": 1,
        "1": 10,
        "2": 86,
        "3": 731,
        "4": 6285,
        "5": 21571,
        "6": 48183
    },
    "4171": {
        "0": 1,
        "1": 11,
        "2": 98,
        "3": 873,
        "4": 7729,
        "5": 35143,
        "6": 107383
    },
    "4172": {
        "0": 1,
        "1": 10,
        "2": 87,
        "3": 783,
        "4": 7038,
        "5": 29838,
        "6": 78823
    },
    "4173": {
        "0": 1,
        "1": 10,
        "2": 89,
        "3": 794,
        "4": 7061,
        "5": 29249,
        "6": 80303
    },
    "4174": {
        "0": 1,
        "1": 11,
        "2": 95,
        "3": 790,
        "4": 6665,
        "5": 23869,
        "6": 62449
    },
    "4175": {
        "0": 1,
        "1": 10,
        "2": 82,
        "3": 698,
        "4": 6011,
        "5": 19268,
        "6": 45666
    },
    "4176": {
        "0": 1,
        "1": 11,
        "2": 97,
        "3": 858,
        "4": 7592,
        "5": 34717,
        "6": 105917
    },
    "4177": {
        "0": 1,
        "1": 8,
        "2": 70,
        "3": 612,
        "4": 5386,
        "5": 14862,
        "6": 30898
    },
    "4178": {
        "0": 1,
        "1": 8,
        "2": 71,
        "3": 630,
        "4": 5589,
        "5": 16703,
        "6": 35378
    },
    "4179": {
        "0": 1,
        "1": 13,
        "2": 115,
        "3": 957,
        "4": 7954,
        "5": 33860,
        "6": 83336
    },
    "4180": {
        "0": 1,
        "1": 10,
        "2": 88,
        "3": 774,
        "4": 6781,
        "5": 26197,
        "6": 70232
    },
    "4181": {
        "0": 1,
        "1": 10,
        "2": 87,
        "3": 757,
        "4": 6577,
        "5": 24295,
        "6": 66164
    },
    "4182": {
        "0": 1,
        "1": 10,
        "2": 85,
        "3": 741,
        "4": 6455,
        "5": 23333,
        "6": 50112
    },
    "4183": {
        "0": 1,
        "1": 10,
        "2": 83,
        "3": 696,
        "4": 5896,
        "5": 17426,
        "6": 32076
    },
    "4184": {
        "0": 1,
        "1": 10,
        "2": 87,
        "3": 773,
        "4": 6857,
        "5": 27537,
        "6": 68373
    },
    "4185": {
        "0": 1,
        "1": 10,
        "2": 86,
        "3": 748,
        "4": 6459,
        "5": 22803,
        "6": 52773
    },
    "4186": {
        "0": 1,
        "1": 10,
        "2": 87,
        "3": 763,
        "4": 6663,
        "5": 25050,
        "6": 59769
    },
    "4187": {
        "0": 1,
        "1": 9,
        "2": 77,
        "3": 662,
        "4": 5739,
        "5": 17215,
        "6": 35192
    },
    "4188": {
        "0": 1,
        "1": 10,
        "2": 86,
        "3": 734,
        "4": 6275,
        "5": 20978,
        "6": 47808
    },
    "4189": {
        "0": 1,
        "1": 10,
        "2": 87,
        "3": 747,
        "4": 6453,
        "5": 23210,
        "6": 49148
    },
    "4190": {
        "0": 1,
        "1": 11,
        "2": 93,
        "3": 793,
        "4": 6802,
        "5": 25917,
        "6": 66048
    },
    "4191": {
        "0": 1,
        "1": 10,
        "2": 85,
        "3": 729,
        "4": 6282,
        "5": 21411,
        "6": 50371
    },
    "4192": {
        "0": 1,
        "1": 8,
        "2": 66,
        "3": 559,
        "4": 4779,
        "5": 8281,
        "6": 12226
    },
    "4193": {
        "0": 1,
        "1": 11,
        "2": 100,
        "3": 894,
        "4": 7956,
        "5": 37825,
        "6": 116834
    },
    "4194": {
        "0": 1,
        "1": 10,
        "2": 89,
        "3": 783,
        "4": 6898,
        "5": 27826,
        "6": 72091
    },
    "4195": {
        "0": 1,
        "1": 10,
        "2": 84,
        "3": 732,
        "4": 6372,
        "5": 22754,
        "6": 41845
    },
    "4196": {
        "0": 1,
        "1": 12,
        "2": 106,
        "3": 948,
        "4": 8466,
        "5": 42709,
        "6": 138768
    },
    "4197": {
        "0": 1,
        "1": 9,
        "2": 80,
        "3": 712,
        "4": 6350,
        "5": 23806,
        "6": 57153
    },
    "4198": {
        "0": 1,
        "1": 11,
        "2": 94,
        "3": 827,
        "4": 7238,
        "5": 30378,
        "6": 75055
    },
    "4199": {
        "0": 1,
        "1": 9,
        "2": 75,
        "3": 635,
        "4": 5391,
        "5": 13194,
        "6": 22516
    }
}