{
    "8300": {
        "0": 1,
        "1": 10,
        "2": 81,
        "3": 683,
        "4": 5836,
        "5": 17590,
        "6": 42033
    },
    "8301": {
        "0": 1,
        "1": 13,
        "2": 119,
        "3": 1049,
        "4": 9106,
        "5": 45632,
        "6": 141916
    },
    "8302": {
        "0": 1,
        "1": 10,
        "2": 86,
        "3": 774,
        "4": 6945,
        "5": 29300,
        "6": 78692
    },
    "8303": {
        "0": 1,
        "1": 8,
        "2": 73,
        "3": 654,
        "4": 5835,
        "5": 18944,
        "6": 40233
    },
    "8304": {
        "0": 1,
        "1": 10,
        "2": 84,
        "3": 727,
        "4": 6329,
        "5": 22489,
        "6": 51770
    },
    "8305": {
        "0": 1,
        "1": 10,
        "2": 83,
        "3": 732,
        "4": 6540,
        "5": 25531,
        "6": 65632
    },
    "8306": {
        "0": 1,
        "1": 13,
        "2": 120,
        "3": 1041,
        "4": 8964,
        "5": 44497,
        "6": 137096
    },
    "8307": {
        "0": 1,
        "1": 10,
        "2": 82,
        "3": 698,
        "4": 5963,
        "5": 18276,
        "6": 39979
    },
    "8308": {
        "0": 1,
        "1": 10,
        "2": 81,
        "3": 679,
        "4": 5770,
        "5": 16447,
        "6": 29448
    },
    "8309": {
        "0": 1,
        "1": 12,
        "2": 109,
        "3": 958,
        "4": 8383,
        "5": 40288,
        "6": 120403
    },
    "8310": {
        "0": 1,
        "1": 12,
        "2": 107,
        "3": 968,
        "4": 8781,
        "5": 46874,
        "6": 158109
    },
    "8311": {
        "0": 1,
        "1": 12,
        "2": 104,
        "3": 880,
        "4": 7413,
        "5": 29660,
        "6": 73319
    },
    "8312": {
        "0": 1,
        "1": 10,
        "2": 85,
        "3": 742,
        "4": 6481,
        "5": 23882,
        "6": 58688
    },
    "8313": {
        "0": 1,
        "1": 9,
        "2": 81,
        "3": 725,
        "4": 6416,
        "5": 23337,
        "6": 51713
    },
    "8314": {
        "0": 1,
        "1": 9,
        "2": 77,
        "3": 669,
        "4": 5840,
        "5": 18370,
        "6": 39848
    },
    "8315": {
        "0": 1,
        "1": 12,
        "2": 105,
        "3": 918,
        "4": 8060,
        "5": 38205,
        "6": 114076
    },
    "8316": {
        "0": 1,
        "1": 13,
        "2": 123,
        "3": 1087,
        "4": 9453,
        "5": 48922,
        "6": 154727
    },
    "8317": {
        "0": 1,
        "1": 11,
        "2": 91,
        "3": 762,
        "4": 6436,
        "5": 22055,
        "6": 50438
    },
    "8318": {
        "0": 1,
        "1": 11,
        "2": 94,
        "3": 817,
        "4": 7094,
        "5": 28956,
        "6": 76810
    },
    "8319": {
        "0": 1,
        "1": 8,
        "2": 69,
        "3": 601,
        "4": 5226,
        "5": 12348,
        "6": 21938
    },
    "8320": {
        "0": 1,
        "1": 13,
        "2": 117,
        "3": 1001,
        "4": 8511,
        "5": 39226,
        "6": 117457
    },
    "8321": {
        "0": 1,
        "1": 14,
        "2": 132,
        "3": 1161,
        "4": 10092,
        "5": 54892,
        "6": 193614
    },
    "8322": {
        "0": 1,
        "1": 14,
        "2": 132,
        "3": 1160,
        "4": 9950,
        "5": 52284,
        "6": 191400
    },
    "8323": {
        "0": 1,
        "1": 11,
        "2": 93,
        "3": 782,
        "4": 6607,
        "5": 23421,
        "6": 54715
    },
    "8324": {
        "0": 1,
        "1": 11,
        "2": 92,
        "3": 784,
        "4": 6721,
        "5": 25148,
        "6": 60595
    },
    "8325": {
        "0": 1,
        "1": 11,
        "2": 94,
        "3": 816,
        "4": 7117,
        "5": 29603,
        "6": 79162
    },
    "8326": {
        "0": 1,
        "1": 11,
        "2": 99,
        "3": 861,
        "4": 7382,
        "5": 30255,
        "6": 78295
    },
    "8327": {
        "0": 1,
        "1": 9,
        "2": 78,
        "3": 668,
        "4": 5729,
        "5": 16590,
        "6": 33164
    },
    "8328": {
        "0": 1,
        "1": 10,
        "2": 84,
        "3": 726,
        "4": 6351,
        "5": 23067,
        "6": 58654
    },
    "8329": {
        "0": 1,
        "1": 11,
        "2": 94,
        "3": 827,
        "4": 7241,
        "5": 30516,
        "6": 86433
    },
    "8330": {
        "0": 1,
        "1": 10,
        "2": 85,
        "3": 726,
        "4": 6257,
        "5": 21381,
        "6": 48022
    },
    "8331": {
        "0": 1,
        "1": 9,
        "2": 80,
        "3": 702,
        "4": 6160,
        "5": 21173,
        "6": 46754
    },
    "8332": {
        "0": 1,
        "1": 14,
        "2": 129,
        "3": 1114,
        "4": 9473,
        "5": 47930,
        "6": 150675
    },
    "8333": {
        "0": 1,
        "1": 10,
        "2": 87,
        "3": 750,
        "4": 6481,
        "5": 23046,
        "6": 54627
    },
    "8334": {
        "0": 1,
        "1": 11,
        "2": 93,
        "3": 793,
        "4": 6775,
        "5": 25277,
        "6": 58210
    },
    "8335": {
        "0": 1,
        "1": 12,
        "2": 105,
        "3": 908,
        "4": 7791,
        "5": 34134,
        "6": 94460
    },
    "8336": {
        "0": 1,
        "1": 10,
        "2": 87,
        "3": 774,
        "4": 6867,
        "5": 27699,
        "6": 75258
    },
    "8337": {
        "0": 1,
        "1": 10,
        "2": 88,
        "3": 760,
        "4": 6553,
        "5": 23743,
        "6": 59387
    },
    "8338": {
        "0": 1,
        "1": 12,
        "2": 111,
        "3": 971,
        "4": 8448,
        "5": 40851,
        "6": 124733
    },
    "8339": {
        "0": 1,
        "1": 11,
        "2": 92,
        "3": 788,
        "4": 6786,
        "5": 25513,
        "6": 58404
    },
    "8340": {
        "0": 1,
        "1": 10,
        "2": 88,
        "3": 787,
        "4": 6964,
        "5": 28734,
        "6": 76771
    },
    "8341": {
        "0": 1,
        "1": 9,
        "2": 84,
        "3": 769,
        "4": 6944,
        "5": 29275,
        "6": 82646
    },
    "8342": {
        "0": 1,
        "1": 10,
        "2": 83,
        "3": 704,
        "4": 6019,
        "5": 19047,
        "6": 36787
    },
    "8343": {
        "0": 1,
        "1": 12,
        "2": 104,
        "3": 886,
        "4": 7525,
        "5": 30828,
        "6": 73487
    },
    "8344": {
        "0": 1,
        "1": 10,
        "2": 86,
        "3": 746,
        "4": 6455,
        "5": 23128,
        "6": 54986
    },
    "8345": {
        "0": 1,
        "1": 12,
        "2": 106,
        "3": 914,
        "4": 7865,
        "5": 34635,
        "6": 101253
    },
    "8346": {
        "0": 1,
        "1": 12,
        "2": 104,
        "3": 883,
        "4": 7527,
        "5": 31819,
        "6": 87384
    },
    "8347": {
        "0": 1,
        "1": 9,
        "2": 79,
        "3": 684,
        "4": 5920,
        "5": 18520,
        "6": 41524
    },
    "8348": {
        "0": 1,
        "1": 11,
        "2": 95,
        "3": 797,
        "4": 6772,
        "5": 25474,
        "6": 63540
    },
    "8349": {
        "0": 1,
        "1": 10,
        "2": 85,
        "3": 737,
        "4": 6431,
        "5": 23472,
        "6": 61183
    },
    "8350": {
        "0": 1,
        "1": 10,
        "2": 82,
        "3": 695,
        "4": 5947,
        "5": 18511,
        "6": 37268
    },
    "8351": {
        "0": 1,
        "1": 9,
        "2": 76,
        "3": 661,
        "4": 5786,
        "5": 18142,
        "6": 36133
    },
    "8352": {
        "0": 1,
        "1": 13,
        "2": 118,
        "3": 1018,
        "4": 8742,
        "5": 42671,
        "6": 131852
    },
    "8353": {
        "0": 1,
        "1": 10,
        "2": 86,
        "3": 737,
        "4": 6342,
        "5": 21970,
        "6": 49407
    },
    "8354": {
        "0": 1,
        "1": 10,
        "2": 84,
        "3": 730,
        "4": 6341,
        "5": 22605,
        "6": 51783
    },
    "8355": {
        "0": 1,
        "1": 12,
        "2": 106,
        "3": 918,
        "4": 7951,
        "5": 36406,
        "6": 100971
    },
    "8356": {
        "0": 1,
        "1": 11,
        "2": 92,
        "3": 789,
        "4": 6855,
        "5": 27549,
        "6": 78109
    },
    "8357": {
        "0": 1,
        "1": 10,
        "2": 85,
        "3": 730,
        "4": 6281,
        "5": 21554,
        "6": 53131
    },
    "8358": {
        "0": 1,
        "1": 11,
        "2": 97,
        "3": 851,
        "4": 7437,
        "5": 32182,
        "6": 93332
    },
    "8359": {
        "0": 1,
        "1": 11,
        "2": 95,
        "3": 815,
        "4": 7005,
        "5": 27713,
        "6": 74824
    },
    "8360": {
        "0": 1,
        "1": 10,
        "2": 89,
        "3": 783,
        "4": 6877,
        "5": 27590,
        "6": 70083
    },
    "8361": {
        "0": 1,
        "1": 13,
        "2": 121,
        "3": 1068,
        "4": 9315,
        "5": 48149,
        "6": 157572
    },
    "8362": {
        "0": 1,
        "1": 11,
        "2": 94,
        "3": 815,
        "4": 7069,
        "5": 28726,
        "6": 72489
    },
    "8363": {
        "0": 1,
        "1": 9,
        "2": 76,
        "3": 653,
        "4": 5693,
        "5": 17261,
        "6": 42706
    },
    "8364": {
        "0": 1,
        "1": 9,
        "2": 79,
        "3": 690,
        "4": 6057,
        "5": 20258,
        "6": 50661
    },
    "8365": {
        "0": 1,
        "1": 9,
        "2": 75,
        "3": 642,
        "4": 5525,
        "5": 14886,
        "6": 28261
    },
    "8366": {
        "0": 1,
        "1": 10,
        "2": 90,
        "3": 779,
        "4": 6745,
        "5": 25508,
        "6": 64053
    },
    "8367": {
        "0": 1,
        "1": 12,
        "2": 105,
        "3": 909,
        "4": 7877,
        "5": 35685,
        "6": 98951
    },
    "8368": {
        "0": 1,
        "1": 12,
        "2": 107,
        "3": 930,
        "4": 8049,
        "5": 37063,
        "6": 105539
    },
    "8369": {
        "0": 1,
        "1": 12,
        "2": 108,
        "3": 977,
        "4": 8748,
        "5": 44816,
        "6": 140993
    },
    "8370": {
        "0": 1,
        "1": 10,
        "2": 88,
        "3": 769,
        "4": 6725,
        "5": 25865,
        "6": 70086
    },
    "8371": {
        "0": 1,
        "1": 8,
        "2": 68,
        "3": 581,
        "4": 5047,
        "5": 11511,
        "6": 21914
    },
    "8372": {
        "0": 1,
        "1": 10,
        "2": 82,
        "3": 685,
        "4": 5755,
        "5": 15885,
        "6": 30576
    },
    "8373": {
        "0": 1,
        "1": 12,
        "2": 97,
        "3": 798,
        "4": 6686,
        "5": 23667,
        "6": 48705
    },
    "8374": {
        "0": 1,
        "1": 11,
        "2": 97,
        "3": 843,
        "4": 7335,
        "5": 31239,
        "6": 91088
    },
    "8375": {
        "0": 1,
        "1": 12,
        "2": 106,
        "3": 919,
        "4": 7965,
        "5": 36332,
        "6": 110412
    },
    "8376": {
        "0": 1,
        "1": 11,
        "2": 96,
        "3": 837,
        "4": 7237,
        "5": 29529,
        "6": 77667
    },
    "8377": {
        "0": 1,
        "1": 10,
        "2": 85,
        "3": 746,
        "4": 6541,
        "5": 24607,
        "6": 53125
    },
    "8378": {
        "0": 1,
        "1": 10,
        "2": 89,
        "3": 791,
        "4": 7015,
        "5": 29292,
        "6": 82693
    },
    "8379": {
        "0": 1,
        "1": 13,
        "2": 116,
        "3": 995,
        "4": 8529,
        "5": 40700,
        "6": 122543
    },
    "8380": {
        "0": 1,
        "1": 9,
        "2": 81,
        "3": 722,
        "4": 6433,
        "5": 24423,
        "6": 59092
    },
    "8381": {
        "0": 1,
        "1": 10,
        "2": 83,
        "3": 707,
        "4": 6039,
        "5": 18699,
        "6": 42018
    },
    "8382": {
        "0": 1,
        "1": 12,
        "2": 108,
        "3": 944,
        "4": 8213,
        "5": 38702,
        "6": 115767
    },
    "8383": {
        "0": 1,
        "1": 10,
        "2": 90,
        "3": 788,
        "4": 6908,
        "5": 28017,
        "6": 79994
    },
    "8384": {
        "0": 1,
        "1": 11,
        "2": 98,
        "3": 871,
        "4": 7660,
        "5": 34122,
        "6": 91563
    },
    "8385": {
        "0": 1,
        "1": 12,
        "2": 109,
        "3": 972,
        "4": 8577,
        "5": 42400,
        "6": 135555
    },
    "8386": {
        "0": 1,
        "1": 10,
        "2": 83,
        "3": 708,
        "4": 6058,
        "5": 19339,
        "6": 37904
    },
    "8387": {
        "0": 1,
        "1": 10,
        "2": 84,
        "3": 714,
        "4": 6139,
        "5": 20227,
        "6": 46261
    },
    "8388": {
        "0": 1,
        "1": 11,
        "2": 101,
        "3": 893,
        "4": 7840,
        "5": 35729,
        "6": 103630
    },
    "8389": {
        "0": 1,
        "1": 11,
        "2": 96,
        "3": 839,
        "4": 7339,
        "5": 31120,
        "6": 91026
    },
    "8390": {
        "0": 1,
        "1": 11,
        "2": 93,
        "3": 779,
        "4": 6561,
        "5": 22839,
        "6": 44844
    },
    "8391": {
        "0": 1,
        "1": 10,
        "2": 85,
        "3": 729,
        "4": 6270,
        "5": 21408,
        "6": 48496
    },
    "8392": {
        "0": 1,
        "1": 11,
        "2": 95,
        "3": 823,
        "4": 7166,
        "5": 29795,
        "6": 83697
    },
    "8393": {
        "0": 1,
        "1": 11,
        "2": 93,
        "3": 786,
        "4": 6706,
        "5": 24853,
        "6": 59056
    },
    "8394": {
        "0": 1,
        "1": 12,
        "2": 111,
        "3": 986,
        "4": 8618,
        "5": 42121,
        "6": 136782
    },
    "8395": {
        "0": 1,
        "1": 9,
        "2": 82,
        "3": 737,
        "4": 6614,
        "5": 26485,
        "6": 78312
    },
    "8396": {
        "0": 1,
        "1": 10,
        "2": 84,
        "3": 744,
        "4": 6587,
        "5": 25695,
        "6": 63420
    },
    "8397": {
        "0": 1,
        "1": 13,
        "2": 115,
        "3": 992,
        "4": 8546,
        "5": 41035,
        "6": 113489
    },
    "8398": {
        "0": 1,
        "1": 10,
        "2": 84,
        "3": 718,
        "4": 6176,
        "5": 20693,
        "6": 47218
    },
    "8399": {
        "0": 1,
        "1": 10,
        "2": 88,
        "3": 783,
        "4": 6910,
        "5": 28003,
        "6": 77625
    }
}