{
    "8500": {
        "0": 1,
        "1": 9,
        "2": 78,
        "3": 676,
        "4": 5854,
        "5": 18019,
        "6": 37539
    },
    "8501": {
        "0": 1,
        "1": 11,
        "2": 94,
        "3": 810,
        "4": 7023,
        "5": 28434,
        "6": 75847
    },
    "8502": {
        "0": 1,
        "1": 12,
        "2": 108,
        "3": 949,
        "4": 8273,
        "5": 39275,
        "6": 119708
    },
    "8503": {
        "0": 1,
        "1": 12,
        "2": 107,
        "3": 929,
        "4": 8058,
        "5": 37299,
        "6": 113843
    },
    "8504": {
        "0": 1,
        "1": 10,
        "2": 87,
        "3": 753,
        "4": 6512,
        "5": 23785,
        "6": 57311
    },
    "8505": {
        "0": 1,
        "1": 11,
        "2": 98,
        "3": 876,
        "4": 7774,
        "5": 35884,
        "6": 105094
    },
    "8506": {
        "0": 1,
        "1": 8,
        "2": 69,
        "3": 594,
        "4": 5170,
        "5": 12587,
        "6": 20381
    },
    "8507": {
        "0": 1,
        "1": 11,
        "2": 102,
        "3": 893,
        "4": 7735,
        "5": 34154,
        "6": 98643
    },
    "8508": {
        "0": 1,
        "1": 12,
        "2": 109,
        "3": 951,
        "4": 8217,
        "5": 38021,
        "6": 117361
    },
    "8509": {
        "0": 1,
        "1": 10,
        "2": 85,
        "3": 729,
        "4": 6292,
        "5": 21379,
        "6": 48356
    },
    "8510": {
        "0": 1,
        "1": 11,
        "2": 93,
        "3": 796,
        "4": 6863,
        "5": 26951,
        "6": 71322
    },
    "8511": {
        "0": 1,
        "1": 10,
        "2": 84,
        "3": 713,
        "4": 6092,
        "5": 19700,
        "6": 39430
    },
    "8512": {
        "0": 1,
        "1": 10,
        "2": 87,
        "3": 768,
        "4": 6771,
        "5": 27016,
        "6": 73596
    },
    "8513": {
        "0": 1,
        "1": 9,
        "2": 79,
        "3": 675,
        "4": 5794,
        "5": 16828,
        "6": 38379
    },
    "8514": {
        "0": 1,
        "1": 11,
        "2": 96,
        "3": 835,
        "4": 7209,
        "5": 29246,
        "6": 78599
    },
    "8515": {
        "0": 1,
        "1": 11,
        "2": 99,
        "3": 883,
        "4": 7849,
        "5": 36719,
        "6": 109292
    },
    "8516": {
        "0": 1,
        "1": 11,
        "2": 97,
        "3": 842,
        "4": 7272,
        "5": 30119,
        "6": 79781
    },
    "8517": {
        "0": 1,
        "1": 11,
        "2": 91,
        "3": 757,
        "4": 6354,
        "5": 20896,
        "6": 42621
    },
    "8518": {
        "0": 1,
        "1": 10,
        "2": 88,
        "3": 777,
        "4": 6805,
        "5": 26502,
        "6": 68721
    },
    "8519": {
        "0": 1,
        "1": 11,
        "2": 95,
        "3": 810,
        "4": 6958,
        "5": 26994,
        "6": 60669
    },
    "8520": {
        "0": 1,
        "1": 11,
        "2": 92,
        "3": 782,
        "4": 6707,
        "5": 25056,
        "6": 65376
    },
    "8521": {
        "0": 1,
        "1": 12,
        "2": 115,
        "3": 1035,
        "4": 9158,
        "5": 47370,
        "6": 160003
    },
    "8522": {
        "0": 1,
        "1": 10,
        "2": 81,
        "3": 699,
        "4": 6070,
        "5": 19877,
        "6": 40933
    },
    "8523": {
        "0": 1,
        "1": 10,
        "2": 83,
        "3": 707,
        "4": 6057,
        "5": 19468,
        "6": 38856
    },
    "8524": {
        "0": 1,
        "1": 12,
        "2": 107,
        "3": 939,
        "4": 8256,
        "5": 39411,
        "6": 121331
    },
    "8525": {
        "0": 1,
        "1": 10,
        "2": 85,
        "3": 724,
        "4": 6180,
        "5": 20147,
        "6": 40119
    },
    "8526": {
        "0": 1,
        "1": 12,
        "2": 101,
        "3": 853,
        "4": 7251,
        "5": 29395,
        "6": 76428
    },
    "8527": {
        "0": 1,
        "1": 10,
        "2": 86,
        "3": 765,
        "4": 6823,
        "5": 28173,
        "6": 74276
    },
    "8528": {
        "0": 1,
        "1": 8,
        "2": 68,
        "3": 582,
        "4": 5021,
        "5": 10808,
        "6": 20414
    },
    "8529": {
        "0": 1,
        "1": 12,
        "2": 104,
        "3": 891,
        "4": 7617,
        "5": 32476,
        "6": 90360
    },
    "8530": {
        "0": 1,
        "1": 11,
        "2": 93,
        "3": 795,
        "4": 6864,
        "5": 26982,
        "6": 68624
    },
    "8531": {
        "0": 1,
        "1": 11,
        "2": 97,
        "3": 852,
        "4": 7490,
        "5": 33036,
        "6": 92012
    },
    "8532": {
        "0": 1,
        "1": 11,
        "2": 101,
        "3": 906,
        "4": 8028,
        "5": 37701,
        "6": 116733
    },
    "8533": {
        "0": 1,
        "1": 9,
        "2": 77,
        "3": 671,
        "4": 5908,
        "5": 19322,
        "6": 33983
    },
    "8534": {
        "0": 1,
        "1": 10,
        "2": 90,
        "3": 782,
        "4": 6802,
        "5": 26414,
        "6": 66066
    },
    "8535": {
        "0": 1,
        "1": 11,
        "2": 100,
        "3": 907,
        "4": 8197,
        "5": 40727,
        "6": 131276
    },
    "8536": {
        "0": 1,
        "1": 10,
        "2": 86,
        "3": 747,
        "4": 6501,
        "5": 23774,
        "6": 58480
    },
    "8537": {
        "0": 1,
        "1": 13,
        "2": 111,
        "3": 924,
        "4": 7783,
        "5": 33237,
        "6": 88855
    },
    "8538": {
        "0": 1,
        "1": 11,
        "2": 91,
        "3": 763,
        "4": 6447,
        "5": 22044,
        "6": 53709
    },
    "8539": {
        "0": 1,
        "1": 9,
        "2": 79,
        "3": 698,
        "4": 6134,
        "5": 20852,
        "6": 46275
    },
    "8540": {
        "0": 1,
        "1": 13,
        "2": 114,
        "3": 976,
        "4": 8337,
        "5": 38567,
        "6": 120692
    },
    "8541": {
        "0": 1,
        "1": 9,
        "2": 78,
        "3": 690,
        "4": 6079,
        "5": 20650,
        "6": 48781
    },
    "8542": {
        "0": 1,
        "1": 11,
        "2": 95,
        "3": 813,
        "4": 6973,
        "5": 26789,
        "6": 64117
    },
    "8543": {
        "0": 1,
        "1": 9,
        "2": 79,
        "3": 697,
        "4": 6154,
        "5": 21342,
        "6": 53254
    },
    "8544": {
        "0": 1,
        "1": 11,
        "2": 96,
        "3": 824,
        "4": 7102,
        "5": 28673,
        "6": 72573
    },
    "8545": {
        "0": 1,
        "1": 12,
        "2": 104,
        "3": 878,
        "4": 7442,
        "5": 30795,
        "6": 78389
    },
    "8546": {
        "0": 1,
        "1": 10,
        "2": 86,
        "3": 751,
        "4": 6525,
        "5": 23573,
        "6": 52801
    },
    "8547": {
        "0": 1,
        "1": 10,
        "2": 83,
        "3": 705,
        "4": 6010,
        "5": 18700,
        "6": 38172
    },
    "8548": {
        "0": 1,
        "1": 13,
        "2": 117,
        "3": 1019,
        "4": 8904,
        "5": 45069,
        "6": 142796
    },
    "8549": {
        "0": 1,
        "1": 13,
        "2": 117,
        "3": 1013,
        "4": 8669,
        "5": 41276,
        "6": 119167
    },
    "8550": {
        "0": 1,
        "1": 9,
        "2": 74,
        "3": 626,
        "4": 5358,
        "5": 13550,
        "6": 26270
    },
    "8551": {
        "0": 1,
        "1": 11,
        "2": 93,
        "3": 783,
        "4": 6633,
        "5": 23790,
        "6": 59006
    },
    "8552": {
        "0": 1,
        "1": 14,
        "2": 127,
        "3": 1095,
        "4": 9423,
        "5": 48657,
        "6": 153061
    },
    "8553": {
        "0": 1,
        "1": 11,
        "2": 100,
        "3": 885,
        "4": 7714,
        "5": 34198,
        "6": 90099
    },
    "8554": {
        "0": 1,
        "1": 10,
        "2": 82,
        "3": 694,
        "4": 5942,
        "5": 18505,
        "6": 43315
    },
    "8555": {
        "0": 1,
        "1": 10,
        "2": 90,
        "3": 818,
        "4": 7431,
        "5": 33959,
        "6": 94971
    },
    "8556": {
        "0": 1,
        "1": 10,
        "2": 88,
        "3": 765,
        "4": 6606,
        "5": 23725,
        "6": 57616
    },
    "8557": {
        "0": 1,
        "1": 12,
        "2": 101,
        "3": 867,
        "4": 7472,
        "5": 31748,
        "6": 74871
    },
    "8558": {
        "0": 1,
        "1": 11,
        "2": 93,
        "3": 810,
        "4": 7075,
        "5": 29109,
        "6": 75164
    },
    "8559": {
        "0": 1,
        "1": 11,
        "2": 94,
        "3": 822,
        "4": 7270,
        "5": 31908,
        "6": 92956
    },
    "8560": {
        "0": 1,
        "1": 10,
        "2": 82,
        "3": 695,
        "4": 5944,
        "5": 18458,
        "6": 35498
    },
    "8561": {
        "0": 1,
        "1": 11,
        "2": 96,
        "3": 842,
        "4": 7398,
        "5": 32609,
        "6": 92910
    },
    "8562": {
        "0": 1,
        "1": 11,
        "2": 99,
        "3": 871,
        "4": 7651,
        "5": 34282,
        "6": 96660
    },
    "8563": {
        "0": 1,
        "1": 10,
        "2": 84,
        "3": 734,
        "4": 6447,
        "5": 23811,
        "6": 63620
    },
    "8564": {
        "0": 1,
        "1": 9,
        "2": 81,
        "3": 718,
        "4": 6353,
        "5": 23258,
        "6": 55873
    },
    "8565": {
        "0": 1,
        "1": 12,
        "2": 106,
        "3": 903,
        "4": 7676,
        "5": 32491,
        "6": 84373
    },
    "8566": {
        "0": 1,
        "1": 9,
        "2": 75,
        "3": 636,
        "4": 5387,
        "5": 13021,
        "6": 19991
    },
    "8567": {
        "0": 1,
        "1": 11,
        "2": 93,
        "3": 783,
        "4": 6646,
        "5": 23976,
        "6": 57286
    },
    "8568": {
        "0": 1,
        "1": 9,
        "2": 79,
        "3": 683,
        "4": 5914,
        "5": 18480,
        "6": 37891
    },
    "8569": {
        "0": 1,
        "1": 11,
        "2": 98,
        "3": 871,
        "4": 7776,
        "5": 36918,
        "6": 114388
    },
    "8570": {
        "0": 1,
        "1": 10,
        "2": 89,
        "3": 792,
        "4": 6976,
        "5": 28364,
        "6": 79231
    },
    "8571": {
        "0": 1,
        "1": 12,
        "2": 99,
        "3": 828,
        "4": 7037,
        "5": 27421,
        "6": 60436
    },
    "8572": {
        "0": 1,
        "1": 9,
        "2": 78,
        "3": 679,
        "4": 5961,
        "5": 18995,
        "6": 44620
    },
    "8573": {
        "0": 1,
        "1": 9,
        "2": 76,
        "3": 651,
        "4": 5603,
        "5": 15706,
        "6": 27018
    },
    "8574": {
        "0": 1,
        "1": 11,
        "2": 96,
        "3": 846,
        "4": 7403,
        "5": 31819,
        "6": 84705
    },
    "8575": {
        "0": 1,
        "1": 10,
        "2": 85,
        "3": 728,
        "4": 6326,
        "5": 22680,
        "6": 57571
    },
    "8576": {
        "0": 1,
        "1": 10,
        "2": 83,
        "3": 707,
        "4": 6060,
        "5": 19370,
        "6": 36576
    },
    "8577": {
        "0": 1,
        "1": 11,
        "2": 98,
        "3": 865,
        "4": 7588,
        "5": 33401,
        "6": 99159
    },
    "8578": {
        "0": 1,
        "1": 10,
        "2": 86,
        "3": 740,
        "4": 6390,
        "5": 22637,
        "6": 53521
    },
    "8579": {
        "0": 1,
        "1": 12,
        "2": 108,
        "3": 946,
        "4": 8218,
        "5": 38452,
        "6": 110120
    },
    "8580": {
        "0": 1,
        "1": 10,
        "2": 82,
        "3": 686,
        "4": 5807,
        "5": 16466,
        "6": 37437
    },
    "8581": {
        "0": 1,
        "1": 9,
        "2": 80,
        "3": 708,
        "4": 6283,
        "5": 22792,
        "6": 57125
    },
    "8582": {
        "0": 1,
        "1": 12,
        "2": 99,
        "3": 860,
        "4": 7455,
        "5": 31962,
        "6": 78814
    },
    "8583": {
        "0": 1,
        "1": 11,
        "2": 99,
        "3": 877,
        "4": 7717,
        "5": 34799,
        "6": 107086
    },
    "8584": {
        "0": 1,
        "1": 10,
        "2": 84,
        "3": 731,
        "4": 6369,
        "5": 22831,
        "6": 45627
    },
    "8585": {
        "0": 1,
        "1": 8,
        "2": 66,
        "3": 549,
        "4": 4598,
        "5": 6016,
        "6": 10483
    },
    "8586": {
        "0": 1,
        "1": 12,
        "2": 108,
        "3": 946,
        "4": 8251,
        "5": 39228,
        "6": 115676
    },
    "8587": {
        "0": 1,
        "1": 10,
        "2": 93,
        "3": 823,
        "4": 7228,
        "5": 30241,
        "6": 81455
    },
    "8588": {
        "0": 1,
        "1": 13,
        "2": 116,
        "3": 986,
        "4": 8368,
        "5": 38400,
        "6": 106503
    },
    "8589": {
        "0": 1,
        "1": 9,
        "2": 78,
        "3": 678,
        "4": 5924,
        "5": 19183,
        "6": 43463
    },
    "8590": {
        "0": 1,
        "1": 11,
        "2": 95,
        "3": 820,
        "4": 7072,
        "5": 28264,
        "6": 70275
    },
    "8591": {
        "0": 1,
        "1": 11,
        "2": 92,
        "3": 777,
        "4": 6599,
        "5": 23594,
        "6": 45222
    },
    "8592": {
        "0": 1,
        "1": 11,
        "2": 94,
        "3": 804,
        "4": 6919,
        "5": 27089,
        "6": 64364
    },
    "8593": {
        "0": 1,
        "1": 9,
        "2": 78,
        "3": 689,
        "4": 6106,
        "5": 20991,
        "6": 51072
    },
    "8594": {
        "0": 1,
        "1": 14,
        "2": 133,
        "3": 1185,
        "4": 10425,
        "5": 58154,
        "6": 202694
    },
    "8595": {
        "0": 1,
        "1": 11,
        "2": 95,
        "3": 818,
        "4": 7025,
        "5": 27491,
        "6": 63575
    },
    "8596": {
        "0": 1,
        "1": 10,
        "2": 88,
        "3": 771,
        "4": 6708,
        "5": 25441,
        "6": 62306
    },
    "8597": {
        "0": 1,
        "1": 10,
        "2": 86,
        "3": 754,
        "4": 6623,
        "5": 25268,
        "6": 64771
    },
    "8598": {
        "0": 1,
        "1": 8,
        "2": 69,
        "3": 590,
        "4": 5082,
        "5": 11293,
        "6": 19683
    },
    "8599": {
        "0": 1,
        "1": 11,
        "2": 92,
        "3": 773,
        "4": 6578,
        "5": 23515,
        "6": 53122
    }
}