{
    "25900": {
        "0": 1,
        "1": 10,
        "2": 85,
        "3": 732,
        "4": 6394,
        "5": 23262,
        "6": 57585
    },
    "25901": {
        "0": 1,
        "1": 10,
        "2": 82,
        "3": 688,
        "4": 5773,
        "5": 15803,
        "6": 23475
    },
    "25902": {
        "0": 1,
        "1": 11,
        "2": 97,
        "3": 845,
        "4": 7369,
        "5": 31786,
        "6": 91795
    },
    "25903": {
        "0": 1,
        "1": 11,
        "2": 99,
        "3": 849,
        "4": 7272,
        "5": 29698,
        "6": 79921
    },
    "25904": {
        "0": 1,
        "1": 11,
        "2": 100,
        "3": 884,
        "4": 7777,
        "5": 35628,
        "6": 114867
    },
    "25905": {
        "0": 1,
        "1": 10,
        "2": 83,
        "3": 689,
        "4": 5760,
        "5": 15651,
        "6": 27994
    },
    "25906": {
        "0": 1,
        "1": 12,
        "2": 105,
        "3": 896,
        "4": 7644,
        "5": 32512,
        "6": 84807
    },
    "25907": {
        "0": 1,
        "1": 11,
        "2": 96,
        "3": 846,
        "4": 7500,
        "5": 33630,
        "6": 104087
    },
    "25908": {
        "0": 1,
        "1": 10,
        "2": 85,
        "3": 746,
        "4": 6584,
        "5": 25251,
        "6": 67385
    },
    "25909": {
        "0": 1,
        "1": 10,
        "2": 87,
        "3": 756,
        "4": 6528,
        "5": 23598,
        "6": 57975
    },
    "25910": {
        "0": 1,
        "1": 10,
        "2": 86,
        "3": 745,
        "4": 6474,
        "5": 23538,
        "6": 56439
    },
    "25911": {
        "0": 1,
        "1": 12,
        "2": 106,
        "3": 928,
        "4": 8066,
        "5": 37182,
        "6": 110394
    },
    "25912": {
        "0": 1,
        "1": 10,
        "2": 84,
        "3": 717,
        "4": 6172,
        "5": 20739,
        "6": 48735
    },
    "25913": {
        "0": 1,
        "1": 13,
        "2": 112,
        "3": 952,
        "4": 8123,
        "5": 36722,
        "6": 108962
    },
    "25914": {
        "0": 1,
        "1": 10,
        "2": 86,
        "3": 739,
        "4": 6403,
        "5": 22986,
        "6": 56734
    },
    "25915": {
        "0": 1,
        "1": 8,
        "2": 70,
        "3": 605,
        "4": 5237,
        "5": 12627,
        "6": 27415
    },
    "25916": {
        "0": 1,
        "1": 10,
        "2": 91,
        "3": 826,
        "4": 7439,
        "5": 33836,
        "6": 107522
    },
    "25917": {
        "0": 1,
        "1": 11,
        "2": 97,
        "3": 849,
        "4": 7398,
        "5": 31836,
        "6": 90075
    },
    "25918": {
        "0": 1,
        "1": 11,
        "2": 95,
        "3": 810,
        "4": 6936,
        "5": 26792,
        "6": 63986
    },
    "25919": {
        "0": 1,
        "1": 13,
        "2": 114,
        "3": 953,
        "4": 7969,
        "5": 34298,
        "6": 94797
    },
    "25920": {
        "0": 1,
        "1": 9,
        "2": 79,
        "3": 691,
        "4": 6075,
        "5": 20672,
        "6": 44806
    },
    "25921": {
        "0": 1,
        "1": 12,
        "2": 103,
        "3": 880,
        "4": 7505,
        "5": 31404,
        "6": 83482
    },
    "25922": {
        "0": 1,
        "1": 11,
        "2": 95,
        "3": 815,
        "4": 6997,
        "5": 27253,
        "6": 68470
    },
    "25923": {
        "0": 1,
        "1": 10,
        "2": 89,
        "3": 793,
        "4": 7002,
        "5": 28822,
        "6": 85838
    },
    "25924": {
        "0": 1,
        "1": 13,
        "2": 116,
        "3": 1010,
        "4": 8738,
        "5": 42681,
        "6": 123397
    },
    "25925": {
        "0": 1,
        "1": 12,
        "2": 103,
        "3": 864,
        "4": 7280,
        "5": 29018,
        "6": 75359
    },
    "25926": {
        "0": 1,
        "1": 11,
        "2": 96,
        "3": 826,
        "4": 7137,
        "5": 29026,
        "6": 80297
    },
    "25927": {
        "0": 1,
        "1": 10,
        "2": 84,
        "3": 712,
        "4": 6130,
        "5": 19847,
        "6": 39933
    },
    "25928": {
        "0": 1,
        "1": 10,
        "2": 84,
        "3": 737,
        "4": 6472,
        "5": 23656,
        "6": 58759
    },
    "25929": {
        "0": 1,
        "1": 12,
        "2": 109,
        "3": 957,
        "4": 8353,
        "5": 40322,
        "6": 126260
    },
    "25930": {
        "0": 1,
        "1": 13,
        "2": 118,
        "3": 1027,
        "4": 8865,
        "5": 43841,
        "6": 143085
    },
    "25931": {
        "0": 1,
        "1": 9,
        "2": 78,
        "3": 670,
        "4": 5831,
        "5": 18354,
        "6": 38634
    },
    "25932": {
        "0": 1,
        "1": 9,
        "2": 75,
        "3": 657,
        "4": 5801,
        "5": 18399,
        "6": 40750
    },
    "25933": {
        "0": 1,
        "1": 10,
        "2": 84,
        "3": 733,
        "4": 6397,
        "5": 23020,
        "6": 56716
    },
    "25934": {
        "0": 1,
        "1": 10,
        "2": 88,
        "3": 766,
        "4": 6713,
        "5": 26333,
        "6": 74305
    },
    "25935": {
        "0": 1,
        "1": 13,
        "2": 112,
        "3": 933,
        "4": 7825,
        "5": 33307,
        "6": 86598
    },
    "25936": {
        "0": 1,
        "1": 9,
        "2": 74,
        "3": 637,
        "4": 5515,
        "5": 15239,
        "6": 34256
    },
    "25937": {
        "0": 1,
        "1": 11,
        "2": 94,
        "3": 794,
        "4": 6709,
        "5": 24206,
        "6": 56034
    },
    "25938": {
        "0": 1,
        "1": 10,
        "2": 87,
        "3": 752,
        "4": 6474,
        "5": 23030,
        "6": 53368
    },
    "25939": {
        "0": 1,
        "1": 10,
        "2": 88,
        "3": 778,
        "4": 6890,
        "5": 28215,
        "6": 79616
    },
    "25940": {
        "0": 1,
        "1": 10,
        "2": 82,
        "3": 701,
        "4": 5992,
        "5": 18694,
        "6": 38422
    },
    "25941": {
        "0": 1,
        "1": 11,
        "2": 96,
        "3": 832,
        "4": 7239,
        "5": 30350,
        "6": 73489
    },
    "25942": {
        "0": 1,
        "1": 11,
        "2": 95,
        "3": 820,
        "4": 7083,
        "5": 28639,
        "6": 76902
    },
    "25943": {
        "0": 1,
        "1": 10,
        "2": 81,
        "3": 688,
        "4": 5889,
        "5": 17962,
        "6": 36485
    },
    "25944": {
        "0": 1,
        "1": 9,
        "2": 75,
        "3": 645,
        "4": 5568,
        "5": 15510,
        "6": 27697
    },
    "25945": {
        "0": 1,
        "1": 10,
        "2": 83,
        "3": 716,
        "4": 6249,
        "5": 22159,
        "6": 56018
    },
    "25946": {
        "0": 1,
        "1": 12,
        "2": 109,
        "3": 964,
        "4": 8488,
        "5": 41794,
        "6": 135277
    },
    "25947": {
        "0": 1,
        "1": 11,
        "2": 91,
        "3": 773,
        "4": 6679,
        "5": 25581,
        "6": 60806
    },
    "25948": {
        "0": 1,
        "1": 12,
        "2": 100,
        "3": 834,
        "4": 7066,
        "5": 27803,
        "6": 69796
    },
    "25949": {
        "0": 1,
        "1": 14,
        "2": 119,
        "3": 977,
        "4": 8163,
        "5": 36162,
        "6": 99407
    },
    "25950": {
        "0": 1,
        "1": 10,
        "2": 84,
        "3": 727,
        "4": 6334,
        "5": 22613,
        "6": 61527
    },
    "25951": {
        "0": 1,
        "1": 11,
        "2": 96,
        "3": 840,
        "4": 7338,
        "5": 31172,
        "6": 82841
    },
    "25952": {
        "0": 1,
        "1": 12,
        "2": 101,
        "3": 844,
        "4": 7117,
        "5": 27826,
        "6": 64047
    },
    "25953": {
        "0": 1,
        "1": 8,
        "2": 72,
        "3": 635,
        "4": 5577,
        "5": 15645,
        "6": 32129
    },
    "25954": {
        "0": 1,
        "1": 11,
        "2": 94,
        "3": 825,
        "4": 7304,
        "5": 31910,
        "6": 90729
    },
    "25955": {
        "0": 1,
        "1": 9,
        "2": 79,
        "3": 697,
        "4": 6169,
        "5": 21991,
        "6": 57702
    },
    "25956": {
        "0": 1,
        "1": 9,
        "2": 79,
        "3": 712,
        "4": 6421,
        "5": 25160,
        "6": 61821
    },
    "25957": {
        "0": 1,
        "1": 9,
        "2": 77,
        "3": 668,
        "4": 5797,
        "5": 17658,
        "6": 33312
    },
    "25958": {
        "0": 1,
        "1": 9,
        "2": 77,
        "3": 682,
        "4": 6032,
        "5": 20600,
        "6": 51886
    },
    "25959": {
        "0": 1,
        "1": 10,
        "2": 87,
        "3": 747,
        "4": 6448,
        "5": 23134,
        "6": 58852
    },
    "25960": {
        "0": 1,
        "1": 10,
        "2": 85,
        "3": 738,
        "4": 6432,
        "5": 23422,
        "6": 56138
    },
    "25961": {
        "0": 1,
        "1": 9,
        "2": 77,
        "3": 656,
        "4": 5638,
        "5": 16006,
        "6": 31136
    },
    "25962": {
        "0": 1,
        "1": 12,
        "2": 103,
        "3": 864,
        "4": 7327,
        "5": 30077,
        "6": 74839
    },
    "25963": {
        "0": 1,
        "1": 12,
        "2": 106,
        "3": 920,
        "4": 7966,
        "5": 36307,
        "6": 108933
    },
    "25964": {
        "0": 1,
        "1": 11,
        "2": 93,
        "3": 817,
        "4": 7218,
        "5": 30933,
        "6": 86981
    },
    "25965": {
        "0": 1,
        "1": 10,
        "2": 82,
        "3": 691,
        "4": 5874,
        "5": 17572,
        "6": 36164
    },
    "25966": {
        "0": 1,
        "1": 10,
        "2": 83,
        "3": 711,
        "4": 6114,
        "5": 19954,
        "6": 42804
    },
    "25967": {
        "0": 1,
        "1": 10,
        "2": 82,
        "3": 676,
        "4": 5623,
        "5": 14316,
        "6": 22610
    },
    "25968": {
        "0": 1,
        "1": 12,
        "2": 106,
        "3": 905,
        "4": 7672,
        "5": 32559,
        "6": 89542
    },
    "25969": {
        "0": 1,
        "1": 9,
        "2": 78,
        "3": 667,
        "4": 5756,
        "5": 17270,
        "6": 37126
    },
    "25970": {
        "0": 1,
        "1": 9,
        "2": 79,
        "3": 705,
        "4": 6291,
        "5": 23012,
        "6": 54105
    },
    "25971": {
        "0": 1,
        "1": 12,
        "2": 105,
        "3": 913,
        "4": 7936,
        "5": 36455,
        "6": 106448
    },
    "25972": {
        "0": 1,
        "1": 9,
        "2": 78,
        "3": 677,
        "4": 5907,
        "5": 19026,
        "6": 42767
    },
    "25973": {
        "0": 1,
        "1": 13,
        "2": 113,
        "3": 950,
        "4": 7965,
        "5": 34340,
        "6": 101671
    },
    "25974": {
        "0": 1,
        "1": 13,
        "2": 118,
        "3": 1017,
        "4": 8674,
        "5": 41347,
        "6": 124524
    },
    "25975": {
        "0": 1,
        "1": 9,
        "2": 74,
        "3": 630,
        "4": 5443,
        "5": 14631,
        "6": 28884
    },
    "25976": {
        "0": 1,
        "1": 12,
        "2": 105,
        "3": 907,
        "4": 7846,
        "5": 35123,
        "6": 101505
    },
    "25977": {
        "0": 1,
        "1": 12,
        "2": 109,
        "3": 955,
        "4": 8322,
        "5": 39877,
        "6": 127767
    },
    "25978": {
        "0": 1,
        "1": 12,
        "2": 99,
        "3": 841,
        "4": 7261,
        "5": 30102,
        "6": 72287
    },
    "25979": {
        "0": 1,
        "1": 11,
        "2": 98,
        "3": 857,
        "4": 7468,
        "5": 32192,
        "6": 91257
    },
    "25980": {
        "0": 1,
        "1": 11,
        "2": 95,
        "3": 837,
        "4": 7378,
        "5": 32333,
        "6": 89007
    },
    "25981": {
        "0": 1,
        "1": 10,
        "2": 82,
        "3": 687,
        "4": 5804,
        "5": 16640,
        "6": 30713
    },
    "25982": {
        "0": 1,
        "1": 13,
        "2": 115,
        "3": 988,
        "4": 8530,
        "5": 41301,
        "6": 128182
    },
    "25983": {
        "0": 1,
        "1": 11,
        "2": 90,
        "3": 754,
        "4": 6410,
        "5": 22128,
        "6": 50287
    },
    "25984": {
        "0": 1,
        "1": 11,
        "2": 96,
        "3": 828,
        "4": 7133,
        "5": 28712,
        "6": 72861
    },
    "25985": {
        "0": 1,
        "1": 13,
        "2": 118,
        "3": 1005,
        "4": 8467,
        "5": 38895,
        "6": 105671
    },
    "25986": {
        "0": 1,
        "1": 10,
        "2": 84,
        "3": 723,
        "4": 6235,
        "5": 20873,
        "6": 45826
    },
    "25987": {
        "0": 1,
        "1": 12,
        "2": 108,
        "3": 931,
        "4": 7970,
        "5": 35656,
        "6": 103829
    },
    "25988": {
        "0": 1,
        "1": 11,
        "2": 96,
        "3": 834,
        "4": 7271,
        "5": 30675,
        "6": 81780
    },
    "25989": {
        "0": 1,
        "1": 11,
        "2": 95,
        "3": 810,
        "4": 6932,
        "5": 26757,
        "6": 65042
    },
    "25990": {
        "0": 1,
        "1": 9,
        "2": 76,
        "3": 659,
        "4": 5792,
        "5": 18544,
        "6": 38680
    },
    "25991": {
        "0": 1,
        "1": 9,
        "2": 76,
        "3": 661,
        "4": 5748,
        "5": 17123,
        "6": 32995
    },
    "25992": {
        "0": 1,
        "1": 10,
        "2": 86,
        "3": 738,
        "4": 6323,
        "5": 21426,
        "6": 43240
    },
    "25993": {
        "0": 1,
        "1": 13,
        "2": 116,
        "3": 992,
        "4": 8454,
        "5": 39670,
        "6": 118756
    },
    "25994": {
        "0": 1,
        "1": 12,
        "2": 107,
        "3": 935,
        "4": 8172,
        "5": 38879,
        "6": 122723
    },
    "25995": {
        "0": 1,
        "1": 10,
        "2": 84,
        "3": 718,
        "4": 6154,
        "5": 20183,
        "6": 39150
    },
    "25996": {
        "0": 1,
        "1": 11,
        "2": 98,
        "3": 857,
        "4": 7502,
        "5": 32941,
        "6": 92623
    },
    "25997": {
        "0": 1,
        "1": 12,
        "2": 105,
        "3": 927,
        "4": 8207,
        "5": 39402,
        "6": 109140
    },
    "25998": {
        "0": 1,
        "1": 12,
        "2": 105,
        "3": 899,
        "4": 7634,
        "5": 32019,
        "6": 79799
    },
    "25999": {
        "0": 1,
        "1": 11,
        "2": 96,
        "3": 855,
        "4": 7592,
        "5": 34621,
        "6": 93894
    }
}