{
    "31700": {
        "0": 1,
        "1": 11,
        "2": 93,
        "3": 795,
        "4": 6820,
        "5": 25900,
        "6": 68386
    },
    "31701": {
        "0": 1,
        "1": 12,
        "2": 107,
        "3": 936,
        "4": 8115,
        "5": 36942,
        "6": 108911
    },
    "31702": {
        "0": 1,
        "1": 11,
        "2": 99,
        "3": 858,
        "4": 7445,
        "5": 31962,
        "6": 95544
    },
    "31703": {
        "0": 1,
        "1": 14,
        "2": 128,
        "3": 1105,
        "4": 9444,
        "5": 48312,
        "6": 149228
    },
    "31704": {
        "0": 1,
        "1": 12,
        "2": 103,
        "3": 867,
        "4": 7326,
        "5": 29681,
        "6": 78692
    },
    "31705": {
        "0": 1,
        "1": 11,
        "2": 94,
        "3": 809,
        "4": 7002,
        "5": 27963,
        "6": 75153
    },
    "31706": {
        "0": 1,
        "1": 9,
        "2": 76,
        "3": 647,
        "4": 5524,
        "5": 14447,
        "6": 25685
    },
    "31707": {
        "0": 1,
        "1": 12,
        "2": 104,
        "3": 879,
        "4": 7428,
        "5": 30201,
        "6": 81746
    },
    "31708": {
        "0": 1,
        "1": 13,
        "2": 116,
        "3": 993,
        "4": 8509,
        "5": 40453,
        "6": 114381
    },
    "31709": {
        "0": 1,
        "1": 11,
        "2": 96,
        "3": 835,
        "4": 7283,
        "5": 30790,
        "6": 81105
    },
    "31710": {
        "0": 1,
        "1": 11,
        "2": 95,
        "3": 814,
        "4": 6973,
        "5": 26893,
        "6": 62521
    },
    "31711": {
        "0": 1,
        "1": 9,
        "2": 78,
        "3": 682,
        "4": 5973,
        "5": 19524,
        "6": 41939
    },
    "31712": {
        "0": 1,
        "1": 11,
        "2": 93,
        "3": 791,
        "4": 6780,
        "5": 25759,
        "6": 65062
    },
    "31713": {
        "0": 1,
        "1": 10,
        "2": 86,
        "3": 751,
        "4": 6601,
        "5": 25401,
        "6": 62527
    },
    "31714": {
        "0": 1,
        "1": 10,
        "2": 85,
        "3": 726,
        "4": 6251,
        "5": 21519,
        "6": 53403
    },
    "31715": {
        "0": 1,
        "1": 11,
        "2": 96,
        "3": 847,
        "4": 7441,
        "5": 32272,
        "6": 77282
    },
    "31716": {
        "0": 1,
        "1": 9,
        "2": 78,
        "3": 685,
        "4": 5983,
        "5": 19384,
        "6": 42533
    },
    "31717": {
        "0": 1,
        "1": 10,
        "2": 95,
        "3": 852,
        "4": 7639,
        "5": 35315,
        "6": 110699
    },
    "31718": {
        "0": 1,
        "1": 10,
        "2": 88,
        "3": 784,
        "4": 6933,
        "5": 27938,
        "6": 78373
    },
    "31719": {
        "0": 1,
        "1": 11,
        "2": 95,
        "3": 815,
        "4": 7030,
        "5": 28324,
        "6": 78946
    },
    "31720": {
        "0": 1,
        "1": 8,
        "2": 70,
        "3": 607,
        "4": 5263,
        "5": 12843,
        "6": 22351
    },
    "31721": {
        "0": 1,
        "1": 13,
        "2": 112,
        "3": 941,
        "4": 7988,
        "5": 35452,
        "6": 99923
    },
    "31722": {
        "0": 1,
        "1": 11,
        "2": 96,
        "3": 832,
        "4": 7172,
        "5": 29021,
        "6": 79663
    },
    "31723": {
        "0": 1,
        "1": 12,
        "2": 109,
        "3": 953,
        "4": 8281,
        "5": 39134,
        "6": 119805
    },
    "31724": {
        "0": 1,
        "1": 13,
        "2": 113,
        "3": 950,
        "4": 8031,
        "5": 35108,
        "6": 94015
    },
    "31725": {
        "0": 1,
        "1": 10,
        "2": 85,
        "3": 737,
        "4": 6395,
        "5": 22830,
        "6": 49141
    },
    "31726": {
        "0": 1,
        "1": 9,
        "2": 78,
        "3": 695,
        "4": 6192,
        "5": 21903,
        "6": 51375
    },
    "31727": {
        "0": 1,
        "1": 8,
        "2": 71,
        "3": 629,
        "4": 5602,
        "5": 17279,
        "6": 41893
    },
    "31728": {
        "0": 1,
        "1": 11,
        "2": 99,
        "3": 881,
        "4": 7797,
        "5": 36233,
        "6": 111208
    },
    "31729": {
        "0": 1,
        "1": 8,
        "2": 68,
        "3": 572,
        "4": 4840,
        "5": 8189,
        "6": 7894
    },
    "31730": {
        "0": 1,
        "1": 10,
        "2": 85,
        "3": 732,
        "4": 6337,
        "5": 22304,
        "6": 56612
    },
    "31731": {
        "0": 1,
        "1": 11,
        "2": 94,
        "3": 811,
        "4": 7028,
        "5": 28521,
        "6": 78443
    },
    "31732": {
        "0": 1,
        "1": 11,
        "2": 96,
        "3": 829,
        "4": 7137,
        "5": 28753,
        "6": 77489
    },
    "31733": {
        "0": 1,
        "1": 9,
        "2": 78,
        "3": 689,
        "4": 6131,
        "5": 21877,
        "6": 48997
    },
    "31734": {
        "0": 1,
        "1": 10,
        "2": 89,
        "3": 774,
        "4": 6719,
        "5": 25553,
        "6": 67610
    },
    "31735": {
        "0": 1,
        "1": 10,
        "2": 83,
        "3": 702,
        "4": 5930,
        "5": 17627,
        "6": 39813
    },
    "31736": {
        "0": 1,
        "1": 10,
        "2": 83,
        "3": 694,
        "4": 5875,
        "5": 17355,
        "6": 33290
    },
    "31737": {
        "0": 1,
        "1": 11,
        "2": 93,
        "3": 793,
        "4": 6832,
        "5": 26129,
        "6": 60152
    },
    "31738": {
        "0": 1,
        "1": 13,
        "2": 117,
        "3": 1027,
        "4": 8938,
        "5": 44337,
        "6": 138095
    },
    "31739": {
        "0": 1,
        "1": 11,
        "2": 93,
        "3": 789,
        "4": 6704,
        "5": 24347,
        "6": 59244
    },
    "31740": {
        "0": 1,
        "1": 11,
        "2": 98,
        "3": 850,
        "4": 7353,
        "5": 30934,
        "6": 79466
    },
    "31741": {
        "0": 1,
        "1": 11,
        "2": 94,
        "3": 811,
        "4": 6951,
        "5": 26583,
        "6": 52721
    },
    "31742": {
        "0": 1,
        "1": 11,
        "2": 98,
        "3": 872,
        "4": 7686,
        "5": 34625,
        "6": 98527
    },
    "31743": {
        "0": 1,
        "1": 13,
        "2": 119,
        "3": 1032,
        "4": 8922,
        "5": 44520,
        "6": 132263
    },
    "31744": {
        "0": 1,
        "1": 13,
        "2": 111,
        "3": 912,
        "4": 7565,
        "5": 30756,
        "6": 72464
    },
    "31745": {
        "0": 1,
        "1": 14,
        "2": 126,
        "3": 1062,
        "4": 8893,
        "5": 42112,
        "6": 126456
    },
    "31746": {
        "0": 1,
        "1": 9,
        "2": 77,
        "3": 649,
        "4": 5545,
        "5": 15078,
        "6": 31390
    },
    "31747": {
        "0": 1,
        "1": 10,
        "2": 89,
        "3": 777,
        "4": 6745,
        "5": 25685,
        "6": 65708
    },
    "31748": {
        "0": 1,
        "1": 11,
        "2": 93,
        "3": 799,
        "4": 6914,
        "5": 26985,
        "6": 64634
    },
    "31749": {
        "0": 1,
        "1": 8,
        "2": 69,
        "3": 596,
        "4": 5208,
        "5": 13100,
        "6": 25051
    },
    "31750": {
        "0": 1,
        "1": 10,
        "2": 90,
        "3": 800,
        "4": 7034,
        "5": 28795,
        "6": 83377
    },
    "31751": {
        "0": 1,
        "1": 10,
        "2": 84,
        "3": 731,
        "4": 6418,
        "5": 23931,
        "6": 63272
    },
    "31752": {
        "0": 1,
        "1": 10,
        "2": 86,
        "3": 736,
        "4": 6333,
        "5": 22067,
        "6": 55771
    },
    "31753": {
        "0": 1,
        "1": 10,
        "2": 83,
        "3": 706,
        "4": 6060,
        "5": 19671,
        "6": 37498
    },
    "31754": {
        "0": 1,
        "1": 11,
        "2": 97,
        "3": 858,
        "4": 7579,
        "5": 34453,
        "6": 107995
    },
    "31755": {
        "0": 1,
        "1": 12,
        "2": 103,
        "3": 873,
        "4": 7435,
        "5": 30983,
        "6": 86717
    },
    "31756": {
        "0": 1,
        "1": 12,
        "2": 103,
        "3": 890,
        "4": 7738,
        "5": 34780,
        "6": 102737
    },
    "31757": {
        "0": 1,
        "1": 10,
        "2": 83,
        "3": 715,
        "4": 6185,
        "5": 20885,
        "6": 45257
    },
    "31758": {
        "0": 1,
        "1": 11,
        "2": 95,
        "3": 817,
        "4": 7051,
        "5": 28413,
        "6": 73200
    },
    "31759": {
        "0": 1,
        "1": 10,
        "2": 82,
        "3": 693,
        "4": 5898,
        "5": 17802,
        "6": 39004
    },
    "31760": {
        "0": 1,
        "1": 9,
        "2": 75,
        "3": 647,
        "4": 5606,
        "5": 16097,
        "6": 29767
    },
    "31761": {
        "0": 1,
        "1": 12,
        "2": 106,
        "3": 918,
        "4": 7936,
        "5": 35732,
        "6": 92101
    },
    "31762": {
        "0": 1,
        "1": 12,
        "2": 104,
        "3": 887,
        "4": 7613,
        "5": 33358,
        "6": 99065
    },
    "31763": {
        "0": 1,
        "1": 8,
        "2": 70,
        "3": 608,
        "4": 5290,
        "5": 13407,
        "6": 23456
    },
    "31764": {
        "0": 1,
        "1": 10,
        "2": 89,
        "3": 779,
        "4": 6789,
        "5": 26350,
        "6": 71495
    },
    "31765": {
        "0": 1,
        "1": 13,
        "2": 115,
        "3": 979,
        "4": 8327,
        "5": 38189,
        "6": 111292
    },
    "31766": {
        "0": 1,
        "1": 11,
        "2": 92,
        "3": 799,
        "4": 7037,
        "5": 29273,
        "6": 83417
    },
    "31767": {
        "0": 1,
        "1": 9,
        "2": 74,
        "3": 641,
        "4": 5586,
        "5": 15992,
        "6": 32485
    },
    "31768": {
        "0": 1,
        "1": 10,
        "2": 87,
        "3": 766,
        "4": 6708,
        "5": 25746,
        "6": 59644
    },
    "31769": {
        "0": 1,
        "1": 12,
        "2": 107,
        "3": 945,
        "4": 8353,
        "5": 41031,
        "6": 122938
    },
    "31770": {
        "0": 1,
        "1": 10,
        "2": 87,
        "3": 772,
        "4": 6833,
        "5": 27680,
        "6": 72630
    },
    "31771": {
        "0": 1,
        "1": 8,
        "2": 69,
        "3": 594,
        "4": 5179,
        "5": 12581,
        "6": 21225
    },
    "31772": {
        "0": 1,
        "1": 8,
        "2": 70,
        "3": 609,
        "4": 5316,
        "5": 13759,
        "6": 25238
    },
    "31773": {
        "0": 1,
        "1": 11,
        "2": 98,
        "3": 856,
        "4": 7471,
        "5": 32473,
        "6": 82522
    },
    "31774": {
        "0": 1,
        "1": 13,
        "2": 114,
        "3": 974,
        "4": 8281,
        "5": 37636,
        "6": 105815
    },
    "31775": {
        "0": 1,
        "1": 9,
        "2": 81,
        "3": 727,
        "4": 6495,
        "5": 24804,
        "6": 66541
    },
    "31776": {
        "0": 1,
        "1": 13,
        "2": 117,
        "3": 1028,
        "4": 9007,
        "5": 46183,
        "6": 150034
    },
    "31777": {
        "0": 1,
        "1": 10,
        "2": 85,
        "3": 739,
        "4": 6468,
        "5": 24127,
        "6": 60166
    },
    "31778": {
        "0": 1,
        "1": 9,
        "2": 80,
        "3": 720,
        "4": 6448,
        "5": 24695,
        "6": 59229
    },
    "31779": {
        "0": 1,
        "1": 10,
        "2": 83,
        "3": 702,
        "4": 6000,
        "5": 18996,
        "6": 45489
    },
    "31780": {
        "0": 1,
        "1": 9,
        "2": 77,
        "3": 666,
        "4": 5817,
        "5": 18379,
        "6": 40272
    },
    "31781": {
        "0": 1,
        "1": 9,
        "2": 81,
        "3": 699,
        "4": 6105,
        "5": 20680,
        "6": 46384
    },
    "31782": {
        "0": 1,
        "1": 11,
        "2": 96,
        "3": 829,
        "4": 7155,
        "5": 29078,
        "6": 76761
    },
    "31783": {
        "0": 1,
        "1": 11,
        "2": 100,
        "3": 890,
        "4": 7844,
        "5": 35838,
        "6": 108527
    },
    "31784": {
        "0": 1,
        "1": 11,
        "2": 100,
        "3": 902,
        "4": 8092,
        "5": 39393,
        "6": 124243
    },
    "31785": {
        "0": 1,
        "1": 10,
        "2": 86,
        "3": 744,
        "4": 6466,
        "5": 23532,
        "6": 52912
    },
    "31786": {
        "0": 1,
        "1": 13,
        "2": 119,
        "3": 1040,
        "4": 9036,
        "5": 46087,
        "6": 149491
    },
    "31787": {
        "0": 1,
        "1": 11,
        "2": 96,
        "3": 828,
        "4": 7131,
        "5": 28276,
        "6": 74386
    },
    "31788": {
        "0": 1,
        "1": 11,
        "2": 94,
        "3": 801,
        "4": 6849,
        "5": 26170,
        "6": 66258
    },
    "31789": {
        "0": 1,
        "1": 10,
        "2": 91,
        "3": 799,
        "4": 7020,
        "5": 28964,
        "6": 79321
    },
    "31790": {
        "0": 1,
        "1": 10,
        "2": 83,
        "3": 706,
        "4": 6056,
        "5": 19628,
        "6": 46339
    },
    "31791": {
        "0": 1,
        "1": 10,
        "2": 84,
        "3": 710,
        "4": 6020,
        "5": 18570,
        "6": 33973
    },
    "31792": {
        "0": 1,
        "1": 10,
        "2": 82,
        "3": 694,
        "4": 5949,
        "5": 18649,
        "6": 40000
    },
    "31793": {
        "0": 1,
        "1": 12,
        "2": 106,
        "3": 934,
        "4": 8269,
        "5": 40636,
        "6": 134785
    },
    "31794": {
        "0": 1,
        "1": 11,
        "2": 94,
        "3": 793,
        "4": 6698,
        "5": 23767,
        "6": 57010
    },
    "31795": {
        "0": 1,
        "1": 11,
        "2": 97,
        "3": 849,
        "4": 7414,
        "5": 31935,
        "6": 88063
    },
    "31796": {
        "0": 1,
        "1": 12,
        "2": 103,
        "3": 872,
        "4": 7493,
        "5": 32008,
        "6": 86119
    },
    "31797": {
        "0": 1,
        "1": 9,
        "2": 77,
        "3": 673,
        "4": 5894,
        "5": 18637,
        "6": 41466
    },
    "31798": {
        "0": 1,
        "1": 11,
        "2": 92,
        "3": 785,
        "4": 6785,
        "5": 26344,
        "6": 69928
    },
    "31799": {
        "0": 1,
        "1": 10,
        "2": 86,
        "3": 739,
        "4": 6382,
        "5": 22719,
        "6": 56709
    }
}