{
    "31200": {
        "0": 1,
        "1": 10,
        "2": 83,
        "3": 701,
        "4": 5960,
        "5": 18114,
        "6": 35252
    },
    "31201": {
        "0": 1,
        "1": 10,
        "2": 84,
        "3": 724,
        "4": 6299,
        "5": 22344,
        "6": 51801
    },
    "31202": {
        "0": 1,
        "1": 11,
        "2": 93,
        "3": 790,
        "4": 6760,
        "5": 25404,
        "6": 62983
    },
    "31203": {
        "0": 1,
        "1": 13,
        "2": 116,
        "3": 1006,
        "4": 8715,
        "5": 43031,
        "6": 140270
    },
    "31204": {
        "0": 1,
        "1": 9,
        "2": 77,
        "3": 667,
        "4": 5812,
        "5": 17939,
        "6": 34260
    },
    "31205": {
        "0": 1,
        "1": 10,
        "2": 84,
        "3": 717,
        "4": 6167,
        "5": 20614,
        "6": 46956
    },
    "31206": {
        "0": 1,
        "1": 10,
        "2": 84,
        "3": 726,
        "4": 6289,
        "5": 21532,
        "6": 47961
    },
    "31207": {
        "0": 1,
        "1": 14,
        "2": 130,
        "3": 1132,
        "4": 9737,
        "5": 51072,
        "6": 172261
    },
    "31208": {
        "0": 1,
        "1": 11,
        "2": 93,
        "3": 795,
        "4": 6928,
        "5": 28149,
        "6": 73751
    },
    "31209": {
        "0": 1,
        "1": 11,
        "2": 90,
        "3": 758,
        "4": 6422,
        "5": 21889,
        "6": 49568
    },
    "31210": {
        "0": 1,
        "1": 10,
        "2": 88,
        "3": 775,
        "4": 6755,
        "5": 25559,
        "6": 62099
    },
    "31211": {
        "0": 1,
        "1": 12,
        "2": 103,
        "3": 872,
        "4": 7429,
        "5": 31008,
        "6": 82735
    },
    "31212": {
        "0": 1,
        "1": 9,
        "2": 76,
        "3": 659,
        "4": 5765,
        "5": 17935,
        "6": 35552
    },
    "31213": {
        "0": 1,
        "1": 11,
        "2": 94,
        "3": 809,
        "4": 6910,
        "5": 26470,
        "6": 65870
    },
    "31214": {
        "0": 1,
        "1": 12,
        "2": 105,
        "3": 905,
        "4": 7820,
        "5": 34720,
        "6": 100891
    },
    "31215": {
        "0": 1,
        "1": 11,
        "2": 97,
        "3": 851,
        "4": 7406,
        "5": 31566,
        "6": 89052
    },
    "31216": {
        "0": 1,
        "1": 11,
        "2": 92,
        "3": 787,
        "4": 6724,
        "5": 24766,
        "6": 58952
    },
    "31217": {
        "0": 1,
        "1": 11,
        "2": 91,
        "3": 770,
        "4": 6552,
        "5": 23396,
        "6": 49787
    },
    "31218": {
        "0": 1,
        "1": 11,
        "2": 98,
        "3": 867,
        "4": 7616,
        "5": 33754,
        "6": 88885
    },
    "31219": {
        "0": 1,
        "1": 11,
        "2": 96,
        "3": 830,
        "4": 7143,
        "5": 28777,
        "6": 73598
    },
    "31220": {
        "0": 1,
        "1": 10,
        "2": 82,
        "3": 678,
        "4": 5633,
        "5": 14352,
        "6": 26230
    },
    "31221": {
        "0": 1,
        "1": 12,
        "2": 108,
        "3": 936,
        "4": 8064,
        "5": 36801,
        "6": 110141
    },
    "31222": {
        "0": 1,
        "1": 9,
        "2": 77,
        "3": 677,
        "4": 5961,
        "5": 19882,
        "6": 42306
    },
    "31223": {
        "0": 1,
        "1": 11,
        "2": 91,
        "3": 782,
        "4": 6805,
        "5": 26437,
        "6": 61463
    },
    "31224": {
        "0": 1,
        "1": 12,
        "2": 107,
        "3": 935,
        "4": 8135,
        "5": 38022,
        "6": 104619
    },
    "31225": {
        "0": 1,
        "1": 11,
        "2": 95,
        "3": 814,
        "4": 7006,
        "5": 27844,
        "6": 72703
    },
    "31226": {
        "0": 1,
        "1": 12,
        "2": 106,
        "3": 937,
        "4": 8262,
        "5": 39822,
        "6": 119110
    },
    "31227": {
        "0": 1,
        "1": 8,
        "2": 69,
        "3": 585,
        "4": 4981,
        "5": 9854,
        "6": 12179
    },
    "31228": {
        "0": 1,
        "1": 10,
        "2": 83,
        "3": 708,
        "4": 6077,
        "5": 19758,
        "6": 38849
    },
    "31229": {
        "0": 1,
        "1": 10,
        "2": 88,
        "3": 761,
        "4": 6591,
        "5": 24542,
        "6": 59854
    },
    "31230": {
        "0": 1,
        "1": 10,
        "2": 84,
        "3": 710,
        "4": 6070,
        "5": 19440,
        "6": 39131
    },
    "31231": {
        "0": 1,
        "1": 11,
        "2": 92,
        "3": 780,
        "4": 6646,
        "5": 24341,
        "6": 57402
    },
    "31232": {
        "0": 1,
        "1": 9,
        "2": 76,
        "3": 650,
        "4": 5643,
        "5": 16271,
        "6": 33170
    },
    "31233": {
        "0": 1,
        "1": 8,
        "2": 70,
        "3": 608,
        "4": 5273,
        "5": 13047,
        "6": 23145
    },
    "31234": {
        "0": 1,
        "1": 9,
        "2": 76,
        "3": 652,
        "4": 5674,
        "5": 17047,
        "6": 41808
    },
    "31235": {
        "0": 1,
        "1": 8,
        "2": 69,
        "3": 594,
        "4": 5151,
        "5": 12113,
        "6": 20144
    },
    "31236": {
        "0": 1,
        "1": 10,
        "2": 89,
        "3": 789,
        "4": 6968,
        "5": 28583,
        "6": 84129
    },
    "31237": {
        "0": 1,
        "1": 11,
        "2": 97,
        "3": 849,
        "4": 7387,
        "5": 31459,
        "6": 90501
    },
    "31238": {
        "0": 1,
        "1": 10,
        "2": 87,
        "3": 754,
        "4": 6496,
        "5": 23106,
        "6": 50789
    },
    "31239": {
        "0": 1,
        "1": 11,
        "2": 97,
        "3": 855,
        "4": 7587,
        "5": 34300,
        "6": 99705
    },
    "31240": {
        "0": 1,
        "1": 9,
        "2": 78,
        "3": 663,
        "4": 5693,
        "5": 16438,
        "6": 33483
    },
    "31241": {
        "0": 1,
        "1": 11,
        "2": 97,
        "3": 849,
        "4": 7437,
        "5": 32171,
        "6": 93733
    },
    "31242": {
        "0": 1,
        "1": 10,
        "2": 83,
        "3": 719,
        "4": 6251,
        "5": 21870,
        "6": 54749
    },
    "31243": {
        "0": 1,
        "1": 9,
        "2": 78,
        "3": 677,
        "4": 5895,
        "5": 18419,
        "6": 39061
    },
    "31244": {
        "0": 1,
        "1": 13,
        "2": 114,
        "3": 964,
        "4": 8170,
        "5": 36801,
        "6": 100056
    },
    "31245": {
        "0": 1,
        "1": 12,
        "2": 102,
        "3": 864,
        "4": 7365,
        "5": 30251,
        "6": 83829
    },
    "31246": {
        "0": 1,
        "1": 10,
        "2": 88,
        "3": 759,
        "4": 6521,
        "5": 23210,
        "6": 56193
    },
    "31247": {
        "0": 1,
        "1": 11,
        "2": 93,
        "3": 790,
        "4": 6727,
        "5": 24625,
        "6": 55465
    },
    "31248": {
        "0": 1,
        "1": 9,
        "2": 73,
        "3": 622,
        "4": 5349,
        "5": 13075,
        "6": 21910
    },
    "31249": {
        "0": 1,
        "1": 12,
        "2": 102,
        "3": 881,
        "4": 7673,
        "5": 34344,
        "6": 99027
    },
    "31250": {
        "0": 1,
        "1": 10,
        "2": 85,
        "3": 723,
        "4": 6205,
        "5": 20945,
        "6": 49526
    },
    "31251": {
        "0": 1,
        "1": 11,
        "2": 90,
        "3": 768,
        "4": 6602,
        "5": 23940,
        "6": 59859
    },
    "31252": {
        "0": 1,
        "1": 13,
        "2": 116,
        "3": 1008,
        "4": 8805,
        "5": 44238,
        "6": 138200
    },
    "31253": {
        "0": 1,
        "1": 10,
        "2": 89,
        "3": 799,
        "4": 7155,
        "5": 31103,
        "6": 88423
    },
    "31254": {
        "0": 1,
        "1": 8,
        "2": 67,
        "3": 568,
        "4": 4872,
        "5": 9428,
        "6": 15826
    },
    "31255": {
        "0": 1,
        "1": 12,
        "2": 108,
        "3": 948,
        "4": 8283,
        "5": 39534,
        "6": 120329
    },
    "31256": {
        "0": 1,
        "1": 11,
        "2": 99,
        "3": 880,
        "4": 7758,
        "5": 35450,
        "6": 107849
    },
    "31257": {
        "0": 1,
        "1": 11,
        "2": 94,
        "3": 795,
        "4": 6757,
        "5": 25200,
        "6": 61070
    },
    "31258": {
        "0": 1,
        "1": 10,
        "2": 83,
        "3": 706,
        "4": 6033,
        "5": 19022,
        "6": 37058
    },
    "31259": {
        "0": 1,
        "1": 13,
        "2": 114,
        "3": 956,
        "4": 8102,
        "5": 36749,
        "6": 102642
    },
    "31260": {
        "0": 1,
        "1": 10,
        "2": 84,
        "3": 727,
        "4": 6327,
        "5": 22178,
        "6": 52956
    },
    "31261": {
        "0": 1,
        "1": 11,
        "2": 95,
        "3": 828,
        "4": 7261,
        "5": 31340,
        "6": 87676
    },
    "31262": {
        "0": 1,
        "1": 11,
        "2": 95,
        "3": 808,
        "4": 6864,
        "5": 25751,
        "6": 60357
    },
    "31263": {
        "0": 1,
        "1": 10,
        "2": 86,
        "3": 746,
        "4": 6470,
        "5": 23376,
        "6": 57344
    },
    "31264": {
        "0": 1,
        "1": 11,
        "2": 96,
        "3": 835,
        "4": 7316,
        "5": 31927,
        "6": 93951
    },
    "31265": {
        "0": 1,
        "1": 11,
        "2": 96,
        "3": 828,
        "4": 7128,
        "5": 28709,
        "6": 71452
    },
    "31266": {
        "0": 1,
        "1": 9,
        "2": 74,
        "3": 622,
        "4": 5264,
        "5": 12050,
        "6": 18633
    },
    "31267": {
        "0": 1,
        "1": 12,
        "2": 104,
        "3": 896,
        "4": 7797,
        "5": 34989,
        "6": 104649
    },
    "31268": {
        "0": 1,
        "1": 11,
        "2": 94,
        "3": 805,
        "4": 6886,
        "5": 26257,
        "6": 56744
    },
    "31269": {
        "0": 1,
        "1": 12,
        "2": 106,
        "3": 913,
        "4": 7866,
        "5": 35297,
        "6": 92461
    },
    "31270": {
        "0": 1,
        "1": 10,
        "2": 82,
        "3": 704,
        "4": 6066,
        "5": 19423,
        "6": 42024
    },
    "31271": {
        "0": 1,
        "1": 9,
        "2": 79,
        "3": 708,
        "4": 6308,
        "5": 23155,
        "6": 50655
    },
    "31272": {
        "0": 1,
        "1": 10,
        "2": 86,
        "3": 742,
        "4": 6429,
        "5": 22869,
        "6": 52656
    },
    "31273": {
        "0": 1,
        "1": 11,
        "2": 99,
        "3": 864,
        "4": 7489,
        "5": 32025,
        "6": 83709
    },
    "31274": {
        "0": 1,
        "1": 10,
        "2": 85,
        "3": 741,
        "4": 6474,
        "5": 23898,
        "6": 54918
    },
    "31275": {
        "0": 1,
        "1": 10,
        "2": 83,
        "3": 701,
        "4": 5959,
        "5": 18171,
        "6": 30745
    },
    "31276": {
        "0": 1,
        "1": 11,
        "2": 102,
        "3": 918,
        "4": 8175,
        "5": 39669,
        "6": 130038
    },
    "31277": {
        "0": 1,
        "1": 8,
        "2": 66,
        "3": 548,
        "4": 4608,
        "5": 6239,
        "6": 7545
    },
    "31278": {
        "0": 1,
        "1": 10,
        "2": 83,
        "3": 710,
        "4": 6120,
        "5": 20262,
        "6": 42647
    },
    "31279": {
        "0": 1,
        "1": 11,
        "2": 96,
        "3": 833,
        "4": 7273,
        "5": 30076,
        "6": 77344
    },
    "31280": {
        "0": 1,
        "1": 13,
        "2": 113,
        "3": 955,
        "4": 8089,
        "5": 36061,
        "6": 105586
    },
    "31281": {
        "0": 1,
        "1": 12,
        "2": 106,
        "3": 907,
        "4": 7781,
        "5": 34364,
        "6": 98691
    },
    "31282": {
        "0": 1,
        "1": 10,
        "2": 87,
        "3": 764,
        "4": 6722,
        "5": 26109,
        "6": 65055
    },
    "31283": {
        "0": 1,
        "1": 10,
        "2": 83,
        "3": 714,
        "4": 6208,
        "5": 21580,
        "6": 48854
    },
    "31284": {
        "0": 1,
        "1": 11,
        "2": 95,
        "3": 815,
        "4": 7035,
        "5": 28168,
        "6": 73815
    },
    "31285": {
        "0": 1,
        "1": 9,
        "2": 78,
        "3": 685,
        "4": 6054,
        "5": 20891,
        "6": 46562
    },
    "31286": {
        "0": 1,
        "1": 10,
        "2": 84,
        "3": 722,
        "4": 6249,
        "5": 21650,
        "6": 50031
    },
    "31287": {
        "0": 1,
        "1": 12,
        "2": 104,
        "3": 902,
        "4": 7833,
        "5": 35314,
        "6": 100479
    },
    "31288": {
        "0": 1,
        "1": 12,
        "2": 110,
        "3": 972,
        "4": 8538,
        "5": 42191,
        "6": 136495
    },
    "31289": {
        "0": 1,
        "1": 12,
        "2": 102,
        "3": 861,
        "4": 7326,
        "5": 30185,
        "6": 72271
    },
    "31290": {
        "0": 1,
        "1": 9,
        "2": 79,
        "3": 692,
        "4": 6072,
        "5": 20552,
        "6": 48435
    },
    "31291": {
        "0": 1,
        "1": 10,
        "2": 86,
        "3": 732,
        "4": 6283,
        "5": 21403,
        "6": 55662
    },
    "31292": {
        "0": 1,
        "1": 11,
        "2": 97,
        "3": 839,
        "4": 7258,
        "5": 30178,
        "6": 79897
    },
    "31293": {
        "0": 1,
        "1": 12,
        "2": 108,
        "3": 934,
        "4": 7992,
        "5": 35598,
        "6": 105110
    },
    "31294": {
        "0": 1,
        "1": 9,
        "2": 77,
        "3": 670,
        "4": 5840,
        "5": 18285,
        "6": 37177
    },
    "31295": {
        "0": 1,
        "1": 14,
        "2": 133,
        "3": 1167,
        "4": 10064,
        "5": 54105,
        "6": 184982
    },
    "31296": {
        "0": 1,
        "1": 10,
        "2": 94,
        "3": 853,
        "4": 7653,
        "5": 35330,
        "6": 111738
    },
    "31297": {
        "0": 1,
        "1": 10,
        "2": 85,
        "3": 723,
        "4": 6194,
        "5": 20653,
        "6": 45057
    },
    "31298": {
        "0": 1,
        "1": 11,
        "2": 94,
        "3": 789,
        "4": 6675,
        "5": 24133,
        "6": 54453
    },
    "31299": {
        "0": 1,
        "1": 10,
        "2": 91,
        "3": 818,
        "4": 7284,
        "5": 31706,
        "6": 86140
    }
}