{
    "3900": {
        "0": 1,
        "1": 9,
        "2": 76,
        "3": 652,
        "4": 5647,
        "5": 16526,
        "6": 34752
    },
    "3901": {
        "0": 1,
        "1": 8,
        "2": 71,
        "3": 633,
        "4": 5637,
        "5": 17269,
        "6": 36385
    },
    "3902": {
        "0": 1,
        "1": 11,
        "2": 94,
        "3": 809,
        "4": 6950,
        "5": 26996,
        "6": 60271
    },
    "3903": {
        "0": 1,
        "1": 11,
        "2": 92,
        "3": 783,
        "4": 6705,
        "5": 25042,
        "6": 57718
    },
    "3904": {
        "0": 1,
        "1": 11,
        "2": 94,
        "3": 796,
        "4": 6744,
        "5": 24538,
        "6": 58537
    },
    "3905": {
        "0": 1,
        "1": 12,
        "2": 104,
        "3": 887,
        "4": 7549,
        "5": 31790,
        "6": 83399
    },
    "3906": {
        "0": 1,
        "1": 13,
        "2": 111,
        "3": 947,
        "4": 8149,
        "5": 37517,
        "6": 105310
    },
    "3907": {
        "0": 1,
        "1": 10,
        "2": 85,
        "3": 748,
        "4": 6631,
        "5": 26008,
        "6": 67390
    },
    "3908": {
        "0": 1,
        "1": 11,
        "2": 93,
        "3": 795,
        "4": 6820,
        "5": 25477,
        "6": 55962
    },
    "3909": {
        "0": 1,
        "1": 10,
        "2": 89,
        "3": 795,
        "4": 7100,
        "5": 30260,
        "6": 80157
    },
    "3910": {
        "0": 1,
        "1": 10,
        "2": 84,
        "3": 707,
        "4": 5958,
        "5": 17771,
        "6": 35048
    },
    "3911": {
        "0": 1,
        "1": 12,
        "2": 102,
        "3": 874,
        "4": 7563,
        "5": 33112,
        "6": 92512
    },
    "3912": {
        "0": 1,
        "1": 10,
        "2": 85,
        "3": 729,
        "4": 6335,
        "5": 22665,
        "6": 58677
    },
    "3913": {
        "0": 1,
        "1": 12,
        "2": 104,
        "3": 919,
        "4": 8024,
        "5": 37050,
        "6": 107668
    },
    "3914": {
        "0": 1,
        "1": 12,
        "2": 107,
        "3": 927,
        "4": 8079,
        "5": 37986,
        "6": 111625
    },
    "3915": {
        "0": 1,
        "1": 12,
        "2": 107,
        "3": 912,
        "4": 7760,
        "5": 33417,
        "6": 92755
    },
    "3916": {
        "0": 1,
        "1": 9,
        "2": 78,
        "3": 668,
        "4": 5737,
        "5": 16759,
        "6": 37247
    },
    "3917": {
        "0": 1,
        "1": 11,
        "2": 91,
        "3": 772,
        "4": 6586,
        "5": 23554,
        "6": 53742
    },
    "3918": {
        "0": 1,
        "1": 10,
        "2": 84,
        "3": 713,
        "4": 6106,
        "5": 19702,
        "6": 43461
    },
    "3919": {
        "0": 1,
        "1": 12,
        "2": 102,
        "3": 865,
        "4": 7417,
        "5": 31227,
        "6": 78921
    },
    "3920": {
        "0": 1,
        "1": 8,
        "2": 67,
        "3": 567,
        "4": 4856,
        "5": 9176,
        "6": 16424
    },
    "3921": {
        "0": 1,
        "1": 11,
        "2": 96,
        "3": 823,
        "4": 7107,
        "5": 28996,
        "6": 79642
    },
    "3922": {
        "0": 1,
        "1": 10,
        "2": 84,
        "3": 734,
        "4": 6405,
        "5": 22628,
        "6": 53798
    },
    "3923": {
        "0": 1,
        "1": 11,
        "2": 93,
        "3": 800,
        "4": 6921,
        "5": 27138,
        "6": 69342
    },
    "3924": {
        "0": 1,
        "1": 12,
        "2": 103,
        "3": 886,
        "4": 7719,
        "5": 34975,
        "6": 98820
    },
    "3925": {
        "0": 1,
        "1": 9,
        "2": 73,
        "3": 609,
        "4": 5122,
        "5": 10635,
        "6": 15633
    },
    "3926": {
        "0": 1,
        "1": 9,
        "2": 78,
        "3": 690,
        "4": 6103,
        "5": 20886,
        "6": 48892
    },
    "3927": {
        "0": 1,
        "1": 9,
        "2": 76,
        "3": 653,
        "4": 5618,
        "5": 15816,
        "6": 30419
    },
    "3928": {
        "0": 1,
        "1": 13,
        "2": 113,
        "3": 954,
        "4": 8038,
        "5": 35159,
        "6": 94481
    },
    "3929": {
        "0": 1,
        "1": 10,
        "2": 84,
        "3": 719,
        "4": 6151,
        "5": 19904,
        "6": 48408
    },
    "3930": {
        "0": 1,
        "1": 11,
        "2": 91,
        "3": 765,
        "4": 6506,
        "5": 22778,
        "6": 53626
    },
    "3931": {
        "0": 1,
        "1": 12,
        "2": 101,
        "3": 868,
        "4": 7551,
        "5": 33081,
        "6": 90390
    },
    "3932": {
        "0": 1,
        "1": 10,
        "2": 84,
        "3": 723,
        "4": 6250,
        "5": 21475,
        "6": 46917
    },
    "3933": {
        "0": 1,
        "1": 10,
        "2": 83,
        "3": 713,
        "4": 6182,
        "5": 21105,
        "6": 44908
    },
    "3934": {
        "0": 1,
        "1": 12,
        "2": 108,
        "3": 938,
        "4": 8108,
        "5": 37417,
        "6": 110668
    },
    "3935": {
        "0": 1,
        "1": 12,
        "2": 103,
        "3": 878,
        "4": 7487,
        "5": 31335,
        "6": 82025
    },
    "3936": {
        "0": 1,
        "1": 9,
        "2": 77,
        "3": 675,
        "4": 5916,
        "5": 19000,
        "6": 41435
    },
    "3937": {
        "0": 1,
        "1": 9,
        "2": 76,
        "3": 650,
        "4": 5562,
        "5": 14999,
        "6": 29552
    },
    "3938": {
        "0": 1,
        "1": 9,
        "2": 75,
        "3": 639,
        "4": 5503,
        "5": 15066,
        "6": 30067
    },
    "3939": {
        "0": 1,
        "1": 10,
        "2": 89,
        "3": 787,
        "4": 6943,
        "5": 28356,
        "6": 83380
    },
    "3940": {
        "0": 1,
        "1": 12,
        "2": 105,
        "3": 892,
        "4": 7584,
        "5": 32307,
        "6": 88452
    },
    "3941": {
        "0": 1,
        "1": 9,
        "2": 75,
        "3": 633,
        "4": 5373,
        "5": 13125,
        "6": 22780
    },
    "3942": {
        "0": 1,
        "1": 12,
        "2": 107,
        "3": 927,
        "4": 8032,
        "5": 37083,
        "6": 107910
    },
    "3943": {
        "0": 1,
        "1": 10,
        "2": 84,
        "3": 706,
        "4": 5984,
        "5": 18369,
        "6": 41044
    },
    "3944": {
        "0": 1,
        "1": 11,
        "2": 95,
        "3": 818,
        "4": 7070,
        "5": 28478,
        "6": 75388
    },
    "3945": {
        "0": 1,
        "1": 11,
        "2": 94,
        "3": 821,
        "4": 7141,
        "5": 29043,
        "6": 77018
    },
    "3946": {
        "0": 1,
        "1": 14,
        "2": 127,
        "3": 1095,
        "4": 9384,
        "5": 48011,
        "6": 156875
    },
    "3947": {
        "0": 1,
        "1": 10,
        "2": 83,
        "3": 696,
        "4": 5911,
        "5": 17913,
        "6": 37606
    },
    "3948": {
        "0": 1,
        "1": 11,
        "2": 90,
        "3": 758,
        "4": 6447,
        "5": 22437,
        "6": 47513
    },
    "3949": {
        "0": 1,
        "1": 11,
        "2": 96,
        "3": 837,
        "4": 7342,
        "5": 31959,
        "6": 93017
    },
    "3950": {
        "0": 1,
        "1": 12,
        "2": 104,
        "3": 893,
        "4": 7663,
        "5": 33312,
        "6": 84660
    },
    "3951": {
        "0": 1,
        "1": 10,
        "2": 83,
        "3": 689,
        "4": 5775,
        "5": 16194,
        "6": 34071
    },
    "3952": {
        "0": 1,
        "1": 10,
        "2": 84,
        "3": 712,
        "4": 6056,
        "5": 18930,
        "6": 38415
    },
    "3953": {
        "0": 1,
        "1": 11,
        "2": 94,
        "3": 799,
        "4": 6800,
        "5": 25287,
        "6": 56645
    },
    "3954": {
        "0": 1,
        "1": 10,
        "2": 86,
        "3": 731,
        "4": 6239,
        "5": 20704,
        "6": 42060
    },
    "3955": {
        "0": 1,
        "1": 13,
        "2": 117,
        "3": 1031,
        "4": 9124,
        "5": 48417,
        "6": 171974
    },
    "3956": {
        "0": 1,
        "1": 10,
        "2": 84,
        "3": 729,
        "4": 6317,
        "5": 21978,
        "6": 46375
    },
    "3957": {
        "0": 1,
        "1": 12,
        "2": 105,
        "3": 908,
        "4": 7845,
        "5": 35146,
        "6": 90850
    },
    "3958": {
        "0": 1,
        "1": 13,
        "2": 116,
        "3": 994,
        "4": 8507,
        "5": 40383,
        "6": 121523
    },
    "3959": {
        "0": 1,
        "1": 9,
        "2": 79,
        "3": 697,
        "4": 6139,
        "5": 21361,
        "6": 50365
    },
    "3960": {
        "0": 1,
        "1": 10,
        "2": 89,
        "3": 802,
        "4": 7181,
        "5": 31003,
        "6": 86512
    },
    "3961": {
        "0": 1,
        "1": 10,
        "2": 85,
        "3": 734,
        "4": 6368,
        "5": 22685,
        "6": 51833
    },
    "3962": {
        "0": 1,
        "1": 11,
        "2": 96,
        "3": 825,
        "4": 7062,
        "5": 27576,
        "6": 67203
    },
    "3963": {
        "0": 1,
        "1": 11,
        "2": 92,
        "3": 780,
        "4": 6649,
        "5": 23696,
        "6": 53401
    },
    "3964": {
        "0": 1,
        "1": 11,
        "2": 96,
        "3": 834,
        "4": 7304,
        "5": 31342,
        "6": 83119
    },
    "3965": {
        "0": 1,
        "1": 13,
        "2": 117,
        "3": 1009,
        "4": 8723,
        "5": 43159,
        "6": 131364
    },
    "3966": {
        "0": 1,
        "1": 11,
        "2": 97,
        "3": 866,
        "4": 7682,
        "5": 35077,
        "6": 103686
    },
    "3967": {
        "0": 1,
        "1": 10,
        "2": 85,
        "3": 749,
        "4": 6607,
        "5": 25440,
        "6": 66457
    },
    "3968": {
        "0": 1,
        "1": 11,
        "2": 98,
        "3": 855,
        "4": 7505,
        "5": 33348,
        "6": 103340
    },
    "3969": {
        "0": 1,
        "1": 11,
        "2": 93,
        "3": 805,
        "4": 7058,
        "5": 28855,
        "6": 69098
    },
    "3970": {
        "0": 1,
        "1": 10,
        "2": 86,
        "3": 750,
        "4": 6572,
        "5": 24822,
        "6": 61419
    },
    "3971": {
        "0": 1,
        "1": 9,
        "2": 78,
        "3": 698,
        "4": 6161,
        "5": 21200,
        "6": 54105
    },
    "3972": {
        "0": 1,
        "1": 11,
        "2": 100,
        "3": 878,
        "4": 7660,
        "5": 33998,
        "6": 98171
    },
    "3973": {
        "0": 1,
        "1": 13,
        "2": 114,
        "3": 975,
        "4": 8315,
        "5": 38331,
        "6": 111859
    },
    "3974": {
        "0": 1,
        "1": 13,
        "2": 115,
        "3": 991,
        "4": 8535,
        "5": 40812,
        "6": 116907
    },
    "3975": {
        "0": 1,
        "1": 9,
        "2": 75,
        "3": 646,
        "4": 5598,
        "5": 16150,
        "6": 30412
    },
    "3976": {
        "0": 1,
        "1": 12,
        "2": 101,
        "3": 857,
        "4": 7302,
        "5": 29557,
        "6": 76084
    },
    "3977": {
        "0": 1,
        "1": 9,
        "2": 77,
        "3": 665,
        "4": 5798,
        "5": 18127,
        "6": 36702
    },
    "3978": {
        "0": 1,
        "1": 9,
        "2": 77,
        "3": 667,
        "4": 5784,
        "5": 17528,
        "6": 32196
    },
    "3979": {
        "0": 1,
        "1": 10,
        "2": 84,
        "3": 714,
        "4": 6096,
        "5": 19464,
        "6": 37790
    },
    "3980": {
        "0": 1,
        "1": 12,
        "2": 107,
        "3": 945,
        "4": 8367,
        "5": 41270,
        "6": 135401
    },
    "3981": {
        "0": 1,
        "1": 10,
        "2": 86,
        "3": 738,
        "4": 6353,
        "5": 22037,
        "6": 43716
    },
    "3982": {
        "0": 1,
        "1": 10,
        "2": 88,
        "3": 771,
        "4": 6742,
        "5": 26085,
        "6": 65963
    },
    "3983": {
        "0": 1,
        "1": 9,
        "2": 80,
        "3": 703,
        "4": 6139,
        "5": 20234,
        "6": 40909
    },
    "3984": {
        "0": 1,
        "1": 12,
        "2": 107,
        "3": 940,
        "4": 8207,
        "5": 39021,
        "6": 120479
    },
    "3985": {
        "0": 1,
        "1": 10,
        "2": 86,
        "3": 747,
        "4": 6495,
        "5": 23853,
        "6": 55839
    },
    "3986": {
        "0": 1,
        "1": 10,
        "2": 87,
        "3": 763,
        "4": 6652,
        "5": 25036,
        "6": 54514
    },
    "3987": {
        "0": 1,
        "1": 14,
        "2": 125,
        "3": 1038,
        "4": 8593,
        "5": 39109,
        "6": 109382
    },
    "3988": {
        "0": 1,
        "1": 11,
        "2": 95,
        "3": 826,
        "4": 7173,
        "5": 29107,
        "6": 71814
    },
    "3989": {
        "0": 1,
        "1": 12,
        "2": 108,
        "3": 948,
        "4": 8298,
        "5": 39951,
        "6": 123074
    },
    "3990": {
        "0": 1,
        "1": 10,
        "2": 88,
        "3": 758,
        "4": 6497,
        "5": 23022,
        "6": 52103
    },
    "3991": {
        "0": 1,
        "1": 10,
        "2": 84,
        "3": 715,
        "4": 6100,
        "5": 19515,
        "6": 41104
    },
    "3992": {
        "0": 1,
        "1": 12,
        "2": 109,
        "3": 958,
        "4": 8442,
        "5": 41680,
        "6": 131791
    },
    "3993": {
        "0": 1,
        "1": 10,
        "2": 89,
        "3": 787,
        "4": 6918,
        "5": 27901,
        "6": 72873
    },
    "3994": {
        "0": 1,
        "1": 10,
        "2": 88,
        "3": 763,
        "4": 6664,
        "5": 25688,
        "6": 69955
    },
    "3995": {
        "0": 1,
        "1": 9,
        "2": 76,
        "3": 662,
        "4": 5786,
        "5": 17859,
        "6": 40058
    },
    "3996": {
        "0": 1,
        "1": 10,
        "2": 87,
        "3": 772,
        "4": 6826,
        "5": 27308,
        "6": 69615
    },
    "3997": {
        "0": 1,
        "1": 10,
        "2": 83,
        "3": 692,
        "4": 5823,
        "5": 16510,
        "6": 30747
    },
    "3998": {
        "0": 1,
        "1": 10,
        "2": 88,
        "3": 775,
        "4": 6844,
        "5": 27768,
        "6": 73115
    },
    "3999": {
        "0": 1,
        "1": 12,
        "2": 108,
        "3": 942,
        "4": 8111,
        "5": 37001,
        "6": 112042
    }
}