{
    "31900": {
        "0": 1,
        "1": 10,
        "2": 83,
        "3": 704,
        "4": 6057,
        "5": 19912,
        "6": 46439
    },
    "31901": {
        "0": 1,
        "1": 12,
        "2": 104,
        "3": 902,
        "4": 7853,
        "5": 35427,
        "6": 95455
    },
    "31902": {
        "0": 1,
        "1": 10,
        "2": 81,
        "3": 670,
        "4": 5610,
        "5": 14806,
        "6": 23725
    },
    "31903": {
        "0": 1,
        "1": 12,
        "2": 101,
        "3": 849,
        "4": 7154,
        "5": 27710,
        "6": 62976
    },
    "31904": {
        "0": 1,
        "1": 10,
        "2": 80,
        "3": 666,
        "4": 5655,
        "5": 15938,
        "6": 34663
    },
    "31905": {
        "0": 1,
        "1": 10,
        "2": 84,
        "3": 727,
        "4": 6310,
        "5": 22156,
        "6": 49446
    },
    "31906": {
        "0": 1,
        "1": 12,
        "2": 102,
        "3": 868,
        "4": 7462,
        "5": 31871,
        "6": 85415
    },
    "31907": {
        "0": 1,
        "1": 9,
        "2": 76,
        "3": 668,
        "4": 5875,
        "5": 18709,
        "6": 34512
    },
    "31908": {
        "0": 1,
        "1": 12,
        "2": 105,
        "3": 901,
        "4": 7688,
        "5": 32905,
        "6": 80951
    },
    "31909": {
        "0": 1,
        "1": 8,
        "2": 71,
        "3": 629,
        "4": 5527,
        "5": 15451,
        "6": 32519
    },
    "31910": {
        "0": 1,
        "1": 11,
        "2": 93,
        "3": 797,
        "4": 6863,
        "5": 26481,
        "6": 64357
    },
    "31911": {
        "0": 1,
        "1": 12,
        "2": 101,
        "3": 844,
        "4": 7131,
        "5": 28021,
        "6": 72535
    },
    "31912": {
        "0": 1,
        "1": 12,
        "2": 109,
        "3": 953,
        "4": 8256,
        "5": 38877,
        "6": 121406
    },
    "31913": {
        "0": 1,
        "1": 10,
        "2": 86,
        "3": 751,
        "4": 6591,
        "5": 25285,
        "6": 64307
    },
    "31914": {
        "0": 1,
        "1": 11,
        "2": 94,
        "3": 794,
        "4": 6771,
        "5": 25428,
        "6": 60906
    },
    "31915": {
        "0": 1,
        "1": 13,
        "2": 114,
        "3": 961,
        "4": 8078,
        "5": 35568,
        "6": 103467
    },
    "31916": {
        "0": 1,
        "1": 11,
        "2": 90,
        "3": 756,
        "4": 6454,
        "5": 23045,
        "6": 45405
    },
    "31917": {
        "0": 1,
        "1": 10,
        "2": 86,
        "3": 741,
        "4": 6412,
        "5": 22946,
        "6": 53756
    },
    "31918": {
        "0": 1,
        "1": 12,
        "2": 109,
        "3": 959,
        "4": 8362,
        "5": 40178,
        "6": 124315
    },
    "31919": {
        "0": 1,
        "1": 12,
        "2": 108,
        "3": 948,
        "4": 8239,
        "5": 38585,
        "6": 106546
    },
    "31920": {
        "0": 1,
        "1": 11,
        "2": 94,
        "3": 816,
        "4": 7083,
        "5": 28694,
        "6": 71789
    },
    "31921": {
        "0": 1,
        "1": 13,
        "2": 114,
        "3": 998,
        "4": 8741,
        "5": 43778,
        "6": 133048
    },
    "31922": {
        "0": 1,
        "1": 12,
        "2": 102,
        "3": 867,
        "4": 7430,
        "5": 31337,
        "6": 82473
    },
    "31923": {
        "0": 1,
        "1": 11,
        "2": 95,
        "3": 811,
        "4": 6942,
        "5": 26877,
        "6": 62072
    },
    "31924": {
        "0": 1,
        "1": 10,
        "2": 83,
        "3": 721,
        "4": 6259,
        "5": 21555,
        "6": 46514
    },
    "31925": {
        "0": 1,
        "1": 11,
        "2": 96,
        "3": 834,
        "4": 7245,
        "5": 30386,
        "6": 81096
    },
    "31926": {
        "0": 1,
        "1": 12,
        "2": 107,
        "3": 931,
        "4": 8067,
        "5": 37185,
        "6": 99065
    },
    "31927": {
        "0": 1,
        "1": 9,
        "2": 73,
        "3": 613,
        "4": 5218,
        "5": 12189,
        "6": 23679
    },
    "31928": {
        "0": 1,
        "1": 10,
        "2": 84,
        "3": 707,
        "4": 5973,
        "5": 18034,
        "6": 39684
    },
    "31929": {
        "0": 1,
        "1": 9,
        "2": 73,
        "3": 611,
        "4": 5189,
        "5": 11816,
        "6": 19655
    },
    "31930": {
        "0": 1,
        "1": 11,
        "2": 95,
        "3": 812,
        "4": 6952,
        "5": 26909,
        "6": 72135
    },
    "31931": {
        "0": 1,
        "1": 11,
        "2": 98,
        "3": 844,
        "4": 7184,
        "5": 27976,
        "6": 70477
    },
    "31932": {
        "0": 1,
        "1": 14,
        "2": 130,
        "3": 1140,
        "4": 9858,
        "5": 52208,
        "6": 168968
    },
    "31933": {
        "0": 1,
        "1": 10,
        "2": 86,
        "3": 746,
        "4": 6497,
        "5": 24037,
        "6": 54991
    },
    "31934": {
        "0": 1,
        "1": 9,
        "2": 77,
        "3": 680,
        "4": 5988,
        "5": 19714,
        "6": 41794
    },
    "31935": {
        "0": 1,
        "1": 12,
        "2": 109,
        "3": 949,
        "4": 8161,
        "5": 37175,
        "6": 112073
    },
    "31936": {
        "0": 1,
        "1": 8,
        "2": 68,
        "3": 579,
        "4": 4947,
        "5": 9730,
        "6": 17981
    },
    "31937": {
        "0": 1,
        "1": 9,
        "2": 77,
        "3": 659,
        "4": 5662,
        "5": 16105,
        "6": 30480
    },
    "31938": {
        "0": 1,
        "1": 10,
        "2": 82,
        "3": 686,
        "4": 5802,
        "5": 16571,
        "6": 28263
    },
    "31939": {
        "0": 1,
        "1": 11,
        "2": 95,
        "3": 818,
        "4": 7061,
        "5": 28175,
        "6": 75816
    },
    "31940": {
        "0": 1,
        "1": 12,
        "2": 104,
        "3": 911,
        "4": 7924,
        "5": 36054,
        "6": 103582
    },
    "31941": {
        "0": 1,
        "1": 10,
        "2": 86,
        "3": 742,
        "4": 6407,
        "5": 22627,
        "6": 52710
    },
    "31942": {
        "0": 1,
        "1": 9,
        "2": 74,
        "3": 622,
        "4": 5259,
        "5": 11953,
        "6": 20197
    },
    "31943": {
        "0": 1,
        "1": 10,
        "2": 84,
        "3": 746,
        "4": 6624,
        "5": 25923,
        "6": 61720
    },
    "31944": {
        "0": 1,
        "1": 11,
        "2": 95,
        "3": 841,
        "4": 7468,
        "5": 33507,
        "6": 98727
    },
    "31945": {
        "0": 1,
        "1": 13,
        "2": 111,
        "3": 930,
        "4": 7851,
        "5": 33976,
        "6": 82978
    },
    "31946": {
        "0": 1,
        "1": 11,
        "2": 97,
        "3": 851,
        "4": 7410,
        "5": 31806,
        "6": 93395
    },
    "31947": {
        "0": 1,
        "1": 12,
        "2": 101,
        "3": 845,
        "4": 7144,
        "5": 28229,
        "6": 68341
    },
    "31948": {
        "0": 1,
        "1": 10,
        "2": 88,
        "3": 774,
        "4": 6797,
        "5": 26958,
        "6": 71650
    },
    "31949": {
        "0": 1,
        "1": 11,
        "2": 96,
        "3": 833,
        "4": 7216,
        "5": 29488,
        "6": 75888
    },
    "31950": {
        "0": 1,
        "1": 10,
        "2": 89,
        "3": 788,
        "4": 6923,
        "5": 27413,
        "6": 74966
    },
    "31951": {
        "0": 1,
        "1": 9,
        "2": 80,
        "3": 700,
        "4": 6135,
        "5": 21003,
        "6": 46169
    },
    "31952": {
        "0": 1,
        "1": 12,
        "2": 110,
        "3": 980,
        "4": 8584,
        "5": 41949,
        "6": 125254
    },
    "31953": {
        "0": 1,
        "1": 11,
        "2": 96,
        "3": 834,
        "4": 7238,
        "5": 29671,
        "6": 87650
    },
    "31954": {
        "0": 1,
        "1": 12,
        "2": 104,
        "3": 886,
        "4": 7575,
        "5": 31919,
        "6": 77205
    },
    "31955": {
        "0": 1,
        "1": 13,
        "2": 114,
        "3": 976,
        "4": 8406,
        "5": 39631,
        "6": 122397
    },
    "31956": {
        "0": 1,
        "1": 10,
        "2": 81,
        "3": 685,
        "4": 5860,
        "5": 17958,
        "6": 36420
    },
    "31957": {
        "0": 1,
        "1": 12,
        "2": 100,
        "3": 835,
        "4": 7038,
        "5": 26869,
        "6": 67087
    },
    "31958": {
        "0": 1,
        "1": 10,
        "2": 85,
        "3": 731,
        "4": 6311,
        "5": 21971,
        "6": 54226
    },
    "31959": {
        "0": 1,
        "1": 11,
        "2": 98,
        "3": 870,
        "4": 7667,
        "5": 34127,
        "6": 91142
    },
    "31960": {
        "0": 1,
        "1": 11,
        "2": 96,
        "3": 837,
        "4": 7285,
        "5": 30375,
        "6": 79036
    },
    "31961": {
        "0": 1,
        "1": 11,
        "2": 96,
        "3": 842,
        "4": 7375,
        "5": 31416,
        "6": 85889
    },
    "31962": {
        "0": 1,
        "1": 12,
        "2": 103,
        "3": 878,
        "4": 7434,
        "5": 30293,
        "6": 76153
    },
    "31963": {
        "0": 1,
        "1": 8,
        "2": 72,
        "3": 651,
        "4": 5867,
        "5": 19846,
        "6": 42803
    },
    "31964": {
        "0": 1,
        "1": 13,
        "2": 112,
        "3": 944,
        "4": 7985,
        "5": 35125,
        "6": 94979
    },
    "31965": {
        "0": 1,
        "1": 11,
        "2": 97,
        "3": 838,
        "4": 7210,
        "5": 29296,
        "6": 78960
    },
    "31966": {
        "0": 1,
        "1": 10,
        "2": 83,
        "3": 724,
        "4": 6364,
        "5": 23488,
        "6": 53188
    },
    "31967": {
        "0": 1,
        "1": 10,
        "2": 86,
        "3": 752,
        "4": 6615,
        "5": 25437,
        "6": 65901
    },
    "31968": {
        "0": 1,
        "1": 12,
        "2": 104,
        "3": 895,
        "4": 7739,
        "5": 34497,
        "6": 98558
    },
    "31969": {
        "0": 1,
        "1": 9,
        "2": 77,
        "3": 679,
        "4": 5939,
        "5": 18984,
        "6": 41116
    },
    "31970": {
        "0": 1,
        "1": 11,
        "2": 95,
        "3": 819,
        "4": 7053,
        "5": 28063,
        "6": 69560
    },
    "31971": {
        "0": 1,
        "1": 11,
        "2": 97,
        "3": 859,
        "4": 7578,
        "5": 33971,
        "6": 101901
    },
    "31972": {
        "0": 1,
        "1": 9,
        "2": 76,
        "3": 640,
        "4": 5431,
        "5": 13336,
        "6": 23218
    },
    "31973": {
        "0": 1,
        "1": 11,
        "2": 100,
        "3": 891,
        "4": 7843,
        "5": 35294,
        "6": 103540
    },
    "31974": {
        "0": 1,
        "1": 10,
        "2": 86,
        "3": 754,
        "4": 6600,
        "5": 25029,
        "6": 64308
    },
    "31975": {
        "0": 1,
        "1": 14,
        "2": 129,
        "3": 1121,
        "4": 9643,
        "5": 50303,
        "6": 151949
    },
    "31976": {
        "0": 1,
        "1": 11,
        "2": 101,
        "3": 899,
        "4": 7927,
        "5": 36725,
        "6": 107601
    },
    "31977": {
        "0": 1,
        "1": 10,
        "2": 87,
        "3": 755,
        "4": 6572,
        "5": 24542,
        "6": 62854
    },
    "31978": {
        "0": 1,
        "1": 11,
        "2": 98,
        "3": 848,
        "4": 7307,
        "5": 30308,
        "6": 87193
    },
    "31979": {
        "0": 1,
        "1": 11,
        "2": 91,
        "3": 765,
        "4": 6439,
        "5": 21520,
        "6": 41805
    },
    "31980": {
        "0": 1,
        "1": 9,
        "2": 74,
        "3": 629,
        "4": 5404,
        "5": 14071,
        "6": 26544
    },
    "31981": {
        "0": 1,
        "1": 13,
        "2": 117,
        "3": 1000,
        "4": 8526,
        "5": 40515,
        "6": 125826
    },
    "31982": {
        "0": 1,
        "1": 12,
        "2": 104,
        "3": 886,
        "4": 7600,
        "5": 32582,
        "6": 86532
    },
    "31983": {
        "0": 1,
        "1": 12,
        "2": 107,
        "3": 941,
        "4": 8234,
        "5": 39229,
        "6": 116629
    },
    "31984": {
        "0": 1,
        "1": 10,
        "2": 84,
        "3": 719,
        "4": 6182,
        "5": 20562,
        "6": 40264
    },
    "31985": {
        "0": 1,
        "1": 13,
        "2": 114,
        "3": 958,
        "4": 8078,
        "5": 35520,
        "6": 93702
    },
    "31986": {
        "0": 1,
        "1": 13,
        "2": 114,
        "3": 997,
        "4": 8657,
        "5": 42303,
        "6": 125829
    },
    "31987": {
        "0": 1,
        "1": 11,
        "2": 94,
        "3": 814,
        "4": 7064,
        "5": 28670,
        "6": 77191
    },
    "31988": {
        "0": 1,
        "1": 9,
        "2": 78,
        "3": 673,
        "4": 5871,
        "5": 18746,
        "6": 35529
    },
    "31989": {
        "0": 1,
        "1": 10,
        "2": 88,
        "3": 759,
        "4": 6653,
        "5": 25879,
        "6": 68054
    },
    "31990": {
        "0": 1,
        "1": 11,
        "2": 95,
        "3": 838,
        "4": 7371,
        "5": 31854,
        "6": 83693
    },
    "31991": {
        "0": 1,
        "1": 12,
        "2": 105,
        "3": 896,
        "4": 7678,
        "5": 33438,
        "6": 89902
    },
    "31992": {
        "0": 1,
        "1": 9,
        "2": 76,
        "3": 671,
        "4": 5919,
        "5": 19069,
        "6": 40923
    },
    "31993": {
        "0": 1,
        "1": 13,
        "2": 113,
        "3": 955,
        "4": 8082,
        "5": 36007,
        "6": 101621
    },
    "31994": {
        "0": 1,
        "1": 11,
        "2": 95,
        "3": 814,
        "4": 7006,
        "5": 27496,
        "6": 71331
    },
    "31995": {
        "0": 1,
        "1": 12,
        "2": 104,
        "3": 886,
        "4": 7531,
        "5": 31619,
        "6": 82645
    },
    "31996": {
        "0": 1,
        "1": 12,
        "2": 102,
        "3": 865,
        "4": 7385,
        "5": 30749,
        "6": 83331
    },
    "31997": {
        "0": 1,
        "1": 10,
        "2": 86,
        "3": 743,
        "4": 6403,
        "5": 22198,
        "6": 52835
    },
    "31998": {
        "0": 1,
        "1": 11,
        "2": 92,
        "3": 794,
        "4": 6939,
        "5": 28274,
        "6": 75813
    },
    "31999": {
        "0": 1,
        "1": 11,
        "2": 96,
        "3": 821,
        "4": 7001,
        "5": 27039,
        "6": 66512
    }
}