{
    "5200": {
        "0": 1,
        "1": 8,
        "2": 70,
        "3": 619,
        "4": 5495,
        "5": 16061,
        "6": 35804
    },
    "5201": {
        "0": 1,
        "1": 11,
        "2": 95,
        "3": 823,
        "4": 7145,
        "5": 29371,
        "6": 76204
    },
    "5202": {
        "0": 1,
        "1": 10,
        "2": 91,
        "3": 808,
        "4": 7161,
        "5": 30497,
        "6": 84902
    },
    "5203": {
        "0": 1,
        "1": 10,
        "2": 87,
        "3": 773,
        "4": 6860,
        "5": 27573,
        "6": 70557
    },
    "5204": {
        "0": 1,
        "1": 12,
        "2": 105,
        "3": 912,
        "4": 7936,
        "5": 35975,
        "6": 105202
    },
    "5205": {
        "0": 1,
        "1": 10,
        "2": 84,
        "3": 711,
        "4": 6031,
        "5": 18699,
        "6": 41111
    },
    "5206": {
        "0": 1,
        "1": 9,
        "2": 81,
        "3": 723,
        "4": 6445,
        "5": 24619,
        "6": 62031
    },
    "5207": {
        "0": 1,
        "1": 9,
        "2": 81,
        "3": 715,
        "4": 6281,
        "5": 22155,
        "6": 56686
    },
    "5208": {
        "0": 1,
        "1": 10,
        "2": 83,
        "3": 718,
        "4": 6239,
        "5": 21671,
        "6": 45147
    },
    "5209": {
        "0": 1,
        "1": 10,
        "2": 84,
        "3": 717,
        "4": 6161,
        "5": 20354,
        "6": 46495
    },
    "5210": {
        "0": 1,
        "1": 13,
        "2": 115,
        "3": 984,
        "4": 8428,
        "5": 39785,
        "6": 118086
    },
    "5211": {
        "0": 1,
        "1": 12,
        "2": 104,
        "3": 883,
        "4": 7517,
        "5": 31467,
        "6": 85859
    },
    "5212": {
        "0": 1,
        "1": 12,
        "2": 104,
        "3": 889,
        "4": 7592,
        "5": 31909,
        "6": 89123
    },
    "5213": {
        "0": 1,
        "1": 11,
        "2": 99,
        "3": 893,
        "4": 8023,
        "5": 39165,
        "6": 123166
    },
    "5214": {
        "0": 1,
        "1": 13,
        "2": 117,
        "3": 1033,
        "4": 9039,
        "5": 46380,
        "6": 149335
    },
    "5215": {
        "0": 1,
        "1": 11,
        "2": 89,
        "3": 739,
        "4": 6189,
        "5": 19461,
        "6": 39851
    },
    "5216": {
        "0": 1,
        "1": 10,
        "2": 84,
        "3": 732,
        "4": 6415,
        "5": 23674,
        "6": 56264
    },
    "5217": {
        "0": 1,
        "1": 10,
        "2": 84,
        "3": 714,
        "4": 6105,
        "5": 19813,
        "6": 48748
    },
    "5218": {
        "0": 1,
        "1": 11,
        "2": 101,
        "3": 897,
        "4": 7951,
        "5": 37191,
        "6": 118619
    },
    "5219": {
        "0": 1,
        "1": 10,
        "2": 82,
        "3": 686,
        "4": 5823,
        "5": 17225,
        "6": 36226
    },
    "5220": {
        "0": 1,
        "1": 10,
        "2": 82,
        "3": 705,
        "4": 6133,
        "5": 20902,
        "6": 50366
    },
    "5221": {
        "0": 1,
        "1": 11,
        "2": 94,
        "3": 810,
        "4": 6992,
        "5": 27398,
        "6": 71626
    },
    "5222": {
        "0": 1,
        "1": 9,
        "2": 73,
        "3": 616,
        "4": 5279,
        "5": 13004,
        "6": 20241
    },
    "5223": {
        "0": 1,
        "1": 9,
        "2": 77,
        "3": 677,
        "4": 5964,
        "5": 19853,
        "6": 46975
    },
    "5224": {
        "0": 1,
        "1": 12,
        "2": 106,
        "3": 908,
        "4": 7759,
        "5": 33801,
        "6": 93467
    },
    "5225": {
        "0": 1,
        "1": 12,
        "2": 101,
        "3": 867,
        "4": 7444,
        "5": 31309,
        "6": 76187
    },
    "5226": {
        "0": 1,
        "1": 9,
        "2": 76,
        "3": 661,
        "4": 5746,
        "5": 17183,
        "6": 36770
    },
    "5227": {
        "0": 1,
        "1": 9,
        "2": 79,
        "3": 698,
        "4": 6148,
        "5": 21266,
        "6": 44972
    },
    "5228": {
        "0": 1,
        "1": 11,
        "2": 100,
        "3": 864,
        "4": 7492,
        "5": 32034,
        "6": 81290
    },
    "5229": {
        "0": 1,
        "1": 12,
        "2": 105,
        "3": 896,
        "4": 7689,
        "5": 33477,
        "6": 94024
    },
    "5230": {
        "0": 1,
        "1": 10,
        "2": 86,
        "3": 750,
        "4": 6542,
        "5": 24572,
        "6": 64397
    },
    "5231": {
        "0": 1,
        "1": 12,
        "2": 107,
        "3": 936,
        "4": 8087,
        "5": 36899,
        "6": 101997
    },
    "5232": {
        "0": 1,
        "1": 15,
        "2": 136,
        "3": 1152,
        "4": 9730,
        "5": 49895,
        "6": 148571
    },
    "5233": {
        "0": 1,
        "1": 11,
        "2": 95,
        "3": 812,
        "4": 6923,
        "5": 26199,
        "6": 65701
    },
    "5234": {
        "0": 1,
        "1": 9,
        "2": 75,
        "3": 647,
        "4": 5601,
        "5": 15631,
        "6": 28849
    },
    "5235": {
        "0": 1,
        "1": 11,
        "2": 94,
        "3": 819,
        "4": 7141,
        "5": 29371,
        "6": 76424
    },
    "5236": {
        "0": 1,
        "1": 10,
        "2": 89,
        "3": 787,
        "4": 6970,
        "5": 28361,
        "6": 75664
    },
    "5237": {
        "0": 1,
        "1": 9,
        "2": 75,
        "3": 644,
        "4": 5553,
        "5": 15215,
        "6": 33697
    },
    "5238": {
        "0": 1,
        "1": 10,
        "2": 83,
        "3": 700,
        "4": 5909,
        "5": 17308,
        "6": 30889
    },
    "5239": {
        "0": 1,
        "1": 13,
        "2": 117,
        "3": 1025,
        "4": 8956,
        "5": 45480,
        "6": 143776
    },
    "5240": {
        "0": 1,
        "1": 9,
        "2": 78,
        "3": 674,
        "4": 5831,
        "5": 17632,
        "6": 40757
    },
    "5241": {
        "0": 1,
        "1": 9,
        "2": 79,
        "3": 686,
        "4": 5959,
        "5": 18665,
        "6": 38557
    },
    "5242": {
        "0": 1,
        "1": 10,
        "2": 84,
        "3": 745,
        "4": 6580,
        "5": 24486,
        "6": 59958
    },
    "5243": {
        "0": 1,
        "1": 10,
        "2": 88,
        "3": 773,
        "4": 6772,
        "5": 26606,
        "6": 64431
    },
    "5244": {
        "0": 1,
        "1": 11,
        "2": 92,
        "3": 775,
        "4": 6574,
        "5": 23384,
        "6": 55579
    },
    "5245": {
        "0": 1,
        "1": 12,
        "2": 103,
        "3": 884,
        "4": 7623,
        "5": 33252,
        "6": 88198
    },
    "5246": {
        "0": 1,
        "1": 9,
        "2": 77,
        "3": 680,
        "4": 6019,
        "5": 20414,
        "6": 41032
    },
    "5247": {
        "0": 1,
        "1": 13,
        "2": 118,
        "3": 1014,
        "4": 8674,
        "5": 41378,
        "6": 128765
    },
    "5248": {
        "0": 1,
        "1": 9,
        "2": 80,
        "3": 689,
        "4": 5928,
        "5": 18134,
        "6": 34181
    },
    "5249": {
        "0": 1,
        "1": 10,
        "2": 83,
        "3": 699,
        "4": 5949,
        "5": 18236,
        "6": 35932
    },
    "5250": {
        "0": 1,
        "1": 10,
        "2": 87,
        "3": 754,
        "4": 6536,
        "5": 23995,
        "6": 56609
    },
    "5251": {
        "0": 1,
        "1": 12,
        "2": 103,
        "3": 882,
        "4": 7627,
        "5": 33513,
        "6": 101292
    },
    "5252": {
        "0": 1,
        "1": 11,
        "2": 92,
        "3": 779,
        "4": 6629,
        "5": 23961,
        "6": 47482
    },
    "5253": {
        "0": 1,
        "1": 12,
        "2": 105,
        "3": 907,
        "4": 7853,
        "5": 35127,
        "6": 100924
    },
    "5254": {
        "0": 1,
        "1": 10,
        "2": 85,
        "3": 728,
        "4": 6254,
        "5": 20832,
        "6": 44775
    },
    "5255": {
        "0": 1,
        "1": 11,
        "2": 97,
        "3": 846,
        "4": 7407,
        "5": 32361,
        "6": 93438
    },
    "5256": {
        "0": 1,
        "1": 10,
        "2": 85,
        "3": 732,
        "4": 6372,
        "5": 23031,
        "6": 54416
    },
    "5257": {
        "0": 1,
        "1": 11,
        "2": 94,
        "3": 801,
        "4": 6883,
        "5": 26719,
        "6": 67712
    },
    "5258": {
        "0": 1,
        "1": 11,
        "2": 93,
        "3": 784,
        "4": 6622,
        "5": 23414,
        "6": 55686
    },
    "5259": {
        "0": 1,
        "1": 9,
        "2": 79,
        "3": 699,
        "4": 6178,
        "5": 21794,
        "6": 53925
    },
    "5260": {
        "0": 1,
        "1": 10,
        "2": 85,
        "3": 734,
        "4": 6368,
        "5": 22766,
        "6": 54698
    },
    "5261": {
        "0": 1,
        "1": 11,
        "2": 95,
        "3": 822,
        "4": 7108,
        "5": 28680,
        "6": 80646
    },
    "5262": {
        "0": 1,
        "1": 11,
        "2": 96,
        "3": 821,
        "4": 7035,
        "5": 27637,
        "6": 73572
    },
    "5263": {
        "0": 1,
        "1": 12,
        "2": 113,
        "3": 1007,
        "4": 8918,
        "5": 45983,
        "6": 163213
    },
    "5264": {
        "0": 1,
        "1": 9,
        "2": 78,
        "3": 685,
        "4": 5973,
        "5": 19146,
        "6": 37787
    },
    "5265": {
        "0": 1,
        "1": 9,
        "2": 77,
        "3": 654,
        "4": 5562,
        "5": 14614,
        "6": 27516
    },
    "5266": {
        "0": 1,
        "1": 10,
        "2": 87,
        "3": 757,
        "4": 6599,
        "5": 24698,
        "6": 62633
    },
    "5267": {
        "0": 1,
        "1": 13,
        "2": 116,
        "3": 986,
        "4": 8392,
        "5": 38833,
        "6": 115751
    },
    "5268": {
        "0": 1,
        "1": 11,
        "2": 100,
        "3": 866,
        "4": 7469,
        "5": 31823,
        "6": 89612
    },
    "5269": {
        "0": 1,
        "1": 10,
        "2": 86,
        "3": 743,
        "4": 6407,
        "5": 22487,
        "6": 49027
    },
    "5270": {
        "0": 1,
        "1": 11,
        "2": 97,
        "3": 853,
        "4": 7469,
        "5": 32593,
        "6": 91398
    },
    "5271": {
        "0": 1,
        "1": 10,
        "2": 89,
        "3": 787,
        "4": 6933,
        "5": 28274,
        "6": 75075
    },
    "5272": {
        "0": 1,
        "1": 10,
        "2": 89,
        "3": 782,
        "4": 6874,
        "5": 27806,
        "6": 76978
    },
    "5273": {
        "0": 1,
        "1": 13,
        "2": 115,
        "3": 995,
        "4": 8600,
        "5": 41600,
        "6": 130151
    },
    "5274": {
        "0": 1,
        "1": 8,
        "2": 68,
        "3": 584,
        "4": 5082,
        "5": 11829,
        "6": 19426
    },
    "5275": {
        "0": 1,
        "1": 8,
        "2": 67,
        "3": 569,
        "4": 4888,
        "5": 9490,
        "6": 13898
    },
    "5276": {
        "0": 1,
        "1": 10,
        "2": 82,
        "3": 687,
        "4": 5806,
        "5": 16617,
        "6": 28292
    },
    "5277": {
        "0": 1,
        "1": 11,
        "2": 94,
        "3": 817,
        "4": 7088,
        "5": 28774,
        "6": 81513
    },
    "5278": {
        "0": 1,
        "1": 11,
        "2": 98,
        "3": 839,
        "4": 7240,
        "5": 30028,
        "6": 78660
    },
    "5279": {
        "0": 1,
        "1": 11,
        "2": 98,
        "3": 863,
        "4": 7592,
        "5": 34082,
        "6": 100590
    },
    "5280": {
        "0": 1,
        "1": 11,
        "2": 97,
        "3": 851,
        "4": 7443,
        "5": 32208,
        "6": 97240
    },
    "5281": {
        "0": 1,
        "1": 11,
        "2": 96,
        "3": 835,
        "4": 7303,
        "5": 31389,
        "6": 84684
    },
    "5282": {
        "0": 1,
        "1": 10,
        "2": 90,
        "3": 809,
        "4": 7241,
        "5": 31714,
        "6": 81110
    },
    "5283": {
        "0": 1,
        "1": 12,
        "2": 105,
        "3": 882,
        "4": 7399,
        "5": 29598,
        "6": 80926
    },
    "5284": {
        "0": 1,
        "1": 11,
        "2": 95,
        "3": 815,
        "4": 6998,
        "5": 27456,
        "6": 71406
    },
    "5285": {
        "0": 1,
        "1": 10,
        "2": 83,
        "3": 713,
        "4": 6161,
        "5": 20686,
        "6": 43307
    },
    "5286": {
        "0": 1,
        "1": 10,
        "2": 86,
        "3": 752,
        "4": 6597,
        "5": 25134,
        "6": 65873
    },
    "5287": {
        "0": 1,
        "1": 12,
        "2": 105,
        "3": 899,
        "4": 7739,
        "5": 33957,
        "6": 92575
    },
    "5288": {
        "0": 1,
        "1": 10,
        "2": 83,
        "3": 699,
        "4": 5936,
        "5": 18066,
        "6": 36803
    },
    "5289": {
        "0": 1,
        "1": 10,
        "2": 90,
        "3": 804,
        "4": 7165,
        "5": 30941,
        "6": 80894
    },
    "5290": {
        "0": 1,
        "1": 10,
        "2": 92,
        "3": 822,
        "4": 7306,
        "5": 31535,
        "6": 90799
    },
    "5291": {
        "0": 1,
        "1": 11,
        "2": 93,
        "3": 800,
        "4": 6906,
        "5": 27072,
        "6": 66977
    },
    "5292": {
        "0": 1,
        "1": 10,
        "2": 86,
        "3": 746,
        "4": 6483,
        "5": 23655,
        "6": 56722
    },
    "5293": {
        "0": 1,
        "1": 11,
        "2": 93,
        "3": 804,
        "4": 7021,
        "5": 28807,
        "6": 75761
    },
    "5294": {
        "0": 1,
        "1": 10,
        "2": 87,
        "3": 758,
        "4": 6586,
        "5": 24603,
        "6": 63420
    },
    "5295": {
        "0": 1,
        "1": 11,
        "2": 94,
        "3": 820,
        "4": 7237,
        "5": 31446,
        "6": 88960
    },
    "5296": {
        "0": 1,
        "1": 10,
        "2": 86,
        "3": 743,
        "4": 6420,
        "5": 22904,
        "6": 60353
    },
    "5297": {
        "0": 1,
        "1": 12,
        "2": 106,
        "3": 911,
        "4": 7824,
        "5": 34715,
        "6": 105502
    },
    "5298": {
        "0": 1,
        "1": 10,
        "2": 88,
        "3": 761,
        "4": 6628,
        "5": 25109,
        "6": 62522
    },
    "5299": {
        "0": 1,
        "1": 11,
        "2": 95,
        "3": 825,
        "4": 7226,
        "5": 30882,
        "6": 82385
    }
}