{
    "0": {
        "0": 1,
        "1": 9,
        "2": 79,
        "3": 688,
        "4": 5981,
        "5": 19397,
        "6": 47954
    },
    "1": {
        "0": 1,
        "1": 8,
        "2": 70,
        "3": 611,
        "4": 5347,
        "5": 14143,
        "6": 30221
    },
    "2": {
        "0": 1,
        "1": 9,
        "2": 75,
        "3": 644,
        "4": 5600,
        "5": 16404,
        "6": 33561
    },
    "3": {
        "0": 1,
        "1": 10,
        "2": 88,
        "3": 767,
        "4": 6740,
        "5": 26833,
        "6": 76056
    },
    "4": {
        "0": 1,
        "1": 11,
        "2": 92,
        "3": 776,
        "4": 6623,
        "5": 24289,
        "6": 66377
    },
    "5": {
        "0": 1,
        "1": 10,
        "2": 85,
        "3": 742,
        "4": 6541,
        "5": 25257,
        "6": 62786
    },
    "6": {
        "0": 1,
        "1": 10,
        "2": 86,
        "3": 756,
        "4": 6683,
        "5": 26161,
        "6": 62764
    },
    "7": {
        "0": 1,
        "1": 13,
        "2": 119,
        "3": 1033,
        "4": 8923,
        "5": 44581,
        "6": 141631
    },
    "8": {
        "0": 1,
        "1": 11,
        "2": 98,
        "3": 876,
        "4": 7808,
        "5": 36390,
        "6": 106382
    },
    "9": {
        "0": 1,
        "1": 9,
        "2": 78,
        "3": 683,
        "4": 5974,
        "5": 19117,
        "6": 39153
    },
    "10": {
        "0": 1,
        "1": 11,
        "2": 98,
        "3": 856,
        "4": 7491,
        "5": 32999,
        "6": 88931
    },
    "11": {
        "0": 1,
        "1": 13,
        "2": 115,
        "3": 980,
        "4": 8385,
        "5": 39601,
        "6": 123690
    },
    "12": {
        "0": 1,
        "1": 11,
        "2": 92,
        "3": 785,
        "4": 6833,
        "5": 27251,
        "6": 64880
    },
    "13": {
        "0": 1,
        "1": 11,
        "2": 92,
        "3": 789,
        "4": 6824,
        "5": 26609,
        "6": 63721
    },
    "14": {
        "0": 1,
        "1": 10,
        "2": 82,
        "3": 708,
        "4": 6187,
        "5": 21840,
        "6": 47009
    },
    "15": {
        "0": 1,
        "1": 12,
        "2": 104,
        "3": 883,
        "4": 7542,
        "5": 32214,
        "6": 85429
    },
    "16": {
        "0": 1,
        "1": 12,
        "2": 107,
        "3": 937,
        "4": 8113,
        "5": 37180,
        "6": 106506
    },
    "17": {
        "0": 1,
        "1": 9,
        "2": 76,
        "3": 646,
        "4": 5557,
        "5": 15172,
        "6": 35384
    },
    "18": {
        "0": 1,
        "1": 9,
        "2": 74,
        "3": 629,
        "4": 5392,
        "5": 13829,
        "6": 24248
    },
    "19": {
        "0": 1,
        "1": 10,
        "2": 85,
        "3": 733,
        "4": 6328,
        "5": 22065,
        "6": 49970
    },
    "20": {
        "0": 1,
        "1": 13,
        "2": 109,
        "3": 925,
        "4": 8000,
        "5": 37057,
        "6": 105241
    },
    "21": {
        "0": 1,
        "1": 9,
        "2": 75,
        "3": 643,
        "4": 5536,
        "5": 15104,
        "6": 28039
    },
    "22": {
        "0": 1,
        "1": 12,
        "2": 105,
        "3": 907,
        "4": 7834,
        "5": 34963,
        "6": 98173
    },
    "23": {
        "0": 1,
        "1": 8,
        "2": 67,
        "3": 577,
        "4": 5047,
        "5": 11507,
        "6": 23652
    },
    "24": {
        "0": 1,
        "1": 11,
        "2": 96,
        "3": 824,
        "4": 7075,
        "5": 28092,
        "6": 63792
    },
    "25": {
        "0": 1,
        "1": 8,
        "2": 71,
        "3": 627,
        "4": 5538,
        "5": 16181,
        "6": 38061
    },
    "26": {
        "0": 1,
        "1": 15,
        "2": 152,
        "3": 1363,
        "4": 11775,
        "5": 68170,
        "6": 265890
    },
    "27": {
        "0": 1,
        "1": 12,
        "2": 105,
        "3": 909,
        "4": 7899,
        "5": 35915,
        "6": 108476
    },
    "28": {
        "0": 1,
        "1": 8,
        "2": 72,
        "3": 641,
        "4": 5673,
        "5": 17132,
        "6": 32552
    },
    "29": {
        "0": 1,
        "1": 10,
        "2": 87,
        "3": 756,
        "4": 6548,
        "5": 23875,
        "6": 53079
    },
    "30": {
        "0": 1,
        "1": 11,
        "2": 97,
        "3": 848,
        "4": 7396,
        "5": 31834,
        "6": 91453
    },
    "31": {
        "0": 1,
        "1": 13,
        "2": 118,
        "3": 1019,
        "4": 8764,
        "5": 42979,
        "6": 129665
    },
    "32": {
        "0": 1,
        "1": 10,
        "2": 87,
        "3": 752,
        "4": 6540,
        "5": 24301,
        "6": 55521
    },
    "33": {
        "0": 1,
        "1": 11,
        "2": 92,
        "3": 791,
        "4": 6920,
        "5": 28297,
        "6": 75889
    },
    "34": {
        "0": 1,
        "1": 11,
        "2": 98,
        "3": 856,
        "4": 7467,
        "5": 31770,
        "6": 88924
    },
    "35": {
        "0": 1,
        "1": 10,
        "2": 84,
        "3": 723,
        "4": 6276,
        "5": 22166,
        "6": 55379
    },
    "36": {
        "0": 1,
        "1": 12,
        "2": 107,
        "3": 941,
        "4": 8216,
        "5": 38800,
        "6": 115117
    },
    "37": {
        "0": 1,
        "1": 12,
        "2": 106,
        "3": 927,
        "4": 8121,
        "5": 38514,
        "6": 113185
    },
    "38": {
        "0": 1,
        "1": 12,
        "2": 107,
        "3": 937,
        "4": 8207,
        "5": 39231,
        "6": 112468
    },
    "39": {
        "0": 1,
        "1": 10,
        "2": 82,
        "3": 688,
        "4": 5821,
        "5": 16836,
        "6": 33241
    },
    "40": {
        "0": 1,
        "1": 10,
        "2": 85,
        "3": 743,
        "4": 6509,
        "5": 24158,
        "6": 58861
    },
    "41": {
        "0": 1,
        "1": 13,
        "2": 116,
        "3": 993,
        "4": 8483,
        "5": 39792,
        "6": 123491
    },
    "42": {
        "0": 1,
        "1": 11,
        "2": 92,
        "3": 790,
        "4": 6882,
        "5": 27423,
        "6": 69927
    },
    "43": {
        "0": 1,
        "1": 10,
        "2": 87,
        "3": 760,
        "4": 6606,
        "5": 24653,
        "6": 55285
    },
    "44": {
        "0": 1,
        "1": 13,
        "2": 114,
        "3": 963,
        "4": 8132,
        "5": 36404,
        "6": 100461
    },
    "45": {
        "0": 1,
        "1": 10,
        "2": 87,
        "3": 772,
        "4": 6876,
        "5": 28210,
        "6": 71053
    },
    "46": {
        "0": 1,
        "1": 8,
        "2": 67,
        "3": 571,
        "4": 4951,
        "5": 10440,
        "6": 22063
    },
    "47": {
        "0": 1,
        "1": 10,
        "2": 87,
        "3": 756,
        "4": 6501,
        "5": 23078,
        "6": 53782
    },
    "48": {
        "0": 1,
        "1": 11,
        "2": 97,
        "3": 849,
        "4": 7426,
        "5": 32047,
        "6": 83785
    },
    "49": {
        "0": 1,
        "1": 13,
        "2": 118,
        "3": 1026,
        "4": 8856,
        "5": 43535,
        "6": 133088
    },
    "50": {
        "0": 1,
        "1": 11,
        "2": 95,
        "3": 818,
        "4": 7075,
        "5": 28773,
        "6": 78447
    },
    "51": {
        "0": 1,
        "1": 8,
        "2": 71,
        "3": 632,
        "4": 5652,
        "5": 17770,
        "6": 45662
    },
    "52": {
        "0": 1,
        "1": 12,
        "2": 104,
        "3": 884,
        "4": 7478,
        "5": 30851,
        "6": 83247
    },
    "53": {
        "0": 1,
        "1": 10,
        "2": 83,
        "3": 713,
        "4": 6205,
        "5": 21508,
        "6": 49490
    },
    "54": {
        "0": 1,
        "1": 11,
        "2": 97,
        "3": 855,
        "4": 7483,
        "5": 32462,
        "6": 90842
    },
    "55": {
        "0": 1,
        "1": 11,
        "2": 95,
        "3": 815,
        "4": 7028,
        "5": 28268,
        "6": 73205
    },
    "56": {
        "0": 1,
        "1": 11,
        "2": 98,
        "3": 847,
        "4": 7327,
        "5": 30871,
        "6": 88444
    },
    "57": {
        "0": 1,
        "1": 10,
        "2": 82,
        "3": 696,
        "4": 5977,
        "5": 19033,
        "6": 40129
    },
    "58": {
        "0": 1,
        "1": 12,
        "2": 109,
        "3": 964,
        "4": 8492,
        "5": 42038,
        "6": 134680
    },
    "59": {
        "0": 1,
        "1": 11,
        "2": 103,
        "3": 930,
        "4": 8317,
        "5": 40787,
        "6": 122502
    },
    "60": {
        "0": 1,
        "1": 11,
        "2": 99,
        "3": 866,
        "4": 7540,
        "5": 32820,
        "6": 99050
    },
    "61": {
        "0": 1,
        "1": 10,
        "2": 85,
        "3": 728,
        "4": 6216,
        "5": 20398,
        "6": 50878
    },
    "62": {
        "0": 1,
        "1": 11,
        "2": 92,
        "3": 779,
        "4": 6686,
        "5": 25229,
        "6": 62674
    },
    "63": {
        "0": 1,
        "1": 10,
        "2": 85,
        "3": 728,
        "4": 6256,
        "5": 20930,
        "6": 45577
    },
    "64": {
        "0": 1,
        "1": 11,
        "2": 96,
        "3": 827,
        "4": 7130,
        "5": 28734,
        "6": 71925
    },
    "65": {
        "0": 1,
        "1": 9,
        "2": 76,
        "3": 673,
        "4": 6010,
        "5": 21083,
        "6": 53641
    },
    "66": {
        "0": 1,
        "1": 10,
        "2": 86,
        "3": 755,
        "4": 6631,
        "5": 25484,
        "6": 63555
    },
    "67": {
        "0": 1,
        "1": 11,
        "2": 94,
        "3": 822,
        "4": 7235,
        "5": 30815,
        "6": 85041
    },
    "68": {
        "0": 1,
        "1": 10,
        "2": 85,
        "3": 736,
        "4": 6411,
        "5": 23237,
        "6": 56332
    },
    "69": {
        "0": 1,
        "1": 11,
        "2": 91,
        "3": 776,
        "4": 6678,
        "5": 24704,
        "6": 55590
    },
    "70": {
        "0": 1,
        "1": 12,
        "2": 110,
        "3": 950,
        "4": 8171,
        "5": 37779,
        "6": 109706
    },
    "71": {
        "0": 1,
        "1": 12,
        "2": 107,
        "3": 942,
        "4": 8290,
        "5": 40198,
        "6": 119671
    },
    "72": {
        "0": 1,
        "1": 11,
        "2": 89,
        "3": 739,
        "4": 6204,
        "5": 19807,
        "6": 34907
    },
    "73": {
        "0": 1,
        "1": 12,
        "2": 106,
        "3": 921,
        "4": 8000,
        "5": 36825,
        "6": 104201
    },
    "74": {
        "0": 1,
        "1": 11,
        "2": 93,
        "3": 796,
        "4": 6860,
        "5": 26575,
        "6": 67389
    },
    "75": {
        "0": 1,
        "1": 9,
        "2": 77,
        "3": 662,
        "4": 5722,
        "5": 16887,
        "6": 34100
    },
    "76": {
        "0": 1,
        "1": 10,
        "2": 86,
        "3": 750,
        "4": 6496,
        "5": 23070,
        "6": 53058
    },
    "77": {
        "0": 1,
        "1": 13,
        "2": 114,
        "3": 962,
        "4": 8172,
        "5": 37162,
        "6": 106651
    },
    "78": {
        "0": 1,
        "1": 10,
        "2": 87,
        "3": 761,
        "4": 6668,
        "5": 25894,
        "6": 63660
    },
    "79": {
        "0": 1,
        "1": 11,
        "2": 100,
        "3": 875,
        "4": 7621,
        "5": 33538,
        "6": 91699
    },
    "80": {
        "0": 1,
        "1": 11,
        "2": 94,
        "3": 806,
        "4": 6882,
        "5": 25792,
        "6": 63888
    },
    "81": {
        "0": 1,
        "1": 12,
        "2": 102,
        "3": 859,
        "4": 7266,
        "5": 28835,
        "6": 73210
    },
    "82": {
        "0": 1,
        "1": 11,
        "2": 94,
        "3": 803,
        "4": 6871,
        "5": 25934,
        "6": 61565
    },
    "83": {
        "0": 1,
        "1": 8,
        "2": 68,
        "3": 590,
        "4": 5170,
        "5": 12825,
        "6": 25304
    },
    "84": {
        "0": 1,
        "1": 9,
        "2": 79,
        "3": 696,
        "4": 6127,
        "5": 21171,
        "6": 50807
    },
    "85": {
        "0": 1,
        "1": 11,
        "2": 98,
        "3": 860,
        "4": 7468,
        "5": 31965,
        "6": 84771
    },
    "86": {
        "0": 1,
        "1": 8,
        "2": 66,
        "3": 555,
        "4": 4733,
        "5": 8046,
        "6": 10817
    },
    "87": {
        "0": 1,
        "1": 10,
        "2": 89,
        "3": 792,
        "4": 7017,
        "5": 29192,
        "6": 78702
    },
    "88": {
        "0": 1,
        "1": 12,
        "2": 107,
        "3": 932,
        "4": 8091,
        "5": 37420,
        "6": 117250
    },
    "89": {
        "0": 1,
        "1": 11,
        "2": 92,
        "3": 787,
        "4": 6777,
        "5": 25882,
        "6": 52035
    },
    "90": {
        "0": 1,
        "1": 11,
        "2": 94,
        "3": 798,
        "4": 6730,
        "5": 23744,
        "6": 59199
    },
    "91": {
        "0": 1,
        "1": 11,
        "2": 95,
        "3": 823,
        "4": 7118,
        "5": 28791,
        "6": 75659
    },
    "92": {
        "0": 1,
        "1": 11,
        "2": 94,
        "3": 808,
        "4": 6964,
        "5": 26990,
        "6": 65835
    },
    "93": {
        "0": 1,
        "1": 11,
        "2": 96,
        "3": 820,
        "4": 6970,
        "5": 26580,
        "6": 68554
    },
    "94": {
        "0": 1,
        "1": 13,
        "2": 113,
        "3": 947,
        "4": 7958,
        "5": 34697,
        "6": 98789
    },
    "95": {
        "0": 1,
        "1": 11,
        "2": 95,
        "3": 827,
        "4": 7172,
        "5": 29207,
        "6": 71295
    },
    "96": {
        "0": 1,
        "1": 8,
        "2": 71,
        "3": 620,
        "4": 5403,
        "5": 14261,
        "6": 27628
    },
    "97": {
        "0": 1,
        "1": 11,
        "2": 94,
        "3": 813,
        "4": 7040,
        "5": 28292,
        "6": 76205
    },
    "98": {
        "0": 1,
        "1": 16,
        "2": 148,
        "3": 1226,
        "4": 10138,
        "5": 51715,
        "6": 166223
    },
    "99": {
        "0": 1,
        "1": 11,
        "2": 95,
        "3": 826,
        "4": 7226,
        "5": 30676,
        "6": 83493
    }
}