{
    "15200": {
        "0": 1,
        "1": 12,
        "2": 110,
        "3": 985,
        "4": 8755,
        "5": 44710,
        "6": 139198
    },
    "15201": {
        "0": 1,
        "1": 10,
        "2": 90,
        "3": 785,
        "4": 6867,
        "5": 27203,
        "6": 67050
    },
    "15202": {
        "0": 1,
        "1": 10,
        "2": 86,
        "3": 746,
        "4": 6465,
        "5": 23390,
        "6": 56397
    },
    "15203": {
        "0": 1,
        "1": 10,
        "2": 86,
        "3": 738,
        "4": 6352,
        "5": 21947,
        "6": 50514
    },
    "15204": {
        "0": 1,
        "1": 10,
        "2": 88,
        "3": 791,
        "4": 7060,
        "5": 29941,
        "6": 86569
    },
    "15205": {
        "0": 1,
        "1": 12,
        "2": 103,
        "3": 876,
        "4": 7462,
        "5": 31119,
        "6": 83193
    },
    "15206": {
        "0": 1,
        "1": 11,
        "2": 93,
        "3": 790,
        "4": 6744,
        "5": 25089,
        "6": 57439
    },
    "15207": {
        "0": 1,
        "1": 11,
        "2": 94,
        "3": 820,
        "4": 7167,
        "5": 29768,
        "6": 75557
    },
    "15208": {
        "0": 1,
        "1": 12,
        "2": 108,
        "3": 928,
        "4": 7920,
        "5": 35144,
        "6": 104232
    },
    "15209": {
        "0": 1,
        "1": 11,
        "2": 95,
        "3": 822,
        "4": 7114,
        "5": 28940,
        "6": 73688
    },
    "15210": {
        "0": 1,
        "1": 13,
        "2": 113,
        "3": 957,
        "4": 8122,
        "5": 36476,
        "6": 103303
    },
    "15211": {
        "0": 1,
        "1": 12,
        "2": 105,
        "3": 898,
        "4": 7638,
        "5": 31976,
        "6": 87285
    },
    "15212": {
        "0": 1,
        "1": 10,
        "2": 87,
        "3": 754,
        "4": 6557,
        "5": 24217,
        "6": 57324
    },
    "15213": {
        "0": 1,
        "1": 11,
        "2": 100,
        "3": 897,
        "4": 7999,
        "5": 38140,
        "6": 121554
    },
    "15214": {
        "0": 1,
        "1": 12,
        "2": 110,
        "3": 968,
        "4": 8448,
        "5": 40854,
        "6": 125782
    },
    "15215": {
        "0": 1,
        "1": 12,
        "2": 107,
        "3": 919,
        "4": 7890,
        "5": 35274,
        "6": 102485
    },
    "15216": {
        "0": 1,
        "1": 9,
        "2": 81,
        "3": 717,
        "4": 6355,
        "5": 23696,
        "6": 56867
    },
    "15217": {
        "0": 1,
        "1": 11,
        "2": 92,
        "3": 778,
        "4": 6629,
        "5": 23974,
        "6": 55547
    },
    "15218": {
        "0": 1,
        "1": 13,
        "2": 115,
        "3": 980,
        "4": 8358,
        "5": 38704,
        "6": 114875
    },
    "15219": {
        "0": 1,
        "1": 8,
        "2": 70,
        "3": 614,
        "4": 5456,
        "5": 15953,
        "6": 32972
    },
    "15220": {
        "0": 1,
        "1": 12,
        "2": 105,
        "3": 891,
        "4": 7556,
        "5": 31540,
        "6": 80125
    },
    "15221": {
        "0": 1,
        "1": 12,
        "2": 107,
        "3": 913,
        "4": 7756,
        "5": 32669,
        "6": 82472
    },
    "15222": {
        "0": 1,
        "1": 12,
        "2": 99,
        "3": 831,
        "4": 7056,
        "5": 27569,
        "6": 61454
    },
    "15223": {
        "0": 1,
        "1": 10,
        "2": 86,
        "3": 760,
        "4": 6685,
        "5": 25775,
        "6": 61718
    },
    "15224": {
        "0": 1,
        "1": 8,
        "2": 72,
        "3": 639,
        "4": 5667,
        "5": 17447,
        "6": 38810
    },
    "15225": {
        "0": 1,
        "1": 11,
        "2": 95,
        "3": 821,
        "4": 7130,
        "5": 29620,
        "6": 85315
    },
    "15226": {
        "0": 1,
        "1": 10,
        "2": 87,
        "3": 754,
        "4": 6542,
        "5": 24151,
        "6": 56096
    },
    "15227": {
        "0": 1,
        "1": 8,
        "2": 67,
        "3": 564,
        "4": 4756,
        "5": 7460,
        "6": 12557
    },
    "15228": {
        "0": 1,
        "1": 10,
        "2": 90,
        "3": 783,
        "4": 6844,
        "5": 27182,
        "6": 69823
    },
    "15229": {
        "0": 1,
        "1": 11,
        "2": 95,
        "3": 834,
        "4": 7221,
        "5": 29539,
        "6": 68517
    },
    "15230": {
        "0": 1,
        "1": 10,
        "2": 88,
        "3": 769,
        "4": 6742,
        "5": 26448,
        "6": 67269
    },
    "15231": {
        "0": 1,
        "1": 11,
        "2": 98,
        "3": 854,
        "4": 7382,
        "5": 31048,
        "6": 88040
    },
    "15232": {
        "0": 1,
        "1": 9,
        "2": 80,
        "3": 725,
        "4": 6535,
        "5": 25942,
        "6": 62840
    },
    "15233": {
        "0": 1,
        "1": 10,
        "2": 88,
        "3": 798,
        "4": 7167,
        "5": 31153,
        "6": 82807
    },
    "15234": {
        "0": 1,
        "1": 10,
        "2": 85,
        "3": 727,
        "4": 6275,
        "5": 21897,
        "6": 54385
    },
    "15235": {
        "0": 1,
        "1": 11,
        "2": 94,
        "3": 800,
        "4": 6827,
        "5": 25752,
        "6": 69842
    },
    "15236": {
        "0": 1,
        "1": 10,
        "2": 86,
        "3": 740,
        "4": 6367,
        "5": 22080,
        "6": 53089
    },
    "15237": {
        "0": 1,
        "1": 12,
        "2": 98,
        "3": 807,
        "4": 6771,
        "5": 24728,
        "6": 55475
    },
    "15238": {
        "0": 1,
        "1": 10,
        "2": 82,
        "3": 691,
        "4": 5886,
        "5": 17524,
        "6": 31030
    },
    "15239": {
        "0": 1,
        "1": 11,
        "2": 96,
        "3": 841,
        "4": 7327,
        "5": 30686,
        "6": 80078
    },
    "15240": {
        "0": 1,
        "1": 11,
        "2": 96,
        "3": 836,
        "4": 7283,
        "5": 30789,
        "6": 85825
    },
    "15241": {
        "0": 1,
        "1": 12,
        "2": 107,
        "3": 954,
        "4": 8501,
        "5": 42919,
        "6": 139434
    },
    "15242": {
        "0": 1,
        "1": 9,
        "2": 78,
        "3": 678,
        "4": 5893,
        "5": 18490,
        "6": 40546
    },
    "15243": {
        "0": 1,
        "1": 13,
        "2": 120,
        "3": 1061,
        "4": 9246,
        "5": 46937,
        "6": 152599
    },
    "15244": {
        "0": 1,
        "1": 13,
        "2": 120,
        "3": 1058,
        "4": 9267,
        "5": 48444,
        "6": 160310
    },
    "15245": {
        "0": 1,
        "1": 14,
        "2": 135,
        "3": 1205,
        "4": 10582,
        "5": 59514,
        "6": 205762
    },
    "15246": {
        "0": 1,
        "1": 9,
        "2": 77,
        "3": 677,
        "4": 6005,
        "5": 20861,
        "6": 53265
    },
    "15247": {
        "0": 1,
        "1": 9,
        "2": 78,
        "3": 677,
        "4": 5935,
        "5": 19523,
        "6": 42052
    },
    "15248": {
        "0": 1,
        "1": 10,
        "2": 84,
        "3": 713,
        "4": 6090,
        "5": 19464,
        "6": 46247
    },
    "15249": {
        "0": 1,
        "1": 10,
        "2": 85,
        "3": 728,
        "4": 6275,
        "5": 21669,
        "6": 45865
    },
    "15250": {
        "0": 1,
        "1": 10,
        "2": 89,
        "3": 785,
        "4": 6952,
        "5": 28860,
        "6": 80556
    },
    "15251": {
        "0": 1,
        "1": 10,
        "2": 85,
        "3": 733,
        "4": 6328,
        "5": 21992,
        "6": 51687
    },
    "15252": {
        "0": 1,
        "1": 10,
        "2": 86,
        "3": 764,
        "4": 6803,
        "5": 27736,
        "6": 71381
    },
    "15253": {
        "0": 1,
        "1": 10,
        "2": 83,
        "3": 707,
        "4": 6046,
        "5": 18983,
        "6": 41286
    },
    "15254": {
        "0": 1,
        "1": 11,
        "2": 95,
        "3": 810,
        "4": 6935,
        "5": 26940,
        "6": 70325
    },
    "15255": {
        "0": 1,
        "1": 11,
        "2": 97,
        "3": 851,
        "4": 7484,
        "5": 33265,
        "6": 98526
    },
    "15256": {
        "0": 1,
        "1": 11,
        "2": 99,
        "3": 880,
        "4": 7782,
        "5": 35820,
        "6": 106683
    },
    "15257": {
        "0": 1,
        "1": 10,
        "2": 83,
        "3": 713,
        "4": 6194,
        "5": 21300,
        "6": 49865
    },
    "15258": {
        "0": 1,
        "1": 11,
        "2": 92,
        "3": 781,
        "4": 6622,
        "5": 23456,
        "6": 56817
    },
    "15259": {
        "0": 1,
        "1": 12,
        "2": 103,
        "3": 885,
        "4": 7676,
        "5": 34412,
        "6": 93008
    },
    "15260": {
        "0": 1,
        "1": 10,
        "2": 81,
        "3": 685,
        "4": 5802,
        "5": 16596,
        "6": 25293
    },
    "15261": {
        "0": 1,
        "1": 9,
        "2": 76,
        "3": 659,
        "4": 5755,
        "5": 17670,
        "6": 41086
    },
    "15262": {
        "0": 1,
        "1": 12,
        "2": 103,
        "3": 891,
        "4": 7754,
        "5": 35084,
        "6": 91255
    },
    "15263": {
        "0": 1,
        "1": 11,
        "2": 91,
        "3": 768,
        "4": 6530,
        "5": 23004,
        "6": 53601
    },
    "15264": {
        "0": 1,
        "1": 8,
        "2": 74,
        "3": 664,
        "4": 5900,
        "5": 19241,
        "6": 41007
    },
    "15265": {
        "0": 1,
        "1": 10,
        "2": 85,
        "3": 719,
        "4": 6119,
        "5": 19446,
        "6": 37326
    },
    "15266": {
        "0": 1,
        "1": 9,
        "2": 75,
        "3": 635,
        "4": 5409,
        "5": 13434,
        "6": 25142
    },
    "15267": {
        "0": 1,
        "1": 9,
        "2": 76,
        "3": 645,
        "4": 5519,
        "5": 14867,
        "6": 29009
    },
    "15268": {
        "0": 1,
        "1": 10,
        "2": 86,
        "3": 748,
        "4": 6522,
        "5": 24300,
        "6": 58346
    },
    "15269": {
        "0": 1,
        "1": 10,
        "2": 83,
        "3": 711,
        "4": 6138,
        "5": 20471,
        "6": 43551
    },
    "15270": {
        "0": 1,
        "1": 12,
        "2": 108,
        "3": 941,
        "4": 8168,
        "5": 37980,
        "6": 113426
    },
    "15271": {
        "0": 1,
        "1": 10,
        "2": 85,
        "3": 742,
        "4": 6510,
        "5": 24508,
        "6": 58076
    },
    "15272": {
        "0": 1,
        "1": 8,
        "2": 75,
        "3": 686,
        "4": 6208,
        "5": 22749,
        "6": 56466
    },
    "15273": {
        "0": 1,
        "1": 13,
        "2": 115,
        "3": 996,
        "4": 8570,
        "5": 40952,
        "6": 118089
    },
    "15274": {
        "0": 1,
        "1": 9,
        "2": 80,
        "3": 698,
        "4": 6085,
        "5": 20231,
        "6": 50388
    },
    "15275": {
        "0": 1,
        "1": 11,
        "2": 94,
        "3": 820,
        "4": 7177,
        "5": 30025,
        "6": 82710
    },
    "15276": {
        "0": 1,
        "1": 12,
        "2": 105,
        "3": 916,
        "4": 7989,
        "5": 36582,
        "6": 109751
    },
    "15277": {
        "0": 1,
        "1": 9,
        "2": 80,
        "3": 707,
        "4": 6281,
        "5": 22781,
        "6": 54872
    },
    "15278": {
        "0": 1,
        "1": 9,
        "2": 78,
        "3": 695,
        "4": 6180,
        "5": 22190,
        "6": 51838
    },
    "15279": {
        "0": 1,
        "1": 12,
        "2": 103,
        "3": 890,
        "4": 7749,
        "5": 34834,
        "6": 99712
    },
    "15280": {
        "0": 1,
        "1": 10,
        "2": 87,
        "3": 753,
        "4": 6559,
        "5": 24679,
        "6": 59170
    },
    "15281": {
        "0": 1,
        "1": 10,
        "2": 85,
        "3": 746,
        "4": 6554,
        "5": 24911,
        "6": 65081
    },
    "15282": {
        "0": 1,
        "1": 8,
        "2": 71,
        "3": 622,
        "4": 5476,
        "5": 15499,
        "6": 32454
    },
    "15283": {
        "0": 1,
        "1": 10,
        "2": 85,
        "3": 723,
        "4": 6216,
        "5": 20890,
        "6": 44525
    },
    "15284": {
        "0": 1,
        "1": 11,
        "2": 94,
        "3": 798,
        "4": 6786,
        "5": 25159,
        "6": 56570
    },
    "15285": {
        "0": 1,
        "1": 12,
        "2": 110,
        "3": 977,
        "4": 8591,
        "5": 41836,
        "6": 132679
    },
    "15286": {
        "0": 1,
        "1": 9,
        "2": 76,
        "3": 659,
        "4": 5753,
        "5": 17461,
        "6": 35403
    },
    "15287": {
        "0": 1,
        "1": 11,
        "2": 91,
        "3": 765,
        "4": 6534,
        "5": 23643,
        "6": 58597
    },
    "15288": {
        "0": 1,
        "1": 10,
        "2": 89,
        "3": 769,
        "4": 6627,
        "5": 24364,
        "6": 57744
    },
    "15289": {
        "0": 1,
        "1": 9,
        "2": 80,
        "3": 708,
        "4": 6241,
        "5": 22134,
        "6": 51536
    },
    "15290": {
        "0": 1,
        "1": 10,
        "2": 88,
        "3": 784,
        "4": 6974,
        "5": 29367,
        "6": 74888
    },
    "15291": {
        "0": 1,
        "1": 10,
        "2": 87,
        "3": 759,
        "4": 6658,
        "5": 25881,
        "6": 70876
    },
    "15292": {
        "0": 1,
        "1": 9,
        "2": 80,
        "3": 705,
        "4": 6245,
        "5": 22640,
        "6": 58096
    },
    "15293": {
        "0": 1,
        "1": 12,
        "2": 102,
        "3": 864,
        "4": 7401,
        "5": 31218,
        "6": 86727
    },
    "15294": {
        "0": 1,
        "1": 9,
        "2": 74,
        "3": 634,
        "4": 5465,
        "5": 14667,
        "6": 28193
    },
    "15295": {
        "0": 1,
        "1": 15,
        "2": 132,
        "3": 1073,
        "4": 8768,
        "5": 39750,
        "6": 106242
    },
    "15296": {
        "0": 1,
        "1": 9,
        "2": 74,
        "3": 636,
        "4": 5487,
        "5": 14813,
        "6": 29017
    },
    "15297": {
        "0": 1,
        "1": 8,
        "2": 70,
        "3": 612,
        "4": 5321,
        "5": 13206,
        "6": 23275
    },
    "15298": {
        "0": 1,
        "1": 10,
        "2": 86,
        "3": 753,
        "4": 6604,
        "5": 25477,
        "6": 67507
    },
    "15299": {
        "0": 1,
        "1": 10,
        "2": 92,
        "3": 813,
        "4": 7091,
        "5": 28518,
        "6": 76621
    }
}