{
    "16600": {
        "0": 1,
        "1": 12,
        "2": 103,
        "3": 881,
        "4": 7590,
        "5": 32990,
        "6": 87353
    },
    "16601": {
        "0": 1,
        "1": 13,
        "2": 119,
        "3": 1033,
        "4": 8917,
        "5": 44338,
        "6": 142547
    },
    "16602": {
        "0": 1,
        "1": 12,
        "2": 107,
        "3": 920,
        "4": 7923,
        "5": 35317,
        "6": 100169
    },
    "16603": {
        "0": 1,
        "1": 9,
        "2": 77,
        "3": 674,
        "4": 5958,
        "5": 20288,
        "6": 47735
    },
    "16604": {
        "0": 1,
        "1": 11,
        "2": 92,
        "3": 778,
        "4": 6661,
        "5": 24878,
        "6": 63525
    },
    "16605": {
        "0": 1,
        "1": 13,
        "2": 115,
        "3": 1013,
        "4": 8938,
        "5": 46143,
        "6": 147391
    },
    "16606": {
        "0": 1,
        "1": 11,
        "2": 97,
        "3": 870,
        "4": 7751,
        "5": 36055,
        "6": 115886
    },
    "16607": {
        "0": 1,
        "1": 11,
        "2": 93,
        "3": 805,
        "4": 7018,
        "5": 28646,
        "6": 65510
    },
    "16608": {
        "0": 1,
        "1": 11,
        "2": 99,
        "3": 871,
        "4": 7604,
        "5": 33697,
        "6": 99054
    },
    "16609": {
        "0": 1,
        "1": 9,
        "2": 77,
        "3": 674,
        "4": 5916,
        "5": 19180,
        "6": 42271
    },
    "16610": {
        "0": 1,
        "1": 10,
        "2": 84,
        "3": 711,
        "4": 6104,
        "5": 20042,
        "6": 45400
    },
    "16611": {
        "0": 1,
        "1": 11,
        "2": 97,
        "3": 843,
        "4": 7386,
        "5": 31978,
        "6": 89037
    },
    "16612": {
        "0": 1,
        "1": 9,
        "2": 79,
        "3": 691,
        "4": 6051,
        "5": 20232,
        "6": 43023
    },
    "16613": {
        "0": 1,
        "1": 11,
        "2": 94,
        "3": 803,
        "4": 6942,
        "5": 27302,
        "6": 67789
    },
    "16614": {
        "0": 1,
        "1": 10,
        "2": 91,
        "3": 829,
        "4": 7515,
        "5": 34813,
        "6": 102015
    },
    "16615": {
        "0": 1,
        "1": 10,
        "2": 82,
        "3": 697,
        "4": 5961,
        "5": 18458,
        "6": 38088
    },
    "16616": {
        "0": 1,
        "1": 10,
        "2": 86,
        "3": 745,
        "4": 6469,
        "5": 23599,
        "6": 51649
    },
    "16617": {
        "0": 1,
        "1": 10,
        "2": 86,
        "3": 749,
        "4": 6504,
        "5": 23444,
        "6": 55768
    },
    "16618": {
        "0": 1,
        "1": 10,
        "2": 83,
        "3": 721,
        "4": 6330,
        "5": 23082,
        "6": 51422
    },
    "16619": {
        "0": 1,
        "1": 10,
        "2": 85,
        "3": 745,
        "4": 6534,
        "5": 24514,
        "6": 62110
    },
    "16620": {
        "0": 1,
        "1": 12,
        "2": 108,
        "3": 960,
        "4": 8490,
        "5": 42247,
        "6": 131318
    },
    "16621": {
        "0": 1,
        "1": 11,
        "2": 97,
        "3": 866,
        "4": 7572,
        "5": 33016,
        "6": 83991
    },
    "16622": {
        "0": 1,
        "1": 11,
        "2": 96,
        "3": 824,
        "4": 7083,
        "5": 28289,
        "6": 76621
    },
    "16623": {
        "0": 1,
        "1": 11,
        "2": 96,
        "3": 847,
        "4": 7481,
        "5": 33410,
        "6": 94068
    },
    "16624": {
        "0": 1,
        "1": 11,
        "2": 92,
        "3": 780,
        "4": 6654,
        "5": 24273,
        "6": 55204
    },
    "16625": {
        "0": 1,
        "1": 8,
        "2": 70,
        "3": 611,
        "4": 5338,
        "5": 13839,
        "6": 29954
    },
    "16626": {
        "0": 1,
        "1": 10,
        "2": 89,
        "3": 783,
        "4": 6934,
        "5": 28544,
        "6": 78324
    },
    "16627": {
        "0": 1,
        "1": 10,
        "2": 89,
        "3": 790,
        "4": 6954,
        "5": 27690,
        "6": 69331
    },
    "16628": {
        "0": 1,
        "1": 12,
        "2": 103,
        "3": 877,
        "4": 7485,
        "5": 31331,
        "6": 85515
    },
    "16629": {
        "0": 1,
        "1": 12,
        "2": 104,
        "3": 882,
        "4": 7478,
        "5": 30920,
        "6": 79469
    },
    "16630": {
        "0": 1,
        "1": 9,
        "2": 81,
        "3": 735,
        "4": 6595,
        "5": 26097,
        "6": 78040
    },
    "16631": {
        "0": 1,
        "1": 11,
        "2": 94,
        "3": 822,
        "4": 7202,
        "5": 30392,
        "6": 76127
    },
    "16632": {
        "0": 1,
        "1": 10,
        "2": 83,
        "3": 723,
        "4": 6274,
        "5": 21656,
        "6": 48700
    },
    "16633": {
        "0": 1,
        "1": 13,
        "2": 116,
        "3": 998,
        "4": 8598,
        "5": 41487,
        "6": 124863
    },
    "16634": {
        "0": 1,
        "1": 11,
        "2": 97,
        "3": 842,
        "4": 7236,
        "5": 29230,
        "6": 76319
    },
    "16635": {
        "0": 1,
        "1": 9,
        "2": 73,
        "3": 621,
        "4": 5317,
        "5": 13046,
        "6": 25478
    },
    "16636": {
        "0": 1,
        "1": 14,
        "2": 128,
        "3": 1080,
        "4": 9120,
        "5": 44529,
        "6": 133362
    },
    "16637": {
        "0": 1,
        "1": 12,
        "2": 108,
        "3": 971,
        "4": 8696,
        "5": 44532,
        "6": 146578
    },
    "16638": {
        "0": 1,
        "1": 13,
        "2": 114,
        "3": 959,
        "4": 8088,
        "5": 36041,
        "6": 104738
    },
    "16639": {
        "0": 1,
        "1": 10,
        "2": 84,
        "3": 705,
        "4": 6020,
        "5": 18918,
        "6": 42358
    },
    "16640": {
        "0": 1,
        "1": 10,
        "2": 87,
        "3": 758,
        "4": 6612,
        "5": 24896,
        "6": 60436
    },
    "16641": {
        "0": 1,
        "1": 11,
        "2": 95,
        "3": 812,
        "4": 6998,
        "5": 28000,
        "6": 78146
    },
    "16642": {
        "0": 1,
        "1": 13,
        "2": 116,
        "3": 997,
        "4": 8486,
        "5": 39527,
        "6": 114195
    },
    "16643": {
        "0": 1,
        "1": 12,
        "2": 106,
        "3": 928,
        "4": 8068,
        "5": 37392,
        "6": 110253
    },
    "16644": {
        "0": 1,
        "1": 11,
        "2": 94,
        "3": 811,
        "4": 7042,
        "5": 28741,
        "6": 75702
    },
    "16645": {
        "0": 1,
        "1": 10,
        "2": 85,
        "3": 730,
        "4": 6319,
        "5": 22303,
        "6": 57646
    },
    "16646": {
        "0": 1,
        "1": 11,
        "2": 100,
        "3": 902,
        "4": 8019,
        "5": 37719,
        "6": 116775
    },
    "16647": {
        "0": 1,
        "1": 10,
        "2": 90,
        "3": 803,
        "4": 7145,
        "5": 30561,
        "6": 84670
    },
    "16648": {
        "0": 1,
        "1": 11,
        "2": 97,
        "3": 848,
        "4": 7339,
        "5": 30846,
        "6": 84703
    },
    "16649": {
        "0": 1,
        "1": 9,
        "2": 76,
        "3": 656,
        "4": 5695,
        "5": 16849,
        "6": 33991
    },
    "16650": {
        "0": 1,
        "1": 13,
        "2": 114,
        "3": 980,
        "4": 8479,
        "5": 40971,
        "6": 116500
    },
    "16651": {
        "0": 1,
        "1": 11,
        "2": 97,
        "3": 844,
        "4": 7361,
        "5": 31223,
        "6": 82171
    },
    "16652": {
        "0": 1,
        "1": 11,
        "2": 93,
        "3": 802,
        "4": 6973,
        "5": 28070,
        "6": 77755
    },
    "16653": {
        "0": 1,
        "1": 11,
        "2": 96,
        "3": 831,
        "4": 7218,
        "5": 29880,
        "6": 73186
    },
    "16654": {
        "0": 1,
        "1": 15,
        "2": 141,
        "3": 1210,
        "4": 10183,
        "5": 53088,
        "6": 173589
    },
    "16655": {
        "0": 1,
        "1": 10,
        "2": 86,
        "3": 760,
        "4": 6686,
        "5": 25932,
        "6": 62440
    },
    "16656": {
        "0": 1,
        "1": 12,
        "2": 102,
        "3": 857,
        "4": 7282,
        "5": 29732,
        "6": 78501
    },
    "16657": {
        "0": 1,
        "1": 10,
        "2": 82,
        "3": 694,
        "4": 5918,
        "5": 17970,
        "6": 37597
    },
    "16658": {
        "0": 1,
        "1": 12,
        "2": 105,
        "3": 908,
        "4": 7822,
        "5": 34789,
        "6": 89775
    },
    "16659": {
        "0": 1,
        "1": 10,
        "2": 87,
        "3": 768,
        "4": 6790,
        "5": 27126,
        "6": 73352
    },
    "16660": {
        "0": 1,
        "1": 12,
        "2": 105,
        "3": 909,
        "4": 7932,
        "5": 36873,
        "6": 105613
    },
    "16661": {
        "0": 1,
        "1": 11,
        "2": 100,
        "3": 887,
        "4": 7843,
        "5": 36515,
        "6": 109171
    },
    "16662": {
        "0": 1,
        "1": 11,
        "2": 92,
        "3": 776,
        "4": 6650,
        "5": 24778,
        "6": 55538
    },
    "16663": {
        "0": 1,
        "1": 10,
        "2": 83,
        "3": 689,
        "4": 5760,
        "5": 15707,
        "6": 29209
    },
    "16664": {
        "0": 1,
        "1": 10,
        "2": 86,
        "3": 751,
        "4": 6557,
        "5": 24496,
        "6": 57439
    },
    "16665": {
        "0": 1,
        "1": 12,
        "2": 103,
        "3": 873,
        "4": 7463,
        "5": 31686,
        "6": 85413
    },
    "16666": {
        "0": 1,
        "1": 12,
        "2": 113,
        "3": 1025,
        "4": 9123,
        "5": 47868,
        "6": 166952
    },
    "16667": {
        "0": 1,
        "1": 10,
        "2": 86,
        "3": 739,
        "4": 6376,
        "5": 22535,
        "6": 60056
    },
    "16668": {
        "0": 1,
        "1": 13,
        "2": 121,
        "3": 1065,
        "4": 9268,
        "5": 47600,
        "6": 153701
    },
    "16669": {
        "0": 1,
        "1": 11,
        "2": 96,
        "3": 835,
        "4": 7288,
        "5": 30895,
        "6": 82135
    },
    "16670": {
        "0": 1,
        "1": 12,
        "2": 104,
        "3": 889,
        "4": 7625,
        "5": 32984,
        "6": 95900
    },
    "16671": {
        "0": 1,
        "1": 9,
        "2": 77,
        "3": 668,
        "4": 5812,
        "5": 18043,
        "6": 39663
    },
    "16672": {
        "0": 1,
        "1": 12,
        "2": 106,
        "3": 910,
        "4": 7878,
        "5": 35895,
        "6": 114579
    },
    "16673": {
        "0": 1,
        "1": 9,
        "2": 78,
        "3": 683,
        "4": 5991,
        "5": 19932,
        "6": 42256
    },
    "16674": {
        "0": 1,
        "1": 10,
        "2": 86,
        "3": 741,
        "4": 6438,
        "5": 22942,
        "6": 53913
    },
    "16675": {
        "0": 1,
        "1": 11,
        "2": 91,
        "3": 766,
        "4": 6505,
        "5": 22967,
        "6": 44546
    },
    "16676": {
        "0": 1,
        "1": 12,
        "2": 110,
        "3": 969,
        "4": 8498,
        "5": 41753,
        "6": 128737
    },
    "16677": {
        "0": 1,
        "1": 9,
        "2": 78,
        "3": 694,
        "4": 6172,
        "5": 21947,
        "6": 49094
    },
    "16678": {
        "0": 1,
        "1": 11,
        "2": 94,
        "3": 790,
        "4": 6608,
        "5": 22623,
        "6": 45227
    },
    "16679": {
        "0": 1,
        "1": 11,
        "2": 94,
        "3": 817,
        "4": 7094,
        "5": 28503,
        "6": 78608
    },
    "16680": {
        "0": 1,
        "1": 10,
        "2": 87,
        "3": 767,
        "4": 6724,
        "5": 26275,
        "6": 63512
    },
    "16681": {
        "0": 1,
        "1": 9,
        "2": 78,
        "3": 659,
        "4": 5613,
        "5": 15227,
        "6": 29779
    },
    "16682": {
        "0": 1,
        "1": 11,
        "2": 93,
        "3": 792,
        "4": 6774,
        "5": 25440,
        "6": 58238
    },
    "16683": {
        "0": 1,
        "1": 11,
        "2": 95,
        "3": 815,
        "4": 7001,
        "5": 27714,
        "6": 72381
    },
    "16684": {
        "0": 1,
        "1": 9,
        "2": 82,
        "3": 741,
        "4": 6641,
        "5": 26231,
        "6": 74407
    },
    "16685": {
        "0": 1,
        "1": 11,
        "2": 95,
        "3": 819,
        "4": 7092,
        "5": 28911,
        "6": 76819
    },
    "16686": {
        "0": 1,
        "1": 10,
        "2": 89,
        "3": 784,
        "4": 6872,
        "5": 27402,
        "6": 72308
    },
    "16687": {
        "0": 1,
        "1": 10,
        "2": 81,
        "3": 681,
        "4": 5774,
        "5": 16559,
        "6": 36887
    },
    "16688": {
        "0": 1,
        "1": 12,
        "2": 107,
        "3": 940,
        "4": 8228,
        "5": 39267,
        "6": 118707
    },
    "16689": {
        "0": 1,
        "1": 11,
        "2": 93,
        "3": 791,
        "4": 6749,
        "5": 24991,
        "6": 63233
    },
    "16690": {
        "0": 1,
        "1": 10,
        "2": 88,
        "3": 766,
        "4": 6697,
        "5": 25948,
        "6": 59096
    },
    "16691": {
        "0": 1,
        "1": 10,
        "2": 87,
        "3": 753,
        "4": 6526,
        "5": 23865,
        "6": 58194
    },
    "16692": {
        "0": 1,
        "1": 12,
        "2": 108,
        "3": 951,
        "4": 8274,
        "5": 39095,
        "6": 115729
    },
    "16693": {
        "0": 1,
        "1": 12,
        "2": 110,
        "3": 994,
        "4": 8898,
        "5": 46213,
        "6": 154051
    },
    "16694": {
        "0": 1,
        "1": 10,
        "2": 85,
        "3": 746,
        "4": 6533,
        "5": 24339,
        "6": 58040
    },
    "16695": {
        "0": 1,
        "1": 10,
        "2": 85,
        "3": 727,
        "4": 6210,
        "5": 20342,
        "6": 38378
    },
    "16696": {
        "0": 1,
        "1": 12,
        "2": 103,
        "3": 876,
        "4": 7512,
        "5": 32133,
        "6": 83447
    },
    "16697": {
        "0": 1,
        "1": 11,
        "2": 95,
        "3": 818,
        "4": 7053,
        "5": 28186,
        "6": 78419
    },
    "16698": {
        "0": 1,
        "1": 10,
        "2": 83,
        "3": 700,
        "4": 5919,
        "5": 17486,
        "6": 32961
    },
    "16699": {
        "0": 1,
        "1": 8,
        "2": 70,
        "3": 611,
        "4": 5371,
        "5": 14424,
        "6": 29573
    }
}