{
    "17200": {
        "0": 1,
        "1": 11,
        "2": 91,
        "3": 763,
        "4": 6457,
        "5": 22258,
        "6": 50282
    },
    "17201": {
        "0": 1,
        "1": 12,
        "2": 107,
        "3": 918,
        "4": 7867,
        "5": 34873,
        "6": 101054
    },
    "17202": {
        "0": 1,
        "1": 10,
        "2": 84,
        "3": 714,
        "4": 6120,
        "5": 19840,
        "6": 48505
    },
    "17203": {
        "0": 1,
        "1": 11,
        "2": 97,
        "3": 856,
        "4": 7476,
        "5": 32291,
        "6": 87118
    },
    "17204": {
        "0": 1,
        "1": 12,
        "2": 108,
        "3": 955,
        "4": 8453,
        "5": 41469,
        "6": 121072
    },
    "17205": {
        "0": 1,
        "1": 10,
        "2": 83,
        "3": 716,
        "4": 6202,
        "5": 21249,
        "6": 44531
    },
    "17206": {
        "0": 1,
        "1": 10,
        "2": 88,
        "3": 786,
        "4": 6990,
        "5": 29117,
        "6": 83042
    },
    "17207": {
        "0": 1,
        "1": 10,
        "2": 90,
        "3": 800,
        "4": 7068,
        "5": 29386,
        "6": 79795
    },
    "17208": {
        "0": 1,
        "1": 11,
        "2": 100,
        "3": 890,
        "4": 7916,
        "5": 37534,
        "6": 112938
    },
    "17209": {
        "0": 1,
        "1": 13,
        "2": 115,
        "3": 988,
        "4": 8474,
        "5": 40422,
        "6": 113517
    },
    "17210": {
        "0": 1,
        "1": 11,
        "2": 92,
        "3": 777,
        "4": 6611,
        "5": 23963,
        "6": 55593
    },
    "17211": {
        "0": 1,
        "1": 11,
        "2": 97,
        "3": 858,
        "4": 7577,
        "5": 34068,
        "6": 93416
    },
    "17212": {
        "0": 1,
        "1": 12,
        "2": 105,
        "3": 895,
        "4": 7623,
        "5": 32517,
        "6": 83619
    },
    "17213": {
        "0": 1,
        "1": 10,
        "2": 86,
        "3": 749,
        "4": 6558,
        "5": 24674,
        "6": 61921
    },
    "17214": {
        "0": 1,
        "1": 11,
        "2": 93,
        "3": 793,
        "4": 6795,
        "5": 25723,
        "6": 58514
    },
    "17215": {
        "0": 1,
        "1": 12,
        "2": 105,
        "3": 909,
        "4": 7871,
        "5": 35353,
        "6": 91224
    },
    "17216": {
        "0": 1,
        "1": 13,
        "2": 117,
        "3": 1007,
        "4": 8684,
        "5": 42546,
        "6": 132207
    },
    "17217": {
        "0": 1,
        "1": 11,
        "2": 93,
        "3": 806,
        "4": 6999,
        "5": 27963,
        "6": 73027
    },
    "17218": {
        "0": 1,
        "1": 9,
        "2": 75,
        "3": 638,
        "4": 5497,
        "5": 15082,
        "6": 34817
    },
    "17219": {
        "0": 1,
        "1": 11,
        "2": 97,
        "3": 846,
        "4": 7379,
        "5": 31345,
        "6": 92173
    },
    "17220": {
        "0": 1,
        "1": 11,
        "2": 92,
        "3": 784,
        "4": 6715,
        "5": 24928,
        "6": 59789
    },
    "17221": {
        "0": 1,
        "1": 10,
        "2": 86,
        "3": 749,
        "4": 6514,
        "5": 23448,
        "6": 57353
    },
    "17222": {
        "0": 1,
        "1": 12,
        "2": 105,
        "3": 915,
        "4": 7999,
        "5": 37287,
        "6": 109186
    },
    "17223": {
        "0": 1,
        "1": 11,
        "2": 94,
        "3": 796,
        "4": 6754,
        "5": 24553,
        "6": 58521
    },
    "17224": {
        "0": 1,
        "1": 9,
        "2": 78,
        "3": 689,
        "4": 6101,
        "5": 21016,
        "6": 46733
    },
    "17225": {
        "0": 1,
        "1": 12,
        "2": 109,
        "3": 950,
        "4": 8195,
        "5": 37763,
        "6": 113853
    },
    "17226": {
        "0": 1,
        "1": 10,
        "2": 87,
        "3": 759,
        "4": 6603,
        "5": 24495,
        "6": 58054
    },
    "17227": {
        "0": 1,
        "1": 10,
        "2": 84,
        "3": 720,
        "4": 6184,
        "5": 20233,
        "6": 44661
    },
    "17228": {
        "0": 1,
        "1": 10,
        "2": 86,
        "3": 748,
        "4": 6521,
        "5": 24132,
        "6": 57626
    },
    "17229": {
        "0": 1,
        "1": 13,
        "2": 117,
        "3": 1016,
        "4": 8708,
        "5": 41270,
        "6": 120302
    },
    "17230": {
        "0": 1,
        "1": 11,
        "2": 89,
        "3": 743,
        "4": 6310,
        "5": 21478,
        "6": 45661
    },
    "17231": {
        "0": 1,
        "1": 12,
        "2": 102,
        "3": 870,
        "4": 7463,
        "5": 31597,
        "6": 79386
    },
    "17232": {
        "0": 1,
        "1": 10,
        "2": 85,
        "3": 740,
        "4": 6497,
        "5": 24216,
        "6": 58196
    },
    "17233": {
        "0": 1,
        "1": 9,
        "2": 77,
        "3": 679,
        "4": 5986,
        "5": 19890,
        "6": 45343
    },
    "17234": {
        "0": 1,
        "1": 12,
        "2": 102,
        "3": 844,
        "4": 7061,
        "5": 26940,
        "6": 61913
    },
    "17235": {
        "0": 1,
        "1": 11,
        "2": 100,
        "3": 891,
        "4": 7903,
        "5": 37078,
        "6": 118707
    },
    "17236": {
        "0": 1,
        "1": 9,
        "2": 76,
        "3": 657,
        "4": 5688,
        "5": 16628,
        "6": 35138
    },
    "17237": {
        "0": 1,
        "1": 11,
        "2": 96,
        "3": 838,
        "4": 7297,
        "5": 30384,
        "6": 79438
    },
    "17238": {
        "0": 1,
        "1": 9,
        "2": 81,
        "3": 714,
        "4": 6306,
        "5": 22791,
        "6": 57598
    },
    "17239": {
        "0": 1,
        "1": 15,
        "2": 141,
        "3": 1199,
        "4": 10110,
        "5": 52832,
        "6": 185006
    },
    "17240": {
        "0": 1,
        "1": 12,
        "2": 101,
        "3": 855,
        "4": 7267,
        "5": 29377,
        "6": 68281
    },
    "17241": {
        "0": 1,
        "1": 10,
        "2": 87,
        "3": 758,
        "4": 6643,
        "5": 25673,
        "6": 62791
    },
    "17242": {
        "0": 1,
        "1": 12,
        "2": 109,
        "3": 963,
        "4": 8464,
        "5": 41712,
        "6": 127055
    },
    "17243": {
        "0": 1,
        "1": 10,
        "2": 85,
        "3": 734,
        "4": 6331,
        "5": 21958,
        "6": 53719
    },
    "17244": {
        "0": 1,
        "1": 11,
        "2": 92,
        "3": 796,
        "4": 6955,
        "5": 28196,
        "6": 75182
    },
    "17245": {
        "0": 1,
        "1": 11,
        "2": 92,
        "3": 780,
        "4": 6656,
        "5": 24490,
        "6": 56871
    },
    "17246": {
        "0": 1,
        "1": 11,
        "2": 97,
        "3": 834,
        "4": 7185,
        "5": 29533,
        "6": 74719
    },
    "17247": {
        "0": 1,
        "1": 10,
        "2": 87,
        "3": 769,
        "4": 6769,
        "5": 26407,
        "6": 69583
    },
    "17248": {
        "0": 1,
        "1": 11,
        "2": 93,
        "3": 790,
        "4": 6770,
        "5": 25294,
        "6": 63431
    },
    "17249": {
        "0": 1,
        "1": 10,
        "2": 84,
        "3": 718,
        "4": 6192,
        "5": 20996,
        "6": 45503
    },
    "17250": {
        "0": 1,
        "1": 9,
        "2": 79,
        "3": 689,
        "4": 6057,
        "5": 20571,
        "6": 50449
    },
    "17251": {
        "0": 1,
        "1": 11,
        "2": 90,
        "3": 761,
        "4": 6476,
        "5": 22590,
        "6": 47916
    },
    "17252": {
        "0": 1,
        "1": 10,
        "2": 87,
        "3": 775,
        "4": 6895,
        "5": 28464,
        "6": 72790
    },
    "17253": {
        "0": 1,
        "1": 10,
        "2": 84,
        "3": 726,
        "4": 6260,
        "5": 21275,
        "6": 46721
    },
    "17254": {
        "0": 1,
        "1": 10,
        "2": 86,
        "3": 753,
        "4": 6643,
        "5": 26037,
        "6": 69365
    },
    "17255": {
        "0": 1,
        "1": 11,
        "2": 97,
        "3": 861,
        "4": 7695,
        "5": 35975,
        "6": 113611
    },
    "17256": {
        "0": 1,
        "1": 14,
        "2": 126,
        "3": 1084,
        "4": 9304,
        "5": 47509,
        "6": 139849
    },
    "17257": {
        "0": 1,
        "1": 11,
        "2": 96,
        "3": 859,
        "4": 7665,
        "5": 34994,
        "6": 99865
    },
    "17258": {
        "0": 1,
        "1": 12,
        "2": 109,
        "3": 948,
        "4": 8225,
        "5": 38250,
        "6": 125716
    },
    "17259": {
        "0": 1,
        "1": 10,
        "2": 87,
        "3": 754,
        "4": 6511,
        "5": 23370,
        "6": 53487
    },
    "17260": {
        "0": 1,
        "1": 10,
        "2": 87,
        "3": 752,
        "4": 6548,
        "5": 24573,
        "6": 58438
    },
    "17261": {
        "0": 1,
        "1": 9,
        "2": 77,
        "3": 669,
        "4": 5832,
        "5": 18232,
        "6": 35994
    },
    "17262": {
        "0": 1,
        "1": 10,
        "2": 88,
        "3": 772,
        "4": 6791,
        "5": 27150,
        "6": 73639
    },
    "17263": {
        "0": 1,
        "1": 13,
        "2": 113,
        "3": 987,
        "4": 8637,
        "5": 42758,
        "6": 124694
    },
    "17264": {
        "0": 1,
        "1": 12,
        "2": 113,
        "3": 1021,
        "4": 9124,
        "5": 48275,
        "6": 168841
    },
    "17265": {
        "0": 1,
        "1": 10,
        "2": 84,
        "3": 729,
        "4": 6339,
        "5": 22499,
        "6": 52278
    },
    "17266": {
        "0": 1,
        "1": 11,
        "2": 96,
        "3": 838,
        "4": 7359,
        "5": 31755,
        "6": 90542
    },
    "17267": {
        "0": 1,
        "1": 10,
        "2": 83,
        "3": 710,
        "4": 6106,
        "5": 20112,
        "6": 42259
    },
    "17268": {
        "0": 1,
        "1": 11,
        "2": 97,
        "3": 848,
        "4": 7435,
        "5": 32532,
        "6": 101451
    },
    "17269": {
        "0": 1,
        "1": 11,
        "2": 95,
        "3": 808,
        "4": 6962,
        "5": 27710,
        "6": 68666
    },
    "17270": {
        "0": 1,
        "1": 11,
        "2": 98,
        "3": 857,
        "4": 7468,
        "5": 32033,
        "6": 92168
    },
    "17271": {
        "0": 1,
        "1": 11,
        "2": 90,
        "3": 741,
        "4": 6172,
        "5": 19180,
        "6": 43965
    },
    "17272": {
        "0": 1,
        "1": 11,
        "2": 97,
        "3": 852,
        "4": 7453,
        "5": 32362,
        "6": 89500
    },
    "17273": {
        "0": 1,
        "1": 11,
        "2": 93,
        "3": 795,
        "4": 6831,
        "5": 26193,
        "6": 60572
    },
    "17274": {
        "0": 1,
        "1": 11,
        "2": 96,
        "3": 846,
        "4": 7422,
        "5": 32094,
        "6": 87338
    },
    "17275": {
        "0": 1,
        "1": 11,
        "2": 99,
        "3": 861,
        "4": 7509,
        "5": 32353,
        "6": 86241
    },
    "17276": {
        "0": 1,
        "1": 11,
        "2": 96,
        "3": 814,
        "4": 7015,
        "5": 28272,
        "6": 70840
    },
    "17277": {
        "0": 1,
        "1": 9,
        "2": 76,
        "3": 662,
        "4": 5770,
        "5": 17645,
        "6": 38109
    },
    "17278": {
        "0": 1,
        "1": 9,
        "2": 81,
        "3": 705,
        "4": 6205,
        "5": 22069,
        "6": 54374
    },
    "17279": {
        "0": 1,
        "1": 9,
        "2": 78,
        "3": 677,
        "4": 5907,
        "5": 18895,
        "6": 38491
    },
    "17280": {
        "0": 1,
        "1": 12,
        "2": 106,
        "3": 912,
        "4": 7807,
        "5": 34423,
        "6": 106113
    },
    "17281": {
        "0": 1,
        "1": 10,
        "2": 88,
        "3": 782,
        "4": 6962,
        "5": 29269,
        "6": 89730
    },
    "17282": {
        "0": 1,
        "1": 11,
        "2": 98,
        "3": 860,
        "4": 7571,
        "5": 33949,
        "6": 101575
    },
    "17283": {
        "0": 1,
        "1": 11,
        "2": 95,
        "3": 812,
        "4": 6964,
        "5": 27112,
        "6": 67648
    },
    "17284": {
        "0": 1,
        "1": 11,
        "2": 97,
        "3": 836,
        "4": 7246,
        "5": 30208,
        "6": 83993
    },
    "17285": {
        "0": 1,
        "1": 12,
        "2": 108,
        "3": 938,
        "4": 8072,
        "5": 36441,
        "6": 112269
    },
    "17286": {
        "0": 1,
        "1": 11,
        "2": 93,
        "3": 779,
        "4": 6598,
        "5": 23532,
        "6": 51136
    },
    "17287": {
        "0": 1,
        "1": 10,
        "2": 80,
        "3": 672,
        "4": 5778,
        "5": 17455,
        "6": 33360
    },
    "17288": {
        "0": 1,
        "1": 11,
        "2": 94,
        "3": 802,
        "4": 6883,
        "5": 26360,
        "6": 73186
    },
    "17289": {
        "0": 1,
        "1": 10,
        "2": 90,
        "3": 788,
        "4": 6841,
        "5": 26403,
        "6": 63142
    },
    "17290": {
        "0": 1,
        "1": 10,
        "2": 87,
        "3": 774,
        "4": 6866,
        "5": 27989,
        "6": 82955
    },
    "17291": {
        "0": 1,
        "1": 12,
        "2": 108,
        "3": 958,
        "4": 8471,
        "5": 42249,
        "6": 134298
    },
    "17292": {
        "0": 1,
        "1": 8,
        "2": 74,
        "3": 673,
        "4": 6046,
        "5": 20739,
        "6": 49907
    },
    "17293": {
        "0": 1,
        "1": 11,
        "2": 97,
        "3": 845,
        "4": 7331,
        "5": 30990,
        "6": 81429
    },
    "17294": {
        "0": 1,
        "1": 11,
        "2": 94,
        "3": 804,
        "4": 6872,
        "5": 26138,
        "6": 61813
    },
    "17295": {
        "0": 1,
        "1": 11,
        "2": 96,
        "3": 839,
        "4": 7319,
        "5": 31089,
        "6": 84931
    },
    "17296": {
        "0": 1,
        "1": 13,
        "2": 114,
        "3": 966,
        "4": 8198,
        "5": 37363,
        "6": 111297
    },
    "17297": {
        "0": 1,
        "1": 11,
        "2": 95,
        "3": 827,
        "4": 7188,
        "5": 29540,
        "6": 77051
    },
    "17298": {
        "0": 1,
        "1": 11,
        "2": 92,
        "3": 776,
        "4": 6615,
        "5": 24125,
        "6": 53342
    },
    "17299": {
        "0": 1,
        "1": 9,
        "2": 81,
        "3": 728,
        "4": 6533,
        "5": 25682,
        "6": 67118
    }
}