{
    "2500": {
        "0": 1,
        "1": 10,
        "2": 85,
        "3": 754,
        "4": 6644,
        "5": 25750,
        "6": 63590
    },
    "2501": {
        "0": 1,
        "1": 11,
        "2": 93,
        "3": 787,
        "4": 6706,
        "5": 24511,
        "6": 57287
    },
    "2502": {
        "0": 1,
        "1": 10,
        "2": 81,
        "3": 687,
        "4": 5882,
        "5": 17847,
        "6": 39287
    },
    "2503": {
        "0": 1,
        "1": 10,
        "2": 87,
        "3": 752,
        "4": 6548,
        "5": 24526,
        "6": 59945
    },
    "2504": {
        "0": 1,
        "1": 9,
        "2": 83,
        "3": 753,
        "4": 6788,
        "5": 28006,
        "6": 74017
    },
    "2505": {
        "0": 1,
        "1": 10,
        "2": 87,
        "3": 767,
        "4": 6765,
        "5": 26946,
        "6": 73766
    },
    "2506": {
        "0": 1,
        "1": 10,
        "2": 83,
        "3": 696,
        "4": 5900,
        "5": 17776,
        "6": 37489
    },
    "2507": {
        "0": 1,
        "1": 10,
        "2": 85,
        "3": 741,
        "4": 6436,
        "5": 23125,
        "6": 51225
    },
    "2508": {
        "0": 1,
        "1": 10,
        "2": 86,
        "3": 749,
        "4": 6523,
        "5": 24201,
        "6": 58267
    },
    "2509": {
        "0": 1,
        "1": 11,
        "2": 93,
        "3": 800,
        "4": 6949,
        "5": 28019,
        "6": 74189
    },
    "2510": {
        "0": 1,
        "1": 10,
        "2": 85,
        "3": 732,
        "4": 6302,
        "5": 21588,
        "6": 48619
    },
    "2511": {
        "0": 1,
        "1": 12,
        "2": 105,
        "3": 894,
        "4": 7593,
        "5": 31936,
        "6": 80324
    },
    "2512": {
        "0": 1,
        "1": 11,
        "2": 97,
        "3": 834,
        "4": 7089,
        "5": 27473,
        "6": 77570
    },
    "2513": {
        "0": 1,
        "1": 11,
        "2": 96,
        "3": 832,
        "4": 7228,
        "5": 30262,
        "6": 78198
    },
    "2514": {
        "0": 1,
        "1": 14,
        "2": 139,
        "3": 1271,
        "4": 11278,
        "5": 66297,
        "6": 253658
    },
    "2515": {
        "0": 1,
        "1": 13,
        "2": 117,
        "3": 1003,
        "4": 8565,
        "5": 40742,
        "6": 124016
    },
    "2516": {
        "0": 1,
        "1": 9,
        "2": 78,
        "3": 690,
        "4": 6123,
        "5": 21832,
        "6": 60700
    },
    "2517": {
        "0": 1,
        "1": 11,
        "2": 95,
        "3": 824,
        "4": 7145,
        "5": 29296,
        "6": 77354
    },
    "2518": {
        "0": 1,
        "1": 10,
        "2": 90,
        "3": 798,
        "4": 6987,
        "5": 27805,
        "6": 69799
    },
    "2519": {
        "0": 1,
        "1": 9,
        "2": 83,
        "3": 737,
        "4": 6526,
        "5": 24744,
        "6": 58078
    },
    "2520": {
        "0": 1,
        "1": 10,
        "2": 87,
        "3": 745,
        "4": 6406,
        "5": 22478,
        "6": 54084
    },
    "2521": {
        "0": 1,
        "1": 13,
        "2": 115,
        "3": 976,
        "4": 8249,
        "5": 37315,
        "6": 101854
    },
    "2522": {
        "0": 1,
        "1": 9,
        "2": 80,
        "3": 707,
        "4": 6232,
        "5": 21965,
        "6": 49459
    },
    "2523": {
        "0": 1,
        "1": 12,
        "2": 113,
        "3": 1039,
        "4": 9483,
        "5": 53153,
        "6": 195951
    },
    "2524": {
        "0": 1,
        "1": 12,
        "2": 106,
        "3": 918,
        "4": 7962,
        "5": 36083,
        "6": 105158
    },
    "2525": {
        "0": 1,
        "1": 10,
        "2": 83,
        "3": 713,
        "4": 6128,
        "5": 20149,
        "6": 35869
    },
    "2526": {
        "0": 1,
        "1": 9,
        "2": 81,
        "3": 725,
        "4": 6480,
        "5": 24817,
        "6": 66929
    },
    "2527": {
        "0": 1,
        "1": 9,
        "2": 77,
        "3": 659,
        "4": 5660,
        "5": 16034,
        "6": 31041
    },
    "2528": {
        "0": 1,
        "1": 12,
        "2": 108,
        "3": 954,
        "4": 8414,
        "5": 40765,
        "6": 122522
    },
    "2529": {
        "0": 1,
        "1": 9,
        "2": 76,
        "3": 656,
        "4": 5713,
        "5": 17344,
        "6": 36450
    },
    "2530": {
        "0": 1,
        "1": 10,
        "2": 85,
        "3": 724,
        "4": 6199,
        "5": 20540,
        "6": 42811
    },
    "2531": {
        "0": 1,
        "1": 13,
        "2": 111,
        "3": 948,
        "4": 8117,
        "5": 36714,
        "6": 98142
    },
    "2532": {
        "0": 1,
        "1": 10,
        "2": 80,
        "3": 662,
        "4": 5544,
        "5": 14107,
        "6": 29388
    },
    "2533": {
        "0": 1,
        "1": 8,
        "2": 69,
        "3": 590,
        "4": 5063,
        "5": 10817,
        "6": 19308
    },
    "2534": {
        "0": 1,
        "1": 12,
        "2": 104,
        "3": 892,
        "4": 7675,
        "5": 33470,
        "6": 88033
    },
    "2535": {
        "0": 1,
        "1": 9,
        "2": 81,
        "3": 718,
        "4": 6371,
        "5": 23855,
        "6": 60032
    },
    "2536": {
        "0": 1,
        "1": 9,
        "2": 77,
        "3": 674,
        "4": 5917,
        "5": 19394,
        "6": 43050
    },
    "2537": {
        "0": 1,
        "1": 10,
        "2": 89,
        "3": 812,
        "4": 7282,
        "5": 31634,
        "6": 80919
    },
    "2538": {
        "0": 1,
        "1": 11,
        "2": 96,
        "3": 824,
        "4": 7099,
        "5": 28496,
        "6": 76575
    },
    "2539": {
        "0": 1,
        "1": 13,
        "2": 118,
        "3": 1019,
        "4": 8783,
        "5": 43210,
        "6": 139937
    },
    "2540": {
        "0": 1,
        "1": 10,
        "2": 86,
        "3": 739,
        "4": 6405,
        "5": 23075,
        "6": 51678
    },
    "2541": {
        "0": 1,
        "1": 12,
        "2": 107,
        "3": 933,
        "4": 8143,
        "5": 38495,
        "6": 114942
    },
    "2542": {
        "0": 1,
        "1": 11,
        "2": 95,
        "3": 821,
        "4": 7161,
        "5": 30186,
        "6": 81611
    },
    "2543": {
        "0": 1,
        "1": 11,
        "2": 93,
        "3": 784,
        "4": 6638,
        "5": 23812,
        "6": 59706
    },
    "2544": {
        "0": 1,
        "1": 12,
        "2": 109,
        "3": 958,
        "4": 8401,
        "5": 40850,
        "6": 125301
    },
    "2545": {
        "0": 1,
        "1": 10,
        "2": 83,
        "3": 714,
        "4": 6199,
        "5": 21556,
        "6": 47112
    },
    "2546": {
        "0": 1,
        "1": 12,
        "2": 105,
        "3": 898,
        "4": 7706,
        "5": 33664,
        "6": 91279
    },
    "2547": {
        "0": 1,
        "1": 9,
        "2": 78,
        "3": 686,
        "4": 6059,
        "5": 20682,
        "6": 46843
    },
    "2548": {
        "0": 1,
        "1": 11,
        "2": 93,
        "3": 781,
        "4": 6573,
        "5": 22751,
        "6": 51159
    },
    "2549": {
        "0": 1,
        "1": 10,
        "2": 86,
        "3": 755,
        "4": 6654,
        "5": 25939,
        "6": 72285
    },
    "2550": {
        "0": 1,
        "1": 12,
        "2": 104,
        "3": 901,
        "4": 7760,
        "5": 34040,
        "6": 90869
    },
    "2551": {
        "0": 1,
        "1": 11,
        "2": 93,
        "3": 788,
        "4": 6716,
        "5": 25017,
        "6": 59074
    },
    "2552": {
        "0": 1,
        "1": 9,
        "2": 77,
        "3": 667,
        "4": 5768,
        "5": 17151,
        "6": 36180
    },
    "2553": {
        "0": 1,
        "1": 14,
        "2": 126,
        "3": 1075,
        "4": 9143,
        "5": 45599,
        "6": 142045
    },
    "2554": {
        "0": 1,
        "1": 12,
        "2": 103,
        "3": 866,
        "4": 7299,
        "5": 29254,
        "6": 71784
    },
    "2555": {
        "0": 1,
        "1": 11,
        "2": 91,
        "3": 774,
        "4": 6636,
        "5": 24330,
        "6": 63612
    },
    "2556": {
        "0": 1,
        "1": 11,
        "2": 102,
        "3": 903,
        "4": 7893,
        "5": 35916,
        "6": 105269
    },
    "2557": {
        "0": 1,
        "1": 13,
        "2": 110,
        "3": 916,
        "4": 7710,
        "5": 32590,
        "6": 79551
    },
    "2558": {
        "0": 1,
        "1": 12,
        "2": 105,
        "3": 900,
        "4": 7705,
        "5": 33532,
        "6": 96471
    },
    "2559": {
        "0": 1,
        "1": 12,
        "2": 106,
        "3": 931,
        "4": 8143,
        "5": 38311,
        "6": 115322
    },
    "2560": {
        "0": 1,
        "1": 11,
        "2": 96,
        "3": 845,
        "4": 7487,
        "5": 33891,
        "6": 93802
    },
    "2561": {
        "0": 1,
        "1": 11,
        "2": 92,
        "3": 786,
        "4": 6781,
        "5": 26104,
        "6": 60940
    },
    "2562": {
        "0": 1,
        "1": 12,
        "2": 107,
        "3": 947,
        "4": 8310,
        "5": 39941,
        "6": 121035
    },
    "2563": {
        "0": 1,
        "1": 9,
        "2": 76,
        "3": 664,
        "4": 5849,
        "5": 19018,
        "6": 41343
    },
    "2564": {
        "0": 1,
        "1": 11,
        "2": 95,
        "3": 826,
        "4": 7200,
        "5": 30350,
        "6": 81266
    },
    "2565": {
        "0": 1,
        "1": 9,
        "2": 73,
        "3": 609,
        "4": 5127,
        "5": 10774,
        "6": 16477
    },
    "2566": {
        "0": 1,
        "1": 12,
        "2": 104,
        "3": 890,
        "4": 7601,
        "5": 32079,
        "6": 78445
    },
    "2567": {
        "0": 1,
        "1": 11,
        "2": 91,
        "3": 759,
        "4": 6402,
        "5": 21609,
        "6": 43486
    },
    "2568": {
        "0": 1,
        "1": 14,
        "2": 128,
        "3": 1110,
        "4": 9572,
        "5": 49806,
        "6": 153446
    },
    "2569": {
        "0": 1,
        "1": 9,
        "2": 79,
        "3": 688,
        "4": 6010,
        "5": 19833,
        "6": 48799
    },
    "2570": {
        "0": 1,
        "1": 13,
        "2": 118,
        "3": 1034,
        "4": 9012,
        "5": 46028,
        "6": 150358
    },
    "2571": {
        "0": 1,
        "1": 10,
        "2": 84,
        "3": 724,
        "4": 6279,
        "5": 22004,
        "6": 47715
    },
    "2572": {
        "0": 1,
        "1": 8,
        "2": 70,
        "3": 617,
        "4": 5441,
        "5": 14952,
        "6": 28683
    },
    "2573": {
        "0": 1,
        "1": 11,
        "2": 93,
        "3": 807,
        "4": 6966,
        "5": 27248,
        "6": 69329
    },
    "2574": {
        "0": 1,
        "1": 11,
        "2": 97,
        "3": 841,
        "4": 7270,
        "5": 30093,
        "6": 83731
    },
    "2575": {
        "0": 1,
        "1": 9,
        "2": 74,
        "3": 625,
        "4": 5345,
        "5": 13391,
        "6": 24474
    },
    "2576": {
        "0": 1,
        "1": 9,
        "2": 75,
        "3": 647,
        "4": 5632,
        "5": 16660,
        "6": 34432
    },
    "2577": {
        "0": 1,
        "1": 9,
        "2": 75,
        "3": 640,
        "4": 5498,
        "5": 14714,
        "6": 28256
    },
    "2578": {
        "0": 1,
        "1": 10,
        "2": 88,
        "3": 755,
        "4": 6520,
        "5": 23586,
        "6": 56062
    },
    "2579": {
        "0": 1,
        "1": 11,
        "2": 96,
        "3": 839,
        "4": 7319,
        "5": 30517,
        "6": 79989
    },
    "2580": {
        "0": 1,
        "1": 12,
        "2": 104,
        "3": 891,
        "4": 7655,
        "5": 33350,
        "6": 84361
    },
    "2581": {
        "0": 1,
        "1": 12,
        "2": 106,
        "3": 909,
        "4": 7790,
        "5": 34285,
        "6": 91188
    },
    "2582": {
        "0": 1,
        "1": 8,
        "2": 66,
        "3": 560,
        "4": 4855,
        "5": 9761,
        "6": 23802
    },
    "2583": {
        "0": 1,
        "1": 10,
        "2": 83,
        "3": 706,
        "4": 6049,
        "5": 19424,
        "6": 38805
    },
    "2584": {
        "0": 1,
        "1": 8,
        "2": 71,
        "3": 622,
        "4": 5465,
        "5": 15304,
        "6": 31725
    },
    "2585": {
        "0": 1,
        "1": 10,
        "2": 89,
        "3": 790,
        "4": 7008,
        "5": 29270,
        "6": 87879
    },
    "2586": {
        "0": 1,
        "1": 11,
        "2": 93,
        "3": 802,
        "4": 6949,
        "5": 27798,
        "6": 68773
    },
    "2587": {
        "0": 1,
        "1": 14,
        "2": 128,
        "3": 1105,
        "4": 9463,
        "5": 48616,
        "6": 157537
    },
    "2588": {
        "0": 1,
        "1": 11,
        "2": 93,
        "3": 790,
        "4": 6753,
        "5": 25453,
        "6": 64825
    },
    "2589": {
        "0": 1,
        "1": 8,
        "2": 66,
        "3": 556,
        "4": 4721,
        "5": 7630,
        "6": 11822
    },
    "2590": {
        "0": 1,
        "1": 8,
        "2": 68,
        "3": 584,
        "4": 5080,
        "5": 11815,
        "6": 17654
    },
    "2591": {
        "0": 1,
        "1": 8,
        "2": 68,
        "3": 589,
        "4": 5090,
        "5": 10847,
        "6": 18505
    },
    "2592": {
        "0": 1,
        "1": 11,
        "2": 93,
        "3": 801,
        "4": 6981,
        "5": 28306,
        "6": 70086
    },
    "2593": {
        "0": 1,
        "1": 10,
        "2": 86,
        "3": 746,
        "4": 6498,
        "5": 23804,
        "6": 54720
    },
    "2594": {
        "0": 1,
        "1": 12,
        "2": 103,
        "3": 882,
        "4": 7589,
        "5": 32864,
        "6": 86369
    },
    "2595": {
        "0": 1,
        "1": 12,
        "2": 107,
        "3": 921,
        "4": 7895,
        "5": 35165,
        "6": 101716
    },
    "2596": {
        "0": 1,
        "1": 9,
        "2": 79,
        "3": 690,
        "4": 6054,
        "5": 20295,
        "6": 44518
    },
    "2597": {
        "0": 1,
        "1": 9,
        "2": 80,
        "3": 721,
        "4": 6448,
        "5": 24416,
        "6": 59297
    },
    "2598": {
        "0": 1,
        "1": 12,
        "2": 105,
        "3": 922,
        "4": 8129,
        "5": 38963,
        "6": 113093
    },
    "2599": {
        "0": 1,
        "1": 11,
        "2": 99,
        "3": 864,
        "4": 7460,
        "5": 31506,
        "6": 87768
    }
}