{
    "9300": {
        "0": 1,
        "1": 12,
        "2": 105,
        "3": 915,
        "4": 8008,
        "5": 37561,
        "6": 112020
    },
    "9301": {
        "0": 1,
        "1": 14,
        "2": 130,
        "3": 1135,
        "4": 9799,
        "5": 51843,
        "6": 173440
    },
    "9302": {
        "0": 1,
        "1": 11,
        "2": 91,
        "3": 766,
        "4": 6520,
        "5": 23153,
        "6": 53076
    },
    "9303": {
        "0": 1,
        "1": 11,
        "2": 91,
        "3": 757,
        "4": 6398,
        "5": 21920,
        "6": 47998
    },
    "9304": {
        "0": 1,
        "1": 9,
        "2": 78,
        "3": 687,
        "4": 6066,
        "5": 20458,
        "6": 51462
    },
    "9305": {
        "0": 1,
        "1": 12,
        "2": 107,
        "3": 931,
        "4": 8126,
        "5": 38318,
        "6": 118643
    },
    "9306": {
        "0": 1,
        "1": 12,
        "2": 101,
        "3": 850,
        "4": 7214,
        "5": 29052,
        "6": 65227
    },
    "9307": {
        "0": 1,
        "1": 10,
        "2": 88,
        "3": 778,
        "4": 6840,
        "5": 27245,
        "6": 66311
    },
    "9308": {
        "0": 1,
        "1": 12,
        "2": 101,
        "3": 858,
        "4": 7334,
        "5": 30208,
        "6": 73428
    },
    "9309": {
        "0": 1,
        "1": 10,
        "2": 81,
        "3": 681,
        "4": 5757,
        "5": 16167,
        "6": 24722
    },
    "9310": {
        "0": 1,
        "1": 9,
        "2": 79,
        "3": 698,
        "4": 6137,
        "5": 21162,
        "6": 48157
    },
    "9311": {
        "0": 1,
        "1": 12,
        "2": 102,
        "3": 857,
        "4": 7201,
        "5": 28024,
        "6": 66935
    },
    "9312": {
        "0": 1,
        "1": 12,
        "2": 109,
        "3": 952,
        "4": 8260,
        "5": 38497,
        "6": 118065
    },
    "9313": {
        "0": 1,
        "1": 11,
        "2": 93,
        "3": 804,
        "4": 6926,
        "5": 26496,
        "6": 68486
    },
    "9314": {
        "0": 1,
        "1": 9,
        "2": 81,
        "3": 710,
        "4": 6218,
        "5": 21625,
        "6": 51119
    },
    "9315": {
        "0": 1,
        "1": 9,
        "2": 73,
        "3": 619,
        "4": 5342,
        "5": 13949,
        "6": 26102
    },
    "9316": {
        "0": 1,
        "1": 12,
        "2": 105,
        "3": 914,
        "4": 7962,
        "5": 36591,
        "6": 109971
    },
    "9317": {
        "0": 1,
        "1": 10,
        "2": 87,
        "3": 759,
        "4": 6681,
        "5": 26246,
        "6": 68866
    },
    "9318": {
        "0": 1,
        "1": 10,
        "2": 87,
        "3": 756,
        "4": 6614,
        "5": 25219,
        "6": 66633
    },
    "9319": {
        "0": 1,
        "1": 12,
        "2": 104,
        "3": 933,
        "4": 8302,
        "5": 40658,
        "6": 121508
    },
    "9320": {
        "0": 1,
        "1": 12,
        "2": 103,
        "3": 865,
        "4": 7322,
        "5": 29767,
        "6": 76944
    },
    "9321": {
        "0": 1,
        "1": 11,
        "2": 94,
        "3": 808,
        "4": 6948,
        "5": 27073,
        "6": 65267
    },
    "9322": {
        "0": 1,
        "1": 9,
        "2": 81,
        "3": 719,
        "4": 6382,
        "5": 23761,
        "6": 55846
    },
    "9323": {
        "0": 1,
        "1": 9,
        "2": 74,
        "3": 629,
        "4": 5439,
        "5": 14313,
        "6": 27978
    },
    "9324": {
        "0": 1,
        "1": 9,
        "2": 80,
        "3": 713,
        "4": 6321,
        "5": 23142,
        "6": 59720
    },
    "9325": {
        "0": 1,
        "1": 11,
        "2": 92,
        "3": 785,
        "4": 6794,
        "5": 26561,
        "6": 61309
    },
    "9326": {
        "0": 1,
        "1": 11,
        "2": 95,
        "3": 815,
        "4": 7038,
        "5": 28306,
        "6": 75703
    },
    "9327": {
        "0": 1,
        "1": 11,
        "2": 92,
        "3": 792,
        "4": 6796,
        "5": 25709,
        "6": 60971
    },
    "9328": {
        "0": 1,
        "1": 12,
        "2": 107,
        "3": 923,
        "4": 7909,
        "5": 35111,
        "6": 97091
    },
    "9329": {
        "0": 1,
        "1": 10,
        "2": 83,
        "3": 702,
        "4": 5971,
        "5": 18091,
        "6": 31588
    },
    "9330": {
        "0": 1,
        "1": 10,
        "2": 86,
        "3": 741,
        "4": 6416,
        "5": 22877,
        "6": 54967
    },
    "9331": {
        "0": 1,
        "1": 12,
        "2": 110,
        "3": 973,
        "4": 8575,
        "5": 42515,
        "6": 131818
    },
    "9332": {
        "0": 1,
        "1": 10,
        "2": 83,
        "3": 705,
        "4": 6050,
        "5": 19595,
        "6": 42737
    },
    "9333": {
        "0": 1,
        "1": 9,
        "2": 79,
        "3": 694,
        "4": 6060,
        "5": 19848,
        "6": 47588
    },
    "9334": {
        "0": 1,
        "1": 14,
        "2": 126,
        "3": 1081,
        "4": 9244,
        "5": 46521,
        "6": 147383
    },
    "9335": {
        "0": 1,
        "1": 10,
        "2": 87,
        "3": 753,
        "4": 6581,
        "5": 25095,
        "6": 64663
    },
    "9336": {
        "0": 1,
        "1": 11,
        "2": 97,
        "3": 848,
        "4": 7378,
        "5": 31313,
        "6": 81688
    },
    "9337": {
        "0": 1,
        "1": 12,
        "2": 103,
        "3": 900,
        "4": 7892,
        "5": 36806,
        "6": 105571
    },
    "9338": {
        "0": 1,
        "1": 9,
        "2": 73,
        "3": 607,
        "4": 5085,
        "5": 10246,
        "6": 16944
    },
    "9339": {
        "0": 1,
        "1": 12,
        "2": 108,
        "3": 954,
        "4": 8408,
        "5": 41264,
        "6": 122594
    },
    "9340": {
        "0": 1,
        "1": 11,
        "2": 95,
        "3": 811,
        "4": 6957,
        "5": 27205,
        "6": 63247
    },
    "9341": {
        "0": 1,
        "1": 10,
        "2": 84,
        "3": 726,
        "4": 6256,
        "5": 21143,
        "6": 40903
    },
    "9342": {
        "0": 1,
        "1": 11,
        "2": 94,
        "3": 794,
        "4": 6716,
        "5": 24306,
        "6": 59415
    },
    "9343": {
        "0": 1,
        "1": 10,
        "2": 82,
        "3": 689,
        "4": 5845,
        "5": 17159,
        "6": 33690
    },
    "9344": {
        "0": 1,
        "1": 10,
        "2": 87,
        "3": 749,
        "4": 6477,
        "5": 23461,
        "6": 61686
    },
    "9345": {
        "0": 1,
        "1": 10,
        "2": 85,
        "3": 741,
        "4": 6504,
        "5": 24537,
        "6": 55703
    },
    "9346": {
        "0": 1,
        "1": 11,
        "2": 93,
        "3": 783,
        "4": 6654,
        "5": 24190,
        "6": 61281
    },
    "9347": {
        "0": 1,
        "1": 10,
        "2": 85,
        "3": 736,
        "4": 6461,
        "5": 24395,
        "6": 68087
    },
    "9348": {
        "0": 1,
        "1": 11,
        "2": 93,
        "3": 800,
        "4": 6911,
        "5": 27023,
        "6": 64596
    },
    "9349": {
        "0": 1,
        "1": 10,
        "2": 81,
        "3": 682,
        "4": 5771,
        "5": 16346,
        "6": 32792
    },
    "9350": {
        "0": 1,
        "1": 12,
        "2": 103,
        "3": 888,
        "4": 7702,
        "5": 34460,
        "6": 96007
    },
    "9351": {
        "0": 1,
        "1": 10,
        "2": 86,
        "3": 749,
        "4": 6610,
        "5": 25894,
        "6": 64782
    },
    "9352": {
        "0": 1,
        "1": 10,
        "2": 81,
        "3": 691,
        "4": 5909,
        "5": 17657,
        "6": 35481
    },
    "9353": {
        "0": 1,
        "1": 10,
        "2": 84,
        "3": 710,
        "4": 6048,
        "5": 19140,
        "6": 43130
    },
    "9354": {
        "0": 1,
        "1": 11,
        "2": 93,
        "3": 784,
        "4": 6679,
        "5": 24481,
        "6": 63709
    },
    "9355": {
        "0": 1,
        "1": 12,
        "2": 107,
        "3": 939,
        "4": 8204,
        "5": 38983,
        "6": 117643
    },
    "9356": {
        "0": 1,
        "1": 10,
        "2": 86,
        "3": 741,
        "4": 6429,
        "5": 23139,
        "6": 53082
    },
    "9357": {
        "0": 1,
        "1": 11,
        "2": 96,
        "3": 842,
        "4": 7365,
        "5": 31554,
        "6": 86800
    },
    "9358": {
        "0": 1,
        "1": 10,
        "2": 89,
        "3": 803,
        "4": 7266,
        "5": 32965,
        "6": 103399
    },
    "9359": {
        "0": 1,
        "1": 12,
        "2": 103,
        "3": 888,
        "4": 7722,
        "5": 34613,
        "6": 87908
    },
    "9360": {
        "0": 1,
        "1": 11,
        "2": 97,
        "3": 846,
        "4": 7395,
        "5": 32042,
        "6": 82578
    },
    "9361": {
        "0": 1,
        "1": 14,
        "2": 131,
        "3": 1163,
        "4": 10213,
        "5": 56755,
        "6": 188666
    },
    "9362": {
        "0": 1,
        "1": 12,
        "2": 115,
        "3": 1042,
        "4": 9262,
        "5": 48576,
        "6": 163363
    },
    "9363": {
        "0": 1,
        "1": 11,
        "2": 96,
        "3": 837,
        "4": 7268,
        "5": 30350,
        "6": 76067
    },
    "9364": {
        "0": 1,
        "1": 9,
        "2": 79,
        "3": 700,
        "4": 6196,
        "5": 22120,
        "6": 50883
    },
    "9365": {
        "0": 1,
        "1": 11,
        "2": 92,
        "3": 780,
        "4": 6677,
        "5": 24587,
        "6": 53879
    },
    "9366": {
        "0": 1,
        "1": 10,
        "2": 85,
        "3": 729,
        "4": 6309,
        "5": 22196,
        "6": 53194
    },
    "9367": {
        "0": 1,
        "1": 10,
        "2": 89,
        "3": 791,
        "4": 7054,
        "5": 30108,
        "6": 86244
    },
    "9368": {
        "0": 1,
        "1": 9,
        "2": 79,
        "3": 680,
        "4": 5935,
        "5": 19039,
        "6": 39803
    },
    "9369": {
        "0": 1,
        "1": 12,
        "2": 104,
        "3": 891,
        "4": 7675,
        "5": 33835,
        "6": 91840
    },
    "9370": {
        "0": 1,
        "1": 12,
        "2": 103,
        "3": 889,
        "4": 7764,
        "5": 35322,
        "6": 100643
    },
    "9371": {
        "0": 1,
        "1": 11,
        "2": 96,
        "3": 822,
        "4": 7031,
        "5": 27464,
        "6": 66434
    },
    "9372": {
        "0": 1,
        "1": 9,
        "2": 74,
        "3": 619,
        "4": 5234,
        "5": 11879,
        "6": 21598
    },
    "9373": {
        "0": 1,
        "1": 10,
        "2": 85,
        "3": 745,
        "4": 6526,
        "5": 24380,
        "6": 53780
    },
    "9374": {
        "0": 1,
        "1": 11,
        "2": 96,
        "3": 843,
        "4": 7410,
        "5": 32561,
        "6": 89409
    },
    "9375": {
        "0": 1,
        "1": 11,
        "2": 92,
        "3": 783,
        "4": 6767,
        "5": 26312,
        "6": 63993
    },
    "9376": {
        "0": 1,
        "1": 11,
        "2": 96,
        "3": 830,
        "4": 7169,
        "5": 29276,
        "6": 78782
    },
    "9377": {
        "0": 1,
        "1": 11,
        "2": 101,
        "3": 923,
        "4": 8364,
        "5": 42714,
        "6": 137448
    },
    "9378": {
        "0": 1,
        "1": 11,
        "2": 96,
        "3": 830,
        "4": 7212,
        "5": 30121,
        "6": 78920
    },
    "9379": {
        "0": 1,
        "1": 9,
        "2": 76,
        "3": 648,
        "4": 5533,
        "5": 14586,
        "6": 27145
    },
    "9380": {
        "0": 1,
        "1": 10,
        "2": 92,
        "3": 821,
        "4": 7336,
        "5": 32700,
        "6": 97067
    },
    "9381": {
        "0": 1,
        "1": 11,
        "2": 92,
        "3": 801,
        "4": 6996,
        "5": 28435,
        "6": 66974
    },
    "9382": {
        "0": 1,
        "1": 10,
        "2": 87,
        "3": 765,
        "4": 6676,
        "5": 25266,
        "6": 63432
    },
    "9383": {
        "0": 1,
        "1": 12,
        "2": 109,
        "3": 952,
        "4": 8226,
        "5": 38343,
        "6": 114809
    },
    "9384": {
        "0": 1,
        "1": 11,
        "2": 95,
        "3": 839,
        "4": 7378,
        "5": 32369,
        "6": 93445
    },
    "9385": {
        "0": 1,
        "1": 11,
        "2": 98,
        "3": 865,
        "4": 7632,
        "5": 34638,
        "6": 103212
    },
    "9386": {
        "0": 1,
        "1": 9,
        "2": 77,
        "3": 668,
        "4": 5824,
        "5": 18241,
        "6": 46054
    },
    "9387": {
        "0": 1,
        "1": 11,
        "2": 91,
        "3": 763,
        "4": 6477,
        "5": 22557,
        "6": 50248
    },
    "9388": {
        "0": 1,
        "1": 10,
        "2": 85,
        "3": 739,
        "4": 6398,
        "5": 22175,
        "6": 59299
    },
    "9389": {
        "0": 1,
        "1": 11,
        "2": 96,
        "3": 827,
        "4": 7126,
        "5": 28627,
        "6": 73855
    },
    "9390": {
        "0": 1,
        "1": 11,
        "2": 94,
        "3": 813,
        "4": 7040,
        "5": 28352,
        "6": 74129
    },
    "9391": {
        "0": 1,
        "1": 11,
        "2": 96,
        "3": 844,
        "4": 7421,
        "5": 32630,
        "6": 90035
    },
    "9392": {
        "0": 1,
        "1": 13,
        "2": 113,
        "3": 972,
        "4": 8371,
        "5": 39507,
        "6": 108578
    },
    "9393": {
        "0": 1,
        "1": 12,
        "2": 105,
        "3": 920,
        "4": 8099,
        "5": 38803,
        "6": 108510
    },
    "9394": {
        "0": 1,
        "1": 9,
        "2": 76,
        "3": 657,
        "4": 5699,
        "5": 16609,
        "6": 35779
    },
    "9395": {
        "0": 1,
        "1": 10,
        "2": 87,
        "3": 768,
        "4": 6764,
        "5": 26886,
        "6": 70601
    },
    "9396": {
        "0": 1,
        "1": 13,
        "2": 115,
        "3": 997,
        "4": 8678,
        "5": 43091,
        "6": 133289
    },
    "9397": {
        "0": 1,
        "1": 9,
        "2": 78,
        "3": 674,
        "4": 5841,
        "5": 17954,
        "6": 32324
    },
    "9398": {
        "0": 1,
        "1": 12,
        "2": 109,
        "3": 980,
        "4": 8733,
        "5": 44636,
        "6": 148031
    },
    "9399": {
        "0": 1,
        "1": 12,
        "2": 100,
        "3": 857,
        "4": 7387,
        "5": 30746,
        "6": 76548
    }
}