{
    "10400": {
        "0": 1,
        "1": 11,
        "2": 97,
        "3": 850,
        "4": 7454,
        "5": 32467,
        "6": 89894
    },
    "10401": {
        "0": 1,
        "1": 11,
        "2": 100,
        "3": 890,
        "4": 7866,
        "5": 36577,
        "6": 114578
    },
    "10402": {
        "0": 1,
        "1": 12,
        "2": 108,
        "3": 962,
        "4": 8484,
        "5": 41457,
        "6": 122602
    },
    "10403": {
        "0": 1,
        "1": 8,
        "2": 68,
        "3": 582,
        "4": 4976,
        "5": 9621,
        "6": 13827
    },
    "10404": {
        "0": 1,
        "1": 11,
        "2": 93,
        "3": 815,
        "4": 7111,
        "5": 29372,
        "6": 74891
    },
    "10405": {
        "0": 1,
        "1": 9,
        "2": 76,
        "3": 664,
        "4": 5815,
        "5": 18110,
        "6": 35495
    },
    "10406": {
        "0": 1,
        "1": 10,
        "2": 87,
        "3": 745,
        "4": 6378,
        "5": 21809,
        "6": 48353
    },
    "10407": {
        "0": 1,
        "1": 12,
        "2": 104,
        "3": 904,
        "4": 7866,
        "5": 35951,
        "6": 105530
    },
    "10408": {
        "0": 1,
        "1": 11,
        "2": 97,
        "3": 850,
        "4": 7397,
        "5": 31024,
        "6": 83836
    },
    "10409": {
        "0": 1,
        "1": 10,
        "2": 82,
        "3": 699,
        "4": 5968,
        "5": 18522,
        "6": 35151
    },
    "10410": {
        "0": 1,
        "1": 11,
        "2": 91,
        "3": 758,
        "4": 6384,
        "5": 21318,
        "6": 52302
    },
    "10411": {
        "0": 1,
        "1": 11,
        "2": 96,
        "3": 830,
        "4": 7202,
        "5": 29917,
        "6": 84052
    },
    "10412": {
        "0": 1,
        "1": 12,
        "2": 103,
        "3": 877,
        "4": 7511,
        "5": 32031,
        "6": 80123
    },
    "10413": {
        "0": 1,
        "1": 12,
        "2": 105,
        "3": 907,
        "4": 7856,
        "5": 35330,
        "6": 102903
    },
    "10414": {
        "0": 1,
        "1": 10,
        "2": 83,
        "3": 702,
        "4": 6011,
        "5": 19130,
        "6": 40774
    },
    "10415": {
        "0": 1,
        "1": 11,
        "2": 91,
        "3": 756,
        "4": 6359,
        "5": 21274,
        "6": 48778
    },
    "10416": {
        "0": 1,
        "1": 13,
        "2": 118,
        "3": 1027,
        "4": 8911,
        "5": 44750,
        "6": 142542
    },
    "10417": {
        "0": 1,
        "1": 11,
        "2": 95,
        "3": 813,
        "4": 6947,
        "5": 26731,
        "6": 69116
    },
    "10418": {
        "0": 1,
        "1": 9,
        "2": 83,
        "3": 753,
        "4": 6785,
        "5": 28092,
        "6": 84252
    },
    "10419": {
        "0": 1,
        "1": 10,
        "2": 84,
        "3": 718,
        "4": 6181,
        "5": 20716,
        "6": 50974
    },
    "10420": {
        "0": 1,
        "1": 11,
        "2": 92,
        "3": 789,
        "4": 6827,
        "5": 26671,
        "6": 67697
    },
    "10421": {
        "0": 1,
        "1": 11,
        "2": 92,
        "3": 783,
        "4": 6697,
        "5": 24755,
        "6": 59272
    },
    "10422": {
        "0": 1,
        "1": 12,
        "2": 100,
        "3": 839,
        "4": 7148,
        "5": 28768,
        "6": 72425
    },
    "10423": {
        "0": 1,
        "1": 9,
        "2": 78,
        "3": 667,
        "4": 5735,
        "5": 16493,
        "6": 31293
    },
    "10424": {
        "0": 1,
        "1": 11,
        "2": 96,
        "3": 820,
        "4": 7016,
        "5": 27500,
        "6": 72562
    },
    "10425": {
        "0": 1,
        "1": 11,
        "2": 96,
        "3": 829,
        "4": 7124,
        "5": 28392,
        "6": 76004
    },
    "10426": {
        "0": 1,
        "1": 10,
        "2": 83,
        "3": 705,
        "4": 6018,
        "5": 18805,
        "6": 37312
    },
    "10427": {
        "0": 1,
        "1": 12,
        "2": 105,
        "3": 903,
        "4": 7817,
        "5": 35446,
        "6": 106620
    },
    "10428": {
        "0": 1,
        "1": 10,
        "2": 83,
        "3": 707,
        "4": 6095,
        "5": 20210,
        "6": 37780
    },
    "10429": {
        "0": 1,
        "1": 10,
        "2": 83,
        "3": 705,
        "4": 6007,
        "5": 18649,
        "6": 33084
    },
    "10430": {
        "0": 1,
        "1": 12,
        "2": 108,
        "3": 954,
        "4": 8443,
        "5": 42231,
        "6": 139986
    },
    "10431": {
        "0": 1,
        "1": 13,
        "2": 113,
        "3": 948,
        "4": 7960,
        "5": 34329,
        "6": 86695
    },
    "10432": {
        "0": 1,
        "1": 11,
        "2": 97,
        "3": 848,
        "4": 7366,
        "5": 31216,
        "6": 83194
    },
    "10433": {
        "0": 1,
        "1": 11,
        "2": 96,
        "3": 838,
        "4": 7363,
        "5": 32018,
        "6": 95537
    },
    "10434": {
        "0": 1,
        "1": 11,
        "2": 91,
        "3": 758,
        "4": 6375,
        "5": 21413,
        "6": 48568
    },
    "10435": {
        "0": 1,
        "1": 13,
        "2": 120,
        "3": 1053,
        "4": 9120,
        "5": 46042,
        "6": 147395
    },
    "10436": {
        "0": 1,
        "1": 10,
        "2": 87,
        "3": 740,
        "4": 6311,
        "5": 21234,
        "6": 47884
    },
    "10437": {
        "0": 1,
        "1": 9,
        "2": 76,
        "3": 661,
        "4": 5726,
        "5": 16373,
        "6": 30560
    },
    "10438": {
        "0": 1,
        "1": 12,
        "2": 103,
        "3": 880,
        "4": 7543,
        "5": 32175,
        "6": 88365
    },
    "10439": {
        "0": 1,
        "1": 11,
        "2": 91,
        "3": 769,
        "4": 6535,
        "5": 23011,
        "6": 50355
    },
    "10440": {
        "0": 1,
        "1": 12,
        "2": 104,
        "3": 900,
        "4": 7796,
        "5": 34925,
        "6": 99822
    },
    "10441": {
        "0": 1,
        "1": 12,
        "2": 103,
        "3": 883,
        "4": 7611,
        "5": 33155,
        "6": 89005
    },
    "10442": {
        "0": 1,
        "1": 12,
        "2": 101,
        "3": 868,
        "4": 7486,
        "5": 31827,
        "6": 79418
    },
    "10443": {
        "0": 1,
        "1": 13,
        "2": 123,
        "3": 1110,
        "4": 9855,
        "5": 53936,
        "6": 193253
    },
    "10444": {
        "0": 1,
        "1": 14,
        "2": 124,
        "3": 1043,
        "4": 8801,
        "5": 42177,
        "6": 118970
    },
    "10445": {
        "0": 1,
        "1": 11,
        "2": 93,
        "3": 806,
        "4": 7047,
        "5": 28803,
        "6": 76774
    },
    "10446": {
        "0": 1,
        "1": 11,
        "2": 94,
        "3": 806,
        "4": 6914,
        "5": 26710,
        "6": 66084
    },
    "10447": {
        "0": 1,
        "1": 12,
        "2": 105,
        "3": 897,
        "4": 7675,
        "5": 33207,
        "6": 85399
    },
    "10448": {
        "0": 1,
        "1": 12,
        "2": 103,
        "3": 878,
        "4": 7477,
        "5": 31217,
        "6": 84824
    },
    "10449": {
        "0": 1,
        "1": 11,
        "2": 93,
        "3": 788,
        "4": 6708,
        "5": 24644,
        "6": 59872
    },
    "10450": {
        "0": 1,
        "1": 11,
        "2": 94,
        "3": 820,
        "4": 7188,
        "5": 30147,
        "6": 80323
    },
    "10451": {
        "0": 1,
        "1": 12,
        "2": 109,
        "3": 970,
        "4": 8505,
        "5": 41234,
        "6": 121264
    },
    "10452": {
        "0": 1,
        "1": 12,
        "2": 104,
        "3": 904,
        "4": 7892,
        "5": 36247,
        "6": 109283
    },
    "10453": {
        "0": 1,
        "1": 11,
        "2": 91,
        "3": 788,
        "4": 6870,
        "5": 27476,
        "6": 69562
    },
    "10454": {
        "0": 1,
        "1": 12,
        "2": 103,
        "3": 883,
        "4": 7649,
        "5": 34066,
        "6": 91882
    },
    "10455": {
        "0": 1,
        "1": 9,
        "2": 80,
        "3": 717,
        "4": 6399,
        "5": 24118,
        "6": 54224
    },
    "10456": {
        "0": 1,
        "1": 9,
        "2": 77,
        "3": 668,
        "4": 5822,
        "5": 18012,
        "6": 34095
    },
    "10457": {
        "0": 1,
        "1": 11,
        "2": 97,
        "3": 841,
        "4": 7320,
        "5": 31196,
        "6": 84062
    },
    "10458": {
        "0": 1,
        "1": 11,
        "2": 96,
        "3": 844,
        "4": 7416,
        "5": 32173,
        "6": 88904
    },
    "10459": {
        "0": 1,
        "1": 10,
        "2": 81,
        "3": 680,
        "4": 5801,
        "5": 17194,
        "6": 38586
    },
    "10460": {
        "0": 1,
        "1": 9,
        "2": 77,
        "3": 660,
        "4": 5719,
        "5": 17113,
        "6": 35733
    },
    "10461": {
        "0": 1,
        "1": 17,
        "2": 170,
        "3": 1504,
        "4": 12866,
        "5": 76850,
        "6": 302515
    },
    "10462": {
        "0": 1,
        "1": 10,
        "2": 89,
        "3": 792,
        "4": 6997,
        "5": 28762,
        "6": 71081
    },
    "10463": {
        "0": 1,
        "1": 12,
        "2": 109,
        "3": 966,
        "4": 8469,
        "5": 40998,
        "6": 137947
    },
    "10464": {
        "0": 1,
        "1": 11,
        "2": 96,
        "3": 831,
        "4": 7191,
        "5": 29503,
        "6": 78627
    },
    "10465": {
        "0": 1,
        "1": 9,
        "2": 75,
        "3": 647,
        "4": 5647,
        "5": 16915,
        "6": 32327
    },
    "10466": {
        "0": 1,
        "1": 11,
        "2": 95,
        "3": 827,
        "4": 7207,
        "5": 30180,
        "6": 73345
    },
    "10467": {
        "0": 1,
        "1": 10,
        "2": 86,
        "3": 734,
        "4": 6326,
        "5": 21558,
        "6": 48029
    },
    "10468": {
        "0": 1,
        "1": 11,
        "2": 97,
        "3": 843,
        "4": 7337,
        "5": 31312,
        "6": 82976
    },
    "10469": {
        "0": 1,
        "1": 10,
        "2": 88,
        "3": 770,
        "4": 6717,
        "5": 25603,
        "6": 60832
    },
    "10470": {
        "0": 1,
        "1": 11,
        "2": 99,
        "3": 857,
        "4": 7378,
        "5": 30853,
        "6": 87755
    },
    "10471": {
        "0": 1,
        "1": 10,
        "2": 87,
        "3": 771,
        "4": 6802,
        "5": 27048,
        "6": 67800
    },
    "10472": {
        "0": 1,
        "1": 10,
        "2": 88,
        "3": 789,
        "4": 7034,
        "5": 29537,
        "6": 79855
    },
    "10473": {
        "0": 1,
        "1": 9,
        "2": 74,
        "3": 621,
        "4": 5279,
        "5": 12526,
        "6": 24622
    },
    "10474": {
        "0": 1,
        "1": 9,
        "2": 73,
        "3": 614,
        "4": 5241,
        "5": 12483,
        "6": 24501
    },
    "10475": {
        "0": 1,
        "1": 11,
        "2": 95,
        "3": 809,
        "4": 6890,
        "5": 26072,
        "6": 65295
    },
    "10476": {
        "0": 1,
        "1": 11,
        "2": 91,
        "3": 778,
        "4": 6716,
        "5": 25702,
        "6": 61913
    },
    "10477": {
        "0": 1,
        "1": 9,
        "2": 75,
        "3": 641,
        "4": 5515,
        "5": 15006,
        "6": 31817
    },
    "10478": {
        "0": 1,
        "1": 11,
        "2": 91,
        "3": 782,
        "4": 6779,
        "5": 26285,
        "6": 67651
    },
    "10479": {
        "0": 1,
        "1": 9,
        "2": 79,
        "3": 701,
        "4": 6171,
        "5": 21479,
        "6": 48824
    },
    "10480": {
        "0": 1,
        "1": 8,
        "2": 71,
        "3": 622,
        "4": 5466,
        "5": 15363,
        "6": 30712
    },
    "10481": {
        "0": 1,
        "1": 10,
        "2": 86,
        "3": 747,
        "4": 6542,
        "5": 24727,
        "6": 66320
    },
    "10482": {
        "0": 1,
        "1": 11,
        "2": 96,
        "3": 828,
        "4": 7147,
        "5": 29315,
        "6": 80598
    },
    "10483": {
        "0": 1,
        "1": 11,
        "2": 94,
        "3": 804,
        "4": 6875,
        "5": 26077,
        "6": 68951
    },
    "10484": {
        "0": 1,
        "1": 9,
        "2": 77,
        "3": 677,
        "4": 5962,
        "5": 19820,
        "6": 46967
    },
    "10485": {
        "0": 1,
        "1": 10,
        "2": 87,
        "3": 751,
        "4": 6513,
        "5": 23973,
        "6": 56137
    },
    "10486": {
        "0": 1,
        "1": 9,
        "2": 78,
        "3": 683,
        "4": 6015,
        "5": 20518,
        "6": 49247
    },
    "10487": {
        "0": 1,
        "1": 9,
        "2": 79,
        "3": 694,
        "4": 6061,
        "5": 19984,
        "6": 39780
    },
    "10488": {
        "0": 1,
        "1": 12,
        "2": 101,
        "3": 857,
        "4": 7363,
        "5": 31005,
        "6": 74376
    },
    "10489": {
        "0": 1,
        "1": 11,
        "2": 99,
        "3": 874,
        "4": 7659,
        "5": 34049,
        "6": 93222
    },
    "10490": {
        "0": 1,
        "1": 12,
        "2": 105,
        "3": 882,
        "4": 7412,
        "5": 30058,
        "6": 76888
    },
    "10491": {
        "0": 1,
        "1": 9,
        "2": 75,
        "3": 646,
        "4": 5583,
        "5": 15662,
        "6": 30372
    },
    "10492": {
        "0": 1,
        "1": 9,
        "2": 82,
        "3": 751,
        "4": 6728,
        "5": 26404,
        "6": 69086
    },
    "10493": {
        "0": 1,
        "1": 9,
        "2": 76,
        "3": 654,
        "4": 5618,
        "5": 15648,
        "6": 29725
    },
    "10494": {
        "0": 1,
        "1": 10,
        "2": 86,
        "3": 752,
        "4": 6582,
        "5": 24918,
        "6": 63077
    },
    "10495": {
        "0": 1,
        "1": 10,
        "2": 84,
        "3": 729,
        "4": 6366,
        "5": 23101,
        "6": 57582
    },
    "10496": {
        "0": 1,
        "1": 15,
        "2": 137,
        "3": 1168,
        "4": 9920,
        "5": 51929,
        "6": 161832
    },
    "10497": {
        "0": 1,
        "1": 12,
        "2": 104,
        "3": 884,
        "4": 7516,
        "5": 31407,
        "6": 85239
    },
    "10498": {
        "0": 1,
        "1": 10,
        "2": 87,
        "3": 783,
        "4": 6969,
        "5": 28367,
        "6": 71582
    },
    "10499": {
        "0": 1,
        "1": 11,
        "2": 96,
        "3": 831,
        "4": 7215,
        "5": 29730,
        "6": 70128
    }
}