{
    "25500": {
        "0": 1,
        "1": 11,
        "2": 99,
        "3": 893,
        "4": 7992,
        "5": 38222,
        "6": 108131
    },
    "25501": {
        "0": 1,
        "1": 11,
        "2": 92,
        "3": 774,
        "4": 6613,
        "5": 24381,
        "6": 55354
    },
    "25502": {
        "0": 1,
        "1": 9,
        "2": 81,
        "3": 732,
        "4": 6544,
        "5": 25228,
        "6": 65289
    },
    "25503": {
        "0": 1,
        "1": 10,
        "2": 88,
        "3": 774,
        "4": 6781,
        "5": 26464,
        "6": 68467
    },
    "25504": {
        "0": 1,
        "1": 11,
        "2": 91,
        "3": 767,
        "4": 6510,
        "5": 22864,
        "6": 50340
    },
    "25505": {
        "0": 1,
        "1": 13,
        "2": 114,
        "3": 961,
        "4": 8061,
        "5": 34994,
        "6": 89774
    },
    "25506": {
        "0": 1,
        "1": 12,
        "2": 103,
        "3": 864,
        "4": 7266,
        "5": 28591,
        "6": 63928
    },
    "25507": {
        "0": 1,
        "1": 11,
        "2": 96,
        "3": 824,
        "4": 7041,
        "5": 27350,
        "6": 64722
    },
    "25508": {
        "0": 1,
        "1": 10,
        "2": 86,
        "3": 760,
        "4": 6713,
        "5": 26464,
        "6": 61282
    },
    "25509": {
        "0": 1,
        "1": 13,
        "2": 124,
        "3": 1121,
        "4": 9952,
        "5": 55127,
        "6": 196076
    },
    "25510": {
        "0": 1,
        "1": 12,
        "2": 103,
        "3": 886,
        "4": 7649,
        "5": 33647,
        "6": 95238
    },
    "25511": {
        "0": 1,
        "1": 12,
        "2": 100,
        "3": 846,
        "4": 7232,
        "5": 29453,
        "6": 77931
    },
    "25512": {
        "0": 1,
        "1": 10,
        "2": 84,
        "3": 706,
        "4": 6009,
        "5": 18926,
        "6": 48573
    },
    "25513": {
        "0": 1,
        "1": 10,
        "2": 90,
        "3": 810,
        "4": 7263,
        "5": 32132,
        "6": 92140
    },
    "25514": {
        "0": 1,
        "1": 11,
        "2": 97,
        "3": 862,
        "4": 7613,
        "5": 34277,
        "6": 102014
    },
    "25515": {
        "0": 1,
        "1": 12,
        "2": 105,
        "3": 909,
        "4": 7868,
        "5": 35400,
        "6": 97925
    },
    "25516": {
        "0": 1,
        "1": 13,
        "2": 112,
        "3": 938,
        "4": 7879,
        "5": 33172,
        "6": 83660
    },
    "25517": {
        "0": 1,
        "1": 12,
        "2": 104,
        "3": 889,
        "4": 7583,
        "5": 31826,
        "6": 76687
    },
    "25518": {
        "0": 1,
        "1": 11,
        "2": 98,
        "3": 850,
        "4": 7329,
        "5": 29840,
        "6": 78511
    },
    "25519": {
        "0": 1,
        "1": 12,
        "2": 99,
        "3": 813,
        "4": 6757,
        "5": 23993,
        "6": 53189
    },
    "25520": {
        "0": 1,
        "1": 12,
        "2": 104,
        "3": 902,
        "4": 7834,
        "5": 35547,
        "6": 110789
    },
    "25521": {
        "0": 1,
        "1": 12,
        "2": 110,
        "3": 971,
        "4": 8529,
        "5": 42245,
        "6": 136276
    },
    "25522": {
        "0": 1,
        "1": 9,
        "2": 81,
        "3": 720,
        "4": 6408,
        "5": 24369,
        "6": 61569
    },
    "25523": {
        "0": 1,
        "1": 12,
        "2": 104,
        "3": 895,
        "4": 7717,
        "5": 34011,
        "6": 94836
    },
    "25524": {
        "0": 1,
        "1": 10,
        "2": 84,
        "3": 708,
        "4": 6016,
        "5": 18712,
        "6": 36287
    },
    "25525": {
        "0": 1,
        "1": 9,
        "2": 78,
        "3": 681,
        "4": 5978,
        "5": 19868,
        "6": 46583
    },
    "25526": {
        "0": 1,
        "1": 11,
        "2": 92,
        "3": 778,
        "4": 6589,
        "5": 23344,
        "6": 55478
    },
    "25527": {
        "0": 1,
        "1": 11,
        "2": 96,
        "3": 831,
        "4": 7228,
        "5": 30155,
        "6": 83068
    },
    "25528": {
        "0": 1,
        "1": 12,
        "2": 105,
        "3": 915,
        "4": 7961,
        "5": 36570,
        "6": 105035
    },
    "25529": {
        "0": 1,
        "1": 10,
        "2": 86,
        "3": 754,
        "4": 6645,
        "5": 25846,
        "6": 76476
    },
    "25530": {
        "0": 1,
        "1": 12,
        "2": 108,
        "3": 943,
        "4": 8215,
        "5": 39116,
        "6": 123022
    },
    "25531": {
        "0": 1,
        "1": 11,
        "2": 95,
        "3": 831,
        "4": 7236,
        "5": 30107,
        "6": 74932
    },
    "25532": {
        "0": 1,
        "1": 12,
        "2": 106,
        "3": 922,
        "4": 7961,
        "5": 35775,
        "6": 102149
    },
    "25533": {
        "0": 1,
        "1": 14,
        "2": 126,
        "3": 1064,
        "4": 8978,
        "5": 43678,
        "6": 136284
    },
    "25534": {
        "0": 1,
        "1": 9,
        "2": 78,
        "3": 684,
        "4": 6074,
        "5": 21269,
        "6": 50939
    },
    "25535": {
        "0": 1,
        "1": 9,
        "2": 81,
        "3": 729,
        "4": 6550,
        "5": 25685,
        "6": 69785
    },
    "25536": {
        "0": 1,
        "1": 12,
        "2": 103,
        "3": 870,
        "4": 7342,
        "5": 29437,
        "6": 81227
    },
    "25537": {
        "0": 1,
        "1": 11,
        "2": 97,
        "3": 846,
        "4": 7439,
        "5": 32267,
        "6": 87874
    },
    "25538": {
        "0": 1,
        "1": 9,
        "2": 74,
        "3": 632,
        "4": 5461,
        "5": 14536,
        "6": 26338
    },
    "25539": {
        "0": 1,
        "1": 10,
        "2": 82,
        "3": 710,
        "4": 6167,
        "5": 20946,
        "6": 46771
    },
    "25540": {
        "0": 1,
        "1": 11,
        "2": 93,
        "3": 794,
        "4": 6878,
        "5": 27543,
        "6": 70736
    },
    "25541": {
        "0": 1,
        "1": 11,
        "2": 95,
        "3": 831,
        "4": 7292,
        "5": 31359,
        "6": 83108
    },
    "25542": {
        "0": 1,
        "1": 10,
        "2": 85,
        "3": 733,
        "4": 6367,
        "5": 22704,
        "6": 55878
    },
    "25543": {
        "0": 1,
        "1": 11,
        "2": 95,
        "3": 829,
        "4": 7257,
        "5": 30866,
        "6": 81349
    },
    "25544": {
        "0": 1,
        "1": 11,
        "2": 96,
        "3": 820,
        "4": 7010,
        "5": 27448,
        "6": 72827
    },
    "25545": {
        "0": 1,
        "1": 10,
        "2": 84,
        "3": 712,
        "4": 6086,
        "5": 19495,
        "6": 40763
    },
    "25546": {
        "0": 1,
        "1": 11,
        "2": 91,
        "3": 785,
        "4": 6823,
        "5": 26793,
        "6": 68846
    },
    "25547": {
        "0": 1,
        "1": 11,
        "2": 89,
        "3": 753,
        "4": 6449,
        "5": 22887,
        "6": 50533
    },
    "25548": {
        "0": 1,
        "1": 11,
        "2": 97,
        "3": 848,
        "4": 7423,
        "5": 32480,
        "6": 86289
    },
    "25549": {
        "0": 1,
        "1": 11,
        "2": 95,
        "3": 807,
        "4": 6879,
        "5": 26183,
        "6": 69275
    },
    "25550": {
        "0": 1,
        "1": 12,
        "2": 102,
        "3": 875,
        "4": 7511,
        "5": 31777,
        "6": 80722
    },
    "25551": {
        "0": 1,
        "1": 9,
        "2": 75,
        "3": 635,
        "4": 5419,
        "5": 13878,
        "6": 22994
    },
    "25552": {
        "0": 1,
        "1": 11,
        "2": 92,
        "3": 796,
        "4": 6910,
        "5": 27405,
        "6": 58918
    },
    "25553": {
        "0": 1,
        "1": 12,
        "2": 107,
        "3": 921,
        "4": 7887,
        "5": 34792,
        "6": 94403
    },
    "25554": {
        "0": 1,
        "1": 9,
        "2": 81,
        "3": 724,
        "4": 6456,
        "5": 24520,
        "6": 62703
    },
    "25555": {
        "0": 1,
        "1": 10,
        "2": 79,
        "3": 660,
        "4": 5587,
        "5": 15089,
        "6": 29423
    },
    "25556": {
        "0": 1,
        "1": 10,
        "2": 84,
        "3": 731,
        "4": 6387,
        "5": 23167,
        "6": 50443
    },
    "25557": {
        "0": 1,
        "1": 14,
        "2": 128,
        "3": 1106,
        "4": 9499,
        "5": 49118,
        "6": 161412
    },
    "25558": {
        "0": 1,
        "1": 10,
        "2": 84,
        "3": 732,
        "4": 6338,
        "5": 22015,
        "6": 42312
    },
    "25559": {
        "0": 1,
        "1": 10,
        "2": 86,
        "3": 748,
        "4": 6530,
        "5": 24440,
        "6": 60076
    },
    "25560": {
        "0": 1,
        "1": 9,
        "2": 77,
        "3": 671,
        "4": 5823,
        "5": 17441,
        "6": 36305
    },
    "25561": {
        "0": 1,
        "1": 11,
        "2": 97,
        "3": 857,
        "4": 7526,
        "5": 32836,
        "6": 88740
    },
    "25562": {
        "0": 1,
        "1": 11,
        "2": 94,
        "3": 799,
        "4": 6825,
        "5": 25656,
        "6": 59652
    },
    "25563": {
        "0": 1,
        "1": 12,
        "2": 109,
        "3": 965,
        "4": 8466,
        "5": 41195,
        "6": 119503
    },
    "25564": {
        "0": 1,
        "1": 11,
        "2": 93,
        "3": 796,
        "4": 6863,
        "5": 26720,
        "6": 68119
    },
    "25565": {
        "0": 1,
        "1": 10,
        "2": 87,
        "3": 765,
        "4": 6763,
        "5": 26917,
        "6": 70761
    },
    "25566": {
        "0": 1,
        "1": 11,
        "2": 90,
        "3": 761,
        "4": 6506,
        "5": 23199,
        "6": 50699
    },
    "25567": {
        "0": 1,
        "1": 12,
        "2": 103,
        "3": 899,
        "4": 7885,
        "5": 36603,
        "6": 102440
    },
    "25568": {
        "0": 1,
        "1": 9,
        "2": 76,
        "3": 654,
        "4": 5670,
        "5": 16594,
        "6": 29802
    },
    "25569": {
        "0": 1,
        "1": 11,
        "2": 97,
        "3": 865,
        "4": 7731,
        "5": 36364,
        "6": 111277
    },
    "25570": {
        "0": 1,
        "1": 11,
        "2": 95,
        "3": 819,
        "4": 7114,
        "5": 29188,
        "6": 79298
    },
    "25571": {
        "0": 1,
        "1": 12,
        "2": 98,
        "3": 820,
        "4": 6934,
        "5": 26425,
        "6": 52453
    },
    "25572": {
        "0": 1,
        "1": 12,
        "2": 106,
        "3": 904,
        "4": 7802,
        "5": 35026,
        "6": 94824
    },
    "25573": {
        "0": 1,
        "1": 10,
        "2": 88,
        "3": 783,
        "4": 6904,
        "5": 27965,
        "6": 78903
    },
    "25574": {
        "0": 1,
        "1": 11,
        "2": 92,
        "3": 774,
        "4": 6599,
        "5": 24049,
        "6": 52145
    },
    "25575": {
        "0": 1,
        "1": 11,
        "2": 97,
        "3": 859,
        "4": 7493,
        "5": 32293,
        "6": 90291
    },
    "25576": {
        "0": 1,
        "1": 10,
        "2": 88,
        "3": 771,
        "4": 6724,
        "5": 25573,
        "6": 64267
    },
    "25577": {
        "0": 1,
        "1": 11,
        "2": 93,
        "3": 797,
        "4": 6845,
        "5": 26239,
        "6": 69708
    },
    "25578": {
        "0": 1,
        "1": 13,
        "2": 120,
        "3": 1044,
        "4": 8958,
        "5": 43964,
        "6": 137560
    },
    "25579": {
        "0": 1,
        "1": 13,
        "2": 110,
        "3": 927,
        "4": 7864,
        "5": 34060,
        "6": 86212
    },
    "25580": {
        "0": 1,
        "1": 13,
        "2": 118,
        "3": 1034,
        "4": 8993,
        "5": 45558,
        "6": 144896
    },
    "25581": {
        "0": 1,
        "1": 10,
        "2": 81,
        "3": 683,
        "4": 5838,
        "5": 17675,
        "6": 39859
    },
    "25582": {
        "0": 1,
        "1": 11,
        "2": 96,
        "3": 833,
        "4": 7256,
        "5": 30621,
        "6": 85090
    },
    "25583": {
        "0": 1,
        "1": 9,
        "2": 73,
        "3": 604,
        "4": 5033,
        "5": 9529,
        "6": 13859
    },
    "25584": {
        "0": 1,
        "1": 10,
        "2": 84,
        "3": 721,
        "4": 6209,
        "5": 20907,
        "6": 51841
    },
    "25585": {
        "0": 1,
        "1": 11,
        "2": 94,
        "3": 821,
        "4": 7211,
        "5": 30653,
        "6": 79422
    },
    "25586": {
        "0": 1,
        "1": 9,
        "2": 76,
        "3": 648,
        "4": 5546,
        "5": 15034,
        "6": 24259
    },
    "25587": {
        "0": 1,
        "1": 11,
        "2": 94,
        "3": 798,
        "4": 6802,
        "5": 25550,
        "6": 60567
    },
    "25588": {
        "0": 1,
        "1": 11,
        "2": 95,
        "3": 825,
        "4": 7229,
        "5": 30818,
        "6": 83271
    },
    "25589": {
        "0": 1,
        "1": 13,
        "2": 114,
        "3": 971,
        "4": 8243,
        "5": 37355,
        "6": 106794
    },
    "25590": {
        "0": 1,
        "1": 12,
        "2": 104,
        "3": 891,
        "4": 7675,
        "5": 33940,
        "6": 91827
    },
    "25591": {
        "0": 1,
        "1": 10,
        "2": 87,
        "3": 766,
        "4": 6710,
        "5": 25580,
        "6": 61714
    },
    "25592": {
        "0": 1,
        "1": 11,
        "2": 94,
        "3": 799,
        "4": 6802,
        "5": 25323,
        "6": 59380
    },
    "25593": {
        "0": 1,
        "1": 11,
        "2": 96,
        "3": 847,
        "4": 7477,
        "5": 32548,
        "6": 98483
    },
    "25594": {
        "0": 1,
        "1": 11,
        "2": 93,
        "3": 802,
        "4": 6969,
        "5": 28204,
        "6": 66235
    },
    "25595": {
        "0": 1,
        "1": 11,
        "2": 95,
        "3": 831,
        "4": 7314,
        "5": 31659,
        "6": 87545
    },
    "25596": {
        "0": 1,
        "1": 12,
        "2": 107,
        "3": 929,
        "4": 8066,
        "5": 37733,
        "6": 112964
    },
    "25597": {
        "0": 1,
        "1": 9,
        "2": 79,
        "3": 696,
        "4": 6157,
        "5": 21834,
        "6": 56973
    },
    "25598": {
        "0": 1,
        "1": 11,
        "2": 94,
        "3": 813,
        "4": 7044,
        "5": 28471,
        "6": 70809
    },
    "25599": {
        "0": 1,
        "1": 12,
        "2": 102,
        "3": 858,
        "4": 7277,
        "5": 29413,
        "6": 74704
    }
}