{
    "7700": {
        "0": 1,
        "1": 10,
        "2": 81,
        "3": 683,
        "4": 5765,
        "5": 16138,
        "6": 26586
    },
    "7701": {
        "0": 1,
        "1": 13,
        "2": 117,
        "3": 1008,
        "4": 8640,
        "5": 41357,
        "6": 121888
    },
    "7702": {
        "0": 1,
        "1": 11,
        "2": 92,
        "3": 803,
        "4": 7062,
        "5": 29463,
        "6": 75136
    },
    "7703": {
        "0": 1,
        "1": 9,
        "2": 76,
        "3": 652,
        "4": 5617,
        "5": 15436,
        "6": 32848
    },
    "7704": {
        "0": 1,
        "1": 10,
        "2": 85,
        "3": 718,
        "4": 6126,
        "5": 19855,
        "6": 48062
    },
    "7705": {
        "0": 1,
        "1": 11,
        "2": 96,
        "3": 842,
        "4": 7362,
        "5": 31696,
        "6": 86061
    },
    "7706": {
        "0": 1,
        "1": 12,
        "2": 106,
        "3": 911,
        "4": 7864,
        "5": 35493,
        "6": 97593
    },
    "7707": {
        "0": 1,
        "1": 11,
        "2": 99,
        "3": 881,
        "4": 7798,
        "5": 36164,
        "6": 106757
    },
    "7708": {
        "0": 1,
        "1": 12,
        "2": 104,
        "3": 905,
        "4": 7890,
        "5": 35985,
        "6": 99030
    },
    "7709": {
        "0": 1,
        "1": 12,
        "2": 103,
        "3": 878,
        "4": 7511,
        "5": 31989,
        "6": 81776
    },
    "7710": {
        "0": 1,
        "1": 8,
        "2": 69,
        "3": 601,
        "4": 5266,
        "5": 13468,
        "6": 28450
    },
    "7711": {
        "0": 1,
        "1": 13,
        "2": 115,
        "3": 992,
        "4": 8613,
        "5": 42504,
        "6": 133167
    },
    "7712": {
        "0": 1,
        "1": 11,
        "2": 96,
        "3": 859,
        "4": 7668,
        "5": 35217,
        "6": 97184
    },
    "7713": {
        "0": 1,
        "1": 8,
        "2": 68,
        "3": 589,
        "4": 5134,
        "5": 12019,
        "6": 23948
    },
    "7714": {
        "0": 1,
        "1": 9,
        "2": 79,
        "3": 709,
        "4": 6366,
        "5": 23866,
        "6": 56522
    },
    "7715": {
        "0": 1,
        "1": 10,
        "2": 81,
        "3": 681,
        "4": 5794,
        "5": 16819,
        "6": 32997
    },
    "7716": {
        "0": 1,
        "1": 12,
        "2": 104,
        "3": 914,
        "4": 8016,
        "5": 37182,
        "6": 113425
    },
    "7717": {
        "0": 1,
        "1": 12,
        "2": 101,
        "3": 857,
        "4": 7334,
        "5": 30399,
        "6": 76895
    },
    "7718": {
        "0": 1,
        "1": 11,
        "2": 90,
        "3": 749,
        "4": 6271,
        "5": 20016,
        "6": 40258
    },
    "7719": {
        "0": 1,
        "1": 11,
        "2": 97,
        "3": 839,
        "4": 7215,
        "5": 29291,
        "6": 71117
    },
    "7720": {
        "0": 1,
        "1": 10,
        "2": 88,
        "3": 779,
        "4": 6856,
        "5": 27651,
        "6": 82714
    },
    "7721": {
        "0": 1,
        "1": 12,
        "2": 109,
        "3": 964,
        "4": 8528,
        "5": 42364,
        "6": 137949
    },
    "7722": {
        "0": 1,
        "1": 11,
        "2": 99,
        "3": 867,
        "4": 7593,
        "5": 34043,
        "6": 100761
    },
    "7723": {
        "0": 1,
        "1": 10,
        "2": 92,
        "3": 828,
        "4": 7394,
        "5": 32880,
        "6": 93520
    },
    "7724": {
        "0": 1,
        "1": 10,
        "2": 87,
        "3": 759,
        "4": 6635,
        "5": 25091,
        "6": 59637
    },
    "7725": {
        "0": 1,
        "1": 11,
        "2": 91,
        "3": 775,
        "4": 6648,
        "5": 24599,
        "6": 60949
    },
    "7726": {
        "0": 1,
        "1": 9,
        "2": 78,
        "3": 678,
        "4": 5931,
        "5": 19488,
        "6": 44533
    },
    "7727": {
        "0": 1,
        "1": 13,
        "2": 119,
        "3": 1032,
        "4": 8846,
        "5": 42942,
        "6": 128747
    },
    "7728": {
        "0": 1,
        "1": 10,
        "2": 90,
        "3": 795,
        "4": 6949,
        "5": 27612,
        "6": 67677
    },
    "7729": {
        "0": 1,
        "1": 12,
        "2": 105,
        "3": 907,
        "4": 7852,
        "5": 35223,
        "6": 102297
    },
    "7730": {
        "0": 1,
        "1": 12,
        "2": 104,
        "3": 883,
        "4": 7503,
        "5": 31222,
        "6": 78441
    },
    "7731": {
        "0": 1,
        "1": 10,
        "2": 87,
        "3": 762,
        "4": 6661,
        "5": 25457,
        "6": 62317
    },
    "7732": {
        "0": 1,
        "1": 10,
        "2": 83,
        "3": 708,
        "4": 6099,
        "5": 20124,
        "6": 51636
    },
    "7733": {
        "0": 1,
        "1": 12,
        "2": 102,
        "3": 871,
        "4": 7494,
        "5": 32038,
        "6": 88790
    },
    "7734": {
        "0": 1,
        "1": 9,
        "2": 80,
        "3": 708,
        "4": 6264,
        "5": 22152,
        "6": 54005
    },
    "7735": {
        "0": 1,
        "1": 11,
        "2": 95,
        "3": 824,
        "4": 7107,
        "5": 28494,
        "6": 74727
    },
    "7736": {
        "0": 1,
        "1": 11,
        "2": 94,
        "3": 818,
        "4": 7125,
        "5": 29579,
        "6": 77633
    },
    "7737": {
        "0": 1,
        "1": 10,
        "2": 81,
        "3": 686,
        "4": 5841,
        "5": 17171,
        "6": 37764
    },
    "7738": {
        "0": 1,
        "1": 10,
        "2": 86,
        "3": 763,
        "4": 6820,
        "5": 28265,
        "6": 75184
    },
    "7739": {
        "0": 1,
        "1": 10,
        "2": 88,
        "3": 769,
        "4": 6697,
        "5": 25409,
        "6": 61858
    },
    "7740": {
        "0": 1,
        "1": 11,
        "2": 95,
        "3": 828,
        "4": 7261,
        "5": 31040,
        "6": 80429
    },
    "7741": {
        "0": 1,
        "1": 10,
        "2": 85,
        "3": 726,
        "4": 6256,
        "5": 21275,
        "6": 53121
    },
    "7742": {
        "0": 1,
        "1": 9,
        "2": 79,
        "3": 698,
        "4": 6161,
        "5": 21511,
        "6": 47737
    },
    "7743": {
        "0": 1,
        "1": 12,
        "2": 101,
        "3": 857,
        "4": 7317,
        "5": 29821,
        "6": 77359
    },
    "7744": {
        "0": 1,
        "1": 10,
        "2": 85,
        "3": 717,
        "4": 6072,
        "5": 18750,
        "6": 39091
    },
    "7745": {
        "0": 1,
        "1": 11,
        "2": 94,
        "3": 812,
        "4": 7050,
        "5": 28621,
        "6": 79024
    },
    "7746": {
        "0": 1,
        "1": 14,
        "2": 122,
        "3": 1018,
        "4": 8521,
        "5": 38992,
        "6": 114886
    },
    "7747": {
        "0": 1,
        "1": 10,
        "2": 86,
        "3": 749,
        "4": 6495,
        "5": 23687,
        "6": 56131
    },
    "7748": {
        "0": 1,
        "1": 11,
        "2": 96,
        "3": 848,
        "4": 7454,
        "5": 32643,
        "6": 95453
    },
    "7749": {
        "0": 1,
        "1": 11,
        "2": 92,
        "3": 780,
        "4": 6708,
        "5": 25325,
        "6": 68380
    },
    "7750": {
        "0": 1,
        "1": 11,
        "2": 92,
        "3": 788,
        "4": 6783,
        "5": 25847,
        "6": 64107
    },
    "7751": {
        "0": 1,
        "1": 11,
        "2": 97,
        "3": 849,
        "4": 7381,
        "5": 31209,
        "6": 82672
    },
    "7752": {
        "0": 1,
        "1": 8,
        "2": 71,
        "3": 627,
        "4": 5562,
        "5": 16634,
        "6": 30544
    },
    "7753": {
        "0": 1,
        "1": 11,
        "2": 91,
        "3": 765,
        "4": 6524,
        "5": 23538,
        "6": 54583
    },
    "7754": {
        "0": 1,
        "1": 10,
        "2": 86,
        "3": 744,
        "4": 6454,
        "5": 23282,
        "6": 62805
    },
    "7755": {
        "0": 1,
        "1": 11,
        "2": 94,
        "3": 812,
        "4": 7041,
        "5": 28620,
        "6": 72839
    },
    "7756": {
        "0": 1,
        "1": 12,
        "2": 105,
        "3": 920,
        "4": 8034,
        "5": 37537,
        "6": 116854
    },
    "7757": {
        "0": 1,
        "1": 10,
        "2": 84,
        "3": 720,
        "4": 6230,
        "5": 21404,
        "6": 46396
    },
    "7758": {
        "0": 1,
        "1": 12,
        "2": 99,
        "3": 821,
        "4": 6901,
        "5": 25782,
        "6": 64454
    },
    "7759": {
        "0": 1,
        "1": 12,
        "2": 105,
        "3": 909,
        "4": 7863,
        "5": 35159,
        "6": 103477
    },
    "7760": {
        "0": 1,
        "1": 11,
        "2": 92,
        "3": 773,
        "4": 6502,
        "5": 22355,
        "6": 44515
    },
    "7761": {
        "0": 1,
        "1": 13,
        "2": 114,
        "3": 970,
        "4": 8294,
        "5": 38750,
        "6": 113498
    },
    "7762": {
        "0": 1,
        "1": 11,
        "2": 92,
        "3": 786,
        "4": 6745,
        "5": 25467,
        "6": 54043
    },
    "7763": {
        "0": 1,
        "1": 9,
        "2": 80,
        "3": 715,
        "4": 6332,
        "5": 23158,
        "6": 53902
    },
    "7764": {
        "0": 1,
        "1": 10,
        "2": 85,
        "3": 727,
        "4": 6262,
        "5": 21285,
        "6": 45125
    },
    "7765": {
        "0": 1,
        "1": 12,
        "2": 102,
        "3": 868,
        "4": 7438,
        "5": 31245,
        "6": 76558
    },
    "7766": {
        "0": 1,
        "1": 11,
        "2": 93,
        "3": 784,
        "4": 6614,
        "5": 23274,
        "6": 52739
    },
    "7767": {
        "0": 1,
        "1": 10,
        "2": 86,
        "3": 729,
        "4": 6218,
        "5": 20621,
        "6": 47693
    },
    "7768": {
        "0": 1,
        "1": 10,
        "2": 86,
        "3": 752,
        "4": 6595,
        "5": 25322,
        "6": 64449
    },
    "7769": {
        "0": 1,
        "1": 10,
        "2": 85,
        "3": 726,
        "4": 6240,
        "5": 21149,
        "6": 44595
    },
    "7770": {
        "0": 1,
        "1": 9,
        "2": 79,
        "3": 696,
        "4": 6179,
        "5": 21961,
        "6": 56046
    },
    "7771": {
        "0": 1,
        "1": 10,
        "2": 91,
        "3": 817,
        "4": 7295,
        "5": 32011,
        "6": 93934
    },
    "7772": {
        "0": 1,
        "1": 9,
        "2": 79,
        "3": 714,
        "4": 6405,
        "5": 24258,
        "6": 59394
    },
    "7773": {
        "0": 1,
        "1": 13,
        "2": 114,
        "3": 973,
        "4": 8344,
        "5": 38874,
        "6": 120170
    },
    "7774": {
        "0": 1,
        "1": 10,
        "2": 84,
        "3": 734,
        "4": 6394,
        "5": 22919,
        "6": 54329
    },
    "7775": {
        "0": 1,
        "1": 11,
        "2": 93,
        "3": 799,
        "4": 6877,
        "5": 26126,
        "6": 64273
    },
    "7776": {
        "0": 1,
        "1": 11,
        "2": 93,
        "3": 782,
        "4": 6672,
        "5": 24834,
        "6": 61671
    },
    "7777": {
        "0": 1,
        "1": 12,
        "2": 105,
        "3": 903,
        "4": 7795,
        "5": 34504,
        "6": 101972
    },
    "7778": {
        "0": 1,
        "1": 11,
        "2": 96,
        "3": 836,
        "4": 7266,
        "5": 30521,
        "6": 82941
    },
    "7779": {
        "0": 1,
        "1": 12,
        "2": 104,
        "3": 891,
        "4": 7628,
        "5": 32697,
        "6": 90808
    },
    "7780": {
        "0": 1,
        "1": 10,
        "2": 85,
        "3": 739,
        "4": 6458,
        "5": 23317,
        "6": 51219
    },
    "7781": {
        "0": 1,
        "1": 11,
        "2": 91,
        "3": 778,
        "4": 6670,
        "5": 24788,
        "6": 65103
    },
    "7782": {
        "0": 1,
        "1": 9,
        "2": 75,
        "3": 628,
        "4": 5332,
        "5": 12952,
        "6": 24652
    },
    "7783": {
        "0": 1,
        "1": 12,
        "2": 105,
        "3": 886,
        "4": 7461,
        "5": 30391,
        "6": 80749
    },
    "7784": {
        "0": 1,
        "1": 11,
        "2": 92,
        "3": 785,
        "4": 6732,
        "5": 25355,
        "6": 66837
    },
    "7785": {
        "0": 1,
        "1": 11,
        "2": 98,
        "3": 860,
        "4": 7572,
        "5": 33724,
        "6": 100156
    },
    "7786": {
        "0": 1,
        "1": 13,
        "2": 118,
        "3": 1035,
        "4": 9016,
        "5": 45786,
        "6": 148048
    },
    "7787": {
        "0": 1,
        "1": 12,
        "2": 104,
        "3": 906,
        "4": 7891,
        "5": 36058,
        "6": 100348
    },
    "7788": {
        "0": 1,
        "1": 9,
        "2": 78,
        "3": 684,
        "4": 6008,
        "5": 19878,
        "6": 46008
    },
    "7789": {
        "0": 1,
        "1": 11,
        "2": 96,
        "3": 825,
        "4": 7129,
        "5": 29224,
        "6": 80838
    },
    "7790": {
        "0": 1,
        "1": 10,
        "2": 86,
        "3": 741,
        "4": 6412,
        "5": 22898,
        "6": 54337
    },
    "7791": {
        "0": 1,
        "1": 11,
        "2": 97,
        "3": 851,
        "4": 7422,
        "5": 31858,
        "6": 81020
    },
    "7792": {
        "0": 1,
        "1": 9,
        "2": 78,
        "3": 673,
        "4": 5849,
        "5": 18271,
        "6": 45210
    },
    "7793": {
        "0": 1,
        "1": 11,
        "2": 91,
        "3": 754,
        "4": 6291,
        "5": 20097,
        "6": 41804
    },
    "7794": {
        "0": 1,
        "1": 11,
        "2": 91,
        "3": 759,
        "4": 6400,
        "5": 21692,
        "6": 48748
    },
    "7795": {
        "0": 1,
        "1": 11,
        "2": 99,
        "3": 885,
        "4": 7858,
        "5": 36703,
        "6": 117444
    },
    "7796": {
        "0": 1,
        "1": 9,
        "2": 76,
        "3": 650,
        "4": 5669,
        "5": 17150,
        "6": 39136
    },
    "7797": {
        "0": 1,
        "1": 11,
        "2": 94,
        "3": 819,
        "4": 7173,
        "5": 30427,
        "6": 83900
    },
    "7798": {
        "0": 1,
        "1": 12,
        "2": 107,
        "3": 927,
        "4": 7987,
        "5": 36135,
        "6": 103809
    },
    "7799": {
        "0": 1,
        "1": 10,
        "2": 87,
        "3": 763,
        "4": 6676,
        "5": 25730,
        "6": 63628
    }
}