{
    "4000": {
        "0": 1,
        "1": 11,
        "2": 88,
        "3": 734,
        "4": 6187,
        "5": 19750,
        "6": 38679
    },
    "4001": {
        "0": 1,
        "1": 11,
        "2": 95,
        "3": 814,
        "4": 6995,
        "5": 27598,
        "6": 68474
    },
    "4002": {
        "0": 1,
        "1": 9,
        "2": 76,
        "3": 666,
        "4": 5850,
        "5": 18496,
        "6": 37626
    },
    "4003": {
        "0": 1,
        "1": 10,
        "2": 86,
        "3": 745,
        "4": 6488,
        "5": 23693,
        "6": 53493
    },
    "4004": {
        "0": 1,
        "1": 9,
        "2": 81,
        "3": 703,
        "4": 6111,
        "5": 20078,
        "6": 44143
    },
    "4005": {
        "0": 1,
        "1": 12,
        "2": 104,
        "3": 919,
        "4": 8170,
        "5": 39329,
        "6": 118858
    },
    "4006": {
        "0": 1,
        "1": 10,
        "2": 87,
        "3": 766,
        "4": 6710,
        "5": 26103,
        "6": 68326
    },
    "4007": {
        "0": 1,
        "1": 11,
        "2": 96,
        "3": 828,
        "4": 7165,
        "5": 29404,
        "6": 70853
    },
    "4008": {
        "0": 1,
        "1": 10,
        "2": 89,
        "3": 789,
        "4": 7043,
        "5": 30082,
        "6": 85073
    },
    "4009": {
        "0": 1,
        "1": 10,
        "2": 84,
        "3": 725,
        "4": 6295,
        "5": 22034,
        "6": 47475
    },
    "4010": {
        "0": 1,
        "1": 13,
        "2": 115,
        "3": 1022,
        "4": 9058,
        "5": 47085,
        "6": 139043
    },
    "4011": {
        "0": 1,
        "1": 11,
        "2": 92,
        "3": 786,
        "4": 6797,
        "5": 26355,
        "6": 65768
    },
    "4012": {
        "0": 1,
        "1": 11,
        "2": 93,
        "3": 789,
        "4": 6757,
        "5": 25533,
        "6": 56259
    },
    "4013": {
        "0": 1,
        "1": 10,
        "2": 86,
        "3": 745,
        "4": 6468,
        "5": 23431,
        "6": 56626
    },
    "4014": {
        "0": 1,
        "1": 12,
        "2": 111,
        "3": 992,
        "4": 8802,
        "5": 44803,
        "6": 142596
    },
    "4015": {
        "0": 1,
        "1": 11,
        "2": 96,
        "3": 858,
        "4": 7623,
        "5": 34460,
        "6": 99432
    },
    "4016": {
        "0": 1,
        "1": 12,
        "2": 102,
        "3": 853,
        "4": 7211,
        "5": 28779,
        "6": 74610
    },
    "4017": {
        "0": 1,
        "1": 8,
        "2": 69,
        "3": 593,
        "4": 5121,
        "5": 11735,
        "6": 18424
    },
    "4018": {
        "0": 1,
        "1": 10,
        "2": 83,
        "3": 708,
        "4": 6067,
        "5": 19418,
        "6": 38170
    },
    "4019": {
        "0": 1,
        "1": 9,
        "2": 77,
        "3": 683,
        "4": 6047,
        "5": 20666,
        "6": 45082
    },
    "4020": {
        "0": 1,
        "1": 11,
        "2": 94,
        "3": 811,
        "4": 6987,
        "5": 27407,
        "6": 63694
    },
    "4021": {
        "0": 1,
        "1": 11,
        "2": 93,
        "3": 794,
        "4": 6802,
        "5": 25823,
        "6": 60316
    },
    "4022": {
        "0": 1,
        "1": 12,
        "2": 104,
        "3": 894,
        "4": 7719,
        "5": 34149,
        "6": 92497
    },
    "4023": {
        "0": 1,
        "1": 10,
        "2": 82,
        "3": 685,
        "4": 5795,
        "5": 16822,
        "6": 32957
    },
    "4024": {
        "0": 1,
        "1": 10,
        "2": 84,
        "3": 731,
        "4": 6377,
        "5": 22897,
        "6": 54741
    },
    "4025": {
        "0": 1,
        "1": 10,
        "2": 89,
        "3": 767,
        "4": 6690,
        "5": 25761,
        "6": 65532
    },
    "4026": {
        "0": 1,
        "1": 10,
        "2": 83,
        "3": 701,
        "4": 5942,
        "5": 17926,
        "6": 35336
    },
    "4027": {
        "0": 1,
        "1": 12,
        "2": 112,
        "3": 978,
        "4": 8425,
        "5": 39741,
        "6": 119840
    },
    "4028": {
        "0": 1,
        "1": 12,
        "2": 106,
        "3": 900,
        "4": 7645,
        "5": 32509,
        "6": 87426
    },
    "4029": {
        "0": 1,
        "1": 11,
        "2": 89,
        "3": 743,
        "4": 6304,
        "5": 21082,
        "6": 42129
    },
    "4030": {
        "0": 1,
        "1": 11,
        "2": 96,
        "3": 823,
        "4": 7090,
        "5": 28455,
        "6": 72533
    },
    "4031": {
        "0": 1,
        "1": 13,
        "2": 116,
        "3": 999,
        "4": 8521,
        "5": 39898,
        "6": 116111
    },
    "4032": {
        "0": 1,
        "1": 10,
        "2": 85,
        "3": 726,
        "4": 6231,
        "5": 20890,
        "6": 44468
    },
    "4033": {
        "0": 1,
        "1": 12,
        "2": 109,
        "3": 964,
        "4": 8460,
        "5": 41251,
        "6": 131790
    },
    "4034": {
        "0": 1,
        "1": 10,
        "2": 85,
        "3": 724,
        "4": 6194,
        "5": 20406,
        "6": 40257
    },
    "4035": {
        "0": 1,
        "1": 10,
        "2": 86,
        "3": 746,
        "4": 6453,
        "5": 22809,
        "6": 54695
    },
    "4036": {
        "0": 1,
        "1": 11,
        "2": 101,
        "3": 891,
        "4": 7819,
        "5": 35855,
        "6": 107970
    },
    "4037": {
        "0": 1,
        "1": 11,
        "2": 93,
        "3": 802,
        "4": 6917,
        "5": 26939,
        "6": 59339
    },
    "4038": {
        "0": 1,
        "1": 9,
        "2": 80,
        "3": 708,
        "4": 6295,
        "5": 23234,
        "6": 56524
    },
    "4039": {
        "0": 1,
        "1": 12,
        "2": 99,
        "3": 817,
        "4": 6892,
        "5": 26268,
        "6": 66799
    },
    "4040": {
        "0": 1,
        "1": 10,
        "2": 92,
        "3": 807,
        "4": 7083,
        "5": 29136,
        "6": 80939
    },
    "4041": {
        "0": 1,
        "1": 11,
        "2": 96,
        "3": 820,
        "4": 7019,
        "5": 27641,
        "6": 73378
    },
    "4042": {
        "0": 1,
        "1": 9,
        "2": 77,
        "3": 672,
        "4": 5868,
        "5": 18380,
        "6": 36186
    },
    "4043": {
        "0": 1,
        "1": 8,
        "2": 72,
        "3": 641,
        "4": 5698,
        "5": 17789,
        "6": 42504
    },
    "4044": {
        "0": 1,
        "1": 12,
        "2": 105,
        "3": 906,
        "4": 7754,
        "5": 33360,
        "6": 85619
    },
    "4045": {
        "0": 1,
        "1": 11,
        "2": 96,
        "3": 818,
        "4": 7054,
        "5": 28505,
        "6": 72539
    },
    "4046": {
        "0": 1,
        "1": 9,
        "2": 74,
        "3": 626,
        "4": 5376,
        "5": 13734,
        "6": 24575
    },
    "4047": {
        "0": 1,
        "1": 12,
        "2": 101,
        "3": 854,
        "4": 7336,
        "5": 31023,
        "6": 83426
    },
    "4048": {
        "0": 1,
        "1": 12,
        "2": 108,
        "3": 955,
        "4": 8412,
        "5": 41315,
        "6": 127923
    },
    "4049": {
        "0": 1,
        "1": 11,
        "2": 97,
        "3": 849,
        "4": 7461,
        "5": 33009,
        "6": 91717
    },
    "4050": {
        "0": 1,
        "1": 9,
        "2": 79,
        "3": 695,
        "4": 6105,
        "5": 20748,
        "6": 46637
    },
    "4051": {
        "0": 1,
        "1": 12,
        "2": 107,
        "3": 928,
        "4": 8004,
        "5": 36206,
        "6": 110716
    },
    "4052": {
        "0": 1,
        "1": 10,
        "2": 86,
        "3": 759,
        "4": 6650,
        "5": 25384,
        "6": 56699
    },
    "4053": {
        "0": 1,
        "1": 12,
        "2": 105,
        "3": 908,
        "4": 7809,
        "5": 34531,
        "6": 97278
    },
    "4054": {
        "0": 1,
        "1": 9,
        "2": 74,
        "3": 621,
        "4": 5275,
        "5": 12535,
        "6": 18958
    },
    "4055": {
        "0": 1,
        "1": 11,
        "2": 90,
        "3": 761,
        "4": 6508,
        "5": 23210,
        "6": 54314
    },
    "4056": {
        "0": 1,
        "1": 12,
        "2": 99,
        "3": 840,
        "4": 7201,
        "5": 29340,
        "6": 65740
    },
    "4057": {
        "0": 1,
        "1": 10,
        "2": 85,
        "3": 730,
        "4": 6298,
        "5": 21759,
        "6": 49513
    },
    "4058": {
        "0": 1,
        "1": 11,
        "2": 95,
        "3": 822,
        "4": 7133,
        "5": 29165,
        "6": 79063
    },
    "4059": {
        "0": 1,
        "1": 8,
        "2": 70,
        "3": 606,
        "4": 5304,
        "5": 13791,
        "6": 24569
    },
    "4060": {
        "0": 1,
        "1": 10,
        "2": 84,
        "3": 722,
        "4": 6215,
        "5": 20847,
        "6": 44456
    },
    "4061": {
        "0": 1,
        "1": 12,
        "2": 106,
        "3": 929,
        "4": 8169,
        "5": 39354,
        "6": 120185
    },
    "4062": {
        "0": 1,
        "1": 11,
        "2": 98,
        "3": 854,
        "4": 7441,
        "5": 32326,
        "6": 95578
    },
    "4063": {
        "0": 1,
        "1": 11,
        "2": 97,
        "3": 853,
        "4": 7472,
        "5": 32454,
        "6": 84658
    },
    "4064": {
        "0": 1,
        "1": 12,
        "2": 101,
        "3": 878,
        "4": 7655,
        "5": 33866,
        "6": 82695
    },
    "4065": {
        "0": 1,
        "1": 11,
        "2": 91,
        "3": 766,
        "4": 6532,
        "5": 23367,
        "6": 51596
    },
    "4066": {
        "0": 1,
        "1": 11,
        "2": 94,
        "3": 799,
        "4": 6833,
        "5": 25938,
        "6": 64613
    },
    "4067": {
        "0": 1,
        "1": 11,
        "2": 95,
        "3": 817,
        "4": 7048,
        "5": 28182,
        "6": 74937
    },
    "4068": {
        "0": 1,
        "1": 9,
        "2": 82,
        "3": 730,
        "4": 6493,
        "5": 25016,
        "6": 63045
    },
    "4069": {
        "0": 1,
        "1": 12,
        "2": 108,
        "3": 950,
        "4": 8333,
        "5": 40591,
        "6": 128604
    },
    "4070": {
        "0": 1,
        "1": 14,
        "2": 122,
        "3": 1014,
        "4": 8517,
        "5": 39680,
        "6": 111329
    },
    "4071": {
        "0": 1,
        "1": 13,
        "2": 118,
        "3": 1019,
        "4": 8779,
        "5": 43385,
        "6": 137987
    },
    "4072": {
        "0": 1,
        "1": 12,
        "2": 108,
        "3": 939,
        "4": 8111,
        "5": 37422,
        "6": 109646
    },
    "4073": {
        "0": 1,
        "1": 12,
        "2": 109,
        "3": 943,
        "4": 8107,
        "5": 37012,
        "6": 112100
    },
    "4074": {
        "0": 1,
        "1": 10,
        "2": 80,
        "3": 668,
        "4": 5605,
        "5": 14599,
        "6": 21701
    },
    "4075": {
        "0": 1,
        "1": 10,
        "2": 84,
        "3": 731,
        "4": 6353,
        "5": 22535,
        "6": 44976
    },
    "4076": {
        "0": 1,
        "1": 10,
        "2": 88,
        "3": 760,
        "4": 6570,
        "5": 23986,
        "6": 58583
    },
    "4077": {
        "0": 1,
        "1": 11,
        "2": 94,
        "3": 822,
        "4": 7142,
        "5": 29010,
        "6": 70281
    },
    "4078": {
        "0": 1,
        "1": 12,
        "2": 105,
        "3": 895,
        "4": 7589,
        "5": 31508,
        "6": 82632
    },
    "4079": {
        "0": 1,
        "1": 12,
        "2": 111,
        "3": 986,
        "4": 8627,
        "5": 42379,
        "6": 130220
    },
    "4080": {
        "0": 1,
        "1": 11,
        "2": 94,
        "3": 814,
        "4": 7088,
        "5": 28996,
        "6": 82188
    },
    "4081": {
        "0": 1,
        "1": 12,
        "2": 101,
        "3": 856,
        "4": 7315,
        "5": 30035,
        "6": 73604
    },
    "4082": {
        "0": 1,
        "1": 9,
        "2": 74,
        "3": 632,
        "4": 5463,
        "5": 14754,
        "6": 30504
    },
    "4083": {
        "0": 1,
        "1": 10,
        "2": 84,
        "3": 749,
        "4": 6675,
        "5": 26309,
        "6": 69125
    },
    "4084": {
        "0": 1,
        "1": 13,
        "2": 118,
        "3": 1037,
        "4": 9041,
        "5": 45869,
        "6": 145829
    },
    "4085": {
        "0": 1,
        "1": 9,
        "2": 72,
        "3": 608,
        "4": 5204,
        "5": 12274,
        "6": 22411
    },
    "4086": {
        "0": 1,
        "1": 13,
        "2": 112,
        "3": 942,
        "4": 7904,
        "5": 33711,
        "6": 83936
    },
    "4087": {
        "0": 1,
        "1": 12,
        "2": 109,
        "3": 951,
        "4": 8240,
        "5": 38424,
        "6": 106305
    },
    "4088": {
        "0": 1,
        "1": 11,
        "2": 93,
        "3": 786,
        "4": 6675,
        "5": 24191,
        "6": 62744
    },
    "4089": {
        "0": 1,
        "1": 11,
        "2": 95,
        "3": 817,
        "4": 7026,
        "5": 27921,
        "6": 71259
    },
    "4090": {
        "0": 1,
        "1": 10,
        "2": 85,
        "3": 730,
        "4": 6296,
        "5": 21658,
        "6": 37796
    },
    "4091": {
        "0": 1,
        "1": 11,
        "2": 98,
        "3": 871,
        "4": 7690,
        "5": 34785,
        "6": 97098
    },
    "4092": {
        "0": 1,
        "1": 10,
        "2": 89,
        "3": 802,
        "4": 7215,
        "5": 32126,
        "6": 101839
    },
    "4093": {
        "0": 1,
        "1": 12,
        "2": 105,
        "3": 911,
        "4": 7922,
        "5": 35901,
        "6": 105313
    },
    "4094": {
        "0": 1,
        "1": 11,
        "2": 98,
        "3": 856,
        "4": 7510,
        "5": 33307,
        "6": 94596
    },
    "4095": {
        "0": 1,
        "1": 8,
        "2": 70,
        "3": 611,
        "4": 5350,
        "5": 14101,
        "6": 26205
    },
    "4096": {
        "0": 1,
        "1": 12,
        "2": 108,
        "3": 960,
        "4": 8541,
        "5": 43172,
        "6": 140157
    },
    "4097": {
        "0": 1,
        "1": 11,
        "2": 93,
        "3": 780,
        "4": 6601,
        "5": 23558,
        "6": 58349
    },
    "4098": {
        "0": 1,
        "1": 12,
        "2": 109,
        "3": 953,
        "4": 8364,
        "5": 40329,
        "6": 127208
    },
    "4099": {
        "0": 1,
        "1": 10,
        "2": 87,
        "3": 756,
        "4": 6572,
        "5": 24359,
        "6": 65531
    }
}