{
    "4900": {
        "0": 1,
        "1": 8,
        "2": 70,
        "3": 612,
        "4": 5400,
        "5": 15109,
        "6": 28263
    },
    "4901": {
        "0": 1,
        "1": 10,
        "2": 88,
        "3": 779,
        "4": 6867,
        "5": 27469,
        "6": 70503
    },
    "4902": {
        "0": 1,
        "1": 10,
        "2": 88,
        "3": 777,
        "4": 6858,
        "5": 27863,
        "6": 73335
    },
    "4903": {
        "0": 1,
        "1": 10,
        "2": 83,
        "3": 700,
        "4": 5927,
        "5": 17590,
        "6": 39840
    },
    "4904": {
        "0": 1,
        "1": 11,
        "2": 94,
        "3": 810,
        "4": 6996,
        "5": 27869,
        "6": 69135
    },
    "4905": {
        "0": 1,
        "1": 8,
        "2": 69,
        "3": 586,
        "4": 4975,
        "5": 9427,
        "6": 14882
    },
    "4906": {
        "0": 1,
        "1": 13,
        "2": 111,
        "3": 924,
        "4": 7752,
        "5": 32631,
        "6": 85977
    },
    "4907": {
        "0": 1,
        "1": 10,
        "2": 84,
        "3": 722,
        "4": 6279,
        "5": 22139,
        "6": 56644
    },
    "4908": {
        "0": 1,
        "1": 9,
        "2": 73,
        "3": 620,
        "4": 5316,
        "5": 12718,
        "6": 26989
    },
    "4909": {
        "0": 1,
        "1": 9,
        "2": 79,
        "3": 710,
        "4": 6331,
        "5": 23217,
        "6": 54870
    },
    "4910": {
        "0": 1,
        "1": 12,
        "2": 107,
        "3": 944,
        "4": 8334,
        "5": 40719,
        "6": 124443
    },
    "4911": {
        "0": 1,
        "1": 10,
        "2": 81,
        "3": 677,
        "4": 5709,
        "5": 15761,
        "6": 25568
    },
    "4912": {
        "0": 1,
        "1": 10,
        "2": 84,
        "3": 710,
        "4": 6049,
        "5": 19073,
        "6": 37031
    },
    "4913": {
        "0": 1,
        "1": 12,
        "2": 103,
        "3": 862,
        "4": 7216,
        "5": 28061,
        "6": 71680
    },
    "4914": {
        "0": 1,
        "1": 11,
        "2": 98,
        "3": 859,
        "4": 7506,
        "5": 33074,
        "6": 95830
    },
    "4915": {
        "0": 1,
        "1": 11,
        "2": 94,
        "3": 794,
        "4": 6760,
        "5": 25056,
        "6": 65803
    },
    "4916": {
        "0": 1,
        "1": 10,
        "2": 86,
        "3": 752,
        "4": 6558,
        "5": 24455,
        "6": 58887
    },
    "4917": {
        "0": 1,
        "1": 11,
        "2": 93,
        "3": 790,
        "4": 6720,
        "5": 24768,
        "6": 56433
    },
    "4918": {
        "0": 1,
        "1": 13,
        "2": 116,
        "3": 1003,
        "4": 8661,
        "5": 42136,
        "6": 133975
    },
    "4919": {
        "0": 1,
        "1": 11,
        "2": 98,
        "3": 857,
        "4": 7500,
        "5": 32738,
        "6": 95302
    },
    "4920": {
        "0": 1,
        "1": 10,
        "2": 87,
        "3": 764,
        "4": 6732,
        "5": 26770,
        "6": 75317
    },
    "4921": {
        "0": 1,
        "1": 10,
        "2": 83,
        "3": 708,
        "4": 6071,
        "5": 19273,
        "6": 44535
    },
    "4922": {
        "0": 1,
        "1": 10,
        "2": 85,
        "3": 728,
        "4": 6291,
        "5": 22098,
        "6": 58111
    },
    "4923": {
        "0": 1,
        "1": 9,
        "2": 76,
        "3": 658,
        "4": 5687,
        "5": 16135,
        "6": 32314
    },
    "4924": {
        "0": 1,
        "1": 9,
        "2": 77,
        "3": 668,
        "4": 5816,
        "5": 18102,
        "6": 39855
    },
    "4925": {
        "0": 1,
        "1": 12,
        "2": 105,
        "3": 900,
        "4": 7681,
        "5": 32679,
        "6": 93634
    },
    "4926": {
        "0": 1,
        "1": 11,
        "2": 90,
        "3": 754,
        "4": 6377,
        "5": 21420,
        "6": 45691
    },
    "4927": {
        "0": 1,
        "1": 14,
        "2": 126,
        "3": 1074,
        "4": 9138,
        "5": 45495,
        "6": 142491
    },
    "4928": {
        "0": 1,
        "1": 10,
        "2": 83,
        "3": 709,
        "4": 6088,
        "5": 19585,
        "6": 39943
    },
    "4929": {
        "0": 1,
        "1": 12,
        "2": 104,
        "3": 904,
        "4": 7877,
        "5": 36130,
        "6": 107578
    },
    "4930": {
        "0": 1,
        "1": 11,
        "2": 93,
        "3": 788,
        "4": 6749,
        "5": 25445,
        "6": 58004
    },
    "4931": {
        "0": 1,
        "1": 10,
        "2": 90,
        "3": 782,
        "4": 6801,
        "5": 26307,
        "6": 67391
    },
    "4932": {
        "0": 1,
        "1": 9,
        "2": 80,
        "3": 714,
        "4": 6379,
        "5": 24107,
        "6": 65799
    },
    "4933": {
        "0": 1,
        "1": 8,
        "2": 73,
        "3": 650,
        "4": 5770,
        "5": 18334,
        "6": 40607
    },
    "4934": {
        "0": 1,
        "1": 11,
        "2": 94,
        "3": 791,
        "4": 6670,
        "5": 23735,
        "6": 54908
    },
    "4935": {
        "0": 1,
        "1": 11,
        "2": 97,
        "3": 846,
        "4": 7362,
        "5": 31154,
        "6": 90462
    },
    "4936": {
        "0": 1,
        "1": 10,
        "2": 83,
        "3": 708,
        "4": 6133,
        "5": 20934,
        "6": 41667
    },
    "4937": {
        "0": 1,
        "1": 12,
        "2": 109,
        "3": 956,
        "4": 8337,
        "5": 39993,
        "6": 121364
    },
    "4938": {
        "0": 1,
        "1": 9,
        "2": 77,
        "3": 660,
        "4": 5707,
        "5": 16836,
        "6": 31585
    },
    "4939": {
        "0": 1,
        "1": 13,
        "2": 114,
        "3": 974,
        "4": 8331,
        "5": 38596,
        "6": 118844
    },
    "4940": {
        "0": 1,
        "1": 9,
        "2": 79,
        "3": 699,
        "4": 6151,
        "5": 20794,
        "6": 41525
    },
    "4941": {
        "0": 1,
        "1": 10,
        "2": 84,
        "3": 721,
        "4": 6203,
        "5": 20771,
        "6": 43844
    },
    "4942": {
        "0": 1,
        "1": 12,
        "2": 103,
        "3": 878,
        "4": 7543,
        "5": 32421,
        "6": 88738
    },
    "4943": {
        "0": 1,
        "1": 11,
        "2": 97,
        "3": 841,
        "4": 7312,
        "5": 30937,
        "6": 87178
    },
    "4944": {
        "0": 1,
        "1": 9,
        "2": 77,
        "3": 656,
        "4": 5596,
        "5": 15084,
        "6": 28414
    },
    "4945": {
        "0": 1,
        "1": 9,
        "2": 76,
        "3": 653,
        "4": 5586,
        "5": 14803,
        "6": 26261
    },
    "4946": {
        "0": 1,
        "1": 11,
        "2": 95,
        "3": 795,
        "4": 6709,
        "5": 23974,
        "6": 52637
    },
    "4947": {
        "0": 1,
        "1": 9,
        "2": 79,
        "3": 697,
        "4": 6195,
        "5": 22459,
        "6": 53573
    },
    "4948": {
        "0": 1,
        "1": 8,
        "2": 73,
        "3": 650,
        "4": 5782,
        "5": 18652,
        "6": 41653
    },
    "4949": {
        "0": 1,
        "1": 12,
        "2": 107,
        "3": 938,
        "4": 8130,
        "5": 37502,
        "6": 101928
    },
    "4950": {
        "0": 1,
        "1": 11,
        "2": 93,
        "3": 789,
        "4": 6711,
        "5": 24386,
        "6": 54629
    },
    "4951": {
        "0": 1,
        "1": 9,
        "2": 76,
        "3": 651,
        "4": 5653,
        "5": 16728,
        "6": 31130
    },
    "4952": {
        "0": 1,
        "1": 12,
        "2": 106,
        "3": 934,
        "4": 8245,
        "5": 40099,
        "6": 122762
    },
    "4953": {
        "0": 1,
        "1": 9,
        "2": 81,
        "3": 737,
        "4": 6673,
        "5": 27435,
        "6": 76067
    },
    "4954": {
        "0": 1,
        "1": 13,
        "2": 108,
        "3": 882,
        "4": 7279,
        "5": 27983,
        "6": 59835
    },
    "4955": {
        "0": 1,
        "1": 11,
        "2": 96,
        "3": 860,
        "4": 7619,
        "5": 34197,
        "6": 97829
    },
    "4956": {
        "0": 1,
        "1": 10,
        "2": 86,
        "3": 746,
        "4": 6492,
        "5": 23945,
        "6": 58402
    },
    "4957": {
        "0": 1,
        "1": 12,
        "2": 107,
        "3": 915,
        "4": 7790,
        "5": 33673,
        "6": 89638
    },
    "4958": {
        "0": 1,
        "1": 10,
        "2": 88,
        "3": 771,
        "4": 6794,
        "5": 27194,
        "6": 73300
    },
    "4959": {
        "0": 1,
        "1": 8,
        "2": 70,
        "3": 611,
        "4": 5351,
        "5": 14144,
        "6": 25310
    },
    "4960": {
        "0": 1,
        "1": 11,
        "2": 90,
        "3": 764,
        "4": 6580,
        "5": 24440,
        "6": 57827
    },
    "4961": {
        "0": 1,
        "1": 11,
        "2": 94,
        "3": 803,
        "4": 6909,
        "5": 26986,
        "6": 66283
    },
    "4962": {
        "0": 1,
        "1": 13,
        "2": 115,
        "3": 998,
        "4": 8713,
        "5": 43820,
        "6": 139790
    },
    "4963": {
        "0": 1,
        "1": 12,
        "2": 105,
        "3": 900,
        "4": 7662,
        "5": 32479,
        "6": 83136
    },
    "4964": {
        "0": 1,
        "1": 9,
        "2": 76,
        "3": 651,
        "4": 5577,
        "5": 15101,
        "6": 28915
    },
    "4965": {
        "0": 1,
        "1": 10,
        "2": 85,
        "3": 737,
        "4": 6419,
        "5": 23380,
        "6": 58408
    },
    "4966": {
        "0": 1,
        "1": 12,
        "2": 102,
        "3": 877,
        "4": 7609,
        "5": 33431,
        "6": 92862
    },
    "4967": {
        "0": 1,
        "1": 11,
        "2": 94,
        "3": 795,
        "4": 6748,
        "5": 24746,
        "6": 62454
    },
    "4968": {
        "0": 1,
        "1": 10,
        "2": 85,
        "3": 725,
        "4": 6195,
        "5": 20419,
        "6": 50515
    },
    "4969": {
        "0": 1,
        "1": 9,
        "2": 76,
        "3": 665,
        "4": 5834,
        "5": 18412,
        "6": 39590
    },
    "4970": {
        "0": 1,
        "1": 11,
        "2": 90,
        "3": 755,
        "4": 6411,
        "5": 22071,
        "6": 41196
    },
    "4971": {
        "0": 1,
        "1": 11,
        "2": 95,
        "3": 820,
        "4": 7065,
        "5": 28241,
        "6": 79438
    },
    "4972": {
        "0": 1,
        "1": 9,
        "2": 75,
        "3": 653,
        "4": 5681,
        "5": 16367,
        "6": 35646
    },
    "4973": {
        "0": 1,
        "1": 12,
        "2": 106,
        "3": 923,
        "4": 7974,
        "5": 35698,
        "6": 106795
    },
    "4974": {
        "0": 1,
        "1": 11,
        "2": 99,
        "3": 872,
        "4": 7650,
        "5": 34317,
        "6": 98207
    },
    "4975": {
        "0": 1,
        "1": 9,
        "2": 76,
        "3": 663,
        "4": 5783,
        "5": 17490,
        "6": 38396
    },
    "4976": {
        "0": 1,
        "1": 10,
        "2": 85,
        "3": 742,
        "4": 6485,
        "5": 23860,
        "6": 56250
    },
    "4977": {
        "0": 1,
        "1": 11,
        "2": 97,
        "3": 841,
        "4": 7310,
        "5": 30705,
        "6": 77747
    },
    "4978": {
        "0": 1,
        "1": 12,
        "2": 104,
        "3": 891,
        "4": 7631,
        "5": 32962,
        "6": 79087
    },
    "4979": {
        "0": 1,
        "1": 10,
        "2": 91,
        "3": 809,
        "4": 7196,
        "5": 30900,
        "6": 88894
    },
    "4980": {
        "0": 1,
        "1": 12,
        "2": 105,
        "3": 894,
        "4": 7639,
        "5": 32774,
        "6": 89390
    },
    "4981": {
        "0": 1,
        "1": 10,
        "2": 83,
        "3": 707,
        "4": 6059,
        "5": 19198,
        "6": 38333
    },
    "4982": {
        "0": 1,
        "1": 14,
        "2": 129,
        "3": 1143,
        "4": 9965,
        "5": 53422,
        "6": 180612
    },
    "4983": {
        "0": 1,
        "1": 11,
        "2": 99,
        "3": 873,
        "4": 7654,
        "5": 34259,
        "6": 106380
    },
    "4984": {
        "0": 1,
        "1": 10,
        "2": 84,
        "3": 712,
        "4": 6093,
        "5": 19660,
        "6": 46695
    },
    "4985": {
        "0": 1,
        "1": 11,
        "2": 94,
        "3": 828,
        "4": 7320,
        "5": 32254,
        "6": 90219
    },
    "4986": {
        "0": 1,
        "1": 12,
        "2": 102,
        "3": 856,
        "4": 7223,
        "5": 28625,
        "6": 70571
    },
    "4987": {
        "0": 1,
        "1": 9,
        "2": 77,
        "3": 656,
        "4": 5631,
        "5": 15895,
        "6": 33554
    },
    "4988": {
        "0": 1,
        "1": 10,
        "2": 84,
        "3": 746,
        "4": 6616,
        "5": 25645,
        "6": 58098
    },
    "4989": {
        "0": 1,
        "1": 8,
        "2": 71,
        "3": 632,
        "4": 5639,
        "5": 17354,
        "6": 34875
    },
    "4990": {
        "0": 1,
        "1": 11,
        "2": 96,
        "3": 832,
        "4": 7235,
        "5": 30147,
        "6": 76362
    },
    "4991": {
        "0": 1,
        "1": 12,
        "2": 104,
        "3": 897,
        "4": 7785,
        "5": 34938,
        "6": 87550
    },
    "4992": {
        "0": 1,
        "1": 10,
        "2": 86,
        "3": 736,
        "4": 6326,
        "5": 21727,
        "6": 47597
    },
    "4993": {
        "0": 1,
        "1": 12,
        "2": 103,
        "3": 873,
        "4": 7403,
        "5": 30150,
        "6": 71107
    },
    "4994": {
        "0": 1,
        "1": 10,
        "2": 85,
        "3": 731,
        "4": 6313,
        "5": 21986,
        "6": 51928
    },
    "4995": {
        "0": 1,
        "1": 12,
        "2": 101,
        "3": 858,
        "4": 7387,
        "5": 31376,
        "6": 87321
    },
    "4996": {
        "0": 1,
        "1": 13,
        "2": 115,
        "3": 983,
        "4": 8505,
        "5": 41472,
        "6": 129061
    },
    "4997": {
        "0": 1,
        "1": 10,
        "2": 86,
        "3": 761,
        "4": 6728,
        "5": 26629,
        "6": 59476
    },
    "4998": {
        "0": 1,
        "1": 9,
        "2": 79,
        "3": 683,
        "4": 5932,
        "5": 18755,
        "6": 45351
    },
    "4999": {
        "0": 1,
        "1": 10,
        "2": 83,
        "3": 721,
        "4": 6262,
        "5": 21752,
        "6": 51281
    }
}