{
    "12600": {
        "0": 1,
        "1": 11,
        "2": 97,
        "3": 847,
        "4": 7376,
        "5": 31342,
        "6": 83830
    },
    "12601": {
        "0": 1,
        "1": 9,
        "2": 77,
        "3": 667,
        "4": 5783,
        "5": 17395,
        "6": 39921
    },
    "12602": {
        "0": 1,
        "1": 10,
        "2": 88,
        "3": 767,
        "4": 6709,
        "5": 25997,
        "6": 64223
    },
    "12603": {
        "0": 1,
        "1": 9,
        "2": 80,
        "3": 718,
        "4": 6413,
        "5": 24327,
        "6": 56813
    },
    "12604": {
        "0": 1,
        "1": 9,
        "2": 75,
        "3": 638,
        "4": 5464,
        "5": 14346,
        "6": 24574
    },
    "12605": {
        "0": 1,
        "1": 12,
        "2": 105,
        "3": 894,
        "4": 7577,
        "5": 31546,
        "6": 96685
    },
    "12606": {
        "0": 1,
        "1": 10,
        "2": 83,
        "3": 722,
        "4": 6321,
        "5": 22460,
        "6": 57114
    },
    "12607": {
        "0": 1,
        "1": 11,
        "2": 95,
        "3": 822,
        "4": 7084,
        "5": 28173,
        "6": 65745
    },
    "12608": {
        "0": 1,
        "1": 10,
        "2": 85,
        "3": 728,
        "4": 6250,
        "5": 21085,
        "6": 43374
    },
    "12609": {
        "0": 1,
        "1": 10,
        "2": 85,
        "3": 731,
        "4": 6249,
        "5": 20728,
        "6": 49843
    },
    "12610": {
        "0": 1,
        "1": 11,
        "2": 94,
        "3": 815,
        "4": 7109,
        "5": 29425,
        "6": 70462
    },
    "12611": {
        "0": 1,
        "1": 12,
        "2": 106,
        "3": 904,
        "4": 7689,
        "5": 32947,
        "6": 94010
    },
    "12612": {
        "0": 1,
        "1": 10,
        "2": 86,
        "3": 735,
        "4": 6352,
        "5": 22495,
        "6": 50964
    },
    "12613": {
        "0": 1,
        "1": 10,
        "2": 87,
        "3": 754,
        "4": 6556,
        "5": 24484,
        "6": 58511
    },
    "12614": {
        "0": 1,
        "1": 11,
        "2": 94,
        "3": 817,
        "4": 7111,
        "5": 29247,
        "6": 70694
    },
    "12615": {
        "0": 1,
        "1": 10,
        "2": 82,
        "3": 697,
        "4": 5944,
        "5": 17988,
        "6": 39428
    },
    "12616": {
        "0": 1,
        "1": 10,
        "2": 87,
        "3": 760,
        "4": 6678,
        "5": 26135,
        "6": 61708
    },
    "12617": {
        "0": 1,
        "1": 10,
        "2": 84,
        "3": 718,
        "4": 6161,
        "5": 20268,
        "6": 44703
    },
    "12618": {
        "0": 1,
        "1": 11,
        "2": 97,
        "3": 849,
        "4": 7467,
        "5": 32943,
        "6": 93651
    },
    "12619": {
        "0": 1,
        "1": 12,
        "2": 104,
        "3": 885,
        "4": 7562,
        "5": 32494,
        "6": 90372
    },
    "12620": {
        "0": 1,
        "1": 8,
        "2": 70,
        "3": 611,
        "4": 5370,
        "5": 14584,
        "6": 28341
    },
    "12621": {
        "0": 1,
        "1": 11,
        "2": 93,
        "3": 810,
        "4": 7082,
        "5": 29226,
        "6": 78157
    },
    "12622": {
        "0": 1,
        "1": 11,
        "2": 96,
        "3": 827,
        "4": 7106,
        "5": 28294,
        "6": 70634
    },
    "12623": {
        "0": 1,
        "1": 9,
        "2": 75,
        "3": 644,
        "4": 5563,
        "5": 15577,
        "6": 30292
    },
    "12624": {
        "0": 1,
        "1": 9,
        "2": 80,
        "3": 712,
        "4": 6325,
        "5": 23267,
        "6": 56336
    },
    "12625": {
        "0": 1,
        "1": 11,
        "2": 92,
        "3": 764,
        "4": 6417,
        "5": 21468,
        "6": 43862
    },
    "12626": {
        "0": 1,
        "1": 10,
        "2": 83,
        "3": 700,
        "4": 5962,
        "5": 18361,
        "6": 39226
    },
    "12627": {
        "0": 1,
        "1": 9,
        "2": 79,
        "3": 700,
        "4": 6181,
        "5": 21930,
        "6": 55961
    },
    "12628": {
        "0": 1,
        "1": 11,
        "2": 97,
        "3": 850,
        "4": 7395,
        "5": 31392,
        "6": 83461
    },
    "12629": {
        "0": 1,
        "1": 8,
        "2": 72,
        "3": 640,
        "4": 5686,
        "5": 17431,
        "6": 34280
    },
    "12630": {
        "0": 1,
        "1": 12,
        "2": 110,
        "3": 987,
        "4": 8779,
        "5": 44712,
        "6": 140416
    },
    "12631": {
        "0": 1,
        "1": 10,
        "2": 87,
        "3": 746,
        "4": 6436,
        "5": 23225,
        "6": 58603
    },
    "12632": {
        "0": 1,
        "1": 10,
        "2": 94,
        "3": 845,
        "4": 7526,
        "5": 33822,
        "6": 106459
    },
    "12633": {
        "0": 1,
        "1": 11,
        "2": 98,
        "3": 851,
        "4": 7358,
        "5": 30365,
        "6": 81760
    },
    "12634": {
        "0": 1,
        "1": 12,
        "2": 108,
        "3": 940,
        "4": 8122,
        "5": 37349,
        "6": 107083
    },
    "12635": {
        "0": 1,
        "1": 13,
        "2": 113,
        "3": 952,
        "4": 7999,
        "5": 34795,
        "6": 93390
    },
    "12636": {
        "0": 1,
        "1": 9,
        "2": 78,
        "3": 681,
        "4": 5986,
        "5": 19796,
        "6": 45247
    },
    "12637": {
        "0": 1,
        "1": 9,
        "2": 76,
        "3": 659,
        "4": 5774,
        "5": 18005,
        "6": 42528
    },
    "12638": {
        "0": 1,
        "1": 12,
        "2": 102,
        "3": 864,
        "4": 7387,
        "5": 30815,
        "6": 85372
    },
    "12639": {
        "0": 1,
        "1": 10,
        "2": 82,
        "3": 694,
        "4": 5895,
        "5": 17582,
        "6": 34040
    },
    "12640": {
        "0": 1,
        "1": 16,
        "2": 142,
        "3": 1169,
        "4": 9740,
        "5": 49331,
        "6": 133434
    },
    "12641": {
        "0": 1,
        "1": 11,
        "2": 97,
        "3": 868,
        "4": 7773,
        "5": 36380,
        "6": 106327
    },
    "12642": {
        "0": 1,
        "1": 12,
        "2": 106,
        "3": 894,
        "4": 7513,
        "5": 30641,
        "6": 77297
    },
    "12643": {
        "0": 1,
        "1": 12,
        "2": 105,
        "3": 900,
        "4": 7720,
        "5": 33537,
        "6": 96849
    },
    "12644": {
        "0": 1,
        "1": 10,
        "2": 84,
        "3": 740,
        "4": 6520,
        "5": 24809,
        "6": 64286
    },
    "12645": {
        "0": 1,
        "1": 11,
        "2": 91,
        "3": 764,
        "4": 6401,
        "5": 20924,
        "6": 35487
    },
    "12646": {
        "0": 1,
        "1": 18,
        "2": 177,
        "3": 1499,
        "4": 12378,
        "5": 70062,
        "6": 259169
    },
    "12647": {
        "0": 1,
        "1": 9,
        "2": 75,
        "3": 626,
        "4": 5292,
        "5": 12400,
        "6": 22675
    },
    "12648": {
        "0": 1,
        "1": 10,
        "2": 88,
        "3": 787,
        "4": 7001,
        "5": 29061,
        "6": 80083
    },
    "12649": {
        "0": 1,
        "1": 10,
        "2": 84,
        "3": 712,
        "4": 6081,
        "5": 19366,
        "6": 44552
    },
    "12650": {
        "0": 1,
        "1": 11,
        "2": 94,
        "3": 820,
        "4": 7090,
        "5": 28212,
        "6": 64018
    },
    "12651": {
        "0": 1,
        "1": 8,
        "2": 68,
        "3": 582,
        "4": 5043,
        "5": 11234,
        "6": 17445
    },
    "12652": {
        "0": 1,
        "1": 9,
        "2": 76,
        "3": 657,
        "4": 5710,
        "5": 16994,
        "6": 37283
    },
    "12653": {
        "0": 1,
        "1": 11,
        "2": 96,
        "3": 837,
        "4": 7293,
        "5": 30487,
        "6": 76835
    },
    "12654": {
        "0": 1,
        "1": 9,
        "2": 78,
        "3": 672,
        "4": 5815,
        "5": 17669,
        "6": 37022
    },
    "12655": {
        "0": 1,
        "1": 12,
        "2": 107,
        "3": 928,
        "4": 8032,
        "5": 37042,
        "6": 110701
    },
    "12656": {
        "0": 1,
        "1": 11,
        "2": 92,
        "3": 773,
        "4": 6532,
        "5": 22770,
        "6": 45271
    },
    "12657": {
        "0": 1,
        "1": 10,
        "2": 85,
        "3": 725,
        "4": 6236,
        "5": 21210,
        "6": 43454
    },
    "12658": {
        "0": 1,
        "1": 10,
        "2": 85,
        "3": 735,
        "4": 6359,
        "5": 22504,
        "6": 52705
    },
    "12659": {
        "0": 1,
        "1": 10,
        "2": 82,
        "3": 698,
        "4": 5958,
        "5": 18222,
        "6": 38194
    },
    "12660": {
        "0": 1,
        "1": 12,
        "2": 107,
        "3": 947,
        "4": 8283,
        "5": 39192,
        "6": 115672
    },
    "12661": {
        "0": 1,
        "1": 11,
        "2": 94,
        "3": 803,
        "4": 6844,
        "5": 25555,
        "6": 62827
    },
    "12662": {
        "0": 1,
        "1": 10,
        "2": 86,
        "3": 753,
        "4": 6638,
        "5": 26064,
        "6": 67961
    },
    "12663": {
        "0": 1,
        "1": 11,
        "2": 94,
        "3": 809,
        "4": 6987,
        "5": 27461,
        "6": 62945
    },
    "12664": {
        "0": 1,
        "1": 8,
        "2": 70,
        "3": 612,
        "4": 5364,
        "5": 14357,
        "6": 29551
    },
    "12665": {
        "0": 1,
        "1": 11,
        "2": 96,
        "3": 821,
        "4": 7024,
        "5": 27404,
        "6": 72158
    },
    "12666": {
        "0": 1,
        "1": 9,
        "2": 76,
        "3": 641,
        "4": 5468,
        "5": 14243,
        "6": 25455
    },
    "12667": {
        "0": 1,
        "1": 10,
        "2": 83,
        "3": 707,
        "4": 6038,
        "5": 18963,
        "6": 41351
    },
    "12668": {
        "0": 1,
        "1": 10,
        "2": 87,
        "3": 769,
        "4": 6816,
        "5": 27812,
        "6": 77017
    },
    "12669": {
        "0": 1,
        "1": 11,
        "2": 94,
        "3": 820,
        "4": 7127,
        "5": 28429,
        "6": 69822
    },
    "12670": {
        "0": 1,
        "1": 9,
        "2": 78,
        "3": 675,
        "4": 5789,
        "5": 16710,
        "6": 35059
    },
    "12671": {
        "0": 1,
        "1": 11,
        "2": 94,
        "3": 809,
        "4": 7003,
        "5": 27907,
        "6": 72624
    },
    "12672": {
        "0": 1,
        "1": 9,
        "2": 74,
        "3": 629,
        "4": 5402,
        "5": 13772,
        "6": 30373
    },
    "12673": {
        "0": 1,
        "1": 10,
        "2": 83,
        "3": 697,
        "4": 5897,
        "5": 17245,
        "6": 35299
    },
    "12674": {
        "0": 1,
        "1": 8,
        "2": 70,
        "3": 617,
        "4": 5446,
        "5": 14893,
        "6": 31557
    },
    "12675": {
        "0": 1,
        "1": 12,
        "2": 104,
        "3": 898,
        "4": 7747,
        "5": 34141,
        "6": 106374
    },
    "12676": {
        "0": 1,
        "1": 11,
        "2": 96,
        "3": 844,
        "4": 7379,
        "5": 31596,
        "6": 88360
    },
    "12677": {
        "0": 1,
        "1": 12,
        "2": 100,
        "3": 851,
        "4": 7270,
        "5": 29484,
        "6": 66987
    },
    "12678": {
        "0": 1,
        "1": 14,
        "2": 127,
        "3": 1109,
        "4": 9622,
        "5": 50496,
        "6": 160562
    },
    "12679": {
        "0": 1,
        "1": 10,
        "2": 87,
        "3": 751,
        "4": 6522,
        "5": 24181,
        "6": 59691
    },
    "12680": {
        "0": 1,
        "1": 10,
        "2": 83,
        "3": 720,
        "4": 6277,
        "5": 22219,
        "6": 49329
    },
    "12681": {
        "0": 1,
        "1": 10,
        "2": 87,
        "3": 766,
        "4": 6738,
        "5": 26701,
        "6": 73610
    },
    "12682": {
        "0": 1,
        "1": 14,
        "2": 126,
        "3": 1073,
        "4": 9072,
        "5": 44208,
        "6": 132740
    },
    "12683": {
        "0": 1,
        "1": 10,
        "2": 86,
        "3": 734,
        "4": 6292,
        "5": 21311,
        "6": 49142
    },
    "12684": {
        "0": 1,
        "1": 13,
        "2": 116,
        "3": 1019,
        "4": 8927,
        "5": 45392,
        "6": 144678
    },
    "12685": {
        "0": 1,
        "1": 9,
        "2": 75,
        "3": 642,
        "4": 5546,
        "5": 15552,
        "6": 32363
    },
    "12686": {
        "0": 1,
        "1": 9,
        "2": 81,
        "3": 729,
        "4": 6532,
        "5": 25185,
        "6": 66325
    },
    "12687": {
        "0": 1,
        "1": 13,
        "2": 119,
        "3": 1050,
        "4": 9211,
        "5": 47720,
        "6": 162513
    },
    "12688": {
        "0": 1,
        "1": 12,
        "2": 107,
        "3": 925,
        "4": 7928,
        "5": 35265,
        "6": 98909
    },
    "12689": {
        "0": 1,
        "1": 12,
        "2": 108,
        "3": 946,
        "4": 8270,
        "5": 39329,
        "6": 123167
    },
    "12690": {
        "0": 1,
        "1": 11,
        "2": 92,
        "3": 787,
        "4": 6800,
        "5": 26394,
        "6": 65974
    },
    "12691": {
        "0": 1,
        "1": 12,
        "2": 111,
        "3": 969,
        "4": 8373,
        "5": 39357,
        "6": 115942
    },
    "12692": {
        "0": 1,
        "1": 10,
        "2": 82,
        "3": 701,
        "4": 6039,
        "5": 19435,
        "6": 35767
    },
    "12693": {
        "0": 1,
        "1": 9,
        "2": 81,
        "3": 705,
        "4": 6118,
        "5": 20373,
        "6": 48937
    },
    "12694": {
        "0": 1,
        "1": 8,
        "2": 69,
        "3": 599,
        "4": 5253,
        "5": 13562,
        "6": 30485
    },
    "12695": {
        "0": 1,
        "1": 12,
        "2": 109,
        "3": 967,
        "4": 8525,
        "5": 42642,
        "6": 142998
    },
    "12696": {
        "0": 1,
        "1": 12,
        "2": 111,
        "3": 999,
        "4": 8823,
        "5": 44223,
        "6": 151197
    },
    "12697": {
        "0": 1,
        "1": 10,
        "2": 84,
        "3": 711,
        "4": 6090,
        "5": 19826,
        "6": 46076
    },
    "12698": {
        "0": 1,
        "1": 10,
        "2": 81,
        "3": 681,
        "4": 5791,
        "5": 16948,
        "6": 31667
    },
    "12699": {
        "0": 1,
        "1": 10,
        "2": 86,
        "3": 757,
        "4": 6690,
        "5": 26201,
        "6": 68634
    }
}