{
    "5800": {
        "0": 1,
        "1": 11,
        "2": 93,
        "3": 813,
        "4": 7191,
        "5": 31310,
        "6": 87999
    },
    "5801": {
        "0": 1,
        "1": 11,
        "2": 95,
        "3": 813,
        "4": 6973,
        "5": 27368,
        "6": 67233
    },
    "5802": {
        "0": 1,
        "1": 10,
        "2": 86,
        "3": 750,
        "4": 6512,
        "5": 23843,
        "6": 58477
    },
    "5803": {
        "0": 1,
        "1": 12,
        "2": 103,
        "3": 882,
        "4": 7567,
        "5": 32301,
        "6": 87649
    },
    "5804": {
        "0": 1,
        "1": 11,
        "2": 95,
        "3": 823,
        "4": 7121,
        "5": 28847,
        "6": 72238
    },
    "5805": {
        "0": 1,
        "1": 12,
        "2": 107,
        "3": 930,
        "4": 8029,
        "5": 36570,
        "6": 114899
    },
    "5806": {
        "0": 1,
        "1": 10,
        "2": 82,
        "3": 687,
        "4": 5820,
        "5": 17052,
        "6": 33895
    },
    "5807": {
        "0": 1,
        "1": 9,
        "2": 80,
        "3": 715,
        "4": 6442,
        "5": 25489,
        "6": 67798
    },
    "5808": {
        "0": 1,
        "1": 11,
        "2": 101,
        "3": 895,
        "4": 7877,
        "5": 36536,
        "6": 106285
    },
    "5809": {
        "0": 1,
        "1": 12,
        "2": 106,
        "3": 912,
        "4": 7810,
        "5": 33614,
        "6": 96803
    },
    "5810": {
        "0": 1,
        "1": 10,
        "2": 92,
        "3": 816,
        "4": 7252,
        "5": 31446,
        "6": 93285
    },
    "5811": {
        "0": 1,
        "1": 10,
        "2": 87,
        "3": 762,
        "4": 6723,
        "5": 26826,
        "6": 70087
    },
    "5812": {
        "0": 1,
        "1": 11,
        "2": 94,
        "3": 819,
        "4": 7163,
        "5": 29968,
        "6": 76930
    },
    "5813": {
        "0": 1,
        "1": 14,
        "2": 122,
        "3": 1009,
        "4": 8406,
        "5": 38077,
        "6": 106856
    },
    "5814": {
        "0": 1,
        "1": 10,
        "2": 85,
        "3": 728,
        "4": 6267,
        "5": 21452,
        "6": 51939
    },
    "5815": {
        "0": 1,
        "1": 11,
        "2": 96,
        "3": 826,
        "4": 7094,
        "5": 28177,
        "6": 76926
    },
    "5816": {
        "0": 1,
        "1": 12,
        "2": 102,
        "3": 874,
        "4": 7413,
        "5": 29944,
        "6": 79243
    },
    "5817": {
        "0": 1,
        "1": 10,
        "2": 85,
        "3": 737,
        "4": 6422,
        "5": 23410,
        "6": 51323
    },
    "5818": {
        "0": 1,
        "1": 10,
        "2": 88,
        "3": 756,
        "4": 6545,
        "5": 23660,
        "6": 57390
    },
    "5819": {
        "0": 1,
        "1": 12,
        "2": 106,
        "3": 923,
        "4": 8000,
        "5": 36529,
        "6": 96110
    },
    "5820": {
        "0": 1,
        "1": 10,
        "2": 84,
        "3": 716,
        "4": 6145,
        "5": 19732,
        "6": 44178
    },
    "5821": {
        "0": 1,
        "1": 13,
        "2": 115,
        "3": 969,
        "4": 8184,
        "5": 37067,
        "6": 106105
    },
    "5822": {
        "0": 1,
        "1": 9,
        "2": 79,
        "3": 685,
        "4": 5919,
        "5": 18512,
        "6": 38097
    },
    "5823": {
        "0": 1,
        "1": 11,
        "2": 94,
        "3": 831,
        "4": 7360,
        "5": 32254,
        "6": 88390
    },
    "5824": {
        "0": 1,
        "1": 9,
        "2": 80,
        "3": 714,
        "4": 6391,
        "5": 23803,
        "6": 62698
    },
    "5825": {
        "0": 1,
        "1": 9,
        "2": 77,
        "3": 661,
        "4": 5672,
        "5": 16057,
        "6": 32652
    },
    "5826": {
        "0": 1,
        "1": 11,
        "2": 96,
        "3": 845,
        "4": 7409,
        "5": 32100,
        "6": 86018
    },
    "5827": {
        "0": 1,
        "1": 12,
        "2": 106,
        "3": 937,
        "4": 8216,
        "5": 38643,
        "6": 107116
    },
    "5828": {
        "0": 1,
        "1": 10,
        "2": 86,
        "3": 727,
        "4": 6159,
        "5": 19652,
        "6": 39019
    },
    "5829": {
        "0": 1,
        "1": 9,
        "2": 78,
        "3": 677,
        "4": 5901,
        "5": 18822,
        "6": 40411
    },
    "5830": {
        "0": 1,
        "1": 12,
        "2": 100,
        "3": 846,
        "4": 7283,
        "5": 30438,
        "6": 80059
    },
    "5831": {
        "0": 1,
        "1": 12,
        "2": 100,
        "3": 847,
        "4": 7292,
        "5": 30504,
        "6": 82162
    },
    "5832": {
        "0": 1,
        "1": 11,
        "2": 95,
        "3": 819,
        "4": 7051,
        "5": 28195,
        "6": 77772
    },
    "5833": {
        "0": 1,
        "1": 9,
        "2": 77,
        "3": 665,
        "4": 5783,
        "5": 17739,
        "6": 37975
    },
    "5834": {
        "0": 1,
        "1": 14,
        "2": 126,
        "3": 1087,
        "4": 9453,
        "5": 49867,
        "6": 160701
    },
    "5835": {
        "0": 1,
        "1": 9,
        "2": 78,
        "3": 680,
        "4": 5993,
        "5": 20172,
        "6": 45047
    },
    "5836": {
        "0": 1,
        "1": 10,
        "2": 84,
        "3": 718,
        "4": 6179,
        "5": 20666,
        "6": 47576
    },
    "5837": {
        "0": 1,
        "1": 9,
        "2": 80,
        "3": 708,
        "4": 6274,
        "5": 22676,
        "6": 56899
    },
    "5838": {
        "0": 1,
        "1": 10,
        "2": 84,
        "3": 738,
        "4": 6509,
        "5": 24819,
        "6": 57646
    },
    "5839": {
        "0": 1,
        "1": 11,
        "2": 96,
        "3": 834,
        "4": 7309,
        "5": 31400,
        "6": 80313
    },
    "5840": {
        "0": 1,
        "1": 11,
        "2": 96,
        "3": 846,
        "4": 7516,
        "5": 34239,
        "6": 105060
    },
    "5841": {
        "0": 1,
        "1": 10,
        "2": 88,
        "3": 778,
        "4": 6901,
        "5": 28144,
        "6": 71570
    },
    "5842": {
        "0": 1,
        "1": 10,
        "2": 87,
        "3": 754,
        "4": 6565,
        "5": 24627,
        "6": 63247
    },
    "5843": {
        "0": 1,
        "1": 11,
        "2": 90,
        "3": 765,
        "4": 6531,
        "5": 23072,
        "6": 48315
    },
    "5844": {
        "0": 1,
        "1": 11,
        "2": 95,
        "3": 826,
        "4": 7220,
        "5": 30707,
        "6": 83364
    },
    "5845": {
        "0": 1,
        "1": 10,
        "2": 85,
        "3": 737,
        "4": 6399,
        "5": 22835,
        "6": 50610
    },
    "5846": {
        "0": 1,
        "1": 10,
        "2": 85,
        "3": 749,
        "4": 6561,
        "5": 24587,
        "6": 60882
    },
    "5847": {
        "0": 1,
        "1": 11,
        "2": 93,
        "3": 803,
        "4": 7013,
        "5": 28873,
        "6": 77849
    },
    "5848": {
        "0": 1,
        "1": 12,
        "2": 108,
        "3": 942,
        "4": 8200,
        "5": 38325,
        "6": 112161
    },
    "5849": {
        "0": 1,
        "1": 10,
        "2": 84,
        "3": 716,
        "4": 6179,
        "5": 20947,
        "6": 46194
    },
    "5850": {
        "0": 1,
        "1": 13,
        "2": 117,
        "3": 1020,
        "4": 8881,
        "5": 44913,
        "6": 139171
    },
    "5851": {
        "0": 1,
        "1": 9,
        "2": 72,
        "3": 601,
        "4": 5050,
        "5": 9968,
        "6": 17693
    },
    "5852": {
        "0": 1,
        "1": 11,
        "2": 96,
        "3": 855,
        "4": 7537,
        "5": 33034,
        "6": 95673
    },
    "5853": {
        "0": 1,
        "1": 11,
        "2": 102,
        "3": 951,
        "4": 8708,
        "5": 46129,
        "6": 166242
    },
    "5854": {
        "0": 1,
        "1": 11,
        "2": 97,
        "3": 847,
        "4": 7419,
        "5": 32058,
        "6": 87524
    },
    "5855": {
        "0": 1,
        "1": 12,
        "2": 99,
        "3": 812,
        "4": 6716,
        "5": 23202,
        "6": 49555
    },
    "5856": {
        "0": 1,
        "1": 10,
        "2": 85,
        "3": 725,
        "4": 6224,
        "5": 20907,
        "6": 44477
    },
    "5857": {
        "0": 1,
        "1": 10,
        "2": 88,
        "3": 779,
        "4": 6841,
        "5": 27039,
        "6": 68632
    },
    "5858": {
        "0": 1,
        "1": 11,
        "2": 98,
        "3": 863,
        "4": 7540,
        "5": 32816,
        "6": 86235
    },
    "5859": {
        "0": 1,
        "1": 11,
        "2": 92,
        "3": 776,
        "4": 6559,
        "5": 22916,
        "6": 48476
    },
    "5860": {
        "0": 1,
        "1": 10,
        "2": 79,
        "3": 642,
        "4": 5297,
        "5": 11454,
        "6": 18941
    },
    "5861": {
        "0": 1,
        "1": 10,
        "2": 87,
        "3": 761,
        "4": 6705,
        "5": 26551,
        "6": 68743
    },
    "5862": {
        "0": 1,
        "1": 12,
        "2": 104,
        "3": 894,
        "4": 7693,
        "5": 33756,
        "6": 91056
    },
    "5863": {
        "0": 1,
        "1": 10,
        "2": 91,
        "3": 825,
        "4": 7408,
        "5": 33234,
        "6": 96743
    },
    "5864": {
        "0": 1,
        "1": 10,
        "2": 83,
        "3": 697,
        "4": 5898,
        "5": 17189,
        "6": 32164
    },
    "5865": {
        "0": 1,
        "1": 10,
        "2": 88,
        "3": 763,
        "4": 6628,
        "5": 24918,
        "6": 56018
    },
    "5866": {
        "0": 1,
        "1": 10,
        "2": 87,
        "3": 758,
        "4": 6604,
        "5": 24785,
        "6": 55938
    },
    "5867": {
        "0": 1,
        "1": 11,
        "2": 94,
        "3": 818,
        "4": 7121,
        "5": 29281,
        "6": 78009
    },
    "5868": {
        "0": 1,
        "1": 10,
        "2": 85,
        "3": 743,
        "4": 6476,
        "5": 23534,
        "6": 56839
    },
    "5869": {
        "0": 1,
        "1": 12,
        "2": 106,
        "3": 927,
        "4": 8187,
        "5": 40328,
        "6": 133397
    },
    "5870": {
        "0": 1,
        "1": 10,
        "2": 92,
        "3": 838,
        "4": 7600,
        "5": 36082,
        "6": 122460
    },
    "5871": {
        "0": 1,
        "1": 11,
        "2": 96,
        "3": 831,
        "4": 7176,
        "5": 29221,
        "6": 77738
    },
    "5872": {
        "0": 1,
        "1": 12,
        "2": 108,
        "3": 943,
        "4": 8191,
        "5": 38389,
        "6": 116920
    },
    "5873": {
        "0": 1,
        "1": 12,
        "2": 105,
        "3": 894,
        "4": 7561,
        "5": 31230,
        "6": 75510
    },
    "5874": {
        "0": 1,
        "1": 12,
        "2": 106,
        "3": 909,
        "4": 7820,
        "5": 34766,
        "6": 105712
    },
    "5875": {
        "0": 1,
        "1": 11,
        "2": 99,
        "3": 868,
        "4": 7577,
        "5": 33441,
        "6": 98771
    },
    "5876": {
        "0": 1,
        "1": 10,
        "2": 87,
        "3": 770,
        "4": 6837,
        "5": 28101,
        "6": 74764
    },
    "5877": {
        "0": 1,
        "1": 11,
        "2": 95,
        "3": 829,
        "4": 7262,
        "5": 30569,
        "6": 90083
    },
    "5878": {
        "0": 1,
        "1": 13,
        "2": 120,
        "3": 1051,
        "4": 9166,
        "5": 46867,
        "6": 156756
    },
    "5879": {
        "0": 1,
        "1": 10,
        "2": 84,
        "3": 725,
        "4": 6291,
        "5": 21961,
        "6": 46406
    },
    "5880": {
        "0": 1,
        "1": 9,
        "2": 78,
        "3": 671,
        "4": 5811,
        "5": 17693,
        "6": 33973
    },
    "5881": {
        "0": 1,
        "1": 11,
        "2": 91,
        "3": 767,
        "4": 6539,
        "5": 23408,
        "6": 50670
    },
    "5882": {
        "0": 1,
        "1": 10,
        "2": 85,
        "3": 728,
        "4": 6267,
        "5": 21473,
        "6": 47552
    },
    "5883": {
        "0": 1,
        "1": 12,
        "2": 106,
        "3": 934,
        "4": 8207,
        "5": 39458,
        "6": 125417
    },
    "5884": {
        "0": 1,
        "1": 11,
        "2": 97,
        "3": 834,
        "4": 7210,
        "5": 29714,
        "6": 85797
    },
    "5885": {
        "0": 1,
        "1": 11,
        "2": 99,
        "3": 881,
        "4": 7781,
        "5": 35530,
        "6": 103130
    },
    "5886": {
        "0": 1,
        "1": 11,
        "2": 93,
        "3": 813,
        "4": 7133,
        "5": 29941,
        "6": 83826
    },
    "5887": {
        "0": 1,
        "1": 12,
        "2": 107,
        "3": 934,
        "4": 8113,
        "5": 37664,
        "6": 104924
    },
    "5888": {
        "0": 1,
        "1": 12,
        "2": 106,
        "3": 923,
        "4": 8031,
        "5": 37058,
        "6": 102586
    },
    "5889": {
        "0": 1,
        "1": 12,
        "2": 106,
        "3": 929,
        "4": 8175,
        "5": 39579,
        "6": 117652
    },
    "5890": {
        "0": 1,
        "1": 11,
        "2": 99,
        "3": 871,
        "4": 7602,
        "5": 33410,
        "6": 89957
    },
    "5891": {
        "0": 1,
        "1": 11,
        "2": 91,
        "3": 760,
        "4": 6405,
        "5": 21412,
        "6": 44076
    },
    "5892": {
        "0": 1,
        "1": 9,
        "2": 77,
        "3": 662,
        "4": 5692,
        "5": 16437,
        "6": 31347
    },
    "5893": {
        "0": 1,
        "1": 11,
        "2": 93,
        "3": 786,
        "4": 6650,
        "5": 23771,
        "6": 54029
    },
    "5894": {
        "0": 1,
        "1": 12,
        "2": 105,
        "3": 890,
        "4": 7528,
        "5": 31083,
        "6": 84102
    },
    "5895": {
        "0": 1,
        "1": 11,
        "2": 100,
        "3": 865,
        "4": 7479,
        "5": 31991,
        "6": 89548
    },
    "5896": {
        "0": 1,
        "1": 11,
        "2": 92,
        "3": 794,
        "4": 6917,
        "5": 27645,
        "6": 73382
    },
    "5897": {
        "0": 1,
        "1": 12,
        "2": 100,
        "3": 825,
        "4": 6867,
        "5": 24386,
        "6": 61877
    },
    "5898": {
        "0": 1,
        "1": 10,
        "2": 85,
        "3": 736,
        "4": 6365,
        "5": 22459,
        "6": 53420
    },
    "5899": {
        "0": 1,
        "1": 10,
        "2": 92,
        "3": 824,
        "4": 7361,
        "5": 32523,
        "6": 100928
    }
}