{
    "23900": {
        "0": 1,
        "1": 11,
        "2": 91,
        "3": 780,
        "4": 6737,
        "5": 25791,
        "6": 62087
    },
    "23901": {
        "0": 1,
        "1": 8,
        "2": 70,
        "3": 616,
        "4": 5414,
        "5": 14765,
        "6": 27654
    },
    "23902": {
        "0": 1,
        "1": 9,
        "2": 76,
        "3": 654,
        "4": 5621,
        "5": 15615,
        "6": 28866
    },
    "23903": {
        "0": 1,
        "1": 10,
        "2": 86,
        "3": 769,
        "4": 6872,
        "5": 28714,
        "6": 90608
    },
    "23904": {
        "0": 1,
        "1": 8,
        "2": 73,
        "3": 662,
        "4": 5927,
        "5": 19817,
        "6": 44155
    },
    "23905": {
        "0": 1,
        "1": 11,
        "2": 96,
        "3": 830,
        "4": 7198,
        "5": 29915,
        "6": 83642
    },
    "23906": {
        "0": 1,
        "1": 12,
        "2": 108,
        "3": 955,
        "4": 8391,
        "5": 40993,
        "6": 124775
    },
    "23907": {
        "0": 1,
        "1": 11,
        "2": 98,
        "3": 852,
        "4": 7406,
        "5": 31561,
        "6": 85386
    },
    "23908": {
        "0": 1,
        "1": 10,
        "2": 87,
        "3": 753,
        "4": 6546,
        "5": 24388,
        "6": 59573
    },
    "23909": {
        "0": 1,
        "1": 9,
        "2": 79,
        "3": 688,
        "4": 5985,
        "5": 19253,
        "6": 39720
    },
    "23910": {
        "0": 1,
        "1": 10,
        "2": 84,
        "3": 717,
        "4": 6152,
        "5": 20356,
        "6": 45221
    },
    "23911": {
        "0": 1,
        "1": 9,
        "2": 78,
        "3": 700,
        "4": 6284,
        "5": 23318,
        "6": 57618
    },
    "23912": {
        "0": 1,
        "1": 12,
        "2": 107,
        "3": 920,
        "4": 7891,
        "5": 34987,
        "6": 102032
    },
    "23913": {
        "0": 1,
        "1": 11,
        "2": 92,
        "3": 786,
        "4": 6751,
        "5": 25511,
        "6": 61097
    },
    "23914": {
        "0": 1,
        "1": 9,
        "2": 77,
        "3": 671,
        "4": 5835,
        "5": 18017,
        "6": 40047
    },
    "23915": {
        "0": 1,
        "1": 9,
        "2": 80,
        "3": 708,
        "4": 6262,
        "5": 22644,
        "6": 57157
    },
    "23916": {
        "0": 1,
        "1": 13,
        "2": 112,
        "3": 940,
        "4": 7895,
        "5": 33738,
        "6": 88026
    },
    "23917": {
        "0": 1,
        "1": 10,
        "2": 88,
        "3": 772,
        "4": 6789,
        "5": 26822,
        "6": 71395
    },
    "23918": {
        "0": 1,
        "1": 9,
        "2": 80,
        "3": 716,
        "4": 6419,
        "5": 24741,
        "6": 65789
    },
    "23919": {
        "0": 1,
        "1": 9,
        "2": 78,
        "3": 682,
        "4": 5972,
        "5": 19634,
        "6": 46876
    },
    "23920": {
        "0": 1,
        "1": 12,
        "2": 102,
        "3": 871,
        "4": 7435,
        "5": 30907,
        "6": 76007
    },
    "23921": {
        "0": 1,
        "1": 12,
        "2": 108,
        "3": 938,
        "4": 8186,
        "5": 38589,
        "6": 114198
    },
    "23922": {
        "0": 1,
        "1": 12,
        "2": 109,
        "3": 949,
        "4": 8182,
        "5": 37710,
        "6": 111619
    },
    "23923": {
        "0": 1,
        "1": 12,
        "2": 107,
        "3": 936,
        "4": 8194,
        "5": 39152,
        "6": 119947
    },
    "23924": {
        "0": 1,
        "1": 11,
        "2": 99,
        "3": 860,
        "4": 7430,
        "5": 31292,
        "6": 79599
    },
    "23925": {
        "0": 1,
        "1": 10,
        "2": 88,
        "3": 767,
        "4": 6745,
        "5": 26866,
        "6": 67777
    },
    "23926": {
        "0": 1,
        "1": 12,
        "2": 105,
        "3": 904,
        "4": 7798,
        "5": 34740,
        "6": 101024
    },
    "23927": {
        "0": 1,
        "1": 9,
        "2": 77,
        "3": 677,
        "4": 5963,
        "5": 19719,
        "6": 45403
    },
    "23928": {
        "0": 1,
        "1": 12,
        "2": 107,
        "3": 938,
        "4": 8200,
        "5": 38993,
        "6": 117159
    },
    "23929": {
        "0": 1,
        "1": 9,
        "2": 76,
        "3": 653,
        "4": 5623,
        "5": 15563,
        "6": 32138
    },
    "23930": {
        "0": 1,
        "1": 9,
        "2": 80,
        "3": 708,
        "4": 6241,
        "5": 22186,
        "6": 54901
    },
    "23931": {
        "0": 1,
        "1": 11,
        "2": 93,
        "3": 791,
        "4": 6757,
        "5": 25314,
        "6": 57663
    },
    "23932": {
        "0": 1,
        "1": 10,
        "2": 88,
        "3": 761,
        "4": 6574,
        "5": 24071,
        "6": 58454
    },
    "23933": {
        "0": 1,
        "1": 11,
        "2": 98,
        "3": 859,
        "4": 7520,
        "5": 32901,
        "6": 93457
    },
    "23934": {
        "0": 1,
        "1": 12,
        "2": 100,
        "3": 869,
        "4": 7556,
        "5": 33161,
        "6": 80684
    },
    "23935": {
        "0": 1,
        "1": 12,
        "2": 99,
        "3": 812,
        "4": 6725,
        "5": 23416,
        "6": 48992
    },
    "23936": {
        "0": 1,
        "1": 10,
        "2": 83,
        "3": 699,
        "4": 5934,
        "5": 17870,
        "6": 36961
    },
    "23937": {
        "0": 1,
        "1": 8,
        "2": 68,
        "3": 580,
        "4": 4982,
        "5": 10292,
        "6": 15294
    },
    "23938": {
        "0": 1,
        "1": 11,
        "2": 95,
        "3": 819,
        "4": 7102,
        "5": 29035,
        "6": 71227
    },
    "23939": {
        "0": 1,
        "1": 12,
        "2": 102,
        "3": 862,
        "4": 7369,
        "5": 30596,
        "6": 83607
    },
    "23940": {
        "0": 1,
        "1": 9,
        "2": 76,
        "3": 652,
        "4": 5620,
        "5": 15850,
        "6": 33049
    },
    "23941": {
        "0": 1,
        "1": 12,
        "2": 108,
        "3": 962,
        "4": 8466,
        "5": 41421,
        "6": 128561
    },
    "23942": {
        "0": 1,
        "1": 8,
        "2": 68,
        "3": 583,
        "4": 5029,
        "5": 10921,
        "6": 16112
    },
    "23943": {
        "0": 1,
        "1": 10,
        "2": 81,
        "3": 695,
        "4": 6034,
        "5": 19776,
        "6": 40989
    },
    "23944": {
        "0": 1,
        "1": 10,
        "2": 83,
        "3": 715,
        "4": 6211,
        "5": 21595,
        "6": 46635
    },
    "23945": {
        "0": 1,
        "1": 11,
        "2": 96,
        "3": 839,
        "4": 7299,
        "5": 30796,
        "6": 74369
    },
    "23946": {
        "0": 1,
        "1": 12,
        "2": 104,
        "3": 894,
        "4": 7690,
        "5": 33589,
        "6": 93688
    },
    "23947": {
        "0": 1,
        "1": 11,
        "2": 98,
        "3": 871,
        "4": 7719,
        "5": 35441,
        "6": 95579
    },
    "23948": {
        "0": 1,
        "1": 10,
        "2": 84,
        "3": 743,
        "4": 6574,
        "5": 25145,
        "6": 55094
    },
    "23949": {
        "0": 1,
        "1": 11,
        "2": 92,
        "3": 779,
        "4": 6611,
        "5": 23455,
        "6": 53765
    },
    "23950": {
        "0": 1,
        "1": 13,
        "2": 117,
        "3": 1025,
        "4": 8998,
        "5": 46234,
        "6": 140511
    },
    "23951": {
        "0": 1,
        "1": 9,
        "2": 79,
        "3": 681,
        "4": 5877,
        "5": 17836,
        "6": 37897
    },
    "23952": {
        "0": 1,
        "1": 12,
        "2": 98,
        "3": 812,
        "4": 6815,
        "5": 24930,
        "6": 57584
    },
    "23953": {
        "0": 1,
        "1": 12,
        "2": 103,
        "3": 893,
        "4": 7717,
        "5": 33511,
        "6": 87597
    },
    "23954": {
        "0": 1,
        "1": 13,
        "2": 120,
        "3": 1051,
        "4": 9152,
        "5": 46562,
        "6": 147123
    },
    "23955": {
        "0": 1,
        "1": 12,
        "2": 107,
        "3": 928,
        "4": 8041,
        "5": 37149,
        "6": 112243
    },
    "23956": {
        "0": 1,
        "1": 9,
        "2": 75,
        "3": 639,
        "4": 5481,
        "5": 14528,
        "6": 29730
    },
    "23957": {
        "0": 1,
        "1": 10,
        "2": 86,
        "3": 745,
        "4": 6439,
        "5": 22800,
        "6": 51841
    },
    "23958": {
        "0": 1,
        "1": 10,
        "2": 90,
        "3": 792,
        "4": 6971,
        "5": 28532,
        "6": 78411
    },
    "23959": {
        "0": 1,
        "1": 12,
        "2": 105,
        "3": 897,
        "4": 7623,
        "5": 32155,
        "6": 88073
    },
    "23960": {
        "0": 1,
        "1": 8,
        "2": 68,
        "3": 583,
        "4": 5042,
        "5": 11123,
        "6": 19131
    },
    "23961": {
        "0": 1,
        "1": 12,
        "2": 102,
        "3": 863,
        "4": 7358,
        "5": 30399,
        "6": 76652
    },
    "23962": {
        "0": 1,
        "1": 12,
        "2": 105,
        "3": 904,
        "4": 7753,
        "5": 33812,
        "6": 100986
    },
    "23963": {
        "0": 1,
        "1": 11,
        "2": 94,
        "3": 804,
        "4": 6861,
        "5": 25583,
        "6": 60479
    },
    "23964": {
        "0": 1,
        "1": 11,
        "2": 93,
        "3": 800,
        "4": 6938,
        "5": 27687,
        "6": 69775
    },
    "23965": {
        "0": 1,
        "1": 9,
        "2": 73,
        "3": 611,
        "4": 5158,
        "5": 11053,
        "6": 14456
    },
    "23966": {
        "0": 1,
        "1": 9,
        "2": 76,
        "3": 655,
        "4": 5623,
        "5": 15385,
        "6": 32304
    },
    "23967": {
        "0": 1,
        "1": 10,
        "2": 82,
        "3": 700,
        "4": 6017,
        "5": 19127,
        "6": 41030
    },
    "23968": {
        "0": 1,
        "1": 10,
        "2": 84,
        "3": 726,
        "4": 6339,
        "5": 22794,
        "6": 50716
    },
    "23969": {
        "0": 1,
        "1": 12,
        "2": 106,
        "3": 916,
        "4": 7904,
        "5": 35647,
        "6": 99485
    },
    "23970": {
        "0": 1,
        "1": 11,
        "2": 96,
        "3": 831,
        "4": 7219,
        "5": 29854,
        "6": 79917
    },
    "23971": {
        "0": 1,
        "1": 13,
        "2": 112,
        "3": 934,
        "4": 7886,
        "5": 34543,
        "6": 85630
    },
    "23972": {
        "0": 1,
        "1": 9,
        "2": 78,
        "3": 685,
        "4": 5982,
        "5": 19197,
        "6": 41284
    },
    "23973": {
        "0": 1,
        "1": 11,
        "2": 97,
        "3": 841,
        "4": 7269,
        "5": 30098,
        "6": 81751
    },
    "23974": {
        "0": 1,
        "1": 10,
        "2": 85,
        "3": 735,
        "4": 6473,
        "5": 24503,
        "6": 61894
    },
    "23975": {
        "0": 1,
        "1": 13,
        "2": 112,
        "3": 948,
        "4": 8029,
        "5": 35402,
        "6": 92028
    },
    "23976": {
        "0": 1,
        "1": 12,
        "2": 110,
        "3": 958,
        "4": 8276,
        "5": 38175,
        "6": 120450
    },
    "23977": {
        "0": 1,
        "1": 11,
        "2": 99,
        "3": 867,
        "4": 7558,
        "5": 33040,
        "6": 95615
    },
    "23978": {
        "0": 1,
        "1": 11,
        "2": 91,
        "3": 753,
        "4": 6283,
        "5": 20037,
        "6": 39556
    },
    "23979": {
        "0": 1,
        "1": 12,
        "2": 104,
        "3": 886,
        "4": 7537,
        "5": 31489,
        "6": 80648
    },
    "23980": {
        "0": 1,
        "1": 9,
        "2": 75,
        "3": 640,
        "4": 5484,
        "5": 14447,
        "6": 30667
    },
    "23981": {
        "0": 1,
        "1": 13,
        "2": 117,
        "3": 1019,
        "4": 8863,
        "5": 44419,
        "6": 145917
    },
    "23982": {
        "0": 1,
        "1": 9,
        "2": 75,
        "3": 643,
        "4": 5526,
        "5": 14815,
        "6": 32089
    },
    "23983": {
        "0": 1,
        "1": 12,
        "2": 101,
        "3": 860,
        "4": 7463,
        "5": 32431,
        "6": 89241
    },
    "23984": {
        "0": 1,
        "1": 11,
        "2": 96,
        "3": 840,
        "4": 7312,
        "5": 30609,
        "6": 74223
    },
    "23985": {
        "0": 1,
        "1": 12,
        "2": 98,
        "3": 814,
        "4": 6891,
        "5": 26041,
        "6": 65714
    },
    "23986": {
        "0": 1,
        "1": 12,
        "2": 106,
        "3": 925,
        "4": 8058,
        "5": 37402,
        "6": 115953
    },
    "23987": {
        "0": 1,
        "1": 10,
        "2": 89,
        "3": 781,
        "4": 6898,
        "5": 28260,
        "6": 80186
    },
    "23988": {
        "0": 1,
        "1": 11,
        "2": 92,
        "3": 782,
        "4": 6746,
        "5": 25785,
        "6": 67256
    },
    "23989": {
        "0": 1,
        "1": 13,
        "2": 114,
        "3": 961,
        "4": 8065,
        "5": 34998,
        "6": 100397
    },
    "23990": {
        "0": 1,
        "1": 9,
        "2": 75,
        "3": 649,
        "4": 5641,
        "5": 16471,
        "6": 30977
    },
    "23991": {
        "0": 1,
        "1": 10,
        "2": 85,
        "3": 736,
        "4": 6423,
        "5": 23438,
        "6": 57249
    },
    "23992": {
        "0": 1,
        "1": 10,
        "2": 85,
        "3": 729,
        "4": 6252,
        "5": 21071,
        "6": 48784
    },
    "23993": {
        "0": 1,
        "1": 9,
        "2": 77,
        "3": 673,
        "4": 5892,
        "5": 18698,
        "6": 39361
    },
    "23994": {
        "0": 1,
        "1": 12,
        "2": 107,
        "3": 919,
        "4": 7824,
        "5": 33762,
        "6": 90516
    },
    "23995": {
        "0": 1,
        "1": 10,
        "2": 83,
        "3": 710,
        "4": 6112,
        "5": 20029,
        "6": 42060
    },
    "23996": {
        "0": 1,
        "1": 10,
        "2": 87,
        "3": 778,
        "4": 6946,
        "5": 29245,
        "6": 77041
    },
    "23997": {
        "0": 1,
        "1": 14,
        "2": 120,
        "3": 991,
        "4": 8269,
        "5": 36886,
        "6": 99426
    },
    "23998": {
        "0": 1,
        "1": 13,
        "2": 115,
        "3": 993,
        "4": 8572,
        "5": 41508,
        "6": 121829
    },
    "23999": {
        "0": 1,
        "1": 12,
        "2": 105,
        "3": 916,
        "4": 7975,
        "5": 36507,
        "6": 106588
    }
}