{
    "29300": {
        "0": 1,
        "1": 12,
        "2": 108,
        "3": 943,
        "4": 8243,
        "5": 39565,
        "6": 125974
    },
    "29301": {
        "0": 1,
        "1": 11,
        "2": 92,
        "3": 777,
        "4": 6587,
        "5": 23261,
        "6": 50135
    },
    "29302": {
        "0": 1,
        "1": 12,
        "2": 103,
        "3": 872,
        "4": 7475,
        "5": 32166,
        "6": 93656
    },
    "29303": {
        "0": 1,
        "1": 11,
        "2": 96,
        "3": 833,
        "4": 7205,
        "5": 29426,
        "6": 78237
    },
    "29304": {
        "0": 1,
        "1": 11,
        "2": 95,
        "3": 828,
        "4": 7195,
        "5": 29734,
        "6": 73221
    },
    "29305": {
        "0": 1,
        "1": 10,
        "2": 82,
        "3": 699,
        "4": 5990,
        "5": 18603,
        "6": 36857
    },
    "29306": {
        "0": 1,
        "1": 10,
        "2": 85,
        "3": 730,
        "4": 6292,
        "5": 21791,
        "6": 52363
    },
    "29307": {
        "0": 1,
        "1": 9,
        "2": 76,
        "3": 658,
        "4": 5746,
        "5": 17779,
        "6": 39910
    },
    "29308": {
        "0": 1,
        "1": 9,
        "2": 78,
        "3": 676,
        "4": 5879,
        "5": 18434,
        "6": 45054
    },
    "29309": {
        "0": 1,
        "1": 11,
        "2": 92,
        "3": 790,
        "4": 6824,
        "5": 26310,
        "6": 65476
    },
    "29310": {
        "0": 1,
        "1": 10,
        "2": 90,
        "3": 795,
        "4": 6986,
        "5": 28540,
        "6": 71687
    },
    "29311": {
        "0": 1,
        "1": 11,
        "2": 91,
        "3": 780,
        "4": 6735,
        "5": 25642,
        "6": 58921
    },
    "29312": {
        "0": 1,
        "1": 10,
        "2": 87,
        "3": 773,
        "4": 6879,
        "5": 28602,
        "6": 70977
    },
    "29313": {
        "0": 1,
        "1": 9,
        "2": 78,
        "3": 698,
        "4": 6276,
        "5": 23852,
        "6": 60642
    },
    "29314": {
        "0": 1,
        "1": 11,
        "2": 96,
        "3": 836,
        "4": 7227,
        "5": 29804,
        "6": 76991
    },
    "29315": {
        "0": 1,
        "1": 11,
        "2": 95,
        "3": 804,
        "4": 6792,
        "5": 24788,
        "6": 53592
    },
    "29316": {
        "0": 1,
        "1": 11,
        "2": 94,
        "3": 836,
        "4": 7418,
        "5": 32262,
        "6": 82898
    },
    "29317": {
        "0": 1,
        "1": 12,
        "2": 108,
        "3": 925,
        "4": 7917,
        "5": 35202,
        "6": 101317
    },
    "29318": {
        "0": 1,
        "1": 11,
        "2": 94,
        "3": 786,
        "4": 6600,
        "5": 23111,
        "6": 56067
    },
    "29319": {
        "0": 1,
        "1": 10,
        "2": 89,
        "3": 805,
        "4": 7269,
        "5": 32962,
        "6": 100153
    },
    "29320": {
        "0": 1,
        "1": 13,
        "2": 116,
        "3": 976,
        "4": 8163,
        "5": 35887,
        "6": 101089
    },
    "29321": {
        "0": 1,
        "1": 10,
        "2": 86,
        "3": 761,
        "4": 6693,
        "5": 25937,
        "6": 67081
    },
    "29322": {
        "0": 1,
        "1": 12,
        "2": 102,
        "3": 873,
        "4": 7559,
        "5": 33211,
        "6": 80068
    },
    "29323": {
        "0": 1,
        "1": 13,
        "2": 115,
        "3": 982,
        "4": 8430,
        "5": 40166,
        "6": 111707
    },
    "29324": {
        "0": 1,
        "1": 12,
        "2": 104,
        "3": 886,
        "4": 7523,
        "5": 31173,
        "6": 91643
    },
    "29325": {
        "0": 1,
        "1": 10,
        "2": 88,
        "3": 769,
        "4": 6720,
        "5": 25725,
        "6": 67504
    },
    "29326": {
        "0": 1,
        "1": 10,
        "2": 81,
        "3": 673,
        "4": 5673,
        "5": 15531,
        "6": 27668
    },
    "29327": {
        "0": 1,
        "1": 10,
        "2": 85,
        "3": 718,
        "4": 6104,
        "5": 19112,
        "6": 41464
    },
    "29328": {
        "0": 1,
        "1": 11,
        "2": 98,
        "3": 867,
        "4": 7620,
        "5": 34055,
        "6": 98626
    },
    "29329": {
        "0": 1,
        "1": 11,
        "2": 91,
        "3": 772,
        "4": 6638,
        "5": 24787,
        "6": 58531
    },
    "29330": {
        "0": 1,
        "1": 14,
        "2": 131,
        "3": 1157,
        "4": 10037,
        "5": 54468,
        "6": 186074
    },
    "29331": {
        "0": 1,
        "1": 12,
        "2": 105,
        "3": 877,
        "4": 7295,
        "5": 28229,
        "6": 72275
    },
    "29332": {
        "0": 1,
        "1": 9,
        "2": 83,
        "3": 768,
        "4": 7077,
        "5": 32065,
        "6": 101572
    },
    "29333": {
        "0": 1,
        "1": 12,
        "2": 112,
        "3": 996,
        "4": 8822,
        "5": 45411,
        "6": 149875
    },
    "29334": {
        "0": 1,
        "1": 9,
        "2": 81,
        "3": 707,
        "4": 6183,
        "5": 21323,
        "6": 45931
    },
    "29335": {
        "0": 1,
        "1": 10,
        "2": 82,
        "3": 707,
        "4": 6162,
        "5": 21032,
        "6": 54937
    },
    "29336": {
        "0": 1,
        "1": 10,
        "2": 89,
        "3": 802,
        "4": 7179,
        "5": 30833,
        "6": 90785
    },
    "29337": {
        "0": 1,
        "1": 9,
        "2": 76,
        "3": 660,
        "4": 5784,
        "5": 18247,
        "6": 34902
    },
    "29338": {
        "0": 1,
        "1": 10,
        "2": 86,
        "3": 760,
        "4": 6708,
        "5": 26348,
        "6": 65921
    },
    "29339": {
        "0": 1,
        "1": 9,
        "2": 79,
        "3": 694,
        "4": 6060,
        "5": 19747,
        "6": 40558
    },
    "29340": {
        "0": 1,
        "1": 12,
        "2": 106,
        "3": 927,
        "4": 8142,
        "5": 38708,
        "6": 116475
    },
    "29341": {
        "0": 1,
        "1": 10,
        "2": 84,
        "3": 729,
        "4": 6310,
        "5": 21822,
        "6": 45405
    },
    "29342": {
        "0": 1,
        "1": 9,
        "2": 76,
        "3": 650,
        "4": 5573,
        "5": 15253,
        "6": 30451
    },
    "29343": {
        "0": 1,
        "1": 13,
        "2": 113,
        "3": 984,
        "4": 8541,
        "5": 40936,
        "6": 124308
    },
    "29344": {
        "0": 1,
        "1": 11,
        "2": 95,
        "3": 826,
        "4": 7224,
        "5": 30582,
        "6": 90986
    },
    "29345": {
        "0": 1,
        "1": 9,
        "2": 76,
        "3": 652,
        "4": 5615,
        "5": 15702,
        "6": 27645
    },
    "29346": {
        "0": 1,
        "1": 10,
        "2": 88,
        "3": 788,
        "4": 7087,
        "5": 31050,
        "6": 85342
    },
    "29347": {
        "0": 1,
        "1": 9,
        "2": 76,
        "3": 651,
        "4": 5601,
        "5": 15692,
        "6": 35793
    },
    "29348": {
        "0": 1,
        "1": 12,
        "2": 106,
        "3": 908,
        "4": 7828,
        "5": 35292,
        "6": 96167
    },
    "29349": {
        "0": 1,
        "1": 12,
        "2": 101,
        "3": 867,
        "4": 7514,
        "5": 32612,
        "6": 82108
    },
    "29350": {
        "0": 1,
        "1": 13,
        "2": 112,
        "3": 933,
        "4": 7789,
        "5": 32478,
        "6": 84711
    },
    "29351": {
        "0": 1,
        "1": 12,
        "2": 105,
        "3": 888,
        "4": 7506,
        "5": 31034,
        "6": 79921
    },
    "29352": {
        "0": 1,
        "1": 11,
        "2": 97,
        "3": 834,
        "4": 7162,
        "5": 28862,
        "6": 74505
    },
    "29353": {
        "0": 1,
        "1": 9,
        "2": 78,
        "3": 701,
        "4": 6247,
        "5": 22039,
        "6": 53792
    },
    "29354": {
        "0": 1,
        "1": 9,
        "2": 78,
        "3": 693,
        "4": 6156,
        "5": 21821,
        "6": 53693
    },
    "29355": {
        "0": 1,
        "1": 11,
        "2": 97,
        "3": 873,
        "4": 7796,
        "5": 36403,
        "6": 116208
    },
    "29356": {
        "0": 1,
        "1": 10,
        "2": 86,
        "3": 746,
        "4": 6540,
        "5": 24787,
        "6": 65619
    },
    "29357": {
        "0": 1,
        "1": 8,
        "2": 70,
        "3": 607,
        "4": 5274,
        "5": 13095,
        "6": 23270
    },
    "29358": {
        "0": 1,
        "1": 12,
        "2": 104,
        "3": 888,
        "4": 7618,
        "5": 32798,
        "6": 85088
    },
    "29359": {
        "0": 1,
        "1": 10,
        "2": 87,
        "3": 758,
        "4": 6681,
        "5": 26553,
        "6": 72943
    },
    "29360": {
        "0": 1,
        "1": 10,
        "2": 88,
        "3": 761,
        "4": 6632,
        "5": 25227,
        "6": 63596
    },
    "29361": {
        "0": 1,
        "1": 9,
        "2": 78,
        "3": 695,
        "4": 6175,
        "5": 21977,
        "6": 51906
    },
    "29362": {
        "0": 1,
        "1": 10,
        "2": 87,
        "3": 769,
        "4": 6860,
        "5": 28441,
        "6": 81505
    },
    "29363": {
        "0": 1,
        "1": 11,
        "2": 92,
        "3": 777,
        "4": 6586,
        "5": 23339,
        "6": 49943
    },
    "29364": {
        "0": 1,
        "1": 9,
        "2": 81,
        "3": 717,
        "4": 6328,
        "5": 22933,
        "6": 53341
    },
    "29365": {
        "0": 1,
        "1": 10,
        "2": 85,
        "3": 756,
        "4": 6693,
        "5": 26393,
        "6": 68046
    },
    "29366": {
        "0": 1,
        "1": 12,
        "2": 109,
        "3": 939,
        "4": 8020,
        "5": 35861,
        "6": 107153
    },
    "29367": {
        "0": 1,
        "1": 11,
        "2": 95,
        "3": 816,
        "4": 7046,
        "5": 28061,
        "6": 63303
    },
    "29368": {
        "0": 1,
        "1": 9,
        "2": 77,
        "3": 681,
        "4": 6000,
        "5": 20031,
        "6": 42350
    },
    "29369": {
        "0": 1,
        "1": 9,
        "2": 78,
        "3": 673,
        "4": 5801,
        "5": 17390,
        "6": 42122
    },
    "29370": {
        "0": 1,
        "1": 9,
        "2": 77,
        "3": 671,
        "4": 5851,
        "5": 18215,
        "6": 36584
    },
    "29371": {
        "0": 1,
        "1": 11,
        "2": 93,
        "3": 792,
        "4": 6785,
        "5": 25767,
        "6": 62163
    },
    "29372": {
        "0": 1,
        "1": 10,
        "2": 84,
        "3": 734,
        "4": 6438,
        "5": 23615,
        "6": 51384
    },
    "29373": {
        "0": 1,
        "1": 12,
        "2": 105,
        "3": 889,
        "4": 7501,
        "5": 30995,
        "6": 83298
    },
    "29374": {
        "0": 1,
        "1": 11,
        "2": 94,
        "3": 819,
        "4": 7197,
        "5": 30615,
        "6": 81453
    },
    "29375": {
        "0": 1,
        "1": 9,
        "2": 77,
        "3": 668,
        "4": 5845,
        "5": 18541,
        "6": 40491
    },
    "29376": {
        "0": 1,
        "1": 10,
        "2": 86,
        "3": 754,
        "4": 6608,
        "5": 24838,
        "6": 56989
    },
    "29377": {
        "0": 1,
        "1": 8,
        "2": 66,
        "3": 542,
        "4": 4469,
        "5": 4344,
        "6": 5627
    },
    "29378": {
        "0": 1,
        "1": 10,
        "2": 87,
        "3": 771,
        "4": 6767,
        "5": 26132,
        "6": 69400
    },
    "29379": {
        "0": 1,
        "1": 12,
        "2": 106,
        "3": 924,
        "4": 8039,
        "5": 37073,
        "6": 111247
    },
    "29380": {
        "0": 1,
        "1": 13,
        "2": 115,
        "3": 983,
        "4": 8400,
        "5": 39187,
        "6": 111275
    },
    "29381": {
        "0": 1,
        "1": 10,
        "2": 85,
        "3": 709,
        "4": 5984,
        "5": 18219,
        "6": 37084
    },
    "29382": {
        "0": 1,
        "1": 11,
        "2": 96,
        "3": 833,
        "4": 7242,
        "5": 30431,
        "6": 86468
    },
    "29383": {
        "0": 1,
        "1": 11,
        "2": 95,
        "3": 820,
        "4": 7115,
        "5": 29118,
        "6": 79229
    },
    "29384": {
        "0": 1,
        "1": 11,
        "2": 93,
        "3": 789,
        "4": 6732,
        "5": 24977,
        "6": 57425
    },
    "29385": {
        "0": 1,
        "1": 13,
        "2": 114,
        "3": 983,
        "4": 8496,
        "5": 40915,
        "6": 120107
    },
    "29386": {
        "0": 1,
        "1": 12,
        "2": 108,
        "3": 951,
        "4": 8275,
        "5": 38889,
        "6": 117323
    },
    "29387": {
        "0": 1,
        "1": 8,
        "2": 68,
        "3": 582,
        "4": 5033,
        "5": 11116,
        "6": 21777
    },
    "29388": {
        "0": 1,
        "1": 13,
        "2": 113,
        "3": 974,
        "4": 8433,
        "5": 40323,
        "6": 119732
    },
    "29389": {
        "0": 1,
        "1": 12,
        "2": 106,
        "3": 912,
        "4": 7818,
        "5": 34285,
        "6": 89107
    },
    "29390": {
        "0": 1,
        "1": 11,
        "2": 92,
        "3": 780,
        "4": 6668,
        "5": 24756,
        "6": 69916
    },
    "29391": {
        "0": 1,
        "1": 13,
        "2": 125,
        "3": 1121,
        "4": 9832,
        "5": 52930,
        "6": 183923
    },
    "29392": {
        "0": 1,
        "1": 11,
        "2": 98,
        "3": 869,
        "4": 7670,
        "5": 34611,
        "6": 93451
    },
    "29393": {
        "0": 1,
        "1": 9,
        "2": 76,
        "3": 647,
        "4": 5530,
        "5": 14528,
        "6": 26739
    },
    "29394": {
        "0": 1,
        "1": 11,
        "2": 95,
        "3": 822,
        "4": 7088,
        "5": 28552,
        "6": 69374
    },
    "29395": {
        "0": 1,
        "1": 9,
        "2": 76,
        "3": 656,
        "4": 5663,
        "5": 16281,
        "6": 27285
    },
    "29396": {
        "0": 1,
        "1": 11,
        "2": 95,
        "3": 833,
        "4": 7333,
        "5": 31764,
        "6": 88655
    },
    "29397": {
        "0": 1,
        "1": 11,
        "2": 97,
        "3": 848,
        "4": 7373,
        "5": 31229,
        "6": 88738
    },
    "29398": {
        "0": 1,
        "1": 11,
        "2": 95,
        "3": 822,
        "4": 7125,
        "5": 29157,
        "6": 74631
    },
    "29399": {
        "0": 1,
        "1": 9,
        "2": 77,
        "3": 671,
        "4": 5852,
        "5": 18301,
        "6": 40075
    }
}