{
    "200": {
        "0": 1,
        "1": 10,
        "2": 85,
        "3": 742,
        "4": 6539,
        "5": 25040,
        "6": 69637
    },
    "201": {
        "0": 1,
        "1": 9,
        "2": 82,
        "3": 725,
        "4": 6445,
        "5": 24538,
        "6": 62696
    },
    "202": {
        "0": 1,
        "1": 10,
        "2": 88,
        "3": 754,
        "4": 6494,
        "5": 23382,
        "6": 55366
    },
    "203": {
        "0": 1,
        "1": 10,
        "2": 87,
        "3": 773,
        "4": 6831,
        "5": 27500,
        "6": 81214
    },
    "204": {
        "0": 1,
        "1": 13,
        "2": 116,
        "3": 998,
        "4": 8577,
        "5": 41526,
        "6": 117009
    },
    "205": {
        "0": 1,
        "1": 10,
        "2": 86,
        "3": 747,
        "4": 6534,
        "5": 24430,
        "6": 55825
    },
    "206": {
        "0": 1,
        "1": 12,
        "2": 102,
        "3": 874,
        "4": 7518,
        "5": 32286,
        "6": 92584
    },
    "207": {
        "0": 1,
        "1": 12,
        "2": 108,
        "3": 941,
        "4": 8137,
        "5": 37380,
        "6": 105599
    },
    "208": {
        "0": 1,
        "1": 12,
        "2": 105,
        "3": 908,
        "4": 7814,
        "5": 34495,
        "6": 95648
    },
    "209": {
        "0": 1,
        "1": 11,
        "2": 92,
        "3": 764,
        "4": 6364,
        "5": 20627,
        "6": 41052
    },
    "210": {
        "0": 1,
        "1": 13,
        "2": 114,
        "3": 980,
        "4": 8402,
        "5": 39499,
        "6": 104918
    },
    "211": {
        "0": 1,
        "1": 12,
        "2": 108,
        "3": 935,
        "4": 8044,
        "5": 36366,
        "6": 105205
    },
    "212": {
        "0": 1,
        "1": 11,
        "2": 94,
        "3": 805,
        "4": 6887,
        "5": 26294,
        "6": 62983
    },
    "213": {
        "0": 1,
        "1": 11,
        "2": 98,
        "3": 859,
        "4": 7463,
        "5": 31890,
        "6": 87610
    },
    "214": {
        "0": 1,
        "1": 11,
        "2": 95,
        "3": 828,
        "4": 7207,
        "5": 29925,
        "6": 70594
    },
    "215": {
        "0": 1,
        "1": 11,
        "2": 97,
        "3": 848,
        "4": 7456,
        "5": 32549,
        "6": 90657
    },
    "216": {
        "0": 1,
        "1": 9,
        "2": 79,
        "3": 696,
        "4": 6151,
        "5": 21663,
        "6": 51880
    },
    "217": {
        "0": 1,
        "1": 9,
        "2": 77,
        "3": 670,
        "4": 5850,
        "5": 18552,
        "6": 34505
    },
    "218": {
        "0": 1,
        "1": 11,
        "2": 99,
        "3": 875,
        "4": 7645,
        "5": 33721,
        "6": 97411
    },
    "219": {
        "0": 1,
        "1": 11,
        "2": 95,
        "3": 828,
        "4": 7202,
        "5": 29962,
        "6": 74827
    },
    "220": {
        "0": 1,
        "1": 9,
        "2": 77,
        "3": 665,
        "4": 5761,
        "5": 17387,
        "6": 36333
    },
    "221": {
        "0": 1,
        "1": 10,
        "2": 87,
        "3": 751,
        "4": 6467,
        "5": 22902,
        "6": 48549
    },
    "222": {
        "0": 1,
        "1": 9,
        "2": 74,
        "3": 627,
        "4": 5359,
        "5": 13423,
        "6": 23156
    },
    "223": {
        "0": 1,
        "1": 11,
        "2": 97,
        "3": 848,
        "4": 7377,
        "5": 31711,
        "6": 88061
    },
    "224": {
        "0": 1,
        "1": 10,
        "2": 84,
        "3": 739,
        "4": 6448,
        "5": 23019,
        "6": 50748
    },
    "225": {
        "0": 1,
        "1": 11,
        "2": 96,
        "3": 837,
        "4": 7280,
        "5": 30197,
        "6": 82054
    },
    "226": {
        "0": 1,
        "1": 11,
        "2": 94,
        "3": 806,
        "4": 6928,
        "5": 27074,
        "6": 71365
    },
    "227": {
        "0": 1,
        "1": 13,
        "2": 115,
        "3": 990,
        "4": 8487,
        "5": 40046,
        "6": 126490
    },
    "228": {
        "0": 1,
        "1": 9,
        "2": 76,
        "3": 647,
        "4": 5526,
        "5": 14683,
        "6": 28445
    },
    "229": {
        "0": 1,
        "1": 11,
        "2": 97,
        "3": 845,
        "4": 7360,
        "5": 31539,
        "6": 85639
    },
    "230": {
        "0": 1,
        "1": 11,
        "2": 96,
        "3": 839,
        "4": 7444,
        "5": 33452,
        "6": 93272
    },
    "231": {
        "0": 1,
        "1": 12,
        "2": 108,
        "3": 958,
        "4": 8502,
        "5": 42198,
        "6": 131381
    },
    "232": {
        "0": 1,
        "1": 11,
        "2": 94,
        "3": 831,
        "4": 7321,
        "5": 31367,
        "6": 78649
    },
    "233": {
        "0": 1,
        "1": 13,
        "2": 114,
        "3": 971,
        "4": 8273,
        "5": 37816,
        "6": 107200
    },
    "234": {
        "0": 1,
        "1": 8,
        "2": 70,
        "3": 613,
        "4": 5422,
        "5": 15410,
        "6": 33457
    },
    "235": {
        "0": 1,
        "1": 9,
        "2": 75,
        "3": 643,
        "4": 5580,
        "5": 16063,
        "6": 32104
    },
    "236": {
        "0": 1,
        "1": 9,
        "2": 80,
        "3": 713,
        "4": 6354,
        "5": 23650,
        "6": 63347
    },
    "237": {
        "0": 1,
        "1": 10,
        "2": 83,
        "3": 708,
        "4": 6093,
        "5": 20082,
        "6": 39587
    },
    "238": {
        "0": 1,
        "1": 12,
        "2": 108,
        "3": 943,
        "4": 8163,
        "5": 37847,
        "6": 108163
    },
    "239": {
        "0": 1,
        "1": 8,
        "2": 70,
        "3": 608,
        "4": 5280,
        "5": 13182,
        "6": 22050
    },
    "240": {
        "0": 1,
        "1": 14,
        "2": 128,
        "3": 1102,
        "4": 9427,
        "5": 47715,
        "6": 147284
    },
    "241": {
        "0": 1,
        "1": 12,
        "2": 108,
        "3": 948,
        "4": 8226,
        "5": 38431,
        "6": 113635
    },
    "242": {
        "0": 1,
        "1": 10,
        "2": 89,
        "3": 770,
        "4": 6622,
        "5": 24011,
        "6": 58214
    },
    "243": {
        "0": 1,
        "1": 9,
        "2": 76,
        "3": 650,
        "4": 5639,
        "5": 16653,
        "6": 34253
    },
    "244": {
        "0": 1,
        "1": 9,
        "2": 74,
        "3": 619,
        "4": 5223,
        "5": 11660,
        "6": 17988
    },
    "245": {
        "0": 1,
        "1": 13,
        "2": 118,
        "3": 1011,
        "4": 8587,
        "5": 40254,
        "6": 121524
    },
    "246": {
        "0": 1,
        "1": 12,
        "2": 103,
        "3": 883,
        "4": 7615,
        "5": 33004,
        "6": 92901
    },
    "247": {
        "0": 1,
        "1": 14,
        "2": 119,
        "3": 990,
        "4": 8330,
        "5": 38056,
        "6": 103720
    },
    "248": {
        "0": 1,
        "1": 11,
        "2": 97,
        "3": 828,
        "4": 7033,
        "5": 27006,
        "6": 76813
    },
    "249": {
        "0": 1,
        "1": 11,
        "2": 98,
        "3": 857,
        "4": 7507,
        "5": 33154,
        "6": 99404
    },
    "250": {
        "0": 1,
        "1": 12,
        "2": 102,
        "3": 864,
        "4": 7415,
        "5": 31398,
        "6": 78998
    },
    "251": {
        "0": 1,
        "1": 12,
        "2": 105,
        "3": 928,
        "4": 8215,
        "5": 40022,
        "6": 118550
    },
    "252": {
        "0": 1,
        "1": 9,
        "2": 74,
        "3": 632,
        "4": 5467,
        "5": 14886,
        "6": 32551
    },
    "253": {
        "0": 1,
        "1": 13,
        "2": 115,
        "3": 989,
        "4": 8461,
        "5": 39623,
        "6": 109398
    },
    "254": {
        "0": 1,
        "1": 10,
        "2": 85,
        "3": 738,
        "4": 6396,
        "5": 22634,
        "6": 48813
    },
    "255": {
        "0": 1,
        "1": 11,
        "2": 93,
        "3": 803,
        "4": 6961,
        "5": 27709,
        "6": 66828
    },
    "256": {
        "0": 1,
        "1": 12,
        "2": 107,
        "3": 936,
        "4": 8141,
        "5": 37834,
        "6": 112154
    },
    "257": {
        "0": 1,
        "1": 9,
        "2": 76,
        "3": 655,
        "4": 5627,
        "5": 15574,
        "6": 29252
    },
    "258": {
        "0": 1,
        "1": 13,
        "2": 115,
        "3": 1004,
        "4": 8757,
        "5": 43444,
        "6": 126023
    },
    "259": {
        "0": 1,
        "1": 9,
        "2": 75,
        "3": 638,
        "4": 5442,
        "5": 13818,
        "6": 24608
    },
    "260": {
        "0": 1,
        "1": 9,
        "2": 78,
        "3": 663,
        "4": 5697,
        "5": 16508,
        "6": 34201
    },
    "261": {
        "0": 1,
        "1": 11,
        "2": 92,
        "3": 782,
        "4": 6680,
        "5": 24361,
        "6": 54987
    },
    "262": {
        "0": 1,
        "1": 9,
        "2": 77,
        "3": 676,
        "4": 5927,
        "5": 19267,
        "6": 38673
    },
    "263": {
        "0": 1,
        "1": 8,
        "2": 70,
        "3": 610,
        "4": 5317,
        "5": 13642,
        "6": 27620
    },
    "264": {
        "0": 1,
        "1": 12,
        "2": 105,
        "3": 911,
        "4": 7919,
        "5": 36232,
        "6": 101586
    },
    "265": {
        "0": 1,
        "1": 11,
        "2": 96,
        "3": 825,
        "4": 7074,
        "5": 27937,
        "6": 69460
    },
    "266": {
        "0": 1,
        "1": 10,
        "2": 81,
        "3": 677,
        "4": 5742,
        "5": 16410,
        "6": 31067
    },
    "267": {
        "0": 1,
        "1": 10,
        "2": 85,
        "3": 725,
        "4": 6233,
        "5": 21148,
        "6": 47197
    },
    "268": {
        "0": 1,
        "1": 9,
        "2": 77,
        "3": 653,
        "4": 5590,
        "5": 15443,
        "6": 28508
    },
    "269": {
        "0": 1,
        "1": 12,
        "2": 105,
        "3": 903,
        "4": 7738,
        "5": 33827,
        "6": 99596
    },
    "270": {
        "0": 1,
        "1": 9,
        "2": 78,
        "3": 686,
        "4": 6029,
        "5": 20315,
        "6": 41600
    },
    "271": {
        "0": 1,
        "1": 12,
        "2": 105,
        "3": 890,
        "4": 7562,
        "5": 31924,
        "6": 86744
    },
    "272": {
        "0": 1,
        "1": 10,
        "2": 84,
        "3": 717,
        "4": 6163,
        "5": 20566,
        "6": 45737
    },
    "273": {
        "0": 1,
        "1": 11,
        "2": 93,
        "3": 810,
        "4": 7045,
        "5": 28375,
        "6": 69535
    },
    "274": {
        "0": 1,
        "1": 10,
        "2": 88,
        "3": 774,
        "4": 6818,
        "5": 27250,
        "6": 74904
    },
    "275": {
        "0": 1,
        "1": 12,
        "2": 107,
        "3": 949,
        "4": 8480,
        "5": 43163,
        "6": 138713
    },
    "276": {
        "0": 1,
        "1": 9,
        "2": 79,
        "3": 690,
        "4": 6032,
        "5": 20170,
        "6": 51190
    },
    "277": {
        "0": 1,
        "1": 10,
        "2": 89,
        "3": 779,
        "4": 6806,
        "5": 26733,
        "6": 72806
    },
    "278": {
        "0": 1,
        "1": 10,
        "2": 87,
        "3": 746,
        "4": 6446,
        "5": 23221,
        "6": 55600
    },
    "279": {
        "0": 1,
        "1": 9,
        "2": 76,
        "3": 653,
        "4": 5623,
        "5": 15929,
        "6": 33766
    },
    "280": {
        "0": 1,
        "1": 11,
        "2": 95,
        "3": 824,
        "4": 7174,
        "5": 29840,
        "6": 76249
    },
    "281": {
        "0": 1,
        "1": 10,
        "2": 86,
        "3": 757,
        "4": 6644,
        "5": 25382,
        "6": 62364
    },
    "282": {
        "0": 1,
        "1": 10,
        "2": 82,
        "3": 692,
        "4": 5905,
        "5": 18002,
        "6": 40362
    },
    "283": {
        "0": 1,
        "1": 11,
        "2": 94,
        "3": 809,
        "4": 6985,
        "5": 27789,
        "6": 67218
    },
    "284": {
        "0": 1,
        "1": 9,
        "2": 80,
        "3": 706,
        "4": 6214,
        "5": 21766,
        "6": 48175
    },
    "285": {
        "0": 1,
        "1": 9,
        "2": 76,
        "3": 657,
        "4": 5725,
        "5": 17458,
        "6": 35704
    },
    "286": {
        "0": 1,
        "1": 12,
        "2": 104,
        "3": 888,
        "4": 7555,
        "5": 31627,
        "6": 78393
    },
    "287": {
        "0": 1,
        "1": 13,
        "2": 114,
        "3": 953,
        "4": 7967,
        "5": 34337,
        "6": 90911
    },
    "288": {
        "0": 1,
        "1": 11,
        "2": 100,
        "3": 867,
        "4": 7441,
        "5": 30969,
        "6": 87408
    },
    "289": {
        "0": 1,
        "1": 13,
        "2": 115,
        "3": 988,
        "4": 8465,
        "5": 40120,
        "6": 126376
    },
    "290": {
        "0": 1,
        "1": 12,
        "2": 103,
        "3": 870,
        "4": 7312,
        "5": 28912,
        "6": 71333
    },
    "291": {
        "0": 1,
        "1": 9,
        "2": 78,
        "3": 681,
        "4": 5990,
        "5": 20111,
        "6": 44309
    },
    "292": {
        "0": 1,
        "1": 11,
        "2": 96,
        "3": 826,
        "4": 7112,
        "5": 28581,
        "6": 74609
    },
    "293": {
        "0": 1,
        "1": 11,
        "2": 96,
        "3": 821,
        "4": 7036,
        "5": 27719,
        "6": 84093
    },
    "294": {
        "0": 1,
        "1": 9,
        "2": 80,
        "3": 713,
        "4": 6318,
        "5": 23055,
        "6": 57336
    },
    "295": {
        "0": 1,
        "1": 9,
        "2": 78,
        "3": 666,
        "4": 5791,
        "5": 18082,
        "6": 49303
    },
    "296": {
        "0": 1,
        "1": 12,
        "2": 102,
        "3": 867,
        "4": 7451,
        "5": 31520,
        "6": 86222
    },
    "297": {
        "0": 1,
        "1": 11,
        "2": 94,
        "3": 811,
        "4": 7006,
        "5": 28068,
        "6": 66404
    },
    "298": {
        "0": 1,
        "1": 10,
        "2": 85,
        "3": 741,
        "4": 6494,
        "5": 23997,
        "6": 51858
    },
    "299": {
        "0": 1,
        "1": 12,
        "2": 107,
        "3": 919,
        "4": 7891,
        "5": 34650,
        "6": 98463
    }
}