{
    "20300": {
        "0": 1,
        "1": 12,
        "2": 104,
        "3": 918,
        "4": 8025,
        "5": 37427,
        "6": 113324
    },
    "20301": {
        "0": 1,
        "1": 9,
        "2": 78,
        "3": 690,
        "4": 6105,
        "5": 21221,
        "6": 50451
    },
    "20302": {
        "0": 1,
        "1": 10,
        "2": 84,
        "3": 714,
        "4": 6202,
        "5": 21464,
        "6": 45895
    },
    "20303": {
        "0": 1,
        "1": 12,
        "2": 104,
        "3": 890,
        "4": 7642,
        "5": 33361,
        "6": 91180
    },
    "20304": {
        "0": 1,
        "1": 13,
        "2": 119,
        "3": 1036,
        "4": 8889,
        "5": 43263,
        "6": 127376
    },
    "20305": {
        "0": 1,
        "1": 10,
        "2": 87,
        "3": 762,
        "4": 6689,
        "5": 26053,
        "6": 69498
    },
    "20306": {
        "0": 1,
        "1": 11,
        "2": 92,
        "3": 792,
        "4": 6863,
        "5": 26597,
        "6": 68869
    },
    "20307": {
        "0": 1,
        "1": 11,
        "2": 99,
        "3": 868,
        "4": 7533,
        "5": 32589,
        "6": 91842
    },
    "20308": {
        "0": 1,
        "1": 9,
        "2": 76,
        "3": 645,
        "4": 5498,
        "5": 14362,
        "6": 22801
    },
    "20309": {
        "0": 1,
        "1": 11,
        "2": 93,
        "3": 775,
        "4": 6516,
        "5": 22421,
        "6": 51336
    },
    "20310": {
        "0": 1,
        "1": 10,
        "2": 89,
        "3": 775,
        "4": 6773,
        "5": 26544,
        "6": 69686
    },
    "20311": {
        "0": 1,
        "1": 10,
        "2": 90,
        "3": 803,
        "4": 7166,
        "5": 30727,
        "6": 82018
    },
    "20312": {
        "0": 1,
        "1": 11,
        "2": 96,
        "3": 830,
        "4": 7186,
        "5": 29819,
        "6": 82667
    },
    "20313": {
        "0": 1,
        "1": 8,
        "2": 70,
        "3": 618,
        "4": 5484,
        "5": 15917,
        "6": 34512
    },
    "20314": {
        "0": 1,
        "1": 12,
        "2": 107,
        "3": 929,
        "4": 7999,
        "5": 36187,
        "6": 103736
    },
    "20315": {
        "0": 1,
        "1": 11,
        "2": 96,
        "3": 827,
        "4": 7137,
        "5": 28631,
        "6": 74445
    },
    "20316": {
        "0": 1,
        "1": 11,
        "2": 92,
        "3": 781,
        "4": 6683,
        "5": 24802,
        "6": 58021
    },
    "20317": {
        "0": 1,
        "1": 11,
        "2": 98,
        "3": 874,
        "4": 7799,
        "5": 36579,
        "6": 111270
    },
    "20318": {
        "0": 1,
        "1": 12,
        "2": 107,
        "3": 916,
        "4": 7801,
        "5": 33584,
        "6": 91053
    },
    "20319": {
        "0": 1,
        "1": 8,
        "2": 69,
        "3": 602,
        "4": 5276,
        "5": 13451,
        "6": 25690
    },
    "20320": {
        "0": 1,
        "1": 11,
        "2": 101,
        "3": 904,
        "4": 8071,
        "5": 39206,
        "6": 116894
    },
    "20321": {
        "0": 1,
        "1": 14,
        "2": 128,
        "3": 1095,
        "4": 9348,
        "5": 47230,
        "6": 152595
    },
    "20322": {
        "0": 1,
        "1": 11,
        "2": 97,
        "3": 838,
        "4": 7242,
        "5": 29952,
        "6": 80744
    },
    "20323": {
        "0": 1,
        "1": 11,
        "2": 99,
        "3": 868,
        "4": 7579,
        "5": 33298,
        "6": 94690
    },
    "20324": {
        "0": 1,
        "1": 11,
        "2": 96,
        "3": 832,
        "4": 7245,
        "5": 30474,
        "6": 79220
    },
    "20325": {
        "0": 1,
        "1": 13,
        "2": 115,
        "3": 998,
        "4": 8664,
        "5": 42698,
        "6": 122863
    },
    "20326": {
        "0": 1,
        "1": 13,
        "2": 113,
        "3": 961,
        "4": 8224,
        "5": 38129,
        "6": 99861
    },
    "20327": {
        "0": 1,
        "1": 10,
        "2": 89,
        "3": 794,
        "4": 7075,
        "5": 30044,
        "6": 82268
    },
    "20328": {
        "0": 1,
        "1": 11,
        "2": 97,
        "3": 842,
        "4": 7252,
        "5": 29601,
        "6": 75074
    },
    "20329": {
        "0": 1,
        "1": 9,
        "2": 79,
        "3": 691,
        "4": 6061,
        "5": 20504,
        "6": 49968
    },
    "20330": {
        "0": 1,
        "1": 9,
        "2": 79,
        "3": 691,
        "4": 6009,
        "5": 19035,
        "6": 38294
    },
    "20331": {
        "0": 1,
        "1": 10,
        "2": 88,
        "3": 751,
        "4": 6453,
        "5": 22702,
        "6": 48116
    },
    "20332": {
        "0": 1,
        "1": 11,
        "2": 96,
        "3": 853,
        "4": 7564,
        "5": 34213,
        "6": 100134
    },
    "20333": {
        "0": 1,
        "1": 11,
        "2": 92,
        "3": 768,
        "4": 6472,
        "5": 22377,
        "6": 56517
    },
    "20334": {
        "0": 1,
        "1": 11,
        "2": 103,
        "3": 918,
        "4": 8065,
        "5": 37565,
        "6": 112453
    },
    "20335": {
        "0": 1,
        "1": 11,
        "2": 95,
        "3": 829,
        "4": 7230,
        "5": 30196,
        "6": 81021
    },
    "20336": {
        "0": 1,
        "1": 11,
        "2": 92,
        "3": 770,
        "4": 6512,
        "5": 22935,
        "6": 49974
    },
    "20337": {
        "0": 1,
        "1": 11,
        "2": 98,
        "3": 877,
        "4": 7826,
        "5": 36994,
        "6": 116384
    },
    "20338": {
        "0": 1,
        "1": 9,
        "2": 78,
        "3": 680,
        "4": 5976,
        "5": 19905,
        "6": 45384
    },
    "20339": {
        "0": 1,
        "1": 11,
        "2": 93,
        "3": 804,
        "4": 6978,
        "5": 27960,
        "6": 68272
    },
    "20340": {
        "0": 1,
        "1": 14,
        "2": 124,
        "3": 1059,
        "4": 9169,
        "5": 47247,
        "6": 154592
    },
    "20341": {
        "0": 1,
        "1": 8,
        "2": 71,
        "3": 626,
        "4": 5523,
        "5": 16004,
        "6": 34978
    },
    "20342": {
        "0": 1,
        "1": 11,
        "2": 96,
        "3": 845,
        "4": 7431,
        "5": 32415,
        "6": 91741
    },
    "20343": {
        "0": 1,
        "1": 10,
        "2": 87,
        "3": 757,
        "4": 6597,
        "5": 24889,
        "6": 61889
    },
    "20344": {
        "0": 1,
        "1": 11,
        "2": 98,
        "3": 862,
        "4": 7557,
        "5": 33048,
        "6": 91645
    },
    "20345": {
        "0": 1,
        "1": 9,
        "2": 73,
        "3": 612,
        "4": 5228,
        "5": 12343,
        "6": 22631
    },
    "20346": {
        "0": 1,
        "1": 12,
        "2": 107,
        "3": 924,
        "4": 7932,
        "5": 35432,
        "6": 98119
    },
    "20347": {
        "0": 1,
        "1": 12,
        "2": 104,
        "3": 894,
        "4": 7708,
        "5": 33758,
        "6": 101158
    },
    "20348": {
        "0": 1,
        "1": 10,
        "2": 88,
        "3": 774,
        "4": 6863,
        "5": 28306,
        "6": 79020
    },
    "20349": {
        "0": 1,
        "1": 9,
        "2": 77,
        "3": 670,
        "4": 5842,
        "5": 18253,
        "6": 34780
    },
    "20350": {
        "0": 1,
        "1": 12,
        "2": 102,
        "3": 859,
        "4": 7282,
        "5": 29523,
        "6": 75833
    },
    "20351": {
        "0": 1,
        "1": 10,
        "2": 84,
        "3": 708,
        "4": 6010,
        "5": 18427,
        "6": 37096
    },
    "20352": {
        "0": 1,
        "1": 11,
        "2": 101,
        "3": 896,
        "4": 7881,
        "5": 36470,
        "6": 118018
    },
    "20353": {
        "0": 1,
        "1": 10,
        "2": 85,
        "3": 735,
        "4": 6346,
        "5": 22089,
        "6": 49202
    },
    "20354": {
        "0": 1,
        "1": 12,
        "2": 106,
        "3": 917,
        "4": 7952,
        "5": 36478,
        "6": 112663
    },
    "20355": {
        "0": 1,
        "1": 11,
        "2": 94,
        "3": 808,
        "4": 7018,
        "5": 28399,
        "6": 72119
    },
    "20356": {
        "0": 1,
        "1": 11,
        "2": 96,
        "3": 838,
        "4": 7303,
        "5": 31200,
        "6": 89142
    },
    "20357": {
        "0": 1,
        "1": 9,
        "2": 79,
        "3": 700,
        "4": 6207,
        "5": 22295,
        "6": 49446
    },
    "20358": {
        "0": 1,
        "1": 11,
        "2": 96,
        "3": 842,
        "4": 7382,
        "5": 31939,
        "6": 84580
    },
    "20359": {
        "0": 1,
        "1": 11,
        "2": 91,
        "3": 772,
        "4": 6638,
        "5": 24686,
        "6": 47811
    },
    "20360": {
        "0": 1,
        "1": 12,
        "2": 104,
        "3": 887,
        "4": 7574,
        "5": 31907,
        "6": 84386
    },
    "20361": {
        "0": 1,
        "1": 14,
        "2": 132,
        "3": 1148,
        "4": 9805,
        "5": 51152,
        "6": 168657
    },
    "20362": {
        "0": 1,
        "1": 11,
        "2": 97,
        "3": 881,
        "4": 7909,
        "5": 37485,
        "6": 108404
    },
    "20363": {
        "0": 1,
        "1": 9,
        "2": 76,
        "3": 650,
        "4": 5526,
        "5": 14153,
        "6": 25892
    },
    "20364": {
        "0": 1,
        "1": 11,
        "2": 95,
        "3": 823,
        "4": 7157,
        "5": 29549,
        "6": 75868
    },
    "20365": {
        "0": 1,
        "1": 11,
        "2": 100,
        "3": 882,
        "4": 7736,
        "5": 34657,
        "6": 104276
    },
    "20366": {
        "0": 1,
        "1": 11,
        "2": 99,
        "3": 869,
        "4": 7572,
        "5": 33109,
        "6": 94104
    },
    "20367": {
        "0": 1,
        "1": 12,
        "2": 106,
        "3": 900,
        "4": 7604,
        "5": 31610,
        "6": 81227
    },
    "20368": {
        "0": 1,
        "1": 11,
        "2": 98,
        "3": 826,
        "4": 6947,
        "5": 25774,
        "6": 66395
    },
    "20369": {
        "0": 1,
        "1": 11,
        "2": 94,
        "3": 804,
        "4": 6887,
        "5": 26417,
        "6": 63075
    },
    "20370": {
        "0": 1,
        "1": 10,
        "2": 84,
        "3": 715,
        "4": 6158,
        "5": 20767,
        "6": 45763
    },
    "20371": {
        "0": 1,
        "1": 12,
        "2": 103,
        "3": 874,
        "4": 7426,
        "5": 30465,
        "6": 77451
    },
    "20372": {
        "0": 1,
        "1": 12,
        "2": 104,
        "3": 907,
        "4": 7931,
        "5": 36247,
        "6": 111264
    },
    "20373": {
        "0": 1,
        "1": 11,
        "2": 93,
        "3": 791,
        "4": 6775,
        "5": 25502,
        "6": 61909
    },
    "20374": {
        "0": 1,
        "1": 10,
        "2": 91,
        "3": 786,
        "4": 6816,
        "5": 26513,
        "6": 69627
    },
    "20375": {
        "0": 1,
        "1": 12,
        "2": 109,
        "3": 947,
        "4": 8221,
        "5": 38735,
        "6": 116135
    },
    "20376": {
        "0": 1,
        "1": 11,
        "2": 98,
        "3": 868,
        "4": 7670,
        "5": 34748,
        "6": 99211
    },
    "20377": {
        "0": 1,
        "1": 10,
        "2": 88,
        "3": 771,
        "4": 6754,
        "5": 26455,
        "6": 63126
    },
    "20378": {
        "0": 1,
        "1": 12,
        "2": 106,
        "3": 915,
        "4": 7901,
        "5": 35864,
        "6": 105867
    },
    "20379": {
        "0": 1,
        "1": 11,
        "2": 97,
        "3": 861,
        "4": 7595,
        "5": 33548,
        "6": 85589
    },
    "20380": {
        "0": 1,
        "1": 13,
        "2": 120,
        "3": 1054,
        "4": 9142,
        "5": 46249,
        "6": 148654
    },
    "20381": {
        "0": 1,
        "1": 12,
        "2": 107,
        "3": 952,
        "4": 8410,
        "5": 41328,
        "6": 120731
    },
    "20382": {
        "0": 1,
        "1": 11,
        "2": 93,
        "3": 804,
        "4": 6989,
        "5": 28138,
        "6": 67973
    },
    "20383": {
        "0": 1,
        "1": 12,
        "2": 105,
        "3": 897,
        "4": 7680,
        "5": 33282,
        "6": 85135
    },
    "20384": {
        "0": 1,
        "1": 9,
        "2": 79,
        "3": 702,
        "4": 6215,
        "5": 22293,
        "6": 51111
    },
    "20385": {
        "0": 1,
        "1": 15,
        "2": 142,
        "3": 1246,
        "4": 10765,
        "5": 59949,
        "6": 214534
    },
    "20386": {
        "0": 1,
        "1": 11,
        "2": 91,
        "3": 771,
        "4": 6563,
        "5": 23261,
        "6": 47551
    },
    "20387": {
        "0": 1,
        "1": 10,
        "2": 87,
        "3": 743,
        "4": 6382,
        "5": 22309,
        "6": 55450
    },
    "20388": {
        "0": 1,
        "1": 10,
        "2": 88,
        "3": 784,
        "4": 6983,
        "5": 29116,
        "6": 79139
    },
    "20389": {
        "0": 1,
        "1": 11,
        "2": 92,
        "3": 794,
        "4": 6882,
        "5": 27068,
        "6": 61810
    },
    "20390": {
        "0": 1,
        "1": 10,
        "2": 84,
        "3": 704,
        "4": 5944,
        "5": 17739,
        "6": 36858
    },
    "20391": {
        "0": 1,
        "1": 12,
        "2": 104,
        "3": 888,
        "4": 7605,
        "5": 32728,
        "6": 88066
    },
    "20392": {
        "0": 1,
        "1": 13,
        "2": 115,
        "3": 969,
        "4": 8097,
        "5": 35309,
        "6": 98534
    },
    "20393": {
        "0": 1,
        "1": 11,
        "2": 96,
        "3": 827,
        "4": 7139,
        "5": 28924,
        "6": 80733
    },
    "20394": {
        "0": 1,
        "1": 9,
        "2": 78,
        "3": 696,
        "4": 6184,
        "5": 22143,
        "6": 53699
    },
    "20395": {
        "0": 1,
        "1": 9,
        "2": 76,
        "3": 660,
        "4": 5753,
        "5": 17612,
        "6": 35824
    },
    "20396": {
        "0": 1,
        "1": 9,
        "2": 79,
        "3": 692,
        "4": 6044,
        "5": 19865,
        "6": 42802
    },
    "20397": {
        "0": 1,
        "1": 10,
        "2": 82,
        "3": 689,
        "4": 5838,
        "5": 17090,
        "6": 32337
    },
    "20398": {
        "0": 1,
        "1": 10,
        "2": 85,
        "3": 733,
        "4": 6361,
        "5": 22648,
        "6": 50395
    },
    "20399": {
        "0": 1,
        "1": 12,
        "2": 110,
        "3": 967,
        "4": 8359,
        "5": 39282,
        "6": 123153
    }
}