{
    "19400": {
        "0": 1,
        "1": 10,
        "2": 91,
        "3": 817,
        "4": 7338,
        "5": 33036,
        "6": 97314
    },
    "19401": {
        "0": 1,
        "1": 11,
        "2": 97,
        "3": 854,
        "4": 7505,
        "5": 33261,
        "6": 94630
    },
    "19402": {
        "0": 1,
        "1": 12,
        "2": 106,
        "3": 913,
        "4": 7932,
        "5": 36429,
        "6": 108261
    },
    "19403": {
        "0": 1,
        "1": 9,
        "2": 79,
        "3": 688,
        "4": 5988,
        "5": 19454,
        "6": 39909
    },
    "19404": {
        "0": 1,
        "1": 11,
        "2": 92,
        "3": 783,
        "4": 6728,
        "5": 25454,
        "6": 68544
    },
    "19405": {
        "0": 1,
        "1": 11,
        "2": 100,
        "3": 907,
        "4": 8154,
        "5": 40109,
        "6": 126646
    },
    "19406": {
        "0": 1,
        "1": 9,
        "2": 74,
        "3": 626,
        "4": 5354,
        "5": 13451,
        "6": 25249
    },
    "19407": {
        "0": 1,
        "1": 14,
        "2": 129,
        "3": 1119,
        "4": 9626,
        "5": 50012,
        "6": 159226
    },
    "19408": {
        "0": 1,
        "1": 11,
        "2": 96,
        "3": 830,
        "4": 7228,
        "5": 30346,
        "6": 82084
    },
    "19409": {
        "0": 1,
        "1": 10,
        "2": 88,
        "3": 784,
        "4": 6964,
        "5": 28811,
        "6": 77900
    },
    "19410": {
        "0": 1,
        "1": 10,
        "2": 84,
        "3": 703,
        "4": 5947,
        "5": 17749,
        "6": 33562
    },
    "19411": {
        "0": 1,
        "1": 9,
        "2": 73,
        "3": 609,
        "4": 5171,
        "5": 11591,
        "6": 24538
    },
    "19412": {
        "0": 1,
        "1": 11,
        "2": 97,
        "3": 840,
        "4": 7246,
        "5": 29679,
        "6": 71875
    },
    "19413": {
        "0": 1,
        "1": 9,
        "2": 76,
        "3": 663,
        "4": 5774,
        "5": 17565,
        "6": 34440
    },
    "19414": {
        "0": 1,
        "1": 8,
        "2": 68,
        "3": 585,
        "4": 5063,
        "5": 10967,
        "6": 20664
    },
    "19415": {
        "0": 1,
        "1": 11,
        "2": 99,
        "3": 875,
        "4": 7695,
        "5": 34734,
        "6": 102330
    },
    "19416": {
        "0": 1,
        "1": 9,
        "2": 81,
        "3": 728,
        "4": 6484,
        "5": 24865,
        "6": 63113
    },
    "19417": {
        "0": 1,
        "1": 12,
        "2": 105,
        "3": 903,
        "4": 7783,
        "5": 34667,
        "6": 93547
    },
    "19418": {
        "0": 1,
        "1": 9,
        "2": 82,
        "3": 726,
        "4": 6455,
        "5": 24180,
        "6": 54061
    },
    "19419": {
        "0": 1,
        "1": 9,
        "2": 76,
        "3": 662,
        "4": 5799,
        "5": 18335,
        "6": 42711
    },
    "19420": {
        "0": 1,
        "1": 10,
        "2": 88,
        "3": 773,
        "4": 6745,
        "5": 26027,
        "6": 70537
    },
    "19421": {
        "0": 1,
        "1": 12,
        "2": 106,
        "3": 923,
        "4": 8050,
        "5": 37571,
        "6": 113299
    },
    "19422": {
        "0": 1,
        "1": 10,
        "2": 86,
        "3": 737,
        "4": 6302,
        "5": 21267,
        "6": 47379
    },
    "19423": {
        "0": 1,
        "1": 9,
        "2": 79,
        "3": 694,
        "4": 6045,
        "5": 19666,
        "6": 39196
    },
    "19424": {
        "0": 1,
        "1": 9,
        "2": 78,
        "3": 686,
        "4": 6007,
        "5": 19766,
        "6": 44229
    },
    "19425": {
        "0": 1,
        "1": 9,
        "2": 79,
        "3": 692,
        "4": 6080,
        "5": 20737,
        "6": 46169
    },
    "19426": {
        "0": 1,
        "1": 9,
        "2": 81,
        "3": 721,
        "4": 6382,
        "5": 23560,
        "6": 56130
    },
    "19427": {
        "0": 1,
        "1": 13,
        "2": 119,
        "3": 1044,
        "4": 9124,
        "5": 47158,
        "6": 156705
    },
    "19428": {
        "0": 1,
        "1": 12,
        "2": 100,
        "3": 837,
        "4": 7108,
        "5": 28251,
        "6": 67094
    },
    "19429": {
        "0": 1,
        "1": 13,
        "2": 116,
        "3": 1005,
        "4": 8617,
        "5": 41176,
        "6": 121557
    },
    "19430": {
        "0": 1,
        "1": 10,
        "2": 85,
        "3": 726,
        "4": 6237,
        "5": 20976,
        "6": 43590
    },
    "19431": {
        "0": 1,
        "1": 11,
        "2": 97,
        "3": 850,
        "4": 7432,
        "5": 32178,
        "6": 93119
    },
    "19432": {
        "0": 1,
        "1": 15,
        "2": 135,
        "3": 1131,
        "4": 9552,
        "5": 48919,
        "6": 156474
    },
    "19433": {
        "0": 1,
        "1": 8,
        "2": 67,
        "3": 563,
        "4": 4762,
        "5": 7712,
        "6": 13810
    },
    "19434": {
        "0": 1,
        "1": 10,
        "2": 85,
        "3": 729,
        "4": 6259,
        "5": 21243,
        "6": 50781
    },
    "19435": {
        "0": 1,
        "1": 11,
        "2": 102,
        "3": 910,
        "4": 8075,
        "5": 38906,
        "6": 119889
    },
    "19436": {
        "0": 1,
        "1": 9,
        "2": 76,
        "3": 653,
        "4": 5659,
        "5": 16587,
        "6": 33943
    },
    "19437": {
        "0": 1,
        "1": 12,
        "2": 104,
        "3": 879,
        "4": 7432,
        "5": 30363,
        "6": 79498
    },
    "19438": {
        "0": 1,
        "1": 9,
        "2": 73,
        "3": 616,
        "4": 5293,
        "5": 13285,
        "6": 27156
    },
    "19439": {
        "0": 1,
        "1": 12,
        "2": 107,
        "3": 931,
        "4": 8015,
        "5": 36238,
        "6": 106799
    },
    "19440": {
        "0": 1,
        "1": 11,
        "2": 95,
        "3": 810,
        "4": 6949,
        "5": 27205,
        "6": 66253
    },
    "19441": {
        "0": 1,
        "1": 12,
        "2": 108,
        "3": 950,
        "4": 8278,
        "5": 39273,
        "6": 123559
    },
    "19442": {
        "0": 1,
        "1": 10,
        "2": 83,
        "3": 698,
        "4": 5932,
        "5": 17990,
        "6": 36803
    },
    "19443": {
        "0": 1,
        "1": 11,
        "2": 92,
        "3": 772,
        "4": 6532,
        "5": 22664,
        "6": 53417
    },
    "19444": {
        "0": 1,
        "1": 9,
        "2": 77,
        "3": 671,
        "4": 5861,
        "5": 18435,
        "6": 36863
    },
    "19445": {
        "0": 1,
        "1": 11,
        "2": 92,
        "3": 767,
        "4": 6483,
        "5": 22591,
        "6": 51334
    },
    "19446": {
        "0": 1,
        "1": 12,
        "2": 109,
        "3": 955,
        "4": 8257,
        "5": 38306,
        "6": 106627
    },
    "19447": {
        "0": 1,
        "1": 11,
        "2": 94,
        "3": 800,
        "4": 6812,
        "5": 25503,
        "6": 57616
    },
    "19448": {
        "0": 1,
        "1": 12,
        "2": 111,
        "3": 991,
        "4": 8745,
        "5": 43734,
        "6": 134353
    },
    "19449": {
        "0": 1,
        "1": 11,
        "2": 95,
        "3": 827,
        "4": 7207,
        "5": 30052,
        "6": 78882
    },
    "19450": {
        "0": 1,
        "1": 9,
        "2": 79,
        "3": 687,
        "4": 5977,
        "5": 19191,
        "6": 42921
    },
    "19451": {
        "0": 1,
        "1": 11,
        "2": 95,
        "3": 835,
        "4": 7419,
        "5": 33615,
        "6": 96473
    },
    "19452": {
        "0": 1,
        "1": 11,
        "2": 95,
        "3": 849,
        "4": 7552,
        "5": 34191,
        "6": 100442
    },
    "19453": {
        "0": 1,
        "1": 10,
        "2": 86,
        "3": 739,
        "4": 6348,
        "5": 21799,
        "6": 54546
    },
    "19454": {
        "0": 1,
        "1": 12,
        "2": 108,
        "3": 926,
        "4": 7939,
        "5": 35434,
        "6": 94647
    },
    "19455": {
        "0": 1,
        "1": 9,
        "2": 78,
        "3": 686,
        "4": 6048,
        "5": 20666,
        "6": 45906
    },
    "19456": {
        "0": 1,
        "1": 12,
        "2": 107,
        "3": 939,
        "4": 8260,
        "5": 40116,
        "6": 123212
    },
    "19457": {
        "0": 1,
        "1": 11,
        "2": 94,
        "3": 808,
        "4": 6948,
        "5": 27078,
        "6": 67575
    },
    "19458": {
        "0": 1,
        "1": 12,
        "2": 111,
        "3": 983,
        "4": 8593,
        "5": 42171,
        "6": 139145
    },
    "19459": {
        "0": 1,
        "1": 11,
        "2": 95,
        "3": 822,
        "4": 7166,
        "5": 30121,
        "6": 79093
    },
    "19460": {
        "0": 1,
        "1": 10,
        "2": 87,
        "3": 763,
        "4": 6724,
        "5": 26388,
        "6": 69072
    },
    "19461": {
        "0": 1,
        "1": 9,
        "2": 81,
        "3": 718,
        "4": 6373,
        "5": 23928,
        "6": 62507
    },
    "19462": {
        "0": 1,
        "1": 11,
        "2": 94,
        "3": 827,
        "4": 7271,
        "5": 30997,
        "6": 83722
    },
    "19463": {
        "0": 1,
        "1": 10,
        "2": 84,
        "3": 721,
        "4": 6214,
        "5": 20982,
        "6": 46779
    },
    "19464": {
        "0": 1,
        "1": 11,
        "2": 100,
        "3": 899,
        "4": 8011,
        "5": 38348,
        "6": 120648
    },
    "19465": {
        "0": 1,
        "1": 11,
        "2": 98,
        "3": 855,
        "4": 7469,
        "5": 32358,
        "6": 84825
    },
    "19466": {
        "0": 1,
        "1": 10,
        "2": 84,
        "3": 716,
        "4": 6150,
        "5": 20012,
        "6": 44485
    },
    "19467": {
        "0": 1,
        "1": 13,
        "2": 115,
        "3": 969,
        "4": 8167,
        "5": 36525,
        "6": 107881
    },
    "19468": {
        "0": 1,
        "1": 11,
        "2": 96,
        "3": 834,
        "4": 7232,
        "5": 30156,
        "6": 76853
    },
    "19469": {
        "0": 1,
        "1": 10,
        "2": 85,
        "3": 739,
        "4": 6509,
        "5": 25151,
        "6": 62698
    },
    "19470": {
        "0": 1,
        "1": 8,
        "2": 71,
        "3": 622,
        "4": 5452,
        "5": 15076,
        "6": 30327
    },
    "19471": {
        "0": 1,
        "1": 10,
        "2": 88,
        "3": 776,
        "4": 6861,
        "5": 27809,
        "6": 74728
    },
    "19472": {
        "0": 1,
        "1": 11,
        "2": 98,
        "3": 849,
        "4": 7297,
        "5": 29737,
        "6": 79256
    },
    "19473": {
        "0": 1,
        "1": 11,
        "2": 96,
        "3": 834,
        "4": 7264,
        "5": 30251,
        "6": 75891
    },
    "19474": {
        "0": 1,
        "1": 12,
        "2": 107,
        "3": 922,
        "4": 7917,
        "5": 35444,
        "6": 110936
    },
    "19475": {
        "0": 1,
        "1": 11,
        "2": 99,
        "3": 890,
        "4": 7965,
        "5": 38360,
        "6": 116994
    },
    "19476": {
        "0": 1,
        "1": 8,
        "2": 70,
        "3": 604,
        "4": 5236,
        "5": 12840,
        "6": 23359
    },
    "19477": {
        "0": 1,
        "1": 12,
        "2": 101,
        "3": 856,
        "4": 7307,
        "5": 29510,
        "6": 70529
    },
    "19478": {
        "0": 1,
        "1": 11,
        "2": 97,
        "3": 850,
        "4": 7463,
        "5": 32906,
        "6": 95561
    },
    "19479": {
        "0": 1,
        "1": 11,
        "2": 99,
        "3": 865,
        "4": 7454,
        "5": 31429,
        "6": 83075
    },
    "19480": {
        "0": 1,
        "1": 10,
        "2": 87,
        "3": 762,
        "4": 6679,
        "5": 25854,
        "6": 66950
    },
    "19481": {
        "0": 1,
        "1": 11,
        "2": 95,
        "3": 812,
        "4": 6965,
        "5": 27223,
        "6": 71330
    },
    "19482": {
        "0": 1,
        "1": 11,
        "2": 100,
        "3": 879,
        "4": 7714,
        "5": 34941,
        "6": 101489
    },
    "19483": {
        "0": 1,
        "1": 12,
        "2": 108,
        "3": 958,
        "4": 8384,
        "5": 40026,
        "6": 125249
    },
    "19484": {
        "0": 1,
        "1": 8,
        "2": 68,
        "3": 591,
        "4": 5183,
        "5": 12917,
        "6": 25591
    },
    "19485": {
        "0": 1,
        "1": 11,
        "2": 98,
        "3": 866,
        "4": 7665,
        "5": 34936,
        "6": 96761
    },
    "19486": {
        "0": 1,
        "1": 10,
        "2": 85,
        "3": 739,
        "4": 6463,
        "5": 24090,
        "6": 62101
    },
    "19487": {
        "0": 1,
        "1": 9,
        "2": 79,
        "3": 690,
        "4": 6010,
        "5": 19165,
        "6": 41904
    },
    "19488": {
        "0": 1,
        "1": 11,
        "2": 92,
        "3": 785,
        "4": 6773,
        "5": 26111,
        "6": 63451
    },
    "19489": {
        "0": 1,
        "1": 13,
        "2": 123,
        "3": 1089,
        "4": 9454,
        "5": 49079,
        "6": 161936
    },
    "19490": {
        "0": 1,
        "1": 9,
        "2": 80,
        "3": 699,
        "4": 6094,
        "5": 20279,
        "6": 46689
    },
    "19491": {
        "0": 1,
        "1": 12,
        "2": 102,
        "3": 858,
        "4": 7293,
        "5": 29656,
        "6": 75451
    },
    "19492": {
        "0": 1,
        "1": 11,
        "2": 97,
        "3": 863,
        "4": 7613,
        "5": 34025,
        "6": 98598
    },
    "19493": {
        "0": 1,
        "1": 11,
        "2": 96,
        "3": 834,
        "4": 7236,
        "5": 30175,
        "6": 81135
    },
    "19494": {
        "0": 1,
        "1": 9,
        "2": 82,
        "3": 751,
        "4": 6827,
        "5": 28586,
        "6": 83268
    },
    "19495": {
        "0": 1,
        "1": 9,
        "2": 77,
        "3": 668,
        "4": 5799,
        "5": 17688,
        "6": 38501
    },
    "19496": {
        "0": 1,
        "1": 11,
        "2": 100,
        "3": 875,
        "4": 7635,
        "5": 33980,
        "6": 95783
    },
    "19497": {
        "0": 1,
        "1": 10,
        "2": 84,
        "3": 724,
        "4": 6302,
        "5": 22490,
        "6": 44983
    },
    "19498": {
        "0": 1,
        "1": 9,
        "2": 78,
        "3": 691,
        "4": 6129,
        "5": 21632,
        "6": 51211
    },
    "19499": {
        "0": 1,
        "1": 11,
        "2": 94,
        "3": 814,
        "4": 7092,
        "5": 29094,
        "6": 71228
    }
}