{
    "10300": {
        "0": 1,
        "1": 8,
        "2": 68,
        "3": 575,
        "4": 4910,
        "5": 9456,
        "6": 14964
    },
    "10301": {
        "0": 1,
        "1": 9,
        "2": 78,
        "3": 699,
        "4": 6251,
        "5": 22977,
        "6": 56397
    },
    "10302": {
        "0": 1,
        "1": 8,
        "2": 70,
        "3": 610,
        "4": 5320,
        "5": 13718,
        "6": 23195
    },
    "10303": {
        "0": 1,
        "1": 12,
        "2": 104,
        "3": 889,
        "4": 7584,
        "5": 31605,
        "6": 88342
    },
    "10304": {
        "0": 1,
        "1": 10,
        "2": 83,
        "3": 715,
        "4": 6215,
        "5": 21573,
        "6": 50985
    },
    "10305": {
        "0": 1,
        "1": 11,
        "2": 96,
        "3": 820,
        "4": 7025,
        "5": 27662,
        "6": 72200
    },
    "10306": {
        "0": 1,
        "1": 9,
        "2": 80,
        "3": 709,
        "4": 6274,
        "5": 22763,
        "6": 51907
    },
    "10307": {
        "0": 1,
        "1": 11,
        "2": 96,
        "3": 849,
        "4": 7460,
        "5": 32558,
        "6": 82340
    },
    "10308": {
        "0": 1,
        "1": 13,
        "2": 114,
        "3": 958,
        "4": 8057,
        "5": 35553,
        "6": 98725
    },
    "10309": {
        "0": 1,
        "1": 12,
        "2": 106,
        "3": 918,
        "4": 7915,
        "5": 35248,
        "6": 99621
    },
    "10310": {
        "0": 1,
        "1": 12,
        "2": 100,
        "3": 840,
        "4": 7137,
        "5": 28396,
        "6": 68021
    },
    "10311": {
        "0": 1,
        "1": 11,
        "2": 98,
        "3": 873,
        "4": 7764,
        "5": 36031,
        "6": 104923
    },
    "10312": {
        "0": 1,
        "1": 10,
        "2": 87,
        "3": 757,
        "4": 6606,
        "5": 24881,
        "6": 53945
    },
    "10313": {
        "0": 1,
        "1": 10,
        "2": 84,
        "3": 725,
        "4": 6299,
        "5": 22042,
        "6": 51221
    },
    "10314": {
        "0": 1,
        "1": 9,
        "2": 77,
        "3": 673,
        "4": 5859,
        "5": 18132,
        "6": 33309
    },
    "10315": {
        "0": 1,
        "1": 10,
        "2": 79,
        "3": 646,
        "4": 5330,
        "5": 11513,
        "6": 16141
    },
    "10316": {
        "0": 1,
        "1": 14,
        "2": 123,
        "3": 1060,
        "4": 9109,
        "5": 45528,
        "6": 139234
    },
    "10317": {
        "0": 1,
        "1": 14,
        "2": 132,
        "3": 1134,
        "4": 9558,
        "5": 48045,
        "6": 150037
    },
    "10318": {
        "0": 1,
        "1": 14,
        "2": 129,
        "3": 1130,
        "4": 9785,
        "5": 51785,
        "6": 172687
    },
    "10319": {
        "0": 1,
        "1": 10,
        "2": 86,
        "3": 750,
        "4": 6577,
        "5": 25062,
        "6": 62629
    },
    "10320": {
        "0": 1,
        "1": 14,
        "2": 126,
        "3": 1084,
        "4": 9294,
        "5": 47291,
        "6": 141389
    },
    "10321": {
        "0": 1,
        "1": 10,
        "2": 85,
        "3": 733,
        "4": 6294,
        "5": 21081,
        "6": 47431
    },
    "10322": {
        "0": 1,
        "1": 12,
        "2": 100,
        "3": 844,
        "4": 7167,
        "5": 28284,
        "6": 70618
    },
    "10323": {
        "0": 1,
        "1": 9,
        "2": 74,
        "3": 640,
        "4": 5606,
        "5": 16700,
        "6": 33661
    },
    "10324": {
        "0": 1,
        "1": 12,
        "2": 100,
        "3": 837,
        "4": 7115,
        "5": 28402,
        "6": 71169
    },
    "10325": {
        "0": 1,
        "1": 10,
        "2": 86,
        "3": 755,
        "4": 6643,
        "5": 25476,
        "6": 64997
    },
    "10326": {
        "0": 1,
        "1": 10,
        "2": 88,
        "3": 757,
        "4": 6524,
        "5": 23457,
        "6": 59977
    },
    "10327": {
        "0": 1,
        "1": 12,
        "2": 105,
        "3": 898,
        "4": 7666,
        "5": 32629,
        "6": 88526
    },
    "10328": {
        "0": 1,
        "1": 9,
        "2": 77,
        "3": 659,
        "4": 5676,
        "5": 16344,
        "6": 31595
    },
    "10329": {
        "0": 1,
        "1": 11,
        "2": 95,
        "3": 823,
        "4": 7099,
        "5": 28434,
        "6": 77656
    },
    "10330": {
        "0": 1,
        "1": 11,
        "2": 93,
        "3": 773,
        "4": 6465,
        "5": 21719,
        "6": 48500
    },
    "10331": {
        "0": 1,
        "1": 9,
        "2": 75,
        "3": 640,
        "4": 5497,
        "5": 14715,
        "6": 32315
    },
    "10332": {
        "0": 1,
        "1": 9,
        "2": 79,
        "3": 695,
        "4": 6131,
        "5": 21395,
        "6": 51891
    },
    "10333": {
        "0": 1,
        "1": 11,
        "2": 95,
        "3": 798,
        "4": 6749,
        "5": 24738,
        "6": 58008
    },
    "10334": {
        "0": 1,
        "1": 10,
        "2": 87,
        "3": 762,
        "4": 6683,
        "5": 25789,
        "6": 66116
    },
    "10335": {
        "0": 1,
        "1": 10,
        "2": 88,
        "3": 776,
        "4": 6820,
        "5": 27243,
        "6": 74621
    },
    "10336": {
        "0": 1,
        "1": 11,
        "2": 94,
        "3": 814,
        "4": 7048,
        "5": 28358,
        "6": 69215
    },
    "10337": {
        "0": 1,
        "1": 10,
        "2": 89,
        "3": 797,
        "4": 7087,
        "5": 30105,
        "6": 87295
    },
    "10338": {
        "0": 1,
        "1": 12,
        "2": 103,
        "3": 859,
        "4": 7219,
        "5": 28516,
        "6": 74415
    },
    "10339": {
        "0": 1,
        "1": 10,
        "2": 88,
        "3": 776,
        "4": 6875,
        "5": 28299,
        "6": 76264
    },
    "10340": {
        "0": 1,
        "1": 9,
        "2": 77,
        "3": 668,
        "4": 5800,
        "5": 17707,
        "6": 32522
    },
    "10341": {
        "0": 1,
        "1": 10,
        "2": 87,
        "3": 737,
        "4": 6287,
        "5": 21092,
        "6": 46942
    },
    "10342": {
        "0": 1,
        "1": 9,
        "2": 77,
        "3": 670,
        "4": 5870,
        "5": 18255,
        "6": 38440
    },
    "10343": {
        "0": 1,
        "1": 10,
        "2": 91,
        "3": 822,
        "4": 7423,
        "5": 34267,
        "6": 111186
    },
    "10344": {
        "0": 1,
        "1": 10,
        "2": 84,
        "3": 721,
        "4": 6226,
        "5": 21307,
        "6": 45922
    },
    "10345": {
        "0": 1,
        "1": 10,
        "2": 82,
        "3": 697,
        "4": 5929,
        "5": 17831,
        "6": 29238
    },
    "10346": {
        "0": 1,
        "1": 11,
        "2": 98,
        "3": 860,
        "4": 7493,
        "5": 32471,
        "6": 93131
    },
    "10347": {
        "0": 1,
        "1": 12,
        "2": 103,
        "3": 887,
        "4": 7708,
        "5": 34436,
        "6": 95868
    },
    "10348": {
        "0": 1,
        "1": 10,
        "2": 87,
        "3": 753,
        "4": 6499,
        "5": 23432,
        "6": 54358
    },
    "10349": {
        "0": 1,
        "1": 10,
        "2": 82,
        "3": 698,
        "4": 6032,
        "5": 19841,
        "6": 50199
    },
    "10350": {
        "0": 1,
        "1": 8,
        "2": 70,
        "3": 616,
        "4": 5419,
        "5": 14883,
        "6": 28479
    },
    "10351": {
        "0": 1,
        "1": 10,
        "2": 86,
        "3": 760,
        "4": 6710,
        "5": 26650,
        "6": 76424
    },
    "10352": {
        "0": 1,
        "1": 10,
        "2": 87,
        "3": 765,
        "4": 6729,
        "5": 26470,
        "6": 65975
    },
    "10353": {
        "0": 1,
        "1": 10,
        "2": 84,
        "3": 718,
        "4": 6159,
        "5": 20408,
        "6": 36457
    },
    "10354": {
        "0": 1,
        "1": 13,
        "2": 115,
        "3": 995,
        "4": 8544,
        "5": 40865,
        "6": 106019
    },
    "10355": {
        "0": 1,
        "1": 12,
        "2": 107,
        "3": 945,
        "4": 8340,
        "5": 40883,
        "6": 136251
    },
    "10356": {
        "0": 1,
        "1": 10,
        "2": 89,
        "3": 796,
        "4": 7087,
        "5": 29960,
        "6": 77630
    },
    "10357": {
        "0": 1,
        "1": 11,
        "2": 92,
        "3": 786,
        "4": 6766,
        "5": 25717,
        "6": 63429
    },
    "10358": {
        "0": 1,
        "1": 9,
        "2": 75,
        "3": 647,
        "4": 5647,
        "5": 16814,
        "6": 35099
    },
    "10359": {
        "0": 1,
        "1": 12,
        "2": 105,
        "3": 895,
        "4": 7633,
        "5": 32854,
        "6": 100046
    },
    "10360": {
        "0": 1,
        "1": 11,
        "2": 98,
        "3": 866,
        "4": 7650,
        "5": 34612,
        "6": 106996
    },
    "10361": {
        "0": 1,
        "1": 11,
        "2": 91,
        "3": 781,
        "4": 6797,
        "5": 26807,
        "6": 66162
    },
    "10362": {
        "0": 1,
        "1": 9,
        "2": 75,
        "3": 626,
        "4": 5260,
        "5": 11700,
        "6": 18088
    },
    "10363": {
        "0": 1,
        "1": 11,
        "2": 95,
        "3": 819,
        "4": 7050,
        "5": 27644,
        "6": 60762
    },
    "10364": {
        "0": 1,
        "1": 9,
        "2": 79,
        "3": 688,
        "4": 5986,
        "5": 19247,
        "6": 38321
    },
    "10365": {
        "0": 1,
        "1": 10,
        "2": 83,
        "3": 718,
        "4": 6235,
        "5": 21547,
        "6": 44246
    },
    "10366": {
        "0": 1,
        "1": 12,
        "2": 109,
        "3": 976,
        "4": 8602,
        "5": 42398,
        "6": 136676
    },
    "10367": {
        "0": 1,
        "1": 11,
        "2": 99,
        "3": 878,
        "4": 7699,
        "5": 34276,
        "6": 105012
    },
    "10368": {
        "0": 1,
        "1": 12,
        "2": 102,
        "3": 864,
        "4": 7329,
        "5": 29770,
        "6": 71046
    },
    "10369": {
        "0": 1,
        "1": 8,
        "2": 70,
        "3": 606,
        "4": 5278,
        "5": 13155,
        "6": 22491
    },
    "10370": {
        "0": 1,
        "1": 12,
        "2": 109,
        "3": 918,
        "4": 7684,
        "5": 31811,
        "6": 82554
    },
    "10371": {
        "0": 1,
        "1": 11,
        "2": 90,
        "3": 746,
        "4": 6237,
        "5": 19894,
        "6": 36853
    },
    "10372": {
        "0": 1,
        "1": 9,
        "2": 75,
        "3": 646,
        "4": 5611,
        "5": 16289,
        "6": 30899
    },
    "10373": {
        "0": 1,
        "1": 10,
        "2": 85,
        "3": 737,
        "4": 6381,
        "5": 22357,
        "6": 51013
    },
    "10374": {
        "0": 1,
        "1": 11,
        "2": 91,
        "3": 767,
        "4": 6539,
        "5": 23381,
        "6": 62148
    },
    "10375": {
        "0": 1,
        "1": 11,
        "2": 94,
        "3": 810,
        "4": 7022,
        "5": 28534,
        "6": 74851
    },
    "10376": {
        "0": 1,
        "1": 11,
        "2": 93,
        "3": 805,
        "4": 6998,
        "5": 28173,
        "6": 65251
    },
    "10377": {
        "0": 1,
        "1": 12,
        "2": 102,
        "3": 864,
        "4": 7380,
        "5": 30791,
        "6": 72869
    },
    "10378": {
        "0": 1,
        "1": 9,
        "2": 81,
        "3": 706,
        "4": 6142,
        "5": 20558,
        "6": 47919
    },
    "10379": {
        "0": 1,
        "1": 11,
        "2": 96,
        "3": 831,
        "4": 7243,
        "5": 30783,
        "6": 81517
    },
    "10380": {
        "0": 1,
        "1": 11,
        "2": 95,
        "3": 820,
        "4": 7071,
        "5": 28424,
        "6": 67482
    },
    "10381": {
        "0": 1,
        "1": 12,
        "2": 110,
        "3": 974,
        "4": 8557,
        "5": 42184,
        "6": 130449
    },
    "10382": {
        "0": 1,
        "1": 11,
        "2": 95,
        "3": 849,
        "4": 7604,
        "5": 35157,
        "6": 102220
    },
    "10383": {
        "0": 1,
        "1": 10,
        "2": 85,
        "3": 723,
        "4": 6167,
        "5": 19993,
        "6": 39615
    },
    "10384": {
        "0": 1,
        "1": 11,
        "2": 95,
        "3": 823,
        "4": 7137,
        "5": 29263,
        "6": 81730
    },
    "10385": {
        "0": 1,
        "1": 13,
        "2": 114,
        "3": 981,
        "4": 8491,
        "5": 41038,
        "6": 123720
    },
    "10386": {
        "0": 1,
        "1": 11,
        "2": 93,
        "3": 786,
        "4": 6654,
        "5": 23539,
        "6": 55779
    },
    "10387": {
        "0": 1,
        "1": 12,
        "2": 103,
        "3": 884,
        "4": 7685,
        "5": 34596,
        "6": 103129
    },
    "10388": {
        "0": 1,
        "1": 11,
        "2": 93,
        "3": 776,
        "4": 6538,
        "5": 22745,
        "6": 51004
    },
    "10389": {
        "0": 1,
        "1": 11,
        "2": 91,
        "3": 751,
        "4": 6271,
        "5": 20149,
        "6": 44873
    },
    "10390": {
        "0": 1,
        "1": 13,
        "2": 118,
        "3": 1019,
        "4": 8741,
        "5": 42646,
        "6": 128519
    },
    "10391": {
        "0": 1,
        "1": 10,
        "2": 86,
        "3": 734,
        "4": 6261,
        "5": 20467,
        "6": 46309
    },
    "10392": {
        "0": 1,
        "1": 10,
        "2": 89,
        "3": 787,
        "4": 6918,
        "5": 27611,
        "6": 75270
    },
    "10393": {
        "0": 1,
        "1": 13,
        "2": 119,
        "3": 1047,
        "4": 9095,
        "5": 46235,
        "6": 150351
    },
    "10394": {
        "0": 1,
        "1": 11,
        "2": 93,
        "3": 803,
        "4": 6936,
        "5": 27279,
        "6": 69655
    },
    "10395": {
        "0": 1,
        "1": 13,
        "2": 116,
        "3": 1008,
        "4": 8821,
        "5": 44608,
        "6": 143266
    },
    "10396": {
        "0": 1,
        "1": 11,
        "2": 94,
        "3": 808,
        "4": 6932,
        "5": 26928,
        "6": 64656
    },
    "10397": {
        "0": 1,
        "1": 10,
        "2": 84,
        "3": 728,
        "4": 6311,
        "5": 21902,
        "6": 48638
    },
    "10398": {
        "0": 1,
        "1": 9,
        "2": 77,
        "3": 664,
        "4": 5787,
        "5": 17765,
        "6": 40660
    },
    "10399": {
        "0": 1,
        "1": 11,
        "2": 92,
        "3": 788,
        "4": 6782,
        "5": 25800,
        "6": 56898
    }
}