{
    "25400": {
        "0": 1,
        "1": 10,
        "2": 87,
        "3": 740,
        "4": 6324,
        "5": 21342,
        "6": 46558
    },
    "25401": {
        "0": 1,
        "1": 12,
        "2": 99,
        "3": 816,
        "4": 6858,
        "5": 25789,
        "6": 67467
    },
    "25402": {
        "0": 1,
        "1": 11,
        "2": 92,
        "3": 791,
        "4": 6825,
        "5": 26415,
        "6": 62808
    },
    "25403": {
        "0": 1,
        "1": 10,
        "2": 85,
        "3": 726,
        "4": 6211,
        "5": 20445,
        "6": 46645
    },
    "25404": {
        "0": 1,
        "1": 11,
        "2": 95,
        "3": 814,
        "4": 7004,
        "5": 27829,
        "6": 72535
    },
    "25405": {
        "0": 1,
        "1": 13,
        "2": 116,
        "3": 1000,
        "4": 8665,
        "5": 42901,
        "6": 134273
    },
    "25406": {
        "0": 1,
        "1": 9,
        "2": 74,
        "3": 632,
        "4": 5437,
        "5": 14234,
        "6": 28215
    },
    "25407": {
        "0": 1,
        "1": 13,
        "2": 118,
        "3": 1015,
        "4": 8590,
        "5": 39752,
        "6": 112107
    },
    "25408": {
        "0": 1,
        "1": 11,
        "2": 96,
        "3": 833,
        "4": 7232,
        "5": 30092,
        "6": 81591
    },
    "25409": {
        "0": 1,
        "1": 10,
        "2": 85,
        "3": 727,
        "4": 6241,
        "5": 21034,
        "6": 49424
    },
    "25410": {
        "0": 1,
        "1": 10,
        "2": 83,
        "3": 707,
        "4": 6046,
        "5": 19161,
        "6": 39550
    },
    "25411": {
        "0": 1,
        "1": 12,
        "2": 106,
        "3": 914,
        "4": 7831,
        "5": 34194,
        "6": 88774
    },
    "25412": {
        "0": 1,
        "1": 10,
        "2": 81,
        "3": 696,
        "4": 6039,
        "5": 19913,
        "6": 46475
    },
    "25413": {
        "0": 1,
        "1": 10,
        "2": 89,
        "3": 785,
        "4": 6865,
        "5": 27108,
        "6": 74636
    },
    "25414": {
        "0": 1,
        "1": 10,
        "2": 90,
        "3": 815,
        "4": 7362,
        "5": 33344,
        "6": 95187
    },
    "25415": {
        "0": 1,
        "1": 13,
        "2": 117,
        "3": 1007,
        "4": 8635,
        "5": 41855,
        "6": 127094
    },
    "25416": {
        "0": 1,
        "1": 9,
        "2": 79,
        "3": 694,
        "4": 6069,
        "5": 19916,
        "6": 48088
    },
    "25417": {
        "0": 1,
        "1": 10,
        "2": 92,
        "3": 827,
        "4": 7434,
        "5": 33918,
        "6": 101897
    },
    "25418": {
        "0": 1,
        "1": 12,
        "2": 105,
        "3": 889,
        "4": 7530,
        "5": 31076,
        "6": 79135
    },
    "25419": {
        "0": 1,
        "1": 11,
        "2": 95,
        "3": 809,
        "4": 6972,
        "5": 27608,
        "6": 75642
    },
    "25420": {
        "0": 1,
        "1": 13,
        "2": 118,
        "3": 1017,
        "4": 8669,
        "5": 41162,
        "6": 125856
    },
    "25421": {
        "0": 1,
        "1": 9,
        "2": 76,
        "3": 664,
        "4": 5879,
        "5": 19177,
        "6": 42029
    },
    "25422": {
        "0": 1,
        "1": 9,
        "2": 77,
        "3": 662,
        "4": 5763,
        "5": 17796,
        "6": 37724
    },
    "25423": {
        "0": 1,
        "1": 8,
        "2": 73,
        "3": 663,
        "4": 5990,
        "5": 21079,
        "6": 53063
    },
    "25424": {
        "0": 1,
        "1": 10,
        "2": 79,
        "3": 650,
        "4": 5411,
        "5": 12817,
        "6": 19206
    },
    "25425": {
        "0": 1,
        "1": 11,
        "2": 94,
        "3": 818,
        "4": 7144,
        "5": 29783,
        "6": 73404
    },
    "25426": {
        "0": 1,
        "1": 12,
        "2": 104,
        "3": 903,
        "4": 7812,
        "5": 34845,
        "6": 93555
    },
    "25427": {
        "0": 1,
        "1": 11,
        "2": 93,
        "3": 789,
        "4": 6756,
        "5": 25299,
        "6": 58917
    },
    "25428": {
        "0": 1,
        "1": 12,
        "2": 103,
        "3": 874,
        "4": 7463,
        "5": 31214,
        "6": 80235
    },
    "25429": {
        "0": 1,
        "1": 11,
        "2": 99,
        "3": 884,
        "4": 7802,
        "5": 35870,
        "6": 115983
    },
    "25430": {
        "0": 1,
        "1": 13,
        "2": 120,
        "3": 1053,
        "4": 9238,
        "5": 48719,
        "6": 162840
    },
    "25431": {
        "0": 1,
        "1": 10,
        "2": 88,
        "3": 766,
        "4": 6634,
        "5": 24483,
        "6": 59416
    },
    "25432": {
        "0": 1,
        "1": 11,
        "2": 95,
        "3": 818,
        "4": 7091,
        "5": 29163,
        "6": 73703
    },
    "25433": {
        "0": 1,
        "1": 11,
        "2": 97,
        "3": 847,
        "4": 7350,
        "5": 30894,
        "6": 82804
    },
    "25434": {
        "0": 1,
        "1": 9,
        "2": 77,
        "3": 671,
        "4": 5869,
        "5": 18754,
        "6": 37884
    },
    "25435": {
        "0": 1,
        "1": 12,
        "2": 103,
        "3": 876,
        "4": 7489,
        "5": 31760,
        "6": 81827
    },
    "25436": {
        "0": 1,
        "1": 9,
        "2": 75,
        "3": 638,
        "4": 5471,
        "5": 14288,
        "6": 28752
    },
    "25437": {
        "0": 1,
        "1": 11,
        "2": 92,
        "3": 787,
        "4": 6781,
        "5": 26000,
        "6": 60840
    },
    "25438": {
        "0": 1,
        "1": 11,
        "2": 99,
        "3": 889,
        "4": 7862,
        "5": 35999,
        "6": 106667
    },
    "25439": {
        "0": 1,
        "1": 11,
        "2": 95,
        "3": 829,
        "4": 7290,
        "5": 31622,
        "6": 87476
    },
    "25440": {
        "0": 1,
        "1": 12,
        "2": 105,
        "3": 910,
        "4": 7933,
        "5": 36076,
        "6": 93157
    },
    "25441": {
        "0": 1,
        "1": 12,
        "2": 110,
        "3": 960,
        "4": 8319,
        "5": 39432,
        "6": 113586
    },
    "25442": {
        "0": 1,
        "1": 11,
        "2": 99,
        "3": 871,
        "4": 7678,
        "5": 34672,
        "6": 98807
    },
    "25443": {
        "0": 1,
        "1": 13,
        "2": 110,
        "3": 922,
        "4": 7798,
        "5": 33545,
        "6": 85067
    },
    "25444": {
        "0": 1,
        "1": 10,
        "2": 85,
        "3": 717,
        "4": 6104,
        "5": 19699,
        "6": 42258
    },
    "25445": {
        "0": 1,
        "1": 9,
        "2": 75,
        "3": 630,
        "4": 5347,
        "5": 12881,
        "6": 24987
    },
    "25446": {
        "0": 1,
        "1": 12,
        "2": 107,
        "3": 947,
        "4": 8311,
        "5": 39922,
        "6": 122867
    },
    "25447": {
        "0": 1,
        "1": 11,
        "2": 100,
        "3": 885,
        "4": 7765,
        "5": 34980,
        "6": 103015
    },
    "25448": {
        "0": 1,
        "1": 11,
        "2": 98,
        "3": 855,
        "4": 7418,
        "5": 31087,
        "6": 84382
    },
    "25449": {
        "0": 1,
        "1": 12,
        "2": 105,
        "3": 912,
        "4": 7910,
        "5": 35746,
        "6": 100541
    },
    "25450": {
        "0": 1,
        "1": 8,
        "2": 67,
        "3": 576,
        "4": 5016,
        "5": 11253,
        "6": 19707
    },
    "25451": {
        "0": 1,
        "1": 12,
        "2": 106,
        "3": 923,
        "4": 8012,
        "5": 36817,
        "6": 111471
    },
    "25452": {
        "0": 1,
        "1": 10,
        "2": 83,
        "3": 717,
        "4": 6179,
        "5": 20452,
        "6": 44539
    },
    "25453": {
        "0": 1,
        "1": 10,
        "2": 86,
        "3": 731,
        "4": 6225,
        "5": 20337,
        "6": 42299
    },
    "25454": {
        "0": 1,
        "1": 11,
        "2": 99,
        "3": 888,
        "4": 7896,
        "5": 36804,
        "6": 109754
    },
    "25455": {
        "0": 1,
        "1": 10,
        "2": 86,
        "3": 754,
        "4": 6619,
        "5": 25459,
        "6": 67662
    },
    "25456": {
        "0": 1,
        "1": 11,
        "2": 98,
        "3": 861,
        "4": 7529,
        "5": 32702,
        "6": 84972
    },
    "25457": {
        "0": 1,
        "1": 12,
        "2": 102,
        "3": 868,
        "4": 7479,
        "5": 32065,
        "6": 82373
    },
    "25458": {
        "0": 1,
        "1": 8,
        "2": 67,
        "3": 567,
        "4": 4847,
        "5": 9024,
        "6": 12175
    },
    "25459": {
        "0": 1,
        "1": 10,
        "2": 83,
        "3": 726,
        "4": 6401,
        "5": 23591,
        "6": 58317
    },
    "25460": {
        "0": 1,
        "1": 12,
        "2": 106,
        "3": 937,
        "4": 8233,
        "5": 39211,
        "6": 117779
    },
    "25461": {
        "0": 1,
        "1": 11,
        "2": 99,
        "3": 857,
        "4": 7407,
        "5": 31408,
        "6": 88622
    },
    "25462": {
        "0": 1,
        "1": 10,
        "2": 83,
        "3": 701,
        "4": 5946,
        "5": 17944,
        "6": 33644
    },
    "25463": {
        "0": 1,
        "1": 11,
        "2": 97,
        "3": 861,
        "4": 7616,
        "5": 34498,
        "6": 95091
    },
    "25464": {
        "0": 1,
        "1": 9,
        "2": 76,
        "3": 663,
        "4": 5873,
        "5": 19648,
        "6": 41573
    },
    "25465": {
        "0": 1,
        "1": 12,
        "2": 104,
        "3": 887,
        "4": 7560,
        "5": 32044,
        "6": 86171
    },
    "25466": {
        "0": 1,
        "1": 9,
        "2": 77,
        "3": 673,
        "4": 5888,
        "5": 18885,
        "6": 43228
    },
    "25467": {
        "0": 1,
        "1": 9,
        "2": 77,
        "3": 656,
        "4": 5617,
        "5": 15438,
        "6": 28579
    },
    "25468": {
        "0": 1,
        "1": 9,
        "2": 75,
        "3": 633,
        "4": 5403,
        "5": 13663,
        "6": 27287
    },
    "25469": {
        "0": 1,
        "1": 14,
        "2": 128,
        "3": 1115,
        "4": 9661,
        "5": 51544,
        "6": 167942
    },
    "25470": {
        "0": 1,
        "1": 11,
        "2": 97,
        "3": 862,
        "4": 7657,
        "5": 34864,
        "6": 91920
    },
    "25471": {
        "0": 1,
        "1": 8,
        "2": 70,
        "3": 602,
        "4": 5154,
        "5": 11364,
        "6": 15636
    },
    "25472": {
        "0": 1,
        "1": 11,
        "2": 93,
        "3": 806,
        "4": 7026,
        "5": 28778,
        "6": 75605
    },
    "25473": {
        "0": 1,
        "1": 10,
        "2": 84,
        "3": 731,
        "4": 6374,
        "5": 22776,
        "6": 56389
    },
    "25474": {
        "0": 1,
        "1": 11,
        "2": 97,
        "3": 841,
        "4": 7279,
        "5": 30121,
        "6": 80646
    },
    "25475": {
        "0": 1,
        "1": 10,
        "2": 85,
        "3": 726,
        "4": 6242,
        "5": 21272,
        "6": 52527
    },
    "25476": {
        "0": 1,
        "1": 10,
        "2": 83,
        "3": 698,
        "4": 5912,
        "5": 17732,
        "6": 36729
    },
    "25477": {
        "0": 1,
        "1": 10,
        "2": 87,
        "3": 761,
        "4": 6609,
        "5": 24274,
        "6": 62721
    },
    "25478": {
        "0": 1,
        "1": 12,
        "2": 106,
        "3": 921,
        "4": 7956,
        "5": 35918,
        "6": 98324
    },
    "25479": {
        "0": 1,
        "1": 10,
        "2": 82,
        "3": 688,
        "4": 5826,
        "5": 16954,
        "6": 27504
    },
    "25480": {
        "0": 1,
        "1": 10,
        "2": 85,
        "3": 724,
        "4": 6209,
        "5": 20891,
        "6": 50592
    },
    "25481": {
        "0": 1,
        "1": 11,
        "2": 95,
        "3": 826,
        "4": 7241,
        "5": 31104,
        "6": 85755
    },
    "25482": {
        "0": 1,
        "1": 13,
        "2": 113,
        "3": 942,
        "4": 7914,
        "5": 34612,
        "6": 100811
    },
    "25483": {
        "0": 1,
        "1": 12,
        "2": 98,
        "3": 817,
        "4": 6931,
        "5": 26542,
        "6": 64062
    },
    "25484": {
        "0": 1,
        "1": 11,
        "2": 93,
        "3": 788,
        "4": 6709,
        "5": 24794,
        "6": 57879
    },
    "25485": {
        "0": 1,
        "1": 14,
        "2": 121,
        "3": 1016,
        "4": 8610,
        "5": 40512,
        "6": 108706
    },
    "25486": {
        "0": 1,
        "1": 12,
        "2": 104,
        "3": 888,
        "4": 7594,
        "5": 32516,
        "6": 79133
    },
    "25487": {
        "0": 1,
        "1": 12,
        "2": 110,
        "3": 966,
        "4": 8433,
        "5": 40753,
        "6": 131369
    },
    "25488": {
        "0": 1,
        "1": 8,
        "2": 69,
        "3": 597,
        "4": 5223,
        "5": 12916,
        "6": 22997
    },
    "25489": {
        "0": 1,
        "1": 10,
        "2": 84,
        "3": 726,
        "4": 6276,
        "5": 21558,
        "6": 49412
    },
    "25490": {
        "0": 1,
        "1": 10,
        "2": 84,
        "3": 728,
        "4": 6385,
        "5": 23273,
        "6": 54975
    },
    "25491": {
        "0": 1,
        "1": 11,
        "2": 97,
        "3": 862,
        "4": 7625,
        "5": 34408,
        "6": 95537
    },
    "25492": {
        "0": 1,
        "1": 10,
        "2": 85,
        "3": 729,
        "4": 6320,
        "5": 22208,
        "6": 50167
    },
    "25493": {
        "0": 1,
        "1": 8,
        "2": 68,
        "3": 586,
        "4": 5076,
        "5": 11296,
        "6": 23810
    },
    "25494": {
        "0": 1,
        "1": 11,
        "2": 95,
        "3": 813,
        "4": 7010,
        "5": 28094,
        "6": 71630
    },
    "25495": {
        "0": 1,
        "1": 12,
        "2": 100,
        "3": 838,
        "4": 7130,
        "5": 28665,
        "6": 77254
    },
    "25496": {
        "0": 1,
        "1": 15,
        "2": 135,
        "3": 1134,
        "4": 9497,
        "5": 47118,
        "6": 145360
    },
    "25497": {
        "0": 1,
        "1": 12,
        "2": 109,
        "3": 959,
        "4": 8339,
        "5": 39469,
        "6": 127346
    },
    "25498": {
        "0": 1,
        "1": 9,
        "2": 73,
        "3": 612,
        "4": 5210,
        "5": 11880,
        "6": 22422
    },
    "25499": {
        "0": 1,
        "1": 11,
        "2": 90,
        "3": 766,
        "4": 6588,
        "5": 24511,
        "6": 59961
    }
}