{
    "24300": {
        "0": 1,
        "1": 12,
        "2": 109,
        "3": 943,
        "4": 8108,
        "5": 37201,
        "6": 117209
    },
    "24301": {
        "0": 1,
        "1": 13,
        "2": 116,
        "3": 1004,
        "4": 8704,
        "5": 43112,
        "6": 137116
    },
    "24302": {
        "0": 1,
        "1": 10,
        "2": 81,
        "3": 672,
        "4": 5618,
        "5": 14661,
        "6": 25750
    },
    "24303": {
        "0": 1,
        "1": 11,
        "2": 96,
        "3": 852,
        "4": 7521,
        "5": 33224,
        "6": 90221
    },
    "24304": {
        "0": 1,
        "1": 10,
        "2": 87,
        "3": 757,
        "4": 6617,
        "5": 25288,
        "6": 71153
    },
    "24305": {
        "0": 1,
        "1": 11,
        "2": 96,
        "3": 824,
        "4": 7077,
        "5": 28081,
        "6": 72359
    },
    "24306": {
        "0": 1,
        "1": 12,
        "2": 107,
        "3": 939,
        "4": 8194,
        "5": 38298,
        "6": 112500
    },
    "24307": {
        "0": 1,
        "1": 10,
        "2": 86,
        "3": 745,
        "4": 6452,
        "5": 23070,
        "6": 52364
    },
    "24308": {
        "0": 1,
        "1": 11,
        "2": 95,
        "3": 832,
        "4": 7270,
        "5": 30118,
        "6": 80922
    },
    "24309": {
        "0": 1,
        "1": 10,
        "2": 85,
        "3": 736,
        "4": 6391,
        "5": 22738,
        "6": 54100
    },
    "24310": {
        "0": 1,
        "1": 11,
        "2": 92,
        "3": 787,
        "4": 6747,
        "5": 25323,
        "6": 59531
    },
    "24311": {
        "0": 1,
        "1": 10,
        "2": 89,
        "3": 790,
        "4": 6961,
        "5": 28367,
        "6": 80627
    },
    "24312": {
        "0": 1,
        "1": 11,
        "2": 93,
        "3": 780,
        "4": 6615,
        "5": 23529,
        "6": 61541
    },
    "24313": {
        "0": 1,
        "1": 13,
        "2": 117,
        "3": 1026,
        "4": 8945,
        "5": 44927,
        "6": 144679
    },
    "24314": {
        "0": 1,
        "1": 11,
        "2": 99,
        "3": 862,
        "4": 7518,
        "5": 32588,
        "6": 83426
    },
    "24315": {
        "0": 1,
        "1": 10,
        "2": 94,
        "3": 856,
        "4": 7714,
        "5": 36441,
        "6": 115652
    },
    "24316": {
        "0": 1,
        "1": 10,
        "2": 86,
        "3": 744,
        "4": 6422,
        "5": 22673,
        "6": 50546
    },
    "24317": {
        "0": 1,
        "1": 13,
        "2": 116,
        "3": 1003,
        "4": 8627,
        "5": 41603,
        "6": 129940
    },
    "24318": {
        "0": 1,
        "1": 11,
        "2": 95,
        "3": 826,
        "4": 7226,
        "5": 30310,
        "6": 79709
    },
    "24319": {
        "0": 1,
        "1": 11,
        "2": 92,
        "3": 801,
        "4": 6972,
        "5": 27844,
        "6": 75282
    },
    "24320": {
        "0": 1,
        "1": 10,
        "2": 84,
        "3": 716,
        "4": 6150,
        "5": 20373,
        "6": 44925
    },
    "24321": {
        "0": 1,
        "1": 10,
        "2": 86,
        "3": 741,
        "4": 6395,
        "5": 22667,
        "6": 52800
    },
    "24322": {
        "0": 1,
        "1": 8,
        "2": 68,
        "3": 587,
        "4": 5115,
        "5": 12011,
        "6": 18279
    },
    "24323": {
        "0": 1,
        "1": 12,
        "2": 100,
        "3": 836,
        "4": 7074,
        "5": 27505,
        "6": 64135
    },
    "24324": {
        "0": 1,
        "1": 10,
        "2": 87,
        "3": 762,
        "4": 6666,
        "5": 25591,
        "6": 58004
    },
    "24325": {
        "0": 1,
        "1": 13,
        "2": 117,
        "3": 1007,
        "4": 8601,
        "5": 40821,
        "6": 122326
    },
    "24326": {
        "0": 1,
        "1": 10,
        "2": 85,
        "3": 736,
        "4": 6332,
        "5": 21669,
        "6": 45528
    },
    "24327": {
        "0": 1,
        "1": 10,
        "2": 90,
        "3": 791,
        "4": 6892,
        "5": 27117,
        "6": 75711
    },
    "24328": {
        "0": 1,
        "1": 10,
        "2": 86,
        "3": 750,
        "4": 6505,
        "5": 23384,
        "6": 51431
    },
    "24329": {
        "0": 1,
        "1": 12,
        "2": 106,
        "3": 903,
        "4": 7734,
        "5": 33915,
        "6": 96336
    },
    "24330": {
        "0": 1,
        "1": 10,
        "2": 90,
        "3": 787,
        "4": 6845,
        "5": 26400,
        "6": 63388
    },
    "24331": {
        "0": 1,
        "1": 10,
        "2": 86,
        "3": 753,
        "4": 6657,
        "5": 26374,
        "6": 65088
    },
    "24332": {
        "0": 1,
        "1": 10,
        "2": 89,
        "3": 777,
        "4": 6855,
        "5": 27838,
        "6": 78777
    },
    "24333": {
        "0": 1,
        "1": 10,
        "2": 90,
        "3": 810,
        "4": 7295,
        "5": 32888,
        "6": 90500
    },
    "24334": {
        "0": 1,
        "1": 11,
        "2": 94,
        "3": 819,
        "4": 7135,
        "5": 29314,
        "6": 71345
    },
    "24335": {
        "0": 1,
        "1": 11,
        "2": 99,
        "3": 896,
        "4": 8069,
        "5": 39273,
        "6": 112830
    },
    "24336": {
        "0": 1,
        "1": 10,
        "2": 85,
        "3": 745,
        "4": 6575,
        "5": 25432,
        "6": 65346
    },
    "24337": {
        "0": 1,
        "1": 13,
        "2": 118,
        "3": 1023,
        "4": 8815,
        "5": 43224,
        "6": 134152
    },
    "24338": {
        "0": 1,
        "1": 11,
        "2": 97,
        "3": 840,
        "4": 7260,
        "5": 30211,
        "6": 83493
    },
    "24339": {
        "0": 1,
        "1": 12,
        "2": 106,
        "3": 922,
        "4": 8019,
        "5": 36716,
        "6": 101770
    },
    "24340": {
        "0": 1,
        "1": 13,
        "2": 110,
        "3": 945,
        "4": 8170,
        "5": 37665,
        "6": 101171
    },
    "24341": {
        "0": 1,
        "1": 11,
        "2": 94,
        "3": 807,
        "4": 6931,
        "5": 27024,
        "6": 64930
    },
    "24342": {
        "0": 1,
        "1": 13,
        "2": 114,
        "3": 969,
        "4": 8266,
        "5": 38089,
        "6": 112143
    },
    "24343": {
        "0": 1,
        "1": 10,
        "2": 82,
        "3": 701,
        "4": 5997,
        "5": 18669,
        "6": 38766
    },
    "24344": {
        "0": 1,
        "1": 11,
        "2": 89,
        "3": 744,
        "4": 6309,
        "5": 21176,
        "6": 48550
    },
    "24345": {
        "0": 1,
        "1": 9,
        "2": 75,
        "3": 640,
        "4": 5521,
        "5": 14904,
        "6": 26612
    },
    "24346": {
        "0": 1,
        "1": 13,
        "2": 114,
        "3": 992,
        "4": 8627,
        "5": 42591,
        "6": 124482
    },
    "24347": {
        "0": 1,
        "1": 10,
        "2": 85,
        "3": 748,
        "4": 6534,
        "5": 23814,
        "6": 52947
    },
    "24348": {
        "0": 1,
        "1": 9,
        "2": 78,
        "3": 672,
        "4": 5844,
        "5": 18272,
        "6": 39112
    },
    "24349": {
        "0": 1,
        "1": 11,
        "2": 94,
        "3": 811,
        "4": 7072,
        "5": 29476,
        "6": 82568
    },
    "24350": {
        "0": 1,
        "1": 10,
        "2": 84,
        "3": 721,
        "4": 6215,
        "5": 21017,
        "6": 43439
    },
    "24351": {
        "0": 1,
        "1": 11,
        "2": 92,
        "3": 777,
        "4": 6599,
        "5": 23579,
        "6": 51880
    },
    "24352": {
        "0": 1,
        "1": 9,
        "2": 75,
        "3": 645,
        "4": 5627,
        "5": 16796,
        "6": 34458
    },
    "24353": {
        "0": 1,
        "1": 12,
        "2": 104,
        "3": 899,
        "4": 7789,
        "5": 34959,
        "6": 97439
    },
    "24354": {
        "0": 1,
        "1": 9,
        "2": 79,
        "3": 689,
        "4": 6009,
        "5": 19761,
        "6": 51333
    },
    "24355": {
        "0": 1,
        "1": 12,
        "2": 101,
        "3": 840,
        "4": 7011,
        "5": 26212,
        "6": 63364
    },
    "24356": {
        "0": 1,
        "1": 11,
        "2": 95,
        "3": 825,
        "4": 7198,
        "5": 29979,
        "6": 78662
    },
    "24357": {
        "0": 1,
        "1": 11,
        "2": 97,
        "3": 854,
        "4": 7484,
        "5": 32742,
        "6": 95176
    },
    "24358": {
        "0": 1,
        "1": 10,
        "2": 84,
        "3": 720,
        "4": 6200,
        "5": 20928,
        "6": 47940
    },
    "24359": {
        "0": 1,
        "1": 9,
        "2": 77,
        "3": 664,
        "4": 5710,
        "5": 16241,
        "6": 29248
    },
    "24360": {
        "0": 1,
        "1": 10,
        "2": 88,
        "3": 776,
        "4": 6808,
        "5": 26638,
        "6": 56784
    },
    "24361": {
        "0": 1,
        "1": 10,
        "2": 83,
        "3": 719,
        "4": 6279,
        "5": 22041,
        "6": 50528
    },
    "24362": {
        "0": 1,
        "1": 9,
        "2": 79,
        "3": 689,
        "4": 6010,
        "5": 19712,
        "6": 44231
    },
    "24363": {
        "0": 1,
        "1": 9,
        "2": 76,
        "3": 656,
        "4": 5674,
        "5": 16450,
        "6": 31968
    },
    "24364": {
        "0": 1,
        "1": 10,
        "2": 88,
        "3": 781,
        "4": 6888,
        "5": 27279,
        "6": 70810
    },
    "24365": {
        "0": 1,
        "1": 9,
        "2": 75,
        "3": 636,
        "4": 5454,
        "5": 14010,
        "6": 27297
    },
    "24366": {
        "0": 1,
        "1": 12,
        "2": 106,
        "3": 930,
        "4": 8156,
        "5": 38875,
        "6": 117703
    },
    "24367": {
        "0": 1,
        "1": 9,
        "2": 75,
        "3": 641,
        "4": 5560,
        "5": 16049,
        "6": 28915
    },
    "24368": {
        "0": 1,
        "1": 12,
        "2": 102,
        "3": 868,
        "4": 7420,
        "5": 30955,
        "6": 77347
    },
    "24369": {
        "0": 1,
        "1": 13,
        "2": 115,
        "3": 986,
        "4": 8512,
        "5": 41079,
        "6": 124787
    },
    "24370": {
        "0": 1,
        "1": 11,
        "2": 96,
        "3": 829,
        "4": 7169,
        "5": 29328,
        "6": 75435
    },
    "24371": {
        "0": 1,
        "1": 11,
        "2": 93,
        "3": 791,
        "4": 6801,
        "5": 26167,
        "6": 60042
    },
    "24372": {
        "0": 1,
        "1": 10,
        "2": 87,
        "3": 776,
        "4": 6901,
        "5": 28174,
        "6": 72565
    },
    "24373": {
        "0": 1,
        "1": 11,
        "2": 91,
        "3": 762,
        "4": 6434,
        "5": 21892,
        "6": 48301
    },
    "24374": {
        "0": 1,
        "1": 10,
        "2": 91,
        "3": 801,
        "4": 7006,
        "5": 28148,
        "6": 72057
    },
    "24375": {
        "0": 1,
        "1": 10,
        "2": 84,
        "3": 721,
        "4": 6207,
        "5": 20830,
        "6": 44774
    },
    "24376": {
        "0": 1,
        "1": 10,
        "2": 87,
        "3": 755,
        "4": 6621,
        "5": 25694,
        "6": 60638
    },
    "24377": {
        "0": 1,
        "1": 11,
        "2": 96,
        "3": 827,
        "4": 7114,
        "5": 28504,
        "6": 72009
    },
    "24378": {
        "0": 1,
        "1": 13,
        "2": 119,
        "3": 1041,
        "4": 9000,
        "5": 44786,
        "6": 140170
    },
    "24379": {
        "0": 1,
        "1": 13,
        "2": 115,
        "3": 971,
        "4": 8238,
        "5": 37760,
        "6": 105408
    },
    "24380": {
        "0": 1,
        "1": 8,
        "2": 69,
        "3": 597,
        "4": 5205,
        "5": 12918,
        "6": 23091
    },
    "24381": {
        "0": 1,
        "1": 10,
        "2": 90,
        "3": 818,
        "4": 7384,
        "5": 33247,
        "6": 94388
    },
    "24382": {
        "0": 1,
        "1": 10,
        "2": 82,
        "3": 691,
        "4": 5876,
        "5": 17541,
        "6": 33102
    },
    "24383": {
        "0": 1,
        "1": 11,
        "2": 94,
        "3": 812,
        "4": 7086,
        "5": 29379,
        "6": 85677
    },
    "24384": {
        "0": 1,
        "1": 10,
        "2": 84,
        "3": 719,
        "4": 6170,
        "5": 20295,
        "6": 45977
    },
    "24385": {
        "0": 1,
        "1": 9,
        "2": 78,
        "3": 685,
        "4": 6024,
        "5": 19696,
        "6": 43372
    },
    "24386": {
        "0": 1,
        "1": 13,
        "2": 120,
        "3": 1066,
        "4": 9353,
        "5": 48944,
        "6": 160425
    },
    "24387": {
        "0": 1,
        "1": 11,
        "2": 97,
        "3": 868,
        "4": 7783,
        "5": 36930,
        "6": 108716
    },
    "24388": {
        "0": 1,
        "1": 12,
        "2": 104,
        "3": 903,
        "4": 7886,
        "5": 36189,
        "6": 96515
    },
    "24389": {
        "0": 1,
        "1": 8,
        "2": 68,
        "3": 576,
        "4": 4909,
        "5": 9328,
        "6": 10378
    },
    "24390": {
        "0": 1,
        "1": 11,
        "2": 92,
        "3": 796,
        "4": 6893,
        "5": 27010,
        "6": 65433
    },
    "24391": {
        "0": 1,
        "1": 13,
        "2": 118,
        "3": 1042,
        "4": 9190,
        "5": 48285,
        "6": 159963
    },
    "24392": {
        "0": 1,
        "1": 11,
        "2": 95,
        "3": 818,
        "4": 7059,
        "5": 28446,
        "6": 77431
    },
    "24393": {
        "0": 1,
        "1": 10,
        "2": 88,
        "3": 786,
        "4": 7012,
        "5": 29849,
        "6": 77556
    },
    "24394": {
        "0": 1,
        "1": 11,
        "2": 91,
        "3": 774,
        "4": 6603,
        "5": 23710,
        "6": 54737
    },
    "24395": {
        "0": 1,
        "1": 10,
        "2": 91,
        "3": 820,
        "4": 7306,
        "5": 31889,
        "6": 89172
    },
    "24396": {
        "0": 1,
        "1": 10,
        "2": 90,
        "3": 811,
        "4": 7260,
        "5": 31379,
        "6": 88178
    },
    "24397": {
        "0": 1,
        "1": 11,
        "2": 94,
        "3": 811,
        "4": 7043,
        "5": 28754,
        "6": 74545
    },
    "24398": {
        "0": 1,
        "1": 10,
        "2": 85,
        "3": 731,
        "4": 6343,
        "5": 22552,
        "6": 49276
    },
    "24399": {
        "0": 1,
        "1": 11,
        "2": 95,
        "3": 848,
        "4": 7607,
        "5": 35576,
        "6": 107238
    }
}