{
    "19800": {
        "0": 1,
        "1": 10,
        "2": 87,
        "3": 758,
        "4": 6601,
        "5": 24785,
        "6": 68410
    },
    "19801": {
        "0": 1,
        "1": 10,
        "2": 82,
        "3": 694,
        "4": 5914,
        "5": 17962,
        "6": 38452
    },
    "19802": {
        "0": 1,
        "1": 12,
        "2": 105,
        "3": 906,
        "4": 7814,
        "5": 34672,
        "6": 83340
    },
    "19803": {
        "0": 1,
        "1": 8,
        "2": 73,
        "3": 651,
        "4": 5782,
        "5": 18251,
        "6": 36977
    },
    "19804": {
        "0": 1,
        "1": 10,
        "2": 82,
        "3": 689,
        "4": 5861,
        "5": 17427,
        "6": 40861
    },
    "19805": {
        "0": 1,
        "1": 9,
        "2": 77,
        "3": 669,
        "4": 5791,
        "5": 17464,
        "6": 33688
    },
    "19806": {
        "0": 1,
        "1": 12,
        "2": 104,
        "3": 891,
        "4": 7637,
        "5": 32831,
        "6": 92438
    },
    "19807": {
        "0": 1,
        "1": 11,
        "2": 93,
        "3": 792,
        "4": 6805,
        "5": 26204,
        "6": 57927
    },
    "19808": {
        "0": 1,
        "1": 11,
        "2": 98,
        "3": 868,
        "4": 7640,
        "5": 33787,
        "6": 101209
    },
    "19809": {
        "0": 1,
        "1": 14,
        "2": 122,
        "3": 1022,
        "4": 8616,
        "5": 40495,
        "6": 108559
    },
    "19810": {
        "0": 1,
        "1": 11,
        "2": 98,
        "3": 864,
        "4": 7610,
        "5": 34061,
        "6": 106008
    },
    "19811": {
        "0": 1,
        "1": 9,
        "2": 79,
        "3": 697,
        "4": 6170,
        "5": 21640,
        "6": 58676
    },
    "19812": {
        "0": 1,
        "1": 11,
        "2": 92,
        "3": 779,
        "4": 6620,
        "5": 23608,
        "6": 51404
    },
    "19813": {
        "0": 1,
        "1": 11,
        "2": 95,
        "3": 817,
        "4": 7054,
        "5": 28382,
        "6": 73064
    },
    "19814": {
        "0": 1,
        "1": 12,
        "2": 105,
        "3": 895,
        "4": 7613,
        "5": 32277,
        "6": 89230
    },
    "19815": {
        "0": 1,
        "1": 12,
        "2": 104,
        "3": 865,
        "4": 7172,
        "5": 26982,
        "6": 67316
    },
    "19816": {
        "0": 1,
        "1": 12,
        "2": 108,
        "3": 950,
        "4": 8298,
        "5": 39614,
        "6": 122036
    },
    "19817": {
        "0": 1,
        "1": 9,
        "2": 75,
        "3": 638,
        "4": 5470,
        "5": 14471,
        "6": 25528
    },
    "19818": {
        "0": 1,
        "1": 11,
        "2": 97,
        "3": 843,
        "4": 7342,
        "5": 31420,
        "6": 89753
    },
    "19819": {
        "0": 1,
        "1": 13,
        "2": 118,
        "3": 1044,
        "4": 9188,
        "5": 48135,
        "6": 168788
    },
    "19820": {
        "0": 1,
        "1": 10,
        "2": 89,
        "3": 805,
        "4": 7245,
        "5": 31810,
        "6": 87955
    },
    "19821": {
        "0": 1,
        "1": 12,
        "2": 105,
        "3": 903,
        "4": 7758,
        "5": 34066,
        "6": 87355
    },
    "19822": {
        "0": 1,
        "1": 9,
        "2": 81,
        "3": 715,
        "4": 6312,
        "5": 22899,
        "6": 55978
    },
    "19823": {
        "0": 1,
        "1": 11,
        "2": 100,
        "3": 888,
        "4": 7880,
        "5": 37209,
        "6": 105824
    },
    "19824": {
        "0": 1,
        "1": 8,
        "2": 69,
        "3": 598,
        "4": 5197,
        "5": 12175,
        "6": 26207
    },
    "19825": {
        "0": 1,
        "1": 10,
        "2": 88,
        "3": 771,
        "4": 6743,
        "5": 25967,
        "6": 67496
    },
    "19826": {
        "0": 1,
        "1": 10,
        "2": 87,
        "3": 744,
        "4": 6363,
        "5": 21835,
        "6": 49932
    },
    "19827": {
        "0": 1,
        "1": 12,
        "2": 109,
        "3": 962,
        "4": 8399,
        "5": 40081,
        "6": 132345
    },
    "19828": {
        "0": 1,
        "1": 12,
        "2": 99,
        "3": 819,
        "4": 6865,
        "5": 25287,
        "6": 61683
    },
    "19829": {
        "0": 1,
        "1": 10,
        "2": 86,
        "3": 748,
        "4": 6479,
        "5": 22900,
        "6": 49638
    },
    "19830": {
        "0": 1,
        "1": 13,
        "2": 120,
        "3": 1060,
        "4": 9280,
        "5": 48250,
        "6": 172950
    },
    "19831": {
        "0": 1,
        "1": 11,
        "2": 95,
        "3": 827,
        "4": 7228,
        "5": 30566,
        "6": 85382
    },
    "19832": {
        "0": 1,
        "1": 8,
        "2": 70,
        "3": 609,
        "4": 5301,
        "5": 13165,
        "6": 24718
    },
    "19833": {
        "0": 1,
        "1": 10,
        "2": 85,
        "3": 744,
        "4": 6554,
        "5": 25269,
        "6": 70353
    },
    "19834": {
        "0": 1,
        "1": 12,
        "2": 106,
        "3": 903,
        "4": 7648,
        "5": 32066,
        "6": 80408
    },
    "19835": {
        "0": 1,
        "1": 10,
        "2": 82,
        "3": 704,
        "4": 6076,
        "5": 19554,
        "6": 42289
    },
    "19836": {
        "0": 1,
        "1": 13,
        "2": 118,
        "3": 1016,
        "4": 8755,
        "5": 43294,
        "6": 140415
    },
    "19837": {
        "0": 1,
        "1": 12,
        "2": 102,
        "3": 859,
        "4": 7292,
        "5": 29354,
        "6": 73234
    },
    "19838": {
        "0": 1,
        "1": 12,
        "2": 107,
        "3": 927,
        "4": 8010,
        "5": 36727,
        "6": 109636
    },
    "19839": {
        "0": 1,
        "1": 12,
        "2": 107,
        "3": 945,
        "4": 8333,
        "5": 40343,
        "6": 120418
    },
    "19840": {
        "0": 1,
        "1": 13,
        "2": 117,
        "3": 1020,
        "4": 8841,
        "5": 43934,
        "6": 131825
    },
    "19841": {
        "0": 1,
        "1": 12,
        "2": 100,
        "3": 835,
        "4": 7043,
        "5": 27060,
        "6": 63826
    },
    "19842": {
        "0": 1,
        "1": 11,
        "2": 94,
        "3": 811,
        "4": 7020,
        "5": 28075,
        "6": 66926
    },
    "19843": {
        "0": 1,
        "1": 8,
        "2": 71,
        "3": 621,
        "4": 5443,
        "5": 15078,
        "6": 31133
    },
    "19844": {
        "0": 1,
        "1": 11,
        "2": 95,
        "3": 824,
        "4": 7174,
        "5": 29818,
        "6": 76916
    },
    "19845": {
        "0": 1,
        "1": 11,
        "2": 97,
        "3": 846,
        "4": 7374,
        "5": 31596,
        "6": 90374
    },
    "19846": {
        "0": 1,
        "1": 14,
        "2": 125,
        "3": 1062,
        "4": 9063,
        "5": 45159,
        "6": 132971
    },
    "19847": {
        "0": 1,
        "1": 11,
        "2": 97,
        "3": 852,
        "4": 7526,
        "5": 33871,
        "6": 94113
    },
    "19848": {
        "0": 1,
        "1": 11,
        "2": 103,
        "3": 939,
        "4": 8441,
        "5": 42250,
        "6": 144676
    },
    "19849": {
        "0": 1,
        "1": 12,
        "2": 108,
        "3": 957,
        "4": 8412,
        "5": 40822,
        "6": 127402
    },
    "19850": {
        "0": 1,
        "1": 10,
        "2": 89,
        "3": 778,
        "4": 6772,
        "5": 26089,
        "6": 63747
    },
    "19851": {
        "0": 1,
        "1": 10,
        "2": 88,
        "3": 779,
        "4": 6889,
        "5": 27974,
        "6": 74434
    },
    "19852": {
        "0": 1,
        "1": 13,
        "2": 123,
        "3": 1096,
        "4": 9610,
        "5": 51087,
        "6": 175641
    },
    "19853": {
        "0": 1,
        "1": 10,
        "2": 83,
        "3": 721,
        "4": 6303,
        "5": 22436,
        "6": 54376
    },
    "19854": {
        "0": 1,
        "1": 14,
        "2": 126,
        "3": 1095,
        "4": 9439,
        "5": 48806,
        "6": 152390
    },
    "19855": {
        "0": 1,
        "1": 10,
        "2": 89,
        "3": 790,
        "4": 7011,
        "5": 29400,
        "6": 82088
    },
    "19856": {
        "0": 1,
        "1": 10,
        "2": 88,
        "3": 763,
        "4": 6592,
        "5": 24214,
        "6": 61142
    },
    "19857": {
        "0": 1,
        "1": 8,
        "2": 67,
        "3": 564,
        "4": 4784,
        "5": 8171,
        "6": 12506
    },
    "19858": {
        "0": 1,
        "1": 14,
        "2": 128,
        "3": 1097,
        "4": 9318,
        "5": 46797,
        "6": 150080
    },
    "19859": {
        "0": 1,
        "1": 10,
        "2": 86,
        "3": 746,
        "4": 6478,
        "5": 23653,
        "6": 58655
    },
    "19860": {
        "0": 1,
        "1": 10,
        "2": 86,
        "3": 744,
        "4": 6419,
        "5": 22611,
        "6": 49625
    },
    "19861": {
        "0": 1,
        "1": 9,
        "2": 76,
        "3": 656,
        "4": 5655,
        "5": 15972,
        "6": 32782
    },
    "19862": {
        "0": 1,
        "1": 11,
        "2": 96,
        "3": 829,
        "4": 7157,
        "5": 28797,
        "6": 77405
    },
    "19863": {
        "0": 1,
        "1": 10,
        "2": 87,
        "3": 755,
        "4": 6595,
        "5": 25131,
        "6": 63087
    },
    "19864": {
        "0": 1,
        "1": 13,
        "2": 117,
        "3": 1017,
        "4": 8758,
        "5": 42514,
        "6": 129803
    },
    "19865": {
        "0": 1,
        "1": 12,
        "2": 105,
        "3": 909,
        "4": 7906,
        "5": 36196,
        "6": 107458
    },
    "19866": {
        "0": 1,
        "1": 10,
        "2": 83,
        "3": 710,
        "4": 6130,
        "5": 20564,
        "6": 43760
    },
    "19867": {
        "0": 1,
        "1": 11,
        "2": 94,
        "3": 799,
        "4": 6814,
        "5": 25550,
        "6": 66112
    },
    "19868": {
        "0": 1,
        "1": 8,
        "2": 70,
        "3": 615,
        "4": 5432,
        "5": 15361,
        "6": 29303
    },
    "19869": {
        "0": 1,
        "1": 11,
        "2": 94,
        "3": 793,
        "4": 6702,
        "5": 24052,
        "6": 59976
    },
    "19870": {
        "0": 1,
        "1": 12,
        "2": 105,
        "3": 906,
        "4": 7797,
        "5": 34465,
        "6": 90592
    },
    "19871": {
        "0": 1,
        "1": 10,
        "2": 85,
        "3": 726,
        "4": 6255,
        "5": 21247,
        "6": 50732
    },
    "19872": {
        "0": 1,
        "1": 9,
        "2": 76,
        "3": 654,
        "4": 5639,
        "5": 16011,
        "6": 27887
    },
    "19873": {
        "0": 1,
        "1": 11,
        "2": 98,
        "3": 866,
        "4": 7610,
        "5": 33961,
        "6": 89946
    },
    "19874": {
        "0": 1,
        "1": 12,
        "2": 104,
        "3": 894,
        "4": 7667,
        "5": 32936,
        "6": 90287
    },
    "19875": {
        "0": 1,
        "1": 9,
        "2": 76,
        "3": 659,
        "4": 5745,
        "5": 17541,
        "6": 36829
    },
    "19876": {
        "0": 1,
        "1": 11,
        "2": 92,
        "3": 786,
        "4": 6764,
        "5": 25703,
        "6": 58546
    },
    "19877": {
        "0": 1,
        "1": 11,
        "2": 96,
        "3": 845,
        "4": 7377,
        "5": 31440,
        "6": 90519
    },
    "19878": {
        "0": 1,
        "1": 12,
        "2": 108,
        "3": 945,
        "4": 8252,
        "5": 39645,
        "6": 130507
    },
    "19879": {
        "0": 1,
        "1": 11,
        "2": 93,
        "3": 788,
        "4": 6746,
        "5": 25215,
        "6": 58886
    },
    "19880": {
        "0": 1,
        "1": 8,
        "2": 70,
        "3": 613,
        "4": 5348,
        "5": 13462,
        "6": 22982
    },
    "19881": {
        "0": 1,
        "1": 10,
        "2": 84,
        "3": 715,
        "4": 6141,
        "5": 20247,
        "6": 44827
    },
    "19882": {
        "0": 1,
        "1": 11,
        "2": 101,
        "3": 904,
        "4": 8041,
        "5": 38430,
        "6": 115965
    },
    "19883": {
        "0": 1,
        "1": 10,
        "2": 85,
        "3": 745,
        "4": 6518,
        "5": 23849,
        "6": 60084
    },
    "19884": {
        "0": 1,
        "1": 8,
        "2": 69,
        "3": 586,
        "4": 5008,
        "5": 10042,
        "6": 14702
    },
    "19885": {
        "0": 1,
        "1": 11,
        "2": 95,
        "3": 812,
        "4": 6963,
        "5": 27304,
        "6": 71454
    },
    "19886": {
        "0": 1,
        "1": 9,
        "2": 72,
        "3": 599,
        "4": 5061,
        "5": 10545,
        "6": 16408
    },
    "19887": {
        "0": 1,
        "1": 12,
        "2": 106,
        "3": 909,
        "4": 7765,
        "5": 33825,
        "6": 98223
    },
    "19888": {
        "0": 1,
        "1": 11,
        "2": 99,
        "3": 883,
        "4": 7777,
        "5": 35669,
        "6": 105747
    },
    "19889": {
        "0": 1,
        "1": 10,
        "2": 88,
        "3": 769,
        "4": 6760,
        "5": 26792,
        "6": 70954
    },
    "19890": {
        "0": 1,
        "1": 11,
        "2": 92,
        "3": 786,
        "4": 6803,
        "5": 26288,
        "6": 63727
    },
    "19891": {
        "0": 1,
        "1": 14,
        "2": 129,
        "3": 1108,
        "4": 9371,
        "5": 46672,
        "6": 148736
    },
    "19892": {
        "0": 1,
        "1": 12,
        "2": 107,
        "3": 943,
        "4": 8308,
        "5": 40379,
        "6": 125165
    },
    "19893": {
        "0": 1,
        "1": 12,
        "2": 110,
        "3": 981,
        "4": 8628,
        "5": 42869,
        "6": 141024
    },
    "19894": {
        "0": 1,
        "1": 12,
        "2": 104,
        "3": 882,
        "4": 7508,
        "5": 31330,
        "6": 85060
    },
    "19895": {
        "0": 1,
        "1": 13,
        "2": 117,
        "3": 1013,
        "4": 8702,
        "5": 42057,
        "6": 131301
    },
    "19896": {
        "0": 1,
        "1": 11,
        "2": 96,
        "3": 857,
        "4": 7615,
        "5": 34644,
        "6": 100512
    },
    "19897": {
        "0": 1,
        "1": 12,
        "2": 108,
        "3": 946,
        "4": 8259,
        "5": 39337,
        "6": 117156
    },
    "19898": {
        "0": 1,
        "1": 11,
        "2": 99,
        "3": 861,
        "4": 7474,
        "5": 31900,
        "6": 87117
    },
    "19899": {
        "0": 1,
        "1": 10,
        "2": 87,
        "3": 769,
        "4": 6808,
        "5": 27205,
        "6": 65753
    }
}