{
    "1300": {
        "0": 1,
        "1": 11,
        "2": 97,
        "3": 853,
        "4": 7518,
        "5": 33612,
        "6": 91537
    },
    "1301": {
        "0": 1,
        "1": 12,
        "2": 108,
        "3": 945,
        "4": 8215,
        "5": 38293,
        "6": 103390
    },
    "1302": {
        "0": 1,
        "1": 11,
        "2": 95,
        "3": 824,
        "4": 7146,
        "5": 29394,
        "6": 79257
    },
    "1303": {
        "0": 1,
        "1": 11,
        "2": 94,
        "3": 809,
        "4": 7006,
        "5": 28101,
        "6": 74078
    },
    "1304": {
        "0": 1,
        "1": 10,
        "2": 84,
        "3": 724,
        "4": 6269,
        "5": 21672,
        "6": 52877
    },
    "1305": {
        "0": 1,
        "1": 11,
        "2": 96,
        "3": 833,
        "4": 7227,
        "5": 29894,
        "6": 78561
    },
    "1306": {
        "0": 1,
        "1": 9,
        "2": 80,
        "3": 692,
        "4": 6012,
        "5": 19403,
        "6": 44106
    },
    "1307": {
        "0": 1,
        "1": 9,
        "2": 75,
        "3": 647,
        "4": 5581,
        "5": 15400,
        "6": 30561
    },
    "1308": {
        "0": 1,
        "1": 14,
        "2": 127,
        "3": 1088,
        "4": 9260,
        "5": 46532,
        "6": 151535
    },
    "1309": {
        "0": 1,
        "1": 9,
        "2": 75,
        "3": 626,
        "4": 5269,
        "5": 11966,
        "6": 20365
    },
    "1310": {
        "0": 1,
        "1": 11,
        "2": 99,
        "3": 869,
        "4": 7596,
        "5": 33579,
        "6": 92850
    },
    "1311": {
        "0": 1,
        "1": 12,
        "2": 113,
        "3": 997,
        "4": 8632,
        "5": 41969,
        "6": 137345
    },
    "1312": {
        "0": 1,
        "1": 10,
        "2": 84,
        "3": 729,
        "4": 6367,
        "5": 23054,
        "6": 54385
    },
    "1313": {
        "0": 1,
        "1": 11,
        "2": 99,
        "3": 882,
        "4": 7841,
        "5": 36878,
        "6": 110365
    },
    "1314": {
        "0": 1,
        "1": 11,
        "2": 90,
        "3": 742,
        "4": 6184,
        "5": 19365,
        "6": 45059
    },
    "1315": {
        "0": 1,
        "1": 9,
        "2": 76,
        "3": 654,
        "4": 5638,
        "5": 16081,
        "6": 27455
    },
    "1316": {
        "0": 1,
        "1": 10,
        "2": 89,
        "3": 790,
        "4": 7025,
        "5": 29769,
        "6": 81183
    },
    "1317": {
        "0": 1,
        "1": 10,
        "2": 86,
        "3": 747,
        "4": 6531,
        "5": 24249,
        "6": 57851
    },
    "1318": {
        "0": 1,
        "1": 11,
        "2": 95,
        "3": 811,
        "4": 6942,
        "5": 26930,
        "6": 70916
    },
    "1319": {
        "0": 1,
        "1": 11,
        "2": 95,
        "3": 813,
        "4": 6986,
        "5": 27371,
        "6": 71075
    },
    "1320": {
        "0": 1,
        "1": 12,
        "2": 103,
        "3": 877,
        "4": 7457,
        "5": 30790,
        "6": 74509
    },
    "1321": {
        "0": 1,
        "1": 11,
        "2": 95,
        "3": 818,
        "4": 7100,
        "5": 29226,
        "6": 76253
    },
    "1322": {
        "0": 1,
        "1": 11,
        "2": 96,
        "3": 829,
        "4": 7143,
        "5": 28831,
        "6": 75706
    },
    "1323": {
        "0": 1,
        "1": 11,
        "2": 95,
        "3": 806,
        "4": 6823,
        "5": 25072,
        "6": 62044
    },
    "1324": {
        "0": 1,
        "1": 8,
        "2": 69,
        "3": 593,
        "4": 5100,
        "5": 11080,
        "6": 18771
    },
    "1325": {
        "0": 1,
        "1": 9,
        "2": 80,
        "3": 710,
        "4": 6284,
        "5": 22571,
        "6": 63656
    },
    "1326": {
        "0": 1,
        "1": 9,
        "2": 78,
        "3": 693,
        "4": 6167,
        "5": 21677,
        "6": 58889
    },
    "1327": {
        "0": 1,
        "1": 11,
        "2": 92,
        "3": 798,
        "4": 6964,
        "5": 28352,
        "6": 73536
    },
    "1328": {
        "0": 1,
        "1": 10,
        "2": 88,
        "3": 780,
        "4": 6874,
        "5": 27503,
        "6": 74351
    },
    "1329": {
        "0": 1,
        "1": 12,
        "2": 104,
        "3": 897,
        "4": 7737,
        "5": 34040,
        "6": 91457
    },
    "1330": {
        "0": 1,
        "1": 11,
        "2": 95,
        "3": 828,
        "4": 7268,
        "5": 31271,
        "6": 83645
    },
    "1331": {
        "0": 1,
        "1": 10,
        "2": 87,
        "3": 760,
        "4": 6674,
        "5": 26117,
        "6": 67319
    },
    "1332": {
        "0": 1,
        "1": 12,
        "2": 99,
        "3": 829,
        "4": 7046,
        "5": 27715,
        "6": 62687
    },
    "1333": {
        "0": 1,
        "1": 14,
        "2": 123,
        "3": 1052,
        "4": 9092,
        "5": 46366,
        "6": 148936
    },
    "1334": {
        "0": 1,
        "1": 11,
        "2": 98,
        "3": 884,
        "4": 7973,
        "5": 38960,
        "6": 131292
    },
    "1335": {
        "0": 1,
        "1": 13,
        "2": 118,
        "3": 1042,
        "4": 9130,
        "5": 47282,
        "6": 163101
    },
    "1336": {
        "0": 1,
        "1": 12,
        "2": 104,
        "3": 887,
        "4": 7570,
        "5": 32116,
        "6": 86406
    },
    "1337": {
        "0": 1,
        "1": 11,
        "2": 95,
        "3": 830,
        "4": 7246,
        "5": 30578,
        "6": 79785
    },
    "1338": {
        "0": 1,
        "1": 10,
        "2": 84,
        "3": 722,
        "4": 6195,
        "5": 20423,
        "6": 45689
    },
    "1339": {
        "0": 1,
        "1": 9,
        "2": 75,
        "3": 643,
        "4": 5539,
        "5": 15110,
        "6": 32309
    },
    "1340": {
        "0": 1,
        "1": 9,
        "2": 85,
        "3": 780,
        "4": 7099,
        "5": 31397,
        "6": 87296
    },
    "1341": {
        "0": 1,
        "1": 10,
        "2": 87,
        "3": 763,
        "4": 6705,
        "5": 25783,
        "6": 63878
    },
    "1342": {
        "0": 1,
        "1": 13,
        "2": 118,
        "3": 1007,
        "4": 8527,
        "5": 39768,
        "6": 115649
    },
    "1343": {
        "0": 1,
        "1": 13,
        "2": 111,
        "3": 937,
        "4": 7996,
        "5": 36232,
        "6": 95721
    },
    "1344": {
        "0": 1,
        "1": 10,
        "2": 82,
        "3": 702,
        "4": 6084,
        "5": 20309,
        "6": 48601
    },
    "1345": {
        "0": 1,
        "1": 11,
        "2": 97,
        "3": 856,
        "4": 7584,
        "5": 34246,
        "6": 98403
    },
    "1346": {
        "0": 1,
        "1": 12,
        "2": 104,
        "3": 885,
        "4": 7523,
        "5": 31479,
        "6": 90563
    },
    "1347": {
        "0": 1,
        "1": 11,
        "2": 95,
        "3": 830,
        "4": 7325,
        "5": 32132,
        "6": 92596
    },
    "1348": {
        "0": 1,
        "1": 9,
        "2": 77,
        "3": 669,
        "4": 5830,
        "5": 17994,
        "6": 38967
    },
    "1349": {
        "0": 1,
        "1": 12,
        "2": 103,
        "3": 901,
        "4": 7911,
        "5": 36743,
        "6": 107821
    },
    "1350": {
        "0": 1,
        "1": 8,
        "2": 67,
        "3": 571,
        "4": 4912,
        "5": 9842,
        "6": 15889
    },
    "1351": {
        "0": 1,
        "1": 12,
        "2": 105,
        "3": 896,
        "4": 7702,
        "5": 33945,
        "6": 105121
    },
    "1352": {
        "0": 1,
        "1": 10,
        "2": 89,
        "3": 796,
        "4": 7061,
        "5": 29406,
        "6": 76977
    },
    "1353": {
        "0": 1,
        "1": 11,
        "2": 95,
        "3": 822,
        "4": 7143,
        "5": 29527,
        "6": 77917
    },
    "1354": {
        "0": 1,
        "1": 11,
        "2": 93,
        "3": 788,
        "4": 6715,
        "5": 24844,
        "6": 61959
    },
    "1355": {
        "0": 1,
        "1": 11,
        "2": 93,
        "3": 798,
        "4": 6914,
        "5": 27369,
        "6": 61895
    },
    "1356": {
        "0": 1,
        "1": 10,
        "2": 85,
        "3": 725,
        "4": 6204,
        "5": 20345,
        "6": 44586
    },
    "1357": {
        "0": 1,
        "1": 9,
        "2": 73,
        "3": 615,
        "4": 5227,
        "5": 12014,
        "6": 18764
    },
    "1358": {
        "0": 1,
        "1": 10,
        "2": 87,
        "3": 773,
        "4": 6832,
        "5": 27650,
        "6": 76637
    },
    "1359": {
        "0": 1,
        "1": 13,
        "2": 115,
        "3": 991,
        "4": 8488,
        "5": 39851,
        "6": 109060
    },
    "1360": {
        "0": 1,
        "1": 11,
        "2": 89,
        "3": 757,
        "4": 6582,
        "5": 24929,
        "6": 62890
    },
    "1361": {
        "0": 1,
        "1": 10,
        "2": 86,
        "3": 762,
        "4": 6747,
        "5": 26690,
        "6": 67396
    },
    "1362": {
        "0": 1,
        "1": 11,
        "2": 99,
        "3": 868,
        "4": 7576,
        "5": 33404,
        "6": 94444
    },
    "1363": {
        "0": 1,
        "1": 9,
        "2": 73,
        "3": 611,
        "4": 5188,
        "5": 11784,
        "6": 18761
    },
    "1364": {
        "0": 1,
        "1": 10,
        "2": 86,
        "3": 733,
        "4": 6252,
        "5": 20513,
        "6": 42740
    },
    "1365": {
        "0": 1,
        "1": 10,
        "2": 88,
        "3": 770,
        "4": 6750,
        "5": 26417,
        "6": 65496
    },
    "1366": {
        "0": 1,
        "1": 10,
        "2": 86,
        "3": 735,
        "4": 6302,
        "5": 21774,
        "6": 58018
    },
    "1367": {
        "0": 1,
        "1": 10,
        "2": 83,
        "3": 714,
        "4": 6182,
        "5": 20914,
        "6": 47706
    },
    "1368": {
        "0": 1,
        "1": 8,
        "2": 71,
        "3": 631,
        "4": 5570,
        "5": 15915,
        "6": 34489
    },
    "1369": {
        "0": 1,
        "1": 12,
        "2": 103,
        "3": 866,
        "4": 7290,
        "5": 28896,
        "6": 68379
    },
    "1370": {
        "0": 1,
        "1": 9,
        "2": 77,
        "3": 673,
        "4": 5924,
        "5": 19719,
        "6": 50271
    },
    "1371": {
        "0": 1,
        "1": 11,
        "2": 97,
        "3": 846,
        "4": 7332,
        "5": 30571,
        "6": 80975
    },
    "1372": {
        "0": 1,
        "1": 9,
        "2": 77,
        "3": 658,
        "4": 5684,
        "5": 16696,
        "6": 34077
    },
    "1373": {
        "0": 1,
        "1": 8,
        "2": 73,
        "3": 646,
        "4": 5677,
        "5": 16896,
        "6": 34231
    },
    "1374": {
        "0": 1,
        "1": 9,
        "2": 76,
        "3": 648,
        "4": 5553,
        "5": 15006,
        "6": 29151
    },
    "1375": {
        "0": 1,
        "1": 12,
        "2": 103,
        "3": 892,
        "4": 7780,
        "5": 35153,
        "6": 99871
    },
    "1376": {
        "0": 1,
        "1": 10,
        "2": 91,
        "3": 826,
        "4": 7407,
        "5": 32621,
        "6": 85659
    },
    "1377": {
        "0": 1,
        "1": 9,
        "2": 80,
        "3": 703,
        "4": 6183,
        "5": 21283,
        "6": 47740
    },
    "1378": {
        "0": 1,
        "1": 12,
        "2": 103,
        "3": 876,
        "4": 7478,
        "5": 31401,
        "6": 75400
    },
    "1379": {
        "0": 1,
        "1": 12,
        "2": 107,
        "3": 945,
        "4": 8307,
        "5": 40259,
        "6": 119967
    },
    "1380": {
        "0": 1,
        "1": 11,
        "2": 94,
        "3": 806,
        "4": 6942,
        "5": 27361,
        "6": 73434
    },
    "1381": {
        "0": 1,
        "1": 8,
        "2": 67,
        "3": 570,
        "4": 4919,
        "5": 10115,
        "6": 15735
    },
    "1382": {
        "0": 1,
        "1": 10,
        "2": 87,
        "3": 755,
        "4": 6567,
        "5": 24285,
        "6": 59676
    },
    "1383": {
        "0": 1,
        "1": 10,
        "2": 84,
        "3": 716,
        "4": 6162,
        "5": 20667,
        "6": 48881
    },
    "1384": {
        "0": 1,
        "1": 9,
        "2": 75,
        "3": 639,
        "4": 5490,
        "5": 14651,
        "6": 28098
    },
    "1385": {
        "0": 1,
        "1": 9,
        "2": 79,
        "3": 693,
        "4": 6082,
        "5": 20612,
        "6": 50609
    },
    "1386": {
        "0": 1,
        "1": 11,
        "2": 96,
        "3": 837,
        "4": 7231,
        "5": 29489,
        "6": 76491
    },
    "1387": {
        "0": 1,
        "1": 11,
        "2": 96,
        "3": 837,
        "4": 7228,
        "5": 29575,
        "6": 81052
    },
    "1388": {
        "0": 1,
        "1": 12,
        "2": 104,
        "3": 888,
        "4": 7571,
        "5": 31980,
        "6": 78550
    },
    "1389": {
        "0": 1,
        "1": 11,
        "2": 95,
        "3": 824,
        "4": 7180,
        "5": 30089,
        "6": 81304
    },
    "1390": {
        "0": 1,
        "1": 13,
        "2": 118,
        "3": 1019,
        "4": 8754,
        "5": 42561,
        "6": 121358
    },
    "1391": {
        "0": 1,
        "1": 9,
        "2": 78,
        "3": 699,
        "4": 6234,
        "5": 22500,
        "6": 54241
    },
    "1392": {
        "0": 1,
        "1": 12,
        "2": 103,
        "3": 859,
        "4": 7170,
        "5": 27546,
        "6": 66733
    },
    "1393": {
        "0": 1,
        "1": 11,
        "2": 93,
        "3": 788,
        "4": 6708,
        "5": 24496,
        "6": 55356
    },
    "1394": {
        "0": 1,
        "1": 11,
        "2": 92,
        "3": 794,
        "4": 6934,
        "5": 28108,
        "6": 74939
    },
    "1395": {
        "0": 1,
        "1": 10,
        "2": 87,
        "3": 754,
        "4": 6565,
        "5": 24522,
        "6": 64989
    },
    "1396": {
        "0": 1,
        "1": 12,
        "2": 103,
        "3": 901,
        "4": 7891,
        "5": 36232,
        "6": 94118
    },
    "1397": {
        "0": 1,
        "1": 13,
        "2": 119,
        "3": 1025,
        "4": 8754,
        "5": 42211,
        "6": 120838
    },
    "1398": {
        "0": 1,
        "1": 12,
        "2": 108,
        "3": 965,
        "4": 8486,
        "5": 41496,
        "6": 121617
    },
    "1399": {
        "0": 1,
        "1": 11,
        "2": 93,
        "3": 793,
        "4": 6792,
        "5": 25557,
        "6": 64386
    }
}