{
    "13900": {
        "0": 1,
        "1": 12,
        "2": 104,
        "3": 887,
        "4": 7618,
        "5": 32882,
        "6": 89344
    },
    "13901": {
        "0": 1,
        "1": 10,
        "2": 86,
        "3": 747,
        "4": 6492,
        "5": 23744,
        "6": 55678
    },
    "13902": {
        "0": 1,
        "1": 10,
        "2": 85,
        "3": 731,
        "4": 6284,
        "5": 21240,
        "6": 40367
    },
    "13903": {
        "0": 1,
        "1": 10,
        "2": 84,
        "3": 714,
        "4": 6135,
        "5": 20429,
        "6": 42050
    },
    "13904": {
        "0": 1,
        "1": 10,
        "2": 87,
        "3": 769,
        "4": 6825,
        "5": 27647,
        "6": 73463
    },
    "13905": {
        "0": 1,
        "1": 12,
        "2": 105,
        "3": 896,
        "4": 7642,
        "5": 32533,
        "6": 84627
    },
    "13906": {
        "0": 1,
        "1": 14,
        "2": 121,
        "3": 1003,
        "4": 8434,
        "5": 38979,
        "6": 110535
    },
    "13907": {
        "0": 1,
        "1": 12,
        "2": 110,
        "3": 959,
        "4": 8210,
        "5": 37153,
        "6": 100932
    },
    "13908": {
        "0": 1,
        "1": 11,
        "2": 96,
        "3": 831,
        "4": 7248,
        "5": 30682,
        "6": 82190
    },
    "13909": {
        "0": 1,
        "1": 12,
        "2": 99,
        "3": 813,
        "4": 6707,
        "5": 22823,
        "6": 52435
    },
    "13910": {
        "0": 1,
        "1": 14,
        "2": 127,
        "3": 1095,
        "4": 9425,
        "5": 48831,
        "6": 157828
    },
    "13911": {
        "0": 1,
        "1": 11,
        "2": 94,
        "3": 815,
        "4": 7053,
        "5": 28267,
        "6": 71858
    },
    "13912": {
        "0": 1,
        "1": 10,
        "2": 81,
        "3": 697,
        "4": 6079,
        "5": 20853,
        "6": 45669
    },
    "13913": {
        "0": 1,
        "1": 8,
        "2": 70,
        "3": 606,
        "4": 5266,
        "5": 13069,
        "6": 24615
    },
    "13914": {
        "0": 1,
        "1": 12,
        "2": 107,
        "3": 925,
        "4": 7972,
        "5": 36148,
        "6": 113937
    },
    "13915": {
        "0": 1,
        "1": 10,
        "2": 88,
        "3": 773,
        "4": 6808,
        "5": 27231,
        "6": 72514
    },
    "13916": {
        "0": 1,
        "1": 8,
        "2": 67,
        "3": 572,
        "4": 4981,
        "5": 11176,
        "6": 21905
    },
    "13917": {
        "0": 1,
        "1": 12,
        "2": 97,
        "3": 831,
        "4": 7157,
        "5": 29039,
        "6": 71627
    },
    "13918": {
        "0": 1,
        "1": 11,
        "2": 94,
        "3": 811,
        "4": 7019,
        "5": 28097,
        "6": 62937
    },
    "13919": {
        "0": 1,
        "1": 13,
        "2": 111,
        "3": 922,
        "4": 7783,
        "5": 33402,
        "6": 85839
    },
    "13920": {
        "0": 1,
        "1": 8,
        "2": 68,
        "3": 588,
        "4": 5125,
        "5": 12198,
        "6": 22024
    },
    "13921": {
        "0": 1,
        "1": 11,
        "2": 94,
        "3": 820,
        "4": 7139,
        "5": 29545,
        "6": 73890
    },
    "13922": {
        "0": 1,
        "1": 10,
        "2": 86,
        "3": 741,
        "4": 6410,
        "5": 22786,
        "6": 55694
    },
    "13923": {
        "0": 1,
        "1": 11,
        "2": 94,
        "3": 796,
        "4": 6808,
        "5": 25901,
        "6": 61404
    },
    "13924": {
        "0": 1,
        "1": 9,
        "2": 79,
        "3": 697,
        "4": 6134,
        "5": 21109,
        "6": 50121
    },
    "13925": {
        "0": 1,
        "1": 11,
        "2": 95,
        "3": 814,
        "4": 7002,
        "5": 27620,
        "6": 70713
    },
    "13926": {
        "0": 1,
        "1": 8,
        "2": 70,
        "3": 605,
        "4": 5246,
        "5": 12713,
        "6": 19509
    },
    "13927": {
        "0": 1,
        "1": 11,
        "2": 93,
        "3": 779,
        "4": 6576,
        "5": 23309,
        "6": 51946
    },
    "13928": {
        "0": 1,
        "1": 11,
        "2": 94,
        "3": 815,
        "4": 7072,
        "5": 28621,
        "6": 72801
    },
    "13929": {
        "0": 1,
        "1": 10,
        "2": 84,
        "3": 726,
        "4": 6361,
        "5": 23474,
        "6": 58275
    },
    "13930": {
        "0": 1,
        "1": 9,
        "2": 78,
        "3": 693,
        "4": 6164,
        "5": 22164,
        "6": 50186
    },
    "13931": {
        "0": 1,
        "1": 12,
        "2": 106,
        "3": 908,
        "4": 7821,
        "5": 34993,
        "6": 102533
    },
    "13932": {
        "0": 1,
        "1": 9,
        "2": 79,
        "3": 690,
        "4": 6120,
        "5": 21881,
        "6": 54507
    },
    "13933": {
        "0": 1,
        "1": 10,
        "2": 85,
        "3": 726,
        "4": 6243,
        "5": 21302,
        "6": 52350
    },
    "13934": {
        "0": 1,
        "1": 12,
        "2": 103,
        "3": 886,
        "4": 7633,
        "5": 32835,
        "6": 82764
    },
    "13935": {
        "0": 1,
        "1": 12,
        "2": 112,
        "3": 982,
        "4": 8581,
        "5": 42788,
        "6": 141173
    },
    "13936": {
        "0": 1,
        "1": 11,
        "2": 94,
        "3": 817,
        "4": 7210,
        "5": 31241,
        "6": 78176
    },
    "13937": {
        "0": 1,
        "1": 12,
        "2": 109,
        "3": 952,
        "4": 8215,
        "5": 38159,
        "6": 115052
    },
    "13938": {
        "0": 1,
        "1": 10,
        "2": 87,
        "3": 753,
        "4": 6510,
        "5": 23655,
        "6": 64272
    },
    "13939": {
        "0": 1,
        "1": 12,
        "2": 106,
        "3": 918,
        "4": 7888,
        "5": 35189,
        "6": 98631
    },
    "13940": {
        "0": 1,
        "1": 10,
        "2": 87,
        "3": 747,
        "4": 6425,
        "5": 22598,
        "6": 51730
    },
    "13941": {
        "0": 1,
        "1": 11,
        "2": 94,
        "3": 814,
        "4": 7014,
        "5": 27467,
        "6": 71764
    },
    "13942": {
        "0": 1,
        "1": 11,
        "2": 94,
        "3": 787,
        "4": 6643,
        "5": 23698,
        "6": 55397
    },
    "13943": {
        "0": 1,
        "1": 10,
        "2": 81,
        "3": 678,
        "4": 5716,
        "5": 15855,
        "6": 28584
    },
    "13944": {
        "0": 1,
        "1": 12,
        "2": 102,
        "3": 873,
        "4": 7530,
        "5": 32383,
        "6": 79375
    },
    "13945": {
        "0": 1,
        "1": 10,
        "2": 83,
        "3": 721,
        "4": 6270,
        "5": 21851,
        "6": 45863
    },
    "13946": {
        "0": 1,
        "1": 12,
        "2": 109,
        "3": 965,
        "4": 8537,
        "5": 42616,
        "6": 134667
    },
    "13947": {
        "0": 1,
        "1": 11,
        "2": 99,
        "3": 882,
        "4": 7810,
        "5": 35870,
        "6": 106532
    },
    "13948": {
        "0": 1,
        "1": 11,
        "2": 94,
        "3": 797,
        "4": 6771,
        "5": 25024,
        "6": 61935
    },
    "13949": {
        "0": 1,
        "1": 10,
        "2": 88,
        "3": 768,
        "4": 6750,
        "5": 26658,
        "6": 68552
    },
    "13950": {
        "0": 1,
        "1": 13,
        "2": 112,
        "3": 930,
        "4": 7741,
        "5": 32206,
        "6": 76974
    },
    "13951": {
        "0": 1,
        "1": 12,
        "2": 107,
        "3": 952,
        "4": 8471,
        "5": 42490,
        "6": 133222
    },
    "13952": {
        "0": 1,
        "1": 12,
        "2": 101,
        "3": 869,
        "4": 7549,
        "5": 32844,
        "6": 88848
    },
    "13953": {
        "0": 1,
        "1": 9,
        "2": 77,
        "3": 672,
        "4": 5876,
        "5": 18385,
        "6": 41371
    },
    "13954": {
        "0": 1,
        "1": 11,
        "2": 94,
        "3": 798,
        "4": 6809,
        "5": 25303,
        "6": 55197
    },
    "13955": {
        "0": 1,
        "1": 13,
        "2": 117,
        "3": 1016,
        "4": 8807,
        "5": 43869,
        "6": 139778
    },
    "13956": {
        "0": 1,
        "1": 9,
        "2": 74,
        "3": 627,
        "4": 5362,
        "5": 13457,
        "6": 25155
    },
    "13957": {
        "0": 1,
        "1": 11,
        "2": 91,
        "3": 759,
        "4": 6388,
        "5": 21223,
        "6": 43852
    },
    "13958": {
        "0": 1,
        "1": 10,
        "2": 85,
        "3": 730,
        "4": 6288,
        "5": 21802,
        "6": 45761
    },
    "13959": {
        "0": 1,
        "1": 10,
        "2": 86,
        "3": 752,
        "4": 6541,
        "5": 23883,
        "6": 58759
    },
    "13960": {
        "0": 1,
        "1": 9,
        "2": 75,
        "3": 643,
        "4": 5506,
        "5": 14532,
        "6": 27352
    },
    "13961": {
        "0": 1,
        "1": 11,
        "2": 91,
        "3": 768,
        "4": 6564,
        "5": 23753,
        "6": 52184
    },
    "13962": {
        "0": 1,
        "1": 9,
        "2": 76,
        "3": 628,
        "4": 5250,
        "5": 11443,
        "6": 18961
    },
    "13963": {
        "0": 1,
        "1": 12,
        "2": 105,
        "3": 908,
        "4": 7810,
        "5": 34442,
        "6": 98469
    },
    "13964": {
        "0": 1,
        "1": 12,
        "2": 105,
        "3": 901,
        "4": 7700,
        "5": 33171,
        "6": 93858
    },
    "13965": {
        "0": 1,
        "1": 10,
        "2": 85,
        "3": 734,
        "4": 6346,
        "5": 22151,
        "6": 48662
    },
    "13966": {
        "0": 1,
        "1": 11,
        "2": 95,
        "3": 819,
        "4": 7132,
        "5": 29428,
        "6": 80353
    },
    "13967": {
        "0": 1,
        "1": 11,
        "2": 94,
        "3": 808,
        "4": 6953,
        "5": 26941,
        "6": 59538
    },
    "13968": {
        "0": 1,
        "1": 14,
        "2": 126,
        "3": 1079,
        "4": 9199,
        "5": 45739,
        "6": 138105
    },
    "13969": {
        "0": 1,
        "1": 10,
        "2": 83,
        "3": 698,
        "4": 5893,
        "5": 17245,
        "6": 34936
    },
    "13970": {
        "0": 1,
        "1": 10,
        "2": 86,
        "3": 751,
        "4": 6569,
        "5": 24395,
        "6": 57129
    },
    "13971": {
        "0": 1,
        "1": 10,
        "2": 84,
        "3": 727,
        "4": 6374,
        "5": 23606,
        "6": 62535
    },
    "13972": {
        "0": 1,
        "1": 11,
        "2": 92,
        "3": 779,
        "4": 6616,
        "5": 23580,
        "6": 49500
    },
    "13973": {
        "0": 1,
        "1": 13,
        "2": 117,
        "3": 1005,
        "4": 8579,
        "5": 40690,
        "6": 125834
    },
    "13974": {
        "0": 1,
        "1": 10,
        "2": 83,
        "3": 700,
        "4": 6006,
        "5": 19461,
        "6": 49429
    },
    "13975": {
        "0": 1,
        "1": 11,
        "2": 96,
        "3": 834,
        "4": 7212,
        "5": 29496,
        "6": 79672
    },
    "13976": {
        "0": 1,
        "1": 12,
        "2": 104,
        "3": 884,
        "4": 7529,
        "5": 31456,
        "6": 88052
    },
    "13977": {
        "0": 1,
        "1": 9,
        "2": 82,
        "3": 723,
        "4": 6358,
        "5": 23018,
        "6": 57632
    },
    "13978": {
        "0": 1,
        "1": 9,
        "2": 81,
        "3": 709,
        "4": 6218,
        "5": 21797,
        "6": 49894
    },
    "13979": {
        "0": 1,
        "1": 10,
        "2": 91,
        "3": 818,
        "4": 7252,
        "5": 30938,
        "6": 78444
    },
    "13980": {
        "0": 1,
        "1": 11,
        "2": 94,
        "3": 822,
        "4": 7173,
        "5": 29854,
        "6": 68470
    },
    "13981": {
        "0": 1,
        "1": 10,
        "2": 87,
        "3": 758,
        "4": 6636,
        "5": 25550,
        "6": 64000
    },
    "13982": {
        "0": 1,
        "1": 10,
        "2": 83,
        "3": 706,
        "4": 6026,
        "5": 18862,
        "6": 36745
    },
    "13983": {
        "0": 1,
        "1": 9,
        "2": 76,
        "3": 643,
        "4": 5486,
        "5": 14334,
        "6": 24688
    },
    "13984": {
        "0": 1,
        "1": 12,
        "2": 105,
        "3": 912,
        "4": 7954,
        "5": 36662,
        "6": 107406
    },
    "13985": {
        "0": 1,
        "1": 13,
        "2": 112,
        "3": 919,
        "4": 7572,
        "5": 30417,
        "6": 78445
    },
    "13986": {
        "0": 1,
        "1": 13,
        "2": 113,
        "3": 965,
        "4": 8257,
        "5": 37582,
        "6": 91738
    },
    "13987": {
        "0": 1,
        "1": 11,
        "2": 94,
        "3": 799,
        "4": 6813,
        "5": 25381,
        "6": 64668
    },
    "13988": {
        "0": 1,
        "1": 10,
        "2": 82,
        "3": 688,
        "4": 5808,
        "5": 16513,
        "6": 31605
    },
    "13989": {
        "0": 1,
        "1": 9,
        "2": 80,
        "3": 711,
        "4": 6283,
        "5": 22699,
        "6": 56203
    },
    "13990": {
        "0": 1,
        "1": 8,
        "2": 71,
        "3": 621,
        "4": 5451,
        "5": 15199,
        "6": 31560
    },
    "13991": {
        "0": 1,
        "1": 11,
        "2": 96,
        "3": 828,
        "4": 7118,
        "5": 28481,
        "6": 72794
    },
    "13992": {
        "0": 1,
        "1": 10,
        "2": 84,
        "3": 715,
        "4": 6097,
        "5": 19436,
        "6": 35709
    },
    "13993": {
        "0": 1,
        "1": 11,
        "2": 91,
        "3": 774,
        "4": 6610,
        "5": 23763,
        "6": 59795
    },
    "13994": {
        "0": 1,
        "1": 9,
        "2": 79,
        "3": 686,
        "4": 5965,
        "5": 19095,
        "6": 39136
    },
    "13995": {
        "0": 1,
        "1": 11,
        "2": 99,
        "3": 865,
        "4": 7532,
        "5": 32890,
        "6": 99017
    },
    "13996": {
        "0": 1,
        "1": 10,
        "2": 85,
        "3": 741,
        "4": 6474,
        "5": 23816,
        "6": 59800
    },
    "13997": {
        "0": 1,
        "1": 12,
        "2": 103,
        "3": 881,
        "4": 7493,
        "5": 30811,
        "6": 78094
    },
    "13998": {
        "0": 1,
        "1": 12,
        "2": 104,
        "3": 886,
        "4": 7583,
        "5": 32301,
        "6": 80437
    },
    "13999": {
        "0": 1,
        "1": 8,
        "2": 72,
        "3": 636,
        "4": 5595,
        "5": 16319,
        "6": 34781
    }
}