{
    "11800": {
        "0": 1,
        "1": 10,
        "2": 88,
        "3": 763,
        "4": 6603,
        "5": 24332,
        "6": 60452
    },
    "11801": {
        "0": 1,
        "1": 12,
        "2": 110,
        "3": 970,
        "4": 8530,
        "5": 42593,
        "6": 136974
    },
    "11802": {
        "0": 1,
        "1": 9,
        "2": 78,
        "3": 704,
        "4": 6338,
        "5": 24008,
        "6": 63293
    },
    "11803": {
        "0": 1,
        "1": 12,
        "2": 103,
        "3": 868,
        "4": 7325,
        "5": 29063,
        "6": 73800
    },
    "11804": {
        "0": 1,
        "1": 9,
        "2": 78,
        "3": 679,
        "4": 5945,
        "5": 18991,
        "6": 40591
    },
    "11805": {
        "0": 1,
        "1": 11,
        "2": 93,
        "3": 793,
        "4": 6818,
        "5": 26199,
        "6": 66639
    },
    "11806": {
        "0": 1,
        "1": 11,
        "2": 98,
        "3": 882,
        "4": 7893,
        "5": 36711,
        "6": 108683
    },
    "11807": {
        "0": 1,
        "1": 12,
        "2": 105,
        "3": 890,
        "4": 7559,
        "5": 31898,
        "6": 80999
    },
    "11808": {
        "0": 1,
        "1": 9,
        "2": 81,
        "3": 726,
        "4": 6492,
        "5": 25101,
        "6": 65126
    },
    "11809": {
        "0": 1,
        "1": 11,
        "2": 93,
        "3": 799,
        "4": 6877,
        "5": 26723,
        "6": 67287
    },
    "11810": {
        "0": 1,
        "1": 10,
        "2": 83,
        "3": 711,
        "4": 6106,
        "5": 19927,
        "6": 35037
    },
    "11811": {
        "0": 1,
        "1": 11,
        "2": 97,
        "3": 850,
        "4": 7446,
        "5": 32013,
        "6": 92382
    },
    "11812": {
        "0": 1,
        "1": 11,
        "2": 95,
        "3": 823,
        "4": 7226,
        "5": 30837,
        "6": 83706
    },
    "11813": {
        "0": 1,
        "1": 12,
        "2": 109,
        "3": 957,
        "4": 8401,
        "5": 40977,
        "6": 127202
    },
    "11814": {
        "0": 1,
        "1": 10,
        "2": 87,
        "3": 766,
        "4": 6707,
        "5": 25929,
        "6": 68203
    },
    "11815": {
        "0": 1,
        "1": 9,
        "2": 73,
        "3": 622,
        "4": 5373,
        "5": 14086,
        "6": 29113
    },
    "11816": {
        "0": 1,
        "1": 11,
        "2": 98,
        "3": 887,
        "4": 8019,
        "5": 39347,
        "6": 120388
    },
    "11817": {
        "0": 1,
        "1": 12,
        "2": 107,
        "3": 940,
        "4": 8268,
        "5": 39510,
        "6": 122604
    },
    "11818": {
        "0": 1,
        "1": 12,
        "2": 109,
        "3": 953,
        "4": 8271,
        "5": 38779,
        "6": 116604
    },
    "11819": {
        "0": 1,
        "1": 9,
        "2": 78,
        "3": 688,
        "4": 6073,
        "5": 20889,
        "6": 43687
    },
    "11820": {
        "0": 1,
        "1": 12,
        "2": 103,
        "3": 873,
        "4": 7508,
        "5": 32572,
        "6": 97202
    },
    "11821": {
        "0": 1,
        "1": 12,
        "2": 105,
        "3": 902,
        "4": 7783,
        "5": 34713,
        "6": 98631
    },
    "11822": {
        "0": 1,
        "1": 10,
        "2": 86,
        "3": 739,
        "4": 6357,
        "5": 21935,
        "6": 54752
    },
    "11823": {
        "0": 1,
        "1": 12,
        "2": 104,
        "3": 901,
        "4": 7795,
        "5": 34627,
        "6": 95033
    },
    "11824": {
        "0": 1,
        "1": 10,
        "2": 83,
        "3": 715,
        "4": 6216,
        "5": 21604,
        "6": 54240
    },
    "11825": {
        "0": 1,
        "1": 13,
        "2": 114,
        "3": 975,
        "4": 8352,
        "5": 38834,
        "6": 106157
    },
    "11826": {
        "0": 1,
        "1": 10,
        "2": 85,
        "3": 740,
        "4": 6438,
        "5": 23268,
        "6": 61560
    },
    "11827": {
        "0": 1,
        "1": 11,
        "2": 96,
        "3": 837,
        "4": 7278,
        "5": 30485,
        "6": 79185
    },
    "11828": {
        "0": 1,
        "1": 11,
        "2": 93,
        "3": 795,
        "4": 6852,
        "5": 26371,
        "6": 73628
    },
    "11829": {
        "0": 1,
        "1": 11,
        "2": 92,
        "3": 785,
        "4": 6770,
        "5": 26034,
        "6": 64449
    },
    "11830": {
        "0": 1,
        "1": 9,
        "2": 79,
        "3": 716,
        "4": 6408,
        "5": 23870,
        "6": 58945
    },
    "11831": {
        "0": 1,
        "1": 9,
        "2": 73,
        "3": 606,
        "4": 5086,
        "5": 10226,
        "6": 18492
    },
    "11832": {
        "0": 1,
        "1": 10,
        "2": 90,
        "3": 814,
        "4": 7298,
        "5": 32098,
        "6": 97760
    },
    "11833": {
        "0": 1,
        "1": 12,
        "2": 102,
        "3": 864,
        "4": 7360,
        "5": 30130,
        "6": 69369
    },
    "11834": {
        "0": 1,
        "1": 11,
        "2": 90,
        "3": 752,
        "4": 6326,
        "5": 20721,
        "6": 41033
    },
    "11835": {
        "0": 1,
        "1": 12,
        "2": 100,
        "3": 855,
        "4": 7360,
        "5": 31048,
        "6": 74178
    },
    "11836": {
        "0": 1,
        "1": 10,
        "2": 85,
        "3": 740,
        "4": 6482,
        "5": 24091,
        "6": 59088
    },
    "11837": {
        "0": 1,
        "1": 11,
        "2": 91,
        "3": 769,
        "4": 6585,
        "5": 24183,
        "6": 56941
    },
    "11838": {
        "0": 1,
        "1": 10,
        "2": 85,
        "3": 723,
        "4": 6169,
        "5": 19992,
        "6": 44130
    },
    "11839": {
        "0": 1,
        "1": 12,
        "2": 102,
        "3": 863,
        "4": 7335,
        "5": 29536,
        "6": 72119
    },
    "11840": {
        "0": 1,
        "1": 12,
        "2": 106,
        "3": 916,
        "4": 7901,
        "5": 35352,
        "6": 105750
    },
    "11841": {
        "0": 1,
        "1": 9,
        "2": 75,
        "3": 639,
        "4": 5484,
        "5": 14800,
        "6": 29181
    },
    "11842": {
        "0": 1,
        "1": 12,
        "2": 109,
        "3": 962,
        "4": 8368,
        "5": 39682,
        "6": 119553
    },
    "11843": {
        "0": 1,
        "1": 10,
        "2": 86,
        "3": 739,
        "4": 6370,
        "5": 22255,
        "6": 52792
    },
    "11844": {
        "0": 1,
        "1": 9,
        "2": 76,
        "3": 654,
        "4": 5649,
        "5": 16287,
        "6": 33427
    },
    "11845": {
        "0": 1,
        "1": 11,
        "2": 93,
        "3": 792,
        "4": 6727,
        "5": 24414,
        "6": 60981
    },
    "11846": {
        "0": 1,
        "1": 11,
        "2": 93,
        "3": 801,
        "4": 6910,
        "5": 26907,
        "6": 56440
    },
    "11847": {
        "0": 1,
        "1": 12,
        "2": 101,
        "3": 841,
        "4": 7052,
        "5": 26912,
        "6": 64144
    },
    "11848": {
        "0": 1,
        "1": 11,
        "2": 100,
        "3": 895,
        "4": 7984,
        "5": 38090,
        "6": 114939
    },
    "11849": {
        "0": 1,
        "1": 10,
        "2": 85,
        "3": 739,
        "4": 6456,
        "5": 23941,
        "6": 55946
    },
    "11850": {
        "0": 1,
        "1": 11,
        "2": 95,
        "3": 836,
        "4": 7415,
        "5": 32809,
        "6": 95178
    },
    "11851": {
        "0": 1,
        "1": 12,
        "2": 111,
        "3": 990,
        "4": 8769,
        "5": 44696,
        "6": 147208
    },
    "11852": {
        "0": 1,
        "1": 10,
        "2": 87,
        "3": 775,
        "4": 6886,
        "5": 28231,
        "6": 73996
    },
    "11853": {
        "0": 1,
        "1": 9,
        "2": 75,
        "3": 645,
        "4": 5599,
        "5": 16232,
        "6": 35593
    },
    "11854": {
        "0": 1,
        "1": 10,
        "2": 83,
        "3": 710,
        "4": 6091,
        "5": 19643,
        "6": 42282
    },
    "11855": {
        "0": 1,
        "1": 11,
        "2": 95,
        "3": 835,
        "4": 7338,
        "5": 31519,
        "6": 85417
    },
    "11856": {
        "0": 1,
        "1": 11,
        "2": 91,
        "3": 759,
        "4": 6406,
        "5": 21860,
        "6": 50760
    },
    "11857": {
        "0": 1,
        "1": 9,
        "2": 73,
        "3": 602,
        "4": 5015,
        "5": 9440,
        "6": 10589
    },
    "11858": {
        "0": 1,
        "1": 10,
        "2": 83,
        "3": 698,
        "4": 5918,
        "5": 17790,
        "6": 36597
    },
    "11859": {
        "0": 1,
        "1": 10,
        "2": 85,
        "3": 739,
        "4": 6421,
        "5": 23143,
        "6": 53298
    },
    "11860": {
        "0": 1,
        "1": 10,
        "2": 86,
        "3": 746,
        "4": 6481,
        "5": 23836,
        "6": 56643
    },
    "11861": {
        "0": 1,
        "1": 9,
        "2": 85,
        "3": 769,
        "4": 6906,
        "5": 28743,
        "6": 77643
    },
    "11862": {
        "0": 1,
        "1": 12,
        "2": 108,
        "3": 934,
        "4": 8106,
        "5": 37519,
        "6": 109406
    },
    "11863": {
        "0": 1,
        "1": 12,
        "2": 109,
        "3": 958,
        "4": 8365,
        "5": 40363,
        "6": 126800
    },
    "11864": {
        "0": 1,
        "1": 11,
        "2": 94,
        "3": 806,
        "4": 6908,
        "5": 26353,
        "6": 61806
    },
    "11865": {
        "0": 1,
        "1": 8,
        "2": 70,
        "3": 616,
        "4": 5416,
        "5": 14623,
        "6": 28849
    },
    "11866": {
        "0": 1,
        "1": 11,
        "2": 93,
        "3": 792,
        "4": 6754,
        "5": 25049,
        "6": 54906
    },
    "11867": {
        "0": 1,
        "1": 9,
        "2": 77,
        "3": 673,
        "4": 5900,
        "5": 19192,
        "6": 46445
    },
    "11868": {
        "0": 1,
        "1": 10,
        "2": 86,
        "3": 755,
        "4": 6618,
        "5": 25363,
        "6": 69731
    },
    "11869": {
        "0": 1,
        "1": 11,
        "2": 97,
        "3": 838,
        "4": 7169,
        "5": 28458,
        "6": 65865
    },
    "11870": {
        "0": 1,
        "1": 9,
        "2": 80,
        "3": 702,
        "4": 6194,
        "5": 21890,
        "6": 54632
    },
    "11871": {
        "0": 1,
        "1": 9,
        "2": 75,
        "3": 643,
        "4": 5581,
        "5": 16089,
        "6": 30810
    },
    "11872": {
        "0": 1,
        "1": 11,
        "2": 91,
        "3": 763,
        "4": 6500,
        "5": 23159,
        "6": 51130
    },
    "11873": {
        "0": 1,
        "1": 10,
        "2": 81,
        "3": 680,
        "4": 5801,
        "5": 17198,
        "6": 37515
    },
    "11874": {
        "0": 1,
        "1": 10,
        "2": 89,
        "3": 798,
        "4": 7137,
        "5": 31071,
        "6": 94028
    },
    "11875": {
        "0": 1,
        "1": 12,
        "2": 104,
        "3": 885,
        "4": 7542,
        "5": 31636,
        "6": 85607
    },
    "11876": {
        "0": 1,
        "1": 11,
        "2": 95,
        "3": 833,
        "4": 7309,
        "5": 30983,
        "6": 83317
    },
    "11877": {
        "0": 1,
        "1": 11,
        "2": 91,
        "3": 770,
        "4": 6581,
        "5": 23599,
        "6": 51744
    },
    "11878": {
        "0": 1,
        "1": 10,
        "2": 88,
        "3": 770,
        "4": 6736,
        "5": 26193,
        "6": 71173
    },
    "11879": {
        "0": 1,
        "1": 9,
        "2": 75,
        "3": 636,
        "4": 5457,
        "5": 14522,
        "6": 26165
    },
    "11880": {
        "0": 1,
        "1": 10,
        "2": 89,
        "3": 784,
        "4": 6851,
        "5": 26852,
        "6": 65597
    },
    "11881": {
        "0": 1,
        "1": 12,
        "2": 105,
        "3": 897,
        "4": 7646,
        "5": 32621,
        "6": 90469
    },
    "11882": {
        "0": 1,
        "1": 11,
        "2": 93,
        "3": 804,
        "4": 7002,
        "5": 28016,
        "6": 72179
    },
    "11883": {
        "0": 1,
        "1": 14,
        "2": 133,
        "3": 1169,
        "4": 10086,
        "5": 54232,
        "6": 182612
    },
    "11884": {
        "0": 1,
        "1": 10,
        "2": 91,
        "3": 809,
        "4": 7124,
        "5": 29748,
        "6": 78853
    },
    "11885": {
        "0": 1,
        "1": 11,
        "2": 92,
        "3": 785,
        "4": 6734,
        "5": 25370,
        "6": 61428
    },
    "11886": {
        "0": 1,
        "1": 10,
        "2": 84,
        "3": 728,
        "4": 6352,
        "5": 22496,
        "6": 56913
    },
    "11887": {
        "0": 1,
        "1": 10,
        "2": 86,
        "3": 744,
        "4": 6484,
        "5": 23734,
        "6": 55856
    },
    "11888": {
        "0": 1,
        "1": 10,
        "2": 83,
        "3": 704,
        "4": 6026,
        "5": 19189,
        "6": 39408
    },
    "11889": {
        "0": 1,
        "1": 12,
        "2": 103,
        "3": 895,
        "4": 7817,
        "5": 35487,
        "6": 94222
    },
    "11890": {
        "0": 1,
        "1": 11,
        "2": 95,
        "3": 825,
        "4": 7193,
        "5": 30306,
        "6": 80428
    },
    "11891": {
        "0": 1,
        "1": 12,
        "2": 109,
        "3": 963,
        "4": 8394,
        "5": 40115,
        "6": 119160
    },
    "11892": {
        "0": 1,
        "1": 10,
        "2": 83,
        "3": 703,
        "4": 5990,
        "5": 18558,
        "6": 32769
    },
    "11893": {
        "0": 1,
        "1": 11,
        "2": 96,
        "3": 820,
        "4": 6977,
        "5": 26795,
        "6": 70031
    },
    "11894": {
        "0": 1,
        "1": 10,
        "2": 85,
        "3": 723,
        "4": 6193,
        "5": 20306,
        "6": 39664
    },
    "11895": {
        "0": 1,
        "1": 11,
        "2": 96,
        "3": 852,
        "4": 7446,
        "5": 31735,
        "6": 78094
    },
    "11896": {
        "0": 1,
        "1": 10,
        "2": 87,
        "3": 758,
        "4": 6645,
        "5": 25897,
        "6": 73922
    },
    "11897": {
        "0": 1,
        "1": 10,
        "2": 86,
        "3": 772,
        "4": 6883,
        "5": 28302,
        "6": 63237
    },
    "11898": {
        "0": 1,
        "1": 11,
        "2": 99,
        "3": 872,
        "4": 7671,
        "5": 34747,
        "6": 97993
    },
    "11899": {
        "0": 1,
        "1": 10,
        "2": 85,
        "3": 740,
        "4": 6510,
        "5": 24658,
        "6": 63028
    }
}