{
    "16800": {
        "0": 1,
        "1": 12,
        "2": 100,
        "3": 829,
        "4": 6965,
        "5": 26499,
        "6": 68090
    },
    "16801": {
        "0": 1,
        "1": 9,
        "2": 79,
        "3": 689,
        "4": 6030,
        "5": 20031,
        "6": 40467
    },
    "16802": {
        "0": 1,
        "1": 10,
        "2": 85,
        "3": 726,
        "4": 6240,
        "5": 21105,
        "6": 48022
    },
    "16803": {
        "0": 1,
        "1": 13,
        "2": 113,
        "3": 956,
        "4": 8175,
        "5": 37621,
        "6": 107172
    },
    "16804": {
        "0": 1,
        "1": 11,
        "2": 90,
        "3": 744,
        "4": 6215,
        "5": 19519,
        "6": 38393
    },
    "16805": {
        "0": 1,
        "1": 11,
        "2": 94,
        "3": 818,
        "4": 7144,
        "5": 29639,
        "6": 75960
    },
    "16806": {
        "0": 1,
        "1": 9,
        "2": 74,
        "3": 625,
        "4": 5346,
        "5": 13459,
        "6": 25167
    },
    "16807": {
        "0": 1,
        "1": 11,
        "2": 96,
        "3": 811,
        "4": 6899,
        "5": 25921,
        "6": 59206
    },
    "16808": {
        "0": 1,
        "1": 10,
        "2": 86,
        "3": 750,
        "4": 6547,
        "5": 24543,
        "6": 58004
    },
    "16809": {
        "0": 1,
        "1": 13,
        "2": 114,
        "3": 983,
        "4": 8536,
        "5": 41703,
        "6": 128812
    },
    "16810": {
        "0": 1,
        "1": 9,
        "2": 74,
        "3": 616,
        "4": 5233,
        "5": 12219,
        "6": 22178
    },
    "16811": {
        "0": 1,
        "1": 10,
        "2": 83,
        "3": 709,
        "4": 6082,
        "5": 19523,
        "6": 38547
    },
    "16812": {
        "0": 1,
        "1": 10,
        "2": 85,
        "3": 740,
        "4": 6503,
        "5": 24470,
        "6": 58758
    },
    "16813": {
        "0": 1,
        "1": 10,
        "2": 91,
        "3": 814,
        "4": 7231,
        "5": 31335,
        "6": 96763
    },
    "16814": {
        "0": 1,
        "1": 12,
        "2": 104,
        "3": 887,
        "4": 7588,
        "5": 32605,
        "6": 90666
    },
    "16815": {
        "0": 1,
        "1": 8,
        "2": 72,
        "3": 632,
        "4": 5556,
        "5": 16204,
        "6": 29647
    },
    "16816": {
        "0": 1,
        "1": 10,
        "2": 81,
        "3": 681,
        "4": 5721,
        "5": 15488,
        "6": 25150
    },
    "16817": {
        "0": 1,
        "1": 11,
        "2": 93,
        "3": 804,
        "4": 7047,
        "5": 29517,
        "6": 78690
    },
    "16818": {
        "0": 1,
        "1": 11,
        "2": 90,
        "3": 757,
        "4": 6422,
        "5": 22040,
        "6": 42333
    },
    "16819": {
        "0": 1,
        "1": 10,
        "2": 86,
        "3": 776,
        "4": 6947,
        "5": 29189,
        "6": 77448
    },
    "16820": {
        "0": 1,
        "1": 13,
        "2": 115,
        "3": 991,
        "4": 8540,
        "5": 41184,
        "6": 123318
    },
    "16821": {
        "0": 1,
        "1": 11,
        "2": 94,
        "3": 810,
        "4": 6992,
        "5": 27576,
        "6": 68109
    },
    "16822": {
        "0": 1,
        "1": 10,
        "2": 88,
        "3": 772,
        "4": 6731,
        "5": 25212,
        "6": 64462
    },
    "16823": {
        "0": 1,
        "1": 12,
        "2": 107,
        "3": 941,
        "4": 8213,
        "5": 38163,
        "6": 120334
    },
    "16824": {
        "0": 1,
        "1": 11,
        "2": 96,
        "3": 835,
        "4": 7262,
        "5": 30388,
        "6": 76734
    },
    "16825": {
        "0": 1,
        "1": 10,
        "2": 86,
        "3": 748,
        "4": 6540,
        "5": 24752,
        "6": 64790
    },
    "16826": {
        "0": 1,
        "1": 10,
        "2": 86,
        "3": 738,
        "4": 6338,
        "5": 21856,
        "6": 48415
    },
    "16827": {
        "0": 1,
        "1": 12,
        "2": 100,
        "3": 828,
        "4": 6939,
        "5": 25900,
        "6": 58279
    },
    "16828": {
        "0": 1,
        "1": 14,
        "2": 128,
        "3": 1121,
        "4": 9759,
        "5": 52090,
        "6": 163228
    },
    "16829": {
        "0": 1,
        "1": 9,
        "2": 77,
        "3": 669,
        "4": 5818,
        "5": 17790,
        "6": 39112
    },
    "16830": {
        "0": 1,
        "1": 9,
        "2": 78,
        "3": 684,
        "4": 5957,
        "5": 18926,
        "6": 40250
    },
    "16831": {
        "0": 1,
        "1": 10,
        "2": 86,
        "3": 745,
        "4": 6449,
        "5": 23030,
        "6": 50057
    },
    "16832": {
        "0": 1,
        "1": 10,
        "2": 86,
        "3": 732,
        "4": 6261,
        "5": 20940,
        "6": 42737
    },
    "16833": {
        "0": 1,
        "1": 10,
        "2": 88,
        "3": 771,
        "4": 6756,
        "5": 26414,
        "6": 63137
    },
    "16834": {
        "0": 1,
        "1": 11,
        "2": 96,
        "3": 846,
        "4": 7394,
        "5": 31367,
        "6": 79210
    },
    "16835": {
        "0": 1,
        "1": 10,
        "2": 85,
        "3": 732,
        "4": 6340,
        "5": 22382,
        "6": 51137
    },
    "16836": {
        "0": 1,
        "1": 11,
        "2": 94,
        "3": 829,
        "4": 7331,
        "5": 31993,
        "6": 82792
    },
    "16837": {
        "0": 1,
        "1": 13,
        "2": 113,
        "3": 952,
        "4": 7980,
        "5": 34087,
        "6": 82047
    },
    "16838": {
        "0": 1,
        "1": 10,
        "2": 88,
        "3": 774,
        "4": 6818,
        "5": 26873,
        "6": 70055
    },
    "16839": {
        "0": 1,
        "1": 13,
        "2": 109,
        "3": 900,
        "4": 7543,
        "5": 30980,
        "6": 80429
    },
    "16840": {
        "0": 1,
        "1": 11,
        "2": 93,
        "3": 804,
        "4": 6995,
        "5": 28223,
        "6": 70307
    },
    "16841": {
        "0": 1,
        "1": 9,
        "2": 74,
        "3": 635,
        "4": 5483,
        "5": 14911,
        "6": 30579
    },
    "16842": {
        "0": 1,
        "1": 12,
        "2": 100,
        "3": 862,
        "4": 7456,
        "5": 31822,
        "6": 65627
    },
    "16843": {
        "0": 1,
        "1": 8,
        "2": 68,
        "3": 582,
        "4": 5030,
        "5": 10551,
        "6": 16656
    },
    "16844": {
        "0": 1,
        "1": 11,
        "2": 102,
        "3": 903,
        "4": 7947,
        "5": 36774,
        "6": 119754
    },
    "16845": {
        "0": 1,
        "1": 9,
        "2": 75,
        "3": 638,
        "4": 5431,
        "5": 13590,
        "6": 25749
    },
    "16846": {
        "0": 1,
        "1": 10,
        "2": 89,
        "3": 769,
        "4": 6648,
        "5": 25034,
        "6": 76260
    },
    "16847": {
        "0": 1,
        "1": 11,
        "2": 98,
        "3": 859,
        "4": 7514,
        "5": 33092,
        "6": 93313
    },
    "16848": {
        "0": 1,
        "1": 9,
        "2": 75,
        "3": 636,
        "4": 5461,
        "5": 14525,
        "6": 32618
    },
    "16849": {
        "0": 1,
        "1": 10,
        "2": 85,
        "3": 735,
        "4": 6345,
        "5": 21856,
        "6": 47866
    },
    "16850": {
        "0": 1,
        "1": 10,
        "2": 85,
        "3": 736,
        "4": 6426,
        "5": 23563,
        "6": 54228
    },
    "16851": {
        "0": 1,
        "1": 12,
        "2": 107,
        "3": 920,
        "4": 7828,
        "5": 33522,
        "6": 88833
    },
    "16852": {
        "0": 1,
        "1": 10,
        "2": 86,
        "3": 754,
        "4": 6630,
        "5": 25438,
        "6": 63007
    },
    "16853": {
        "0": 1,
        "1": 10,
        "2": 84,
        "3": 707,
        "4": 5912,
        "5": 16654,
        "6": 32237
    },
    "16854": {
        "0": 1,
        "1": 11,
        "2": 95,
        "3": 832,
        "4": 7336,
        "5": 31985,
        "6": 83853
    },
    "16855": {
        "0": 1,
        "1": 11,
        "2": 95,
        "3": 836,
        "4": 7380,
        "5": 31722,
        "6": 83216
    },
    "16856": {
        "0": 1,
        "1": 12,
        "2": 108,
        "3": 949,
        "4": 8357,
        "5": 41137,
        "6": 125940
    },
    "16857": {
        "0": 1,
        "1": 11,
        "2": 100,
        "3": 892,
        "4": 7896,
        "5": 36883,
        "6": 105915
    },
    "16858": {
        "0": 1,
        "1": 11,
        "2": 97,
        "3": 832,
        "4": 7119,
        "5": 28196,
        "6": 74467
    },
    "16859": {
        "0": 1,
        "1": 12,
        "2": 106,
        "3": 909,
        "4": 7791,
        "5": 34431,
        "6": 102800
    },
    "16860": {
        "0": 1,
        "1": 13,
        "2": 115,
        "3": 966,
        "4": 8069,
        "5": 35210,
        "6": 92191
    },
    "16861": {
        "0": 1,
        "1": 10,
        "2": 85,
        "3": 738,
        "4": 6384,
        "5": 22406,
        "6": 51221
    },
    "16862": {
        "0": 1,
        "1": 12,
        "2": 108,
        "3": 939,
        "4": 8093,
        "5": 36844,
        "6": 104160
    },
    "16863": {
        "0": 1,
        "1": 13,
        "2": 116,
        "3": 994,
        "4": 8563,
        "5": 41731,
        "6": 125932
    },
    "16864": {
        "0": 1,
        "1": 11,
        "2": 95,
        "3": 821,
        "4": 7097,
        "5": 28711,
        "6": 77932
    },
    "16865": {
        "0": 1,
        "1": 9,
        "2": 82,
        "3": 763,
        "4": 6968,
        "5": 30225,
        "6": 91656
    },
    "16866": {
        "0": 1,
        "1": 11,
        "2": 98,
        "3": 846,
        "4": 7365,
        "5": 31815,
        "6": 85303
    },
    "16867": {
        "0": 1,
        "1": 9,
        "2": 77,
        "3": 652,
        "4": 5595,
        "5": 15653,
        "6": 31953
    },
    "16868": {
        "0": 1,
        "1": 10,
        "2": 85,
        "3": 740,
        "4": 6406,
        "5": 22635,
        "6": 53462
    },
    "16869": {
        "0": 1,
        "1": 9,
        "2": 77,
        "3": 668,
        "4": 5797,
        "5": 17588,
        "6": 34791
    },
    "16870": {
        "0": 1,
        "1": 12,
        "2": 101,
        "3": 844,
        "4": 7090,
        "5": 27010,
        "6": 64394
    },
    "16871": {
        "0": 1,
        "1": 12,
        "2": 102,
        "3": 868,
        "4": 7472,
        "5": 32148,
        "6": 91178
    },
    "16872": {
        "0": 1,
        "1": 12,
        "2": 104,
        "3": 905,
        "4": 7828,
        "5": 34647,
        "6": 94141
    },
    "16873": {
        "0": 1,
        "1": 11,
        "2": 91,
        "3": 761,
        "4": 6450,
        "5": 22201,
        "6": 53994
    },
    "16874": {
        "0": 1,
        "1": 12,
        "2": 106,
        "3": 900,
        "4": 7599,
        "5": 31438,
        "6": 75429
    },
    "16875": {
        "0": 1,
        "1": 13,
        "2": 110,
        "3": 922,
        "4": 7784,
        "5": 33333,
        "6": 81501
    },
    "16876": {
        "0": 1,
        "1": 11,
        "2": 97,
        "3": 827,
        "4": 7088,
        "5": 28178,
        "6": 66668
    },
    "16877": {
        "0": 1,
        "1": 12,
        "2": 109,
        "3": 945,
        "4": 8098,
        "5": 36426,
        "6": 103114
    },
    "16878": {
        "0": 1,
        "1": 10,
        "2": 87,
        "3": 753,
        "4": 6501,
        "5": 23351,
        "6": 56410
    },
    "16879": {
        "0": 1,
        "1": 10,
        "2": 88,
        "3": 765,
        "4": 6634,
        "5": 24691,
        "6": 58675
    },
    "16880": {
        "0": 1,
        "1": 11,
        "2": 92,
        "3": 776,
        "4": 6597,
        "5": 23486,
        "6": 61415
    },
    "16881": {
        "0": 1,
        "1": 9,
        "2": 77,
        "3": 672,
        "4": 5871,
        "5": 18424,
        "6": 37309
    },
    "16882": {
        "0": 1,
        "1": 10,
        "2": 87,
        "3": 765,
        "4": 6689,
        "5": 25615,
        "6": 66694
    },
    "16883": {
        "0": 1,
        "1": 9,
        "2": 79,
        "3": 693,
        "4": 6092,
        "5": 20539,
        "6": 49470
    },
    "16884": {
        "0": 1,
        "1": 10,
        "2": 82,
        "3": 708,
        "4": 6166,
        "5": 21031,
        "6": 50805
    },
    "16885": {
        "0": 1,
        "1": 9,
        "2": 78,
        "3": 679,
        "4": 5931,
        "5": 19037,
        "6": 41836
    },
    "16886": {
        "0": 1,
        "1": 12,
        "2": 103,
        "3": 884,
        "4": 7633,
        "5": 33417,
        "6": 85542
    },
    "16887": {
        "0": 1,
        "1": 12,
        "2": 103,
        "3": 877,
        "4": 7520,
        "5": 32079,
        "6": 85431
    },
    "16888": {
        "0": 1,
        "1": 13,
        "2": 114,
        "3": 972,
        "4": 8273,
        "5": 37645,
        "6": 107675
    },
    "16889": {
        "0": 1,
        "1": 10,
        "2": 82,
        "3": 700,
        "4": 5993,
        "5": 18842,
        "6": 40958
    },
    "16890": {
        "0": 1,
        "1": 10,
        "2": 84,
        "3": 711,
        "4": 6099,
        "5": 20017,
        "6": 45586
    },
    "16891": {
        "0": 1,
        "1": 10,
        "2": 86,
        "3": 740,
        "4": 6375,
        "5": 22317,
        "6": 52219
    },
    "16892": {
        "0": 1,
        "1": 12,
        "2": 104,
        "3": 887,
        "4": 7594,
        "5": 32235,
        "6": 86500
    },
    "16893": {
        "0": 1,
        "1": 11,
        "2": 96,
        "3": 836,
        "4": 7282,
        "5": 30763,
        "6": 82699
    },
    "16894": {
        "0": 1,
        "1": 10,
        "2": 85,
        "3": 742,
        "4": 6514,
        "5": 24712,
        "6": 59949
    },
    "16895": {
        "0": 1,
        "1": 13,
        "2": 116,
        "3": 978,
        "4": 8209,
        "5": 36349,
        "6": 98080
    },
    "16896": {
        "0": 1,
        "1": 11,
        "2": 96,
        "3": 824,
        "4": 7093,
        "5": 28480,
        "6": 70498
    },
    "16897": {
        "0": 1,
        "1": 11,
        "2": 95,
        "3": 816,
        "4": 6982,
        "5": 27160,
        "6": 66733
    },
    "16898": {
        "0": 1,
        "1": 14,
        "2": 124,
        "3": 1039,
        "4": 8750,
        "5": 41449,
        "6": 120543
    },
    "16899": {
        "0": 1,
        "1": 11,
        "2": 94,
        "3": 810,
        "4": 6971,
        "5": 27241,
        "6": 67337
    }
}