{
    "16400": {
        "0": 1,
        "1": 9,
        "2": 74,
        "3": 626,
        "4": 5369,
        "5": 13771,
        "6": 22592
    },
    "16401": {
        "0": 1,
        "1": 12,
        "2": 102,
        "3": 876,
        "4": 7501,
        "5": 31285,
        "6": 79671
    },
    "16402": {
        "0": 1,
        "1": 11,
        "2": 98,
        "3": 863,
        "4": 7577,
        "5": 33599,
        "6": 93774
    },
    "16403": {
        "0": 1,
        "1": 11,
        "2": 95,
        "3": 840,
        "4": 7484,
        "5": 34078,
        "6": 94166
    },
    "16404": {
        "0": 1,
        "1": 9,
        "2": 76,
        "3": 651,
        "4": 5617,
        "5": 15982,
        "6": 34835
    },
    "16405": {
        "0": 1,
        "1": 10,
        "2": 86,
        "3": 748,
        "4": 6501,
        "5": 23669,
        "6": 56710
    },
    "16406": {
        "0": 1,
        "1": 12,
        "2": 103,
        "3": 868,
        "4": 7360,
        "5": 30141,
        "6": 78791
    },
    "16407": {
        "0": 1,
        "1": 9,
        "2": 76,
        "3": 655,
        "4": 5644,
        "5": 15928,
        "6": 27794
    },
    "16408": {
        "0": 1,
        "1": 12,
        "2": 102,
        "3": 863,
        "4": 7357,
        "5": 30417,
        "6": 69391
    },
    "16409": {
        "0": 1,
        "1": 11,
        "2": 93,
        "3": 794,
        "4": 6822,
        "5": 26174,
        "6": 64465
    },
    "16410": {
        "0": 1,
        "1": 10,
        "2": 86,
        "3": 756,
        "4": 6677,
        "5": 26367,
        "6": 71027
    },
    "16411": {
        "0": 1,
        "1": 11,
        "2": 100,
        "3": 891,
        "4": 7933,
        "5": 37725,
        "6": 114742
    },
    "16412": {
        "0": 1,
        "1": 11,
        "2": 91,
        "3": 761,
        "4": 6449,
        "5": 22440,
        "6": 48683
    },
    "16413": {
        "0": 1,
        "1": 8,
        "2": 73,
        "3": 656,
        "4": 5896,
        "5": 20099,
        "6": 47780
    },
    "16414": {
        "0": 1,
        "1": 9,
        "2": 79,
        "3": 697,
        "4": 6187,
        "5": 22382,
        "6": 52690
    },
    "16415": {
        "0": 1,
        "1": 13,
        "2": 119,
        "3": 1046,
        "4": 9132,
        "5": 46837,
        "6": 155737
    },
    "16416": {
        "0": 1,
        "1": 12,
        "2": 103,
        "3": 866,
        "4": 7279,
        "5": 28687,
        "6": 73549
    },
    "16417": {
        "0": 1,
        "1": 12,
        "2": 101,
        "3": 853,
        "4": 7286,
        "5": 29939,
        "6": 80140
    },
    "16418": {
        "0": 1,
        "1": 11,
        "2": 99,
        "3": 874,
        "4": 7627,
        "5": 33533,
        "6": 92497
    },
    "16419": {
        "0": 1,
        "1": 10,
        "2": 89,
        "3": 799,
        "4": 7140,
        "5": 30437,
        "6": 85516
    },
    "16420": {
        "0": 1,
        "1": 12,
        "2": 104,
        "3": 879,
        "4": 7429,
        "5": 30374,
        "6": 80317
    },
    "16421": {
        "0": 1,
        "1": 8,
        "2": 65,
        "3": 541,
        "4": 4556,
        "5": 5727,
        "6": 8931
    },
    "16422": {
        "0": 1,
        "1": 11,
        "2": 93,
        "3": 795,
        "4": 6880,
        "5": 27328,
        "6": 70287
    },
    "16423": {
        "0": 1,
        "1": 10,
        "2": 89,
        "3": 793,
        "4": 6992,
        "5": 28328,
        "6": 72342
    },
    "16424": {
        "0": 1,
        "1": 10,
        "2": 85,
        "3": 736,
        "4": 6389,
        "5": 22756,
        "6": 49321
    },
    "16425": {
        "0": 1,
        "1": 10,
        "2": 84,
        "3": 713,
        "4": 6083,
        "5": 19138,
        "6": 43495
    },
    "16426": {
        "0": 1,
        "1": 11,
        "2": 96,
        "3": 833,
        "4": 7229,
        "5": 30136,
        "6": 79571
    },
    "16427": {
        "0": 1,
        "1": 14,
        "2": 127,
        "3": 1094,
        "4": 9368,
        "5": 47678,
        "6": 148557
    },
    "16428": {
        "0": 1,
        "1": 13,
        "2": 112,
        "3": 938,
        "4": 7889,
        "5": 33986,
        "6": 93531
    },
    "16429": {
        "0": 1,
        "1": 10,
        "2": 87,
        "3": 759,
        "4": 6659,
        "5": 25661,
        "6": 63930
    },
    "16430": {
        "0": 1,
        "1": 10,
        "2": 89,
        "3": 763,
        "4": 6531,
        "5": 23236,
        "6": 58306
    },
    "16431": {
        "0": 1,
        "1": 10,
        "2": 85,
        "3": 737,
        "4": 6434,
        "5": 23448,
        "6": 54974
    },
    "16432": {
        "0": 1,
        "1": 12,
        "2": 107,
        "3": 927,
        "4": 8034,
        "5": 36898,
        "6": 108116
    },
    "16433": {
        "0": 1,
        "1": 11,
        "2": 90,
        "3": 751,
        "4": 6295,
        "5": 20335,
        "6": 43066
    },
    "16434": {
        "0": 1,
        "1": 9,
        "2": 75,
        "3": 642,
        "4": 5517,
        "5": 14700,
        "6": 28655
    },
    "16435": {
        "0": 1,
        "1": 11,
        "2": 92,
        "3": 794,
        "4": 6891,
        "5": 27278,
        "6": 68978
    },
    "16436": {
        "0": 1,
        "1": 12,
        "2": 103,
        "3": 857,
        "4": 7109,
        "5": 26511,
        "6": 59914
    },
    "16437": {
        "0": 1,
        "1": 10,
        "2": 83,
        "3": 711,
        "4": 6099,
        "5": 19595,
        "6": 39924
    },
    "16438": {
        "0": 1,
        "1": 12,
        "2": 107,
        "3": 914,
        "4": 7824,
        "5": 34293,
        "6": 101449
    },
    "16439": {
        "0": 1,
        "1": 8,
        "2": 71,
        "3": 618,
        "4": 5393,
        "5": 14347,
        "6": 24845
    },
    "16440": {
        "0": 1,
        "1": 10,
        "2": 85,
        "3": 737,
        "4": 6420,
        "5": 23376,
        "6": 56525
    },
    "16441": {
        "0": 1,
        "1": 13,
        "2": 120,
        "3": 1053,
        "4": 9168,
        "5": 47229,
        "6": 157523
    },
    "16442": {
        "0": 1,
        "1": 12,
        "2": 109,
        "3": 964,
        "4": 8511,
        "5": 42371,
        "6": 131097
    },
    "16443": {
        "0": 1,
        "1": 10,
        "2": 85,
        "3": 734,
        "4": 6385,
        "5": 22948,
        "6": 50702
    },
    "16444": {
        "0": 1,
        "1": 12,
        "2": 104,
        "3": 885,
        "4": 7594,
        "5": 32844,
        "6": 81060
    },
    "16445": {
        "0": 1,
        "1": 11,
        "2": 96,
        "3": 836,
        "4": 7275,
        "5": 30694,
        "6": 89204
    },
    "16446": {
        "0": 1,
        "1": 12,
        "2": 111,
        "3": 993,
        "4": 8808,
        "5": 44572,
        "6": 148605
    },
    "16447": {
        "0": 1,
        "1": 10,
        "2": 94,
        "3": 859,
        "4": 7790,
        "5": 37299,
        "6": 121227
    },
    "16448": {
        "0": 1,
        "1": 12,
        "2": 99,
        "3": 823,
        "4": 6939,
        "5": 26151,
        "6": 61100
    },
    "16449": {
        "0": 1,
        "1": 11,
        "2": 97,
        "3": 853,
        "4": 7433,
        "5": 31496,
        "6": 81997
    },
    "16450": {
        "0": 1,
        "1": 11,
        "2": 93,
        "3": 793,
        "4": 6780,
        "5": 25459,
        "6": 58395
    },
    "16451": {
        "0": 1,
        "1": 11,
        "2": 100,
        "3": 890,
        "4": 7906,
        "5": 37227,
        "6": 111609
    },
    "16452": {
        "0": 1,
        "1": 11,
        "2": 99,
        "3": 864,
        "4": 7512,
        "5": 32614,
        "6": 94191
    },
    "16453": {
        "0": 1,
        "1": 10,
        "2": 85,
        "3": 743,
        "4": 6513,
        "5": 24370,
        "6": 61944
    },
    "16454": {
        "0": 1,
        "1": 11,
        "2": 91,
        "3": 764,
        "4": 6492,
        "5": 22841,
        "6": 47970
    },
    "16455": {
        "0": 1,
        "1": 10,
        "2": 90,
        "3": 796,
        "4": 6964,
        "5": 27636,
        "6": 66240
    },
    "16456": {
        "0": 1,
        "1": 11,
        "2": 94,
        "3": 825,
        "4": 7267,
        "5": 31348,
        "6": 85535
    },
    "16457": {
        "0": 1,
        "1": 10,
        "2": 85,
        "3": 742,
        "4": 6497,
        "5": 24220,
        "6": 60885
    },
    "16458": {
        "0": 1,
        "1": 11,
        "2": 92,
        "3": 783,
        "4": 6693,
        "5": 24858,
        "6": 64927
    },
    "16459": {
        "0": 1,
        "1": 9,
        "2": 81,
        "3": 715,
        "4": 6339,
        "5": 23098,
        "6": 60023
    },
    "16460": {
        "0": 1,
        "1": 13,
        "2": 122,
        "3": 1091,
        "4": 9553,
        "5": 50170,
        "6": 174645
    },
    "16461": {
        "0": 1,
        "1": 10,
        "2": 81,
        "3": 692,
        "4": 5961,
        "5": 18941,
        "6": 43255
    },
    "16462": {
        "0": 1,
        "1": 12,
        "2": 105,
        "3": 896,
        "4": 7633,
        "5": 32475,
        "6": 92867
    },
    "16463": {
        "0": 1,
        "1": 11,
        "2": 99,
        "3": 876,
        "4": 7676,
        "5": 34380,
        "6": 102474
    },
    "16464": {
        "0": 1,
        "1": 10,
        "2": 88,
        "3": 775,
        "4": 6820,
        "5": 27119,
        "6": 74204
    },
    "16465": {
        "0": 1,
        "1": 11,
        "2": 95,
        "3": 818,
        "4": 7047,
        "5": 27831,
        "6": 68551
    },
    "16466": {
        "0": 1,
        "1": 11,
        "2": 97,
        "3": 850,
        "4": 7449,
        "5": 32605,
        "6": 88503
    },
    "16467": {
        "0": 1,
        "1": 9,
        "2": 81,
        "3": 717,
        "4": 6365,
        "5": 23659,
        "6": 61402
    },
    "16468": {
        "0": 1,
        "1": 14,
        "2": 127,
        "3": 1106,
        "4": 9606,
        "5": 50657,
        "6": 170808
    },
    "16469": {
        "0": 1,
        "1": 14,
        "2": 126,
        "3": 1070,
        "4": 9051,
        "5": 44293,
        "6": 126635
    },
    "16470": {
        "0": 1,
        "1": 10,
        "2": 83,
        "3": 714,
        "4": 6163,
        "5": 20523,
        "6": 41918
    },
    "16471": {
        "0": 1,
        "1": 10,
        "2": 88,
        "3": 771,
        "4": 6797,
        "5": 27278,
        "6": 71420
    },
    "16472": {
        "0": 1,
        "1": 11,
        "2": 95,
        "3": 832,
        "4": 7296,
        "5": 31063,
        "6": 92366
    },
    "16473": {
        "0": 1,
        "1": 10,
        "2": 88,
        "3": 767,
        "4": 6684,
        "5": 25379,
        "6": 64693
    },
    "16474": {
        "0": 1,
        "1": 10,
        "2": 88,
        "3": 789,
        "4": 7093,
        "5": 30702,
        "6": 92443
    },
    "16475": {
        "0": 1,
        "1": 10,
        "2": 85,
        "3": 730,
        "4": 6256,
        "5": 20900,
        "6": 49011
    },
    "16476": {
        "0": 1,
        "1": 12,
        "2": 108,
        "3": 935,
        "4": 8076,
        "5": 36868,
        "6": 105424
    },
    "16477": {
        "0": 1,
        "1": 11,
        "2": 97,
        "3": 844,
        "4": 7340,
        "5": 31323,
        "6": 87090
    },
    "16478": {
        "0": 1,
        "1": 10,
        "2": 85,
        "3": 725,
        "4": 6211,
        "5": 20733,
        "6": 48652
    },
    "16479": {
        "0": 1,
        "1": 11,
        "2": 95,
        "3": 834,
        "4": 7320,
        "5": 31127,
        "6": 85416
    },
    "16480": {
        "0": 1,
        "1": 10,
        "2": 87,
        "3": 764,
        "4": 6741,
        "5": 26656,
        "6": 67335
    },
    "16481": {
        "0": 1,
        "1": 10,
        "2": 86,
        "3": 740,
        "4": 6384,
        "5": 22485,
        "6": 48056
    },
    "16482": {
        "0": 1,
        "1": 8,
        "2": 69,
        "3": 598,
        "4": 5196,
        "5": 12418,
        "6": 23301
    },
    "16483": {
        "0": 1,
        "1": 12,
        "2": 107,
        "3": 941,
        "4": 8203,
        "5": 38735,
        "6": 112591
    },
    "16484": {
        "0": 1,
        "1": 11,
        "2": 102,
        "3": 917,
        "4": 8171,
        "5": 39726,
        "6": 131990
    },
    "16485": {
        "0": 1,
        "1": 12,
        "2": 113,
        "3": 1042,
        "4": 9571,
        "5": 54024,
        "6": 197794
    },
    "16486": {
        "0": 1,
        "1": 11,
        "2": 100,
        "3": 899,
        "4": 7979,
        "5": 37222,
        "6": 105707
    },
    "16487": {
        "0": 1,
        "1": 10,
        "2": 88,
        "3": 760,
        "4": 6585,
        "5": 24439,
        "6": 62654
    },
    "16488": {
        "0": 1,
        "1": 10,
        "2": 90,
        "3": 803,
        "4": 7124,
        "5": 30004,
        "6": 80306
    },
    "16489": {
        "0": 1,
        "1": 11,
        "2": 99,
        "3": 858,
        "4": 7428,
        "5": 31638,
        "6": 85163
    },
    "16490": {
        "0": 1,
        "1": 9,
        "2": 79,
        "3": 692,
        "4": 6105,
        "5": 21194,
        "6": 55706
    },
    "16491": {
        "0": 1,
        "1": 10,
        "2": 89,
        "3": 801,
        "4": 7212,
        "5": 31780,
        "6": 87766
    },
    "16492": {
        "0": 1,
        "1": 12,
        "2": 103,
        "3": 884,
        "4": 7658,
        "5": 34038,
        "6": 92615
    },
    "16493": {
        "0": 1,
        "1": 11,
        "2": 97,
        "3": 859,
        "4": 7647,
        "5": 35499,
        "6": 104995
    },
    "16494": {
        "0": 1,
        "1": 11,
        "2": 92,
        "3": 772,
        "4": 6511,
        "5": 22646,
        "6": 50382
    },
    "16495": {
        "0": 1,
        "1": 12,
        "2": 103,
        "3": 881,
        "4": 7580,
        "5": 32759,
        "6": 83851
    },
    "16496": {
        "0": 1,
        "1": 9,
        "2": 79,
        "3": 695,
        "4": 6138,
        "5": 21296,
        "6": 48031
    },
    "16497": {
        "0": 1,
        "1": 10,
        "2": 85,
        "3": 728,
        "4": 6270,
        "5": 21578,
        "6": 45257
    },
    "16498": {
        "0": 1,
        "1": 11,
        "2": 92,
        "3": 773,
        "4": 6560,
        "5": 23336,
        "6": 59941
    },
    "16499": {
        "0": 1,
        "1": 11,
        "2": 92,
        "3": 784,
        "4": 6709,
        "5": 24782,
        "6": 60966
    }
}