{
    "16200": {
        "0": 1,
        "1": 11,
        "2": 99,
        "3": 861,
        "4": 7400,
        "5": 30833,
        "6": 88787
    },
    "16201": {
        "0": 1,
        "1": 11,
        "2": 96,
        "3": 843,
        "4": 7453,
        "5": 33375,
        "6": 101853
    },
    "16202": {
        "0": 1,
        "1": 11,
        "2": 90,
        "3": 766,
        "4": 6618,
        "5": 24714,
        "6": 57139
    },
    "16203": {
        "0": 1,
        "1": 10,
        "2": 83,
        "3": 699,
        "4": 5939,
        "5": 17928,
        "6": 38393
    },
    "16204": {
        "0": 1,
        "1": 11,
        "2": 93,
        "3": 807,
        "4": 7041,
        "5": 29047,
        "6": 76265
    },
    "16205": {
        "0": 1,
        "1": 12,
        "2": 102,
        "3": 867,
        "4": 7439,
        "5": 31604,
        "6": 87522
    },
    "16206": {
        "0": 1,
        "1": 11,
        "2": 98,
        "3": 847,
        "4": 7295,
        "5": 30018,
        "6": 85045
    },
    "16207": {
        "0": 1,
        "1": 12,
        "2": 107,
        "3": 943,
        "4": 8258,
        "5": 39167,
        "6": 117655
    },
    "16208": {
        "0": 1,
        "1": 12,
        "2": 104,
        "3": 906,
        "4": 7946,
        "5": 37130,
        "6": 108482
    },
    "16209": {
        "0": 1,
        "1": 10,
        "2": 83,
        "3": 709,
        "4": 6102,
        "5": 20114,
        "6": 40522
    },
    "16210": {
        "0": 1,
        "1": 13,
        "2": 111,
        "3": 925,
        "4": 7786,
        "5": 33464,
        "6": 87240
    },
    "16211": {
        "0": 1,
        "1": 11,
        "2": 99,
        "3": 869,
        "4": 7531,
        "5": 32138,
        "6": 86555
    },
    "16212": {
        "0": 1,
        "1": 11,
        "2": 95,
        "3": 811,
        "4": 6953,
        "5": 27368,
        "6": 66630
    },
    "16213": {
        "0": 1,
        "1": 12,
        "2": 111,
        "3": 991,
        "4": 8760,
        "5": 44700,
        "6": 145590
    },
    "16214": {
        "0": 1,
        "1": 11,
        "2": 99,
        "3": 890,
        "4": 7807,
        "5": 34922,
        "6": 95741
    },
    "16215": {
        "0": 1,
        "1": 11,
        "2": 93,
        "3": 788,
        "4": 6715,
        "5": 24807,
        "6": 58641
    },
    "16216": {
        "0": 1,
        "1": 8,
        "2": 73,
        "3": 660,
        "4": 5948,
        "5": 20208,
        "6": 47128
    },
    "16217": {
        "0": 1,
        "1": 13,
        "2": 117,
        "3": 1010,
        "4": 8664,
        "5": 41495,
        "6": 124299
    },
    "16218": {
        "0": 1,
        "1": 9,
        "2": 74,
        "3": 625,
        "4": 5311,
        "5": 12797,
        "6": 21437
    },
    "16219": {
        "0": 1,
        "1": 9,
        "2": 75,
        "3": 652,
        "4": 5701,
        "5": 17294,
        "6": 37530
    },
    "16220": {
        "0": 1,
        "1": 10,
        "2": 87,
        "3": 753,
        "4": 6509,
        "5": 23278,
        "6": 51327
    },
    "16221": {
        "0": 1,
        "1": 9,
        "2": 76,
        "3": 655,
        "4": 5655,
        "5": 16230,
        "6": 32238
    },
    "16222": {
        "0": 1,
        "1": 11,
        "2": 97,
        "3": 847,
        "4": 7401,
        "5": 32007,
        "6": 84831
    },
    "16223": {
        "0": 1,
        "1": 11,
        "2": 95,
        "3": 810,
        "4": 6937,
        "5": 26794,
        "6": 63565
    },
    "16224": {
        "0": 1,
        "1": 11,
        "2": 95,
        "3": 813,
        "4": 6938,
        "5": 26659,
        "6": 66414
    },
    "16225": {
        "0": 1,
        "1": 11,
        "2": 99,
        "3": 865,
        "4": 7455,
        "5": 31261,
        "6": 89187
    },
    "16226": {
        "0": 1,
        "1": 11,
        "2": 97,
        "3": 841,
        "4": 7303,
        "5": 30631,
        "6": 81634
    },
    "16227": {
        "0": 1,
        "1": 9,
        "2": 78,
        "3": 682,
        "4": 6008,
        "5": 20475,
        "6": 49732
    },
    "16228": {
        "0": 1,
        "1": 10,
        "2": 85,
        "3": 752,
        "4": 6662,
        "5": 25968,
        "6": 61405
    },
    "16229": {
        "0": 1,
        "1": 9,
        "2": 76,
        "3": 643,
        "4": 5418,
        "5": 13103,
        "6": 26534
    },
    "16230": {
        "0": 1,
        "1": 11,
        "2": 96,
        "3": 831,
        "4": 7236,
        "5": 30528,
        "6": 84015
    },
    "16231": {
        "0": 1,
        "1": 10,
        "2": 89,
        "3": 790,
        "4": 6984,
        "5": 28984,
        "6": 86635
    },
    "16232": {
        "0": 1,
        "1": 9,
        "2": 78,
        "3": 684,
        "4": 5999,
        "5": 19944,
        "6": 39515
    },
    "16233": {
        "0": 1,
        "1": 10,
        "2": 89,
        "3": 778,
        "4": 6821,
        "5": 26912,
        "6": 66444
    },
    "16234": {
        "0": 1,
        "1": 11,
        "2": 100,
        "3": 878,
        "4": 7668,
        "5": 33640,
        "6": 102672
    },
    "16235": {
        "0": 1,
        "1": 11,
        "2": 93,
        "3": 797,
        "4": 6855,
        "5": 26573,
        "6": 73265
    },
    "16236": {
        "0": 1,
        "1": 11,
        "2": 93,
        "3": 825,
        "4": 7355,
        "5": 32656,
        "6": 97322
    },
    "16237": {
        "0": 1,
        "1": 11,
        "2": 97,
        "3": 850,
        "4": 7436,
        "5": 32211,
        "6": 86315
    },
    "16238": {
        "0": 1,
        "1": 9,
        "2": 77,
        "3": 669,
        "4": 5847,
        "5": 18483,
        "6": 41117
    },
    "16239": {
        "0": 1,
        "1": 12,
        "2": 107,
        "3": 949,
        "4": 8430,
        "5": 42204,
        "6": 126400
    },
    "16240": {
        "0": 1,
        "1": 11,
        "2": 95,
        "3": 821,
        "4": 7115,
        "5": 29134,
        "6": 72460
    },
    "16241": {
        "0": 1,
        "1": 12,
        "2": 112,
        "3": 1008,
        "4": 8933,
        "5": 45817,
        "6": 154180
    },
    "16242": {
        "0": 1,
        "1": 13,
        "2": 119,
        "3": 1027,
        "4": 8787,
        "5": 42482,
        "6": 131918
    },
    "16243": {
        "0": 1,
        "1": 13,
        "2": 116,
        "3": 992,
        "4": 8458,
        "5": 39838,
        "6": 115679
    },
    "16244": {
        "0": 1,
        "1": 10,
        "2": 84,
        "3": 722,
        "4": 6263,
        "5": 21867,
        "6": 50667
    },
    "16245": {
        "0": 1,
        "1": 13,
        "2": 117,
        "3": 991,
        "4": 8349,
        "5": 37988,
        "6": 102857
    },
    "16246": {
        "0": 1,
        "1": 10,
        "2": 90,
        "3": 791,
        "4": 6954,
        "5": 28102,
        "6": 76703
    },
    "16247": {
        "0": 1,
        "1": 9,
        "2": 76,
        "3": 660,
        "4": 5740,
        "5": 17267,
        "6": 36877
    },
    "16248": {
        "0": 1,
        "1": 11,
        "2": 95,
        "3": 829,
        "4": 7204,
        "5": 29636,
        "6": 78943
    },
    "16249": {
        "0": 1,
        "1": 10,
        "2": 82,
        "3": 683,
        "4": 5744,
        "5": 15864,
        "6": 29495
    },
    "16250": {
        "0": 1,
        "1": 10,
        "2": 82,
        "3": 701,
        "4": 6045,
        "5": 19777,
        "6": 41248
    },
    "16251": {
        "0": 1,
        "1": 13,
        "2": 121,
        "3": 1065,
        "4": 9192,
        "5": 46099,
        "6": 141468
    },
    "16252": {
        "0": 1,
        "1": 9,
        "2": 76,
        "3": 647,
        "4": 5558,
        "5": 15257,
        "6": 27882
    },
    "16253": {
        "0": 1,
        "1": 15,
        "2": 139,
        "3": 1193,
        "4": 10115,
        "5": 52890,
        "6": 163163
    },
    "16254": {
        "0": 1,
        "1": 10,
        "2": 87,
        "3": 768,
        "4": 6793,
        "5": 27388,
        "6": 72740
    },
    "16255": {
        "0": 1,
        "1": 10,
        "2": 84,
        "3": 721,
        "4": 6233,
        "5": 21388,
        "6": 45299
    },
    "16256": {
        "0": 1,
        "1": 12,
        "2": 100,
        "3": 834,
        "4": 7008,
        "5": 26441,
        "6": 58178
    },
    "16257": {
        "0": 1,
        "1": 11,
        "2": 98,
        "3": 877,
        "4": 7805,
        "5": 36619,
        "6": 108156
    },
    "16258": {
        "0": 1,
        "1": 9,
        "2": 76,
        "3": 666,
        "4": 5883,
        "5": 19481,
        "6": 44220
    },
    "16259": {
        "0": 1,
        "1": 9,
        "2": 81,
        "3": 729,
        "4": 6510,
        "5": 25274,
        "6": 65823
    },
    "16260": {
        "0": 1,
        "1": 11,
        "2": 97,
        "3": 864,
        "4": 7669,
        "5": 35152,
        "6": 100722
    },
    "16261": {
        "0": 1,
        "1": 12,
        "2": 108,
        "3": 926,
        "4": 7859,
        "5": 33979,
        "6": 90409
    },
    "16262": {
        "0": 1,
        "1": 9,
        "2": 79,
        "3": 714,
        "4": 6419,
        "5": 24258,
        "6": 61112
    },
    "16263": {
        "0": 1,
        "1": 10,
        "2": 90,
        "3": 808,
        "4": 7217,
        "5": 31394,
        "6": 92601
    },
    "16264": {
        "0": 1,
        "1": 13,
        "2": 113,
        "3": 969,
        "4": 8337,
        "5": 39453,
        "6": 117865
    },
    "16265": {
        "0": 1,
        "1": 12,
        "2": 108,
        "3": 923,
        "4": 7928,
        "5": 35696,
        "6": 106892
    },
    "16266": {
        "0": 1,
        "1": 11,
        "2": 95,
        "3": 833,
        "4": 7309,
        "5": 31542,
        "6": 97693
    },
    "16267": {
        "0": 1,
        "1": 10,
        "2": 86,
        "3": 756,
        "4": 6666,
        "5": 26160,
        "6": 69834
    },
    "16268": {
        "0": 1,
        "1": 10,
        "2": 86,
        "3": 756,
        "4": 6582,
        "5": 24216,
        "6": 59559
    },
    "16269": {
        "0": 1,
        "1": 9,
        "2": 77,
        "3": 666,
        "4": 5820,
        "5": 18473,
        "6": 38524
    },
    "16270": {
        "0": 1,
        "1": 12,
        "2": 106,
        "3": 907,
        "4": 7761,
        "5": 34082,
        "6": 99484
    },
    "16271": {
        "0": 1,
        "1": 12,
        "2": 109,
        "3": 957,
        "4": 8341,
        "5": 39766,
        "6": 121346
    },
    "16272": {
        "0": 1,
        "1": 10,
        "2": 83,
        "3": 722,
        "4": 6281,
        "5": 21875,
        "6": 48331
    },
    "16273": {
        "0": 1,
        "1": 11,
        "2": 95,
        "3": 811,
        "4": 6950,
        "5": 27007,
        "6": 68946
    },
    "16274": {
        "0": 1,
        "1": 10,
        "2": 83,
        "3": 705,
        "4": 6021,
        "5": 18819,
        "6": 36850
    },
    "16275": {
        "0": 1,
        "1": 10,
        "2": 86,
        "3": 741,
        "4": 6405,
        "5": 22762,
        "6": 58634
    },
    "16276": {
        "0": 1,
        "1": 9,
        "2": 78,
        "3": 688,
        "4": 6054,
        "5": 20428,
        "6": 45876
    },
    "16277": {
        "0": 1,
        "1": 9,
        "2": 79,
        "3": 699,
        "4": 6148,
        "5": 20995,
        "6": 50198
    },
    "16278": {
        "0": 1,
        "1": 12,
        "2": 103,
        "3": 875,
        "4": 7485,
        "5": 31741,
        "6": 87459
    },
    "16279": {
        "0": 1,
        "1": 11,
        "2": 98,
        "3": 867,
        "4": 7648,
        "5": 34702,
        "6": 106318
    },
    "16280": {
        "0": 1,
        "1": 14,
        "2": 124,
        "3": 1050,
        "4": 8907,
        "5": 43271,
        "6": 129660
    },
    "16281": {
        "0": 1,
        "1": 11,
        "2": 94,
        "3": 798,
        "4": 6770,
        "5": 24691,
        "6": 53905
    },
    "16282": {
        "0": 1,
        "1": 11,
        "2": 94,
        "3": 811,
        "4": 7026,
        "5": 28239,
        "6": 73714
    },
    "16283": {
        "0": 1,
        "1": 8,
        "2": 70,
        "3": 610,
        "4": 5335,
        "5": 14068,
        "6": 27668
    },
    "16284": {
        "0": 1,
        "1": 10,
        "2": 89,
        "3": 772,
        "4": 6713,
        "5": 25768,
        "6": 62564
    },
    "16285": {
        "0": 1,
        "1": 11,
        "2": 98,
        "3": 854,
        "4": 7504,
        "5": 33243,
        "6": 94477
    },
    "16286": {
        "0": 1,
        "1": 13,
        "2": 118,
        "3": 1022,
        "4": 8750,
        "5": 42277,
        "6": 125761
    },
    "16287": {
        "0": 1,
        "1": 10,
        "2": 84,
        "3": 719,
        "4": 6208,
        "5": 21135,
        "6": 49472
    },
    "16288": {
        "0": 1,
        "1": 9,
        "2": 81,
        "3": 720,
        "4": 6393,
        "5": 23376,
        "6": 52190
    },
    "16289": {
        "0": 1,
        "1": 13,
        "2": 113,
        "3": 960,
        "4": 8197,
        "5": 37782,
        "6": 106818
    },
    "16290": {
        "0": 1,
        "1": 12,
        "2": 100,
        "3": 820,
        "4": 6764,
        "5": 23601,
        "6": 52846
    },
    "16291": {
        "0": 1,
        "1": 9,
        "2": 80,
        "3": 705,
        "4": 6191,
        "5": 21208,
        "6": 50866
    },
    "16292": {
        "0": 1,
        "1": 10,
        "2": 88,
        "3": 770,
        "4": 6761,
        "5": 26689,
        "6": 69903
    },
    "16293": {
        "0": 1,
        "1": 9,
        "2": 78,
        "3": 681,
        "4": 5958,
        "5": 18651,
        "6": 42437
    },
    "16294": {
        "0": 1,
        "1": 9,
        "2": 78,
        "3": 674,
        "4": 5819,
        "5": 17471,
        "6": 33561
    },
    "16295": {
        "0": 1,
        "1": 9,
        "2": 75,
        "3": 643,
        "4": 5571,
        "5": 15872,
        "6": 36260
    },
    "16296": {
        "0": 1,
        "1": 15,
        "2": 142,
        "3": 1238,
        "4": 10595,
        "5": 57715,
        "6": 187047
    },
    "16297": {
        "0": 1,
        "1": 11,
        "2": 96,
        "3": 827,
        "4": 7154,
        "5": 29335,
        "6": 77301
    },
    "16298": {
        "0": 1,
        "1": 12,
        "2": 102,
        "3": 863,
        "4": 7373,
        "5": 30701,
        "6": 83048
    },
    "16299": {
        "0": 1,
        "1": 11,
        "2": 96,
        "3": 823,
        "4": 7081,
        "5": 28469,
        "6": 73559
    }
}