{
    "14300": {
        "0": 1,
        "1": 10,
        "2": 90,
        "3": 798,
        "4": 7031,
        "5": 28711,
        "6": 76129
    },
    "14301": {
        "0": 1,
        "1": 11,
        "2": 93,
        "3": 784,
        "4": 6637,
        "5": 23854,
        "6": 58331
    },
    "14302": {
        "0": 1,
        "1": 12,
        "2": 109,
        "3": 963,
        "4": 8450,
        "5": 41107,
        "6": 123937
    },
    "14303": {
        "0": 1,
        "1": 9,
        "2": 79,
        "3": 701,
        "4": 6237,
        "5": 22938,
        "6": 57892
    },
    "14304": {
        "0": 1,
        "1": 11,
        "2": 98,
        "3": 870,
        "4": 7689,
        "5": 34972,
        "6": 99373
    },
    "14305": {
        "0": 1,
        "1": 11,
        "2": 94,
        "3": 802,
        "4": 6950,
        "5": 27793,
        "6": 72288
    },
    "14306": {
        "0": 1,
        "1": 8,
        "2": 68,
        "3": 585,
        "4": 5091,
        "5": 11841,
        "6": 20907
    },
    "14307": {
        "0": 1,
        "1": 11,
        "2": 97,
        "3": 838,
        "4": 7228,
        "5": 29797,
        "6": 78672
    },
    "14308": {
        "0": 1,
        "1": 11,
        "2": 94,
        "3": 799,
        "4": 6805,
        "5": 25458,
        "6": 58530
    },
    "14309": {
        "0": 1,
        "1": 9,
        "2": 76,
        "3": 645,
        "4": 5532,
        "5": 15028,
        "6": 26793
    },
    "14310": {
        "0": 1,
        "1": 9,
        "2": 81,
        "3": 713,
        "4": 6264,
        "5": 22095,
        "6": 49204
    },
    "14311": {
        "0": 1,
        "1": 10,
        "2": 87,
        "3": 771,
        "4": 6830,
        "5": 27662,
        "6": 70374
    },
    "14312": {
        "0": 1,
        "1": 10,
        "2": 88,
        "3": 772,
        "4": 6794,
        "5": 26853,
        "6": 70616
    },
    "14313": {
        "0": 1,
        "1": 11,
        "2": 92,
        "3": 779,
        "4": 6596,
        "5": 23249,
        "6": 52104
    },
    "14314": {
        "0": 1,
        "1": 11,
        "2": 96,
        "3": 819,
        "4": 7019,
        "5": 27574,
        "6": 71538
    },
    "14315": {
        "0": 1,
        "1": 10,
        "2": 89,
        "3": 777,
        "4": 6814,
        "5": 27079,
        "6": 66895
    },
    "14316": {
        "0": 1,
        "1": 10,
        "2": 82,
        "3": 692,
        "4": 5844,
        "5": 16785,
        "6": 24796
    },
    "14317": {
        "0": 1,
        "1": 9,
        "2": 76,
        "3": 645,
        "4": 5528,
        "5": 14888,
        "6": 32874
    },
    "14318": {
        "0": 1,
        "1": 11,
        "2": 96,
        "3": 838,
        "4": 7281,
        "5": 30166,
        "6": 84237
    },
    "14319": {
        "0": 1,
        "1": 14,
        "2": 127,
        "3": 1083,
        "4": 9220,
        "5": 46275,
        "6": 147297
    },
    "14320": {
        "0": 1,
        "1": 12,
        "2": 103,
        "3": 864,
        "4": 7237,
        "5": 27979,
        "6": 55770
    },
    "14321": {
        "0": 1,
        "1": 13,
        "2": 115,
        "3": 984,
        "4": 8432,
        "5": 39588,
        "6": 110459
    },
    "14322": {
        "0": 1,
        "1": 11,
        "2": 97,
        "3": 866,
        "4": 7659,
        "5": 34251,
        "6": 96062
    },
    "14323": {
        "0": 1,
        "1": 10,
        "2": 88,
        "3": 767,
        "4": 6675,
        "5": 25234,
        "6": 61368
    },
    "14324": {
        "0": 1,
        "1": 9,
        "2": 75,
        "3": 650,
        "4": 5660,
        "5": 16287,
        "6": 31763
    },
    "14325": {
        "0": 1,
        "1": 11,
        "2": 93,
        "3": 802,
        "4": 6891,
        "5": 26620,
        "6": 68794
    },
    "14326": {
        "0": 1,
        "1": 10,
        "2": 87,
        "3": 752,
        "4": 6514,
        "5": 23636,
        "6": 60655
    },
    "14327": {
        "0": 1,
        "1": 11,
        "2": 94,
        "3": 819,
        "4": 7184,
        "5": 30447,
        "6": 88525
    },
    "14328": {
        "0": 1,
        "1": 10,
        "2": 90,
        "3": 805,
        "4": 7161,
        "5": 30752,
        "6": 90474
    },
    "14329": {
        "0": 1,
        "1": 9,
        "2": 76,
        "3": 664,
        "4": 5808,
        "5": 17992,
        "6": 38450
    },
    "14330": {
        "0": 1,
        "1": 10,
        "2": 89,
        "3": 807,
        "4": 7292,
        "5": 32723,
        "6": 92665
    },
    "14331": {
        "0": 1,
        "1": 13,
        "2": 109,
        "3": 906,
        "4": 7644,
        "5": 32336,
        "6": 79852
    },
    "14332": {
        "0": 1,
        "1": 11,
        "2": 95,
        "3": 811,
        "4": 6923,
        "5": 26637,
        "6": 66321
    },
    "14333": {
        "0": 1,
        "1": 11,
        "2": 98,
        "3": 844,
        "4": 7219,
        "5": 28996,
        "6": 77793
    },
    "14334": {
        "0": 1,
        "1": 11,
        "2": 97,
        "3": 852,
        "4": 7498,
        "5": 33431,
        "6": 97908
    },
    "14335": {
        "0": 1,
        "1": 9,
        "2": 78,
        "3": 690,
        "4": 6058,
        "5": 20204,
        "6": 39356
    },
    "14336": {
        "0": 1,
        "1": 13,
        "2": 110,
        "3": 914,
        "4": 7716,
        "5": 32764,
        "6": 87769
    },
    "14337": {
        "0": 1,
        "1": 11,
        "2": 93,
        "3": 790,
        "4": 6776,
        "5": 25723,
        "6": 62370
    },
    "14338": {
        "0": 1,
        "1": 10,
        "2": 88,
        "3": 769,
        "4": 6741,
        "5": 26256,
        "6": 64365
    },
    "14339": {
        "0": 1,
        "1": 12,
        "2": 108,
        "3": 942,
        "4": 8142,
        "5": 36986,
        "6": 103736
    },
    "14340": {
        "0": 1,
        "1": 11,
        "2": 96,
        "3": 836,
        "4": 7339,
        "5": 31861,
        "6": 76641
    },
    "14341": {
        "0": 1,
        "1": 12,
        "2": 108,
        "3": 943,
        "4": 8208,
        "5": 38775,
        "6": 118873
    },
    "14342": {
        "0": 1,
        "1": 9,
        "2": 74,
        "3": 629,
        "4": 5383,
        "5": 13551,
        "6": 26242
    },
    "14343": {
        "0": 1,
        "1": 11,
        "2": 99,
        "3": 865,
        "4": 7521,
        "5": 32513,
        "6": 97382
    },
    "14344": {
        "0": 1,
        "1": 11,
        "2": 97,
        "3": 835,
        "4": 7188,
        "5": 29201,
        "6": 79427
    },
    "14345": {
        "0": 1,
        "1": 10,
        "2": 85,
        "3": 747,
        "4": 6607,
        "5": 25621,
        "6": 61821
    },
    "14346": {
        "0": 1,
        "1": 11,
        "2": 94,
        "3": 812,
        "4": 7054,
        "5": 28887,
        "6": 79049
    },
    "14347": {
        "0": 1,
        "1": 11,
        "2": 95,
        "3": 831,
        "4": 7297,
        "5": 31493,
        "6": 88695
    },
    "14348": {
        "0": 1,
        "1": 10,
        "2": 84,
        "3": 733,
        "4": 6392,
        "5": 22892,
        "6": 52326
    },
    "14349": {
        "0": 1,
        "1": 9,
        "2": 75,
        "3": 649,
        "4": 5659,
        "5": 16857,
        "6": 37596
    },
    "14350": {
        "0": 1,
        "1": 12,
        "2": 106,
        "3": 923,
        "4": 8047,
        "5": 37663,
        "6": 122205
    },
    "14351": {
        "0": 1,
        "1": 9,
        "2": 75,
        "3": 640,
        "4": 5516,
        "5": 14997,
        "6": 30708
    },
    "14352": {
        "0": 1,
        "1": 11,
        "2": 91,
        "3": 755,
        "4": 6325,
        "5": 20676,
        "6": 46025
    },
    "14353": {
        "0": 1,
        "1": 11,
        "2": 98,
        "3": 857,
        "4": 7548,
        "5": 34064,
        "6": 106300
    },
    "14354": {
        "0": 1,
        "1": 11,
        "2": 94,
        "3": 805,
        "4": 6943,
        "5": 27405,
        "6": 68481
    },
    "14355": {
        "0": 1,
        "1": 10,
        "2": 81,
        "3": 680,
        "4": 5781,
        "5": 16410,
        "6": 28759
    },
    "14356": {
        "0": 1,
        "1": 9,
        "2": 78,
        "3": 685,
        "4": 6041,
        "5": 20345,
        "6": 44237
    },
    "14357": {
        "0": 1,
        "1": 13,
        "2": 111,
        "3": 942,
        "4": 8121,
        "5": 37677,
        "6": 115497
    },
    "14358": {
        "0": 1,
        "1": 10,
        "2": 86,
        "3": 736,
        "4": 6329,
        "5": 22023,
        "6": 50761
    },
    "14359": {
        "0": 1,
        "1": 8,
        "2": 72,
        "3": 634,
        "4": 5580,
        "5": 15891,
        "6": 30048
    },
    "14360": {
        "0": 1,
        "1": 9,
        "2": 80,
        "3": 711,
        "4": 6314,
        "5": 23295,
        "6": 55104
    },
    "14361": {
        "0": 1,
        "1": 10,
        "2": 87,
        "3": 748,
        "4": 6446,
        "5": 22846,
        "6": 49088
    },
    "14362": {
        "0": 1,
        "1": 13,
        "2": 112,
        "3": 941,
        "4": 8007,
        "5": 36112,
        "6": 101233
    },
    "14363": {
        "0": 1,
        "1": 12,
        "2": 106,
        "3": 908,
        "4": 7768,
        "5": 33849,
        "6": 88629
    },
    "14364": {
        "0": 1,
        "1": 9,
        "2": 79,
        "3": 692,
        "4": 6051,
        "5": 20193,
        "6": 44572
    },
    "14365": {
        "0": 1,
        "1": 10,
        "2": 85,
        "3": 723,
        "4": 6192,
        "5": 20752,
        "6": 54871
    },
    "14366": {
        "0": 1,
        "1": 10,
        "2": 85,
        "3": 724,
        "4": 6166,
        "5": 20018,
        "6": 47537
    },
    "14367": {
        "0": 1,
        "1": 10,
        "2": 88,
        "3": 791,
        "4": 7045,
        "5": 29400,
        "6": 76166
    },
    "14368": {
        "0": 1,
        "1": 11,
        "2": 99,
        "3": 889,
        "4": 7966,
        "5": 38224,
        "6": 119404
    },
    "14369": {
        "0": 1,
        "1": 11,
        "2": 94,
        "3": 807,
        "4": 6955,
        "5": 27422,
        "6": 70923
    },
    "14370": {
        "0": 1,
        "1": 11,
        "2": 96,
        "3": 825,
        "4": 7103,
        "5": 28552,
        "6": 70468
    },
    "14371": {
        "0": 1,
        "1": 10,
        "2": 87,
        "3": 756,
        "4": 6555,
        "5": 24109,
        "6": 61396
    },
    "14372": {
        "0": 1,
        "1": 9,
        "2": 78,
        "3": 698,
        "4": 6262,
        "5": 23440,
        "6": 59638
    },
    "14373": {
        "0": 1,
        "1": 10,
        "2": 83,
        "3": 710,
        "4": 6135,
        "5": 20568,
        "6": 46267
    },
    "14374": {
        "0": 1,
        "1": 9,
        "2": 78,
        "3": 676,
        "4": 5850,
        "5": 17722,
        "6": 35054
    },
    "14375": {
        "0": 1,
        "1": 8,
        "2": 68,
        "3": 578,
        "4": 4925,
        "5": 9345,
        "6": 15782
    },
    "14376": {
        "0": 1,
        "1": 10,
        "2": 83,
        "3": 696,
        "4": 5823,
        "5": 15829,
        "6": 28754
    },
    "14377": {
        "0": 1,
        "1": 10,
        "2": 82,
        "3": 706,
        "4": 6073,
        "5": 19615,
        "6": 41832
    },
    "14378": {
        "0": 1,
        "1": 11,
        "2": 93,
        "3": 790,
        "4": 6803,
        "5": 26243,
        "6": 61724
    },
    "14379": {
        "0": 1,
        "1": 10,
        "2": 84,
        "3": 724,
        "4": 6206,
        "5": 20436,
        "6": 39387
    },
    "14380": {
        "0": 1,
        "1": 13,
        "2": 117,
        "3": 1018,
        "4": 8796,
        "5": 43434,
        "6": 134993
    },
    "14381": {
        "0": 1,
        "1": 9,
        "2": 74,
        "3": 629,
        "4": 5399,
        "5": 13883,
        "6": 31423
    },
    "14382": {
        "0": 1,
        "1": 9,
        "2": 79,
        "3": 695,
        "4": 6125,
        "5": 21246,
        "6": 52034
    },
    "14383": {
        "0": 1,
        "1": 10,
        "2": 87,
        "3": 766,
        "4": 6784,
        "5": 27038,
        "6": 64418
    },
    "14384": {
        "0": 1,
        "1": 9,
        "2": 80,
        "3": 706,
        "4": 6274,
        "5": 23111,
        "6": 55345
    },
    "14385": {
        "0": 1,
        "1": 10,
        "2": 88,
        "3": 787,
        "4": 7003,
        "5": 28693,
        "6": 73795
    },
    "14386": {
        "0": 1,
        "1": 10,
        "2": 83,
        "3": 705,
        "4": 6017,
        "5": 18849,
        "6": 34942
    },
    "14387": {
        "0": 1,
        "1": 9,
        "2": 74,
        "3": 621,
        "4": 5306,
        "5": 12835,
        "6": 23393
    },
    "14388": {
        "0": 1,
        "1": 13,
        "2": 116,
        "3": 996,
        "4": 8454,
        "5": 39123,
        "6": 106589
    },
    "14389": {
        "0": 1,
        "1": 11,
        "2": 94,
        "3": 808,
        "4": 6961,
        "5": 27172,
        "6": 70762
    },
    "14390": {
        "0": 1,
        "1": 10,
        "2": 88,
        "3": 798,
        "4": 7205,
        "5": 31751,
        "6": 94694
    },
    "14391": {
        "0": 1,
        "1": 10,
        "2": 86,
        "3": 735,
        "4": 6300,
        "5": 21566,
        "6": 54013
    },
    "14392": {
        "0": 1,
        "1": 11,
        "2": 92,
        "3": 788,
        "4": 6764,
        "5": 25847,
        "6": 68584
    },
    "14393": {
        "0": 1,
        "1": 11,
        "2": 91,
        "3": 789,
        "4": 6938,
        "5": 28545,
        "6": 77763
    },
    "14394": {
        "0": 1,
        "1": 11,
        "2": 98,
        "3": 853,
        "4": 7401,
        "5": 31371,
        "6": 92521
    },
    "14395": {
        "0": 1,
        "1": 10,
        "2": 91,
        "3": 804,
        "4": 7099,
        "5": 29761,
        "6": 82187
    },
    "14396": {
        "0": 1,
        "1": 12,
        "2": 105,
        "3": 901,
        "4": 7772,
        "5": 34553,
        "6": 101657
    },
    "14397": {
        "0": 1,
        "1": 10,
        "2": 89,
        "3": 773,
        "4": 6703,
        "5": 25175,
        "6": 61010
    },
    "14398": {
        "0": 1,
        "1": 15,
        "2": 141,
        "3": 1217,
        "4": 10407,
        "5": 56233,
        "6": 192180
    },
    "14399": {
        "0": 1,
        "1": 11,
        "2": 98,
        "3": 857,
        "4": 7521,
        "5": 33497,
        "6": 102328
    }
}