{
    "9700": {
        "0": 1,
        "1": 12,
        "2": 105,
        "3": 897,
        "4": 7679,
        "5": 33156,
        "6": 84811
    },
    "9701": {
        "0": 1,
        "1": 12,
        "2": 105,
        "3": 914,
        "4": 7975,
        "5": 37055,
        "6": 114893
    },
    "9702": {
        "0": 1,
        "1": 12,
        "2": 101,
        "3": 864,
        "4": 7410,
        "5": 30761,
        "6": 81441
    },
    "9703": {
        "0": 1,
        "1": 14,
        "2": 128,
        "3": 1107,
        "4": 9452,
        "5": 47795,
        "6": 152428
    },
    "9704": {
        "0": 1,
        "1": 11,
        "2": 91,
        "3": 772,
        "4": 6603,
        "5": 24054,
        "6": 55082
    },
    "9705": {
        "0": 1,
        "1": 11,
        "2": 99,
        "3": 875,
        "4": 7709,
        "5": 34828,
        "6": 102151
    },
    "9706": {
        "0": 1,
        "1": 12,
        "2": 103,
        "3": 903,
        "4": 7910,
        "5": 35943,
        "6": 105378
    },
    "9707": {
        "0": 1,
        "1": 10,
        "2": 82,
        "3": 694,
        "4": 5929,
        "5": 18221,
        "6": 36104
    },
    "9708": {
        "0": 1,
        "1": 9,
        "2": 79,
        "3": 681,
        "4": 5910,
        "5": 18610,
        "6": 37545
    },
    "9709": {
        "0": 1,
        "1": 11,
        "2": 95,
        "3": 805,
        "4": 6839,
        "5": 25763,
        "6": 63189
    },
    "9710": {
        "0": 1,
        "1": 13,
        "2": 115,
        "3": 992,
        "4": 8548,
        "5": 40911,
        "6": 123898
    },
    "9711": {
        "0": 1,
        "1": 10,
        "2": 87,
        "3": 763,
        "4": 6693,
        "5": 26051,
        "6": 65070
    },
    "9712": {
        "0": 1,
        "1": 12,
        "2": 107,
        "3": 946,
        "4": 8304,
        "5": 39984,
        "6": 116629
    },
    "9713": {
        "0": 1,
        "1": 10,
        "2": 85,
        "3": 749,
        "4": 6637,
        "5": 26151,
        "6": 67786
    },
    "9714": {
        "0": 1,
        "1": 11,
        "2": 97,
        "3": 855,
        "4": 7594,
        "5": 34661,
        "6": 101105
    },
    "9715": {
        "0": 1,
        "1": 11,
        "2": 91,
        "3": 765,
        "4": 6498,
        "5": 22745,
        "6": 46381
    },
    "9716": {
        "0": 1,
        "1": 11,
        "2": 98,
        "3": 847,
        "4": 7326,
        "5": 30916,
        "6": 84752
    },
    "9717": {
        "0": 1,
        "1": 13,
        "2": 117,
        "3": 1008,
        "4": 8648,
        "5": 41366,
        "6": 120563
    },
    "9718": {
        "0": 1,
        "1": 10,
        "2": 85,
        "3": 732,
        "4": 6350,
        "5": 22544,
        "6": 53708
    },
    "9719": {
        "0": 1,
        "1": 11,
        "2": 90,
        "3": 754,
        "4": 6371,
        "5": 21509,
        "6": 48962
    },
    "9720": {
        "0": 1,
        "1": 9,
        "2": 75,
        "3": 634,
        "4": 5352,
        "5": 12538,
        "6": 21614
    },
    "9721": {
        "0": 1,
        "1": 10,
        "2": 82,
        "3": 689,
        "4": 5826,
        "5": 16850,
        "6": 32958
    },
    "9722": {
        "0": 1,
        "1": 9,
        "2": 79,
        "3": 706,
        "4": 6306,
        "5": 23439,
        "6": 54943
    },
    "9723": {
        "0": 1,
        "1": 11,
        "2": 98,
        "3": 856,
        "4": 7468,
        "5": 31902,
        "6": 82876
    },
    "9724": {
        "0": 1,
        "1": 11,
        "2": 99,
        "3": 884,
        "4": 7839,
        "5": 36478,
        "6": 100404
    },
    "9725": {
        "0": 1,
        "1": 11,
        "2": 95,
        "3": 827,
        "4": 7219,
        "5": 30471,
        "6": 88389
    },
    "9726": {
        "0": 1,
        "1": 11,
        "2": 98,
        "3": 864,
        "4": 7587,
        "5": 33666,
        "6": 96781
    },
    "9727": {
        "0": 1,
        "1": 14,
        "2": 121,
        "3": 1008,
        "4": 8439,
        "5": 38520,
        "6": 106919
    },
    "9728": {
        "0": 1,
        "1": 13,
        "2": 112,
        "3": 950,
        "4": 8017,
        "5": 35033,
        "6": 92472
    },
    "9729": {
        "0": 1,
        "1": 10,
        "2": 88,
        "3": 772,
        "4": 6808,
        "5": 27384,
        "6": 76910
    },
    "9730": {
        "0": 1,
        "1": 11,
        "2": 95,
        "3": 821,
        "4": 7112,
        "5": 28709,
        "6": 76205
    },
    "9731": {
        "0": 1,
        "1": 14,
        "2": 128,
        "3": 1108,
        "4": 9542,
        "5": 49837,
        "6": 157922
    },
    "9732": {
        "0": 1,
        "1": 10,
        "2": 85,
        "3": 730,
        "4": 6319,
        "5": 21906,
        "6": 42987
    },
    "9733": {
        "0": 1,
        "1": 8,
        "2": 68,
        "3": 574,
        "4": 4888,
        "5": 9056,
        "6": 11718
    },
    "9734": {
        "0": 1,
        "1": 13,
        "2": 113,
        "3": 956,
        "4": 8136,
        "5": 37190,
        "6": 107804
    },
    "9735": {
        "0": 1,
        "1": 12,
        "2": 105,
        "3": 911,
        "4": 7854,
        "5": 34945,
        "6": 102725
    },
    "9736": {
        "0": 1,
        "1": 12,
        "2": 103,
        "3": 868,
        "4": 7336,
        "5": 29629,
        "6": 72536
    },
    "9737": {
        "0": 1,
        "1": 11,
        "2": 96,
        "3": 843,
        "4": 7428,
        "5": 32559,
        "6": 91017
    },
    "9738": {
        "0": 1,
        "1": 10,
        "2": 87,
        "3": 755,
        "4": 6593,
        "5": 24902,
        "6": 63671
    },
    "9739": {
        "0": 1,
        "1": 10,
        "2": 85,
        "3": 733,
        "4": 6401,
        "5": 23485,
        "6": 57500
    },
    "9740": {
        "0": 1,
        "1": 12,
        "2": 108,
        "3": 935,
        "4": 8118,
        "5": 38073,
        "6": 117471
    },
    "9741": {
        "0": 1,
        "1": 10,
        "2": 82,
        "3": 698,
        "4": 5963,
        "5": 18278,
        "6": 35594
    },
    "9742": {
        "0": 1,
        "1": 13,
        "2": 119,
        "3": 1051,
        "4": 9234,
        "5": 48504,
        "6": 160123
    },
    "9743": {
        "0": 1,
        "1": 12,
        "2": 104,
        "3": 892,
        "4": 7655,
        "5": 33194,
        "6": 86406
    },
    "9744": {
        "0": 1,
        "1": 11,
        "2": 95,
        "3": 819,
        "4": 7101,
        "5": 28761,
        "6": 68597
    },
    "9745": {
        "0": 1,
        "1": 8,
        "2": 69,
        "3": 589,
        "4": 5065,
        "5": 11009,
        "6": 17103
    },
    "9746": {
        "0": 1,
        "1": 11,
        "2": 92,
        "3": 786,
        "4": 6751,
        "5": 25496,
        "6": 54592
    },
    "9747": {
        "0": 1,
        "1": 10,
        "2": 84,
        "3": 723,
        "4": 6262,
        "5": 21588,
        "6": 46150
    },
    "9748": {
        "0": 1,
        "1": 10,
        "2": 83,
        "3": 703,
        "4": 5999,
        "5": 18751,
        "6": 34150
    },
    "9749": {
        "0": 1,
        "1": 11,
        "2": 92,
        "3": 796,
        "4": 6912,
        "5": 27573,
        "6": 64190
    },
    "9750": {
        "0": 1,
        "1": 12,
        "2": 104,
        "3": 892,
        "4": 7700,
        "5": 33998,
        "6": 96797
    },
    "9751": {
        "0": 1,
        "1": 10,
        "2": 84,
        "3": 729,
        "4": 6341,
        "5": 22525,
        "6": 47825
    },
    "9752": {
        "0": 1,
        "1": 10,
        "2": 84,
        "3": 728,
        "4": 6326,
        "5": 22074,
        "6": 51895
    },
    "9753": {
        "0": 1,
        "1": 11,
        "2": 95,
        "3": 827,
        "4": 7194,
        "5": 29861,
        "6": 76870
    },
    "9754": {
        "0": 1,
        "1": 11,
        "2": 96,
        "3": 837,
        "4": 7317,
        "5": 31183,
        "6": 95584
    },
    "9755": {
        "0": 1,
        "1": 13,
        "2": 112,
        "3": 956,
        "4": 8214,
        "5": 38075,
        "6": 101176
    },
    "9756": {
        "0": 1,
        "1": 10,
        "2": 84,
        "3": 712,
        "4": 6074,
        "5": 19073,
        "6": 41400
    },
    "9757": {
        "0": 1,
        "1": 11,
        "2": 92,
        "3": 775,
        "4": 6578,
        "5": 23476,
        "6": 48652
    },
    "9758": {
        "0": 1,
        "1": 13,
        "2": 115,
        "3": 988,
        "4": 8477,
        "5": 40047,
        "6": 116713
    },
    "9759": {
        "0": 1,
        "1": 11,
        "2": 93,
        "3": 786,
        "4": 6653,
        "5": 23741,
        "6": 54904
    },
    "9760": {
        "0": 1,
        "1": 11,
        "2": 93,
        "3": 798,
        "4": 6842,
        "5": 25904,
        "6": 57871
    },
    "9761": {
        "0": 1,
        "1": 10,
        "2": 87,
        "3": 744,
        "4": 6371,
        "5": 21955,
        "6": 50873
    },
    "9762": {
        "0": 1,
        "1": 11,
        "2": 95,
        "3": 830,
        "4": 7269,
        "5": 30991,
        "6": 88159
    },
    "9763": {
        "0": 1,
        "1": 9,
        "2": 76,
        "3": 652,
        "4": 5604,
        "5": 15543,
        "6": 25083
    },
    "9764": {
        "0": 1,
        "1": 10,
        "2": 89,
        "3": 783,
        "4": 6901,
        "5": 27936,
        "6": 71001
    },
    "9765": {
        "0": 1,
        "1": 9,
        "2": 77,
        "3": 661,
        "4": 5716,
        "5": 17044,
        "6": 35163
    },
    "9766": {
        "0": 1,
        "1": 9,
        "2": 74,
        "3": 627,
        "4": 5368,
        "5": 13503,
        "6": 27080
    },
    "9767": {
        "0": 1,
        "1": 10,
        "2": 86,
        "3": 741,
        "4": 6382,
        "5": 22180,
        "6": 54342
    },
    "9768": {
        "0": 1,
        "1": 9,
        "2": 80,
        "3": 691,
        "4": 6019,
        "5": 19797,
        "6": 42360
    },
    "9769": {
        "0": 1,
        "1": 11,
        "2": 97,
        "3": 862,
        "4": 7598,
        "5": 34105,
        "6": 99635
    },
    "9770": {
        "0": 1,
        "1": 10,
        "2": 83,
        "3": 698,
        "4": 5973,
        "5": 18923,
        "6": 40807
    },
    "9771": {
        "0": 1,
        "1": 9,
        "2": 74,
        "3": 632,
        "4": 5432,
        "5": 14224,
        "6": 28583
    },
    "9772": {
        "0": 1,
        "1": 10,
        "2": 90,
        "3": 807,
        "4": 7214,
        "5": 31555,
        "6": 95497
    },
    "9773": {
        "0": 1,
        "1": 10,
        "2": 86,
        "3": 743,
        "4": 6447,
        "5": 23223,
        "6": 51519
    },
    "9774": {
        "0": 1,
        "1": 10,
        "2": 89,
        "3": 779,
        "4": 6756,
        "5": 25297,
        "6": 60406
    },
    "9775": {
        "0": 1,
        "1": 12,
        "2": 105,
        "3": 909,
        "4": 7838,
        "5": 34801,
        "6": 104588
    },
    "9776": {
        "0": 1,
        "1": 12,
        "2": 100,
        "3": 836,
        "4": 7089,
        "5": 28030,
        "6": 63895
    },
    "9777": {
        "0": 1,
        "1": 10,
        "2": 86,
        "3": 738,
        "4": 6318,
        "5": 21514,
        "6": 51916
    },
    "9778": {
        "0": 1,
        "1": 9,
        "2": 78,
        "3": 689,
        "4": 6102,
        "5": 21439,
        "6": 50456
    },
    "9779": {
        "0": 1,
        "1": 10,
        "2": 85,
        "3": 736,
        "4": 6399,
        "5": 22640,
        "6": 48775
    },
    "9780": {
        "0": 1,
        "1": 11,
        "2": 100,
        "3": 891,
        "4": 7884,
        "5": 36631,
        "6": 100722
    },
    "9781": {
        "0": 1,
        "1": 9,
        "2": 74,
        "3": 623,
        "4": 5265,
        "5": 11991,
        "6": 17555
    },
    "9782": {
        "0": 1,
        "1": 9,
        "2": 76,
        "3": 665,
        "4": 5828,
        "5": 18375,
        "6": 38308
    },
    "9783": {
        "0": 1,
        "1": 11,
        "2": 94,
        "3": 815,
        "4": 7143,
        "5": 30006,
        "6": 70773
    },
    "9784": {
        "0": 1,
        "1": 9,
        "2": 73,
        "3": 614,
        "4": 5173,
        "5": 11016,
        "6": 14518
    },
    "9785": {
        "0": 1,
        "1": 9,
        "2": 78,
        "3": 690,
        "4": 6105,
        "5": 21253,
        "6": 48671
    },
    "9786": {
        "0": 1,
        "1": 11,
        "2": 94,
        "3": 823,
        "4": 7170,
        "5": 29378,
        "6": 75628
    },
    "9787": {
        "0": 1,
        "1": 9,
        "2": 75,
        "3": 641,
        "4": 5522,
        "5": 15159,
        "6": 30624
    },
    "9788": {
        "0": 1,
        "1": 12,
        "2": 105,
        "3": 900,
        "4": 7719,
        "5": 33271,
        "6": 94752
    },
    "9789": {
        "0": 1,
        "1": 9,
        "2": 79,
        "3": 692,
        "4": 6047,
        "5": 20092,
        "6": 45915
    },
    "9790": {
        "0": 1,
        "1": 8,
        "2": 70,
        "3": 606,
        "4": 5242,
        "5": 12609,
        "6": 21957
    },
    "9791": {
        "0": 1,
        "1": 12,
        "2": 106,
        "3": 913,
        "4": 7850,
        "5": 34937,
        "6": 104162
    },
    "9792": {
        "0": 1,
        "1": 12,
        "2": 109,
        "3": 957,
        "4": 8365,
        "5": 40207,
        "6": 124623
    },
    "9793": {
        "0": 1,
        "1": 10,
        "2": 91,
        "3": 809,
        "4": 7143,
        "5": 30011,
        "6": 85809
    },
    "9794": {
        "0": 1,
        "1": 11,
        "2": 93,
        "3": 787,
        "4": 6709,
        "5": 24750,
        "6": 55028
    },
    "9795": {
        "0": 1,
        "1": 10,
        "2": 84,
        "3": 720,
        "4": 6252,
        "5": 21894,
        "6": 52820
    },
    "9796": {
        "0": 1,
        "1": 11,
        "2": 93,
        "3": 791,
        "4": 6751,
        "5": 25075,
        "6": 61809
    },
    "9797": {
        "0": 1,
        "1": 10,
        "2": 87,
        "3": 753,
        "4": 6553,
        "5": 24388,
        "6": 61448
    },
    "9798": {
        "0": 1,
        "1": 10,
        "2": 87,
        "3": 755,
        "4": 6543,
        "5": 23618,
        "6": 55693
    },
    "9799": {
        "0": 1,
        "1": 11,
        "2": 103,
        "3": 931,
        "4": 8321,
        "5": 41346,
        "6": 137336
    }
}