{
    "21300": {
        "0": 1,
        "1": 9,
        "2": 76,
        "3": 662,
        "4": 5786,
        "5": 17954,
        "6": 34302
    },
    "21301": {
        "0": 1,
        "1": 10,
        "2": 90,
        "3": 799,
        "4": 7048,
        "5": 29416,
        "6": 80158
    },
    "21302": {
        "0": 1,
        "1": 10,
        "2": 85,
        "3": 759,
        "4": 6736,
        "5": 26665,
        "6": 62210
    },
    "21303": {
        "0": 1,
        "1": 10,
        "2": 83,
        "3": 700,
        "4": 5992,
        "5": 19027,
        "6": 42132
    },
    "21304": {
        "0": 1,
        "1": 9,
        "2": 72,
        "3": 599,
        "4": 5025,
        "5": 9444,
        "6": 12343
    },
    "21305": {
        "0": 1,
        "1": 11,
        "2": 91,
        "3": 773,
        "4": 6589,
        "5": 23872,
        "6": 52525
    },
    "21306": {
        "0": 1,
        "1": 13,
        "2": 122,
        "3": 1089,
        "4": 9650,
        "5": 52440,
        "6": 177748
    },
    "21307": {
        "0": 1,
        "1": 11,
        "2": 97,
        "3": 841,
        "4": 7244,
        "5": 29697,
        "6": 81021
    },
    "21308": {
        "0": 1,
        "1": 8,
        "2": 71,
        "3": 618,
        "4": 5401,
        "5": 14545,
        "6": 27073
    },
    "21309": {
        "0": 1,
        "1": 9,
        "2": 75,
        "3": 641,
        "4": 5508,
        "5": 14837,
        "6": 27836
    },
    "21310": {
        "0": 1,
        "1": 11,
        "2": 91,
        "3": 780,
        "4": 6747,
        "5": 25988,
        "6": 59784
    },
    "21311": {
        "0": 1,
        "1": 13,
        "2": 117,
        "3": 1005,
        "4": 8613,
        "5": 41421,
        "6": 130341
    },
    "21312": {
        "0": 1,
        "1": 10,
        "2": 86,
        "3": 734,
        "4": 6252,
        "5": 20473,
        "6": 39887
    },
    "21313": {
        "0": 1,
        "1": 8,
        "2": 71,
        "3": 626,
        "4": 5511,
        "5": 15505,
        "6": 32886
    },
    "21314": {
        "0": 1,
        "1": 11,
        "2": 95,
        "3": 820,
        "4": 7073,
        "5": 28297,
        "6": 74348
    },
    "21315": {
        "0": 1,
        "1": 12,
        "2": 108,
        "3": 936,
        "4": 8033,
        "5": 36069,
        "6": 101760
    },
    "21316": {
        "0": 1,
        "1": 10,
        "2": 88,
        "3": 775,
        "4": 6890,
        "5": 28388,
        "6": 75641
    },
    "21317": {
        "0": 1,
        "1": 11,
        "2": 94,
        "3": 794,
        "4": 6751,
        "5": 24670,
        "6": 51618
    },
    "21318": {
        "0": 1,
        "1": 12,
        "2": 104,
        "3": 900,
        "4": 7827,
        "5": 35700,
        "6": 103334
    },
    "21319": {
        "0": 1,
        "1": 12,
        "2": 104,
        "3": 889,
        "4": 7677,
        "5": 33996,
        "6": 103193
    },
    "21320": {
        "0": 1,
        "1": 11,
        "2": 97,
        "3": 852,
        "4": 7474,
        "5": 32486,
        "6": 84942
    },
    "21321": {
        "0": 1,
        "1": 10,
        "2": 86,
        "3": 750,
        "4": 6634,
        "5": 25780,
        "6": 63184
    },
    "21322": {
        "0": 1,
        "1": 13,
        "2": 120,
        "3": 1042,
        "4": 8938,
        "5": 43534,
        "6": 126055
    },
    "21323": {
        "0": 1,
        "1": 11,
        "2": 94,
        "3": 787,
        "4": 6593,
        "5": 22739,
        "6": 54813
    },
    "21324": {
        "0": 1,
        "1": 10,
        "2": 89,
        "3": 776,
        "4": 6786,
        "5": 26687,
        "6": 67457
    },
    "21325": {
        "0": 1,
        "1": 10,
        "2": 88,
        "3": 776,
        "4": 6801,
        "5": 26735,
        "6": 61777
    },
    "21326": {
        "0": 1,
        "1": 10,
        "2": 84,
        "3": 716,
        "4": 6175,
        "5": 20744,
        "6": 49681
    },
    "21327": {
        "0": 1,
        "1": 12,
        "2": 102,
        "3": 879,
        "4": 7663,
        "5": 34422,
        "6": 94157
    },
    "21328": {
        "0": 1,
        "1": 9,
        "2": 80,
        "3": 700,
        "4": 6135,
        "5": 21087,
        "6": 50390
    },
    "21329": {
        "0": 1,
        "1": 10,
        "2": 90,
        "3": 810,
        "4": 7278,
        "5": 32457,
        "6": 96105
    },
    "21330": {
        "0": 1,
        "1": 10,
        "2": 89,
        "3": 774,
        "4": 6711,
        "5": 25370,
        "6": 61992
    },
    "21331": {
        "0": 1,
        "1": 13,
        "2": 112,
        "3": 956,
        "4": 8206,
        "5": 38025,
        "6": 110681
    },
    "21332": {
        "0": 1,
        "1": 11,
        "2": 96,
        "3": 830,
        "4": 7166,
        "5": 29148,
        "6": 79417
    },
    "21333": {
        "0": 1,
        "1": 9,
        "2": 77,
        "3": 675,
        "4": 5942,
        "5": 19559,
        "6": 45582
    },
    "21334": {
        "0": 1,
        "1": 10,
        "2": 84,
        "3": 721,
        "4": 6232,
        "5": 21469,
        "6": 50493
    },
    "21335": {
        "0": 1,
        "1": 11,
        "2": 101,
        "3": 927,
        "4": 8373,
        "5": 42292,
        "6": 145093
    },
    "21336": {
        "0": 1,
        "1": 10,
        "2": 83,
        "3": 702,
        "4": 6006,
        "5": 19060,
        "6": 45965
    },
    "21337": {
        "0": 1,
        "1": 10,
        "2": 88,
        "3": 756,
        "4": 6502,
        "5": 23143,
        "6": 49505
    },
    "21338": {
        "0": 1,
        "1": 11,
        "2": 93,
        "3": 805,
        "4": 6994,
        "5": 27756,
        "6": 71692
    },
    "21339": {
        "0": 1,
        "1": 11,
        "2": 98,
        "3": 860,
        "4": 7462,
        "5": 32006,
        "6": 96731
    },
    "21340": {
        "0": 1,
        "1": 12,
        "2": 105,
        "3": 899,
        "4": 7721,
        "5": 33538,
        "6": 95244
    },
    "21341": {
        "0": 1,
        "1": 11,
        "2": 95,
        "3": 827,
        "4": 7187,
        "5": 29728,
        "6": 72819
    },
    "21342": {
        "0": 1,
        "1": 13,
        "2": 115,
        "3": 981,
        "4": 8326,
        "5": 38182,
        "6": 107055
    },
    "21343": {
        "0": 1,
        "1": 12,
        "2": 97,
        "3": 814,
        "4": 6877,
        "5": 25563,
        "6": 54487
    },
    "21344": {
        "0": 1,
        "1": 10,
        "2": 83,
        "3": 704,
        "4": 5984,
        "5": 18244,
        "6": 35647
    },
    "21345": {
        "0": 1,
        "1": 10,
        "2": 83,
        "3": 714,
        "4": 6226,
        "5": 21936,
        "6": 49407
    },
    "21346": {
        "0": 1,
        "1": 12,
        "2": 112,
        "3": 1023,
        "4": 9194,
        "5": 49244,
        "6": 166719
    },
    "21347": {
        "0": 1,
        "1": 12,
        "2": 104,
        "3": 891,
        "4": 7646,
        "5": 33034,
        "6": 94420
    },
    "21348": {
        "0": 1,
        "1": 10,
        "2": 85,
        "3": 747,
        "4": 6580,
        "5": 25158,
        "6": 65356
    },
    "21349": {
        "0": 1,
        "1": 11,
        "2": 99,
        "3": 897,
        "4": 8055,
        "5": 38980,
        "6": 119935
    },
    "21350": {
        "0": 1,
        "1": 13,
        "2": 120,
        "3": 1055,
        "4": 9243,
        "5": 48423,
        "6": 162551
    },
    "21351": {
        "0": 1,
        "1": 10,
        "2": 92,
        "3": 817,
        "4": 7205,
        "5": 30640,
        "6": 91601
    },
    "21352": {
        "0": 1,
        "1": 10,
        "2": 84,
        "3": 721,
        "4": 6207,
        "5": 20844,
        "6": 46186
    },
    "21353": {
        "0": 1,
        "1": 10,
        "2": 83,
        "3": 704,
        "4": 6017,
        "5": 18795,
        "6": 42151
    },
    "21354": {
        "0": 1,
        "1": 12,
        "2": 105,
        "3": 902,
        "4": 7741,
        "5": 33943,
        "6": 95801
    },
    "21355": {
        "0": 1,
        "1": 12,
        "2": 111,
        "3": 984,
        "4": 8613,
        "5": 42571,
        "6": 142539
    },
    "21356": {
        "0": 1,
        "1": 9,
        "2": 79,
        "3": 689,
        "4": 6016,
        "5": 19766,
        "6": 44599
    },
    "21357": {
        "0": 1,
        "1": 11,
        "2": 97,
        "3": 844,
        "4": 7340,
        "5": 31243,
        "6": 84202
    },
    "21358": {
        "0": 1,
        "1": 8,
        "2": 68,
        "3": 577,
        "4": 4910,
        "5": 9208,
        "6": 11708
    },
    "21359": {
        "0": 1,
        "1": 11,
        "2": 98,
        "3": 850,
        "4": 7362,
        "5": 31184,
        "6": 95527
    },
    "21360": {
        "0": 1,
        "1": 11,
        "2": 98,
        "3": 864,
        "4": 7546,
        "5": 32532,
        "6": 83494
    },
    "21361": {
        "0": 1,
        "1": 12,
        "2": 106,
        "3": 915,
        "4": 7894,
        "5": 35388,
        "6": 101726
    },
    "21362": {
        "0": 1,
        "1": 12,
        "2": 102,
        "3": 869,
        "4": 7476,
        "5": 32169,
        "6": 83138
    },
    "21363": {
        "0": 1,
        "1": 9,
        "2": 78,
        "3": 682,
        "4": 5978,
        "5": 19557,
        "6": 41712
    },
    "21364": {
        "0": 1,
        "1": 10,
        "2": 85,
        "3": 749,
        "4": 6552,
        "5": 24288,
        "6": 57570
    },
    "21365": {
        "0": 1,
        "1": 11,
        "2": 90,
        "3": 747,
        "4": 6291,
        "5": 20827,
        "6": 46417
    },
    "21366": {
        "0": 1,
        "1": 12,
        "2": 110,
        "3": 991,
        "4": 8850,
        "5": 45847,
        "6": 151118
    },
    "21367": {
        "0": 1,
        "1": 10,
        "2": 93,
        "3": 833,
        "4": 7434,
        "5": 33417,
        "6": 93791
    },
    "21368": {
        "0": 1,
        "1": 11,
        "2": 94,
        "3": 798,
        "4": 6814,
        "5": 25811,
        "6": 61582
    },
    "21369": {
        "0": 1,
        "1": 10,
        "2": 90,
        "3": 813,
        "4": 7355,
        "5": 33750,
        "6": 97423
    },
    "21370": {
        "0": 1,
        "1": 12,
        "2": 107,
        "3": 938,
        "4": 8151,
        "5": 37172,
        "6": 108787
    },
    "21371": {
        "0": 1,
        "1": 9,
        "2": 77,
        "3": 674,
        "4": 5872,
        "5": 18101,
        "6": 32687
    },
    "21372": {
        "0": 1,
        "1": 12,
        "2": 105,
        "3": 896,
        "4": 7681,
        "5": 33633,
        "6": 92734
    },
    "21373": {
        "0": 1,
        "1": 12,
        "2": 107,
        "3": 934,
        "4": 8142,
        "5": 38208,
        "6": 107868
    },
    "21374": {
        "0": 1,
        "1": 12,
        "2": 109,
        "3": 952,
        "4": 8283,
        "5": 39295,
        "6": 118091
    },
    "21375": {
        "0": 1,
        "1": 11,
        "2": 94,
        "3": 799,
        "4": 6823,
        "5": 25982,
        "6": 64872
    },
    "21376": {
        "0": 1,
        "1": 9,
        "2": 76,
        "3": 654,
        "4": 5628,
        "5": 15661,
        "6": 28585
    },
    "21377": {
        "0": 1,
        "1": 12,
        "2": 103,
        "3": 882,
        "4": 7574,
        "5": 32631,
        "6": 92403
    },
    "21378": {
        "0": 1,
        "1": 12,
        "2": 103,
        "3": 880,
        "4": 7581,
        "5": 32399,
        "6": 77606
    },
    "21379": {
        "0": 1,
        "1": 10,
        "2": 86,
        "3": 769,
        "4": 6864,
        "5": 27733,
        "6": 64567
    },
    "21380": {
        "0": 1,
        "1": 11,
        "2": 95,
        "3": 806,
        "4": 6841,
        "5": 25486,
        "6": 53923
    },
    "21381": {
        "0": 1,
        "1": 8,
        "2": 70,
        "3": 609,
        "4": 5300,
        "5": 12980,
        "6": 23407
    },
    "21382": {
        "0": 1,
        "1": 11,
        "2": 100,
        "3": 870,
        "4": 7594,
        "5": 33140,
        "6": 88104
    },
    "21383": {
        "0": 1,
        "1": 12,
        "2": 104,
        "3": 897,
        "4": 7751,
        "5": 34365,
        "6": 95319
    },
    "21384": {
        "0": 1,
        "1": 12,
        "2": 108,
        "3": 946,
        "4": 8246,
        "5": 38780,
        "6": 119338
    },
    "21385": {
        "0": 1,
        "1": 11,
        "2": 90,
        "3": 756,
        "4": 6452,
        "5": 22907,
        "6": 50956
    },
    "21386": {
        "0": 1,
        "1": 12,
        "2": 104,
        "3": 895,
        "4": 7760,
        "5": 34904,
        "6": 103296
    },
    "21387": {
        "0": 1,
        "1": 12,
        "2": 104,
        "3": 882,
        "4": 7527,
        "5": 31899,
        "6": 83347
    },
    "21388": {
        "0": 1,
        "1": 11,
        "2": 93,
        "3": 796,
        "4": 6831,
        "5": 25939,
        "6": 60699
    },
    "21389": {
        "0": 1,
        "1": 11,
        "2": 95,
        "3": 818,
        "4": 7045,
        "5": 27841,
        "6": 78197
    },
    "21390": {
        "0": 1,
        "1": 10,
        "2": 86,
        "3": 746,
        "4": 6472,
        "5": 23334,
        "6": 55023
    },
    "21391": {
        "0": 1,
        "1": 11,
        "2": 100,
        "3": 901,
        "4": 8028,
        "5": 38402,
        "6": 124365
    },
    "21392": {
        "0": 1,
        "1": 11,
        "2": 100,
        "3": 893,
        "4": 7962,
        "5": 38092,
        "6": 109131
    },
    "21393": {
        "0": 1,
        "1": 12,
        "2": 106,
        "3": 910,
        "4": 7779,
        "5": 33945,
        "6": 97681
    },
    "21394": {
        "0": 1,
        "1": 9,
        "2": 78,
        "3": 681,
        "4": 5974,
        "5": 19389,
        "6": 44314
    },
    "21395": {
        "0": 1,
        "1": 11,
        "2": 95,
        "3": 819,
        "4": 7074,
        "5": 28729,
        "6": 77723
    },
    "21396": {
        "0": 1,
        "1": 9,
        "2": 77,
        "3": 664,
        "4": 5768,
        "5": 17475,
        "6": 42935
    },
    "21397": {
        "0": 1,
        "1": 9,
        "2": 76,
        "3": 649,
        "4": 5572,
        "5": 15289,
        "6": 27193
    },
    "21398": {
        "0": 1,
        "1": 10,
        "2": 86,
        "3": 745,
        "4": 6437,
        "5": 22617,
        "6": 51756
    },
    "21399": {
        "0": 1,
        "1": 8,
        "2": 68,
        "3": 577,
        "4": 4913,
        "5": 9289,
        "6": 14633
    }
}