{
    "29600": {
        "0": 1,
        "1": 9,
        "2": 77,
        "3": 667,
        "4": 5769,
        "5": 16811,
        "6": 35665
    },
    "29601": {
        "0": 1,
        "1": 13,
        "2": 115,
        "3": 975,
        "4": 8248,
        "5": 37437,
        "6": 111685
    },
    "29602": {
        "0": 1,
        "1": 9,
        "2": 75,
        "3": 653,
        "4": 5763,
        "5": 18490,
        "6": 45046
    },
    "29603": {
        "0": 1,
        "1": 10,
        "2": 87,
        "3": 761,
        "4": 6668,
        "5": 25632,
        "6": 65307
    },
    "29604": {
        "0": 1,
        "1": 12,
        "2": 115,
        "3": 1058,
        "4": 9530,
        "5": 51744,
        "6": 187697
    },
    "29605": {
        "0": 1,
        "1": 9,
        "2": 81,
        "3": 732,
        "4": 6597,
        "5": 26356,
        "6": 69911
    },
    "29606": {
        "0": 1,
        "1": 10,
        "2": 87,
        "3": 767,
        "4": 6791,
        "5": 27486,
        "6": 71696
    },
    "29607": {
        "0": 1,
        "1": 11,
        "2": 96,
        "3": 838,
        "4": 7318,
        "5": 31015,
        "6": 86066
    },
    "29608": {
        "0": 1,
        "1": 10,
        "2": 82,
        "3": 689,
        "4": 5844,
        "5": 17234,
        "6": 31810
    },
    "29609": {
        "0": 1,
        "1": 9,
        "2": 79,
        "3": 690,
        "4": 6060,
        "5": 20500,
        "6": 51425
    },
    "29610": {
        "0": 1,
        "1": 11,
        "2": 92,
        "3": 781,
        "4": 6691,
        "5": 24853,
        "6": 54793
    },
    "29611": {
        "0": 1,
        "1": 11,
        "2": 94,
        "3": 790,
        "4": 6678,
        "5": 24134,
        "6": 54077
    },
    "29612": {
        "0": 1,
        "1": 11,
        "2": 94,
        "3": 801,
        "4": 6889,
        "5": 26698,
        "6": 70084
    },
    "29613": {
        "0": 1,
        "1": 10,
        "2": 84,
        "3": 728,
        "4": 6368,
        "5": 23147,
        "6": 55858
    },
    "29614": {
        "0": 1,
        "1": 12,
        "2": 106,
        "3": 910,
        "4": 7791,
        "5": 34161,
        "6": 97134
    },
    "29615": {
        "0": 1,
        "1": 10,
        "2": 86,
        "3": 757,
        "4": 6732,
        "5": 27348,
        "6": 74685
    },
    "29616": {
        "0": 1,
        "1": 11,
        "2": 101,
        "3": 898,
        "4": 7932,
        "5": 37139,
        "6": 113754
    },
    "29617": {
        "0": 1,
        "1": 9,
        "2": 78,
        "3": 681,
        "4": 5956,
        "5": 19485,
        "6": 42160
    },
    "29618": {
        "0": 1,
        "1": 11,
        "2": 98,
        "3": 866,
        "4": 7620,
        "5": 33869,
        "6": 91488
    },
    "29619": {
        "0": 1,
        "1": 10,
        "2": 87,
        "3": 752,
        "4": 6511,
        "5": 23710,
        "6": 56983
    },
    "29620": {
        "0": 1,
        "1": 11,
        "2": 95,
        "3": 819,
        "4": 7144,
        "5": 30017,
        "6": 82641
    },
    "29621": {
        "0": 1,
        "1": 10,
        "2": 90,
        "3": 794,
        "4": 7031,
        "5": 29507,
        "6": 81603
    },
    "29622": {
        "0": 1,
        "1": 10,
        "2": 91,
        "3": 818,
        "4": 7288,
        "5": 31947,
        "6": 92497
    },
    "29623": {
        "0": 1,
        "1": 8,
        "2": 68,
        "3": 593,
        "4": 5222,
        "5": 13413,
        "6": 24630
    },
    "29624": {
        "0": 1,
        "1": 11,
        "2": 99,
        "3": 885,
        "4": 7870,
        "5": 37036,
        "6": 108311
    },
    "29625": {
        "0": 1,
        "1": 12,
        "2": 103,
        "3": 885,
        "4": 7650,
        "5": 33660,
        "6": 87503
    },
    "29626": {
        "0": 1,
        "1": 10,
        "2": 83,
        "3": 709,
        "4": 6110,
        "5": 20247,
        "6": 40141
    },
    "29627": {
        "0": 1,
        "1": 11,
        "2": 97,
        "3": 850,
        "4": 7445,
        "5": 32380,
        "6": 91923
    },
    "29628": {
        "0": 1,
        "1": 12,
        "2": 103,
        "3": 887,
        "4": 7657,
        "5": 33259,
        "6": 77712
    },
    "29629": {
        "0": 1,
        "1": 9,
        "2": 78,
        "3": 677,
        "4": 5906,
        "5": 18931,
        "6": 42296
    },
    "29630": {
        "0": 1,
        "1": 10,
        "2": 86,
        "3": 744,
        "4": 6454,
        "5": 23241,
        "6": 61885
    },
    "29631": {
        "0": 1,
        "1": 11,
        "2": 91,
        "3": 756,
        "4": 6360,
        "5": 21298,
        "6": 48831
    },
    "29632": {
        "0": 1,
        "1": 14,
        "2": 125,
        "3": 1046,
        "4": 8738,
        "5": 41027,
        "6": 118299
    },
    "29633": {
        "0": 1,
        "1": 12,
        "2": 100,
        "3": 838,
        "4": 7121,
        "5": 28212,
        "6": 71491
    },
    "29634": {
        "0": 1,
        "1": 10,
        "2": 89,
        "3": 803,
        "4": 7212,
        "5": 31532,
        "6": 94343
    },
    "29635": {
        "0": 1,
        "1": 9,
        "2": 77,
        "3": 659,
        "4": 5703,
        "5": 16930,
        "6": 39698
    },
    "29636": {
        "0": 1,
        "1": 11,
        "2": 100,
        "3": 894,
        "4": 7963,
        "5": 37895,
        "6": 118217
    },
    "29637": {
        "0": 1,
        "1": 9,
        "2": 81,
        "3": 714,
        "4": 6246,
        "5": 21751,
        "6": 51082
    },
    "29638": {
        "0": 1,
        "1": 9,
        "2": 80,
        "3": 704,
        "4": 6204,
        "5": 21446,
        "6": 50291
    },
    "29639": {
        "0": 1,
        "1": 11,
        "2": 92,
        "3": 786,
        "4": 6803,
        "5": 26499,
        "6": 62719
    },
    "29640": {
        "0": 1,
        "1": 10,
        "2": 86,
        "3": 753,
        "4": 6576,
        "5": 24494,
        "6": 58866
    },
    "29641": {
        "0": 1,
        "1": 11,
        "2": 95,
        "3": 812,
        "4": 6983,
        "5": 27712,
        "6": 69695
    },
    "29642": {
        "0": 1,
        "1": 11,
        "2": 96,
        "3": 825,
        "4": 7159,
        "5": 29963,
        "6": 84263
    },
    "29643": {
        "0": 1,
        "1": 9,
        "2": 81,
        "3": 729,
        "4": 6579,
        "5": 26523,
        "6": 71117
    },
    "29644": {
        "0": 1,
        "1": 10,
        "2": 83,
        "3": 700,
        "4": 5920,
        "5": 17373,
        "6": 36526
    },
    "29645": {
        "0": 1,
        "1": 10,
        "2": 86,
        "3": 743,
        "4": 6434,
        "5": 23120,
        "6": 52670
    },
    "29646": {
        "0": 1,
        "1": 11,
        "2": 95,
        "3": 840,
        "4": 7445,
        "5": 33318,
        "6": 94483
    },
    "29647": {
        "0": 1,
        "1": 9,
        "2": 77,
        "3": 675,
        "4": 5937,
        "5": 19322,
        "6": 45651
    },
    "29648": {
        "0": 1,
        "1": 11,
        "2": 94,
        "3": 810,
        "4": 7003,
        "5": 27964,
        "6": 76461
    },
    "29649": {
        "0": 1,
        "1": 15,
        "2": 133,
        "3": 1091,
        "4": 8994,
        "5": 42377,
        "6": 119485
    },
    "29650": {
        "0": 1,
        "1": 11,
        "2": 97,
        "3": 869,
        "4": 7675,
        "5": 34701,
        "6": 90819
    },
    "29651": {
        "0": 1,
        "1": 13,
        "2": 119,
        "3": 1051,
        "4": 9194,
        "5": 47363,
        "6": 160938
    },
    "29652": {
        "0": 1,
        "1": 10,
        "2": 84,
        "3": 710,
        "4": 6048,
        "5": 19168,
        "6": 36841
    },
    "29653": {
        "0": 1,
        "1": 9,
        "2": 74,
        "3": 631,
        "4": 5458,
        "5": 14935,
        "6": 30189
    },
    "29654": {
        "0": 1,
        "1": 11,
        "2": 91,
        "3": 778,
        "4": 6688,
        "5": 25060,
        "6": 62330
    },
    "29655": {
        "0": 1,
        "1": 13,
        "2": 112,
        "3": 947,
        "4": 8124,
        "5": 37662,
        "6": 116039
    },
    "29656": {
        "0": 1,
        "1": 12,
        "2": 102,
        "3": 854,
        "4": 7226,
        "5": 28976,
        "6": 63694
    },
    "29657": {
        "0": 1,
        "1": 11,
        "2": 94,
        "3": 821,
        "4": 7208,
        "5": 30741,
        "6": 84453
    },
    "29658": {
        "0": 1,
        "1": 11,
        "2": 93,
        "3": 786,
        "4": 6697,
        "5": 24871,
        "6": 62841
    },
    "29659": {
        "0": 1,
        "1": 9,
        "2": 82,
        "3": 735,
        "4": 6528,
        "5": 24809,
        "6": 61725
    },
    "29660": {
        "0": 1,
        "1": 12,
        "2": 108,
        "3": 944,
        "4": 8211,
        "5": 38506,
        "6": 106266
    },
    "29661": {
        "0": 1,
        "1": 12,
        "2": 109,
        "3": 948,
        "4": 8220,
        "5": 38870,
        "6": 115268
    },
    "29662": {
        "0": 1,
        "1": 11,
        "2": 96,
        "3": 821,
        "4": 7046,
        "5": 27889,
        "6": 70865
    },
    "29663": {
        "0": 1,
        "1": 13,
        "2": 116,
        "3": 1000,
        "4": 8604,
        "5": 41717,
        "6": 124418
    },
    "29664": {
        "0": 1,
        "1": 10,
        "2": 85,
        "3": 740,
        "4": 6467,
        "5": 23979,
        "6": 57631
    },
    "29665": {
        "0": 1,
        "1": 12,
        "2": 109,
        "3": 986,
        "4": 8838,
        "5": 46009,
        "6": 156118
    },
    "29666": {
        "0": 1,
        "1": 10,
        "2": 86,
        "3": 759,
        "4": 6675,
        "5": 25840,
        "6": 67871
    },
    "29667": {
        "0": 1,
        "1": 12,
        "2": 103,
        "3": 875,
        "4": 7428,
        "5": 30414,
        "6": 78272
    },
    "29668": {
        "0": 1,
        "1": 12,
        "2": 109,
        "3": 966,
        "4": 8484,
        "5": 40952,
        "6": 129542
    },
    "29669": {
        "0": 1,
        "1": 11,
        "2": 93,
        "3": 775,
        "4": 6514,
        "5": 22407,
        "6": 47194
    },
    "29670": {
        "0": 1,
        "1": 10,
        "2": 83,
        "3": 715,
        "4": 6266,
        "5": 22730,
        "6": 50011
    },
    "29671": {
        "0": 1,
        "1": 12,
        "2": 107,
        "3": 930,
        "4": 8004,
        "5": 35764,
        "6": 96430
    },
    "29672": {
        "0": 1,
        "1": 10,
        "2": 83,
        "3": 708,
        "4": 6096,
        "5": 20079,
        "6": 39123
    },
    "29673": {
        "0": 1,
        "1": 12,
        "2": 100,
        "3": 833,
        "4": 7001,
        "5": 26447,
        "6": 66109
    },
    "29674": {
        "0": 1,
        "1": 10,
        "2": 89,
        "3": 768,
        "4": 6660,
        "5": 25068,
        "6": 59180
    },
    "29675": {
        "0": 1,
        "1": 11,
        "2": 93,
        "3": 786,
        "4": 6674,
        "5": 23871,
        "6": 55816
    },
    "29676": {
        "0": 1,
        "1": 11,
        "2": 93,
        "3": 785,
        "4": 6667,
        "5": 23939,
        "6": 44060
    },
    "29677": {
        "0": 1,
        "1": 12,
        "2": 107,
        "3": 933,
        "4": 8104,
        "5": 37531,
        "6": 105038
    },
    "29678": {
        "0": 1,
        "1": 10,
        "2": 84,
        "3": 718,
        "4": 6144,
        "5": 19725,
        "6": 41796
    },
    "29679": {
        "0": 1,
        "1": 8,
        "2": 70,
        "3": 610,
        "4": 5364,
        "5": 14639,
        "6": 32283
    },
    "29680": {
        "0": 1,
        "1": 11,
        "2": 97,
        "3": 841,
        "4": 7255,
        "5": 29877,
        "6": 81632
    },
    "29681": {
        "0": 1,
        "1": 10,
        "2": 88,
        "3": 783,
        "4": 6962,
        "5": 29097,
        "6": 82248
    },
    "29682": {
        "0": 1,
        "1": 11,
        "2": 98,
        "3": 854,
        "4": 7482,
        "5": 32770,
        "6": 97366
    },
    "29683": {
        "0": 1,
        "1": 10,
        "2": 83,
        "3": 704,
        "4": 6008,
        "5": 18799,
        "6": 34513
    },
    "29684": {
        "0": 1,
        "1": 9,
        "2": 82,
        "3": 737,
        "4": 6548,
        "5": 24931,
        "6": 53163
    },
    "29685": {
        "0": 1,
        "1": 11,
        "2": 93,
        "3": 798,
        "4": 6872,
        "5": 26683,
        "6": 62314
    },
    "29686": {
        "0": 1,
        "1": 12,
        "2": 106,
        "3": 920,
        "4": 8000,
        "5": 36988,
        "6": 104646
    },
    "29687": {
        "0": 1,
        "1": 12,
        "2": 108,
        "3": 931,
        "4": 8001,
        "5": 36222,
        "6": 103671
    },
    "29688": {
        "0": 1,
        "1": 9,
        "2": 78,
        "3": 685,
        "4": 6011,
        "5": 20033,
        "6": 42947
    },
    "29689": {
        "0": 1,
        "1": 11,
        "2": 97,
        "3": 853,
        "4": 7456,
        "5": 32473,
        "6": 93720
    },
    "29690": {
        "0": 1,
        "1": 10,
        "2": 82,
        "3": 696,
        "4": 5985,
        "5": 19117,
        "6": 37785
    },
    "29691": {
        "0": 1,
        "1": 9,
        "2": 75,
        "3": 645,
        "4": 5591,
        "5": 15931,
        "6": 30508
    },
    "29692": {
        "0": 1,
        "1": 11,
        "2": 97,
        "3": 849,
        "4": 7410,
        "5": 31500,
        "6": 89168
    },
    "29693": {
        "0": 1,
        "1": 10,
        "2": 85,
        "3": 743,
        "4": 6527,
        "5": 24764,
        "6": 57849
    },
    "29694": {
        "0": 1,
        "1": 11,
        "2": 97,
        "3": 864,
        "4": 7671,
        "5": 34888,
        "6": 96607
    },
    "29695": {
        "0": 1,
        "1": 8,
        "2": 69,
        "3": 590,
        "4": 5052,
        "5": 10633,
        "6": 12537
    },
    "29696": {
        "0": 1,
        "1": 11,
        "2": 94,
        "3": 825,
        "4": 7290,
        "5": 31870,
        "6": 86820
    },
    "29697": {
        "0": 1,
        "1": 12,
        "2": 107,
        "3": 927,
        "4": 8042,
        "5": 37225,
        "6": 103191
    },
    "29698": {
        "0": 1,
        "1": 11,
        "2": 91,
        "3": 756,
        "4": 6360,
        "5": 21263,
        "6": 45736
    },
    "29699": {
        "0": 1,
        "1": 14,
        "2": 123,
        "3": 1022,
        "4": 8554,
        "5": 39288,
        "6": 114346
    }
}