{
    "27300": {
        "0": 1,
        "1": 10,
        "2": 83,
        "3": 709,
        "4": 6050,
        "5": 19006,
        "6": 35963
    },
    "27301": {
        "0": 1,
        "1": 9,
        "2": 80,
        "3": 720,
        "4": 6438,
        "5": 24229,
        "6": 59999
    },
    "27302": {
        "0": 1,
        "1": 12,
        "2": 105,
        "3": 928,
        "4": 8203,
        "5": 39539,
        "6": 121651
    },
    "27303": {
        "0": 1,
        "1": 10,
        "2": 82,
        "3": 695,
        "4": 5919,
        "5": 17825,
        "6": 38430
    },
    "27304": {
        "0": 1,
        "1": 10,
        "2": 87,
        "3": 765,
        "4": 6718,
        "5": 26181,
        "6": 65361
    },
    "27305": {
        "0": 1,
        "1": 10,
        "2": 83,
        "3": 697,
        "4": 5946,
        "5": 18507,
        "6": 35962
    },
    "27306": {
        "0": 1,
        "1": 10,
        "2": 83,
        "3": 693,
        "4": 5831,
        "5": 16655,
        "6": 33643
    },
    "27307": {
        "0": 1,
        "1": 11,
        "2": 94,
        "3": 819,
        "4": 7148,
        "5": 29567,
        "6": 69828
    },
    "27308": {
        "0": 1,
        "1": 13,
        "2": 117,
        "3": 1034,
        "4": 9056,
        "5": 45994,
        "6": 142405
    },
    "27309": {
        "0": 1,
        "1": 13,
        "2": 120,
        "3": 1052,
        "4": 9139,
        "5": 46583,
        "6": 142585
    },
    "27310": {
        "0": 1,
        "1": 10,
        "2": 86,
        "3": 744,
        "4": 6448,
        "5": 23025,
        "6": 53251
    },
    "27311": {
        "0": 1,
        "1": 10,
        "2": 85,
        "3": 743,
        "4": 6519,
        "5": 24637,
        "6": 62250
    },
    "27312": {
        "0": 1,
        "1": 12,
        "2": 102,
        "3": 854,
        "4": 7192,
        "5": 28460,
        "6": 76954
    },
    "27313": {
        "0": 1,
        "1": 9,
        "2": 80,
        "3": 708,
        "4": 6247,
        "5": 21865,
        "6": 47695
    },
    "27314": {
        "0": 1,
        "1": 10,
        "2": 88,
        "3": 764,
        "4": 6659,
        "5": 25262,
        "6": 59117
    },
    "27315": {
        "0": 1,
        "1": 11,
        "2": 91,
        "3": 759,
        "4": 6381,
        "5": 21324,
        "6": 50954
    },
    "27316": {
        "0": 1,
        "1": 10,
        "2": 87,
        "3": 748,
        "4": 6425,
        "5": 22128,
        "6": 49313
    },
    "27317": {
        "0": 1,
        "1": 10,
        "2": 85,
        "3": 720,
        "4": 6131,
        "5": 19356,
        "6": 33931
    },
    "27318": {
        "0": 1,
        "1": 12,
        "2": 108,
        "3": 949,
        "4": 8265,
        "5": 38798,
        "6": 113218
    },
    "27319": {
        "0": 1,
        "1": 10,
        "2": 86,
        "3": 736,
        "4": 6309,
        "5": 21451,
        "6": 51124
    },
    "27320": {
        "0": 1,
        "1": 10,
        "2": 85,
        "3": 729,
        "4": 6265,
        "5": 21228,
        "6": 46849
    },
    "27321": {
        "0": 1,
        "1": 12,
        "2": 108,
        "3": 935,
        "4": 8030,
        "5": 36130,
        "6": 102543
    },
    "27322": {
        "0": 1,
        "1": 11,
        "2": 98,
        "3": 882,
        "4": 7860,
        "5": 36959,
        "6": 112815
    },
    "27323": {
        "0": 1,
        "1": 9,
        "2": 78,
        "3": 683,
        "4": 5998,
        "5": 20121,
        "6": 48561
    },
    "27324": {
        "0": 1,
        "1": 12,
        "2": 106,
        "3": 916,
        "4": 7927,
        "5": 36080,
        "6": 102107
    },
    "27325": {
        "0": 1,
        "1": 15,
        "2": 132,
        "3": 1093,
        "4": 9119,
        "5": 44000,
        "6": 130587
    },
    "27326": {
        "0": 1,
        "1": 8,
        "2": 70,
        "3": 599,
        "4": 5123,
        "5": 11070,
        "6": 17930
    },
    "27327": {
        "0": 1,
        "1": 11,
        "2": 92,
        "3": 762,
        "4": 6352,
        "5": 20641,
        "6": 46258
    },
    "27328": {
        "0": 1,
        "1": 10,
        "2": 88,
        "3": 777,
        "4": 6861,
        "5": 27382,
        "6": 71219
    },
    "27329": {
        "0": 1,
        "1": 11,
        "2": 95,
        "3": 829,
        "4": 7259,
        "5": 30940,
        "6": 90666
    },
    "27330": {
        "0": 1,
        "1": 10,
        "2": 87,
        "3": 764,
        "4": 6725,
        "5": 26607,
        "6": 61859
    },
    "27331": {
        "0": 1,
        "1": 10,
        "2": 85,
        "3": 736,
        "4": 6351,
        "5": 21901,
        "6": 48798
    },
    "27332": {
        "0": 1,
        "1": 9,
        "2": 78,
        "3": 673,
        "4": 5817,
        "5": 17671,
        "6": 36174
    },
    "27333": {
        "0": 1,
        "1": 10,
        "2": 87,
        "3": 753,
        "4": 6543,
        "5": 24270,
        "6": 57158
    },
    "27334": {
        "0": 1,
        "1": 10,
        "2": 83,
        "3": 707,
        "4": 6151,
        "5": 21236,
        "6": 53983
    },
    "27335": {
        "0": 1,
        "1": 12,
        "2": 106,
        "3": 928,
        "4": 8121,
        "5": 37790,
        "6": 107865
    },
    "27336": {
        "0": 1,
        "1": 13,
        "2": 115,
        "3": 985,
        "4": 8416,
        "5": 39646,
        "6": 114889
    },
    "27337": {
        "0": 1,
        "1": 10,
        "2": 86,
        "3": 748,
        "4": 6554,
        "5": 24744,
        "6": 57884
    },
    "27338": {
        "0": 1,
        "1": 9,
        "2": 81,
        "3": 717,
        "4": 6349,
        "5": 23394,
        "6": 59781
    },
    "27339": {
        "0": 1,
        "1": 11,
        "2": 93,
        "3": 796,
        "4": 6853,
        "5": 26703,
        "6": 65017
    },
    "27340": {
        "0": 1,
        "1": 10,
        "2": 87,
        "3": 758,
        "4": 6613,
        "5": 25000,
        "6": 65849
    },
    "27341": {
        "0": 1,
        "1": 12,
        "2": 104,
        "3": 886,
        "4": 7522,
        "5": 31082,
        "6": 82476
    },
    "27342": {
        "0": 1,
        "1": 11,
        "2": 92,
        "3": 781,
        "4": 6666,
        "5": 24506,
        "6": 58173
    },
    "27343": {
        "0": 1,
        "1": 10,
        "2": 86,
        "3": 748,
        "4": 6534,
        "5": 24272,
        "6": 60118
    },
    "27344": {
        "0": 1,
        "1": 12,
        "2": 104,
        "3": 892,
        "4": 7727,
        "5": 34682,
        "6": 96129
    },
    "27345": {
        "0": 1,
        "1": 10,
        "2": 88,
        "3": 769,
        "4": 6745,
        "5": 26552,
        "6": 67446
    },
    "27346": {
        "0": 1,
        "1": 13,
        "2": 117,
        "3": 1020,
        "4": 8817,
        "5": 43289,
        "6": 128092
    },
    "27347": {
        "0": 1,
        "1": 11,
        "2": 93,
        "3": 795,
        "4": 6861,
        "5": 26808,
        "6": 70085
    },
    "27348": {
        "0": 1,
        "1": 11,
        "2": 95,
        "3": 816,
        "4": 7039,
        "5": 28290,
        "6": 74610
    },
    "27349": {
        "0": 1,
        "1": 13,
        "2": 118,
        "3": 1029,
        "4": 8939,
        "5": 44987,
        "6": 136953
    },
    "27350": {
        "0": 1,
        "1": 11,
        "2": 95,
        "3": 827,
        "4": 7190,
        "5": 29660,
        "6": 80936
    },
    "27351": {
        "0": 1,
        "1": 10,
        "2": 82,
        "3": 690,
        "4": 5882,
        "5": 17852,
        "6": 36450
    },
    "27352": {
        "0": 1,
        "1": 11,
        "2": 95,
        "3": 832,
        "4": 7304,
        "5": 31572,
        "6": 88582
    },
    "27353": {
        "0": 1,
        "1": 9,
        "2": 77,
        "3": 668,
        "4": 5767,
        "5": 16919,
        "6": 30369
    },
    "27354": {
        "0": 1,
        "1": 10,
        "2": 85,
        "3": 746,
        "4": 6553,
        "5": 24864,
        "6": 62955
    },
    "27355": {
        "0": 1,
        "1": 11,
        "2": 92,
        "3": 790,
        "4": 6808,
        "5": 25704,
        "6": 58172
    },
    "27356": {
        "0": 1,
        "1": 14,
        "2": 128,
        "3": 1095,
        "4": 9299,
        "5": 46625,
        "6": 144260
    },
    "27357": {
        "0": 1,
        "1": 11,
        "2": 98,
        "3": 864,
        "4": 7593,
        "5": 33841,
        "6": 96180
    },
    "27358": {
        "0": 1,
        "1": 14,
        "2": 128,
        "3": 1102,
        "4": 9425,
        "5": 48118,
        "6": 158070
    },
    "27359": {
        "0": 1,
        "1": 11,
        "2": 96,
        "3": 821,
        "4": 7059,
        "5": 28349,
        "6": 78528
    },
    "27360": {
        "0": 1,
        "1": 10,
        "2": 89,
        "3": 803,
        "4": 7193,
        "5": 31577,
        "6": 89379
    },
    "27361": {
        "0": 1,
        "1": 10,
        "2": 85,
        "3": 720,
        "4": 6149,
        "5": 19761,
        "6": 47975
    },
    "27362": {
        "0": 1,
        "1": 11,
        "2": 98,
        "3": 853,
        "4": 7450,
        "5": 32464,
        "6": 93416
    },
    "27363": {
        "0": 1,
        "1": 11,
        "2": 96,
        "3": 852,
        "4": 7559,
        "5": 34246,
        "6": 112074
    },
    "27364": {
        "0": 1,
        "1": 10,
        "2": 82,
        "3": 690,
        "4": 5839,
        "5": 16960,
        "6": 33757
    },
    "27365": {
        "0": 1,
        "1": 9,
        "2": 76,
        "3": 654,
        "4": 5647,
        "5": 16189,
        "6": 32213
    },
    "27366": {
        "0": 1,
        "1": 10,
        "2": 85,
        "3": 731,
        "4": 6359,
        "5": 22977,
        "6": 54083
    },
    "27367": {
        "0": 1,
        "1": 10,
        "2": 84,
        "3": 733,
        "4": 6433,
        "5": 23631,
        "6": 59553
    },
    "27368": {
        "0": 1,
        "1": 11,
        "2": 97,
        "3": 845,
        "4": 7358,
        "5": 31337,
        "6": 91106
    },
    "27369": {
        "0": 1,
        "1": 13,
        "2": 119,
        "3": 1045,
        "4": 9049,
        "5": 45322,
        "6": 143067
    },
    "27370": {
        "0": 1,
        "1": 10,
        "2": 85,
        "3": 730,
        "4": 6306,
        "5": 22058,
        "6": 50458
    },
    "27371": {
        "0": 1,
        "1": 10,
        "2": 85,
        "3": 740,
        "4": 6457,
        "5": 23338,
        "6": 51657
    },
    "27372": {
        "0": 1,
        "1": 11,
        "2": 94,
        "3": 808,
        "4": 6979,
        "5": 27834,
        "6": 71526
    },
    "27373": {
        "0": 1,
        "1": 9,
        "2": 74,
        "3": 618,
        "4": 5203,
        "5": 11519,
        "6": 15092
    },
    "27374": {
        "0": 1,
        "1": 11,
        "2": 96,
        "3": 824,
        "4": 7044,
        "5": 27595,
        "6": 67292
    },
    "27375": {
        "0": 1,
        "1": 9,
        "2": 81,
        "3": 717,
        "4": 6325,
        "5": 22987,
        "6": 54564
    },
    "27376": {
        "0": 1,
        "1": 11,
        "2": 95,
        "3": 812,
        "4": 6987,
        "5": 27678,
        "6": 71374
    },
    "27377": {
        "0": 1,
        "1": 9,
        "2": 74,
        "3": 625,
        "4": 5323,
        "5": 12958,
        "6": 18946
    },
    "27378": {
        "0": 1,
        "1": 9,
        "2": 73,
        "3": 609,
        "4": 5154,
        "5": 11166,
        "6": 16606
    },
    "27379": {
        "0": 1,
        "1": 11,
        "2": 96,
        "3": 832,
        "4": 7245,
        "5": 30804,
        "6": 82334
    },
    "27380": {
        "0": 1,
        "1": 10,
        "2": 85,
        "3": 760,
        "4": 6720,
        "5": 26126,
        "6": 64218
    },
    "27381": {
        "0": 1,
        "1": 13,
        "2": 121,
        "3": 1054,
        "4": 9085,
        "5": 45583,
        "6": 138588
    },
    "27382": {
        "0": 1,
        "1": 9,
        "2": 75,
        "3": 636,
        "4": 5412,
        "5": 13469,
        "6": 24138
    },
    "27383": {
        "0": 1,
        "1": 12,
        "2": 105,
        "3": 906,
        "4": 7849,
        "5": 35492,
        "6": 103969
    },
    "27384": {
        "0": 1,
        "1": 13,
        "2": 118,
        "3": 1002,
        "4": 8485,
        "5": 39531,
        "6": 125787
    },
    "27385": {
        "0": 1,
        "1": 11,
        "2": 97,
        "3": 855,
        "4": 7521,
        "5": 33271,
        "6": 96706
    },
    "27386": {
        "0": 1,
        "1": 11,
        "2": 94,
        "3": 813,
        "4": 7101,
        "5": 29742,
        "6": 73388
    },
    "27387": {
        "0": 1,
        "1": 11,
        "2": 95,
        "3": 825,
        "4": 7129,
        "5": 28679,
        "6": 67143
    },
    "27388": {
        "0": 1,
        "1": 11,
        "2": 96,
        "3": 841,
        "4": 7372,
        "5": 31538,
        "6": 86858
    },
    "27389": {
        "0": 1,
        "1": 9,
        "2": 75,
        "3": 646,
        "4": 5619,
        "5": 16451,
        "6": 34002
    },
    "27390": {
        "0": 1,
        "1": 10,
        "2": 81,
        "3": 681,
        "4": 5763,
        "5": 16422,
        "6": 27104
    },
    "27391": {
        "0": 1,
        "1": 9,
        "2": 79,
        "3": 702,
        "4": 6257,
        "5": 23188,
        "6": 62402
    },
    "27392": {
        "0": 1,
        "1": 10,
        "2": 85,
        "3": 734,
        "4": 6408,
        "5": 23537,
        "6": 56285
    },
    "27393": {
        "0": 1,
        "1": 10,
        "2": 90,
        "3": 778,
        "4": 6761,
        "5": 26013,
        "6": 63971
    },
    "27394": {
        "0": 1,
        "1": 8,
        "2": 69,
        "3": 595,
        "4": 5151,
        "5": 11889,
        "6": 17387
    },
    "27395": {
        "0": 1,
        "1": 12,
        "2": 100,
        "3": 853,
        "4": 7341,
        "5": 30674,
        "6": 72777
    },
    "27396": {
        "0": 1,
        "1": 9,
        "2": 80,
        "3": 720,
        "4": 6468,
        "5": 24734,
        "6": 60312
    },
    "27397": {
        "0": 1,
        "1": 13,
        "2": 113,
        "3": 950,
        "4": 8052,
        "5": 35973,
        "6": 108250
    },
    "27398": {
        "0": 1,
        "1": 12,
        "2": 103,
        "3": 887,
        "4": 7659,
        "5": 33048,
        "6": 85147
    },
    "27399": {
        "0": 1,
        "1": 12,
        "2": 101,
        "3": 858,
        "4": 7355,
        "5": 30675,
        "6": 82120
    }
}