{
    "1600": {
        "0": 1,
        "1": 9,
        "2": 74,
        "3": 623,
        "4": 5280,
        "5": 12406,
        "6": 21092
    },
    "1601": {
        "0": 1,
        "1": 11,
        "2": 96,
        "3": 828,
        "4": 7143,
        "5": 29125,
        "6": 77081
    },
    "1602": {
        "0": 1,
        "1": 10,
        "2": 87,
        "3": 764,
        "4": 6734,
        "5": 26644,
        "6": 65679
    },
    "1603": {
        "0": 1,
        "1": 9,
        "2": 79,
        "3": 699,
        "4": 6222,
        "5": 22861,
        "6": 51199
    },
    "1604": {
        "0": 1,
        "1": 9,
        "2": 77,
        "3": 665,
        "4": 5792,
        "5": 18001,
        "6": 39417
    },
    "1605": {
        "0": 1,
        "1": 12,
        "2": 103,
        "3": 872,
        "4": 7415,
        "5": 30697,
        "6": 77111
    },
    "1606": {
        "0": 1,
        "1": 10,
        "2": 85,
        "3": 745,
        "4": 6550,
        "5": 24969,
        "6": 56243
    },
    "1607": {
        "0": 1,
        "1": 10,
        "2": 86,
        "3": 748,
        "4": 6539,
        "5": 24783,
        "6": 58248
    },
    "1608": {
        "0": 1,
        "1": 12,
        "2": 106,
        "3": 904,
        "4": 7752,
        "5": 34208,
        "6": 92030
    },
    "1609": {
        "0": 1,
        "1": 11,
        "2": 95,
        "3": 835,
        "4": 7373,
        "5": 32274,
        "6": 85647
    },
    "1610": {
        "0": 1,
        "1": 10,
        "2": 86,
        "3": 750,
        "4": 6531,
        "5": 24048,
        "6": 59873
    },
    "1611": {
        "0": 1,
        "1": 9,
        "2": 81,
        "3": 732,
        "4": 6570,
        "5": 26063,
        "6": 77573
    },
    "1612": {
        "0": 1,
        "1": 12,
        "2": 107,
        "3": 928,
        "4": 8042,
        "5": 37315,
        "6": 109935
    },
    "1613": {
        "0": 1,
        "1": 10,
        "2": 87,
        "3": 766,
        "4": 6756,
        "5": 26506,
        "6": 68397
    },
    "1614": {
        "0": 1,
        "1": 9,
        "2": 74,
        "3": 627,
        "4": 5333,
        "5": 12614,
        "6": 21858
    },
    "1615": {
        "0": 1,
        "1": 10,
        "2": 81,
        "3": 682,
        "4": 5765,
        "5": 16236,
        "6": 28983
    },
    "1616": {
        "0": 1,
        "1": 12,
        "2": 107,
        "3": 929,
        "4": 8008,
        "5": 36022,
        "6": 99333
    },
    "1617": {
        "0": 1,
        "1": 8,
        "2": 68,
        "3": 584,
        "4": 5060,
        "5": 11211,
        "6": 18946
    },
    "1618": {
        "0": 1,
        "1": 11,
        "2": 93,
        "3": 779,
        "4": 6544,
        "5": 22229,
        "6": 45802
    },
    "1619": {
        "0": 1,
        "1": 9,
        "2": 79,
        "3": 720,
        "4": 6484,
        "5": 24826,
        "6": 65099
    },
    "1620": {
        "0": 1,
        "1": 10,
        "2": 87,
        "3": 761,
        "4": 6678,
        "5": 25774,
        "6": 59416
    },
    "1621": {
        "0": 1,
        "1": 12,
        "2": 108,
        "3": 959,
        "4": 8471,
        "5": 41666,
        "6": 132044
    },
    "1622": {
        "0": 1,
        "1": 9,
        "2": 78,
        "3": 687,
        "4": 6023,
        "5": 19766,
        "6": 40373
    },
    "1623": {
        "0": 1,
        "1": 12,
        "2": 104,
        "3": 877,
        "4": 7435,
        "5": 30835,
        "6": 79115
    },
    "1624": {
        "0": 1,
        "1": 12,
        "2": 103,
        "3": 876,
        "4": 7470,
        "5": 31042,
        "6": 76211
    },
    "1625": {
        "0": 1,
        "1": 12,
        "2": 105,
        "3": 911,
        "4": 7945,
        "5": 36985,
        "6": 112840
    },
    "1626": {
        "0": 1,
        "1": 9,
        "2": 79,
        "3": 705,
        "4": 6255,
        "5": 22316,
        "6": 51712
    },
    "1627": {
        "0": 1,
        "1": 10,
        "2": 87,
        "3": 746,
        "4": 6392,
        "5": 22211,
        "6": 55288
    },
    "1628": {
        "0": 1,
        "1": 12,
        "2": 107,
        "3": 930,
        "4": 8093,
        "5": 37913,
        "6": 117245
    },
    "1629": {
        "0": 1,
        "1": 11,
        "2": 94,
        "3": 823,
        "4": 7200,
        "5": 30319,
        "6": 77367
    },
    "1630": {
        "0": 1,
        "1": 11,
        "2": 94,
        "3": 810,
        "4": 7032,
        "5": 28643,
        "6": 82275
    },
    "1631": {
        "0": 1,
        "1": 12,
        "2": 104,
        "3": 901,
        "4": 7814,
        "5": 35140,
        "6": 93735
    },
    "1632": {
        "0": 1,
        "1": 11,
        "2": 91,
        "3": 762,
        "4": 6474,
        "5": 22804,
        "6": 51691
    },
    "1633": {
        "0": 1,
        "1": 10,
        "2": 84,
        "3": 725,
        "4": 6345,
        "5": 22957,
        "6": 54246
    },
    "1634": {
        "0": 1,
        "1": 10,
        "2": 89,
        "3": 785,
        "4": 6870,
        "5": 26914,
        "6": 69712
    },
    "1635": {
        "0": 1,
        "1": 10,
        "2": 85,
        "3": 734,
        "4": 6354,
        "5": 22269,
        "6": 50633
    },
    "1636": {
        "0": 1,
        "1": 12,
        "2": 105,
        "3": 914,
        "4": 7938,
        "5": 36048,
        "6": 93914
    },
    "1637": {
        "0": 1,
        "1": 11,
        "2": 97,
        "3": 865,
        "4": 7646,
        "5": 34268,
        "6": 87991
    },
    "1638": {
        "0": 1,
        "1": 12,
        "2": 106,
        "3": 920,
        "4": 7927,
        "5": 35613,
        "6": 96168
    },
    "1639": {
        "0": 1,
        "1": 10,
        "2": 83,
        "3": 718,
        "4": 6243,
        "5": 21433,
        "6": 43413
    },
    "1640": {
        "0": 1,
        "1": 14,
        "2": 127,
        "3": 1085,
        "4": 9211,
        "5": 45807,
        "6": 141334
    },
    "1641": {
        "0": 1,
        "1": 9,
        "2": 80,
        "3": 706,
        "4": 6264,
        "5": 22556,
        "6": 54515
    },
    "1642": {
        "0": 1,
        "1": 12,
        "2": 103,
        "3": 885,
        "4": 7595,
        "5": 32092,
        "6": 85043
    },
    "1643": {
        "0": 1,
        "1": 10,
        "2": 87,
        "3": 759,
        "4": 6661,
        "5": 25767,
        "6": 71740
    },
    "1644": {
        "0": 1,
        "1": 9,
        "2": 78,
        "3": 694,
        "4": 6197,
        "5": 22603,
        "6": 54375
    },
    "1645": {
        "0": 1,
        "1": 8,
        "2": 71,
        "3": 631,
        "4": 5610,
        "5": 16691,
        "6": 33998
    },
    "1646": {
        "0": 1,
        "1": 12,
        "2": 109,
        "3": 952,
        "4": 8257,
        "5": 38797,
        "6": 117087
    },
    "1647": {
        "0": 1,
        "1": 12,
        "2": 105,
        "3": 919,
        "4": 7984,
        "5": 36282,
        "6": 92411
    },
    "1648": {
        "0": 1,
        "1": 11,
        "2": 96,
        "3": 826,
        "4": 7094,
        "5": 28100,
        "6": 73097
    },
    "1649": {
        "0": 1,
        "1": 11,
        "2": 93,
        "3": 810,
        "4": 7130,
        "5": 30183,
        "6": 79721
    },
    "1650": {
        "0": 1,
        "1": 13,
        "2": 117,
        "3": 1010,
        "4": 8634,
        "5": 40862,
        "6": 122985
    },
    "1651": {
        "0": 1,
        "1": 10,
        "2": 84,
        "3": 723,
        "4": 6241,
        "5": 21215,
        "6": 45356
    },
    "1652": {
        "0": 1,
        "1": 12,
        "2": 104,
        "3": 878,
        "4": 7449,
        "5": 30818,
        "6": 78262
    },
    "1653": {
        "0": 1,
        "1": 9,
        "2": 77,
        "3": 660,
        "4": 5679,
        "5": 16136,
        "6": 32190
    },
    "1654": {
        "0": 1,
        "1": 12,
        "2": 108,
        "3": 951,
        "4": 8382,
        "5": 41496,
        "6": 134153
    },
    "1655": {
        "0": 1,
        "1": 11,
        "2": 103,
        "3": 929,
        "4": 8290,
        "5": 40607,
        "6": 126982
    },
    "1656": {
        "0": 1,
        "1": 9,
        "2": 76,
        "3": 653,
        "4": 5636,
        "5": 16117,
        "6": 30512
    },
    "1657": {
        "0": 1,
        "1": 10,
        "2": 87,
        "3": 765,
        "4": 6725,
        "5": 26686,
        "6": 71434
    },
    "1658": {
        "0": 1,
        "1": 10,
        "2": 84,
        "3": 728,
        "4": 6363,
        "5": 23075,
        "6": 53696
    },
    "1659": {
        "0": 1,
        "1": 10,
        "2": 84,
        "3": 713,
        "4": 6142,
        "5": 20232,
        "6": 40686
    },
    "1660": {
        "0": 1,
        "1": 11,
        "2": 93,
        "3": 806,
        "4": 6999,
        "5": 28061,
        "6": 66171
    },
    "1661": {
        "0": 1,
        "1": 9,
        "2": 77,
        "3": 665,
        "4": 5733,
        "5": 16690,
        "6": 30741
    },
    "1662": {
        "0": 1,
        "1": 9,
        "2": 80,
        "3": 702,
        "4": 6149,
        "5": 21153,
        "6": 47273
    },
    "1663": {
        "0": 1,
        "1": 10,
        "2": 87,
        "3": 742,
        "4": 6312,
        "5": 21146,
        "6": 48137
    },
    "1664": {
        "0": 1,
        "1": 10,
        "2": 88,
        "3": 760,
        "4": 6581,
        "5": 24234,
        "6": 59837
    },
    "1665": {
        "0": 1,
        "1": 12,
        "2": 105,
        "3": 898,
        "4": 7642,
        "5": 32390,
        "6": 86563
    },
    "1666": {
        "0": 1,
        "1": 11,
        "2": 98,
        "3": 868,
        "4": 7633,
        "5": 34075,
        "6": 100220
    },
    "1667": {
        "0": 1,
        "1": 13,
        "2": 120,
        "3": 1053,
        "4": 9158,
        "5": 46527,
        "6": 159474
    },
    "1668": {
        "0": 1,
        "1": 9,
        "2": 76,
        "3": 655,
        "4": 5674,
        "5": 16548,
        "6": 32841
    },
    "1669": {
        "0": 1,
        "1": 10,
        "2": 83,
        "3": 711,
        "4": 6190,
        "5": 21669,
        "6": 47246
    },
    "1670": {
        "0": 1,
        "1": 8,
        "2": 71,
        "3": 637,
        "4": 5713,
        "5": 18426,
        "6": 45894
    },
    "1671": {
        "0": 1,
        "1": 13,
        "2": 114,
        "3": 1003,
        "4": 8798,
        "5": 44032,
        "6": 139028
    },
    "1672": {
        "0": 1,
        "1": 9,
        "2": 75,
        "3": 656,
        "4": 5787,
        "5": 18301,
        "6": 38851
    },
    "1673": {
        "0": 1,
        "1": 10,
        "2": 84,
        "3": 705,
        "4": 5957,
        "5": 18090,
        "6": 37588
    },
    "1674": {
        "0": 1,
        "1": 10,
        "2": 87,
        "3": 750,
        "4": 6468,
        "5": 23016,
        "6": 55026
    },
    "1675": {
        "0": 1,
        "1": 10,
        "2": 86,
        "3": 754,
        "4": 6650,
        "5": 26001,
        "6": 71456
    },
    "1676": {
        "0": 1,
        "1": 10,
        "2": 84,
        "3": 720,
        "4": 6215,
        "5": 21244,
        "6": 51014
    },
    "1677": {
        "0": 1,
        "1": 9,
        "2": 74,
        "3": 623,
        "4": 5290,
        "5": 12676,
        "6": 21320
    },
    "1678": {
        "0": 1,
        "1": 9,
        "2": 82,
        "3": 730,
        "4": 6459,
        "5": 24193,
        "6": 63624
    },
    "1679": {
        "0": 1,
        "1": 10,
        "2": 87,
        "3": 761,
        "4": 6610,
        "5": 24431,
        "6": 58626
    },
    "1680": {
        "0": 1,
        "1": 9,
        "2": 78,
        "3": 682,
        "4": 5997,
        "5": 20137,
        "6": 47262
    },
    "1681": {
        "0": 1,
        "1": 11,
        "2": 91,
        "3": 767,
        "4": 6575,
        "5": 24221,
        "6": 56724
    },
    "1682": {
        "0": 1,
        "1": 10,
        "2": 87,
        "3": 757,
        "4": 6606,
        "5": 24985,
        "6": 59173
    },
    "1683": {
        "0": 1,
        "1": 10,
        "2": 86,
        "3": 733,
        "4": 6281,
        "5": 20952,
        "6": 53630
    },
    "1684": {
        "0": 1,
        "1": 12,
        "2": 107,
        "3": 923,
        "4": 7923,
        "5": 35346,
        "6": 102301
    },
    "1685": {
        "0": 1,
        "1": 11,
        "2": 96,
        "3": 833,
        "4": 7210,
        "5": 29936,
        "6": 81091
    },
    "1686": {
        "0": 1,
        "1": 10,
        "2": 86,
        "3": 735,
        "4": 6333,
        "5": 22094,
        "6": 51352
    },
    "1687": {
        "0": 1,
        "1": 14,
        "2": 130,
        "3": 1120,
        "4": 9541,
        "5": 48923,
        "6": 160938
    },
    "1688": {
        "0": 1,
        "1": 9,
        "2": 81,
        "3": 740,
        "4": 6639,
        "5": 25734,
        "6": 61352
    },
    "1689": {
        "0": 1,
        "1": 8,
        "2": 68,
        "3": 584,
        "4": 5045,
        "5": 11003,
        "6": 17243
    },
    "1690": {
        "0": 1,
        "1": 11,
        "2": 95,
        "3": 825,
        "4": 7238,
        "5": 30892,
        "6": 92174
    },
    "1691": {
        "0": 1,
        "1": 10,
        "2": 82,
        "3": 699,
        "4": 5971,
        "5": 18282,
        "6": 37038
    },
    "1692": {
        "0": 1,
        "1": 11,
        "2": 96,
        "3": 820,
        "4": 7027,
        "5": 27750,
        "6": 73379
    },
    "1693": {
        "0": 1,
        "1": 11,
        "2": 93,
        "3": 782,
        "4": 6601,
        "5": 23325,
        "6": 54453
    },
    "1694": {
        "0": 1,
        "1": 11,
        "2": 100,
        "3": 877,
        "4": 7722,
        "5": 35121,
        "6": 108309
    },
    "1695": {
        "0": 1,
        "1": 10,
        "2": 86,
        "3": 736,
        "4": 6360,
        "5": 22262,
        "6": 53723
    },
    "1696": {
        "0": 1,
        "1": 11,
        "2": 94,
        "3": 824,
        "4": 7309,
        "5": 32483,
        "6": 94589
    },
    "1697": {
        "0": 1,
        "1": 10,
        "2": 86,
        "3": 748,
        "4": 6491,
        "5": 23557,
        "6": 56647
    },
    "1698": {
        "0": 1,
        "1": 12,
        "2": 101,
        "3": 859,
        "4": 7339,
        "5": 29988,
        "6": 71674
    },
    "1699": {
        "0": 1,
        "1": 10,
        "2": 83,
        "3": 718,
        "4": 6231,
        "5": 21412,
        "6": 50277
    }
}