{
    "6700": {
        "0": 1,
        "1": 12,
        "2": 105,
        "3": 894,
        "4": 7584,
        "5": 31495,
        "6": 80136
    },
    "6701": {
        "0": 1,
        "1": 11,
        "2": 98,
        "3": 863,
        "4": 7533,
        "5": 32586,
        "6": 88898
    },
    "6702": {
        "0": 1,
        "1": 10,
        "2": 91,
        "3": 817,
        "4": 7304,
        "5": 32396,
        "6": 96445
    },
    "6703": {
        "0": 1,
        "1": 10,
        "2": 87,
        "3": 758,
        "4": 6639,
        "5": 25559,
        "6": 63247
    },
    "6704": {
        "0": 1,
        "1": 11,
        "2": 93,
        "3": 779,
        "4": 6589,
        "5": 23457,
        "6": 59371
    },
    "6705": {
        "0": 1,
        "1": 11,
        "2": 94,
        "3": 813,
        "4": 7072,
        "5": 29048,
        "6": 77452
    },
    "6706": {
        "0": 1,
        "1": 10,
        "2": 84,
        "3": 713,
        "4": 6110,
        "5": 19993,
        "6": 43876
    },
    "6707": {
        "0": 1,
        "1": 11,
        "2": 95,
        "3": 820,
        "4": 7111,
        "5": 29072,
        "6": 73061
    },
    "6708": {
        "0": 1,
        "1": 14,
        "2": 131,
        "3": 1151,
        "4": 9977,
        "5": 53684,
        "6": 189078
    },
    "6709": {
        "0": 1,
        "1": 12,
        "2": 104,
        "3": 885,
        "4": 7532,
        "5": 31470,
        "6": 81476
    },
    "6710": {
        "0": 1,
        "1": 11,
        "2": 93,
        "3": 802,
        "4": 6911,
        "5": 26822,
        "6": 61110
    },
    "6711": {
        "0": 1,
        "1": 8,
        "2": 69,
        "3": 598,
        "4": 5233,
        "5": 13191,
        "6": 23473
    },
    "6712": {
        "0": 1,
        "1": 9,
        "2": 79,
        "3": 690,
        "4": 6036,
        "5": 20239,
        "6": 50810
    },
    "6713": {
        "0": 1,
        "1": 10,
        "2": 83,
        "3": 704,
        "4": 6011,
        "5": 18864,
        "6": 35413
    },
    "6714": {
        "0": 1,
        "1": 10,
        "2": 84,
        "3": 726,
        "4": 6295,
        "5": 21940,
        "6": 47967
    },
    "6715": {
        "0": 1,
        "1": 12,
        "2": 101,
        "3": 843,
        "4": 7088,
        "5": 27135,
        "6": 58534
    },
    "6716": {
        "0": 1,
        "1": 13,
        "2": 114,
        "3": 977,
        "4": 8402,
        "5": 39868,
        "6": 114785
    },
    "6717": {
        "0": 1,
        "1": 11,
        "2": 97,
        "3": 848,
        "4": 7392,
        "5": 31743,
        "6": 91322
    },
    "6718": {
        "0": 1,
        "1": 10,
        "2": 87,
        "3": 779,
        "4": 6927,
        "5": 28457,
        "6": 76769
    },
    "6719": {
        "0": 1,
        "1": 12,
        "2": 106,
        "3": 910,
        "4": 7833,
        "5": 34985,
        "6": 90558
    },
    "6720": {
        "0": 1,
        "1": 13,
        "2": 117,
        "3": 1011,
        "4": 8695,
        "5": 42255,
        "6": 142392
    },
    "6721": {
        "0": 1,
        "1": 11,
        "2": 96,
        "3": 840,
        "4": 7381,
        "5": 32329,
        "6": 91279
    },
    "6722": {
        "0": 1,
        "1": 11,
        "2": 90,
        "3": 754,
        "4": 6423,
        "5": 22188,
        "6": 52037
    },
    "6723": {
        "0": 1,
        "1": 11,
        "2": 93,
        "3": 802,
        "4": 6888,
        "5": 26745,
        "6": 68924
    },
    "6724": {
        "0": 1,
        "1": 10,
        "2": 84,
        "3": 727,
        "4": 6311,
        "5": 22084,
        "6": 51504
    },
    "6725": {
        "0": 1,
        "1": 12,
        "2": 110,
        "3": 989,
        "4": 8788,
        "5": 44939,
        "6": 144146
    },
    "6726": {
        "0": 1,
        "1": 10,
        "2": 87,
        "3": 759,
        "4": 6641,
        "5": 25510,
        "6": 61888
    },
    "6727": {
        "0": 1,
        "1": 11,
        "2": 96,
        "3": 831,
        "4": 7203,
        "5": 29952,
        "6": 85704
    },
    "6728": {
        "0": 1,
        "1": 11,
        "2": 92,
        "3": 797,
        "4": 6970,
        "5": 28466,
        "6": 72825
    },
    "6729": {
        "0": 1,
        "1": 9,
        "2": 82,
        "3": 729,
        "4": 6438,
        "5": 23764,
        "6": 60588
    },
    "6730": {
        "0": 1,
        "1": 11,
        "2": 92,
        "3": 821,
        "4": 7294,
        "5": 31622,
        "6": 84296
    },
    "6731": {
        "0": 1,
        "1": 11,
        "2": 93,
        "3": 797,
        "4": 6940,
        "5": 28144,
        "6": 73497
    },
    "6732": {
        "0": 1,
        "1": 12,
        "2": 108,
        "3": 961,
        "4": 8544,
        "5": 42637,
        "6": 133338
    },
    "6733": {
        "0": 1,
        "1": 11,
        "2": 94,
        "3": 808,
        "4": 6990,
        "5": 28015,
        "6": 70945
    },
    "6734": {
        "0": 1,
        "1": 10,
        "2": 87,
        "3": 758,
        "4": 6603,
        "5": 24775,
        "6": 65176
    },
    "6735": {
        "0": 1,
        "1": 10,
        "2": 92,
        "3": 845,
        "4": 7605,
        "5": 34579,
        "6": 106600
    },
    "6736": {
        "0": 1,
        "1": 13,
        "2": 115,
        "3": 987,
        "4": 8477,
        "5": 40511,
        "6": 119440
    },
    "6737": {
        "0": 1,
        "1": 9,
        "2": 75,
        "3": 627,
        "4": 5300,
        "5": 12089,
        "6": 21790
    },
    "6738": {
        "0": 1,
        "1": 13,
        "2": 115,
        "3": 974,
        "4": 8221,
        "5": 37036,
        "6": 102986
    },
    "6739": {
        "0": 1,
        "1": 11,
        "2": 98,
        "3": 848,
        "4": 7304,
        "5": 30193,
        "6": 79017
    },
    "6740": {
        "0": 1,
        "1": 9,
        "2": 79,
        "3": 693,
        "4": 6089,
        "5": 20654,
        "6": 50709
    },
    "6741": {
        "0": 1,
        "1": 11,
        "2": 94,
        "3": 801,
        "4": 6799,
        "5": 25147,
        "6": 61175
    },
    "6742": {
        "0": 1,
        "1": 12,
        "2": 108,
        "3": 957,
        "4": 8475,
        "5": 42019,
        "6": 126576
    },
    "6743": {
        "0": 1,
        "1": 12,
        "2": 106,
        "3": 912,
        "4": 7875,
        "5": 35682,
        "6": 106925
    },
    "6744": {
        "0": 1,
        "1": 12,
        "2": 104,
        "3": 903,
        "4": 7791,
        "5": 34515,
        "6": 85767
    },
    "6745": {
        "0": 1,
        "1": 9,
        "2": 75,
        "3": 639,
        "4": 5481,
        "5": 14553,
        "6": 29374
    },
    "6746": {
        "0": 1,
        "1": 11,
        "2": 98,
        "3": 853,
        "4": 7446,
        "5": 32261,
        "6": 88287
    },
    "6747": {
        "0": 1,
        "1": 14,
        "2": 125,
        "3": 1065,
        "4": 9052,
        "5": 44412,
        "6": 130977
    },
    "6748": {
        "0": 1,
        "1": 11,
        "2": 94,
        "3": 797,
        "4": 6825,
        "5": 26043,
        "6": 59416
    },
    "6749": {
        "0": 1,
        "1": 11,
        "2": 98,
        "3": 866,
        "4": 7600,
        "5": 33930,
        "6": 102507
    },
    "6750": {
        "0": 1,
        "1": 10,
        "2": 84,
        "3": 712,
        "4": 6083,
        "5": 19423,
        "6": 40567
    },
    "6751": {
        "0": 1,
        "1": 10,
        "2": 82,
        "3": 694,
        "4": 5939,
        "5": 18220,
        "6": 37899
    },
    "6752": {
        "0": 1,
        "1": 12,
        "2": 100,
        "3": 841,
        "4": 7146,
        "5": 28349,
        "6": 60279
    },
    "6753": {
        "0": 1,
        "1": 9,
        "2": 75,
        "3": 639,
        "4": 5462,
        "5": 14129,
        "6": 25955
    },
    "6754": {
        "0": 1,
        "1": 13,
        "2": 115,
        "3": 980,
        "4": 8337,
        "5": 38448,
        "6": 107605
    },
    "6755": {
        "0": 1,
        "1": 10,
        "2": 86,
        "3": 738,
        "4": 6380,
        "5": 22822,
        "6": 64259
    },
    "6756": {
        "0": 1,
        "1": 9,
        "2": 78,
        "3": 678,
        "4": 5901,
        "5": 18690,
        "6": 40058
    },
    "6757": {
        "0": 1,
        "1": 11,
        "2": 95,
        "3": 818,
        "4": 7061,
        "5": 28318,
        "6": 71399
    },
    "6758": {
        "0": 1,
        "1": 10,
        "2": 84,
        "3": 735,
        "4": 6453,
        "5": 23652,
        "6": 59220
    },
    "6759": {
        "0": 1,
        "1": 9,
        "2": 80,
        "3": 698,
        "4": 6149,
        "5": 21409,
        "6": 50764
    },
    "6760": {
        "0": 1,
        "1": 12,
        "2": 109,
        "3": 955,
        "4": 8295,
        "5": 39227,
        "6": 120024
    },
    "6761": {
        "0": 1,
        "1": 12,
        "2": 106,
        "3": 910,
        "4": 7820,
        "5": 34408,
        "6": 97597
    },
    "6762": {
        "0": 1,
        "1": 12,
        "2": 109,
        "3": 959,
        "4": 8389,
        "5": 40508,
        "6": 128044
    },
    "6763": {
        "0": 1,
        "1": 10,
        "2": 88,
        "3": 778,
        "4": 6835,
        "5": 26987,
        "6": 66883
    },
    "6764": {
        "0": 1,
        "1": 10,
        "2": 90,
        "3": 792,
        "4": 6955,
        "5": 28271,
        "6": 77263
    },
    "6765": {
        "0": 1,
        "1": 11,
        "2": 101,
        "3": 902,
        "4": 7965,
        "5": 36896,
        "6": 107825
    },
    "6766": {
        "0": 1,
        "1": 12,
        "2": 105,
        "3": 898,
        "4": 7718,
        "5": 33842,
        "6": 94975
    },
    "6767": {
        "0": 1,
        "1": 11,
        "2": 93,
        "3": 791,
        "4": 6745,
        "5": 25037,
        "6": 54659
    },
    "6768": {
        "0": 1,
        "1": 11,
        "2": 91,
        "3": 771,
        "4": 6548,
        "5": 22927,
        "6": 50912
    },
    "6769": {
        "0": 1,
        "1": 11,
        "2": 91,
        "3": 768,
        "4": 6487,
        "5": 22153,
        "6": 44192
    },
    "6770": {
        "0": 1,
        "1": 10,
        "2": 89,
        "3": 796,
        "4": 7078,
        "5": 30032,
        "6": 86444
    },
    "6771": {
        "0": 1,
        "1": 9,
        "2": 74,
        "3": 623,
        "4": 5315,
        "5": 13044,
        "6": 22576
    },
    "6772": {
        "0": 1,
        "1": 10,
        "2": 85,
        "3": 739,
        "4": 6433,
        "5": 23122,
        "6": 54348
    },
    "6773": {
        "0": 1,
        "1": 9,
        "2": 82,
        "3": 736,
        "4": 6553,
        "5": 25288,
        "6": 61150
    },
    "6774": {
        "0": 1,
        "1": 9,
        "2": 82,
        "3": 748,
        "4": 6770,
        "5": 27878,
        "6": 78353
    },
    "6775": {
        "0": 1,
        "1": 10,
        "2": 81,
        "3": 681,
        "4": 5770,
        "5": 16469,
        "6": 24517
    },
    "6776": {
        "0": 1,
        "1": 10,
        "2": 84,
        "3": 734,
        "4": 6441,
        "5": 23862,
        "6": 59405
    },
    "6777": {
        "0": 1,
        "1": 11,
        "2": 89,
        "3": 746,
        "4": 6303,
        "5": 20721,
        "6": 43212
    },
    "6778": {
        "0": 1,
        "1": 11,
        "2": 98,
        "3": 840,
        "4": 7186,
        "5": 28733,
        "6": 70795
    },
    "6779": {
        "0": 1,
        "1": 10,
        "2": 82,
        "3": 693,
        "4": 5963,
        "5": 19236,
        "6": 42596
    },
    "6780": {
        "0": 1,
        "1": 12,
        "2": 106,
        "3": 907,
        "4": 7781,
        "5": 34249,
        "6": 99605
    },
    "6781": {
        "0": 1,
        "1": 11,
        "2": 89,
        "3": 743,
        "4": 6284,
        "5": 20988,
        "6": 48073
    },
    "6782": {
        "0": 1,
        "1": 10,
        "2": 83,
        "3": 700,
        "4": 5973,
        "5": 18566,
        "6": 41775
    },
    "6783": {
        "0": 1,
        "1": 11,
        "2": 96,
        "3": 855,
        "4": 7598,
        "5": 34400,
        "6": 99067
    },
    "6784": {
        "0": 1,
        "1": 11,
        "2": 95,
        "3": 822,
        "4": 7144,
        "5": 29601,
        "6": 76147
    },
    "6785": {
        "0": 1,
        "1": 10,
        "2": 89,
        "3": 801,
        "4": 7181,
        "5": 31348,
        "6": 88292
    },
    "6786": {
        "0": 1,
        "1": 10,
        "2": 85,
        "3": 738,
        "4": 6445,
        "5": 23751,
        "6": 56963
    },
    "6787": {
        "0": 1,
        "1": 9,
        "2": 77,
        "3": 678,
        "4": 6003,
        "5": 20257,
        "6": 44325
    },
    "6788": {
        "0": 1,
        "1": 12,
        "2": 108,
        "3": 934,
        "4": 8060,
        "5": 36836,
        "6": 101503
    },
    "6789": {
        "0": 1,
        "1": 10,
        "2": 83,
        "3": 711,
        "4": 6106,
        "5": 19874,
        "6": 34163
    },
    "6790": {
        "0": 1,
        "1": 10,
        "2": 84,
        "3": 713,
        "4": 6145,
        "5": 20352,
        "6": 45341
    },
    "6791": {
        "0": 1,
        "1": 11,
        "2": 96,
        "3": 835,
        "4": 7250,
        "5": 30186,
        "6": 74377
    },
    "6792": {
        "0": 1,
        "1": 9,
        "2": 74,
        "3": 628,
        "4": 5390,
        "5": 13975,
        "6": 28386
    },
    "6793": {
        "0": 1,
        "1": 12,
        "2": 108,
        "3": 954,
        "4": 8401,
        "5": 41099,
        "6": 126943
    },
    "6794": {
        "0": 1,
        "1": 11,
        "2": 99,
        "3": 878,
        "4": 7749,
        "5": 35541,
        "6": 108940
    },
    "6795": {
        "0": 1,
        "1": 11,
        "2": 92,
        "3": 790,
        "4": 6849,
        "5": 26758,
        "6": 70248
    },
    "6796": {
        "0": 1,
        "1": 12,
        "2": 101,
        "3": 876,
        "4": 7625,
        "5": 33856,
        "6": 89803
    },
    "6797": {
        "0": 1,
        "1": 12,
        "2": 105,
        "3": 912,
        "4": 7948,
        "5": 36755,
        "6": 105602
    },
    "6798": {
        "0": 1,
        "1": 11,
        "2": 95,
        "3": 828,
        "4": 7231,
        "5": 30445,
        "6": 84954
    },
    "6799": {
        "0": 1,
        "1": 11,
        "2": 93,
        "3": 798,
        "4": 6882,
        "5": 26880,
        "6": 73510
    }
}