{
    "22900": {
        "0": 1,
        "1": 12,
        "2": 106,
        "3": 934,
        "4": 8214,
        "5": 39007,
        "6": 113799
    },
    "22901": {
        "0": 1,
        "1": 8,
        "2": 70,
        "3": 615,
        "4": 5398,
        "5": 14629,
        "6": 27795
    },
    "22902": {
        "0": 1,
        "1": 10,
        "2": 93,
        "3": 850,
        "4": 7668,
        "5": 35638,
        "6": 110459
    },
    "22903": {
        "0": 1,
        "1": 9,
        "2": 71,
        "3": 586,
        "4": 4908,
        "5": 8901,
        "6": 14468
    },
    "22904": {
        "0": 1,
        "1": 12,
        "2": 106,
        "3": 917,
        "4": 7841,
        "5": 33791,
        "6": 100972
    },
    "22905": {
        "0": 1,
        "1": 11,
        "2": 99,
        "3": 843,
        "4": 7220,
        "5": 29352,
        "6": 82218
    },
    "22906": {
        "0": 1,
        "1": 11,
        "2": 97,
        "3": 857,
        "4": 7585,
        "5": 34604,
        "6": 103693
    },
    "22907": {
        "0": 1,
        "1": 10,
        "2": 82,
        "3": 699,
        "4": 5983,
        "5": 18706,
        "6": 36654
    },
    "22908": {
        "0": 1,
        "1": 12,
        "2": 106,
        "3": 902,
        "4": 7674,
        "5": 32828,
        "6": 86656
    },
    "22909": {
        "0": 1,
        "1": 14,
        "2": 129,
        "3": 1123,
        "4": 9698,
        "5": 50893,
        "6": 174579
    },
    "22910": {
        "0": 1,
        "1": 11,
        "2": 94,
        "3": 800,
        "4": 6795,
        "5": 25073,
        "6": 55114
    },
    "22911": {
        "0": 1,
        "1": 12,
        "2": 101,
        "3": 845,
        "4": 7122,
        "5": 27838,
        "6": 71303
    },
    "22912": {
        "0": 1,
        "1": 10,
        "2": 84,
        "3": 712,
        "4": 6097,
        "5": 19917,
        "6": 44606
    },
    "22913": {
        "0": 1,
        "1": 11,
        "2": 95,
        "3": 808,
        "4": 6873,
        "5": 26021,
        "6": 69192
    },
    "22914": {
        "0": 1,
        "1": 13,
        "2": 118,
        "3": 1033,
        "4": 9023,
        "5": 45837,
        "6": 146937
    },
    "22915": {
        "0": 1,
        "1": 10,
        "2": 85,
        "3": 741,
        "4": 6482,
        "5": 23848,
        "6": 53027
    },
    "22916": {
        "0": 1,
        "1": 10,
        "2": 85,
        "3": 729,
        "4": 6278,
        "5": 21564,
        "6": 43772
    },
    "22917": {
        "0": 1,
        "1": 12,
        "2": 106,
        "3": 916,
        "4": 7899,
        "5": 35153,
        "6": 106753
    },
    "22918": {
        "0": 1,
        "1": 15,
        "2": 142,
        "3": 1229,
        "4": 10471,
        "5": 56956,
        "6": 194132
    },
    "22919": {
        "0": 1,
        "1": 11,
        "2": 92,
        "3": 780,
        "4": 6672,
        "5": 24632,
        "6": 60159
    },
    "22920": {
        "0": 1,
        "1": 10,
        "2": 89,
        "3": 801,
        "4": 7131,
        "5": 30354,
        "6": 80976
    },
    "22921": {
        "0": 1,
        "1": 11,
        "2": 100,
        "3": 890,
        "4": 7898,
        "5": 37170,
        "6": 119759
    },
    "22922": {
        "0": 1,
        "1": 12,
        "2": 100,
        "3": 864,
        "4": 7427,
        "5": 30952,
        "6": 85858
    },
    "22923": {
        "0": 1,
        "1": 9,
        "2": 77,
        "3": 663,
        "4": 5766,
        "5": 17775,
        "6": 35934
    },
    "22924": {
        "0": 1,
        "1": 11,
        "2": 94,
        "3": 823,
        "4": 7278,
        "5": 31874,
        "6": 91300
    },
    "22925": {
        "0": 1,
        "1": 11,
        "2": 97,
        "3": 848,
        "4": 7418,
        "5": 32037,
        "6": 89687
    },
    "22926": {
        "0": 1,
        "1": 8,
        "2": 67,
        "3": 575,
        "4": 4967,
        "5": 10288,
        "6": 17869
    },
    "22927": {
        "0": 1,
        "1": 10,
        "2": 83,
        "3": 709,
        "4": 6148,
        "5": 21084,
        "6": 42441
    },
    "22928": {
        "0": 1,
        "1": 12,
        "2": 104,
        "3": 900,
        "4": 7749,
        "5": 33669,
        "6": 86138
    },
    "22929": {
        "0": 1,
        "1": 10,
        "2": 87,
        "3": 768,
        "4": 6779,
        "5": 27107,
        "6": 68900
    },
    "22930": {
        "0": 1,
        "1": 10,
        "2": 84,
        "3": 723,
        "4": 6264,
        "5": 21807,
        "6": 44703
    },
    "22931": {
        "0": 1,
        "1": 10,
        "2": 87,
        "3": 759,
        "4": 6619,
        "5": 24915,
        "6": 63921
    },
    "22932": {
        "0": 1,
        "1": 12,
        "2": 103,
        "3": 881,
        "4": 7556,
        "5": 32368,
        "6": 93727
    },
    "22933": {
        "0": 1,
        "1": 10,
        "2": 82,
        "3": 704,
        "4": 6049,
        "5": 19151,
        "6": 34326
    },
    "22934": {
        "0": 1,
        "1": 11,
        "2": 91,
        "3": 776,
        "4": 6642,
        "5": 24162,
        "6": 52654
    },
    "22935": {
        "0": 1,
        "1": 13,
        "2": 110,
        "3": 929,
        "4": 7954,
        "5": 35955,
        "6": 89050
    },
    "22936": {
        "0": 1,
        "1": 8,
        "2": 69,
        "3": 593,
        "4": 5123,
        "5": 11699,
        "6": 19405
    },
    "22937": {
        "0": 1,
        "1": 11,
        "2": 96,
        "3": 833,
        "4": 7181,
        "5": 29129,
        "6": 84278
    },
    "22938": {
        "0": 1,
        "1": 11,
        "2": 100,
        "3": 879,
        "4": 7684,
        "5": 34189,
        "6": 98309
    },
    "22939": {
        "0": 1,
        "1": 11,
        "2": 97,
        "3": 837,
        "4": 7232,
        "5": 29728,
        "6": 86072
    },
    "22940": {
        "0": 1,
        "1": 9,
        "2": 77,
        "3": 667,
        "4": 5811,
        "5": 18071,
        "6": 44354
    },
    "22941": {
        "0": 1,
        "1": 11,
        "2": 94,
        "3": 817,
        "4": 7131,
        "5": 29747,
        "6": 73539
    },
    "22942": {
        "0": 1,
        "1": 12,
        "2": 102,
        "3": 870,
        "4": 7440,
        "5": 30706,
        "6": 83597
    },
    "22943": {
        "0": 1,
        "1": 12,
        "2": 109,
        "3": 965,
        "4": 8518,
        "5": 42552,
        "6": 140349
    },
    "22944": {
        "0": 1,
        "1": 12,
        "2": 109,
        "3": 975,
        "4": 8593,
        "5": 42502,
        "6": 136899
    },
    "22945": {
        "0": 1,
        "1": 11,
        "2": 95,
        "3": 811,
        "4": 6965,
        "5": 27374,
        "6": 68018
    },
    "22946": {
        "0": 1,
        "1": 12,
        "2": 110,
        "3": 970,
        "4": 8472,
        "5": 40963,
        "6": 125435
    },
    "22947": {
        "0": 1,
        "1": 8,
        "2": 69,
        "3": 602,
        "4": 5296,
        "5": 13980,
        "6": 25242
    },
    "22948": {
        "0": 1,
        "1": 9,
        "2": 77,
        "3": 655,
        "4": 5557,
        "5": 14470,
        "6": 26313
    },
    "22949": {
        "0": 1,
        "1": 9,
        "2": 77,
        "3": 653,
        "4": 5560,
        "5": 14883,
        "6": 32651
    },
    "22950": {
        "0": 1,
        "1": 10,
        "2": 85,
        "3": 728,
        "4": 6254,
        "5": 21196,
        "6": 50871
    },
    "22951": {
        "0": 1,
        "1": 11,
        "2": 96,
        "3": 828,
        "4": 7128,
        "5": 28762,
        "6": 75377
    },
    "22952": {
        "0": 1,
        "1": 11,
        "2": 93,
        "3": 790,
        "4": 6765,
        "5": 25736,
        "6": 62223
    },
    "22953": {
        "0": 1,
        "1": 10,
        "2": 91,
        "3": 807,
        "4": 7147,
        "5": 30248,
        "6": 87528
    },
    "22954": {
        "0": 1,
        "1": 9,
        "2": 79,
        "3": 685,
        "4": 5958,
        "5": 19309,
        "6": 44953
    },
    "22955": {
        "0": 1,
        "1": 11,
        "2": 97,
        "3": 851,
        "4": 7515,
        "5": 33631,
        "6": 96943
    },
    "22956": {
        "0": 1,
        "1": 10,
        "2": 89,
        "3": 787,
        "4": 6944,
        "5": 28334,
        "6": 74902
    },
    "22957": {
        "0": 1,
        "1": 13,
        "2": 113,
        "3": 975,
        "4": 8427,
        "5": 40355,
        "6": 111447
    },
    "22958": {
        "0": 1,
        "1": 11,
        "2": 93,
        "3": 803,
        "4": 6924,
        "5": 26956,
        "6": 66352
    },
    "22959": {
        "0": 1,
        "1": 12,
        "2": 103,
        "3": 879,
        "4": 7557,
        "5": 32534,
        "6": 81990
    },
    "22960": {
        "0": 1,
        "1": 11,
        "2": 95,
        "3": 813,
        "4": 6985,
        "5": 27505,
        "6": 71500
    },
    "22961": {
        "0": 1,
        "1": 14,
        "2": 125,
        "3": 1065,
        "4": 9105,
        "5": 45575,
        "6": 136777
    },
    "22962": {
        "0": 1,
        "1": 12,
        "2": 110,
        "3": 955,
        "4": 8232,
        "5": 37969,
        "6": 116251
    },
    "22963": {
        "0": 1,
        "1": 8,
        "2": 70,
        "3": 607,
        "4": 5269,
        "5": 13093,
        "6": 25806
    },
    "22964": {
        "0": 1,
        "1": 11,
        "2": 92,
        "3": 795,
        "4": 6882,
        "5": 26767,
        "6": 63500
    },
    "22965": {
        "0": 1,
        "1": 13,
        "2": 120,
        "3": 1049,
        "4": 9058,
        "5": 45035,
        "6": 135557
    },
    "22966": {
        "0": 1,
        "1": 11,
        "2": 96,
        "3": 837,
        "4": 7328,
        "5": 31323,
        "6": 86674
    },
    "22967": {
        "0": 1,
        "1": 9,
        "2": 80,
        "3": 709,
        "4": 6280,
        "5": 22836,
        "6": 56901
    },
    "22968": {
        "0": 1,
        "1": 13,
        "2": 126,
        "3": 1144,
        "4": 10191,
        "5": 57123,
        "6": 217178
    },
    "22969": {
        "0": 1,
        "1": 12,
        "2": 105,
        "3": 891,
        "4": 7529,
        "5": 31016,
        "6": 77417
    },
    "22970": {
        "0": 1,
        "1": 13,
        "2": 115,
        "3": 984,
        "4": 8375,
        "5": 38709,
        "6": 111032
    },
    "22971": {
        "0": 1,
        "1": 10,
        "2": 83,
        "3": 711,
        "4": 6111,
        "5": 20103,
        "6": 42120
    },
    "22972": {
        "0": 1,
        "1": 13,
        "2": 115,
        "3": 977,
        "4": 8290,
        "5": 37942,
        "6": 102071
    },
    "22973": {
        "0": 1,
        "1": 10,
        "2": 86,
        "3": 744,
        "4": 6426,
        "5": 22764,
        "6": 58273
    },
    "22974": {
        "0": 1,
        "1": 10,
        "2": 86,
        "3": 738,
        "4": 6366,
        "5": 22318,
        "6": 54473
    },
    "22975": {
        "0": 1,
        "1": 10,
        "2": 81,
        "3": 694,
        "4": 5991,
        "5": 19176,
        "6": 38853
    },
    "22976": {
        "0": 1,
        "1": 10,
        "2": 82,
        "3": 695,
        "4": 5979,
        "5": 19220,
        "6": 34951
    },
    "22977": {
        "0": 1,
        "1": 11,
        "2": 94,
        "3": 813,
        "4": 7075,
        "5": 28961,
        "6": 68607
    },
    "22978": {
        "0": 1,
        "1": 10,
        "2": 87,
        "3": 762,
        "4": 6631,
        "5": 24849,
        "6": 63070
    },
    "22979": {
        "0": 1,
        "1": 10,
        "2": 89,
        "3": 796,
        "4": 7053,
        "5": 29277,
        "6": 79240
    },
    "22980": {
        "0": 1,
        "1": 12,
        "2": 102,
        "3": 884,
        "4": 7721,
        "5": 34975,
        "6": 97487
    },
    "22981": {
        "0": 1,
        "1": 12,
        "2": 100,
        "3": 834,
        "4": 7017,
        "5": 26766,
        "6": 67209
    },
    "22982": {
        "0": 1,
        "1": 10,
        "2": 81,
        "3": 683,
        "4": 5830,
        "5": 17340,
        "6": 33856
    },
    "22983": {
        "0": 1,
        "1": 9,
        "2": 78,
        "3": 680,
        "4": 5984,
        "5": 19916,
        "6": 48643
    },
    "22984": {
        "0": 1,
        "1": 11,
        "2": 91,
        "3": 777,
        "4": 6691,
        "5": 25154,
        "6": 54385
    },
    "22985": {
        "0": 1,
        "1": 11,
        "2": 101,
        "3": 890,
        "4": 7790,
        "5": 35171,
        "6": 105688
    },
    "22986": {
        "0": 1,
        "1": 12,
        "2": 107,
        "3": 940,
        "4": 8223,
        "5": 39199,
        "6": 120432
    },
    "22987": {
        "0": 1,
        "1": 11,
        "2": 97,
        "3": 854,
        "4": 7489,
        "5": 32709,
        "6": 93016
    },
    "22988": {
        "0": 1,
        "1": 10,
        "2": 86,
        "3": 740,
        "4": 6375,
        "5": 22276,
        "6": 48431
    },
    "22989": {
        "0": 1,
        "1": 9,
        "2": 81,
        "3": 724,
        "4": 6470,
        "5": 24855,
        "6": 71082
    },
    "22990": {
        "0": 1,
        "1": 10,
        "2": 85,
        "3": 747,
        "4": 6534,
        "5": 24383,
        "6": 55589
    },
    "22991": {
        "0": 1,
        "1": 11,
        "2": 97,
        "3": 834,
        "4": 7148,
        "5": 28630,
        "6": 72613
    },
    "22992": {
        "0": 1,
        "1": 9,
        "2": 77,
        "3": 680,
        "4": 5998,
        "5": 20037,
        "6": 40127
    },
    "22993": {
        "0": 1,
        "1": 10,
        "2": 83,
        "3": 718,
        "4": 6235,
        "5": 21250,
        "6": 48326
    },
    "22994": {
        "0": 1,
        "1": 10,
        "2": 87,
        "3": 760,
        "4": 6656,
        "5": 25669,
        "6": 68272
    },
    "22995": {
        "0": 1,
        "1": 11,
        "2": 98,
        "3": 846,
        "4": 7275,
        "5": 29896,
        "6": 79629
    },
    "22996": {
        "0": 1,
        "1": 12,
        "2": 103,
        "3": 857,
        "4": 7179,
        "5": 27873,
        "6": 67303
    },
    "22997": {
        "0": 1,
        "1": 13,
        "2": 110,
        "3": 913,
        "4": 7657,
        "5": 32055,
        "6": 75881
    },
    "22998": {
        "0": 1,
        "1": 9,
        "2": 80,
        "3": 702,
        "4": 6209,
        "5": 21847,
        "6": 52304
    },
    "22999": {
        "0": 1,
        "1": 11,
        "2": 92,
        "3": 775,
        "4": 6558,
        "5": 23028,
        "6": 54505
    }
}