{
    "26300": {
        "0": 1,
        "1": 8,
        "2": 67,
        "3": 565,
        "4": 4787,
        "5": 8034,
        "6": 10965
    },
    "26301": {
        "0": 1,
        "1": 11,
        "2": 96,
        "3": 812,
        "4": 6937,
        "5": 26603,
        "6": 62291
    },
    "26302": {
        "0": 1,
        "1": 11,
        "2": 91,
        "3": 778,
        "4": 6730,
        "5": 26134,
        "6": 62743
    },
    "26303": {
        "0": 1,
        "1": 9,
        "2": 73,
        "3": 619,
        "4": 5282,
        "5": 12572,
        "6": 23596
    },
    "26304": {
        "0": 1,
        "1": 10,
        "2": 84,
        "3": 730,
        "4": 6370,
        "5": 22919,
        "6": 51446
    },
    "26305": {
        "0": 1,
        "1": 10,
        "2": 83,
        "3": 706,
        "4": 6024,
        "5": 18792,
        "6": 40814
    },
    "26306": {
        "0": 1,
        "1": 11,
        "2": 96,
        "3": 835,
        "4": 7287,
        "5": 30653,
        "6": 85807
    },
    "26307": {
        "0": 1,
        "1": 11,
        "2": 95,
        "3": 825,
        "4": 7162,
        "5": 29265,
        "6": 63365
    },
    "26308": {
        "0": 1,
        "1": 11,
        "2": 97,
        "3": 843,
        "4": 7275,
        "5": 30035,
        "6": 84915
    },
    "26309": {
        "0": 1,
        "1": 11,
        "2": 95,
        "3": 804,
        "4": 6846,
        "5": 25861,
        "6": 64856
    },
    "26310": {
        "0": 1,
        "1": 8,
        "2": 73,
        "3": 652,
        "4": 5820,
        "5": 19127,
        "6": 40677
    },
    "26311": {
        "0": 1,
        "1": 11,
        "2": 96,
        "3": 826,
        "4": 7091,
        "5": 28310,
        "6": 78124
    },
    "26312": {
        "0": 1,
        "1": 12,
        "2": 103,
        "3": 865,
        "4": 7272,
        "5": 28539,
        "6": 67849
    },
    "26313": {
        "0": 1,
        "1": 12,
        "2": 107,
        "3": 919,
        "4": 7867,
        "5": 34698,
        "6": 101659
    },
    "26314": {
        "0": 1,
        "1": 9,
        "2": 79,
        "3": 690,
        "4": 6036,
        "5": 20199,
        "6": 48125
    },
    "26315": {
        "0": 1,
        "1": 11,
        "2": 95,
        "3": 820,
        "4": 7075,
        "5": 28452,
        "6": 73550
    },
    "26316": {
        "0": 1,
        "1": 10,
        "2": 85,
        "3": 734,
        "4": 6351,
        "5": 22225,
        "6": 46838
    },
    "26317": {
        "0": 1,
        "1": 9,
        "2": 80,
        "3": 707,
        "4": 6236,
        "5": 21889,
        "6": 45682
    },
    "26318": {
        "0": 1,
        "1": 11,
        "2": 91,
        "3": 777,
        "4": 6737,
        "5": 26207,
        "6": 72185
    },
    "26319": {
        "0": 1,
        "1": 11,
        "2": 99,
        "3": 881,
        "4": 7833,
        "5": 36787,
        "6": 106203
    },
    "26320": {
        "0": 1,
        "1": 11,
        "2": 95,
        "3": 805,
        "4": 6876,
        "5": 26364,
        "6": 66206
    },
    "26321": {
        "0": 1,
        "1": 8,
        "2": 67,
        "3": 572,
        "4": 4929,
        "5": 9997,
        "6": 17992
    },
    "26322": {
        "0": 1,
        "1": 11,
        "2": 95,
        "3": 815,
        "4": 6977,
        "5": 27007,
        "6": 65194
    },
    "26323": {
        "0": 1,
        "1": 12,
        "2": 108,
        "3": 938,
        "4": 8093,
        "5": 37151,
        "6": 113974
    },
    "26324": {
        "0": 1,
        "1": 12,
        "2": 108,
        "3": 941,
        "4": 8162,
        "5": 37822,
        "6": 109509
    },
    "26325": {
        "0": 1,
        "1": 10,
        "2": 87,
        "3": 749,
        "4": 6436,
        "5": 22757,
        "6": 52490
    },
    "26326": {
        "0": 1,
        "1": 11,
        "2": 101,
        "3": 889,
        "4": 7750,
        "5": 34660,
        "6": 96419
    },
    "26327": {
        "0": 1,
        "1": 13,
        "2": 120,
        "3": 1064,
        "4": 9337,
        "5": 48931,
        "6": 159846
    },
    "26328": {
        "0": 1,
        "1": 12,
        "2": 109,
        "3": 953,
        "4": 8350,
        "5": 40419,
        "6": 123338
    },
    "26329": {
        "0": 1,
        "1": 9,
        "2": 80,
        "3": 706,
        "4": 6234,
        "5": 22381,
        "6": 58629
    },
    "26330": {
        "0": 1,
        "1": 12,
        "2": 101,
        "3": 868,
        "4": 7522,
        "5": 32683,
        "6": 88855
    },
    "26331": {
        "0": 1,
        "1": 10,
        "2": 84,
        "3": 711,
        "4": 6068,
        "5": 19392,
        "6": 42314
    },
    "26332": {
        "0": 1,
        "1": 9,
        "2": 78,
        "3": 676,
        "4": 5878,
        "5": 18408,
        "6": 38170
    },
    "26333": {
        "0": 1,
        "1": 9,
        "2": 75,
        "3": 651,
        "4": 5687,
        "5": 17033,
        "6": 37717
    },
    "26334": {
        "0": 1,
        "1": 9,
        "2": 74,
        "3": 633,
        "4": 5452,
        "5": 14395,
        "6": 31474
    },
    "26335": {
        "0": 1,
        "1": 11,
        "2": 96,
        "3": 840,
        "4": 7404,
        "5": 32624,
        "6": 94845
    },
    "26336": {
        "0": 1,
        "1": 11,
        "2": 96,
        "3": 828,
        "4": 7152,
        "5": 29138,
        "6": 73398
    },
    "26337": {
        "0": 1,
        "1": 10,
        "2": 88,
        "3": 784,
        "4": 7008,
        "5": 29908,
        "6": 84011
    },
    "26338": {
        "0": 1,
        "1": 12,
        "2": 105,
        "3": 898,
        "4": 7729,
        "5": 34249,
        "6": 98797
    },
    "26339": {
        "0": 1,
        "1": 9,
        "2": 75,
        "3": 637,
        "4": 5428,
        "5": 13712,
        "6": 25200
    },
    "26340": {
        "0": 1,
        "1": 12,
        "2": 109,
        "3": 930,
        "4": 7883,
        "5": 34059,
        "6": 94058
    },
    "26341": {
        "0": 1,
        "1": 10,
        "2": 85,
        "3": 728,
        "4": 6261,
        "5": 20827,
        "6": 44082
    },
    "26342": {
        "0": 1,
        "1": 10,
        "2": 84,
        "3": 712,
        "4": 6061,
        "5": 19118,
        "6": 41468
    },
    "26343": {
        "0": 1,
        "1": 12,
        "2": 101,
        "3": 866,
        "4": 7474,
        "5": 31934,
        "6": 83319
    },
    "26344": {
        "0": 1,
        "1": 9,
        "2": 79,
        "3": 692,
        "4": 6065,
        "5": 20486,
        "6": 45743
    },
    "26345": {
        "0": 1,
        "1": 9,
        "2": 80,
        "3": 705,
        "4": 6220,
        "5": 21988,
        "6": 52025
    },
    "26346": {
        "0": 1,
        "1": 11,
        "2": 96,
        "3": 834,
        "4": 7236,
        "5": 29972,
        "6": 86933
    },
    "26347": {
        "0": 1,
        "1": 10,
        "2": 84,
        "3": 717,
        "4": 6146,
        "5": 20142,
        "6": 45815
    },
    "26348": {
        "0": 1,
        "1": 9,
        "2": 77,
        "3": 654,
        "4": 5566,
        "5": 14736,
        "6": 27204
    },
    "26349": {
        "0": 1,
        "1": 9,
        "2": 77,
        "3": 655,
        "4": 5610,
        "5": 15421,
        "6": 24934
    },
    "26350": {
        "0": 1,
        "1": 11,
        "2": 94,
        "3": 804,
        "4": 6972,
        "5": 28213,
        "6": 74387
    },
    "26351": {
        "0": 1,
        "1": 9,
        "2": 76,
        "3": 654,
        "4": 5666,
        "5": 16642,
        "6": 31353
    },
    "26352": {
        "0": 1,
        "1": 10,
        "2": 87,
        "3": 752,
        "4": 6514,
        "5": 23715,
        "6": 55288
    },
    "26353": {
        "0": 1,
        "1": 10,
        "2": 89,
        "3": 772,
        "4": 6712,
        "5": 25741,
        "6": 61935
    },
    "26354": {
        "0": 1,
        "1": 11,
        "2": 97,
        "3": 843,
        "4": 7321,
        "5": 30831,
        "6": 82052
    },
    "26355": {
        "0": 1,
        "1": 14,
        "2": 127,
        "3": 1085,
        "4": 9227,
        "5": 45764,
        "6": 138457
    },
    "26356": {
        "0": 1,
        "1": 13,
        "2": 117,
        "3": 1014,
        "4": 8782,
        "5": 43276,
        "6": 125469
    },
    "26357": {
        "0": 1,
        "1": 11,
        "2": 97,
        "3": 856,
        "4": 7495,
        "5": 32739,
        "6": 89924
    },
    "26358": {
        "0": 1,
        "1": 9,
        "2": 78,
        "3": 682,
        "4": 5988,
        "5": 19804,
        "6": 49055
    },
    "26359": {
        "0": 1,
        "1": 11,
        "2": 91,
        "3": 757,
        "4": 6395,
        "5": 21956,
        "6": 48781
    },
    "26360": {
        "0": 1,
        "1": 10,
        "2": 89,
        "3": 785,
        "4": 6932,
        "5": 28304,
        "6": 78166
    },
    "26361": {
        "0": 1,
        "1": 10,
        "2": 86,
        "3": 745,
        "4": 6471,
        "5": 23622,
        "6": 56078
    },
    "26362": {
        "0": 1,
        "1": 13,
        "2": 110,
        "3": 921,
        "4": 7849,
        "5": 34965,
        "6": 108298
    },
    "26363": {
        "0": 1,
        "1": 10,
        "2": 83,
        "3": 711,
        "4": 6135,
        "5": 20492,
        "6": 43429
    },
    "26364": {
        "0": 1,
        "1": 12,
        "2": 103,
        "3": 900,
        "4": 7895,
        "5": 36618,
        "6": 103192
    },
    "26365": {
        "0": 1,
        "1": 11,
        "2": 98,
        "3": 868,
        "4": 7574,
        "5": 33100,
        "6": 89532
    },
    "26366": {
        "0": 1,
        "1": 11,
        "2": 90,
        "3": 743,
        "4": 6217,
        "5": 19781,
        "6": 37536
    },
    "26367": {
        "0": 1,
        "1": 9,
        "2": 77,
        "3": 665,
        "4": 5781,
        "5": 17726,
        "6": 40674
    },
    "26368": {
        "0": 1,
        "1": 11,
        "2": 96,
        "3": 843,
        "4": 7366,
        "5": 31504,
        "6": 85896
    },
    "26369": {
        "0": 1,
        "1": 10,
        "2": 85,
        "3": 744,
        "4": 6518,
        "5": 24393,
        "6": 50381
    },
    "26370": {
        "0": 1,
        "1": 10,
        "2": 88,
        "3": 772,
        "4": 6758,
        "5": 26110,
        "6": 60856
    },
    "26371": {
        "0": 1,
        "1": 12,
        "2": 104,
        "3": 890,
        "4": 7649,
        "5": 33410,
        "6": 95463
    },
    "26372": {
        "0": 1,
        "1": 9,
        "2": 75,
        "3": 641,
        "4": 5505,
        "5": 14765,
        "6": 27426
    },
    "26373": {
        "0": 1,
        "1": 9,
        "2": 80,
        "3": 702,
        "4": 6177,
        "5": 21515,
        "6": 51650
    },
    "26374": {
        "0": 1,
        "1": 11,
        "2": 94,
        "3": 812,
        "4": 7027,
        "5": 28220,
        "6": 73607
    },
    "26375": {
        "0": 1,
        "1": 11,
        "2": 94,
        "3": 813,
        "4": 7069,
        "5": 29043,
        "6": 79235
    },
    "26376": {
        "0": 1,
        "1": 9,
        "2": 77,
        "3": 678,
        "4": 6007,
        "5": 20673,
        "6": 49235
    },
    "26377": {
        "0": 1,
        "1": 11,
        "2": 97,
        "3": 853,
        "4": 7506,
        "5": 33541,
        "6": 95268
    },
    "26378": {
        "0": 1,
        "1": 9,
        "2": 77,
        "3": 680,
        "4": 6013,
        "5": 20503,
        "6": 45830
    },
    "26379": {
        "0": 1,
        "1": 9,
        "2": 76,
        "3": 663,
        "4": 5776,
        "5": 17705,
        "6": 38273
    },
    "26380": {
        "0": 1,
        "1": 12,
        "2": 99,
        "3": 830,
        "4": 7020,
        "5": 27156,
        "6": 64111
    },
    "26381": {
        "0": 1,
        "1": 12,
        "2": 109,
        "3": 951,
        "4": 8178,
        "5": 37148,
        "6": 110922
    },
    "26382": {
        "0": 1,
        "1": 10,
        "2": 94,
        "3": 845,
        "4": 7462,
        "5": 32227,
        "6": 88109
    },
    "26383": {
        "0": 1,
        "1": 10,
        "2": 91,
        "3": 811,
        "4": 7188,
        "5": 30891,
        "6": 85501
    },
    "26384": {
        "0": 1,
        "1": 9,
        "2": 75,
        "3": 645,
        "4": 5565,
        "5": 15464,
        "6": 28025
    },
    "26385": {
        "0": 1,
        "1": 9,
        "2": 79,
        "3": 688,
        "4": 5986,
        "5": 19427,
        "6": 43494
    },
    "26386": {
        "0": 1,
        "1": 13,
        "2": 117,
        "3": 1018,
        "4": 8819,
        "5": 43736,
        "6": 141732
    },
    "26387": {
        "0": 1,
        "1": 10,
        "2": 88,
        "3": 783,
        "4": 6989,
        "5": 29575,
        "6": 80869
    },
    "26388": {
        "0": 1,
        "1": 9,
        "2": 80,
        "3": 710,
        "4": 6312,
        "5": 23579,
        "6": 59932
    },
    "26389": {
        "0": 1,
        "1": 9,
        "2": 77,
        "3": 679,
        "4": 5975,
        "5": 19601,
        "6": 39444
    },
    "26390": {
        "0": 1,
        "1": 8,
        "2": 70,
        "3": 617,
        "4": 5432,
        "5": 14768,
        "6": 27940
    },
    "26391": {
        "0": 1,
        "1": 9,
        "2": 79,
        "3": 695,
        "4": 6151,
        "5": 21706,
        "6": 52276
    },
    "26392": {
        "0": 1,
        "1": 10,
        "2": 88,
        "3": 776,
        "4": 6840,
        "5": 27711,
        "6": 73791
    },
    "26393": {
        "0": 1,
        "1": 11,
        "2": 96,
        "3": 838,
        "4": 7250,
        "5": 29506,
        "6": 77528
    },
    "26394": {
        "0": 1,
        "1": 12,
        "2": 110,
        "3": 971,
        "4": 8506,
        "5": 41672,
        "6": 133285
    },
    "26395": {
        "0": 1,
        "1": 11,
        "2": 99,
        "3": 874,
        "4": 7699,
        "5": 35093,
        "6": 110602
    },
    "26396": {
        "0": 1,
        "1": 9,
        "2": 80,
        "3": 704,
        "4": 6199,
        "5": 21878,
        "6": 52260
    },
    "26397": {
        "0": 1,
        "1": 11,
        "2": 92,
        "3": 761,
        "4": 6321,
        "5": 20015,
        "6": 46322
    },
    "26398": {
        "0": 1,
        "1": 11,
        "2": 92,
        "3": 793,
        "4": 6877,
        "5": 27147,
        "6": 67580
    },
    "26399": {
        "0": 1,
        "1": 10,
        "2": 84,
        "3": 724,
        "4": 6267,
        "5": 21200,
        "6": 44972
    }
}