{
    "10700": {
        "0": 1,
        "1": 11,
        "2": 100,
        "3": 871,
        "4": 7564,
        "5": 33014,
        "6": 92415
    },
    "10701": {
        "0": 1,
        "1": 15,
        "2": 144,
        "3": 1283,
        "4": 11219,
        "5": 65137,
        "6": 245294
    },
    "10702": {
        "0": 1,
        "1": 10,
        "2": 89,
        "3": 789,
        "4": 7017,
        "5": 29664,
        "6": 75480
    },
    "10703": {
        "0": 1,
        "1": 12,
        "2": 110,
        "3": 973,
        "4": 8482,
        "5": 40829,
        "6": 127689
    },
    "10704": {
        "0": 1,
        "1": 9,
        "2": 76,
        "3": 662,
        "4": 5758,
        "5": 17108,
        "6": 33161
    },
    "10705": {
        "0": 1,
        "1": 9,
        "2": 76,
        "3": 658,
        "4": 5760,
        "5": 17664,
        "6": 36892
    },
    "10706": {
        "0": 1,
        "1": 12,
        "2": 105,
        "3": 882,
        "4": 7410,
        "5": 29793,
        "6": 77561
    },
    "10707": {
        "0": 1,
        "1": 8,
        "2": 73,
        "3": 648,
        "4": 5706,
        "5": 17172,
        "6": 34254
    },
    "10708": {
        "0": 1,
        "1": 9,
        "2": 80,
        "3": 699,
        "4": 6086,
        "5": 20282,
        "6": 53050
    },
    "10709": {
        "0": 1,
        "1": 11,
        "2": 94,
        "3": 796,
        "4": 6754,
        "5": 24744,
        "6": 59089
    },
    "10710": {
        "0": 1,
        "1": 8,
        "2": 68,
        "3": 580,
        "4": 5008,
        "5": 10654,
        "6": 17389
    },
    "10711": {
        "0": 1,
        "1": 9,
        "2": 79,
        "3": 686,
        "4": 5967,
        "5": 19363,
        "6": 48797
    },
    "10712": {
        "0": 1,
        "1": 12,
        "2": 103,
        "3": 878,
        "4": 7509,
        "5": 31610,
        "6": 84012
    },
    "10713": {
        "0": 1,
        "1": 9,
        "2": 76,
        "3": 646,
        "4": 5544,
        "5": 15059,
        "6": 28684
    },
    "10714": {
        "0": 1,
        "1": 11,
        "2": 94,
        "3": 797,
        "4": 6783,
        "5": 25176,
        "6": 55613
    },
    "10715": {
        "0": 1,
        "1": 10,
        "2": 82,
        "3": 692,
        "4": 5926,
        "5": 18382,
        "6": 40607
    },
    "10716": {
        "0": 1,
        "1": 10,
        "2": 83,
        "3": 705,
        "4": 6068,
        "5": 19906,
        "6": 44344
    },
    "10717": {
        "0": 1,
        "1": 10,
        "2": 88,
        "3": 779,
        "4": 6857,
        "5": 27487,
        "6": 70331
    },
    "10718": {
        "0": 1,
        "1": 11,
        "2": 94,
        "3": 814,
        "4": 7086,
        "5": 29304,
        "6": 76420
    },
    "10719": {
        "0": 1,
        "1": 11,
        "2": 94,
        "3": 806,
        "4": 6886,
        "5": 25710,
        "6": 59493
    },
    "10720": {
        "0": 1,
        "1": 10,
        "2": 86,
        "3": 742,
        "4": 6449,
        "5": 23431,
        "6": 56095
    },
    "10721": {
        "0": 1,
        "1": 11,
        "2": 93,
        "3": 808,
        "4": 7045,
        "5": 28731,
        "6": 70637
    },
    "10722": {
        "0": 1,
        "1": 11,
        "2": 98,
        "3": 844,
        "4": 7258,
        "5": 29709,
        "6": 79717
    },
    "10723": {
        "0": 1,
        "1": 11,
        "2": 91,
        "3": 766,
        "4": 6534,
        "5": 23377,
        "6": 51603
    },
    "10724": {
        "0": 1,
        "1": 14,
        "2": 126,
        "3": 1073,
        "4": 9103,
        "5": 44147,
        "6": 131855
    },
    "10725": {
        "0": 1,
        "1": 9,
        "2": 78,
        "3": 673,
        "4": 5814,
        "5": 17626,
        "6": 35718
    },
    "10726": {
        "0": 1,
        "1": 10,
        "2": 88,
        "3": 777,
        "4": 6833,
        "5": 27297,
        "6": 64762
    },
    "10727": {
        "0": 1,
        "1": 10,
        "2": 84,
        "3": 723,
        "4": 6209,
        "5": 20317,
        "6": 48218
    },
    "10728": {
        "0": 1,
        "1": 12,
        "2": 108,
        "3": 956,
        "4": 8448,
        "5": 41677,
        "6": 136692
    },
    "10729": {
        "0": 1,
        "1": 10,
        "2": 83,
        "3": 712,
        "4": 6109,
        "5": 19375,
        "6": 41484
    },
    "10730": {
        "0": 1,
        "1": 11,
        "2": 98,
        "3": 875,
        "4": 7725,
        "5": 35088,
        "6": 105869
    },
    "10731": {
        "0": 1,
        "1": 11,
        "2": 90,
        "3": 754,
        "4": 6393,
        "5": 21924,
        "6": 50323
    },
    "10732": {
        "0": 1,
        "1": 11,
        "2": 94,
        "3": 797,
        "4": 6796,
        "5": 25572,
        "6": 59233
    },
    "10733": {
        "0": 1,
        "1": 12,
        "2": 105,
        "3": 904,
        "4": 7812,
        "5": 34944,
        "6": 106401
    },
    "10734": {
        "0": 1,
        "1": 9,
        "2": 77,
        "3": 675,
        "4": 5994,
        "5": 20865,
        "6": 55179
    },
    "10735": {
        "0": 1,
        "1": 10,
        "2": 86,
        "3": 751,
        "4": 6594,
        "5": 25250,
        "6": 64669
    },
    "10736": {
        "0": 1,
        "1": 10,
        "2": 84,
        "3": 733,
        "4": 6407,
        "5": 23081,
        "6": 48961
    },
    "10737": {
        "0": 1,
        "1": 10,
        "2": 86,
        "3": 742,
        "4": 6464,
        "5": 23893,
        "6": 62439
    },
    "10738": {
        "0": 1,
        "1": 12,
        "2": 101,
        "3": 844,
        "4": 7128,
        "5": 27847,
        "6": 67942
    },
    "10739": {
        "0": 1,
        "1": 11,
        "2": 93,
        "3": 782,
        "4": 6616,
        "5": 23333,
        "6": 49737
    },
    "10740": {
        "0": 1,
        "1": 13,
        "2": 114,
        "3": 975,
        "4": 8376,
        "5": 39313,
        "6": 109950
    },
    "10741": {
        "0": 1,
        "1": 10,
        "2": 87,
        "3": 752,
        "4": 6511,
        "5": 23751,
        "6": 60290
    },
    "10742": {
        "0": 1,
        "1": 10,
        "2": 94,
        "3": 833,
        "4": 7320,
        "5": 31114,
        "6": 85982
    },
    "10743": {
        "0": 1,
        "1": 12,
        "2": 104,
        "3": 891,
        "4": 7661,
        "5": 33416,
        "6": 93467
    },
    "10744": {
        "0": 1,
        "1": 13,
        "2": 115,
        "3": 979,
        "4": 8299,
        "5": 37868,
        "6": 109987
    },
    "10745": {
        "0": 1,
        "1": 11,
        "2": 98,
        "3": 857,
        "4": 7499,
        "5": 32736,
        "6": 92399
    },
    "10746": {
        "0": 1,
        "1": 9,
        "2": 78,
        "3": 668,
        "4": 5775,
        "5": 17482,
        "6": 38223
    },
    "10747": {
        "0": 1,
        "1": 8,
        "2": 69,
        "3": 592,
        "4": 5134,
        "5": 11919,
        "6": 18753
    },
    "10748": {
        "0": 1,
        "1": 13,
        "2": 116,
        "3": 997,
        "4": 8575,
        "5": 41276,
        "6": 130720
    },
    "10749": {
        "0": 1,
        "1": 9,
        "2": 79,
        "3": 706,
        "4": 6283,
        "5": 22971,
        "6": 58786
    },
    "10750": {
        "0": 1,
        "1": 11,
        "2": 102,
        "3": 908,
        "4": 7993,
        "5": 36975,
        "6": 111629
    },
    "10751": {
        "0": 1,
        "1": 8,
        "2": 73,
        "3": 659,
        "4": 5930,
        "5": 20469,
        "6": 53275
    },
    "10752": {
        "0": 1,
        "1": 11,
        "2": 92,
        "3": 780,
        "4": 6624,
        "5": 23357,
        "6": 50477
    },
    "10753": {
        "0": 1,
        "1": 8,
        "2": 72,
        "3": 643,
        "4": 5757,
        "5": 18849,
        "6": 45773
    },
    "10754": {
        "0": 1,
        "1": 12,
        "2": 105,
        "3": 895,
        "4": 7627,
        "5": 32530,
        "6": 91647
    },
    "10755": {
        "0": 1,
        "1": 11,
        "2": 93,
        "3": 802,
        "4": 7006,
        "5": 28734,
        "6": 77148
    },
    "10756": {
        "0": 1,
        "1": 11,
        "2": 95,
        "3": 823,
        "4": 7093,
        "5": 28502,
        "6": 79126
    },
    "10757": {
        "0": 1,
        "1": 11,
        "2": 96,
        "3": 847,
        "4": 7465,
        "5": 32941,
        "6": 96239
    },
    "10758": {
        "0": 1,
        "1": 11,
        "2": 92,
        "3": 774,
        "4": 6558,
        "5": 23220,
        "6": 55643
    },
    "10759": {
        "0": 1,
        "1": 10,
        "2": 82,
        "3": 687,
        "4": 5801,
        "5": 16526,
        "6": 29168
    },
    "10760": {
        "0": 1,
        "1": 10,
        "2": 83,
        "3": 697,
        "4": 5922,
        "5": 17988,
        "6": 36014
    },
    "10761": {
        "0": 1,
        "1": 11,
        "2": 93,
        "3": 794,
        "4": 6827,
        "5": 26177,
        "6": 55865
    },
    "10762": {
        "0": 1,
        "1": 10,
        "2": 83,
        "3": 690,
        "4": 5808,
        "5": 16203,
        "6": 36163
    },
    "10763": {
        "0": 1,
        "1": 13,
        "2": 116,
        "3": 992,
        "4": 8437,
        "5": 39383,
        "6": 114515
    },
    "10764": {
        "0": 1,
        "1": 12,
        "2": 101,
        "3": 841,
        "4": 7063,
        "5": 27145,
        "6": 61465
    },
    "10765": {
        "0": 1,
        "1": 11,
        "2": 93,
        "3": 790,
        "4": 6746,
        "5": 25246,
        "6": 62779
    },
    "10766": {
        "0": 1,
        "1": 11,
        "2": 92,
        "3": 775,
        "4": 6569,
        "5": 22750,
        "6": 50074
    },
    "10767": {
        "0": 1,
        "1": 11,
        "2": 91,
        "3": 774,
        "4": 6664,
        "5": 25005,
        "6": 52811
    },
    "10768": {
        "0": 1,
        "1": 10,
        "2": 86,
        "3": 742,
        "4": 6453,
        "5": 23406,
        "6": 60320
    },
    "10769": {
        "0": 1,
        "1": 12,
        "2": 102,
        "3": 861,
        "4": 7388,
        "5": 31352,
        "6": 81101
    },
    "10770": {
        "0": 1,
        "1": 10,
        "2": 85,
        "3": 732,
        "4": 6306,
        "5": 21687,
        "6": 48789
    },
    "10771": {
        "0": 1,
        "1": 10,
        "2": 85,
        "3": 736,
        "4": 6421,
        "5": 23634,
        "6": 54739
    },
    "10772": {
        "0": 1,
        "1": 12,
        "2": 107,
        "3": 955,
        "4": 8479,
        "5": 42282,
        "6": 133929
    },
    "10773": {
        "0": 1,
        "1": 11,
        "2": 96,
        "3": 831,
        "4": 7188,
        "5": 29652,
        "6": 81678
    },
    "10774": {
        "0": 1,
        "1": 9,
        "2": 77,
        "3": 677,
        "4": 5957,
        "5": 19736,
        "6": 45723
    },
    "10775": {
        "0": 1,
        "1": 10,
        "2": 86,
        "3": 739,
        "4": 6398,
        "5": 22568,
        "6": 46285
    },
    "10776": {
        "0": 1,
        "1": 14,
        "2": 127,
        "3": 1102,
        "4": 9466,
        "5": 48433,
        "6": 153095
    },
    "10777": {
        "0": 1,
        "1": 9,
        "2": 77,
        "3": 664,
        "4": 5778,
        "5": 17812,
        "6": 37310
    },
    "10778": {
        "0": 1,
        "1": 11,
        "2": 94,
        "3": 804,
        "4": 6934,
        "5": 27462,
        "6": 71087
    },
    "10779": {
        "0": 1,
        "1": 10,
        "2": 89,
        "3": 771,
        "4": 6652,
        "5": 24590,
        "6": 60524
    },
    "10780": {
        "0": 1,
        "1": 10,
        "2": 90,
        "3": 789,
        "4": 6947,
        "5": 28655,
        "6": 91932
    },
    "10781": {
        "0": 1,
        "1": 10,
        "2": 91,
        "3": 802,
        "4": 7109,
        "5": 30270,
        "6": 87788
    },
    "10782": {
        "0": 1,
        "1": 12,
        "2": 104,
        "3": 897,
        "4": 7763,
        "5": 34642,
        "6": 106907
    },
    "10783": {
        "0": 1,
        "1": 10,
        "2": 88,
        "3": 766,
        "4": 6647,
        "5": 25032,
        "6": 60785
    },
    "10784": {
        "0": 1,
        "1": 9,
        "2": 78,
        "3": 671,
        "4": 5775,
        "5": 16990,
        "6": 32326
    },
    "10785": {
        "0": 1,
        "1": 11,
        "2": 92,
        "3": 787,
        "4": 6804,
        "5": 26068,
        "6": 69595
    },
    "10786": {
        "0": 1,
        "1": 11,
        "2": 97,
        "3": 836,
        "4": 7226,
        "5": 29673,
        "6": 74889
    },
    "10787": {
        "0": 1,
        "1": 12,
        "2": 103,
        "3": 880,
        "4": 7564,
        "5": 32719,
        "6": 87626
    },
    "10788": {
        "0": 1,
        "1": 10,
        "2": 86,
        "3": 732,
        "4": 6260,
        "5": 20916,
        "6": 46039
    },
    "10789": {
        "0": 1,
        "1": 12,
        "2": 104,
        "3": 883,
        "4": 7461,
        "5": 30527,
        "6": 80142
    },
    "10790": {
        "0": 1,
        "1": 11,
        "2": 88,
        "3": 726,
        "4": 6080,
        "5": 18709,
        "6": 34860
    },
    "10791": {
        "0": 1,
        "1": 12,
        "2": 107,
        "3": 922,
        "4": 7905,
        "5": 35026,
        "6": 86240
    },
    "10792": {
        "0": 1,
        "1": 11,
        "2": 99,
        "3": 887,
        "4": 7902,
        "5": 37438,
        "6": 115571
    },
    "10793": {
        "0": 1,
        "1": 11,
        "2": 95,
        "3": 834,
        "4": 7325,
        "5": 31677,
        "6": 80749
    },
    "10794": {
        "0": 1,
        "1": 10,
        "2": 83,
        "3": 710,
        "4": 6123,
        "5": 20358,
        "6": 45989
    },
    "10795": {
        "0": 1,
        "1": 14,
        "2": 121,
        "3": 1011,
        "4": 8450,
        "5": 38122,
        "6": 106087
    },
    "10796": {
        "0": 1,
        "1": 12,
        "2": 101,
        "3": 843,
        "4": 7072,
        "5": 26948,
        "6": 64940
    },
    "10797": {
        "0": 1,
        "1": 11,
        "2": 95,
        "3": 817,
        "4": 7048,
        "5": 28166,
        "6": 65610
    },
    "10798": {
        "0": 1,
        "1": 10,
        "2": 80,
        "3": 662,
        "4": 5546,
        "5": 14125,
        "6": 26474
    },
    "10799": {
        "0": 1,
        "1": 9,
        "2": 77,
        "3": 672,
        "4": 5837,
        "5": 17853,
        "6": 35942
    }
}