{
    "27800": {
        "0": 1,
        "1": 11,
        "2": 92,
        "3": 773,
        "4": 6530,
        "5": 22707,
        "6": 53163
    },
    "27801": {
        "0": 1,
        "1": 9,
        "2": 79,
        "3": 689,
        "4": 6017,
        "5": 19799,
        "6": 42217
    },
    "27802": {
        "0": 1,
        "1": 11,
        "2": 97,
        "3": 850,
        "4": 7444,
        "5": 32362,
        "6": 91142
    },
    "27803": {
        "0": 1,
        "1": 11,
        "2": 96,
        "3": 834,
        "4": 7225,
        "5": 29887,
        "6": 83129
    },
    "27804": {
        "0": 1,
        "1": 11,
        "2": 96,
        "3": 842,
        "4": 7352,
        "5": 30845,
        "6": 76301
    },
    "27805": {
        "0": 1,
        "1": 9,
        "2": 77,
        "3": 678,
        "4": 5965,
        "5": 19529,
        "6": 43471
    },
    "27806": {
        "0": 1,
        "1": 10,
        "2": 85,
        "3": 737,
        "4": 6450,
        "5": 24171,
        "6": 62872
    },
    "27807": {
        "0": 1,
        "1": 10,
        "2": 91,
        "3": 806,
        "4": 7140,
        "5": 30279,
        "6": 82324
    },
    "27808": {
        "0": 1,
        "1": 8,
        "2": 72,
        "3": 644,
        "4": 5764,
        "5": 18565,
        "6": 38411
    },
    "27809": {
        "0": 1,
        "1": 11,
        "2": 96,
        "3": 843,
        "4": 7413,
        "5": 32311,
        "6": 86642
    },
    "27810": {
        "0": 1,
        "1": 11,
        "2": 95,
        "3": 814,
        "4": 6943,
        "5": 26584,
        "6": 55565
    },
    "27811": {
        "0": 1,
        "1": 9,
        "2": 82,
        "3": 743,
        "4": 6695,
        "5": 26680,
        "6": 73140
    },
    "27812": {
        "0": 1,
        "1": 10,
        "2": 82,
        "3": 692,
        "4": 5881,
        "5": 17484,
        "6": 32621
    },
    "27813": {
        "0": 1,
        "1": 11,
        "2": 96,
        "3": 836,
        "4": 7296,
        "5": 30819,
        "6": 83923
    },
    "27814": {
        "0": 1,
        "1": 9,
        "2": 75,
        "3": 646,
        "4": 5633,
        "5": 16777,
        "6": 32917
    },
    "27815": {
        "0": 1,
        "1": 12,
        "2": 110,
        "3": 983,
        "4": 8742,
        "5": 45060,
        "6": 144608
    },
    "27816": {
        "0": 1,
        "1": 9,
        "2": 77,
        "3": 672,
        "4": 5892,
        "5": 19023,
        "6": 43059
    },
    "27817": {
        "0": 1,
        "1": 11,
        "2": 95,
        "3": 827,
        "4": 7187,
        "5": 29383,
        "6": 76819
    },
    "27818": {
        "0": 1,
        "1": 11,
        "2": 96,
        "3": 841,
        "4": 7352,
        "5": 31528,
        "6": 81769
    },
    "27819": {
        "0": 1,
        "1": 11,
        "2": 100,
        "3": 876,
        "4": 7599,
        "5": 32841,
        "6": 92243
    },
    "27820": {
        "0": 1,
        "1": 11,
        "2": 96,
        "3": 838,
        "4": 7348,
        "5": 31872,
        "6": 90391
    },
    "27821": {
        "0": 1,
        "1": 12,
        "2": 112,
        "3": 996,
        "4": 8771,
        "5": 44030,
        "6": 149259
    },
    "27822": {
        "0": 1,
        "1": 10,
        "2": 85,
        "3": 741,
        "4": 6469,
        "5": 23773,
        "6": 57747
    },
    "27823": {
        "0": 1,
        "1": 10,
        "2": 86,
        "3": 755,
        "4": 6636,
        "5": 25503,
        "6": 60977
    },
    "27824": {
        "0": 1,
        "1": 12,
        "2": 106,
        "3": 919,
        "4": 7931,
        "5": 35757,
        "6": 104569
    },
    "27825": {
        "0": 1,
        "1": 10,
        "2": 90,
        "3": 799,
        "4": 7090,
        "5": 29634,
        "6": 78868
    },
    "27826": {
        "0": 1,
        "1": 11,
        "2": 94,
        "3": 811,
        "4": 7011,
        "5": 27973,
        "6": 69959
    },
    "27827": {
        "0": 1,
        "1": 11,
        "2": 94,
        "3": 810,
        "4": 6972,
        "5": 27373,
        "6": 60049
    },
    "27828": {
        "0": 1,
        "1": 8,
        "2": 70,
        "3": 616,
        "4": 5418,
        "5": 14659,
        "6": 28387
    },
    "27829": {
        "0": 1,
        "1": 8,
        "2": 67,
        "3": 566,
        "4": 4839,
        "5": 8996,
        "6": 11400
    },
    "27830": {
        "0": 1,
        "1": 11,
        "2": 93,
        "3": 815,
        "4": 7175,
        "5": 30501,
        "6": 76240
    },
    "27831": {
        "0": 1,
        "1": 12,
        "2": 105,
        "3": 894,
        "4": 7624,
        "5": 32557,
        "6": 84516
    },
    "27832": {
        "0": 1,
        "1": 11,
        "2": 95,
        "3": 829,
        "4": 7283,
        "5": 31437,
        "6": 96109
    },
    "27833": {
        "0": 1,
        "1": 11,
        "2": 96,
        "3": 828,
        "4": 7136,
        "5": 28865,
        "6": 73975
    },
    "27834": {
        "0": 1,
        "1": 11,
        "2": 92,
        "3": 787,
        "4": 6757,
        "5": 25331,
        "6": 61249
    },
    "27835": {
        "0": 1,
        "1": 11,
        "2": 96,
        "3": 832,
        "4": 7221,
        "5": 29983,
        "6": 80419
    },
    "27836": {
        "0": 1,
        "1": 10,
        "2": 80,
        "3": 664,
        "4": 5611,
        "5": 15214,
        "6": 28335
    },
    "27837": {
        "0": 1,
        "1": 10,
        "2": 87,
        "3": 755,
        "4": 6599,
        "5": 25116,
        "6": 63581
    },
    "27838": {
        "0": 1,
        "1": 12,
        "2": 105,
        "3": 904,
        "4": 7807,
        "5": 34934,
        "6": 98073
    },
    "27839": {
        "0": 1,
        "1": 12,
        "2": 104,
        "3": 901,
        "4": 7792,
        "5": 34614,
        "6": 92865
    },
    "27840": {
        "0": 1,
        "1": 9,
        "2": 75,
        "3": 641,
        "4": 5511,
        "5": 14796,
        "6": 25820
    },
    "27841": {
        "0": 1,
        "1": 9,
        "2": 76,
        "3": 655,
        "4": 5665,
        "5": 16370,
        "6": 33639
    },
    "27842": {
        "0": 1,
        "1": 11,
        "2": 95,
        "3": 806,
        "4": 6853,
        "5": 25746,
        "6": 63360
    },
    "27843": {
        "0": 1,
        "1": 10,
        "2": 91,
        "3": 827,
        "4": 7463,
        "5": 33834,
        "6": 104962
    },
    "27844": {
        "0": 1,
        "1": 11,
        "2": 98,
        "3": 861,
        "4": 7535,
        "5": 32676,
        "6": 100037
    },
    "27845": {
        "0": 1,
        "1": 11,
        "2": 94,
        "3": 800,
        "4": 6818,
        "5": 25678,
        "6": 61044
    },
    "27846": {
        "0": 1,
        "1": 11,
        "2": 90,
        "3": 759,
        "4": 6450,
        "5": 22471,
        "6": 51468
    },
    "27847": {
        "0": 1,
        "1": 10,
        "2": 84,
        "3": 723,
        "4": 6268,
        "5": 21894,
        "6": 51618
    },
    "27848": {
        "0": 1,
        "1": 11,
        "2": 97,
        "3": 843,
        "4": 7388,
        "5": 32464,
        "6": 96005
    },
    "27849": {
        "0": 1,
        "1": 10,
        "2": 82,
        "3": 702,
        "4": 6039,
        "5": 19374,
        "6": 44741
    },
    "27850": {
        "0": 1,
        "1": 10,
        "2": 87,
        "3": 757,
        "4": 6590,
        "5": 24646,
        "6": 66071
    },
    "27851": {
        "0": 1,
        "1": 13,
        "2": 114,
        "3": 985,
        "4": 8499,
        "5": 40168,
        "6": 116364
    },
    "27852": {
        "0": 1,
        "1": 13,
        "2": 119,
        "3": 1036,
        "4": 8925,
        "5": 44083,
        "6": 135249
    },
    "27853": {
        "0": 1,
        "1": 12,
        "2": 107,
        "3": 949,
        "4": 8330,
        "5": 40158,
        "6": 128802
    },
    "27854": {
        "0": 1,
        "1": 10,
        "2": 87,
        "3": 753,
        "4": 6540,
        "5": 24232,
        "6": 63563
    },
    "27855": {
        "0": 1,
        "1": 12,
        "2": 99,
        "3": 825,
        "4": 6993,
        "5": 26946,
        "6": 68844
    },
    "27856": {
        "0": 1,
        "1": 11,
        "2": 98,
        "3": 844,
        "4": 7249,
        "5": 29711,
        "6": 81292
    },
    "27857": {
        "0": 1,
        "1": 12,
        "2": 110,
        "3": 967,
        "4": 8434,
        "5": 40827,
        "6": 128694
    },
    "27858": {
        "0": 1,
        "1": 11,
        "2": 97,
        "3": 860,
        "4": 7585,
        "5": 33994,
        "6": 95926
    },
    "27859": {
        "0": 1,
        "1": 11,
        "2": 96,
        "3": 831,
        "4": 7189,
        "5": 29459,
        "6": 77848
    },
    "27860": {
        "0": 1,
        "1": 11,
        "2": 88,
        "3": 732,
        "4": 6145,
        "5": 19199,
        "6": 37447
    },
    "27861": {
        "0": 1,
        "1": 10,
        "2": 90,
        "3": 796,
        "4": 6965,
        "5": 27851,
        "6": 68371
    },
    "27862": {
        "0": 1,
        "1": 12,
        "2": 108,
        "3": 955,
        "4": 8365,
        "5": 40409,
        "6": 120890
    },
    "27863": {
        "0": 1,
        "1": 11,
        "2": 96,
        "3": 850,
        "4": 7506,
        "5": 33452,
        "6": 96535
    },
    "27864": {
        "0": 1,
        "1": 11,
        "2": 96,
        "3": 830,
        "4": 7193,
        "5": 29661,
        "6": 80775
    },
    "27865": {
        "0": 1,
        "1": 9,
        "2": 77,
        "3": 674,
        "4": 5917,
        "5": 19363,
        "6": 44991
    },
    "27866": {
        "0": 1,
        "1": 10,
        "2": 85,
        "3": 737,
        "4": 6370,
        "5": 22334,
        "6": 52524
    },
    "27867": {
        "0": 1,
        "1": 10,
        "2": 92,
        "3": 828,
        "4": 7454,
        "5": 34306,
        "6": 105537
    },
    "27868": {
        "0": 1,
        "1": 12,
        "2": 104,
        "3": 889,
        "4": 7612,
        "5": 32803,
        "6": 90780
    },
    "27869": {
        "0": 1,
        "1": 10,
        "2": 84,
        "3": 721,
        "4": 6243,
        "5": 21670,
        "6": 50609
    },
    "27870": {
        "0": 1,
        "1": 10,
        "2": 86,
        "3": 751,
        "4": 6557,
        "5": 24634,
        "6": 68362
    },
    "27871": {
        "0": 1,
        "1": 9,
        "2": 73,
        "3": 618,
        "4": 5312,
        "5": 13372,
        "6": 26618
    },
    "27872": {
        "0": 1,
        "1": 9,
        "2": 77,
        "3": 680,
        "4": 6028,
        "5": 20854,
        "6": 52196
    },
    "27873": {
        "0": 1,
        "1": 13,
        "2": 119,
        "3": 1026,
        "4": 8775,
        "5": 42426,
        "6": 138304
    },
    "27874": {
        "0": 1,
        "1": 12,
        "2": 104,
        "3": 873,
        "4": 7373,
        "5": 30111,
        "6": 82858
    },
    "27875": {
        "0": 1,
        "1": 11,
        "2": 98,
        "3": 849,
        "4": 7373,
        "5": 31368,
        "6": 83006
    },
    "27876": {
        "0": 1,
        "1": 10,
        "2": 88,
        "3": 772,
        "4": 6765,
        "5": 26619,
        "6": 67423
    },
    "27877": {
        "0": 1,
        "1": 12,
        "2": 110,
        "3": 975,
        "4": 8603,
        "5": 43184,
        "6": 136483
    },
    "27878": {
        "0": 1,
        "1": 13,
        "2": 119,
        "3": 1046,
        "4": 9049,
        "5": 45090,
        "6": 148046
    },
    "27879": {
        "0": 1,
        "1": 9,
        "2": 77,
        "3": 671,
        "4": 5846,
        "5": 18400,
        "6": 40883
    },
    "27880": {
        "0": 1,
        "1": 11,
        "2": 91,
        "3": 766,
        "4": 6521,
        "5": 23117,
        "6": 56828
    },
    "27881": {
        "0": 1,
        "1": 10,
        "2": 86,
        "3": 748,
        "4": 6549,
        "5": 24734,
        "6": 60704
    },
    "27882": {
        "0": 1,
        "1": 11,
        "2": 97,
        "3": 837,
        "4": 7227,
        "5": 29777,
        "6": 77441
    },
    "27883": {
        "0": 1,
        "1": 11,
        "2": 102,
        "3": 917,
        "4": 8164,
        "5": 39590,
        "6": 121165
    },
    "27884": {
        "0": 1,
        "1": 9,
        "2": 79,
        "3": 679,
        "4": 5828,
        "5": 17181,
        "6": 31890
    },
    "27885": {
        "0": 1,
        "1": 9,
        "2": 82,
        "3": 725,
        "4": 6443,
        "5": 23906,
        "6": 55384
    },
    "27886": {
        "0": 1,
        "1": 14,
        "2": 123,
        "3": 1044,
        "4": 8901,
        "5": 43629,
        "6": 122984
    },
    "27887": {
        "0": 1,
        "1": 10,
        "2": 86,
        "3": 745,
        "4": 6435,
        "5": 22696,
        "6": 51510
    },
    "27888": {
        "0": 1,
        "1": 14,
        "2": 123,
        "3": 1035,
        "4": 8753,
        "5": 41719,
        "6": 113018
    },
    "27889": {
        "0": 1,
        "1": 13,
        "2": 116,
        "3": 995,
        "4": 8517,
        "5": 40358,
        "6": 118838
    },
    "27890": {
        "0": 1,
        "1": 11,
        "2": 96,
        "3": 832,
        "4": 7177,
        "5": 29212,
        "6": 79905
    },
    "27891": {
        "0": 1,
        "1": 11,
        "2": 98,
        "3": 861,
        "4": 7542,
        "5": 33164,
        "6": 90353
    },
    "27892": {
        "0": 1,
        "1": 11,
        "2": 94,
        "3": 810,
        "4": 6943,
        "5": 26860,
        "6": 66280
    },
    "27893": {
        "0": 1,
        "1": 10,
        "2": 83,
        "3": 715,
        "4": 6215,
        "5": 21254,
        "6": 45168
    },
    "27894": {
        "0": 1,
        "1": 9,
        "2": 80,
        "3": 724,
        "4": 6535,
        "5": 26233,
        "6": 71429
    },
    "27895": {
        "0": 1,
        "1": 12,
        "2": 106,
        "3": 910,
        "4": 7810,
        "5": 34340,
        "6": 102647
    },
    "27896": {
        "0": 1,
        "1": 11,
        "2": 98,
        "3": 878,
        "4": 7764,
        "5": 35010,
        "6": 104576
    },
    "27897": {
        "0": 1,
        "1": 12,
        "2": 105,
        "3": 905,
        "4": 7781,
        "5": 33891,
        "6": 85351
    },
    "27898": {
        "0": 1,
        "1": 10,
        "2": 87,
        "3": 759,
        "4": 6612,
        "5": 24703,
        "6": 60946
    },
    "27899": {
        "0": 1,
        "1": 11,
        "2": 92,
        "3": 778,
        "4": 6666,
        "5": 24826,
        "6": 62131
    }
}