{
    "7000": {
        "0": 1,
        "1": 10,
        "2": 88,
        "3": 767,
        "4": 6652,
        "5": 24745,
        "6": 54885
    },
    "7001": {
        "0": 1,
        "1": 11,
        "2": 95,
        "3": 837,
        "4": 7353,
        "5": 31564,
        "6": 82755
    },
    "7002": {
        "0": 1,
        "1": 9,
        "2": 81,
        "3": 732,
        "4": 6616,
        "5": 26778,
        "6": 72096
    },
    "7003": {
        "0": 1,
        "1": 8,
        "2": 70,
        "3": 618,
        "4": 5440,
        "5": 14753,
        "6": 32324
    },
    "7004": {
        "0": 1,
        "1": 11,
        "2": 92,
        "3": 788,
        "4": 6792,
        "5": 25931,
        "6": 58565
    },
    "7005": {
        "0": 1,
        "1": 14,
        "2": 132,
        "3": 1169,
        "4": 10257,
        "5": 57167,
        "6": 205921
    },
    "7006": {
        "0": 1,
        "1": 10,
        "2": 85,
        "3": 742,
        "4": 6456,
        "5": 23315,
        "6": 53571
    },
    "7007": {
        "0": 1,
        "1": 12,
        "2": 104,
        "3": 883,
        "4": 7524,
        "5": 31756,
        "6": 88412
    },
    "7008": {
        "0": 1,
        "1": 13,
        "2": 115,
        "3": 996,
        "4": 8658,
        "5": 42717,
        "6": 128093
    },
    "7009": {
        "0": 1,
        "1": 9,
        "2": 77,
        "3": 652,
        "4": 5511,
        "5": 13973,
        "6": 23924
    },
    "7010": {
        "0": 1,
        "1": 11,
        "2": 96,
        "3": 826,
        "4": 7101,
        "5": 28546,
        "6": 79192
    },
    "7011": {
        "0": 1,
        "1": 14,
        "2": 122,
        "3": 1033,
        "4": 8772,
        "5": 41837,
        "6": 122486
    },
    "7012": {
        "0": 1,
        "1": 10,
        "2": 84,
        "3": 713,
        "4": 6106,
        "5": 19874,
        "6": 42851
    },
    "7013": {
        "0": 1,
        "1": 11,
        "2": 98,
        "3": 850,
        "4": 7364,
        "5": 31288,
        "6": 79003
    },
    "7014": {
        "0": 1,
        "1": 10,
        "2": 86,
        "3": 749,
        "4": 6569,
        "5": 25243,
        "6": 69048
    },
    "7015": {
        "0": 1,
        "1": 10,
        "2": 86,
        "3": 747,
        "4": 6469,
        "5": 23209,
        "6": 54520
    },
    "7016": {
        "0": 1,
        "1": 12,
        "2": 100,
        "3": 837,
        "4": 7080,
        "5": 27412,
        "6": 65896
    },
    "7017": {
        "0": 1,
        "1": 11,
        "2": 96,
        "3": 853,
        "4": 7573,
        "5": 34193,
        "6": 92515
    },
    "7018": {
        "0": 1,
        "1": 12,
        "2": 105,
        "3": 900,
        "4": 7752,
        "5": 34306,
        "6": 92901
    },
    "7019": {
        "0": 1,
        "1": 11,
        "2": 93,
        "3": 796,
        "4": 6853,
        "5": 26611,
        "6": 64809
    },
    "7020": {
        "0": 1,
        "1": 9,
        "2": 75,
        "3": 652,
        "4": 5711,
        "5": 17453,
        "6": 38098
    },
    "7021": {
        "0": 1,
        "1": 12,
        "2": 110,
        "3": 975,
        "4": 8581,
        "5": 42273,
        "6": 132870
    },
    "7022": {
        "0": 1,
        "1": 10,
        "2": 89,
        "3": 788,
        "4": 6999,
        "5": 29238,
        "6": 77394
    },
    "7023": {
        "0": 1,
        "1": 9,
        "2": 76,
        "3": 649,
        "4": 5585,
        "5": 15664,
        "6": 31214
    },
    "7024": {
        "0": 1,
        "1": 11,
        "2": 95,
        "3": 827,
        "4": 7128,
        "5": 28641,
        "6": 72422
    },
    "7025": {
        "0": 1,
        "1": 11,
        "2": 93,
        "3": 809,
        "4": 7060,
        "5": 28926,
        "6": 79137
    },
    "7026": {
        "0": 1,
        "1": 10,
        "2": 87,
        "3": 769,
        "4": 6849,
        "5": 28260,
        "6": 78780
    },
    "7027": {
        "0": 1,
        "1": 11,
        "2": 92,
        "3": 791,
        "4": 6886,
        "5": 27526,
        "6": 68408
    },
    "7028": {
        "0": 1,
        "1": 13,
        "2": 112,
        "3": 952,
        "4": 8164,
        "5": 37641,
        "6": 109548
    },
    "7029": {
        "0": 1,
        "1": 13,
        "2": 117,
        "3": 1029,
        "4": 8969,
        "5": 45352,
        "6": 148398
    },
    "7030": {
        "0": 1,
        "1": 9,
        "2": 78,
        "3": 690,
        "4": 6103,
        "5": 21198,
        "6": 52235
    },
    "7031": {
        "0": 1,
        "1": 10,
        "2": 83,
        "3": 724,
        "4": 6333,
        "5": 22774,
        "6": 48575
    },
    "7032": {
        "0": 1,
        "1": 9,
        "2": 79,
        "3": 697,
        "4": 6164,
        "5": 21694,
        "6": 52936
    },
    "7033": {
        "0": 1,
        "1": 13,
        "2": 114,
        "3": 965,
        "4": 8193,
        "5": 37336,
        "6": 103105
    },
    "7034": {
        "0": 1,
        "1": 11,
        "2": 100,
        "3": 881,
        "4": 7731,
        "5": 34639,
        "6": 103254
    },
    "7035": {
        "0": 1,
        "1": 12,
        "2": 105,
        "3": 909,
        "4": 7894,
        "5": 35990,
        "6": 107314
    },
    "7036": {
        "0": 1,
        "1": 12,
        "2": 100,
        "3": 836,
        "4": 7086,
        "5": 27764,
        "6": 70655
    },
    "7037": {
        "0": 1,
        "1": 11,
        "2": 95,
        "3": 821,
        "4": 7153,
        "5": 29995,
        "6": 84440
    },
    "7038": {
        "0": 1,
        "1": 9,
        "2": 76,
        "3": 641,
        "4": 5447,
        "5": 13752,
        "6": 21127
    },
    "7039": {
        "0": 1,
        "1": 10,
        "2": 84,
        "3": 731,
        "4": 6349,
        "5": 22484,
        "6": 52198
    },
    "7040": {
        "0": 1,
        "1": 10,
        "2": 84,
        "3": 724,
        "4": 6268,
        "5": 21684,
        "6": 46715
    },
    "7041": {
        "0": 1,
        "1": 9,
        "2": 75,
        "3": 640,
        "4": 5473,
        "5": 14268,
        "6": 28263
    },
    "7042": {
        "0": 1,
        "1": 13,
        "2": 112,
        "3": 944,
        "4": 7962,
        "5": 34798,
        "6": 96452
    },
    "7043": {
        "0": 1,
        "1": 10,
        "2": 83,
        "3": 697,
        "4": 5912,
        "5": 17609,
        "6": 36948
    },
    "7044": {
        "0": 1,
        "1": 12,
        "2": 105,
        "3": 897,
        "4": 7725,
        "5": 33794,
        "6": 88289
    },
    "7045": {
        "0": 1,
        "1": 11,
        "2": 98,
        "3": 858,
        "4": 7530,
        "5": 33240,
        "6": 102218
    },
    "7046": {
        "0": 1,
        "1": 9,
        "2": 78,
        "3": 676,
        "4": 5888,
        "5": 18656,
        "6": 41798
    },
    "7047": {
        "0": 1,
        "1": 11,
        "2": 95,
        "3": 816,
        "4": 6990,
        "5": 27293,
        "6": 70372
    },
    "7048": {
        "0": 1,
        "1": 11,
        "2": 97,
        "3": 841,
        "4": 7290,
        "5": 30696,
        "6": 86214
    },
    "7049": {
        "0": 1,
        "1": 13,
        "2": 116,
        "3": 992,
        "4": 8483,
        "5": 40179,
        "6": 120644
    },
    "7050": {
        "0": 1,
        "1": 10,
        "2": 85,
        "3": 740,
        "4": 6488,
        "5": 24507,
        "6": 60771
    },
    "7051": {
        "0": 1,
        "1": 10,
        "2": 88,
        "3": 770,
        "4": 6733,
        "5": 26051,
        "6": 75071
    },
    "7052": {
        "0": 1,
        "1": 12,
        "2": 103,
        "3": 886,
        "4": 7637,
        "5": 33355,
        "6": 99774
    },
    "7053": {
        "0": 1,
        "1": 11,
        "2": 98,
        "3": 852,
        "4": 7416,
        "5": 31869,
        "6": 85429
    },
    "7054": {
        "0": 1,
        "1": 8,
        "2": 70,
        "3": 612,
        "4": 5373,
        "5": 14419,
        "6": 30056
    },
    "7055": {
        "0": 1,
        "1": 9,
        "2": 75,
        "3": 645,
        "4": 5547,
        "5": 15099,
        "6": 29477
    },
    "7056": {
        "0": 1,
        "1": 10,
        "2": 85,
        "3": 741,
        "4": 6457,
        "5": 23534,
        "6": 57513
    },
    "7057": {
        "0": 1,
        "1": 9,
        "2": 77,
        "3": 660,
        "4": 5735,
        "5": 17036,
        "6": 33986
    },
    "7058": {
        "0": 1,
        "1": 12,
        "2": 107,
        "3": 914,
        "4": 7749,
        "5": 33097,
        "6": 94400
    },
    "7059": {
        "0": 1,
        "1": 10,
        "2": 87,
        "3": 764,
        "4": 6657,
        "5": 25090,
        "6": 60076
    },
    "7060": {
        "0": 1,
        "1": 11,
        "2": 94,
        "3": 804,
        "4": 6908,
        "5": 27027,
        "6": 62498
    },
    "7061": {
        "0": 1,
        "1": 12,
        "2": 104,
        "3": 876,
        "4": 7427,
        "5": 30758,
        "6": 81391
    },
    "7062": {
        "0": 1,
        "1": 9,
        "2": 75,
        "3": 635,
        "4": 5405,
        "5": 13528,
        "6": 23120
    },
    "7063": {
        "0": 1,
        "1": 9,
        "2": 78,
        "3": 696,
        "4": 6161,
        "5": 21352,
        "6": 48714
    },
    "7064": {
        "0": 1,
        "1": 10,
        "2": 83,
        "3": 701,
        "4": 5970,
        "5": 18555,
        "6": 41408
    },
    "7065": {
        "0": 1,
        "1": 10,
        "2": 87,
        "3": 755,
        "4": 6606,
        "5": 25329,
        "6": 59852
    },
    "7066": {
        "0": 1,
        "1": 10,
        "2": 88,
        "3": 780,
        "4": 6871,
        "5": 27534,
        "6": 64107
    },
    "7067": {
        "0": 1,
        "1": 10,
        "2": 92,
        "3": 844,
        "4": 7681,
        "5": 36442,
        "6": 112290
    },
    "7068": {
        "0": 1,
        "1": 12,
        "2": 104,
        "3": 894,
        "4": 7745,
        "5": 34896,
        "6": 109285
    },
    "7069": {
        "0": 1,
        "1": 12,
        "2": 103,
        "3": 860,
        "4": 7202,
        "5": 27910,
        "6": 67425
    },
    "7070": {
        "0": 1,
        "1": 11,
        "2": 92,
        "3": 772,
        "4": 6517,
        "5": 22429,
        "6": 47704
    },
    "7071": {
        "0": 1,
        "1": 10,
        "2": 88,
        "3": 785,
        "4": 6968,
        "5": 28907,
        "6": 77216
    },
    "7072": {
        "0": 1,
        "1": 12,
        "2": 107,
        "3": 917,
        "4": 7808,
        "5": 33803,
        "6": 91519
    },
    "7073": {
        "0": 1,
        "1": 11,
        "2": 95,
        "3": 816,
        "4": 6991,
        "5": 27299,
        "6": 69222
    },
    "7074": {
        "0": 1,
        "1": 10,
        "2": 83,
        "3": 705,
        "4": 6006,
        "5": 18365,
        "6": 38982
    },
    "7075": {
        "0": 1,
        "1": 11,
        "2": 91,
        "3": 783,
        "4": 6777,
        "5": 25823,
        "6": 71096
    },
    "7076": {
        "0": 1,
        "1": 10,
        "2": 88,
        "3": 775,
        "4": 6793,
        "5": 26164,
        "6": 66590
    },
    "7077": {
        "0": 1,
        "1": 10,
        "2": 83,
        "3": 710,
        "4": 6111,
        "5": 19979,
        "6": 43163
    },
    "7078": {
        "0": 1,
        "1": 13,
        "2": 116,
        "3": 1006,
        "4": 8683,
        "5": 42201,
        "6": 134038
    },
    "7079": {
        "0": 1,
        "1": 11,
        "2": 96,
        "3": 830,
        "4": 7173,
        "5": 29343,
        "6": 76857
    },
    "7080": {
        "0": 1,
        "1": 10,
        "2": 88,
        "3": 769,
        "4": 6700,
        "5": 25289,
        "6": 66666
    },
    "7081": {
        "0": 1,
        "1": 11,
        "2": 96,
        "3": 823,
        "4": 7077,
        "5": 28283,
        "6": 71927
    },
    "7082": {
        "0": 1,
        "1": 12,
        "2": 103,
        "3": 888,
        "4": 7690,
        "5": 34145,
        "6": 95188
    },
    "7083": {
        "0": 1,
        "1": 10,
        "2": 82,
        "3": 688,
        "4": 5827,
        "5": 16799,
        "6": 32736
    },
    "7084": {
        "0": 1,
        "1": 14,
        "2": 130,
        "3": 1120,
        "4": 9579,
        "5": 49572,
        "6": 167225
    },
    "7085": {
        "0": 1,
        "1": 9,
        "2": 74,
        "3": 630,
        "4": 5428,
        "5": 14475,
        "6": 28438
    },
    "7086": {
        "0": 1,
        "1": 10,
        "2": 88,
        "3": 762,
        "4": 6621,
        "5": 24364,
        "6": 56896
    },
    "7087": {
        "0": 1,
        "1": 12,
        "2": 104,
        "3": 889,
        "4": 7608,
        "5": 32524,
        "6": 83528
    },
    "7088": {
        "0": 1,
        "1": 9,
        "2": 74,
        "3": 633,
        "4": 5495,
        "5": 15440,
        "6": 32065
    },
    "7089": {
        "0": 1,
        "1": 10,
        "2": 83,
        "3": 702,
        "4": 5967,
        "5": 18231,
        "6": 36271
    },
    "7090": {
        "0": 1,
        "1": 12,
        "2": 106,
        "3": 906,
        "4": 7751,
        "5": 33705,
        "6": 96092
    },
    "7091": {
        "0": 1,
        "1": 13,
        "2": 117,
        "3": 1026,
        "4": 8960,
        "5": 45093,
        "6": 141260
    },
    "7092": {
        "0": 1,
        "1": 13,
        "2": 122,
        "3": 1081,
        "4": 9493,
        "5": 50460,
        "6": 163095
    },
    "7093": {
        "0": 1,
        "1": 11,
        "2": 94,
        "3": 797,
        "4": 6790,
        "5": 25349,
        "6": 65058
    },
    "7094": {
        "0": 1,
        "1": 10,
        "2": 87,
        "3": 763,
        "4": 6752,
        "5": 27186,
        "6": 66591
    },
    "7095": {
        "0": 1,
        "1": 11,
        "2": 94,
        "3": 798,
        "4": 6794,
        "5": 25311,
        "6": 60698
    },
    "7096": {
        "0": 1,
        "1": 10,
        "2": 80,
        "3": 666,
        "4": 5648,
        "5": 15675,
        "6": 33837
    },
    "7097": {
        "0": 1,
        "1": 11,
        "2": 97,
        "3": 846,
        "4": 7380,
        "5": 31389,
        "6": 85001
    },
    "7098": {
        "0": 1,
        "1": 12,
        "2": 107,
        "3": 920,
        "4": 7869,
        "5": 34828,
        "6": 102368
    },
    "7099": {
        "0": 1,
        "1": 12,
        "2": 106,
        "3": 926,
        "4": 8033,
        "5": 36780,
        "6": 101263
    }
}