{
    "29200": {
        "0": 1,
        "1": 13,
        "2": 120,
        "3": 1039,
        "4": 8874,
        "5": 42929,
        "6": 133619
    },
    "29201": {
        "0": 1,
        "1": 8,
        "2": 67,
        "3": 573,
        "4": 4955,
        "5": 10486,
        "6": 22023
    },
    "29202": {
        "0": 1,
        "1": 10,
        "2": 85,
        "3": 746,
        "4": 6648,
        "5": 26878,
        "6": 84259
    },
    "29203": {
        "0": 1,
        "1": 14,
        "2": 130,
        "3": 1146,
        "4": 10080,
        "5": 55868,
        "6": 195950
    },
    "29204": {
        "0": 1,
        "1": 14,
        "2": 123,
        "3": 1035,
        "4": 8756,
        "5": 41991,
        "6": 120295
    },
    "29205": {
        "0": 1,
        "1": 10,
        "2": 85,
        "3": 734,
        "4": 6300,
        "5": 20919,
        "6": 42864
    },
    "29206": {
        "0": 1,
        "1": 11,
        "2": 96,
        "3": 833,
        "4": 7275,
        "5": 30775,
        "6": 86028
    },
    "29207": {
        "0": 1,
        "1": 11,
        "2": 94,
        "3": 801,
        "4": 6823,
        "5": 25384,
        "6": 61349
    },
    "29208": {
        "0": 1,
        "1": 8,
        "2": 70,
        "3": 603,
        "4": 5201,
        "5": 12131,
        "6": 19594
    },
    "29209": {
        "0": 1,
        "1": 11,
        "2": 97,
        "3": 847,
        "4": 7381,
        "5": 31475,
        "6": 85949
    },
    "29210": {
        "0": 1,
        "1": 10,
        "2": 84,
        "3": 713,
        "4": 6078,
        "5": 19051,
        "6": 42711
    },
    "29211": {
        "0": 1,
        "1": 12,
        "2": 102,
        "3": 862,
        "4": 7336,
        "5": 29869,
        "6": 75949
    },
    "29212": {
        "0": 1,
        "1": 10,
        "2": 89,
        "3": 795,
        "4": 7036,
        "5": 29035,
        "6": 71546
    },
    "29213": {
        "0": 1,
        "1": 13,
        "2": 119,
        "3": 1025,
        "4": 8746,
        "5": 41929,
        "6": 124959
    },
    "29214": {
        "0": 1,
        "1": 11,
        "2": 95,
        "3": 843,
        "4": 7461,
        "5": 33143,
        "6": 97803
    },
    "29215": {
        "0": 1,
        "1": 10,
        "2": 87,
        "3": 748,
        "4": 6419,
        "5": 22557,
        "6": 45941
    },
    "29216": {
        "0": 1,
        "1": 11,
        "2": 97,
        "3": 849,
        "4": 7419,
        "5": 32119,
        "6": 94894
    },
    "29217": {
        "0": 1,
        "1": 12,
        "2": 109,
        "3": 958,
        "4": 8279,
        "5": 38412,
        "6": 117575
    },
    "29218": {
        "0": 1,
        "1": 10,
        "2": 90,
        "3": 816,
        "4": 7327,
        "5": 32443,
        "6": 81535
    },
    "29219": {
        "0": 1,
        "1": 11,
        "2": 95,
        "3": 814,
        "4": 6979,
        "5": 27350,
        "6": 70169
    },
    "29220": {
        "0": 1,
        "1": 10,
        "2": 83,
        "3": 713,
        "4": 6095,
        "5": 19303,
        "6": 37979
    },
    "29221": {
        "0": 1,
        "1": 12,
        "2": 100,
        "3": 828,
        "4": 6916,
        "5": 25462,
        "6": 53249
    },
    "29222": {
        "0": 1,
        "1": 11,
        "2": 98,
        "3": 844,
        "4": 7222,
        "5": 29160,
        "6": 77696
    },
    "29223": {
        "0": 1,
        "1": 11,
        "2": 96,
        "3": 841,
        "4": 7333,
        "5": 31174,
        "6": 83970
    },
    "29224": {
        "0": 1,
        "1": 12,
        "2": 104,
        "3": 878,
        "4": 7416,
        "5": 30585,
        "6": 85425
    },
    "29225": {
        "0": 1,
        "1": 10,
        "2": 82,
        "3": 699,
        "4": 5982,
        "5": 18657,
        "6": 39813
    },
    "29226": {
        "0": 1,
        "1": 12,
        "2": 102,
        "3": 870,
        "4": 7433,
        "5": 30480,
        "6": 73357
    },
    "29227": {
        "0": 1,
        "1": 9,
        "2": 77,
        "3": 670,
        "4": 5821,
        "5": 17824,
        "6": 40275
    },
    "29228": {
        "0": 1,
        "1": 10,
        "2": 89,
        "3": 783,
        "4": 6924,
        "5": 28618,
        "6": 72715
    },
    "29229": {
        "0": 1,
        "1": 12,
        "2": 106,
        "3": 920,
        "4": 8032,
        "5": 37281,
        "6": 110755
    },
    "29230": {
        "0": 1,
        "1": 11,
        "2": 90,
        "3": 745,
        "4": 6224,
        "5": 19517,
        "6": 38760
    },
    "29231": {
        "0": 1,
        "1": 9,
        "2": 76,
        "3": 649,
        "4": 5620,
        "5": 16332,
        "6": 31092
    },
    "29232": {
        "0": 1,
        "1": 9,
        "2": 79,
        "3": 697,
        "4": 6158,
        "5": 21694,
        "6": 56769
    },
    "29233": {
        "0": 1,
        "1": 12,
        "2": 107,
        "3": 934,
        "4": 8099,
        "5": 37437,
        "6": 99008
    },
    "29234": {
        "0": 1,
        "1": 12,
        "2": 110,
        "3": 958,
        "4": 8239,
        "5": 37852,
        "6": 104832
    },
    "29235": {
        "0": 1,
        "1": 12,
        "2": 106,
        "3": 930,
        "4": 8091,
        "5": 37577,
        "6": 114168
    },
    "29236": {
        "0": 1,
        "1": 12,
        "2": 112,
        "3": 988,
        "4": 8646,
        "5": 42738,
        "6": 137694
    },
    "29237": {
        "0": 1,
        "1": 13,
        "2": 113,
        "3": 955,
        "4": 8076,
        "5": 36059,
        "6": 99929
    },
    "29238": {
        "0": 1,
        "1": 10,
        "2": 88,
        "3": 764,
        "4": 6678,
        "5": 25904,
        "6": 76608
    },
    "29239": {
        "0": 1,
        "1": 11,
        "2": 92,
        "3": 786,
        "4": 6763,
        "5": 25683,
        "6": 63600
    },
    "29240": {
        "0": 1,
        "1": 9,
        "2": 78,
        "3": 680,
        "4": 5955,
        "5": 19225,
        "6": 41925
    },
    "29241": {
        "0": 1,
        "1": 11,
        "2": 97,
        "3": 828,
        "4": 7131,
        "5": 29082,
        "6": 76998
    },
    "29242": {
        "0": 1,
        "1": 11,
        "2": 94,
        "3": 806,
        "4": 6931,
        "5": 26912,
        "6": 59960
    },
    "29243": {
        "0": 1,
        "1": 11,
        "2": 88,
        "3": 727,
        "4": 6109,
        "5": 19159,
        "6": 34717
    },
    "29244": {
        "0": 1,
        "1": 10,
        "2": 87,
        "3": 770,
        "4": 6804,
        "5": 27361,
        "6": 74194
    },
    "29245": {
        "0": 1,
        "1": 9,
        "2": 79,
        "3": 686,
        "4": 6027,
        "5": 20391,
        "6": 46409
    },
    "29246": {
        "0": 1,
        "1": 10,
        "2": 84,
        "3": 738,
        "4": 6493,
        "5": 24191,
        "6": 59206
    },
    "29247": {
        "0": 1,
        "1": 10,
        "2": 87,
        "3": 761,
        "4": 6674,
        "5": 25903,
        "6": 67607
    },
    "29248": {
        "0": 1,
        "1": 13,
        "2": 116,
        "3": 1001,
        "4": 8684,
        "5": 43120,
        "6": 138385
    },
    "29249": {
        "0": 1,
        "1": 11,
        "2": 92,
        "3": 775,
        "4": 6572,
        "5": 23293,
        "6": 46752
    },
    "29250": {
        "0": 1,
        "1": 8,
        "2": 70,
        "3": 613,
        "4": 5384,
        "5": 14756,
        "6": 30862
    },
    "29251": {
        "0": 1,
        "1": 10,
        "2": 87,
        "3": 769,
        "4": 6857,
        "5": 28483,
        "6": 75164
    },
    "29252": {
        "0": 1,
        "1": 11,
        "2": 101,
        "3": 905,
        "4": 8032,
        "5": 38077,
        "6": 112955
    },
    "29253": {
        "0": 1,
        "1": 11,
        "2": 92,
        "3": 777,
        "4": 6609,
        "5": 23661,
        "6": 52037
    },
    "29254": {
        "0": 1,
        "1": 10,
        "2": 83,
        "3": 699,
        "4": 5949,
        "5": 18210,
        "6": 41705
    },
    "29255": {
        "0": 1,
        "1": 11,
        "2": 98,
        "3": 860,
        "4": 7522,
        "5": 32980,
        "6": 85557
    },
    "29256": {
        "0": 1,
        "1": 10,
        "2": 92,
        "3": 818,
        "4": 7174,
        "5": 29597,
        "6": 82338
    },
    "29257": {
        "0": 1,
        "1": 12,
        "2": 101,
        "3": 847,
        "4": 7200,
        "5": 28867,
        "6": 80482
    },
    "29258": {
        "0": 1,
        "1": 11,
        "2": 98,
        "3": 890,
        "4": 8014,
        "5": 38671,
        "6": 112193
    },
    "29259": {
        "0": 1,
        "1": 11,
        "2": 98,
        "3": 847,
        "4": 7352,
        "5": 30851,
        "6": 86878
    },
    "29260": {
        "0": 1,
        "1": 12,
        "2": 106,
        "3": 910,
        "4": 7781,
        "5": 34224,
        "6": 99329
    },
    "29261": {
        "0": 1,
        "1": 12,
        "2": 108,
        "3": 933,
        "4": 8062,
        "5": 37064,
        "6": 111057
    },
    "29262": {
        "0": 1,
        "1": 11,
        "2": 95,
        "3": 818,
        "4": 7027,
        "5": 27601,
        "6": 66682
    },
    "29263": {
        "0": 1,
        "1": 13,
        "2": 119,
        "3": 1051,
        "4": 9195,
        "5": 47402,
        "6": 155549
    },
    "29264": {
        "0": 1,
        "1": 10,
        "2": 89,
        "3": 791,
        "4": 6992,
        "5": 28665,
        "6": 79001
    },
    "29265": {
        "0": 1,
        "1": 13,
        "2": 114,
        "3": 977,
        "4": 8395,
        "5": 39879,
        "6": 111905
    },
    "29266": {
        "0": 1,
        "1": 8,
        "2": 72,
        "3": 640,
        "4": 5688,
        "5": 17663,
        "6": 40291
    },
    "29267": {
        "0": 1,
        "1": 10,
        "2": 85,
        "3": 732,
        "4": 6328,
        "5": 21923,
        "6": 48371
    },
    "29268": {
        "0": 1,
        "1": 12,
        "2": 105,
        "3": 906,
        "4": 7823,
        "5": 34445,
        "6": 94506
    },
    "29269": {
        "0": 1,
        "1": 13,
        "2": 113,
        "3": 956,
        "4": 8093,
        "5": 36162,
        "6": 105445
    },
    "29270": {
        "0": 1,
        "1": 12,
        "2": 103,
        "3": 892,
        "4": 7725,
        "5": 34013,
        "6": 87145
    },
    "29271": {
        "0": 1,
        "1": 10,
        "2": 86,
        "3": 768,
        "4": 6797,
        "5": 26982,
        "6": 66374
    },
    "29272": {
        "0": 1,
        "1": 11,
        "2": 97,
        "3": 842,
        "4": 7287,
        "5": 30202,
        "6": 75999
    },
    "29273": {
        "0": 1,
        "1": 10,
        "2": 85,
        "3": 738,
        "4": 6412,
        "5": 23012,
        "6": 50994
    },
    "29274": {
        "0": 1,
        "1": 12,
        "2": 105,
        "3": 910,
        "4": 7829,
        "5": 34546,
        "6": 92277
    },
    "29275": {
        "0": 1,
        "1": 11,
        "2": 93,
        "3": 778,
        "4": 6542,
        "5": 22513,
        "6": 52932
    },
    "29276": {
        "0": 1,
        "1": 11,
        "2": 94,
        "3": 808,
        "4": 7011,
        "5": 28164,
        "6": 63178
    },
    "29277": {
        "0": 1,
        "1": 10,
        "2": 90,
        "3": 808,
        "4": 7236,
        "5": 31871,
        "6": 89896
    },
    "29278": {
        "0": 1,
        "1": 11,
        "2": 101,
        "3": 905,
        "4": 8096,
        "5": 39147,
        "6": 122201
    },
    "29279": {
        "0": 1,
        "1": 12,
        "2": 103,
        "3": 891,
        "4": 7745,
        "5": 34517,
        "6": 97274
    },
    "29280": {
        "0": 1,
        "1": 11,
        "2": 100,
        "3": 868,
        "4": 7439,
        "5": 31031,
        "6": 82902
    },
    "29281": {
        "0": 1,
        "1": 10,
        "2": 86,
        "3": 755,
        "4": 6642,
        "5": 25706,
        "6": 58760
    },
    "29282": {
        "0": 1,
        "1": 9,
        "2": 76,
        "3": 657,
        "4": 5705,
        "5": 16914,
        "6": 33864
    },
    "29283": {
        "0": 1,
        "1": 8,
        "2": 72,
        "3": 642,
        "4": 5710,
        "5": 17946,
        "6": 37940
    },
    "29284": {
        "0": 1,
        "1": 13,
        "2": 113,
        "3": 952,
        "4": 8087,
        "5": 36511,
        "6": 102128
    },
    "29285": {
        "0": 1,
        "1": 11,
        "2": 95,
        "3": 832,
        "4": 7296,
        "5": 30743,
        "6": 86589
    },
    "29286": {
        "0": 1,
        "1": 10,
        "2": 85,
        "3": 734,
        "4": 6365,
        "5": 22490,
        "6": 56383
    },
    "29287": {
        "0": 1,
        "1": 11,
        "2": 93,
        "3": 797,
        "4": 6860,
        "5": 26477,
        "6": 60004
    },
    "29288": {
        "0": 1,
        "1": 11,
        "2": 94,
        "3": 815,
        "4": 7061,
        "5": 28352,
        "6": 72051
    },
    "29289": {
        "0": 1,
        "1": 12,
        "2": 102,
        "3": 857,
        "4": 7254,
        "5": 29028,
        "6": 71128
    },
    "29290": {
        "0": 1,
        "1": 9,
        "2": 77,
        "3": 667,
        "4": 5810,
        "5": 18108,
        "6": 34186
    },
    "29291": {
        "0": 1,
        "1": 11,
        "2": 96,
        "3": 828,
        "4": 7159,
        "5": 29007,
        "6": 84569
    },
    "29292": {
        "0": 1,
        "1": 11,
        "2": 93,
        "3": 798,
        "4": 6903,
        "5": 27058,
        "6": 71341
    },
    "29293": {
        "0": 1,
        "1": 11,
        "2": 97,
        "3": 842,
        "4": 7307,
        "5": 30793,
        "6": 84898
    },
    "29294": {
        "0": 1,
        "1": 11,
        "2": 96,
        "3": 838,
        "4": 7321,
        "5": 31437,
        "6": 86650
    },
    "29295": {
        "0": 1,
        "1": 11,
        "2": 91,
        "3": 780,
        "4": 6755,
        "5": 25999,
        "6": 63988
    },
    "29296": {
        "0": 1,
        "1": 9,
        "2": 79,
        "3": 693,
        "4": 6068,
        "5": 20061,
        "6": 49431
    },
    "29297": {
        "0": 1,
        "1": 12,
        "2": 103,
        "3": 872,
        "4": 7416,
        "5": 30755,
        "6": 79731
    },
    "29298": {
        "0": 1,
        "1": 10,
        "2": 88,
        "3": 787,
        "4": 7056,
        "5": 30478,
        "6": 89046
    },
    "29299": {
        "0": 1,
        "1": 9,
        "2": 74,
        "3": 634,
        "4": 5455,
        "5": 14255,
        "6": 23895
    }
}