{
    "22500": {
        "0": 1,
        "1": 10,
        "2": 90,
        "3": 791,
        "4": 6930,
        "5": 28013,
        "6": 74958
    },
    "22501": {
        "0": 1,
        "1": 12,
        "2": 103,
        "3": 867,
        "4": 7333,
        "5": 29601,
        "6": 68789
    },
    "22502": {
        "0": 1,
        "1": 10,
        "2": 85,
        "3": 734,
        "4": 6374,
        "5": 22781,
        "6": 55139
    },
    "22503": {
        "0": 1,
        "1": 10,
        "2": 86,
        "3": 751,
        "4": 6581,
        "5": 25088,
        "6": 61220
    },
    "22504": {
        "0": 1,
        "1": 11,
        "2": 90,
        "3": 754,
        "4": 6361,
        "5": 21162,
        "6": 46135
    },
    "22505": {
        "0": 1,
        "1": 11,
        "2": 97,
        "3": 843,
        "4": 7311,
        "5": 30608,
        "6": 85926
    },
    "22506": {
        "0": 1,
        "1": 11,
        "2": 94,
        "3": 810,
        "4": 7003,
        "5": 27920,
        "6": 71697
    },
    "22507": {
        "0": 1,
        "1": 12,
        "2": 101,
        "3": 850,
        "4": 7225,
        "5": 29320,
        "6": 72981
    },
    "22508": {
        "0": 1,
        "1": 11,
        "2": 97,
        "3": 845,
        "4": 7349,
        "5": 31108,
        "6": 83345
    },
    "22509": {
        "0": 1,
        "1": 11,
        "2": 96,
        "3": 831,
        "4": 7184,
        "5": 29327,
        "6": 81894
    },
    "22510": {
        "0": 1,
        "1": 11,
        "2": 98,
        "3": 850,
        "4": 7333,
        "5": 30165,
        "6": 84635
    },
    "22511": {
        "0": 1,
        "1": 11,
        "2": 100,
        "3": 890,
        "4": 7891,
        "5": 36978,
        "6": 119853
    },
    "22512": {
        "0": 1,
        "1": 9,
        "2": 76,
        "3": 661,
        "4": 5771,
        "5": 17724,
        "6": 40167
    },
    "22513": {
        "0": 1,
        "1": 10,
        "2": 84,
        "3": 725,
        "4": 6253,
        "5": 21006,
        "6": 45120
    },
    "22514": {
        "0": 1,
        "1": 11,
        "2": 93,
        "3": 788,
        "4": 6720,
        "5": 24825,
        "6": 55735
    },
    "22515": {
        "0": 1,
        "1": 10,
        "2": 84,
        "3": 727,
        "4": 6366,
        "5": 23260,
        "6": 55926
    },
    "22516": {
        "0": 1,
        "1": 10,
        "2": 87,
        "3": 756,
        "4": 6583,
        "5": 24724,
        "6": 62866
    },
    "22517": {
        "0": 1,
        "1": 10,
        "2": 88,
        "3": 768,
        "4": 6733,
        "5": 26460,
        "6": 65289
    },
    "22518": {
        "0": 1,
        "1": 11,
        "2": 96,
        "3": 828,
        "4": 7185,
        "5": 29903,
        "6": 74750
    },
    "22519": {
        "0": 1,
        "1": 9,
        "2": 77,
        "3": 666,
        "4": 5754,
        "5": 17192,
        "6": 36879
    },
    "22520": {
        "0": 1,
        "1": 13,
        "2": 120,
        "3": 1064,
        "4": 9362,
        "5": 49681,
        "6": 175238
    },
    "22521": {
        "0": 1,
        "1": 9,
        "2": 78,
        "3": 678,
        "4": 5928,
        "5": 19136,
        "6": 41344
    },
    "22522": {
        "0": 1,
        "1": 12,
        "2": 102,
        "3": 862,
        "4": 7310,
        "5": 29144,
        "6": 68108
    },
    "22523": {
        "0": 1,
        "1": 9,
        "2": 74,
        "3": 623,
        "4": 5305,
        "5": 12855,
        "6": 20908
    },
    "22524": {
        "0": 1,
        "1": 12,
        "2": 103,
        "3": 866,
        "4": 7348,
        "5": 29944,
        "6": 78612
    },
    "22525": {
        "0": 1,
        "1": 11,
        "2": 96,
        "3": 825,
        "4": 7119,
        "5": 28964,
        "6": 75641
    },
    "22526": {
        "0": 1,
        "1": 10,
        "2": 82,
        "3": 693,
        "4": 5917,
        "5": 18113,
        "6": 36371
    },
    "22527": {
        "0": 1,
        "1": 11,
        "2": 101,
        "3": 896,
        "4": 7833,
        "5": 35259,
        "6": 109056
    },
    "22528": {
        "0": 1,
        "1": 10,
        "2": 83,
        "3": 717,
        "4": 6246,
        "5": 22062,
        "6": 45202
    },
    "22529": {
        "0": 1,
        "1": 13,
        "2": 110,
        "3": 924,
        "4": 7891,
        "5": 35284,
        "6": 96033
    },
    "22530": {
        "0": 1,
        "1": 8,
        "2": 72,
        "3": 643,
        "4": 5755,
        "5": 18755,
        "6": 44725
    },
    "22531": {
        "0": 1,
        "1": 9,
        "2": 75,
        "3": 650,
        "4": 5646,
        "5": 16363,
        "6": 34124
    },
    "22532": {
        "0": 1,
        "1": 11,
        "2": 97,
        "3": 856,
        "4": 7533,
        "5": 32908,
        "6": 88737
    },
    "22533": {
        "0": 1,
        "1": 8,
        "2": 68,
        "3": 578,
        "4": 4963,
        "5": 9966,
        "6": 15095
    },
    "22534": {
        "0": 1,
        "1": 12,
        "2": 104,
        "3": 880,
        "4": 7435,
        "5": 30234,
        "6": 76463
    },
    "22535": {
        "0": 1,
        "1": 10,
        "2": 88,
        "3": 777,
        "4": 6865,
        "5": 27857,
        "6": 77235
    },
    "22536": {
        "0": 1,
        "1": 12,
        "2": 101,
        "3": 884,
        "4": 7793,
        "5": 35846,
        "6": 108651
    },
    "22537": {
        "0": 1,
        "1": 12,
        "2": 101,
        "3": 844,
        "4": 7118,
        "5": 27835,
        "6": 71772
    },
    "22538": {
        "0": 1,
        "1": 10,
        "2": 86,
        "3": 743,
        "4": 6441,
        "5": 23209,
        "6": 52765
    },
    "22539": {
        "0": 1,
        "1": 11,
        "2": 92,
        "3": 776,
        "4": 6588,
        "5": 23479,
        "6": 50762
    },
    "22540": {
        "0": 1,
        "1": 11,
        "2": 100,
        "3": 903,
        "4": 8090,
        "5": 39245,
        "6": 117492
    },
    "22541": {
        "0": 1,
        "1": 13,
        "2": 115,
        "3": 990,
        "4": 8507,
        "5": 40690,
        "6": 115272
    },
    "22542": {
        "0": 1,
        "1": 9,
        "2": 74,
        "3": 634,
        "4": 5423,
        "5": 13704,
        "6": 26001
    },
    "22543": {
        "0": 1,
        "1": 11,
        "2": 92,
        "3": 787,
        "4": 6831,
        "5": 27142,
        "6": 65380
    },
    "22544": {
        "0": 1,
        "1": 13,
        "2": 118,
        "3": 1031,
        "4": 8981,
        "5": 45422,
        "6": 142796
    },
    "22545": {
        "0": 1,
        "1": 11,
        "2": 101,
        "3": 904,
        "4": 8038,
        "5": 38440,
        "6": 118139
    },
    "22546": {
        "0": 1,
        "1": 12,
        "2": 101,
        "3": 855,
        "4": 7313,
        "5": 30101,
        "6": 81037
    },
    "22547": {
        "0": 1,
        "1": 8,
        "2": 71,
        "3": 617,
        "4": 5392,
        "5": 14436,
        "6": 24439
    },
    "22548": {
        "0": 1,
        "1": 11,
        "2": 96,
        "3": 863,
        "4": 7732,
        "5": 35707,
        "6": 99251
    },
    "22549": {
        "0": 1,
        "1": 11,
        "2": 92,
        "3": 768,
        "4": 6467,
        "5": 22194,
        "6": 49510
    },
    "22550": {
        "0": 1,
        "1": 10,
        "2": 86,
        "3": 739,
        "4": 6385,
        "5": 22659,
        "6": 52697
    },
    "22551": {
        "0": 1,
        "1": 11,
        "2": 92,
        "3": 772,
        "4": 6517,
        "5": 22623,
        "6": 53359
    },
    "22552": {
        "0": 1,
        "1": 10,
        "2": 92,
        "3": 818,
        "4": 7251,
        "5": 31369,
        "6": 90414
    },
    "22553": {
        "0": 1,
        "1": 11,
        "2": 93,
        "3": 803,
        "4": 7012,
        "5": 28801,
        "6": 81904
    },
    "22554": {
        "0": 1,
        "1": 10,
        "2": 88,
        "3": 778,
        "4": 6839,
        "5": 27388,
        "6": 72726
    },
    "22555": {
        "0": 1,
        "1": 8,
        "2": 68,
        "3": 593,
        "4": 5196,
        "5": 12718,
        "6": 26459
    },
    "22556": {
        "0": 1,
        "1": 11,
        "2": 96,
        "3": 822,
        "4": 7042,
        "5": 27592,
        "6": 70211
    },
    "22557": {
        "0": 1,
        "1": 10,
        "2": 88,
        "3": 771,
        "4": 6730,
        "5": 25778,
        "6": 70476
    },
    "22558": {
        "0": 1,
        "1": 13,
        "2": 120,
        "3": 1061,
        "4": 9258,
        "5": 47764,
        "6": 153237
    },
    "22559": {
        "0": 1,
        "1": 13,
        "2": 116,
        "3": 1013,
        "4": 8821,
        "5": 44196,
        "6": 140590
    },
    "22560": {
        "0": 1,
        "1": 12,
        "2": 108,
        "3": 939,
        "4": 8089,
        "5": 36782,
        "6": 103442
    },
    "22561": {
        "0": 1,
        "1": 12,
        "2": 108,
        "3": 946,
        "4": 8268,
        "5": 39267,
        "6": 118891
    },
    "22562": {
        "0": 1,
        "1": 11,
        "2": 93,
        "3": 790,
        "4": 6775,
        "5": 25609,
        "6": 57880
    },
    "22563": {
        "0": 1,
        "1": 10,
        "2": 84,
        "3": 729,
        "4": 6344,
        "5": 22601,
        "6": 51343
    },
    "22564": {
        "0": 1,
        "1": 11,
        "2": 94,
        "3": 819,
        "4": 7116,
        "5": 28776,
        "6": 69066
    },
    "22565": {
        "0": 1,
        "1": 10,
        "2": 82,
        "3": 700,
        "4": 6005,
        "5": 18971,
        "6": 37899
    },
    "22566": {
        "0": 1,
        "1": 12,
        "2": 101,
        "3": 861,
        "4": 7379,
        "5": 30441,
        "6": 75594
    },
    "22567": {
        "0": 1,
        "1": 11,
        "2": 98,
        "3": 867,
        "4": 7615,
        "5": 33963,
        "6": 94966
    },
    "22568": {
        "0": 1,
        "1": 10,
        "2": 87,
        "3": 754,
        "4": 6537,
        "5": 23941,
        "6": 57913
    },
    "22569": {
        "0": 1,
        "1": 10,
        "2": 87,
        "3": 752,
        "4": 6515,
        "5": 23602,
        "6": 60183
    },
    "22570": {
        "0": 1,
        "1": 14,
        "2": 129,
        "3": 1148,
        "4": 10099,
        "5": 55526,
        "6": 188605
    },
    "22571": {
        "0": 1,
        "1": 11,
        "2": 93,
        "3": 808,
        "4": 7045,
        "5": 28680,
        "6": 69242
    },
    "22572": {
        "0": 1,
        "1": 12,
        "2": 100,
        "3": 828,
        "4": 6899,
        "5": 25174,
        "6": 56754
    },
    "22573": {
        "0": 1,
        "1": 11,
        "2": 91,
        "3": 764,
        "4": 6459,
        "5": 22251,
        "6": 47310
    },
    "22574": {
        "0": 1,
        "1": 11,
        "2": 92,
        "3": 780,
        "4": 6631,
        "5": 23310,
        "6": 54599
    },
    "22575": {
        "0": 1,
        "1": 11,
        "2": 91,
        "3": 772,
        "4": 6662,
        "5": 25249,
        "6": 59023
    },
    "22576": {
        "0": 1,
        "1": 12,
        "2": 106,
        "3": 916,
        "4": 7913,
        "5": 35462,
        "6": 102407
    },
    "22577": {
        "0": 1,
        "1": 12,
        "2": 102,
        "3": 885,
        "4": 7721,
        "5": 34138,
        "6": 84925
    },
    "22578": {
        "0": 1,
        "1": 12,
        "2": 108,
        "3": 938,
        "4": 8128,
        "5": 37848,
        "6": 107700
    },
    "22579": {
        "0": 1,
        "1": 12,
        "2": 106,
        "3": 919,
        "4": 8024,
        "5": 37753,
        "6": 117251
    },
    "22580": {
        "0": 1,
        "1": 12,
        "2": 100,
        "3": 850,
        "4": 7297,
        "5": 30392,
        "6": 79098
    },
    "22581": {
        "0": 1,
        "1": 11,
        "2": 92,
        "3": 777,
        "4": 6602,
        "5": 23570,
        "6": 47538
    },
    "22582": {
        "0": 1,
        "1": 14,
        "2": 127,
        "3": 1106,
        "4": 9621,
        "5": 51087,
        "6": 158165
    },
    "22583": {
        "0": 1,
        "1": 12,
        "2": 105,
        "3": 919,
        "4": 8021,
        "5": 36877,
        "6": 111389
    },
    "22584": {
        "0": 1,
        "1": 10,
        "2": 82,
        "3": 693,
        "4": 5913,
        "5": 18252,
        "6": 36555
    },
    "22585": {
        "0": 1,
        "1": 8,
        "2": 68,
        "3": 580,
        "4": 5003,
        "5": 10759,
        "6": 18924
    },
    "22586": {
        "0": 1,
        "1": 11,
        "2": 97,
        "3": 847,
        "4": 7383,
        "5": 31676,
        "6": 92561
    },
    "22587": {
        "0": 1,
        "1": 11,
        "2": 94,
        "3": 801,
        "4": 6847,
        "5": 26114,
        "6": 68058
    },
    "22588": {
        "0": 1,
        "1": 11,
        "2": 96,
        "3": 834,
        "4": 7229,
        "5": 29944,
        "6": 84705
    },
    "22589": {
        "0": 1,
        "1": 8,
        "2": 72,
        "3": 641,
        "4": 5696,
        "5": 17578,
        "6": 33697
    },
    "22590": {
        "0": 1,
        "1": 12,
        "2": 109,
        "3": 963,
        "4": 8473,
        "5": 41812,
        "6": 134160
    },
    "22591": {
        "0": 1,
        "1": 11,
        "2": 95,
        "3": 815,
        "4": 7004,
        "5": 27565,
        "6": 71160
    },
    "22592": {
        "0": 1,
        "1": 12,
        "2": 105,
        "3": 906,
        "4": 7844,
        "5": 35481,
        "6": 102783
    },
    "22593": {
        "0": 1,
        "1": 12,
        "2": 103,
        "3": 873,
        "4": 7433,
        "5": 30978,
        "6": 85926
    },
    "22594": {
        "0": 1,
        "1": 10,
        "2": 84,
        "3": 725,
        "4": 6253,
        "5": 21076,
        "6": 41012
    },
    "22595": {
        "0": 1,
        "1": 12,
        "2": 104,
        "3": 893,
        "4": 7709,
        "5": 34206,
        "6": 97665
    },
    "22596": {
        "0": 1,
        "1": 11,
        "2": 94,
        "3": 806,
        "4": 6900,
        "5": 26466,
        "6": 64427
    },
    "22597": {
        "0": 1,
        "1": 11,
        "2": 93,
        "3": 804,
        "4": 6968,
        "5": 27642,
        "6": 71649
    },
    "22598": {
        "0": 1,
        "1": 10,
        "2": 91,
        "3": 814,
        "4": 7259,
        "5": 31860,
        "6": 95079
    },
    "22599": {
        "0": 1,
        "1": 11,
        "2": 93,
        "3": 785,
        "4": 6638,
        "5": 23524,
        "6": 51260
    }
}