{
    "27000": {
        "0": 1,
        "1": 11,
        "2": 98,
        "3": 861,
        "4": 7519,
        "5": 32606,
        "6": 90467
    },
    "27001": {
        "0": 1,
        "1": 10,
        "2": 85,
        "3": 738,
        "4": 6401,
        "5": 22676,
        "6": 55823
    },
    "27002": {
        "0": 1,
        "1": 10,
        "2": 86,
        "3": 756,
        "4": 6612,
        "5": 24910,
        "6": 58715
    },
    "27003": {
        "0": 1,
        "1": 11,
        "2": 93,
        "3": 791,
        "4": 6762,
        "5": 25377,
        "6": 58784
    },
    "27004": {
        "0": 1,
        "1": 9,
        "2": 82,
        "3": 745,
        "4": 6716,
        "5": 27443,
        "6": 69210
    },
    "27005": {
        "0": 1,
        "1": 10,
        "2": 79,
        "3": 654,
        "4": 5480,
        "5": 13480,
        "6": 23234
    },
    "27006": {
        "0": 1,
        "1": 11,
        "2": 100,
        "3": 884,
        "4": 7708,
        "5": 33907,
        "6": 103434
    },
    "27007": {
        "0": 1,
        "1": 11,
        "2": 99,
        "3": 871,
        "4": 7621,
        "5": 33694,
        "6": 98209
    },
    "27008": {
        "0": 1,
        "1": 11,
        "2": 92,
        "3": 781,
        "4": 6676,
        "5": 24587,
        "6": 52915
    },
    "27009": {
        "0": 1,
        "1": 12,
        "2": 110,
        "3": 989,
        "4": 8828,
        "5": 45497,
        "6": 150177
    },
    "27010": {
        "0": 1,
        "1": 13,
        "2": 116,
        "3": 1005,
        "4": 8684,
        "5": 42527,
        "6": 132051
    },
    "27011": {
        "0": 1,
        "1": 12,
        "2": 103,
        "3": 875,
        "4": 7406,
        "5": 29989,
        "6": 77167
    },
    "27012": {
        "0": 1,
        "1": 13,
        "2": 113,
        "3": 970,
        "4": 8423,
        "5": 40917,
        "6": 134609
    },
    "27013": {
        "0": 1,
        "1": 10,
        "2": 83,
        "3": 716,
        "4": 6231,
        "5": 21506,
        "6": 50850
    },
    "27014": {
        "0": 1,
        "1": 10,
        "2": 86,
        "3": 738,
        "4": 6334,
        "5": 21789,
        "6": 49829
    },
    "27015": {
        "0": 1,
        "1": 12,
        "2": 105,
        "3": 911,
        "4": 7862,
        "5": 35149,
        "6": 101404
    },
    "27016": {
        "0": 1,
        "1": 11,
        "2": 102,
        "3": 904,
        "4": 7993,
        "5": 37666,
        "6": 112814
    },
    "27017": {
        "0": 1,
        "1": 10,
        "2": 89,
        "3": 776,
        "4": 6792,
        "5": 26749,
        "6": 64623
    },
    "27018": {
        "0": 1,
        "1": 13,
        "2": 117,
        "3": 1018,
        "4": 8873,
        "5": 44968,
        "6": 135585
    },
    "27019": {
        "0": 1,
        "1": 10,
        "2": 82,
        "3": 696,
        "4": 5967,
        "5": 18799,
        "6": 42103
    },
    "27020": {
        "0": 1,
        "1": 11,
        "2": 91,
        "3": 768,
        "4": 6566,
        "5": 23631,
        "6": 55293
    },
    "27021": {
        "0": 1,
        "1": 10,
        "2": 83,
        "3": 709,
        "4": 6077,
        "5": 19502,
        "6": 45311
    },
    "27022": {
        "0": 1,
        "1": 11,
        "2": 95,
        "3": 837,
        "4": 7388,
        "5": 32465,
        "6": 87199
    },
    "27023": {
        "0": 1,
        "1": 10,
        "2": 86,
        "3": 741,
        "4": 6421,
        "5": 23112,
        "6": 58225
    },
    "27024": {
        "0": 1,
        "1": 13,
        "2": 115,
        "3": 985,
        "4": 8436,
        "5": 39610,
        "6": 106581
    },
    "27025": {
        "0": 1,
        "1": 11,
        "2": 91,
        "3": 769,
        "4": 6527,
        "5": 22897,
        "6": 49844
    },
    "27026": {
        "0": 1,
        "1": 12,
        "2": 108,
        "3": 936,
        "4": 8026,
        "5": 35835,
        "6": 97826
    },
    "27027": {
        "0": 1,
        "1": 13,
        "2": 112,
        "3": 937,
        "4": 7882,
        "5": 34104,
        "6": 97957
    },
    "27028": {
        "0": 1,
        "1": 13,
        "2": 112,
        "3": 947,
        "4": 8102,
        "5": 36992,
        "6": 99201
    },
    "27029": {
        "0": 1,
        "1": 12,
        "2": 105,
        "3": 899,
        "4": 7654,
        "5": 32472,
        "6": 87590
    },
    "27030": {
        "0": 1,
        "1": 11,
        "2": 95,
        "3": 827,
        "4": 7261,
        "5": 31304,
        "6": 89445
    },
    "27031": {
        "0": 1,
        "1": 11,
        "2": 97,
        "3": 852,
        "4": 7477,
        "5": 32511,
        "6": 90123
    },
    "27032": {
        "0": 1,
        "1": 13,
        "2": 118,
        "3": 1026,
        "4": 8870,
        "5": 43817,
        "6": 135288
    },
    "27033": {
        "0": 1,
        "1": 11,
        "2": 90,
        "3": 758,
        "4": 6466,
        "5": 22878,
        "6": 51537
    },
    "27034": {
        "0": 1,
        "1": 13,
        "2": 115,
        "3": 983,
        "4": 8390,
        "5": 39042,
        "6": 117653
    },
    "27035": {
        "0": 1,
        "1": 13,
        "2": 112,
        "3": 938,
        "4": 7886,
        "5": 34063,
        "6": 89853
    },
    "27036": {
        "0": 1,
        "1": 9,
        "2": 78,
        "3": 676,
        "4": 5863,
        "5": 18088,
        "6": 35427
    },
    "27037": {
        "0": 1,
        "1": 8,
        "2": 67,
        "3": 567,
        "4": 4883,
        "5": 9787,
        "6": 18384
    },
    "27038": {
        "0": 1,
        "1": 12,
        "2": 101,
        "3": 844,
        "4": 7123,
        "5": 27920,
        "6": 73843
    },
    "27039": {
        "0": 1,
        "1": 11,
        "2": 93,
        "3": 791,
        "4": 6758,
        "5": 25333,
        "6": 60368
    },
    "27040": {
        "0": 1,
        "1": 9,
        "2": 75,
        "3": 650,
        "4": 5634,
        "5": 15995,
        "6": 28822
    },
    "27041": {
        "0": 1,
        "1": 11,
        "2": 98,
        "3": 851,
        "4": 7370,
        "5": 31097,
        "6": 82116
    },
    "27042": {
        "0": 1,
        "1": 11,
        "2": 92,
        "3": 784,
        "4": 6761,
        "5": 25747,
        "6": 60297
    },
    "27043": {
        "0": 1,
        "1": 12,
        "2": 114,
        "3": 1035,
        "4": 9251,
        "5": 49172,
        "6": 173873
    },
    "27044": {
        "0": 1,
        "1": 14,
        "2": 126,
        "3": 1079,
        "4": 9199,
        "5": 45987,
        "6": 140041
    },
    "27045": {
        "0": 1,
        "1": 10,
        "2": 84,
        "3": 727,
        "4": 6298,
        "5": 21635,
        "6": 51878
    },
    "27046": {
        "0": 1,
        "1": 9,
        "2": 74,
        "3": 636,
        "4": 5487,
        "5": 14573,
        "6": 28002
    },
    "27047": {
        "0": 1,
        "1": 9,
        "2": 76,
        "3": 663,
        "4": 5811,
        "5": 18392,
        "6": 42083
    },
    "27048": {
        "0": 1,
        "1": 12,
        "2": 109,
        "3": 965,
        "4": 8553,
        "5": 42993,
        "6": 140416
    },
    "27049": {
        "0": 1,
        "1": 10,
        "2": 85,
        "3": 747,
        "4": 6515,
        "5": 24105,
        "6": 66778
    },
    "27050": {
        "0": 1,
        "1": 10,
        "2": 84,
        "3": 731,
        "4": 6400,
        "5": 23590,
        "6": 61697
    },
    "27051": {
        "0": 1,
        "1": 12,
        "2": 104,
        "3": 884,
        "4": 7523,
        "5": 31308,
        "6": 78498
    },
    "27052": {
        "0": 1,
        "1": 11,
        "2": 96,
        "3": 819,
        "4": 7050,
        "5": 28217,
        "6": 78635
    },
    "27053": {
        "0": 1,
        "1": 12,
        "2": 105,
        "3": 887,
        "4": 7522,
        "5": 31389,
        "6": 84947
    },
    "27054": {
        "0": 1,
        "1": 10,
        "2": 82,
        "3": 690,
        "4": 5916,
        "5": 17831,
        "6": 42322
    },
    "27055": {
        "0": 1,
        "1": 11,
        "2": 99,
        "3": 882,
        "4": 7866,
        "5": 36882,
        "6": 111379
    },
    "27056": {
        "0": 1,
        "1": 12,
        "2": 112,
        "3": 1011,
        "4": 8992,
        "5": 46469,
        "6": 154987
    },
    "27057": {
        "0": 1,
        "1": 9,
        "2": 76,
        "3": 646,
        "4": 5530,
        "5": 14833,
        "6": 28395
    },
    "27058": {
        "0": 1,
        "1": 10,
        "2": 85,
        "3": 763,
        "4": 6818,
        "5": 28056,
        "6": 76165
    },
    "27059": {
        "0": 1,
        "1": 9,
        "2": 75,
        "3": 642,
        "4": 5529,
        "5": 15200,
        "6": 27857
    },
    "27060": {
        "0": 1,
        "1": 13,
        "2": 117,
        "3": 1017,
        "4": 8842,
        "5": 44212,
        "6": 129228
    },
    "27061": {
        "0": 1,
        "1": 10,
        "2": 87,
        "3": 765,
        "4": 6743,
        "5": 26374,
        "6": 69609
    },
    "27062": {
        "0": 1,
        "1": 10,
        "2": 88,
        "3": 766,
        "4": 6654,
        "5": 25315,
        "6": 64237
    },
    "27063": {
        "0": 1,
        "1": 9,
        "2": 75,
        "3": 643,
        "4": 5571,
        "5": 15733,
        "6": 30216
    },
    "27064": {
        "0": 1,
        "1": 13,
        "2": 114,
        "3": 979,
        "4": 8409,
        "5": 39670,
        "6": 109938
    },
    "27065": {
        "0": 1,
        "1": 12,
        "2": 106,
        "3": 921,
        "4": 7986,
        "5": 36674,
        "6": 108239
    },
    "27066": {
        "0": 1,
        "1": 13,
        "2": 114,
        "3": 957,
        "4": 8038,
        "5": 35111,
        "6": 98105
    },
    "27067": {
        "0": 1,
        "1": 12,
        "2": 105,
        "3": 902,
        "4": 7752,
        "5": 33803,
        "6": 94718
    },
    "27068": {
        "0": 1,
        "1": 10,
        "2": 87,
        "3": 781,
        "4": 7003,
        "5": 29639,
        "6": 80721
    },
    "27069": {
        "0": 1,
        "1": 12,
        "2": 108,
        "3": 946,
        "4": 8258,
        "5": 39361,
        "6": 110825
    },
    "27070": {
        "0": 1,
        "1": 12,
        "2": 105,
        "3": 887,
        "4": 7528,
        "5": 31673,
        "6": 88889
    },
    "27071": {
        "0": 1,
        "1": 10,
        "2": 85,
        "3": 717,
        "4": 6078,
        "5": 18957,
        "6": 38089
    },
    "27072": {
        "0": 1,
        "1": 11,
        "2": 92,
        "3": 796,
        "4": 6933,
        "5": 27842,
        "6": 67107
    },
    "27073": {
        "0": 1,
        "1": 10,
        "2": 90,
        "3": 805,
        "4": 7134,
        "5": 30044,
        "6": 83999
    },
    "27074": {
        "0": 1,
        "1": 11,
        "2": 97,
        "3": 843,
        "4": 7325,
        "5": 30537,
        "6": 73398
    },
    "27075": {
        "0": 1,
        "1": 11,
        "2": 96,
        "3": 834,
        "4": 7211,
        "5": 29432,
        "6": 70965
    },
    "27076": {
        "0": 1,
        "1": 10,
        "2": 87,
        "3": 751,
        "4": 6547,
        "5": 24634,
        "6": 57319
    },
    "27077": {
        "0": 1,
        "1": 13,
        "2": 119,
        "3": 1035,
        "4": 8919,
        "5": 44187,
        "6": 135327
    },
    "27078": {
        "0": 1,
        "1": 11,
        "2": 94,
        "3": 811,
        "4": 7087,
        "5": 29608,
        "6": 82713
    },
    "27079": {
        "0": 1,
        "1": 10,
        "2": 84,
        "3": 721,
        "4": 6243,
        "5": 21108,
        "6": 42001
    },
    "27080": {
        "0": 1,
        "1": 14,
        "2": 131,
        "3": 1156,
        "4": 10054,
        "5": 54812,
        "6": 182449
    },
    "27081": {
        "0": 1,
        "1": 11,
        "2": 90,
        "3": 759,
        "4": 6429,
        "5": 21826,
        "6": 45052
    },
    "27082": {
        "0": 1,
        "1": 10,
        "2": 85,
        "3": 734,
        "4": 6307,
        "5": 21496,
        "6": 40453
    },
    "27083": {
        "0": 1,
        "1": 8,
        "2": 71,
        "3": 623,
        "4": 5471,
        "5": 15224,
        "6": 31279
    },
    "27084": {
        "0": 1,
        "1": 12,
        "2": 105,
        "3": 939,
        "4": 8388,
        "5": 41765,
        "6": 126161
    },
    "27085": {
        "0": 1,
        "1": 11,
        "2": 90,
        "3": 748,
        "4": 6289,
        "5": 20585,
        "6": 44627
    },
    "27086": {
        "0": 1,
        "1": 10,
        "2": 80,
        "3": 668,
        "4": 5657,
        "5": 15724,
        "6": 31820
    },
    "27087": {
        "0": 1,
        "1": 13,
        "2": 119,
        "3": 1036,
        "4": 8967,
        "5": 44866,
        "6": 142873
    },
    "27088": {
        "0": 1,
        "1": 12,
        "2": 110,
        "3": 971,
        "4": 8510,
        "5": 41740,
        "6": 133508
    },
    "27089": {
        "0": 1,
        "1": 11,
        "2": 94,
        "3": 809,
        "4": 6984,
        "5": 27660,
        "6": 60964
    },
    "27090": {
        "0": 1,
        "1": 13,
        "2": 117,
        "3": 1010,
        "4": 8687,
        "5": 42046,
        "6": 129110
    },
    "27091": {
        "0": 1,
        "1": 10,
        "2": 84,
        "3": 735,
        "4": 6443,
        "5": 23803,
        "6": 59756
    },
    "27092": {
        "0": 1,
        "1": 15,
        "2": 141,
        "3": 1194,
        "4": 9930,
        "5": 50017,
        "6": 155924
    },
    "27093": {
        "0": 1,
        "1": 11,
        "2": 95,
        "3": 819,
        "4": 7091,
        "5": 28982,
        "6": 78249
    },
    "27094": {
        "0": 1,
        "1": 10,
        "2": 91,
        "3": 831,
        "4": 7478,
        "5": 34035,
        "6": 98357
    },
    "27095": {
        "0": 1,
        "1": 11,
        "2": 96,
        "3": 828,
        "4": 7115,
        "5": 28385,
        "6": 64705
    },
    "27096": {
        "0": 1,
        "1": 11,
        "2": 91,
        "3": 770,
        "4": 6583,
        "5": 24113,
        "6": 56602
    },
    "27097": {
        "0": 1,
        "1": 10,
        "2": 83,
        "3": 715,
        "4": 6156,
        "5": 20451,
        "6": 38662
    },
    "27098": {
        "0": 1,
        "1": 12,
        "2": 103,
        "3": 877,
        "4": 7477,
        "5": 31146,
        "6": 77339
    },
    "27099": {
        "0": 1,
        "1": 10,
        "2": 87,
        "3": 764,
        "4": 6693,
        "5": 25858,
        "6": 61636
    }
}