{
    "21400": {
        "0": 1,
        "1": 10,
        "2": 85,
        "3": 738,
        "4": 6439,
        "5": 23656,
        "6": 55296
    },
    "21401": {
        "0": 1,
        "1": 10,
        "2": 83,
        "3": 712,
        "4": 6101,
        "5": 19535,
        "6": 37732
    },
    "21402": {
        "0": 1,
        "1": 10,
        "2": 85,
        "3": 727,
        "4": 6265,
        "5": 21586,
        "6": 47928
    },
    "21403": {
        "0": 1,
        "1": 10,
        "2": 85,
        "3": 739,
        "4": 6479,
        "5": 24326,
        "6": 62136
    },
    "21404": {
        "0": 1,
        "1": 10,
        "2": 88,
        "3": 744,
        "4": 6312,
        "5": 21106,
        "6": 50285
    },
    "21405": {
        "0": 1,
        "1": 10,
        "2": 85,
        "3": 736,
        "4": 6388,
        "5": 22910,
        "6": 54835
    },
    "21406": {
        "0": 1,
        "1": 9,
        "2": 76,
        "3": 646,
        "4": 5532,
        "5": 14846,
        "6": 29866
    },
    "21407": {
        "0": 1,
        "1": 11,
        "2": 99,
        "3": 885,
        "4": 7881,
        "5": 37190,
        "6": 113764
    },
    "21408": {
        "0": 1,
        "1": 10,
        "2": 84,
        "3": 736,
        "4": 6459,
        "5": 23984,
        "6": 52051
    },
    "21409": {
        "0": 1,
        "1": 10,
        "2": 83,
        "3": 704,
        "4": 6029,
        "5": 19328,
        "6": 40045
    },
    "21410": {
        "0": 1,
        "1": 11,
        "2": 96,
        "3": 827,
        "4": 7111,
        "5": 28338,
        "6": 69258
    },
    "21411": {
        "0": 1,
        "1": 12,
        "2": 104,
        "3": 893,
        "4": 7652,
        "5": 32943,
        "6": 94645
    },
    "21412": {
        "0": 1,
        "1": 10,
        "2": 88,
        "3": 782,
        "4": 6976,
        "5": 29073,
        "6": 80782
    },
    "21413": {
        "0": 1,
        "1": 11,
        "2": 93,
        "3": 794,
        "4": 6812,
        "5": 25606,
        "6": 65976
    },
    "21414": {
        "0": 1,
        "1": 10,
        "2": 88,
        "3": 763,
        "4": 6646,
        "5": 25313,
        "6": 66832
    },
    "21415": {
        "0": 1,
        "1": 11,
        "2": 92,
        "3": 787,
        "4": 6801,
        "5": 26036,
        "6": 65122
    },
    "21416": {
        "0": 1,
        "1": 13,
        "2": 122,
        "3": 1092,
        "4": 9726,
        "5": 53639,
        "6": 188648
    },
    "21417": {
        "0": 1,
        "1": 10,
        "2": 86,
        "3": 748,
        "4": 6525,
        "5": 24532,
        "6": 64220
    },
    "21418": {
        "0": 1,
        "1": 10,
        "2": 88,
        "3": 769,
        "4": 6692,
        "5": 25240,
        "6": 68494
    },
    "21419": {
        "0": 1,
        "1": 10,
        "2": 90,
        "3": 811,
        "4": 7361,
        "5": 34086,
        "6": 105195
    },
    "21420": {
        "0": 1,
        "1": 10,
        "2": 86,
        "3": 743,
        "4": 6460,
        "5": 23768,
        "6": 58310
    },
    "21421": {
        "0": 1,
        "1": 13,
        "2": 113,
        "3": 972,
        "4": 8395,
        "5": 39663,
        "6": 111456
    },
    "21422": {
        "0": 1,
        "1": 12,
        "2": 100,
        "3": 836,
        "4": 7121,
        "5": 28574,
        "6": 75569
    },
    "21423": {
        "0": 1,
        "1": 10,
        "2": 85,
        "3": 731,
        "4": 6285,
        "5": 21303,
        "6": 43907
    },
    "21424": {
        "0": 1,
        "1": 12,
        "2": 104,
        "3": 889,
        "4": 7546,
        "5": 31592,
        "6": 86643
    },
    "21425": {
        "0": 1,
        "1": 11,
        "2": 95,
        "3": 825,
        "4": 7183,
        "5": 29858,
        "6": 82860
    },
    "21426": {
        "0": 1,
        "1": 10,
        "2": 86,
        "3": 738,
        "4": 6340,
        "5": 21931,
        "6": 52318
    },
    "21427": {
        "0": 1,
        "1": 11,
        "2": 93,
        "3": 797,
        "4": 6879,
        "5": 26643,
        "6": 69487
    },
    "21428": {
        "0": 1,
        "1": 12,
        "2": 103,
        "3": 871,
        "4": 7399,
        "5": 30470,
        "6": 80134
    },
    "21429": {
        "0": 1,
        "1": 9,
        "2": 80,
        "3": 708,
        "4": 6298,
        "5": 23500,
        "6": 65033
    },
    "21430": {
        "0": 1,
        "1": 11,
        "2": 95,
        "3": 829,
        "4": 7231,
        "5": 30347,
        "6": 77313
    },
    "21431": {
        "0": 1,
        "1": 10,
        "2": 83,
        "3": 717,
        "4": 6150,
        "5": 19729,
        "6": 35428
    },
    "21432": {
        "0": 1,
        "1": 9,
        "2": 76,
        "3": 656,
        "4": 5660,
        "5": 16219,
        "6": 32353
    },
    "21433": {
        "0": 1,
        "1": 11,
        "2": 96,
        "3": 843,
        "4": 7379,
        "5": 31772,
        "6": 85151
    },
    "21434": {
        "0": 1,
        "1": 12,
        "2": 105,
        "3": 899,
        "4": 7734,
        "5": 33794,
        "6": 99016
    },
    "21435": {
        "0": 1,
        "1": 11,
        "2": 94,
        "3": 803,
        "4": 6932,
        "5": 27404,
        "6": 70340
    },
    "21436": {
        "0": 1,
        "1": 10,
        "2": 85,
        "3": 718,
        "4": 6114,
        "5": 19647,
        "6": 42013
    },
    "21437": {
        "0": 1,
        "1": 10,
        "2": 86,
        "3": 742,
        "4": 6435,
        "5": 23215,
        "6": 58309
    },
    "21438": {
        "0": 1,
        "1": 11,
        "2": 98,
        "3": 876,
        "4": 7779,
        "5": 35718,
        "6": 113214
    },
    "21439": {
        "0": 1,
        "1": 10,
        "2": 90,
        "3": 794,
        "4": 7005,
        "5": 29088,
        "6": 80598
    },
    "21440": {
        "0": 1,
        "1": 11,
        "2": 89,
        "3": 745,
        "4": 6307,
        "5": 21152,
        "6": 45587
    },
    "21441": {
        "0": 1,
        "1": 9,
        "2": 77,
        "3": 662,
        "4": 5758,
        "5": 17447,
        "6": 34458
    },
    "21442": {
        "0": 1,
        "1": 11,
        "2": 93,
        "3": 800,
        "4": 6898,
        "5": 26696,
        "6": 63839
    },
    "21443": {
        "0": 1,
        "1": 10,
        "2": 88,
        "3": 765,
        "4": 6668,
        "5": 25362,
        "6": 67342
    },
    "21444": {
        "0": 1,
        "1": 11,
        "2": 98,
        "3": 866,
        "4": 7573,
        "5": 33234,
        "6": 90390
    },
    "21445": {
        "0": 1,
        "1": 11,
        "2": 97,
        "3": 836,
        "4": 7234,
        "5": 30143,
        "6": 79915
    },
    "21446": {
        "0": 1,
        "1": 10,
        "2": 85,
        "3": 731,
        "4": 6318,
        "5": 21806,
        "6": 49743
    },
    "21447": {
        "0": 1,
        "1": 10,
        "2": 89,
        "3": 781,
        "4": 6819,
        "5": 26565,
        "6": 66094
    },
    "21448": {
        "0": 1,
        "1": 11,
        "2": 95,
        "3": 813,
        "4": 6978,
        "5": 27428,
        "6": 72459
    },
    "21449": {
        "0": 1,
        "1": 12,
        "2": 105,
        "3": 891,
        "4": 7577,
        "5": 32148,
        "6": 85701
    },
    "21450": {
        "0": 1,
        "1": 9,
        "2": 77,
        "3": 671,
        "4": 5821,
        "5": 17611,
        "6": 35122
    },
    "21451": {
        "0": 1,
        "1": 8,
        "2": 67,
        "3": 569,
        "4": 4872,
        "5": 9164,
        "6": 15062
    },
    "21452": {
        "0": 1,
        "1": 13,
        "2": 114,
        "3": 977,
        "4": 8362,
        "5": 38887,
        "6": 113923
    },
    "21453": {
        "0": 1,
        "1": 12,
        "2": 107,
        "3": 941,
        "4": 8174,
        "5": 38149,
        "6": 120879
    },
    "21454": {
        "0": 1,
        "1": 9,
        "2": 75,
        "3": 654,
        "4": 5696,
        "5": 16946,
        "6": 34236
    },
    "21455": {
        "0": 1,
        "1": 11,
        "2": 99,
        "3": 883,
        "4": 7866,
        "5": 37065,
        "6": 107081
    },
    "21456": {
        "0": 1,
        "1": 9,
        "2": 74,
        "3": 629,
        "4": 5436,
        "5": 14787,
        "6": 29689
    },
    "21457": {
        "0": 1,
        "1": 11,
        "2": 90,
        "3": 745,
        "4": 6249,
        "5": 20250,
        "6": 49770
    },
    "21458": {
        "0": 1,
        "1": 11,
        "2": 97,
        "3": 849,
        "4": 7399,
        "5": 31745,
        "6": 86800
    },
    "21459": {
        "0": 1,
        "1": 10,
        "2": 83,
        "3": 705,
        "4": 6033,
        "5": 19124,
        "6": 35551
    },
    "21460": {
        "0": 1,
        "1": 11,
        "2": 97,
        "3": 829,
        "4": 7092,
        "5": 27993,
        "6": 65228
    },
    "21461": {
        "0": 1,
        "1": 13,
        "2": 119,
        "3": 1043,
        "4": 9000,
        "5": 44590,
        "6": 131277
    },
    "21462": {
        "0": 1,
        "1": 8,
        "2": 67,
        "3": 573,
        "4": 4969,
        "5": 10764,
        "6": 23260
    },
    "21463": {
        "0": 1,
        "1": 11,
        "2": 94,
        "3": 804,
        "4": 6927,
        "5": 27217,
        "6": 64012
    },
    "21464": {
        "0": 1,
        "1": 10,
        "2": 87,
        "3": 754,
        "4": 6522,
        "5": 23317,
        "6": 49353
    },
    "21465": {
        "0": 1,
        "1": 11,
        "2": 99,
        "3": 871,
        "4": 7616,
        "5": 33651,
        "6": 105206
    },
    "21466": {
        "0": 1,
        "1": 10,
        "2": 87,
        "3": 758,
        "4": 6621,
        "5": 25258,
        "6": 65284
    },
    "21467": {
        "0": 1,
        "1": 9,
        "2": 76,
        "3": 650,
        "4": 5574,
        "5": 15183,
        "6": 31697
    },
    "21468": {
        "0": 1,
        "1": 12,
        "2": 105,
        "3": 910,
        "4": 7916,
        "5": 36463,
        "6": 109478
    },
    "21469": {
        "0": 1,
        "1": 9,
        "2": 75,
        "3": 650,
        "4": 5624,
        "5": 15833,
        "6": 31443
    },
    "21470": {
        "0": 1,
        "1": 9,
        "2": 75,
        "3": 643,
        "4": 5589,
        "5": 15929,
        "6": 31253
    },
    "21471": {
        "0": 1,
        "1": 10,
        "2": 86,
        "3": 740,
        "4": 6396,
        "5": 22898,
        "6": 54565
    },
    "21472": {
        "0": 1,
        "1": 11,
        "2": 97,
        "3": 854,
        "4": 7476,
        "5": 32318,
        "6": 87185
    },
    "21473": {
        "0": 1,
        "1": 10,
        "2": 86,
        "3": 739,
        "4": 6376,
        "5": 22482,
        "6": 49952
    },
    "21474": {
        "0": 1,
        "1": 12,
        "2": 109,
        "3": 961,
        "4": 8448,
        "5": 41480,
        "6": 137233
    },
    "21475": {
        "0": 1,
        "1": 9,
        "2": 79,
        "3": 696,
        "4": 6110,
        "5": 20826,
        "6": 39438
    },
    "21476": {
        "0": 1,
        "1": 11,
        "2": 99,
        "3": 869,
        "4": 7534,
        "5": 32261,
        "6": 87602
    },
    "21477": {
        "0": 1,
        "1": 12,
        "2": 108,
        "3": 939,
        "4": 8089,
        "5": 36810,
        "6": 103645
    },
    "21478": {
        "0": 1,
        "1": 10,
        "2": 85,
        "3": 732,
        "4": 6316,
        "5": 21889,
        "6": 49411
    },
    "21479": {
        "0": 1,
        "1": 11,
        "2": 100,
        "3": 883,
        "4": 7726,
        "5": 34565,
        "6": 100191
    },
    "21480": {
        "0": 1,
        "1": 12,
        "2": 107,
        "3": 924,
        "4": 7951,
        "5": 35800,
        "6": 101991
    },
    "21481": {
        "0": 1,
        "1": 11,
        "2": 94,
        "3": 803,
        "4": 6880,
        "5": 26323,
        "6": 64652
    },
    "21482": {
        "0": 1,
        "1": 11,
        "2": 91,
        "3": 776,
        "4": 6703,
        "5": 25535,
        "6": 59622
    },
    "21483": {
        "0": 1,
        "1": 9,
        "2": 80,
        "3": 720,
        "4": 6472,
        "5": 25303,
        "6": 64299
    },
    "21484": {
        "0": 1,
        "1": 12,
        "2": 102,
        "3": 851,
        "4": 7182,
        "5": 28600,
        "6": 69986
    },
    "21485": {
        "0": 1,
        "1": 11,
        "2": 92,
        "3": 780,
        "4": 6676,
        "5": 24745,
        "6": 54308
    },
    "21486": {
        "0": 1,
        "1": 13,
        "2": 117,
        "3": 1037,
        "4": 9115,
        "5": 47175,
        "6": 152731
    },
    "21487": {
        "0": 1,
        "1": 11,
        "2": 94,
        "3": 821,
        "4": 7169,
        "5": 29929,
        "6": 78035
    },
    "21488": {
        "0": 1,
        "1": 9,
        "2": 75,
        "3": 644,
        "4": 5580,
        "5": 15921,
        "6": 34586
    },
    "21489": {
        "0": 1,
        "1": 9,
        "2": 75,
        "3": 638,
        "4": 5508,
        "5": 15303,
        "6": 39331
    },
    "21490": {
        "0": 1,
        "1": 12,
        "2": 109,
        "3": 955,
        "4": 8280,
        "5": 39094,
        "6": 117558
    },
    "21491": {
        "0": 1,
        "1": 8,
        "2": 68,
        "3": 576,
        "4": 4886,
        "5": 8850,
        "6": 10903
    },
    "21492": {
        "0": 1,
        "1": 10,
        "2": 84,
        "3": 712,
        "4": 6059,
        "5": 18999,
        "6": 41310
    },
    "21493": {
        "0": 1,
        "1": 11,
        "2": 92,
        "3": 793,
        "4": 6856,
        "5": 26519,
        "6": 62638
    },
    "21494": {
        "0": 1,
        "1": 11,
        "2": 99,
        "3": 879,
        "4": 7759,
        "5": 35608,
        "6": 104972
    },
    "21495": {
        "0": 1,
        "1": 9,
        "2": 74,
        "3": 622,
        "4": 5301,
        "5": 12894,
        "6": 21763
    },
    "21496": {
        "0": 1,
        "1": 11,
        "2": 96,
        "3": 844,
        "4": 7355,
        "5": 30941,
        "6": 89576
    },
    "21497": {
        "0": 1,
        "1": 11,
        "2": 99,
        "3": 879,
        "4": 7867,
        "5": 37865,
        "6": 118970
    },
    "21498": {
        "0": 1,
        "1": 10,
        "2": 85,
        "3": 735,
        "4": 6428,
        "5": 24026,
        "6": 62273
    },
    "21499": {
        "0": 1,
        "1": 11,
        "2": 94,
        "3": 807,
        "4": 6952,
        "5": 27377,
        "6": 66251
    }
}