{
    "24400": {
        "0": 1,
        "1": 11,
        "2": 98,
        "3": 880,
        "4": 7837,
        "5": 36434,
        "6": 108349
    },
    "24401": {
        "0": 1,
        "1": 10,
        "2": 83,
        "3": 708,
        "4": 6055,
        "5": 19177,
        "6": 42100
    },
    "24402": {
        "0": 1,
        "1": 11,
        "2": 95,
        "3": 814,
        "4": 6973,
        "5": 26928,
        "6": 62622
    },
    "24403": {
        "0": 1,
        "1": 9,
        "2": 82,
        "3": 750,
        "4": 6826,
        "5": 28847,
        "6": 80883
    },
    "24404": {
        "0": 1,
        "1": 11,
        "2": 101,
        "3": 909,
        "4": 8043,
        "5": 37331,
        "6": 116194
    },
    "24405": {
        "0": 1,
        "1": 10,
        "2": 83,
        "3": 710,
        "4": 6091,
        "5": 19666,
        "6": 41221
    },
    "24406": {
        "0": 1,
        "1": 10,
        "2": 88,
        "3": 763,
        "4": 6560,
        "5": 23421,
        "6": 49859
    },
    "24407": {
        "0": 1,
        "1": 11,
        "2": 95,
        "3": 816,
        "4": 7042,
        "5": 27818,
        "6": 73929
    },
    "24408": {
        "0": 1,
        "1": 11,
        "2": 96,
        "3": 822,
        "4": 7053,
        "5": 28038,
        "6": 71826
    },
    "24409": {
        "0": 1,
        "1": 10,
        "2": 85,
        "3": 726,
        "4": 6248,
        "5": 21366,
        "6": 51715
    },
    "24410": {
        "0": 1,
        "1": 11,
        "2": 93,
        "3": 786,
        "4": 6690,
        "5": 24585,
        "6": 61566
    },
    "24411": {
        "0": 1,
        "1": 10,
        "2": 84,
        "3": 726,
        "4": 6262,
        "5": 21368,
        "6": 46090
    },
    "24412": {
        "0": 1,
        "1": 11,
        "2": 102,
        "3": 903,
        "4": 7929,
        "5": 36683,
        "6": 106414
    },
    "24413": {
        "0": 1,
        "1": 9,
        "2": 79,
        "3": 693,
        "4": 6081,
        "5": 20654,
        "6": 57454
    },
    "24414": {
        "0": 1,
        "1": 14,
        "2": 130,
        "3": 1151,
        "4": 10129,
        "5": 56246,
        "6": 187655
    },
    "24415": {
        "0": 1,
        "1": 11,
        "2": 94,
        "3": 798,
        "4": 6809,
        "5": 25621,
        "6": 63041
    },
    "24416": {
        "0": 1,
        "1": 11,
        "2": 94,
        "3": 796,
        "4": 6757,
        "5": 24846,
        "6": 62263
    },
    "24417": {
        "0": 1,
        "1": 10,
        "2": 89,
        "3": 779,
        "4": 6778,
        "5": 25975,
        "6": 62865
    },
    "24418": {
        "0": 1,
        "1": 13,
        "2": 115,
        "3": 982,
        "4": 8393,
        "5": 39307,
        "6": 107784
    },
    "24419": {
        "0": 1,
        "1": 11,
        "2": 99,
        "3": 854,
        "4": 7302,
        "5": 29669,
        "6": 77465
    },
    "24420": {
        "0": 1,
        "1": 8,
        "2": 70,
        "3": 603,
        "4": 5204,
        "5": 12199,
        "6": 21392
    },
    "24421": {
        "0": 1,
        "1": 11,
        "2": 92,
        "3": 810,
        "4": 7177,
        "5": 30889,
        "6": 87594
    },
    "24422": {
        "0": 1,
        "1": 10,
        "2": 87,
        "3": 767,
        "4": 6762,
        "5": 26393,
        "6": 71126
    },
    "24423": {
        "0": 1,
        "1": 11,
        "2": 94,
        "3": 812,
        "4": 7027,
        "5": 28143,
        "6": 72105
    },
    "24424": {
        "0": 1,
        "1": 10,
        "2": 86,
        "3": 757,
        "4": 6693,
        "5": 26011,
        "6": 64988
    },
    "24425": {
        "0": 1,
        "1": 10,
        "2": 86,
        "3": 767,
        "4": 6800,
        "5": 27435,
        "6": 67500
    },
    "24426": {
        "0": 1,
        "1": 12,
        "2": 103,
        "3": 850,
        "4": 7060,
        "5": 26463,
        "6": 67518
    },
    "24427": {
        "0": 1,
        "1": 12,
        "2": 108,
        "3": 936,
        "4": 8061,
        "5": 36644,
        "6": 104036
    },
    "24428": {
        "0": 1,
        "1": 11,
        "2": 94,
        "3": 801,
        "4": 6852,
        "5": 25987,
        "6": 60300
    },
    "24429": {
        "0": 1,
        "1": 10,
        "2": 87,
        "3": 759,
        "4": 6638,
        "5": 25173,
        "6": 62347
    },
    "24430": {
        "0": 1,
        "1": 11,
        "2": 95,
        "3": 832,
        "4": 7290,
        "5": 31099,
        "6": 88006
    },
    "24431": {
        "0": 1,
        "1": 9,
        "2": 77,
        "3": 671,
        "4": 5832,
        "5": 17893,
        "6": 33659
    },
    "24432": {
        "0": 1,
        "1": 12,
        "2": 112,
        "3": 1005,
        "4": 8864,
        "5": 44998,
        "6": 159778
    },
    "24433": {
        "0": 1,
        "1": 11,
        "2": 101,
        "3": 908,
        "4": 8147,
        "5": 39928,
        "6": 129507
    },
    "24434": {
        "0": 1,
        "1": 11,
        "2": 91,
        "3": 776,
        "4": 6618,
        "5": 23840,
        "6": 54049
    },
    "24435": {
        "0": 1,
        "1": 12,
        "2": 103,
        "3": 874,
        "4": 7438,
        "5": 30797,
        "6": 82898
    },
    "24436": {
        "0": 1,
        "1": 10,
        "2": 81,
        "3": 674,
        "4": 5672,
        "5": 15386,
        "6": 28825
    },
    "24437": {
        "0": 1,
        "1": 11,
        "2": 98,
        "3": 871,
        "4": 7690,
        "5": 34975,
        "6": 102494
    },
    "24438": {
        "0": 1,
        "1": 11,
        "2": 90,
        "3": 754,
        "4": 6344,
        "5": 20864,
        "6": 50201
    },
    "24439": {
        "0": 1,
        "1": 10,
        "2": 91,
        "3": 807,
        "4": 7123,
        "5": 29435,
        "6": 79139
    },
    "24440": {
        "0": 1,
        "1": 11,
        "2": 94,
        "3": 797,
        "4": 6805,
        "5": 25790,
        "6": 58895
    },
    "24441": {
        "0": 1,
        "1": 10,
        "2": 85,
        "3": 741,
        "4": 6480,
        "5": 23760,
        "6": 58432
    },
    "24442": {
        "0": 1,
        "1": 12,
        "2": 108,
        "3": 935,
        "4": 8017,
        "5": 35963,
        "6": 94571
    },
    "24443": {
        "0": 1,
        "1": 11,
        "2": 92,
        "3": 782,
        "4": 6753,
        "5": 26288,
        "6": 65849
    },
    "24444": {
        "0": 1,
        "1": 13,
        "2": 115,
        "3": 994,
        "4": 8561,
        "5": 41092,
        "6": 120086
    },
    "24445": {
        "0": 1,
        "1": 13,
        "2": 111,
        "3": 941,
        "4": 8037,
        "5": 35605,
        "6": 101485
    },
    "24446": {
        "0": 1,
        "1": 10,
        "2": 85,
        "3": 742,
        "4": 6495,
        "5": 24178,
        "6": 57029
    },
    "24447": {
        "0": 1,
        "1": 11,
        "2": 99,
        "3": 874,
        "4": 7708,
        "5": 35115,
        "6": 99435
    },
    "24448": {
        "0": 1,
        "1": 10,
        "2": 86,
        "3": 751,
        "4": 6564,
        "5": 24257,
        "6": 59954
    },
    "24449": {
        "0": 1,
        "1": 11,
        "2": 98,
        "3": 861,
        "4": 7573,
        "5": 33927,
        "6": 102975
    },
    "24450": {
        "0": 1,
        "1": 9,
        "2": 81,
        "3": 728,
        "4": 6527,
        "5": 25663,
        "6": 72242
    },
    "24451": {
        "0": 1,
        "1": 12,
        "2": 104,
        "3": 898,
        "4": 7721,
        "5": 33636,
        "6": 80662
    },
    "24452": {
        "0": 1,
        "1": 10,
        "2": 85,
        "3": 726,
        "4": 6221,
        "5": 20637,
        "6": 48741
    },
    "24453": {
        "0": 1,
        "1": 12,
        "2": 102,
        "3": 869,
        "4": 7442,
        "5": 31331,
        "6": 81370
    },
    "24454": {
        "0": 1,
        "1": 12,
        "2": 103,
        "3": 883,
        "4": 7634,
        "5": 33356,
        "6": 91428
    },
    "24455": {
        "0": 1,
        "1": 11,
        "2": 96,
        "3": 831,
        "4": 7225,
        "5": 30041,
        "6": 78277
    },
    "24456": {
        "0": 1,
        "1": 12,
        "2": 104,
        "3": 896,
        "4": 7714,
        "5": 33837,
        "6": 94723
    },
    "24457": {
        "0": 1,
        "1": 11,
        "2": 89,
        "3": 732,
        "4": 6109,
        "5": 18738,
        "6": 39122
    },
    "24458": {
        "0": 1,
        "1": 10,
        "2": 87,
        "3": 751,
        "4": 6535,
        "5": 24338,
        "6": 59610
    },
    "24459": {
        "0": 1,
        "1": 14,
        "2": 129,
        "3": 1127,
        "4": 9751,
        "5": 51852,
        "6": 177869
    },
    "24460": {
        "0": 1,
        "1": 10,
        "2": 86,
        "3": 743,
        "4": 6475,
        "5": 24018,
        "6": 59768
    },
    "24461": {
        "0": 1,
        "1": 11,
        "2": 90,
        "3": 752,
        "4": 6378,
        "5": 21629,
        "6": 49885
    },
    "24462": {
        "0": 1,
        "1": 10,
        "2": 86,
        "3": 746,
        "4": 6444,
        "5": 22963,
        "6": 53633
    },
    "24463": {
        "0": 1,
        "1": 9,
        "2": 74,
        "3": 626,
        "4": 5316,
        "5": 12687,
        "6": 22853
    },
    "24464": {
        "0": 1,
        "1": 10,
        "2": 86,
        "3": 742,
        "4": 6410,
        "5": 22797,
        "6": 51448
    },
    "24465": {
        "0": 1,
        "1": 12,
        "2": 103,
        "3": 881,
        "4": 7573,
        "5": 32701,
        "6": 87075
    },
    "24466": {
        "0": 1,
        "1": 12,
        "2": 104,
        "3": 886,
        "4": 7544,
        "5": 31710,
        "6": 87068
    },
    "24467": {
        "0": 1,
        "1": 13,
        "2": 117,
        "3": 1005,
        "4": 8628,
        "5": 41837,
        "6": 131357
    },
    "24468": {
        "0": 1,
        "1": 12,
        "2": 104,
        "3": 872,
        "4": 7302,
        "5": 28460,
        "6": 77938
    },
    "24469": {
        "0": 1,
        "1": 9,
        "2": 77,
        "3": 664,
        "4": 5740,
        "5": 16917,
        "6": 38245
    },
    "24470": {
        "0": 1,
        "1": 12,
        "2": 105,
        "3": 895,
        "4": 7624,
        "5": 32489,
        "6": 83443
    },
    "24471": {
        "0": 1,
        "1": 15,
        "2": 139,
        "3": 1170,
        "4": 9789,
        "5": 49317,
        "6": 156144
    },
    "24472": {
        "0": 1,
        "1": 12,
        "2": 106,
        "3": 908,
        "4": 7757,
        "5": 33833,
        "6": 97639
    },
    "24473": {
        "0": 1,
        "1": 10,
        "2": 81,
        "3": 680,
        "4": 5771,
        "5": 16649,
        "6": 32860
    },
    "24474": {
        "0": 1,
        "1": 10,
        "2": 84,
        "3": 722,
        "4": 6231,
        "5": 21128,
        "6": 50080
    },
    "24475": {
        "0": 1,
        "1": 11,
        "2": 94,
        "3": 807,
        "4": 6912,
        "5": 26329,
        "6": 62776
    },
    "24476": {
        "0": 1,
        "1": 13,
        "2": 116,
        "3": 991,
        "4": 8352,
        "5": 37740,
        "6": 100895
    },
    "24477": {
        "0": 1,
        "1": 11,
        "2": 98,
        "3": 870,
        "4": 7729,
        "5": 35945,
        "6": 105099
    },
    "24478": {
        "0": 1,
        "1": 10,
        "2": 88,
        "3": 771,
        "4": 6728,
        "5": 25789,
        "6": 64943
    },
    "24479": {
        "0": 1,
        "1": 11,
        "2": 101,
        "3": 921,
        "4": 8251,
        "5": 40397,
        "6": 133949
    },
    "24480": {
        "0": 1,
        "1": 11,
        "2": 93,
        "3": 800,
        "4": 6924,
        "5": 27104,
        "6": 70638
    },
    "24481": {
        "0": 1,
        "1": 11,
        "2": 96,
        "3": 818,
        "4": 6991,
        "5": 27145,
        "6": 67714
    },
    "24482": {
        "0": 1,
        "1": 10,
        "2": 90,
        "3": 806,
        "4": 7140,
        "5": 30108,
        "6": 79634
    },
    "24483": {
        "0": 1,
        "1": 9,
        "2": 76,
        "3": 661,
        "4": 5769,
        "5": 17545,
        "6": 41687
    },
    "24484": {
        "0": 1,
        "1": 11,
        "2": 96,
        "3": 838,
        "4": 7312,
        "5": 30880,
        "6": 81318
    },
    "24485": {
        "0": 1,
        "1": 10,
        "2": 86,
        "3": 736,
        "4": 6372,
        "5": 22857,
        "6": 52212
    },
    "24486": {
        "0": 1,
        "1": 10,
        "2": 87,
        "3": 758,
        "4": 6607,
        "5": 24948,
        "6": 61254
    },
    "24487": {
        "0": 1,
        "1": 12,
        "2": 106,
        "3": 911,
        "4": 7798,
        "5": 34051,
        "6": 93730
    },
    "24488": {
        "0": 1,
        "1": 12,
        "2": 103,
        "3": 889,
        "4": 7737,
        "5": 34779,
        "6": 95609
    },
    "24489": {
        "0": 1,
        "1": 10,
        "2": 89,
        "3": 797,
        "4": 7128,
        "5": 30637,
        "6": 81750
    },
    "24490": {
        "0": 1,
        "1": 10,
        "2": 86,
        "3": 742,
        "4": 6435,
        "5": 23249,
        "6": 53197
    },
    "24491": {
        "0": 1,
        "1": 15,
        "2": 144,
        "3": 1269,
        "4": 10873,
        "5": 59815,
        "6": 198082
    },
    "24492": {
        "0": 1,
        "1": 11,
        "2": 92,
        "3": 790,
        "4": 6856,
        "5": 27131,
        "6": 66498
    },
    "24493": {
        "0": 1,
        "1": 12,
        "2": 103,
        "3": 881,
        "4": 7555,
        "5": 32131,
        "6": 82155
    },
    "24494": {
        "0": 1,
        "1": 11,
        "2": 96,
        "3": 815,
        "4": 7030,
        "5": 28491,
        "6": 75280
    },
    "24495": {
        "0": 1,
        "1": 11,
        "2": 99,
        "3": 911,
        "4": 8247,
        "5": 40325,
        "6": 127821
    },
    "24496": {
        "0": 1,
        "1": 11,
        "2": 97,
        "3": 831,
        "4": 7070,
        "5": 27380,
        "6": 67492
    },
    "24497": {
        "0": 1,
        "1": 12,
        "2": 104,
        "3": 886,
        "4": 7565,
        "5": 32012,
        "6": 91555
    },
    "24498": {
        "0": 1,
        "1": 10,
        "2": 86,
        "3": 745,
        "4": 6473,
        "5": 23364,
        "6": 57747
    },
    "24499": {
        "0": 1,
        "1": 10,
        "2": 88,
        "3": 777,
        "4": 6909,
        "5": 28818,
        "6": 71450
    }
}