{
    "13400": {
        "0": 1,
        "1": 8,
        "2": 70,
        "3": 608,
        "4": 5320,
        "5": 14039,
        "6": 29002
    },
    "13401": {
        "0": 1,
        "1": 11,
        "2": 90,
        "3": 749,
        "4": 6279,
        "5": 20289,
        "6": 37893
    },
    "13402": {
        "0": 1,
        "1": 10,
        "2": 83,
        "3": 698,
        "4": 5928,
        "5": 17941,
        "6": 35422
    },
    "13403": {
        "0": 1,
        "1": 11,
        "2": 94,
        "3": 812,
        "4": 6976,
        "5": 26974,
        "6": 71987
    },
    "13404": {
        "0": 1,
        "1": 13,
        "2": 117,
        "3": 1001,
        "4": 8523,
        "5": 39776,
        "6": 120464
    },
    "13405": {
        "0": 1,
        "1": 11,
        "2": 97,
        "3": 832,
        "4": 7151,
        "5": 28992,
        "6": 81347
    },
    "13406": {
        "0": 1,
        "1": 12,
        "2": 106,
        "3": 930,
        "4": 8163,
        "5": 38835,
        "6": 115548
    },
    "13407": {
        "0": 1,
        "1": 11,
        "2": 96,
        "3": 836,
        "4": 7286,
        "5": 30838,
        "6": 75371
    },
    "13408": {
        "0": 1,
        "1": 11,
        "2": 91,
        "3": 772,
        "4": 6616,
        "5": 24279,
        "6": 54933
    },
    "13409": {
        "0": 1,
        "1": 10,
        "2": 90,
        "3": 808,
        "4": 7258,
        "5": 32022,
        "6": 93480
    },
    "13410": {
        "0": 1,
        "1": 9,
        "2": 76,
        "3": 649,
        "4": 5534,
        "5": 14557,
        "6": 23076
    },
    "13411": {
        "0": 1,
        "1": 10,
        "2": 89,
        "3": 791,
        "4": 7018,
        "5": 29466,
        "6": 80562
    },
    "13412": {
        "0": 1,
        "1": 9,
        "2": 80,
        "3": 704,
        "4": 6194,
        "5": 21672,
        "6": 48269
    },
    "13413": {
        "0": 1,
        "1": 10,
        "2": 88,
        "3": 764,
        "4": 6607,
        "5": 24236,
        "6": 57552
    },
    "13414": {
        "0": 1,
        "1": 10,
        "2": 80,
        "3": 681,
        "4": 5845,
        "5": 17557,
        "6": 33876
    },
    "13415": {
        "0": 1,
        "1": 14,
        "2": 126,
        "3": 1063,
        "4": 9007,
        "5": 44424,
        "6": 136996
    },
    "13416": {
        "0": 1,
        "1": 13,
        "2": 120,
        "3": 1061,
        "4": 9294,
        "5": 48605,
        "6": 162195
    },
    "13417": {
        "0": 1,
        "1": 11,
        "2": 96,
        "3": 825,
        "4": 7098,
        "5": 28536,
        "6": 71489
    },
    "13418": {
        "0": 1,
        "1": 11,
        "2": 93,
        "3": 800,
        "4": 6939,
        "5": 27550,
        "6": 71611
    },
    "13419": {
        "0": 1,
        "1": 9,
        "2": 76,
        "3": 643,
        "4": 5490,
        "5": 14363,
        "6": 23077
    },
    "13420": {
        "0": 1,
        "1": 9,
        "2": 79,
        "3": 701,
        "4": 6204,
        "5": 21795,
        "6": 49404
    },
    "13421": {
        "0": 1,
        "1": 11,
        "2": 95,
        "3": 817,
        "4": 7054,
        "5": 28433,
        "6": 75683
    },
    "13422": {
        "0": 1,
        "1": 13,
        "2": 117,
        "3": 1031,
        "4": 9042,
        "5": 46368,
        "6": 154041
    },
    "13423": {
        "0": 1,
        "1": 12,
        "2": 104,
        "3": 893,
        "4": 7655,
        "5": 32837,
        "6": 88158
    },
    "13424": {
        "0": 1,
        "1": 10,
        "2": 91,
        "3": 804,
        "4": 7045,
        "5": 28893,
        "6": 79594
    },
    "13425": {
        "0": 1,
        "1": 11,
        "2": 94,
        "3": 798,
        "4": 6810,
        "5": 25702,
        "6": 67742
    },
    "13426": {
        "0": 1,
        "1": 12,
        "2": 106,
        "3": 918,
        "4": 7941,
        "5": 36086,
        "6": 96825
    },
    "13427": {
        "0": 1,
        "1": 11,
        "2": 93,
        "3": 805,
        "4": 7005,
        "5": 28463,
        "6": 71239
    },
    "13428": {
        "0": 1,
        "1": 11,
        "2": 93,
        "3": 802,
        "4": 6941,
        "5": 27516,
        "6": 62429
    },
    "13429": {
        "0": 1,
        "1": 11,
        "2": 100,
        "3": 885,
        "4": 7814,
        "5": 36187,
        "6": 119665
    },
    "13430": {
        "0": 1,
        "1": 9,
        "2": 76,
        "3": 651,
        "4": 5616,
        "5": 15786,
        "6": 33939
    },
    "13431": {
        "0": 1,
        "1": 12,
        "2": 109,
        "3": 942,
        "4": 8123,
        "5": 37070,
        "6": 111349
    },
    "13432": {
        "0": 1,
        "1": 11,
        "2": 93,
        "3": 801,
        "4": 6903,
        "5": 26842,
        "6": 62949
    },
    "13433": {
        "0": 1,
        "1": 10,
        "2": 91,
        "3": 803,
        "4": 7026,
        "5": 28465,
        "6": 71053
    },
    "13434": {
        "0": 1,
        "1": 11,
        "2": 94,
        "3": 795,
        "4": 6698,
        "5": 23920,
        "6": 55614
    },
    "13435": {
        "0": 1,
        "1": 13,
        "2": 118,
        "3": 1010,
        "4": 8605,
        "5": 40490,
        "6": 116060
    },
    "13436": {
        "0": 1,
        "1": 9,
        "2": 78,
        "3": 676,
        "4": 5905,
        "5": 19000,
        "6": 42550
    },
    "13437": {
        "0": 1,
        "1": 12,
        "2": 104,
        "3": 880,
        "4": 7484,
        "5": 31327,
        "6": 79965
    },
    "13438": {
        "0": 1,
        "1": 10,
        "2": 87,
        "3": 745,
        "4": 6391,
        "5": 22025,
        "6": 55020
    },
    "13439": {
        "0": 1,
        "1": 10,
        "2": 90,
        "3": 801,
        "4": 7099,
        "5": 30055,
        "6": 90466
    },
    "13440": {
        "0": 1,
        "1": 11,
        "2": 94,
        "3": 797,
        "4": 6754,
        "5": 24784,
        "6": 62675
    },
    "13441": {
        "0": 1,
        "1": 11,
        "2": 96,
        "3": 833,
        "4": 7269,
        "5": 30818,
        "6": 85250
    },
    "13442": {
        "0": 1,
        "1": 9,
        "2": 77,
        "3": 669,
        "4": 5807,
        "5": 17505,
        "6": 36984
    },
    "13443": {
        "0": 1,
        "1": 11,
        "2": 92,
        "3": 775,
        "4": 6585,
        "5": 23646,
        "6": 52124
    },
    "13444": {
        "0": 1,
        "1": 12,
        "2": 104,
        "3": 902,
        "4": 7823,
        "5": 34801,
        "6": 96704
    },
    "13445": {
        "0": 1,
        "1": 12,
        "2": 102,
        "3": 870,
        "4": 7499,
        "5": 32506,
        "6": 83788
    },
    "13446": {
        "0": 1,
        "1": 11,
        "2": 94,
        "3": 818,
        "4": 7159,
        "5": 30040,
        "6": 80133
    },
    "13447": {
        "0": 1,
        "1": 10,
        "2": 86,
        "3": 753,
        "4": 6558,
        "5": 24458,
        "6": 59495
    },
    "13448": {
        "0": 1,
        "1": 12,
        "2": 110,
        "3": 985,
        "4": 8736,
        "5": 44219,
        "6": 146880
    },
    "13449": {
        "0": 1,
        "1": 10,
        "2": 87,
        "3": 762,
        "4": 6644,
        "5": 24814,
        "6": 55350
    },
    "13450": {
        "0": 1,
        "1": 10,
        "2": 83,
        "3": 705,
        "4": 6129,
        "5": 21097,
        "6": 47652
    },
    "13451": {
        "0": 1,
        "1": 8,
        "2": 73,
        "3": 664,
        "4": 6007,
        "5": 21060,
        "6": 55755
    },
    "13452": {
        "0": 1,
        "1": 10,
        "2": 87,
        "3": 771,
        "4": 6870,
        "5": 28560,
        "6": 79905
    },
    "13453": {
        "0": 1,
        "1": 12,
        "2": 104,
        "3": 883,
        "4": 7509,
        "5": 31428,
        "6": 86624
    },
    "13454": {
        "0": 1,
        "1": 11,
        "2": 94,
        "3": 826,
        "4": 7261,
        "5": 30791,
        "6": 86194
    },
    "13455": {
        "0": 1,
        "1": 11,
        "2": 94,
        "3": 803,
        "4": 6835,
        "5": 25659,
        "6": 62284
    },
    "13456": {
        "0": 1,
        "1": 11,
        "2": 91,
        "3": 773,
        "4": 6637,
        "5": 24568,
        "6": 54960
    },
    "13457": {
        "0": 1,
        "1": 8,
        "2": 69,
        "3": 594,
        "4": 5166,
        "5": 12475,
        "6": 20607
    },
    "13458": {
        "0": 1,
        "1": 12,
        "2": 109,
        "3": 959,
        "4": 8393,
        "5": 40769,
        "6": 131330
    },
    "13459": {
        "0": 1,
        "1": 10,
        "2": 83,
        "3": 710,
        "4": 6139,
        "5": 20632,
        "6": 46454
    },
    "13460": {
        "0": 1,
        "1": 12,
        "2": 100,
        "3": 862,
        "4": 7452,
        "5": 32193,
        "6": 84367
    },
    "13461": {
        "0": 1,
        "1": 10,
        "2": 84,
        "3": 709,
        "4": 6035,
        "5": 18686,
        "6": 38445
    },
    "13462": {
        "0": 1,
        "1": 11,
        "2": 97,
        "3": 850,
        "4": 7444,
        "5": 32534,
        "6": 90172
    },
    "13463": {
        "0": 1,
        "1": 9,
        "2": 76,
        "3": 633,
        "4": 5320,
        "5": 12035,
        "6": 21275
    },
    "13464": {
        "0": 1,
        "1": 14,
        "2": 129,
        "3": 1123,
        "4": 9642,
        "5": 50022,
        "6": 170715
    },
    "13465": {
        "0": 1,
        "1": 12,
        "2": 100,
        "3": 831,
        "4": 6975,
        "5": 26312,
        "6": 57196
    },
    "13466": {
        "0": 1,
        "1": 9,
        "2": 73,
        "3": 613,
        "4": 5194,
        "5": 11596,
        "6": 19375
    },
    "13467": {
        "0": 1,
        "1": 11,
        "2": 90,
        "3": 762,
        "4": 6523,
        "5": 23487,
        "6": 53429
    },
    "13468": {
        "0": 1,
        "1": 11,
        "2": 97,
        "3": 840,
        "4": 7304,
        "5": 31044,
        "6": 83220
    },
    "13469": {
        "0": 1,
        "1": 12,
        "2": 106,
        "3": 924,
        "4": 7994,
        "5": 36389,
        "6": 102228
    },
    "13470": {
        "0": 1,
        "1": 11,
        "2": 97,
        "3": 844,
        "4": 7399,
        "5": 32217,
        "6": 89326
    },
    "13471": {
        "0": 1,
        "1": 13,
        "2": 113,
        "3": 968,
        "4": 8361,
        "5": 39570,
        "6": 116743
    },
    "13472": {
        "0": 1,
        "1": 11,
        "2": 96,
        "3": 828,
        "4": 7096,
        "5": 27885,
        "6": 70574
    },
    "13473": {
        "0": 1,
        "1": 12,
        "2": 103,
        "3": 880,
        "4": 7522,
        "5": 31629,
        "6": 80578
    },
    "13474": {
        "0": 1,
        "1": 11,
        "2": 94,
        "3": 798,
        "4": 6805,
        "5": 25729,
        "6": 61603
    },
    "13475": {
        "0": 1,
        "1": 11,
        "2": 97,
        "3": 852,
        "4": 7469,
        "5": 32773,
        "6": 97423
    },
    "13476": {
        "0": 1,
        "1": 9,
        "2": 75,
        "3": 654,
        "4": 5708,
        "5": 16950,
        "6": 36846
    },
    "13477": {
        "0": 1,
        "1": 8,
        "2": 70,
        "3": 615,
        "4": 5481,
        "5": 16522,
        "6": 30322
    },
    "13478": {
        "0": 1,
        "1": 11,
        "2": 95,
        "3": 814,
        "4": 7011,
        "5": 27979,
        "6": 69834
    },
    "13479": {
        "0": 1,
        "1": 12,
        "2": 103,
        "3": 876,
        "4": 7459,
        "5": 30751,
        "6": 83678
    },
    "13480": {
        "0": 1,
        "1": 12,
        "2": 100,
        "3": 829,
        "4": 6941,
        "5": 25971,
        "6": 58294
    },
    "13481": {
        "0": 1,
        "1": 12,
        "2": 101,
        "3": 841,
        "4": 7118,
        "5": 28229,
        "6": 69475
    },
    "13482": {
        "0": 1,
        "1": 9,
        "2": 77,
        "3": 672,
        "4": 5871,
        "5": 18642,
        "6": 47188
    },
    "13483": {
        "0": 1,
        "1": 10,
        "2": 88,
        "3": 786,
        "4": 6980,
        "5": 28939,
        "6": 73560
    },
    "13484": {
        "0": 1,
        "1": 11,
        "2": 92,
        "3": 779,
        "4": 6577,
        "5": 22473,
        "6": 46894
    },
    "13485": {
        "0": 1,
        "1": 10,
        "2": 89,
        "3": 783,
        "4": 6851,
        "5": 26912,
        "6": 67679
    },
    "13486": {
        "0": 1,
        "1": 10,
        "2": 84,
        "3": 720,
        "4": 6241,
        "5": 21657,
        "6": 51304
    },
    "13487": {
        "0": 1,
        "1": 12,
        "2": 105,
        "3": 901,
        "4": 7775,
        "5": 34743,
        "6": 100540
    },
    "13488": {
        "0": 1,
        "1": 11,
        "2": 94,
        "3": 791,
        "4": 6644,
        "5": 23043,
        "6": 50895
    },
    "13489": {
        "0": 1,
        "1": 12,
        "2": 106,
        "3": 907,
        "4": 7743,
        "5": 33479,
        "6": 93261
    },
    "13490": {
        "0": 1,
        "1": 11,
        "2": 90,
        "3": 759,
        "4": 6446,
        "5": 22429,
        "6": 52806
    },
    "13491": {
        "0": 1,
        "1": 10,
        "2": 86,
        "3": 753,
        "4": 6594,
        "5": 24891,
        "6": 65377
    },
    "13492": {
        "0": 1,
        "1": 11,
        "2": 94,
        "3": 813,
        "4": 7090,
        "5": 29294,
        "6": 77114
    },
    "13493": {
        "0": 1,
        "1": 8,
        "2": 71,
        "3": 642,
        "4": 5802,
        "5": 19633,
        "6": 48739
    },
    "13494": {
        "0": 1,
        "1": 12,
        "2": 102,
        "3": 856,
        "4": 7210,
        "5": 28152,
        "6": 65914
    },
    "13495": {
        "0": 1,
        "1": 11,
        "2": 93,
        "3": 782,
        "4": 6607,
        "5": 23313,
        "6": 51292
    },
    "13496": {
        "0": 1,
        "1": 10,
        "2": 84,
        "3": 730,
        "4": 6347,
        "5": 22171,
        "6": 48649
    },
    "13497": {
        "0": 1,
        "1": 13,
        "2": 113,
        "3": 969,
        "4": 8395,
        "5": 40097,
        "6": 121561
    },
    "13498": {
        "0": 1,
        "1": 12,
        "2": 105,
        "3": 902,
        "4": 7791,
        "5": 35061,
        "6": 106170
    },
    "13499": {
        "0": 1,
        "1": 9,
        "2": 78,
        "3": 699,
        "4": 6227,
        "5": 22593,
        "6": 52063
    }
}