{
    "25300": {
        "0": 1,
        "1": 10,
        "2": 90,
        "3": 824,
        "4": 7412,
        "5": 33104,
        "6": 92569
    },
    "25301": {
        "0": 1,
        "1": 12,
        "2": 106,
        "3": 911,
        "4": 7833,
        "5": 34702,
        "6": 94708
    },
    "25302": {
        "0": 1,
        "1": 10,
        "2": 87,
        "3": 765,
        "4": 6739,
        "5": 26622,
        "6": 71817
    },
    "25303": {
        "0": 1,
        "1": 11,
        "2": 94,
        "3": 813,
        "4": 7058,
        "5": 28777,
        "6": 77663
    },
    "25304": {
        "0": 1,
        "1": 11,
        "2": 90,
        "3": 765,
        "4": 6584,
        "5": 24306,
        "6": 55848
    },
    "25305": {
        "0": 1,
        "1": 10,
        "2": 88,
        "3": 773,
        "4": 6831,
        "5": 27781,
        "6": 71843
    },
    "25306": {
        "0": 1,
        "1": 10,
        "2": 89,
        "3": 791,
        "4": 7014,
        "5": 28916,
        "6": 76906
    },
    "25307": {
        "0": 1,
        "1": 10,
        "2": 85,
        "3": 731,
        "4": 6332,
        "5": 21940,
        "6": 56554
    },
    "25308": {
        "0": 1,
        "1": 10,
        "2": 81,
        "3": 686,
        "4": 5876,
        "5": 17854,
        "6": 38023
    },
    "25309": {
        "0": 1,
        "1": 10,
        "2": 85,
        "3": 731,
        "4": 6340,
        "5": 22511,
        "6": 52994
    },
    "25310": {
        "0": 1,
        "1": 13,
        "2": 114,
        "3": 979,
        "4": 8428,
        "5": 40144,
        "6": 122800
    },
    "25311": {
        "0": 1,
        "1": 12,
        "2": 99,
        "3": 824,
        "4": 6895,
        "5": 25304,
        "6": 59512
    },
    "25312": {
        "0": 1,
        "1": 10,
        "2": 84,
        "3": 714,
        "4": 6116,
        "5": 19874,
        "6": 45875
    },
    "25313": {
        "0": 1,
        "1": 11,
        "2": 92,
        "3": 781,
        "4": 6705,
        "5": 25212,
        "6": 57969
    },
    "25314": {
        "0": 1,
        "1": 13,
        "2": 117,
        "3": 1000,
        "4": 8520,
        "5": 40009,
        "6": 125094
    },
    "25315": {
        "0": 1,
        "1": 9,
        "2": 76,
        "3": 656,
        "4": 5697,
        "5": 16664,
        "6": 32342
    },
    "25316": {
        "0": 1,
        "1": 11,
        "2": 94,
        "3": 795,
        "4": 6756,
        "5": 25010,
        "6": 58607
    },
    "25317": {
        "0": 1,
        "1": 12,
        "2": 104,
        "3": 894,
        "4": 7714,
        "5": 33937,
        "6": 96634
    },
    "25318": {
        "0": 1,
        "1": 11,
        "2": 95,
        "3": 822,
        "4": 7173,
        "5": 29997,
        "6": 82302
    },
    "25319": {
        "0": 1,
        "1": 10,
        "2": 87,
        "3": 762,
        "4": 6699,
        "5": 26279,
        "6": 76365
    },
    "25320": {
        "0": 1,
        "1": 11,
        "2": 92,
        "3": 790,
        "4": 6833,
        "5": 26683,
        "6": 66847
    },
    "25321": {
        "0": 1,
        "1": 11,
        "2": 94,
        "3": 812,
        "4": 7034,
        "5": 28384,
        "6": 76181
    },
    "25322": {
        "0": 1,
        "1": 12,
        "2": 108,
        "3": 964,
        "4": 8547,
        "5": 42758,
        "6": 136483
    },
    "25323": {
        "0": 1,
        "1": 12,
        "2": 102,
        "3": 864,
        "4": 7379,
        "5": 30611,
        "6": 80724
    },
    "25324": {
        "0": 1,
        "1": 11,
        "2": 97,
        "3": 845,
        "4": 7356,
        "5": 31404,
        "6": 84966
    },
    "25325": {
        "0": 1,
        "1": 9,
        "2": 78,
        "3": 675,
        "4": 5836,
        "5": 17496,
        "6": 35248
    },
    "25326": {
        "0": 1,
        "1": 9,
        "2": 76,
        "3": 650,
        "4": 5547,
        "5": 14650,
        "6": 26251
    },
    "25327": {
        "0": 1,
        "1": 9,
        "2": 74,
        "3": 630,
        "4": 5460,
        "5": 15128,
        "6": 32439
    },
    "25328": {
        "0": 1,
        "1": 8,
        "2": 68,
        "3": 586,
        "4": 5080,
        "5": 11188,
        "6": 21127
    },
    "25329": {
        "0": 1,
        "1": 11,
        "2": 99,
        "3": 874,
        "4": 7675,
        "5": 34647,
        "6": 106008
    },
    "25330": {
        "0": 1,
        "1": 13,
        "2": 114,
        "3": 974,
        "4": 8330,
        "5": 39007,
        "6": 108626
    },
    "25331": {
        "0": 1,
        "1": 12,
        "2": 104,
        "3": 892,
        "4": 7638,
        "5": 32527,
        "6": 93142
    },
    "25332": {
        "0": 1,
        "1": 9,
        "2": 80,
        "3": 701,
        "4": 6147,
        "5": 21059,
        "6": 50451
    },
    "25333": {
        "0": 1,
        "1": 9,
        "2": 79,
        "3": 699,
        "4": 6109,
        "5": 20081,
        "6": 46255
    },
    "25334": {
        "0": 1,
        "1": 11,
        "2": 95,
        "3": 812,
        "4": 6941,
        "5": 26658,
        "6": 64948
    },
    "25335": {
        "0": 1,
        "1": 10,
        "2": 83,
        "3": 702,
        "4": 6026,
        "5": 19512,
        "6": 43348
    },
    "25336": {
        "0": 1,
        "1": 10,
        "2": 82,
        "3": 685,
        "4": 5786,
        "5": 16508,
        "6": 33323
    },
    "25337": {
        "0": 1,
        "1": 11,
        "2": 93,
        "3": 803,
        "4": 6976,
        "5": 28064,
        "6": 71786
    },
    "25338": {
        "0": 1,
        "1": 9,
        "2": 78,
        "3": 676,
        "4": 5860,
        "5": 18154,
        "6": 36041
    },
    "25339": {
        "0": 1,
        "1": 12,
        "2": 108,
        "3": 935,
        "4": 8058,
        "5": 36804,
        "6": 104370
    },
    "25340": {
        "0": 1,
        "1": 13,
        "2": 118,
        "3": 1033,
        "4": 9012,
        "5": 45796,
        "6": 149495
    },
    "25341": {
        "0": 1,
        "1": 11,
        "2": 96,
        "3": 824,
        "4": 7109,
        "5": 28816,
        "6": 73992
    },
    "25342": {
        "0": 1,
        "1": 9,
        "2": 78,
        "3": 683,
        "4": 5958,
        "5": 19121,
        "6": 37587
    },
    "25343": {
        "0": 1,
        "1": 10,
        "2": 88,
        "3": 783,
        "4": 6939,
        "5": 28395,
        "6": 79910
    },
    "25344": {
        "0": 1,
        "1": 12,
        "2": 106,
        "3": 922,
        "4": 8019,
        "5": 37051,
        "6": 101290
    },
    "25345": {
        "0": 1,
        "1": 9,
        "2": 77,
        "3": 656,
        "4": 5628,
        "5": 15934,
        "6": 32552
    },
    "25346": {
        "0": 1,
        "1": 11,
        "2": 95,
        "3": 822,
        "4": 7139,
        "5": 29405,
        "6": 73954
    },
    "25347": {
        "0": 1,
        "1": 10,
        "2": 83,
        "3": 702,
        "4": 5960,
        "5": 18072,
        "6": 34468
    },
    "25348": {
        "0": 1,
        "1": 12,
        "2": 107,
        "3": 918,
        "4": 7873,
        "5": 35114,
        "6": 107184
    },
    "25349": {
        "0": 1,
        "1": 14,
        "2": 131,
        "3": 1146,
        "4": 9886,
        "5": 52446,
        "6": 181164
    },
    "25350": {
        "0": 1,
        "1": 10,
        "2": 82,
        "3": 682,
        "4": 5755,
        "5": 16325,
        "6": 34852
    },
    "25351": {
        "0": 1,
        "1": 11,
        "2": 98,
        "3": 879,
        "4": 7841,
        "5": 36382,
        "6": 107616
    },
    "25352": {
        "0": 1,
        "1": 12,
        "2": 102,
        "3": 862,
        "4": 7308,
        "5": 29562,
        "6": 69462
    },
    "25353": {
        "0": 1,
        "1": 11,
        "2": 99,
        "3": 888,
        "4": 7905,
        "5": 37575,
        "6": 115846
    },
    "25354": {
        "0": 1,
        "1": 10,
        "2": 86,
        "3": 755,
        "4": 6659,
        "5": 26061,
        "6": 66166
    },
    "25355": {
        "0": 1,
        "1": 10,
        "2": 92,
        "3": 818,
        "4": 7249,
        "5": 30948,
        "6": 86386
    },
    "25356": {
        "0": 1,
        "1": 9,
        "2": 74,
        "3": 624,
        "4": 5317,
        "5": 12994,
        "6": 20429
    },
    "25357": {
        "0": 1,
        "1": 13,
        "2": 116,
        "3": 1007,
        "4": 8621,
        "5": 40658,
        "6": 117999
    },
    "25358": {
        "0": 1,
        "1": 12,
        "2": 103,
        "3": 872,
        "4": 7428,
        "5": 30796,
        "6": 82231
    },
    "25359": {
        "0": 1,
        "1": 10,
        "2": 86,
        "3": 738,
        "4": 6329,
        "5": 21559,
        "6": 51946
    },
    "25360": {
        "0": 1,
        "1": 12,
        "2": 104,
        "3": 882,
        "4": 7497,
        "5": 31173,
        "6": 88228
    },
    "25361": {
        "0": 1,
        "1": 9,
        "2": 82,
        "3": 731,
        "4": 6502,
        "5": 24648,
        "6": 61154
    },
    "25362": {
        "0": 1,
        "1": 12,
        "2": 103,
        "3": 876,
        "4": 7506,
        "5": 31693,
        "6": 86195
    },
    "25363": {
        "0": 1,
        "1": 10,
        "2": 90,
        "3": 794,
        "4": 6996,
        "5": 28978,
        "6": 85625
    },
    "25364": {
        "0": 1,
        "1": 12,
        "2": 101,
        "3": 873,
        "4": 7569,
        "5": 32896,
        "6": 78405
    },
    "25365": {
        "0": 1,
        "1": 13,
        "2": 115,
        "3": 993,
        "4": 8587,
        "5": 41751,
        "6": 122369
    },
    "25366": {
        "0": 1,
        "1": 11,
        "2": 95,
        "3": 819,
        "4": 7050,
        "5": 28113,
        "6": 74870
    },
    "25367": {
        "0": 1,
        "1": 9,
        "2": 79,
        "3": 693,
        "4": 6103,
        "5": 20898,
        "6": 48915
    },
    "25368": {
        "0": 1,
        "1": 11,
        "2": 93,
        "3": 776,
        "4": 6515,
        "5": 22406,
        "6": 48497
    },
    "25369": {
        "0": 1,
        "1": 11,
        "2": 93,
        "3": 790,
        "4": 6736,
        "5": 24362,
        "6": 56147
    },
    "25370": {
        "0": 1,
        "1": 10,
        "2": 86,
        "3": 752,
        "4": 6541,
        "5": 23974,
        "6": 56123
    },
    "25371": {
        "0": 1,
        "1": 10,
        "2": 89,
        "3": 786,
        "4": 6922,
        "5": 28332,
        "6": 83225
    },
    "25372": {
        "0": 1,
        "1": 12,
        "2": 105,
        "3": 912,
        "4": 7929,
        "5": 36461,
        "6": 99233
    },
    "25373": {
        "0": 1,
        "1": 10,
        "2": 94,
        "3": 880,
        "4": 8120,
        "5": 41468,
        "6": 148304
    },
    "25374": {
        "0": 1,
        "1": 12,
        "2": 103,
        "3": 866,
        "4": 7292,
        "5": 29003,
        "6": 71174
    },
    "25375": {
        "0": 1,
        "1": 9,
        "2": 82,
        "3": 736,
        "4": 6557,
        "5": 24833,
        "6": 63748
    },
    "25376": {
        "0": 1,
        "1": 11,
        "2": 98,
        "3": 878,
        "4": 7805,
        "5": 36055,
        "6": 107265
    },
    "25377": {
        "0": 1,
        "1": 11,
        "2": 100,
        "3": 894,
        "4": 7979,
        "5": 38362,
        "6": 121410
    },
    "25378": {
        "0": 1,
        "1": 10,
        "2": 88,
        "3": 767,
        "4": 6730,
        "5": 26516,
        "6": 70369
    },
    "25379": {
        "0": 1,
        "1": 10,
        "2": 84,
        "3": 720,
        "4": 6192,
        "5": 20688,
        "6": 43621
    },
    "25380": {
        "0": 1,
        "1": 10,
        "2": 89,
        "3": 784,
        "4": 6913,
        "5": 28191,
        "6": 78753
    },
    "25381": {
        "0": 1,
        "1": 11,
        "2": 93,
        "3": 797,
        "4": 6878,
        "5": 26902,
        "6": 70171
    },
    "25382": {
        "0": 1,
        "1": 10,
        "2": 85,
        "3": 745,
        "4": 6553,
        "5": 24823,
        "6": 61539
    },
    "25383": {
        "0": 1,
        "1": 10,
        "2": 85,
        "3": 733,
        "4": 6334,
        "5": 22101,
        "6": 55247
    },
    "25384": {
        "0": 1,
        "1": 11,
        "2": 90,
        "3": 743,
        "4": 6164,
        "5": 18849,
        "6": 36686
    },
    "25385": {
        "0": 1,
        "1": 11,
        "2": 89,
        "3": 734,
        "4": 6146,
        "5": 19338,
        "6": 42576
    },
    "25386": {
        "0": 1,
        "1": 11,
        "2": 95,
        "3": 835,
        "4": 7355,
        "5": 31977,
        "6": 90006
    },
    "25387": {
        "0": 1,
        "1": 11,
        "2": 92,
        "3": 789,
        "4": 6841,
        "5": 26730,
        "6": 59331
    },
    "25388": {
        "0": 1,
        "1": 9,
        "2": 77,
        "3": 669,
        "4": 5796,
        "5": 17225,
        "6": 31758
    },
    "25389": {
        "0": 1,
        "1": 11,
        "2": 96,
        "3": 836,
        "4": 7312,
        "5": 31391,
        "6": 83479
    },
    "25390": {
        "0": 1,
        "1": 12,
        "2": 105,
        "3": 898,
        "4": 7692,
        "5": 33562,
        "6": 95049
    },
    "25391": {
        "0": 1,
        "1": 12,
        "2": 103,
        "3": 878,
        "4": 7551,
        "5": 32260,
        "6": 81298
    },
    "25392": {
        "0": 1,
        "1": 8,
        "2": 70,
        "3": 606,
        "4": 5255,
        "5": 12911,
        "6": 24087
    },
    "25393": {
        "0": 1,
        "1": 10,
        "2": 90,
        "3": 794,
        "4": 7008,
        "5": 28976,
        "6": 80361
    },
    "25394": {
        "0": 1,
        "1": 11,
        "2": 93,
        "3": 793,
        "4": 6783,
        "5": 25533,
        "6": 63918
    },
    "25395": {
        "0": 1,
        "1": 11,
        "2": 96,
        "3": 834,
        "4": 7245,
        "5": 30285,
        "6": 91504
    },
    "25396": {
        "0": 1,
        "1": 11,
        "2": 93,
        "3": 804,
        "4": 6954,
        "5": 27429,
        "6": 64607
    },
    "25397": {
        "0": 1,
        "1": 12,
        "2": 102,
        "3": 863,
        "4": 7416,
        "5": 31430,
        "6": 87324
    },
    "25398": {
        "0": 1,
        "1": 11,
        "2": 98,
        "3": 881,
        "4": 7820,
        "5": 36041,
        "6": 107797
    },
    "25399": {
        "0": 1,
        "1": 12,
        "2": 112,
        "3": 994,
        "4": 8714,
        "5": 43553,
        "6": 136117
    }
}