{
    "12300": {
        "0": 1,
        "1": 13,
        "2": 121,
        "3": 1101,
        "4": 9918,
        "5": 55792,
        "6": 218845
    },
    "12301": {
        "0": 1,
        "1": 11,
        "2": 94,
        "3": 802,
        "4": 6875,
        "5": 26148,
        "6": 66096
    },
    "12302": {
        "0": 1,
        "1": 11,
        "2": 97,
        "3": 863,
        "4": 7624,
        "5": 34328,
        "6": 99485
    },
    "12303": {
        "0": 1,
        "1": 10,
        "2": 84,
        "3": 721,
        "4": 6228,
        "5": 21394,
        "6": 48915
    },
    "12304": {
        "0": 1,
        "1": 11,
        "2": 98,
        "3": 869,
        "4": 7614,
        "5": 33600,
        "6": 102648
    },
    "12305": {
        "0": 1,
        "1": 9,
        "2": 75,
        "3": 634,
        "4": 5419,
        "5": 13850,
        "6": 24506
    },
    "12306": {
        "0": 1,
        "1": 10,
        "2": 86,
        "3": 729,
        "4": 6218,
        "5": 20521,
        "6": 51302
    },
    "12307": {
        "0": 1,
        "1": 11,
        "2": 93,
        "3": 792,
        "4": 6762,
        "5": 25391,
        "6": 64586
    },
    "12308": {
        "0": 1,
        "1": 13,
        "2": 113,
        "3": 957,
        "4": 8141,
        "5": 36840,
        "6": 98281
    },
    "12309": {
        "0": 1,
        "1": 10,
        "2": 84,
        "3": 723,
        "4": 6241,
        "5": 21269,
        "6": 44334
    },
    "12310": {
        "0": 1,
        "1": 12,
        "2": 107,
        "3": 934,
        "4": 8079,
        "5": 37157,
        "6": 112596
    },
    "12311": {
        "0": 1,
        "1": 9,
        "2": 75,
        "3": 650,
        "4": 5640,
        "5": 16127,
        "6": 32973
    },
    "12312": {
        "0": 1,
        "1": 11,
        "2": 96,
        "3": 822,
        "4": 7014,
        "5": 27147,
        "6": 67865
    },
    "12313": {
        "0": 1,
        "1": 11,
        "2": 90,
        "3": 751,
        "4": 6323,
        "5": 20827,
        "6": 42710
    },
    "12314": {
        "0": 1,
        "1": 9,
        "2": 74,
        "3": 630,
        "4": 5395,
        "5": 13719,
        "6": 23843
    },
    "12315": {
        "0": 1,
        "1": 14,
        "2": 129,
        "3": 1115,
        "4": 9534,
        "5": 49024,
        "6": 161931
    },
    "12316": {
        "0": 1,
        "1": 12,
        "2": 107,
        "3": 929,
        "4": 8057,
        "5": 36972,
        "6": 104465
    },
    "12317": {
        "0": 1,
        "1": 9,
        "2": 78,
        "3": 676,
        "4": 5892,
        "5": 18645,
        "6": 44100
    },
    "12318": {
        "0": 1,
        "1": 11,
        "2": 97,
        "3": 853,
        "4": 7441,
        "5": 31981,
        "6": 83466
    },
    "12319": {
        "0": 1,
        "1": 10,
        "2": 80,
        "3": 666,
        "4": 5629,
        "5": 15226,
        "6": 24693
    },
    "12320": {
        "0": 1,
        "1": 13,
        "2": 113,
        "3": 968,
        "4": 8335,
        "5": 39110,
        "6": 113875
    },
    "12321": {
        "0": 1,
        "1": 12,
        "2": 104,
        "3": 890,
        "4": 7639,
        "5": 33219,
        "6": 97031
    },
    "12322": {
        "0": 1,
        "1": 11,
        "2": 95,
        "3": 821,
        "4": 7118,
        "5": 28671,
        "6": 75780
    },
    "12323": {
        "0": 1,
        "1": 11,
        "2": 92,
        "3": 778,
        "4": 6647,
        "5": 24363,
        "6": 59720
    },
    "12324": {
        "0": 1,
        "1": 10,
        "2": 84,
        "3": 720,
        "4": 6224,
        "5": 21535,
        "6": 55289
    },
    "12325": {
        "0": 1,
        "1": 13,
        "2": 117,
        "3": 1008,
        "4": 8614,
        "5": 40930,
        "6": 121308
    },
    "12326": {
        "0": 1,
        "1": 11,
        "2": 94,
        "3": 798,
        "4": 6785,
        "5": 24957,
        "6": 62888
    },
    "12327": {
        "0": 1,
        "1": 12,
        "2": 110,
        "3": 960,
        "4": 8366,
        "5": 40499,
        "6": 125868
    },
    "12328": {
        "0": 1,
        "1": 9,
        "2": 76,
        "3": 653,
        "4": 5646,
        "5": 16058,
        "6": 32136
    },
    "12329": {
        "0": 1,
        "1": 12,
        "2": 104,
        "3": 892,
        "4": 7691,
        "5": 34057,
        "6": 95882
    },
    "12330": {
        "0": 1,
        "1": 8,
        "2": 67,
        "3": 567,
        "4": 4864,
        "5": 9105,
        "6": 13017
    },
    "12331": {
        "0": 1,
        "1": 10,
        "2": 83,
        "3": 705,
        "4": 6034,
        "5": 19245,
        "6": 42935
    },
    "12332": {
        "0": 1,
        "1": 12,
        "2": 105,
        "3": 889,
        "4": 7552,
        "5": 31814,
        "6": 82251
    },
    "12333": {
        "0": 1,
        "1": 11,
        "2": 95,
        "3": 816,
        "4": 7046,
        "5": 28312,
        "6": 74899
    },
    "12334": {
        "0": 1,
        "1": 11,
        "2": 99,
        "3": 866,
        "4": 7488,
        "5": 31827,
        "6": 84370
    },
    "12335": {
        "0": 1,
        "1": 12,
        "2": 109,
        "3": 947,
        "4": 8149,
        "5": 37403,
        "6": 113191
    },
    "12336": {
        "0": 1,
        "1": 11,
        "2": 95,
        "3": 809,
        "4": 6903,
        "5": 26469,
        "6": 64771
    },
    "12337": {
        "0": 1,
        "1": 8,
        "2": 69,
        "3": 589,
        "4": 5056,
        "5": 10775,
        "6": 18667
    },
    "12338": {
        "0": 1,
        "1": 11,
        "2": 94,
        "3": 802,
        "4": 6870,
        "5": 26414,
        "6": 66617
    },
    "12339": {
        "0": 1,
        "1": 9,
        "2": 75,
        "3": 648,
        "4": 5633,
        "5": 16400,
        "6": 28974
    },
    "12340": {
        "0": 1,
        "1": 12,
        "2": 103,
        "3": 864,
        "4": 7274,
        "5": 28868,
        "6": 64001
    },
    "12341": {
        "0": 1,
        "1": 9,
        "2": 76,
        "3": 644,
        "4": 5489,
        "5": 14285,
        "6": 27453
    },
    "12342": {
        "0": 1,
        "1": 12,
        "2": 104,
        "3": 900,
        "4": 7816,
        "5": 35274,
        "6": 100526
    },
    "12343": {
        "0": 1,
        "1": 10,
        "2": 85,
        "3": 737,
        "4": 6400,
        "5": 23029,
        "6": 55808
    },
    "12344": {
        "0": 1,
        "1": 9,
        "2": 78,
        "3": 676,
        "4": 5880,
        "5": 18522,
        "6": 42758
    },
    "12345": {
        "0": 1,
        "1": 11,
        "2": 96,
        "3": 845,
        "4": 7395,
        "5": 31903,
        "6": 94390
    },
    "12346": {
        "0": 1,
        "1": 12,
        "2": 99,
        "3": 812,
        "4": 6728,
        "5": 23508,
        "6": 44521
    },
    "12347": {
        "0": 1,
        "1": 11,
        "2": 95,
        "3": 825,
        "4": 7173,
        "5": 29831,
        "6": 82720
    },
    "12348": {
        "0": 1,
        "1": 11,
        "2": 93,
        "3": 791,
        "4": 6807,
        "5": 26288,
        "6": 66637
    },
    "12349": {
        "0": 1,
        "1": 12,
        "2": 104,
        "3": 882,
        "4": 7471,
        "5": 30611,
        "6": 77543
    },
    "12350": {
        "0": 1,
        "1": 10,
        "2": 82,
        "3": 696,
        "4": 5967,
        "5": 18741,
        "6": 37787
    },
    "12351": {
        "0": 1,
        "1": 12,
        "2": 107,
        "3": 941,
        "4": 8223,
        "5": 39173,
        "6": 119414
    },
    "12352": {
        "0": 1,
        "1": 12,
        "2": 109,
        "3": 948,
        "4": 8114,
        "5": 36298,
        "6": 100872
    },
    "12353": {
        "0": 1,
        "1": 8,
        "2": 68,
        "3": 583,
        "4": 5009,
        "5": 10360,
        "6": 15916
    },
    "12354": {
        "0": 1,
        "1": 9,
        "2": 77,
        "3": 662,
        "4": 5732,
        "5": 16860,
        "6": 33760
    },
    "12355": {
        "0": 1,
        "1": 10,
        "2": 84,
        "3": 719,
        "4": 6173,
        "5": 20448,
        "6": 42012
    },
    "12356": {
        "0": 1,
        "1": 9,
        "2": 81,
        "3": 724,
        "4": 6452,
        "5": 24469,
        "6": 59308
    },
    "12357": {
        "0": 1,
        "1": 11,
        "2": 92,
        "3": 783,
        "4": 6722,
        "5": 25548,
        "6": 63258
    },
    "12358": {
        "0": 1,
        "1": 12,
        "2": 107,
        "3": 924,
        "4": 7948,
        "5": 35698,
        "6": 104349
    },
    "12359": {
        "0": 1,
        "1": 11,
        "2": 97,
        "3": 846,
        "4": 7398,
        "5": 32112,
        "6": 85916
    },
    "12360": {
        "0": 1,
        "1": 11,
        "2": 91,
        "3": 776,
        "4": 6666,
        "5": 24886,
        "6": 53055
    },
    "12361": {
        "0": 1,
        "1": 12,
        "2": 107,
        "3": 932,
        "4": 8086,
        "5": 37436,
        "6": 111345
    },
    "12362": {
        "0": 1,
        "1": 11,
        "2": 93,
        "3": 786,
        "4": 6675,
        "5": 24423,
        "6": 66741
    },
    "12363": {
        "0": 1,
        "1": 11,
        "2": 90,
        "3": 750,
        "4": 6328,
        "5": 21080,
        "6": 48717
    },
    "12364": {
        "0": 1,
        "1": 12,
        "2": 104,
        "3": 883,
        "4": 7508,
        "5": 31145,
        "6": 82310
    },
    "12365": {
        "0": 1,
        "1": 10,
        "2": 86,
        "3": 731,
        "4": 6254,
        "5": 21033,
        "6": 47056
    },
    "12366": {
        "0": 1,
        "1": 12,
        "2": 101,
        "3": 857,
        "4": 7382,
        "5": 31055,
        "6": 81114
    },
    "12367": {
        "0": 1,
        "1": 10,
        "2": 89,
        "3": 781,
        "4": 6861,
        "5": 27371,
        "6": 69870
    },
    "12368": {
        "0": 1,
        "1": 11,
        "2": 101,
        "3": 897,
        "4": 7873,
        "5": 35862,
        "6": 105123
    },
    "12369": {
        "0": 1,
        "1": 11,
        "2": 98,
        "3": 859,
        "4": 7528,
        "5": 32953,
        "6": 88223
    },
    "12370": {
        "0": 1,
        "1": 11,
        "2": 95,
        "3": 831,
        "4": 7263,
        "5": 30503,
        "6": 80406
    },
    "12371": {
        "0": 1,
        "1": 11,
        "2": 94,
        "3": 811,
        "4": 7044,
        "5": 28100,
        "6": 67735
    },
    "12372": {
        "0": 1,
        "1": 10,
        "2": 88,
        "3": 780,
        "4": 6906,
        "5": 28113,
        "6": 75870
    },
    "12373": {
        "0": 1,
        "1": 10,
        "2": 84,
        "3": 707,
        "4": 5964,
        "5": 17767,
        "6": 39231
    },
    "12374": {
        "0": 1,
        "1": 12,
        "2": 104,
        "3": 893,
        "4": 7666,
        "5": 32928,
        "6": 89923
    },
    "12375": {
        "0": 1,
        "1": 15,
        "2": 144,
        "3": 1253,
        "4": 10608,
        "5": 56546,
        "6": 200313
    },
    "12376": {
        "0": 1,
        "1": 11,
        "2": 94,
        "3": 806,
        "4": 6893,
        "5": 26434,
        "6": 64211
    },
    "12377": {
        "0": 1,
        "1": 10,
        "2": 82,
        "3": 705,
        "4": 6111,
        "5": 20575,
        "6": 46117
    },
    "12378": {
        "0": 1,
        "1": 9,
        "2": 81,
        "3": 725,
        "4": 6467,
        "5": 24523,
        "6": 66675
    },
    "12379": {
        "0": 1,
        "1": 11,
        "2": 95,
        "3": 816,
        "4": 7009,
        "5": 27514,
        "6": 71527
    },
    "12380": {
        "0": 1,
        "1": 10,
        "2": 81,
        "3": 671,
        "4": 5628,
        "5": 14925,
        "6": 23555
    },
    "12381": {
        "0": 1,
        "1": 12,
        "2": 103,
        "3": 856,
        "4": 7133,
        "5": 26832,
        "6": 53097
    },
    "12382": {
        "0": 1,
        "1": 9,
        "2": 79,
        "3": 703,
        "4": 6247,
        "5": 22739,
        "6": 62079
    },
    "12383": {
        "0": 1,
        "1": 13,
        "2": 112,
        "3": 932,
        "4": 7810,
        "5": 33392,
        "6": 86424
    },
    "12384": {
        "0": 1,
        "1": 8,
        "2": 69,
        "3": 600,
        "4": 5239,
        "5": 13035,
        "6": 24428
    },
    "12385": {
        "0": 1,
        "1": 10,
        "2": 88,
        "3": 776,
        "4": 6822,
        "5": 27206,
        "6": 70069
    },
    "12386": {
        "0": 1,
        "1": 10,
        "2": 86,
        "3": 745,
        "4": 6490,
        "5": 24012,
        "6": 60131
    },
    "12387": {
        "0": 1,
        "1": 12,
        "2": 112,
        "3": 971,
        "4": 8345,
        "5": 38527,
        "6": 115715
    },
    "12388": {
        "0": 1,
        "1": 11,
        "2": 91,
        "3": 765,
        "4": 6530,
        "5": 23552,
        "6": 59390
    },
    "12389": {
        "0": 1,
        "1": 10,
        "2": 86,
        "3": 768,
        "4": 6843,
        "5": 27947,
        "6": 77789
    },
    "12390": {
        "0": 1,
        "1": 12,
        "2": 108,
        "3": 951,
        "4": 8308,
        "5": 39645,
        "6": 122272
    },
    "12391": {
        "0": 1,
        "1": 11,
        "2": 92,
        "3": 777,
        "4": 6635,
        "5": 24476,
        "6": 56561
    },
    "12392": {
        "0": 1,
        "1": 12,
        "2": 106,
        "3": 912,
        "4": 7875,
        "5": 35897,
        "6": 106326
    },
    "12393": {
        "0": 1,
        "1": 8,
        "2": 68,
        "3": 590,
        "4": 5139,
        "5": 11911,
        "6": 17741
    },
    "12394": {
        "0": 1,
        "1": 10,
        "2": 91,
        "3": 804,
        "4": 7149,
        "5": 30699,
        "6": 89493
    },
    "12395": {
        "0": 1,
        "1": 10,
        "2": 84,
        "3": 719,
        "4": 6198,
        "5": 20762,
        "6": 44250
    },
    "12396": {
        "0": 1,
        "1": 11,
        "2": 94,
        "3": 807,
        "4": 6981,
        "5": 27866,
        "6": 67961
    },
    "12397": {
        "0": 1,
        "1": 11,
        "2": 90,
        "3": 762,
        "4": 6464,
        "5": 22013,
        "6": 44142
    },
    "12398": {
        "0": 1,
        "1": 9,
        "2": 80,
        "3": 694,
        "4": 6043,
        "5": 20000,
        "6": 46299
    },
    "12399": {
        "0": 1,
        "1": 13,
        "2": 116,
        "3": 993,
        "4": 8487,
        "5": 40305,
        "6": 125547
    }
}