{
    "12700": {
        "0": 1,
        "1": 10,
        "2": 81,
        "3": 685,
        "4": 5878,
        "5": 18140,
        "6": 41168
    },
    "12701": {
        "0": 1,
        "1": 10,
        "2": 86,
        "3": 762,
        "4": 6754,
        "5": 27195,
        "6": 69474
    },
    "12702": {
        "0": 1,
        "1": 8,
        "2": 76,
        "3": 703,
        "4": 6438,
        "5": 25696,
        "6": 66526
    },
    "12703": {
        "0": 1,
        "1": 11,
        "2": 95,
        "3": 827,
        "4": 7222,
        "5": 30299,
        "6": 79695
    },
    "12704": {
        "0": 1,
        "1": 11,
        "2": 99,
        "3": 891,
        "4": 7966,
        "5": 37854,
        "6": 113999
    },
    "12705": {
        "0": 1,
        "1": 10,
        "2": 86,
        "3": 757,
        "4": 6594,
        "5": 24103,
        "6": 59582
    },
    "12706": {
        "0": 1,
        "1": 11,
        "2": 91,
        "3": 764,
        "4": 6470,
        "5": 22495,
        "6": 49194
    },
    "12707": {
        "0": 1,
        "1": 11,
        "2": 95,
        "3": 813,
        "4": 6971,
        "5": 26896,
        "6": 64802
    },
    "12708": {
        "0": 1,
        "1": 10,
        "2": 91,
        "3": 817,
        "4": 7308,
        "5": 31757,
        "6": 83378
    },
    "12709": {
        "0": 1,
        "1": 10,
        "2": 88,
        "3": 780,
        "4": 6913,
        "5": 28519,
        "6": 73102
    },
    "12710": {
        "0": 1,
        "1": 13,
        "2": 111,
        "3": 938,
        "4": 7964,
        "5": 35157,
        "6": 90130
    },
    "12711": {
        "0": 1,
        "1": 14,
        "2": 127,
        "3": 1066,
        "4": 8925,
        "5": 42526,
        "6": 120682
    },
    "12712": {
        "0": 1,
        "1": 13,
        "2": 115,
        "3": 1005,
        "4": 8801,
        "5": 44425,
        "6": 133049
    },
    "12713": {
        "0": 1,
        "1": 11,
        "2": 94,
        "3": 812,
        "4": 7064,
        "5": 28862,
        "6": 74578
    },
    "12714": {
        "0": 1,
        "1": 10,
        "2": 87,
        "3": 755,
        "4": 6577,
        "5": 24578,
        "6": 55532
    },
    "12715": {
        "0": 1,
        "1": 9,
        "2": 77,
        "3": 663,
        "4": 5758,
        "5": 17547,
        "6": 38920
    },
    "12716": {
        "0": 1,
        "1": 12,
        "2": 109,
        "3": 959,
        "4": 8380,
        "5": 40471,
        "6": 117292
    },
    "12717": {
        "0": 1,
        "1": 11,
        "2": 95,
        "3": 828,
        "4": 7195,
        "5": 29696,
        "6": 78850
    },
    "12718": {
        "0": 1,
        "1": 9,
        "2": 76,
        "3": 658,
        "4": 5728,
        "5": 17262,
        "6": 35842
    },
    "12719": {
        "0": 1,
        "1": 11,
        "2": 98,
        "3": 862,
        "4": 7541,
        "5": 33471,
        "6": 100573
    },
    "12720": {
        "0": 1,
        "1": 10,
        "2": 85,
        "3": 720,
        "4": 6097,
        "5": 19021,
        "6": 42213
    },
    "12721": {
        "0": 1,
        "1": 12,
        "2": 104,
        "3": 901,
        "4": 7876,
        "5": 36357,
        "6": 108771
    },
    "12722": {
        "0": 1,
        "1": 11,
        "2": 95,
        "3": 829,
        "4": 7261,
        "5": 31179,
        "6": 84802
    },
    "12723": {
        "0": 1,
        "1": 12,
        "2": 108,
        "3": 957,
        "4": 8395,
        "5": 40622,
        "6": 119931
    },
    "12724": {
        "0": 1,
        "1": 11,
        "2": 97,
        "3": 851,
        "4": 7448,
        "5": 32438,
        "6": 97032
    },
    "12725": {
        "0": 1,
        "1": 10,
        "2": 86,
        "3": 749,
        "4": 6514,
        "5": 23634,
        "6": 54579
    },
    "12726": {
        "0": 1,
        "1": 12,
        "2": 101,
        "3": 852,
        "4": 7266,
        "5": 29836,
        "6": 74091
    },
    "12727": {
        "0": 1,
        "1": 11,
        "2": 96,
        "3": 823,
        "4": 7034,
        "5": 27362,
        "6": 70649
    },
    "12728": {
        "0": 1,
        "1": 12,
        "2": 105,
        "3": 923,
        "4": 8067,
        "5": 37437,
        "6": 106455
    },
    "12729": {
        "0": 1,
        "1": 10,
        "2": 87,
        "3": 754,
        "4": 6559,
        "5": 24416,
        "6": 56535
    },
    "12730": {
        "0": 1,
        "1": 9,
        "2": 79,
        "3": 692,
        "4": 6091,
        "5": 20886,
        "6": 44966
    },
    "12731": {
        "0": 1,
        "1": 9,
        "2": 77,
        "3": 659,
        "4": 5693,
        "5": 16418,
        "6": 33471
    },
    "12732": {
        "0": 1,
        "1": 9,
        "2": 78,
        "3": 667,
        "4": 5682,
        "5": 15458,
        "6": 30058
    },
    "12733": {
        "0": 1,
        "1": 13,
        "2": 110,
        "3": 936,
        "4": 8038,
        "5": 36797,
        "6": 94238
    },
    "12734": {
        "0": 1,
        "1": 10,
        "2": 87,
        "3": 758,
        "4": 6596,
        "5": 24523,
        "6": 60259
    },
    "12735": {
        "0": 1,
        "1": 9,
        "2": 78,
        "3": 684,
        "4": 5965,
        "5": 18914,
        "6": 38142
    },
    "12736": {
        "0": 1,
        "1": 9,
        "2": 83,
        "3": 752,
        "4": 6760,
        "5": 27562,
        "6": 76511
    },
    "12737": {
        "0": 1,
        "1": 10,
        "2": 86,
        "3": 744,
        "4": 6463,
        "5": 23466,
        "6": 53616
    },
    "12738": {
        "0": 1,
        "1": 11,
        "2": 98,
        "3": 857,
        "4": 7491,
        "5": 32816,
        "6": 92847
    },
    "12739": {
        "0": 1,
        "1": 11,
        "2": 96,
        "3": 847,
        "4": 7433,
        "5": 32404,
        "6": 88512
    },
    "12740": {
        "0": 1,
        "1": 10,
        "2": 88,
        "3": 757,
        "4": 6475,
        "5": 22733,
        "6": 51136
    },
    "12741": {
        "0": 1,
        "1": 11,
        "2": 92,
        "3": 773,
        "4": 6538,
        "5": 22998,
        "6": 49633
    },
    "12742": {
        "0": 1,
        "1": 11,
        "2": 92,
        "3": 783,
        "4": 6670,
        "5": 24195,
        "6": 61474
    },
    "12743": {
        "0": 1,
        "1": 10,
        "2": 81,
        "3": 673,
        "4": 5661,
        "5": 15344,
        "6": 26030
    },
    "12744": {
        "0": 1,
        "1": 9,
        "2": 77,
        "3": 675,
        "4": 5950,
        "5": 19817,
        "6": 47909
    },
    "12745": {
        "0": 1,
        "1": 8,
        "2": 70,
        "3": 608,
        "4": 5301,
        "5": 13615,
        "6": 23053
    },
    "12746": {
        "0": 1,
        "1": 12,
        "2": 106,
        "3": 911,
        "4": 7838,
        "5": 34938,
        "6": 97863
    },
    "12747": {
        "0": 1,
        "1": 9,
        "2": 75,
        "3": 635,
        "4": 5415,
        "5": 13648,
        "6": 23737
    },
    "12748": {
        "0": 1,
        "1": 9,
        "2": 79,
        "3": 703,
        "4": 6234,
        "5": 22558,
        "6": 51702
    },
    "12749": {
        "0": 1,
        "1": 10,
        "2": 90,
        "3": 785,
        "4": 6822,
        "5": 26395,
        "6": 68218
    },
    "12750": {
        "0": 1,
        "1": 9,
        "2": 79,
        "3": 708,
        "4": 6322,
        "5": 23492,
        "6": 54060
    },
    "12751": {
        "0": 1,
        "1": 13,
        "2": 117,
        "3": 1012,
        "4": 8764,
        "5": 43158,
        "6": 136151
    },
    "12752": {
        "0": 1,
        "1": 11,
        "2": 94,
        "3": 799,
        "4": 6851,
        "5": 26430,
        "6": 68937
    },
    "12753": {
        "0": 1,
        "1": 10,
        "2": 82,
        "3": 686,
        "4": 5793,
        "5": 16569,
        "6": 28059
    },
    "12754": {
        "0": 1,
        "1": 10,
        "2": 86,
        "3": 747,
        "4": 6491,
        "5": 23715,
        "6": 59105
    },
    "12755": {
        "0": 1,
        "1": 10,
        "2": 87,
        "3": 761,
        "4": 6618,
        "5": 24461,
        "6": 60140
    },
    "12756": {
        "0": 1,
        "1": 9,
        "2": 79,
        "3": 686,
        "4": 6009,
        "5": 20117,
        "6": 48715
    },
    "12757": {
        "0": 1,
        "1": 9,
        "2": 81,
        "3": 711,
        "4": 6226,
        "5": 21703,
        "6": 51090
    },
    "12758": {
        "0": 1,
        "1": 9,
        "2": 75,
        "3": 638,
        "4": 5446,
        "5": 13981,
        "6": 22873
    },
    "12759": {
        "0": 1,
        "1": 12,
        "2": 102,
        "3": 863,
        "4": 7336,
        "5": 29955,
        "6": 74840
    },
    "12760": {
        "0": 1,
        "1": 13,
        "2": 115,
        "3": 996,
        "4": 8646,
        "5": 42336,
        "6": 127085
    },
    "12761": {
        "0": 1,
        "1": 10,
        "2": 87,
        "3": 766,
        "4": 6738,
        "5": 26558,
        "6": 65605
    },
    "12762": {
        "0": 1,
        "1": 11,
        "2": 89,
        "3": 738,
        "4": 6203,
        "5": 19974,
        "6": 39638
    },
    "12763": {
        "0": 1,
        "1": 11,
        "2": 92,
        "3": 798,
        "4": 6947,
        "5": 27524,
        "6": 70400
    },
    "12764": {
        "0": 1,
        "1": 13,
        "2": 111,
        "3": 930,
        "4": 7857,
        "5": 33691,
        "6": 86588
    },
    "12765": {
        "0": 1,
        "1": 12,
        "2": 102,
        "3": 862,
        "4": 7273,
        "5": 28640,
        "6": 68076
    },
    "12766": {
        "0": 1,
        "1": 10,
        "2": 86,
        "3": 746,
        "4": 6450,
        "5": 22602,
        "6": 49998
    },
    "12767": {
        "0": 1,
        "1": 11,
        "2": 92,
        "3": 790,
        "4": 6826,
        "5": 26485,
        "6": 59836
    },
    "12768": {
        "0": 1,
        "1": 12,
        "2": 103,
        "3": 868,
        "4": 7375,
        "5": 30385,
        "6": 79253
    },
    "12769": {
        "0": 1,
        "1": 12,
        "2": 104,
        "3": 885,
        "4": 7542,
        "5": 31921,
        "6": 86776
    },
    "12770": {
        "0": 1,
        "1": 10,
        "2": 88,
        "3": 767,
        "4": 6656,
        "5": 25118,
        "6": 69480
    },
    "12771": {
        "0": 1,
        "1": 9,
        "2": 81,
        "3": 734,
        "4": 6659,
        "5": 27030,
        "6": 76566
    },
    "12772": {
        "0": 1,
        "1": 13,
        "2": 116,
        "3": 1017,
        "4": 8910,
        "5": 45247,
        "6": 144587
    },
    "12773": {
        "0": 1,
        "1": 9,
        "2": 77,
        "3": 667,
        "4": 5784,
        "5": 17664,
        "6": 33926
    },
    "12774": {
        "0": 1,
        "1": 9,
        "2": 76,
        "3": 664,
        "4": 5858,
        "5": 19309,
        "6": 44070
    },
    "12775": {
        "0": 1,
        "1": 10,
        "2": 87,
        "3": 759,
        "4": 6636,
        "5": 25434,
        "6": 61761
    },
    "12776": {
        "0": 1,
        "1": 9,
        "2": 77,
        "3": 658,
        "4": 5649,
        "5": 15532,
        "6": 29995
    },
    "12777": {
        "0": 1,
        "1": 11,
        "2": 100,
        "3": 889,
        "4": 7848,
        "5": 36311,
        "6": 102642
    },
    "12778": {
        "0": 1,
        "1": 12,
        "2": 101,
        "3": 842,
        "4": 7043,
        "5": 26452,
        "6": 60203
    },
    "12779": {
        "0": 1,
        "1": 8,
        "2": 68,
        "3": 581,
        "4": 4990,
        "5": 10006,
        "6": 13831
    },
    "12780": {
        "0": 1,
        "1": 11,
        "2": 92,
        "3": 771,
        "4": 6519,
        "5": 22873,
        "6": 50156
    },
    "12781": {
        "0": 1,
        "1": 10,
        "2": 86,
        "3": 748,
        "4": 6536,
        "5": 24527,
        "6": 60380
    },
    "12782": {
        "0": 1,
        "1": 11,
        "2": 95,
        "3": 821,
        "4": 7059,
        "5": 27754,
        "6": 68323
    },
    "12783": {
        "0": 1,
        "1": 9,
        "2": 78,
        "3": 674,
        "4": 5817,
        "5": 17165,
        "6": 34522
    },
    "12784": {
        "0": 1,
        "1": 9,
        "2": 78,
        "3": 675,
        "4": 5846,
        "5": 17890,
        "6": 39138
    },
    "12785": {
        "0": 1,
        "1": 11,
        "2": 92,
        "3": 773,
        "4": 6555,
        "5": 23340,
        "6": 53705
    },
    "12786": {
        "0": 1,
        "1": 10,
        "2": 88,
        "3": 775,
        "4": 6777,
        "5": 26330,
        "6": 69534
    },
    "12787": {
        "0": 1,
        "1": 9,
        "2": 79,
        "3": 699,
        "4": 6212,
        "5": 22373,
        "6": 51080
    },
    "12788": {
        "0": 1,
        "1": 11,
        "2": 94,
        "3": 807,
        "4": 6937,
        "5": 27249,
        "6": 68555
    },
    "12789": {
        "0": 1,
        "1": 10,
        "2": 87,
        "3": 767,
        "4": 6782,
        "5": 27287,
        "6": 72117
    },
    "12790": {
        "0": 1,
        "1": 10,
        "2": 83,
        "3": 709,
        "4": 6097,
        "5": 20120,
        "6": 45278
    },
    "12791": {
        "0": 1,
        "1": 9,
        "2": 79,
        "3": 694,
        "4": 6140,
        "5": 21524,
        "6": 51116
    },
    "12792": {
        "0": 1,
        "1": 9,
        "2": 78,
        "3": 690,
        "4": 6103,
        "5": 21235,
        "6": 41686
    },
    "12793": {
        "0": 1,
        "1": 11,
        "2": 97,
        "3": 859,
        "4": 7562,
        "5": 33461,
        "6": 91307
    },
    "12794": {
        "0": 1,
        "1": 9,
        "2": 76,
        "3": 644,
        "4": 5511,
        "5": 14765,
        "6": 28744
    },
    "12795": {
        "0": 1,
        "1": 11,
        "2": 90,
        "3": 754,
        "4": 6362,
        "5": 21169,
        "6": 43963
    },
    "12796": {
        "0": 1,
        "1": 11,
        "2": 95,
        "3": 814,
        "4": 7026,
        "5": 27988,
        "6": 75345
    },
    "12797": {
        "0": 1,
        "1": 9,
        "2": 79,
        "3": 698,
        "4": 6130,
        "5": 20973,
        "6": 43351
    },
    "12798": {
        "0": 1,
        "1": 9,
        "2": 80,
        "3": 693,
        "4": 6005,
        "5": 19159,
        "6": 37038
    },
    "12799": {
        "0": 1,
        "1": 11,
        "2": 94,
        "3": 811,
        "4": 7051,
        "5": 28920,
        "6": 77813
    }
}