{
    "30400": {
        "0": 1,
        "1": 9,
        "2": 79,
        "3": 704,
        "4": 6247,
        "5": 22386,
        "6": 55050
    },
    "30401": {
        "0": 1,
        "1": 11,
        "2": 94,
        "3": 817,
        "4": 7156,
        "5": 30198,
        "6": 86413
    },
    "30402": {
        "0": 1,
        "1": 10,
        "2": 91,
        "3": 804,
        "4": 7069,
        "5": 28890,
        "6": 71588
    },
    "30403": {
        "0": 1,
        "1": 11,
        "2": 89,
        "3": 742,
        "4": 6296,
        "5": 21426,
        "6": 46371
    },
    "30404": {
        "0": 1,
        "1": 13,
        "2": 114,
        "3": 962,
        "4": 8168,
        "5": 37244,
        "6": 106286
    },
    "30405": {
        "0": 1,
        "1": 11,
        "2": 95,
        "3": 813,
        "4": 6975,
        "5": 27230,
        "6": 66974
    },
    "30406": {
        "0": 1,
        "1": 9,
        "2": 79,
        "3": 689,
        "4": 6008,
        "5": 19670,
        "6": 45359
    },
    "30407": {
        "0": 1,
        "1": 13,
        "2": 110,
        "3": 911,
        "4": 7620,
        "5": 31602,
        "6": 73122
    },
    "30408": {
        "0": 1,
        "1": 10,
        "2": 84,
        "3": 707,
        "4": 5989,
        "5": 18396,
        "6": 39973
    },
    "30409": {
        "0": 1,
        "1": 11,
        "2": 96,
        "3": 839,
        "4": 7406,
        "5": 32666,
        "6": 88882
    },
    "30410": {
        "0": 1,
        "1": 9,
        "2": 78,
        "3": 689,
        "4": 6068,
        "5": 20325,
        "6": 46529
    },
    "30411": {
        "0": 1,
        "1": 10,
        "2": 83,
        "3": 699,
        "4": 5941,
        "5": 18056,
        "6": 32911
    },
    "30412": {
        "0": 1,
        "1": 10,
        "2": 86,
        "3": 745,
        "4": 6537,
        "5": 24784,
        "6": 69748
    },
    "30413": {
        "0": 1,
        "1": 10,
        "2": 84,
        "3": 712,
        "4": 6089,
        "5": 19726,
        "6": 45217
    },
    "30414": {
        "0": 1,
        "1": 11,
        "2": 95,
        "3": 830,
        "4": 7260,
        "5": 30757,
        "6": 80432
    },
    "30415": {
        "0": 1,
        "1": 11,
        "2": 91,
        "3": 752,
        "4": 6308,
        "5": 20543,
        "6": 44772
    },
    "30416": {
        "0": 1,
        "1": 12,
        "2": 106,
        "3": 912,
        "4": 7826,
        "5": 34512,
        "6": 102536
    },
    "30417": {
        "0": 1,
        "1": 11,
        "2": 94,
        "3": 797,
        "4": 6768,
        "5": 25042,
        "6": 61316
    },
    "30418": {
        "0": 1,
        "1": 13,
        "2": 122,
        "3": 1089,
        "4": 9649,
        "5": 52715,
        "6": 187534
    },
    "30419": {
        "0": 1,
        "1": 10,
        "2": 84,
        "3": 730,
        "4": 6360,
        "5": 22722,
        "6": 53852
    },
    "30420": {
        "0": 1,
        "1": 10,
        "2": 90,
        "3": 784,
        "4": 6883,
        "5": 27629,
        "6": 71800
    },
    "30421": {
        "0": 1,
        "1": 11,
        "2": 93,
        "3": 790,
        "4": 6748,
        "5": 24862,
        "6": 56506
    },
    "30422": {
        "0": 1,
        "1": 11,
        "2": 92,
        "3": 768,
        "4": 6490,
        "5": 22712,
        "6": 51530
    },
    "30423": {
        "0": 1,
        "1": 11,
        "2": 95,
        "3": 818,
        "4": 7075,
        "5": 28728,
        "6": 76518
    },
    "30424": {
        "0": 1,
        "1": 11,
        "2": 95,
        "3": 805,
        "4": 6888,
        "5": 26537,
        "6": 69285
    },
    "30425": {
        "0": 1,
        "1": 9,
        "2": 79,
        "3": 706,
        "4": 6275,
        "5": 22699,
        "6": 55537
    },
    "30426": {
        "0": 1,
        "1": 12,
        "2": 105,
        "3": 906,
        "4": 7896,
        "5": 36539,
        "6": 107422
    },
    "30427": {
        "0": 1,
        "1": 12,
        "2": 103,
        "3": 862,
        "4": 7223,
        "5": 28023,
        "6": 57925
    },
    "30428": {
        "0": 1,
        "1": 12,
        "2": 103,
        "3": 885,
        "4": 7645,
        "5": 33373,
        "6": 90881
    },
    "30429": {
        "0": 1,
        "1": 10,
        "2": 85,
        "3": 727,
        "4": 6183,
        "5": 19852,
        "6": 41456
    },
    "30430": {
        "0": 1,
        "1": 10,
        "2": 86,
        "3": 746,
        "4": 6467,
        "5": 23398,
        "6": 58871
    },
    "30431": {
        "0": 1,
        "1": 12,
        "2": 104,
        "3": 890,
        "4": 7678,
        "5": 34085,
        "6": 100867
    },
    "30432": {
        "0": 1,
        "1": 10,
        "2": 91,
        "3": 804,
        "4": 7087,
        "5": 29497,
        "6": 78741
    },
    "30433": {
        "0": 1,
        "1": 12,
        "2": 102,
        "3": 862,
        "4": 7339,
        "5": 30071,
        "6": 77084
    },
    "30434": {
        "0": 1,
        "1": 9,
        "2": 74,
        "3": 639,
        "4": 5573,
        "5": 16163,
        "6": 34265
    },
    "30435": {
        "0": 1,
        "1": 11,
        "2": 96,
        "3": 842,
        "4": 7381,
        "5": 31770,
        "6": 86722
    },
    "30436": {
        "0": 1,
        "1": 10,
        "2": 85,
        "3": 728,
        "4": 6244,
        "5": 20909,
        "6": 42145
    },
    "30437": {
        "0": 1,
        "1": 8,
        "2": 69,
        "3": 604,
        "4": 5328,
        "5": 14472,
        "6": 29561
    },
    "30438": {
        "0": 1,
        "1": 11,
        "2": 101,
        "3": 913,
        "4": 8171,
        "5": 39669,
        "6": 130437
    },
    "30439": {
        "0": 1,
        "1": 10,
        "2": 86,
        "3": 741,
        "4": 6346,
        "5": 21416,
        "6": 47653
    },
    "30440": {
        "0": 1,
        "1": 11,
        "2": 94,
        "3": 802,
        "4": 6877,
        "5": 26692,
        "6": 70312
    },
    "30441": {
        "0": 1,
        "1": 12,
        "2": 111,
        "3": 991,
        "4": 8768,
        "5": 44361,
        "6": 148418
    },
    "30442": {
        "0": 1,
        "1": 12,
        "2": 105,
        "3": 910,
        "4": 7859,
        "5": 35222,
        "6": 96897
    },
    "30443": {
        "0": 1,
        "1": 10,
        "2": 88,
        "3": 784,
        "4": 6990,
        "5": 29023,
        "6": 73378
    },
    "30444": {
        "0": 1,
        "1": 10,
        "2": 87,
        "3": 759,
        "4": 6564,
        "5": 23858,
        "6": 54863
    },
    "30445": {
        "0": 1,
        "1": 11,
        "2": 95,
        "3": 812,
        "4": 6979,
        "5": 27542,
        "6": 73923
    },
    "30446": {
        "0": 1,
        "1": 11,
        "2": 93,
        "3": 799,
        "4": 6872,
        "5": 26396,
        "6": 62206
    },
    "30447": {
        "0": 1,
        "1": 13,
        "2": 125,
        "3": 1127,
        "4": 10056,
        "5": 56367,
        "6": 200178
    },
    "30448": {
        "0": 1,
        "1": 9,
        "2": 78,
        "3": 694,
        "4": 6206,
        "5": 22499,
        "6": 59775
    },
    "30449": {
        "0": 1,
        "1": 11,
        "2": 95,
        "3": 816,
        "4": 7036,
        "5": 28295,
        "6": 70543
    },
    "30450": {
        "0": 1,
        "1": 10,
        "2": 84,
        "3": 714,
        "4": 6092,
        "5": 19102,
        "6": 43158
    },
    "30451": {
        "0": 1,
        "1": 10,
        "2": 86,
        "3": 756,
        "4": 6693,
        "5": 26637,
        "6": 73631
    },
    "30452": {
        "0": 1,
        "1": 16,
        "2": 158,
        "3": 1412,
        "4": 12218,
        "5": 72171,
        "6": 271042
    },
    "30453": {
        "0": 1,
        "1": 10,
        "2": 82,
        "3": 687,
        "4": 5829,
        "5": 17166,
        "6": 34843
    },
    "30454": {
        "0": 1,
        "1": 11,
        "2": 95,
        "3": 854,
        "4": 7634,
        "5": 34638,
        "6": 95219
    },
    "30455": {
        "0": 1,
        "1": 11,
        "2": 98,
        "3": 853,
        "4": 7422,
        "5": 31753,
        "6": 93866
    },
    "30456": {
        "0": 1,
        "1": 10,
        "2": 88,
        "3": 789,
        "4": 7033,
        "5": 29926,
        "6": 86722
    },
    "30457": {
        "0": 1,
        "1": 11,
        "2": 98,
        "3": 860,
        "4": 7503,
        "5": 32201,
        "6": 85013
    },
    "30458": {
        "0": 1,
        "1": 10,
        "2": 86,
        "3": 745,
        "4": 6447,
        "5": 23091,
        "6": 53380
    },
    "30459": {
        "0": 1,
        "1": 11,
        "2": 96,
        "3": 831,
        "4": 7183,
        "5": 29448,
        "6": 81927
    },
    "30460": {
        "0": 1,
        "1": 10,
        "2": 83,
        "3": 703,
        "4": 6025,
        "5": 19362,
        "6": 43670
    },
    "30461": {
        "0": 1,
        "1": 9,
        "2": 80,
        "3": 701,
        "4": 6138,
        "5": 21013,
        "6": 48756
    },
    "30462": {
        "0": 1,
        "1": 12,
        "2": 111,
        "3": 975,
        "4": 8388,
        "5": 39146,
        "6": 124718
    },
    "30463": {
        "0": 1,
        "1": 10,
        "2": 85,
        "3": 733,
        "4": 6361,
        "5": 22852,
        "6": 51028
    },
    "30464": {
        "0": 1,
        "1": 12,
        "2": 104,
        "3": 907,
        "4": 7977,
        "5": 37611,
        "6": 111346
    },
    "30465": {
        "0": 1,
        "1": 12,
        "2": 104,
        "3": 904,
        "4": 7788,
        "5": 33876,
        "6": 89944
    },
    "30466": {
        "0": 1,
        "1": 10,
        "2": 82,
        "3": 691,
        "4": 5894,
        "5": 17871,
        "6": 36850
    },
    "30467": {
        "0": 1,
        "1": 14,
        "2": 124,
        "3": 1045,
        "4": 8812,
        "5": 42023,
        "6": 127917
    },
    "30468": {
        "0": 1,
        "1": 13,
        "2": 114,
        "3": 958,
        "4": 8078,
        "5": 36020,
        "6": 104475
    },
    "30469": {
        "0": 1,
        "1": 8,
        "2": 71,
        "3": 625,
        "4": 5497,
        "5": 15542,
        "6": 35915
    },
    "30470": {
        "0": 1,
        "1": 11,
        "2": 90,
        "3": 748,
        "4": 6318,
        "5": 21272,
        "6": 53305
    },
    "30471": {
        "0": 1,
        "1": 10,
        "2": 86,
        "3": 727,
        "4": 6186,
        "5": 20076,
        "6": 38728
    },
    "30472": {
        "0": 1,
        "1": 11,
        "2": 93,
        "3": 800,
        "4": 6905,
        "5": 26979,
        "6": 72451
    },
    "30473": {
        "0": 1,
        "1": 9,
        "2": 77,
        "3": 658,
        "4": 5623,
        "5": 15307,
        "6": 29765
    },
    "30474": {
        "0": 1,
        "1": 12,
        "2": 103,
        "3": 875,
        "4": 7502,
        "5": 32016,
        "6": 88913
    },
    "30475": {
        "0": 1,
        "1": 11,
        "2": 90,
        "3": 747,
        "4": 6260,
        "5": 20156,
        "6": 39089
    },
    "30476": {
        "0": 1,
        "1": 12,
        "2": 100,
        "3": 863,
        "4": 7524,
        "5": 32719,
        "6": 87561
    },
    "30477": {
        "0": 1,
        "1": 10,
        "2": 85,
        "3": 736,
        "4": 6402,
        "5": 23004,
        "6": 54944
    },
    "30478": {
        "0": 1,
        "1": 13,
        "2": 120,
        "3": 1047,
        "4": 9023,
        "5": 45065,
        "6": 143152
    },
    "30479": {
        "0": 1,
        "1": 11,
        "2": 91,
        "3": 766,
        "4": 6480,
        "5": 22324,
        "6": 45238
    },
    "30480": {
        "0": 1,
        "1": 11,
        "2": 95,
        "3": 806,
        "4": 6881,
        "5": 26291,
        "6": 68820
    },
    "30481": {
        "0": 1,
        "1": 10,
        "2": 85,
        "3": 732,
        "4": 6414,
        "5": 23951,
        "6": 62923
    },
    "30482": {
        "0": 1,
        "1": 14,
        "2": 121,
        "3": 1079,
        "4": 9530,
        "5": 51072,
        "6": 158043
    },
    "30483": {
        "0": 1,
        "1": 13,
        "2": 115,
        "3": 979,
        "4": 8331,
        "5": 38524,
        "6": 113731
    },
    "30484": {
        "0": 1,
        "1": 11,
        "2": 92,
        "3": 780,
        "4": 6658,
        "5": 24443,
        "6": 57107
    },
    "30485": {
        "0": 1,
        "1": 10,
        "2": 85,
        "3": 736,
        "4": 6377,
        "5": 22741,
        "6": 54530
    },
    "30486": {
        "0": 1,
        "1": 9,
        "2": 79,
        "3": 683,
        "4": 5896,
        "5": 18206,
        "6": 41134
    },
    "30487": {
        "0": 1,
        "1": 10,
        "2": 84,
        "3": 728,
        "4": 6288,
        "5": 21597,
        "6": 43225
    },
    "30488": {
        "0": 1,
        "1": 10,
        "2": 88,
        "3": 785,
        "4": 6996,
        "5": 29566,
        "6": 79582
    },
    "30489": {
        "0": 1,
        "1": 9,
        "2": 79,
        "3": 708,
        "4": 6261,
        "5": 21756,
        "6": 52357
    },
    "30490": {
        "0": 1,
        "1": 12,
        "2": 109,
        "3": 939,
        "4": 8034,
        "5": 36094,
        "6": 99563
    },
    "30491": {
        "0": 1,
        "1": 12,
        "2": 106,
        "3": 919,
        "4": 7958,
        "5": 36232,
        "6": 100646
    },
    "30492": {
        "0": 1,
        "1": 12,
        "2": 104,
        "3": 893,
        "4": 7678,
        "5": 33338,
        "6": 90972
    },
    "30493": {
        "0": 1,
        "1": 11,
        "2": 99,
        "3": 879,
        "4": 7792,
        "5": 36174,
        "6": 108432
    },
    "30494": {
        "0": 1,
        "1": 9,
        "2": 79,
        "3": 700,
        "4": 6181,
        "5": 21694,
        "6": 47820
    },
    "30495": {
        "0": 1,
        "1": 11,
        "2": 92,
        "3": 787,
        "4": 6805,
        "5": 26507,
        "6": 67320
    },
    "30496": {
        "0": 1,
        "1": 11,
        "2": 90,
        "3": 743,
        "4": 6247,
        "5": 20224,
        "6": 43729
    },
    "30497": {
        "0": 1,
        "1": 11,
        "2": 96,
        "3": 828,
        "4": 7165,
        "5": 29444,
        "6": 78571
    },
    "30498": {
        "0": 1,
        "1": 10,
        "2": 83,
        "3": 707,
        "4": 6048,
        "5": 19118,
        "6": 38340
    },
    "30499": {
        "0": 1,
        "1": 10,
        "2": 85,
        "3": 733,
        "4": 6336,
        "5": 22059,
        "6": 46975
    }
}