{
    "24500": {
        "0": 1,
        "1": 11,
        "2": 98,
        "3": 858,
        "4": 7418,
        "5": 31115,
        "6": 84216
    },
    "24501": {
        "0": 1,
        "1": 11,
        "2": 96,
        "3": 829,
        "4": 7195,
        "5": 29960,
        "6": 77183
    },
    "24502": {
        "0": 1,
        "1": 12,
        "2": 102,
        "3": 868,
        "4": 7463,
        "5": 31576,
        "6": 85381
    },
    "24503": {
        "0": 1,
        "1": 10,
        "2": 85,
        "3": 734,
        "4": 6336,
        "5": 21891,
        "6": 47303
    },
    "24504": {
        "0": 1,
        "1": 13,
        "2": 111,
        "3": 935,
        "4": 7958,
        "5": 35463,
        "6": 102956
    },
    "24505": {
        "0": 1,
        "1": 10,
        "2": 88,
        "3": 782,
        "4": 6936,
        "5": 28461,
        "6": 70439
    },
    "24506": {
        "0": 1,
        "1": 10,
        "2": 86,
        "3": 742,
        "4": 6399,
        "5": 22538,
        "6": 49884
    },
    "24507": {
        "0": 1,
        "1": 11,
        "2": 99,
        "3": 869,
        "4": 7644,
        "5": 34651,
        "6": 97541
    },
    "24508": {
        "0": 1,
        "1": 12,
        "2": 104,
        "3": 870,
        "4": 7327,
        "5": 29285,
        "6": 74306
    },
    "24509": {
        "0": 1,
        "1": 9,
        "2": 79,
        "3": 701,
        "4": 6221,
        "5": 22327,
        "6": 51079
    },
    "24510": {
        "0": 1,
        "1": 10,
        "2": 85,
        "3": 734,
        "4": 6371,
        "5": 22536,
        "6": 50921
    },
    "24511": {
        "0": 1,
        "1": 11,
        "2": 92,
        "3": 778,
        "4": 6619,
        "5": 23592,
        "6": 59781
    },
    "24512": {
        "0": 1,
        "1": 10,
        "2": 83,
        "3": 711,
        "4": 6159,
        "5": 20948,
        "6": 43218
    },
    "24513": {
        "0": 1,
        "1": 12,
        "2": 104,
        "3": 890,
        "4": 7592,
        "5": 31970,
        "6": 85993
    },
    "24514": {
        "0": 1,
        "1": 10,
        "2": 87,
        "3": 751,
        "4": 6534,
        "5": 24313,
        "6": 54362
    },
    "24515": {
        "0": 1,
        "1": 13,
        "2": 113,
        "3": 960,
        "4": 8174,
        "5": 36898,
        "6": 102579
    },
    "24516": {
        "0": 1,
        "1": 11,
        "2": 92,
        "3": 761,
        "4": 6386,
        "5": 21240,
        "6": 46599
    },
    "24517": {
        "0": 1,
        "1": 11,
        "2": 93,
        "3": 795,
        "4": 6841,
        "5": 26367,
        "6": 60721
    },
    "24518": {
        "0": 1,
        "1": 10,
        "2": 84,
        "3": 734,
        "4": 6480,
        "5": 24793,
        "6": 61793
    },
    "24519": {
        "0": 1,
        "1": 13,
        "2": 113,
        "3": 949,
        "4": 8014,
        "5": 35130,
        "6": 99321
    },
    "24520": {
        "0": 1,
        "1": 10,
        "2": 87,
        "3": 762,
        "4": 6683,
        "5": 25961,
        "6": 73273
    },
    "24521": {
        "0": 1,
        "1": 11,
        "2": 91,
        "3": 773,
        "4": 6613,
        "5": 24053,
        "6": 54216
    },
    "24522": {
        "0": 1,
        "1": 12,
        "2": 103,
        "3": 876,
        "4": 7429,
        "5": 30560,
        "6": 84796
    },
    "24523": {
        "0": 1,
        "1": 11,
        "2": 97,
        "3": 863,
        "4": 7642,
        "5": 34910,
        "6": 96607
    },
    "24524": {
        "0": 1,
        "1": 12,
        "2": 106,
        "3": 924,
        "4": 8056,
        "5": 37420,
        "6": 113477
    },
    "24525": {
        "0": 1,
        "1": 11,
        "2": 96,
        "3": 849,
        "4": 7448,
        "5": 32195,
        "6": 84789
    },
    "24526": {
        "0": 1,
        "1": 11,
        "2": 93,
        "3": 800,
        "4": 6915,
        "5": 27290,
        "6": 63900
    },
    "24527": {
        "0": 1,
        "1": 9,
        "2": 79,
        "3": 696,
        "4": 6111,
        "5": 20664,
        "6": 46703
    },
    "24528": {
        "0": 1,
        "1": 14,
        "2": 133,
        "3": 1176,
        "4": 10230,
        "5": 56276,
        "6": 205027
    },
    "24529": {
        "0": 1,
        "1": 11,
        "2": 93,
        "3": 800,
        "4": 6896,
        "5": 26728,
        "6": 64959
    },
    "24530": {
        "0": 1,
        "1": 13,
        "2": 113,
        "3": 963,
        "4": 8215,
        "5": 37657,
        "6": 103140
    },
    "24531": {
        "0": 1,
        "1": 12,
        "2": 100,
        "3": 824,
        "4": 6830,
        "5": 24342,
        "6": 53423
    },
    "24532": {
        "0": 1,
        "1": 10,
        "2": 85,
        "3": 724,
        "4": 6207,
        "5": 20810,
        "6": 48321
    },
    "24533": {
        "0": 1,
        "1": 10,
        "2": 89,
        "3": 790,
        "4": 7000,
        "5": 29142,
        "6": 74127
    },
    "24534": {
        "0": 1,
        "1": 10,
        "2": 84,
        "3": 728,
        "4": 6284,
        "5": 21206,
        "6": 41615
    },
    "24535": {
        "0": 1,
        "1": 11,
        "2": 91,
        "3": 760,
        "4": 6428,
        "5": 22153,
        "6": 46924
    },
    "24536": {
        "0": 1,
        "1": 10,
        "2": 83,
        "3": 710,
        "4": 6121,
        "5": 20274,
        "6": 42703
    },
    "24537": {
        "0": 1,
        "1": 10,
        "2": 90,
        "3": 796,
        "4": 6992,
        "5": 28405,
        "6": 76394
    },
    "24538": {
        "0": 1,
        "1": 10,
        "2": 85,
        "3": 730,
        "4": 6272,
        "5": 21261,
        "6": 54688
    },
    "24539": {
        "0": 1,
        "1": 9,
        "2": 81,
        "3": 719,
        "4": 6347,
        "5": 23042,
        "6": 54891
    },
    "24540": {
        "0": 1,
        "1": 11,
        "2": 94,
        "3": 811,
        "4": 6964,
        "5": 26837,
        "6": 69341
    },
    "24541": {
        "0": 1,
        "1": 8,
        "2": 71,
        "3": 624,
        "4": 5504,
        "5": 15966,
        "6": 33413
    },
    "24542": {
        "0": 1,
        "1": 11,
        "2": 94,
        "3": 815,
        "4": 7043,
        "5": 27995,
        "6": 69171
    },
    "24543": {
        "0": 1,
        "1": 13,
        "2": 121,
        "3": 1048,
        "4": 8972,
        "5": 43966,
        "6": 135802
    },
    "24544": {
        "0": 1,
        "1": 11,
        "2": 96,
        "3": 842,
        "4": 7341,
        "5": 31061,
        "6": 87135
    },
    "24545": {
        "0": 1,
        "1": 12,
        "2": 106,
        "3": 936,
        "4": 8225,
        "5": 39498,
        "6": 123445
    },
    "24546": {
        "0": 1,
        "1": 10,
        "2": 88,
        "3": 767,
        "4": 6680,
        "5": 25590,
        "6": 71518
    },
    "24547": {
        "0": 1,
        "1": 10,
        "2": 88,
        "3": 756,
        "4": 6523,
        "5": 23660,
        "6": 59208
    },
    "24548": {
        "0": 1,
        "1": 12,
        "2": 96,
        "3": 795,
        "4": 6673,
        "5": 23804,
        "6": 47241
    },
    "24549": {
        "0": 1,
        "1": 9,
        "2": 74,
        "3": 629,
        "4": 5398,
        "5": 13760,
        "6": 24500
    },
    "24550": {
        "0": 1,
        "1": 9,
        "2": 77,
        "3": 660,
        "4": 5666,
        "5": 16075,
        "6": 32976
    },
    "24551": {
        "0": 1,
        "1": 11,
        "2": 98,
        "3": 866,
        "4": 7599,
        "5": 33748,
        "6": 92494
    },
    "24552": {
        "0": 1,
        "1": 10,
        "2": 86,
        "3": 755,
        "4": 6643,
        "5": 25755,
        "6": 67427
    },
    "24553": {
        "0": 1,
        "1": 12,
        "2": 100,
        "3": 844,
        "4": 7212,
        "5": 29521,
        "6": 72868
    },
    "24554": {
        "0": 1,
        "1": 10,
        "2": 87,
        "3": 766,
        "4": 6750,
        "5": 26737,
        "6": 68651
    },
    "24555": {
        "0": 1,
        "1": 12,
        "2": 105,
        "3": 901,
        "4": 7727,
        "5": 33721,
        "6": 96238
    },
    "24556": {
        "0": 1,
        "1": 13,
        "2": 115,
        "3": 986,
        "4": 8507,
        "5": 40974,
        "6": 123493
    },
    "24557": {
        "0": 1,
        "1": 13,
        "2": 115,
        "3": 966,
        "4": 8145,
        "5": 36606,
        "6": 109430
    },
    "24558": {
        "0": 1,
        "1": 11,
        "2": 94,
        "3": 794,
        "4": 6734,
        "5": 24720,
        "6": 56186
    },
    "24559": {
        "0": 1,
        "1": 12,
        "2": 106,
        "3": 933,
        "4": 8152,
        "5": 38461,
        "6": 112310
    },
    "24560": {
        "0": 1,
        "1": 9,
        "2": 76,
        "3": 651,
        "4": 5592,
        "5": 15419,
        "6": 24485
    },
    "24561": {
        "0": 1,
        "1": 10,
        "2": 84,
        "3": 713,
        "4": 6051,
        "5": 18704,
        "6": 31800
    },
    "24562": {
        "0": 1,
        "1": 9,
        "2": 79,
        "3": 699,
        "4": 6193,
        "5": 22144,
        "6": 51723
    },
    "24563": {
        "0": 1,
        "1": 11,
        "2": 90,
        "3": 757,
        "4": 6425,
        "5": 22189,
        "6": 45019
    },
    "24564": {
        "0": 1,
        "1": 13,
        "2": 110,
        "3": 908,
        "4": 7552,
        "5": 30522,
        "6": 79051
    },
    "24565": {
        "0": 1,
        "1": 10,
        "2": 86,
        "3": 743,
        "4": 6444,
        "5": 23280,
        "6": 54572
    },
    "24566": {
        "0": 1,
        "1": 11,
        "2": 91,
        "3": 777,
        "4": 6687,
        "5": 24631,
        "6": 57787
    },
    "24567": {
        "0": 1,
        "1": 12,
        "2": 104,
        "3": 896,
        "4": 7750,
        "5": 34630,
        "6": 94100
    },
    "24568": {
        "0": 1,
        "1": 10,
        "2": 83,
        "3": 696,
        "4": 5895,
        "5": 17538,
        "6": 33232
    },
    "24569": {
        "0": 1,
        "1": 11,
        "2": 92,
        "3": 779,
        "4": 6658,
        "5": 24541,
        "6": 58164
    },
    "24570": {
        "0": 1,
        "1": 12,
        "2": 104,
        "3": 886,
        "4": 7546,
        "5": 31864,
        "6": 80067
    },
    "24571": {
        "0": 1,
        "1": 11,
        "2": 109,
        "3": 1018,
        "4": 9325,
        "5": 51281,
        "6": 183669
    },
    "24572": {
        "0": 1,
        "1": 11,
        "2": 90,
        "3": 757,
        "4": 6466,
        "5": 22962,
        "6": 53755
    },
    "24573": {
        "0": 1,
        "1": 11,
        "2": 94,
        "3": 800,
        "4": 6826,
        "5": 25757,
        "6": 63582
    },
    "24574": {
        "0": 1,
        "1": 10,
        "2": 89,
        "3": 780,
        "4": 6821,
        "5": 27025,
        "6": 71498
    },
    "24575": {
        "0": 1,
        "1": 10,
        "2": 89,
        "3": 786,
        "4": 6901,
        "5": 27301,
        "6": 75278
    },
    "24576": {
        "0": 1,
        "1": 14,
        "2": 127,
        "3": 1080,
        "4": 9148,
        "5": 45317,
        "6": 143727
    },
    "24577": {
        "0": 1,
        "1": 15,
        "2": 141,
        "3": 1239,
        "4": 10756,
        "5": 60841,
        "6": 219715
    },
    "24578": {
        "0": 1,
        "1": 12,
        "2": 106,
        "3": 921,
        "4": 7964,
        "5": 36193,
        "6": 101872
    },
    "24579": {
        "0": 1,
        "1": 12,
        "2": 109,
        "3": 951,
        "4": 8188,
        "5": 37553,
        "6": 111638
    },
    "24580": {
        "0": 1,
        "1": 14,
        "2": 131,
        "3": 1152,
        "4": 10005,
        "5": 53986,
        "6": 181649
    },
    "24581": {
        "0": 1,
        "1": 10,
        "2": 88,
        "3": 767,
        "4": 6652,
        "5": 24878,
        "6": 59566
    },
    "24582": {
        "0": 1,
        "1": 10,
        "2": 80,
        "3": 669,
        "4": 5692,
        "5": 16255,
        "6": 34787
    },
    "24583": {
        "0": 1,
        "1": 10,
        "2": 87,
        "3": 772,
        "4": 6838,
        "5": 27697,
        "6": 75149
    },
    "24584": {
        "0": 1,
        "1": 10,
        "2": 85,
        "3": 733,
        "4": 6342,
        "5": 22235,
        "6": 53405
    },
    "24585": {
        "0": 1,
        "1": 9,
        "2": 80,
        "3": 709,
        "4": 6341,
        "5": 23782,
        "6": 64191
    },
    "24586": {
        "0": 1,
        "1": 10,
        "2": 83,
        "3": 710,
        "4": 6086,
        "5": 19282,
        "6": 33199
    },
    "24587": {
        "0": 1,
        "1": 11,
        "2": 100,
        "3": 890,
        "4": 7888,
        "5": 36887,
        "6": 102641
    },
    "24588": {
        "0": 1,
        "1": 11,
        "2": 92,
        "3": 783,
        "4": 6708,
        "5": 24967,
        "6": 60971
    },
    "24589": {
        "0": 1,
        "1": 12,
        "2": 103,
        "3": 885,
        "4": 7642,
        "5": 33466,
        "6": 95872
    },
    "24590": {
        "0": 1,
        "1": 10,
        "2": 83,
        "3": 700,
        "4": 5982,
        "5": 18902,
        "6": 41830
    },
    "24591": {
        "0": 1,
        "1": 10,
        "2": 81,
        "3": 684,
        "4": 5848,
        "5": 17688,
        "6": 37398
    },
    "24592": {
        "0": 1,
        "1": 9,
        "2": 76,
        "3": 649,
        "4": 5602,
        "5": 15794,
        "6": 32885
    },
    "24593": {
        "0": 1,
        "1": 10,
        "2": 90,
        "3": 799,
        "4": 7081,
        "5": 29836,
        "6": 77877
    },
    "24594": {
        "0": 1,
        "1": 14,
        "2": 130,
        "3": 1138,
        "4": 9882,
        "5": 53053,
        "6": 183229
    },
    "24595": {
        "0": 1,
        "1": 10,
        "2": 82,
        "3": 709,
        "4": 6145,
        "5": 20165,
        "6": 40231
    },
    "24596": {
        "0": 1,
        "1": 10,
        "2": 83,
        "3": 709,
        "4": 6087,
        "5": 19013,
        "6": 39928
    },
    "24597": {
        "0": 1,
        "1": 11,
        "2": 95,
        "3": 818,
        "4": 7116,
        "5": 29615,
        "6": 80539
    },
    "24598": {
        "0": 1,
        "1": 9,
        "2": 77,
        "3": 684,
        "4": 6065,
        "5": 20816,
        "6": 49499
    },
    "24599": {
        "0": 1,
        "1": 9,
        "2": 75,
        "3": 636,
        "4": 5439,
        "5": 13948,
        "6": 26834
    }
}