{
    "30100": {
        "0": 1,
        "1": 10,
        "2": 80,
        "3": 679,
        "4": 5820,
        "5": 17332,
        "6": 32035
    },
    "30101": {
        "0": 1,
        "1": 11,
        "2": 91,
        "3": 777,
        "4": 6693,
        "5": 25189,
        "6": 60118
    },
    "30102": {
        "0": 1,
        "1": 10,
        "2": 86,
        "3": 738,
        "4": 6399,
        "5": 22791,
        "6": 53834
    },
    "30103": {
        "0": 1,
        "1": 9,
        "2": 77,
        "3": 665,
        "4": 5758,
        "5": 17314,
        "6": 33650
    },
    "30104": {
        "0": 1,
        "1": 13,
        "2": 118,
        "3": 1023,
        "4": 8847,
        "5": 43631,
        "6": 127373
    },
    "30105": {
        "0": 1,
        "1": 12,
        "2": 103,
        "3": 885,
        "4": 7671,
        "5": 33954,
        "6": 87474
    },
    "30106": {
        "0": 1,
        "1": 11,
        "2": 94,
        "3": 797,
        "4": 6809,
        "5": 25722,
        "6": 63992
    },
    "30107": {
        "0": 1,
        "1": 10,
        "2": 86,
        "3": 751,
        "4": 6573,
        "5": 24649,
        "6": 60644
    },
    "30108": {
        "0": 1,
        "1": 13,
        "2": 112,
        "3": 933,
        "4": 7826,
        "5": 33334,
        "6": 92925
    },
    "30109": {
        "0": 1,
        "1": 12,
        "2": 105,
        "3": 908,
        "4": 7884,
        "5": 35948,
        "6": 101842
    },
    "30110": {
        "0": 1,
        "1": 10,
        "2": 82,
        "3": 685,
        "4": 5789,
        "5": 16664,
        "6": 35488
    },
    "30111": {
        "0": 1,
        "1": 12,
        "2": 105,
        "3": 893,
        "4": 7609,
        "5": 32425,
        "6": 84589
    },
    "30112": {
        "0": 1,
        "1": 11,
        "2": 92,
        "3": 774,
        "4": 6596,
        "5": 23673,
        "6": 53840
    },
    "30113": {
        "0": 1,
        "1": 11,
        "2": 93,
        "3": 798,
        "4": 6848,
        "5": 25780,
        "6": 61431
    },
    "30114": {
        "0": 1,
        "1": 13,
        "2": 114,
        "3": 975,
        "4": 8364,
        "5": 39354,
        "6": 115875
    },
    "30115": {
        "0": 1,
        "1": 8,
        "2": 71,
        "3": 630,
        "4": 5562,
        "5": 16202,
        "6": 38086
    },
    "30116": {
        "0": 1,
        "1": 12,
        "2": 110,
        "3": 974,
        "4": 8584,
        "5": 43069,
        "6": 142479
    },
    "30117": {
        "0": 1,
        "1": 10,
        "2": 85,
        "3": 727,
        "4": 6253,
        "5": 21264,
        "6": 48556
    },
    "30118": {
        "0": 1,
        "1": 11,
        "2": 95,
        "3": 821,
        "4": 7127,
        "5": 29237,
        "6": 78216
    },
    "30119": {
        "0": 1,
        "1": 12,
        "2": 106,
        "3": 915,
        "4": 7830,
        "5": 34250,
        "6": 93529
    },
    "30120": {
        "0": 1,
        "1": 10,
        "2": 85,
        "3": 729,
        "4": 6304,
        "5": 22033,
        "6": 45501
    },
    "30121": {
        "0": 1,
        "1": 10,
        "2": 82,
        "3": 690,
        "4": 5852,
        "5": 17132,
        "6": 33533
    },
    "30122": {
        "0": 1,
        "1": 10,
        "2": 86,
        "3": 749,
        "4": 6546,
        "5": 24615,
        "6": 62255
    },
    "30123": {
        "0": 1,
        "1": 13,
        "2": 112,
        "3": 967,
        "4": 8390,
        "5": 40185,
        "6": 114673
    },
    "30124": {
        "0": 1,
        "1": 9,
        "2": 79,
        "3": 692,
        "4": 6075,
        "5": 20285,
        "6": 45656
    },
    "30125": {
        "0": 1,
        "1": 11,
        "2": 96,
        "3": 833,
        "4": 7250,
        "5": 30380,
        "6": 78881
    },
    "30126": {
        "0": 1,
        "1": 11,
        "2": 95,
        "3": 809,
        "4": 6918,
        "5": 26713,
        "6": 63949
    },
    "30127": {
        "0": 1,
        "1": 11,
        "2": 101,
        "3": 908,
        "4": 8127,
        "5": 39416,
        "6": 127523
    },
    "30128": {
        "0": 1,
        "1": 10,
        "2": 84,
        "3": 723,
        "4": 6278,
        "5": 21974,
        "6": 46295
    },
    "30129": {
        "0": 1,
        "1": 13,
        "2": 113,
        "3": 960,
        "4": 8204,
        "5": 37283,
        "6": 102310
    },
    "30130": {
        "0": 1,
        "1": 11,
        "2": 98,
        "3": 880,
        "4": 7754,
        "5": 34889,
        "6": 97964
    },
    "30131": {
        "0": 1,
        "1": 11,
        "2": 99,
        "3": 871,
        "4": 7614,
        "5": 33538,
        "6": 86752
    },
    "30132": {
        "0": 1,
        "1": 11,
        "2": 95,
        "3": 827,
        "4": 7229,
        "5": 30515,
        "6": 82885
    },
    "30133": {
        "0": 1,
        "1": 10,
        "2": 90,
        "3": 805,
        "4": 7176,
        "5": 30821,
        "6": 94508
    },
    "30134": {
        "0": 1,
        "1": 10,
        "2": 90,
        "3": 812,
        "4": 7280,
        "5": 32158,
        "6": 93258
    },
    "30135": {
        "0": 1,
        "1": 12,
        "2": 109,
        "3": 960,
        "4": 8422,
        "5": 41342,
        "6": 124549
    },
    "30136": {
        "0": 1,
        "1": 10,
        "2": 83,
        "3": 706,
        "4": 6025,
        "5": 18905,
        "6": 39032
    },
    "30137": {
        "0": 1,
        "1": 11,
        "2": 95,
        "3": 811,
        "4": 6958,
        "5": 27016,
        "6": 71685
    },
    "30138": {
        "0": 1,
        "1": 8,
        "2": 71,
        "3": 625,
        "4": 5518,
        "5": 16038,
        "6": 34115
    },
    "30139": {
        "0": 1,
        "1": 14,
        "2": 127,
        "3": 1093,
        "4": 9338,
        "5": 46987,
        "6": 145663
    },
    "30140": {
        "0": 1,
        "1": 10,
        "2": 83,
        "3": 698,
        "4": 5900,
        "5": 17473,
        "6": 33266
    },
    "30141": {
        "0": 1,
        "1": 10,
        "2": 85,
        "3": 729,
        "4": 6290,
        "5": 21430,
        "6": 46036
    },
    "30142": {
        "0": 1,
        "1": 12,
        "2": 102,
        "3": 860,
        "4": 7258,
        "5": 28784,
        "6": 60932
    },
    "30143": {
        "0": 1,
        "1": 11,
        "2": 96,
        "3": 837,
        "4": 7285,
        "5": 30566,
        "6": 76811
    },
    "30144": {
        "0": 1,
        "1": 10,
        "2": 86,
        "3": 751,
        "4": 6605,
        "5": 25595,
        "6": 66733
    },
    "30145": {
        "0": 1,
        "1": 10,
        "2": 84,
        "3": 714,
        "4": 6112,
        "5": 19976,
        "6": 45751
    },
    "30146": {
        "0": 1,
        "1": 11,
        "2": 97,
        "3": 858,
        "4": 7590,
        "5": 34460,
        "6": 98164
    },
    "30147": {
        "0": 1,
        "1": 13,
        "2": 117,
        "3": 1005,
        "4": 8631,
        "5": 41780,
        "6": 122097
    },
    "30148": {
        "0": 1,
        "1": 10,
        "2": 84,
        "3": 732,
        "4": 6418,
        "5": 23527,
        "6": 59288
    },
    "30149": {
        "0": 1,
        "1": 11,
        "2": 94,
        "3": 819,
        "4": 7113,
        "5": 29132,
        "6": 73639
    },
    "30150": {
        "0": 1,
        "1": 12,
        "2": 107,
        "3": 946,
        "4": 8331,
        "5": 40351,
        "6": 127844
    },
    "30151": {
        "0": 1,
        "1": 13,
        "2": 121,
        "3": 1085,
        "4": 9560,
        "5": 51086,
        "6": 173665
    },
    "30152": {
        "0": 1,
        "1": 9,
        "2": 77,
        "3": 672,
        "4": 5885,
        "5": 18919,
        "6": 45748
    },
    "30153": {
        "0": 1,
        "1": 12,
        "2": 103,
        "3": 890,
        "4": 7692,
        "5": 33810,
        "6": 84373
    },
    "30154": {
        "0": 1,
        "1": 11,
        "2": 98,
        "3": 856,
        "4": 7485,
        "5": 32652,
        "6": 95588
    },
    "30155": {
        "0": 1,
        "1": 11,
        "2": 92,
        "3": 774,
        "4": 6535,
        "5": 22668,
        "6": 50358
    },
    "30156": {
        "0": 1,
        "1": 11,
        "2": 95,
        "3": 826,
        "4": 7217,
        "5": 30153,
        "6": 81432
    },
    "30157": {
        "0": 1,
        "1": 10,
        "2": 86,
        "3": 750,
        "4": 6569,
        "5": 25073,
        "6": 64263
    },
    "30158": {
        "0": 1,
        "1": 8,
        "2": 70,
        "3": 610,
        "4": 5342,
        "5": 14188,
        "6": 25516
    },
    "30159": {
        "0": 1,
        "1": 9,
        "2": 79,
        "3": 690,
        "4": 6034,
        "5": 20072,
        "6": 46607
    },
    "30160": {
        "0": 1,
        "1": 10,
        "2": 87,
        "3": 751,
        "4": 6501,
        "5": 23504,
        "6": 56397
    },
    "30161": {
        "0": 1,
        "1": 11,
        "2": 95,
        "3": 802,
        "4": 6803,
        "5": 25282,
        "6": 67895
    },
    "30162": {
        "0": 1,
        "1": 11,
        "2": 97,
        "3": 853,
        "4": 7419,
        "5": 31441,
        "6": 81921
    },
    "30163": {
        "0": 1,
        "1": 11,
        "2": 97,
        "3": 838,
        "4": 7162,
        "5": 28241,
        "6": 72397
    },
    "30164": {
        "0": 1,
        "1": 12,
        "2": 103,
        "3": 865,
        "4": 7263,
        "5": 28494,
        "6": 71341
    },
    "30165": {
        "0": 1,
        "1": 11,
        "2": 95,
        "3": 810,
        "4": 6903,
        "5": 26406,
        "6": 70344
    },
    "30166": {
        "0": 1,
        "1": 11,
        "2": 95,
        "3": 819,
        "4": 7082,
        "5": 28690,
        "6": 79458
    },
    "30167": {
        "0": 1,
        "1": 11,
        "2": 93,
        "3": 775,
        "4": 6429,
        "5": 20908,
        "6": 46353
    },
    "30168": {
        "0": 1,
        "1": 11,
        "2": 97,
        "3": 856,
        "4": 7526,
        "5": 33205,
        "6": 92366
    },
    "30169": {
        "0": 1,
        "1": 12,
        "2": 111,
        "3": 1001,
        "4": 8934,
        "5": 46593,
        "6": 158042
    },
    "30170": {
        "0": 1,
        "1": 12,
        "2": 100,
        "3": 856,
        "4": 7389,
        "5": 31342,
        "6": 72873
    },
    "30171": {
        "0": 1,
        "1": 11,
        "2": 93,
        "3": 797,
        "4": 6854,
        "5": 26391,
        "6": 60315
    },
    "30172": {
        "0": 1,
        "1": 13,
        "2": 121,
        "3": 1078,
        "4": 9514,
        "5": 51066,
        "6": 176741
    },
    "30173": {
        "0": 1,
        "1": 10,
        "2": 89,
        "3": 782,
        "4": 6861,
        "5": 27046,
        "6": 69179
    },
    "30174": {
        "0": 1,
        "1": 11,
        "2": 98,
        "3": 868,
        "4": 7635,
        "5": 34274,
        "6": 96807
    },
    "30175": {
        "0": 1,
        "1": 11,
        "2": 96,
        "3": 834,
        "4": 7209,
        "5": 29430,
        "6": 75700
    },
    "30176": {
        "0": 1,
        "1": 12,
        "2": 107,
        "3": 915,
        "4": 7797,
        "5": 33744,
        "6": 96608
    },
    "30177": {
        "0": 1,
        "1": 12,
        "2": 103,
        "3": 882,
        "4": 7581,
        "5": 32680,
        "6": 89720
    },
    "30178": {
        "0": 1,
        "1": 11,
        "2": 95,
        "3": 813,
        "4": 6978,
        "5": 27470,
        "6": 74483
    },
    "30179": {
        "0": 1,
        "1": 10,
        "2": 88,
        "3": 766,
        "4": 6628,
        "5": 24197,
        "6": 60637
    },
    "30180": {
        "0": 1,
        "1": 10,
        "2": 84,
        "3": 739,
        "4": 6507,
        "5": 24653,
        "6": 57275
    },
    "30181": {
        "0": 1,
        "1": 9,
        "2": 78,
        "3": 698,
        "4": 6234,
        "5": 22602,
        "6": 57938
    },
    "30182": {
        "0": 1,
        "1": 10,
        "2": 88,
        "3": 754,
        "4": 6515,
        "5": 23765,
        "6": 61288
    },
    "30183": {
        "0": 1,
        "1": 11,
        "2": 92,
        "3": 776,
        "4": 6573,
        "5": 23180,
        "6": 44516
    },
    "30184": {
        "0": 1,
        "1": 11,
        "2": 96,
        "3": 837,
        "4": 7265,
        "5": 30367,
        "6": 79222
    },
    "30185": {
        "0": 1,
        "1": 12,
        "2": 107,
        "3": 921,
        "4": 7857,
        "5": 34244,
        "6": 95875
    },
    "30186": {
        "0": 1,
        "1": 10,
        "2": 85,
        "3": 742,
        "4": 6475,
        "5": 23736,
        "6": 55517
    },
    "30187": {
        "0": 1,
        "1": 10,
        "2": 84,
        "3": 731,
        "4": 6405,
        "5": 23580,
        "6": 54631
    },
    "30188": {
        "0": 1,
        "1": 11,
        "2": 99,
        "3": 860,
        "4": 7430,
        "5": 31571,
        "6": 93734
    },
    "30189": {
        "0": 1,
        "1": 9,
        "2": 79,
        "3": 699,
        "4": 6107,
        "5": 20350,
        "6": 48281
    },
    "30190": {
        "0": 1,
        "1": 12,
        "2": 104,
        "3": 893,
        "4": 7717,
        "5": 34042,
        "6": 87880
    },
    "30191": {
        "0": 1,
        "1": 12,
        "2": 110,
        "3": 982,
        "4": 8691,
        "5": 43709,
        "6": 136130
    },
    "30192": {
        "0": 1,
        "1": 9,
        "2": 82,
        "3": 736,
        "4": 6555,
        "5": 24973,
        "6": 59180
    },
    "30193": {
        "0": 1,
        "1": 12,
        "2": 108,
        "3": 936,
        "4": 8078,
        "5": 36860,
        "6": 102295
    },
    "30194": {
        "0": 1,
        "1": 11,
        "2": 94,
        "3": 793,
        "4": 6743,
        "5": 24805,
        "6": 60926
    },
    "30195": {
        "0": 1,
        "1": 12,
        "2": 107,
        "3": 933,
        "4": 8152,
        "5": 38421,
        "6": 110400
    },
    "30196": {
        "0": 1,
        "1": 10,
        "2": 83,
        "3": 703,
        "4": 6016,
        "5": 19225,
        "6": 44479
    },
    "30197": {
        "0": 1,
        "1": 10,
        "2": 86,
        "3": 754,
        "4": 6571,
        "5": 24485,
        "6": 54703
    },
    "30198": {
        "0": 1,
        "1": 11,
        "2": 94,
        "3": 806,
        "4": 6893,
        "5": 26233,
        "6": 57880
    },
    "30199": {
        "0": 1,
        "1": 10,
        "2": 84,
        "3": 723,
        "4": 6256,
        "5": 21529,
        "6": 47647
    }
}