{
    "28500": {
        "0": 1,
        "1": 11,
        "2": 97,
        "3": 855,
        "4": 7577,
        "5": 34341,
        "6": 95779
    },
    "28501": {
        "0": 1,
        "1": 12,
        "2": 107,
        "3": 943,
        "4": 8313,
        "5": 40537,
        "6": 122729
    },
    "28502": {
        "0": 1,
        "1": 12,
        "2": 109,
        "3": 962,
        "4": 8368,
        "5": 39567,
        "6": 118316
    },
    "28503": {
        "0": 1,
        "1": 11,
        "2": 97,
        "3": 838,
        "4": 7189,
        "5": 28821,
        "6": 74705
    },
    "28504": {
        "0": 1,
        "1": 13,
        "2": 116,
        "3": 995,
        "4": 8482,
        "5": 39753,
        "6": 115503
    },
    "28505": {
        "0": 1,
        "1": 10,
        "2": 83,
        "3": 714,
        "4": 6161,
        "5": 20653,
        "6": 45272
    },
    "28506": {
        "0": 1,
        "1": 11,
        "2": 93,
        "3": 790,
        "4": 6768,
        "5": 25564,
        "6": 66023
    },
    "28507": {
        "0": 1,
        "1": 10,
        "2": 85,
        "3": 743,
        "4": 6562,
        "5": 25628,
        "6": 63639
    },
    "28508": {
        "0": 1,
        "1": 12,
        "2": 110,
        "3": 963,
        "4": 8398,
        "5": 40427,
        "6": 121235
    },
    "28509": {
        "0": 1,
        "1": 9,
        "2": 78,
        "3": 700,
        "4": 6249,
        "5": 22444,
        "6": 56734
    },
    "28510": {
        "0": 1,
        "1": 10,
        "2": 84,
        "3": 722,
        "4": 6197,
        "5": 20354,
        "6": 42766
    },
    "28511": {
        "0": 1,
        "1": 10,
        "2": 84,
        "3": 715,
        "4": 6100,
        "5": 19278,
        "6": 33385
    },
    "28512": {
        "0": 1,
        "1": 11,
        "2": 101,
        "3": 884,
        "4": 7690,
        "5": 33878,
        "6": 94370
    },
    "28513": {
        "0": 1,
        "1": 12,
        "2": 101,
        "3": 865,
        "4": 7427,
        "5": 31176,
        "6": 76641
    },
    "28514": {
        "0": 1,
        "1": 10,
        "2": 83,
        "3": 705,
        "4": 6039,
        "5": 19300,
        "6": 41504
    },
    "28515": {
        "0": 1,
        "1": 9,
        "2": 78,
        "3": 675,
        "4": 5857,
        "5": 18163,
        "6": 38033
    },
    "28516": {
        "0": 1,
        "1": 11,
        "2": 91,
        "3": 772,
        "4": 6566,
        "5": 23140,
        "6": 51364
    },
    "28517": {
        "0": 1,
        "1": 14,
        "2": 125,
        "3": 1058,
        "4": 9002,
        "5": 44436,
        "6": 136473
    },
    "28518": {
        "0": 1,
        "1": 10,
        "2": 85,
        "3": 720,
        "4": 6139,
        "5": 19858,
        "6": 46868
    },
    "28519": {
        "0": 1,
        "1": 10,
        "2": 80,
        "3": 674,
        "4": 5750,
        "5": 16710,
        "6": 27098
    },
    "28520": {
        "0": 1,
        "1": 11,
        "2": 95,
        "3": 819,
        "4": 7048,
        "5": 28102,
        "6": 67490
    },
    "28521": {
        "0": 1,
        "1": 9,
        "2": 77,
        "3": 669,
        "4": 5798,
        "5": 17556,
        "6": 34332
    },
    "28522": {
        "0": 1,
        "1": 10,
        "2": 85,
        "3": 742,
        "4": 6462,
        "5": 23527,
        "6": 46616
    },
    "28523": {
        "0": 1,
        "1": 11,
        "2": 97,
        "3": 842,
        "4": 7350,
        "5": 31464,
        "6": 88436
    },
    "28524": {
        "0": 1,
        "1": 10,
        "2": 87,
        "3": 754,
        "4": 6549,
        "5": 24190,
        "6": 59870
    },
    "28525": {
        "0": 1,
        "1": 11,
        "2": 97,
        "3": 858,
        "4": 7542,
        "5": 32934,
        "6": 92946
    },
    "28526": {
        "0": 1,
        "1": 11,
        "2": 95,
        "3": 822,
        "4": 7143,
        "5": 29600,
        "6": 77550
    },
    "28527": {
        "0": 1,
        "1": 10,
        "2": 88,
        "3": 792,
        "4": 7131,
        "5": 31430,
        "6": 86218
    },
    "28528": {
        "0": 1,
        "1": 10,
        "2": 84,
        "3": 723,
        "4": 6287,
        "5": 22349,
        "6": 56131
    },
    "28529": {
        "0": 1,
        "1": 10,
        "2": 88,
        "3": 780,
        "4": 6856,
        "5": 26949,
        "6": 71057
    },
    "28530": {
        "0": 1,
        "1": 12,
        "2": 103,
        "3": 875,
        "4": 7458,
        "5": 31256,
        "6": 83632
    },
    "28531": {
        "0": 1,
        "1": 9,
        "2": 79,
        "3": 691,
        "4": 6061,
        "5": 20465,
        "6": 45979
    },
    "28532": {
        "0": 1,
        "1": 12,
        "2": 108,
        "3": 971,
        "4": 8659,
        "5": 43900,
        "6": 144774
    },
    "28533": {
        "0": 1,
        "1": 10,
        "2": 85,
        "3": 741,
        "4": 6476,
        "5": 23799,
        "6": 56477
    },
    "28534": {
        "0": 1,
        "1": 11,
        "2": 93,
        "3": 816,
        "4": 7169,
        "5": 30293,
        "6": 77627
    },
    "28535": {
        "0": 1,
        "1": 10,
        "2": 83,
        "3": 709,
        "4": 6122,
        "5": 20392,
        "6": 45853
    },
    "28536": {
        "0": 1,
        "1": 8,
        "2": 68,
        "3": 590,
        "4": 5173,
        "5": 12703,
        "6": 27253
    },
    "28537": {
        "0": 1,
        "1": 10,
        "2": 90,
        "3": 807,
        "4": 7214,
        "5": 31290,
        "6": 85611
    },
    "28538": {
        "0": 1,
        "1": 12,
        "2": 102,
        "3": 861,
        "4": 7318,
        "5": 29748,
        "6": 81134
    },
    "28539": {
        "0": 1,
        "1": 9,
        "2": 79,
        "3": 690,
        "4": 6041,
        "5": 20162,
        "6": 45371
    },
    "28540": {
        "0": 1,
        "1": 10,
        "2": 87,
        "3": 771,
        "4": 6775,
        "5": 26595,
        "6": 64289
    },
    "28541": {
        "0": 1,
        "1": 12,
        "2": 103,
        "3": 885,
        "4": 7634,
        "5": 33434,
        "6": 98113
    },
    "28542": {
        "0": 1,
        "1": 10,
        "2": 85,
        "3": 744,
        "4": 6539,
        "5": 24922,
        "6": 66173
    },
    "28543": {
        "0": 1,
        "1": 12,
        "2": 105,
        "3": 902,
        "4": 7726,
        "5": 33552,
        "6": 96804
    },
    "28544": {
        "0": 1,
        "1": 11,
        "2": 94,
        "3": 796,
        "4": 6769,
        "5": 25118,
        "6": 62288
    },
    "28545": {
        "0": 1,
        "1": 9,
        "2": 82,
        "3": 720,
        "4": 6337,
        "5": 23099,
        "6": 56413
    },
    "28546": {
        "0": 1,
        "1": 9,
        "2": 80,
        "3": 721,
        "4": 6485,
        "5": 25145,
        "6": 64490
    },
    "28547": {
        "0": 1,
        "1": 12,
        "2": 102,
        "3": 866,
        "4": 7428,
        "5": 31421,
        "6": 81674
    },
    "28548": {
        "0": 1,
        "1": 10,
        "2": 87,
        "3": 756,
        "4": 6587,
        "5": 24588,
        "6": 58932
    },
    "28549": {
        "0": 1,
        "1": 11,
        "2": 96,
        "3": 834,
        "4": 7310,
        "5": 31646,
        "6": 91335
    },
    "28550": {
        "0": 1,
        "1": 10,
        "2": 87,
        "3": 751,
        "4": 6515,
        "5": 23723,
        "6": 58466
    },
    "28551": {
        "0": 1,
        "1": 12,
        "2": 100,
        "3": 844,
        "4": 7177,
        "5": 28276,
        "6": 66890
    },
    "28552": {
        "0": 1,
        "1": 8,
        "2": 66,
        "3": 558,
        "4": 4781,
        "5": 8409,
        "6": 11003
    },
    "28553": {
        "0": 1,
        "1": 13,
        "2": 114,
        "3": 961,
        "4": 8091,
        "5": 35790,
        "6": 98011
    },
    "28554": {
        "0": 1,
        "1": 10,
        "2": 84,
        "3": 718,
        "4": 6156,
        "5": 20347,
        "6": 46441
    },
    "28555": {
        "0": 1,
        "1": 10,
        "2": 87,
        "3": 761,
        "4": 6636,
        "5": 24895,
        "6": 69394
    },
    "28556": {
        "0": 1,
        "1": 11,
        "2": 94,
        "3": 812,
        "4": 7036,
        "5": 28052,
        "6": 70344
    },
    "28557": {
        "0": 1,
        "1": 10,
        "2": 86,
        "3": 751,
        "4": 6600,
        "5": 25191,
        "6": 60296
    },
    "28558": {
        "0": 1,
        "1": 11,
        "2": 97,
        "3": 833,
        "4": 7122,
        "5": 28210,
        "6": 75328
    },
    "28559": {
        "0": 1,
        "1": 10,
        "2": 84,
        "3": 718,
        "4": 6167,
        "5": 20414,
        "6": 47726
    },
    "28560": {
        "0": 1,
        "1": 12,
        "2": 106,
        "3": 914,
        "4": 7859,
        "5": 35066,
        "6": 101508
    },
    "28561": {
        "0": 1,
        "1": 10,
        "2": 87,
        "3": 761,
        "4": 6643,
        "5": 25064,
        "6": 60939
    },
    "28562": {
        "0": 1,
        "1": 10,
        "2": 85,
        "3": 724,
        "4": 6233,
        "5": 21174,
        "6": 45598
    },
    "28563": {
        "0": 1,
        "1": 11,
        "2": 94,
        "3": 805,
        "4": 6914,
        "5": 26744,
        "6": 67350
    },
    "28564": {
        "0": 1,
        "1": 11,
        "2": 93,
        "3": 781,
        "4": 6609,
        "5": 23694,
        "6": 59681
    },
    "28565": {
        "0": 1,
        "1": 11,
        "2": 99,
        "3": 887,
        "4": 7934,
        "5": 38108,
        "6": 113275
    },
    "28566": {
        "0": 1,
        "1": 11,
        "2": 90,
        "3": 755,
        "4": 6425,
        "5": 22390,
        "6": 51430
    },
    "28567": {
        "0": 1,
        "1": 13,
        "2": 112,
        "3": 938,
        "4": 7909,
        "5": 34460,
        "6": 85496
    },
    "28568": {
        "0": 1,
        "1": 12,
        "2": 107,
        "3": 930,
        "4": 8051,
        "5": 37215,
        "6": 103872
    },
    "28569": {
        "0": 1,
        "1": 11,
        "2": 96,
        "3": 840,
        "4": 7344,
        "5": 31356,
        "6": 79923
    },
    "28570": {
        "0": 1,
        "1": 9,
        "2": 79,
        "3": 695,
        "4": 6108,
        "5": 20739,
        "6": 44326
    },
    "28571": {
        "0": 1,
        "1": 10,
        "2": 87,
        "3": 749,
        "4": 6434,
        "5": 22607,
        "6": 51843
    },
    "28572": {
        "0": 1,
        "1": 9,
        "2": 75,
        "3": 652,
        "4": 5705,
        "5": 17463,
        "6": 38155
    },
    "28573": {
        "0": 1,
        "1": 12,
        "2": 108,
        "3": 945,
        "4": 8194,
        "5": 38349,
        "6": 112089
    },
    "28574": {
        "0": 1,
        "1": 10,
        "2": 87,
        "3": 750,
        "4": 6450,
        "5": 22731,
        "6": 56025
    },
    "28575": {
        "0": 1,
        "1": 9,
        "2": 81,
        "3": 720,
        "4": 6406,
        "5": 24196,
        "6": 66588
    },
    "28576": {
        "0": 1,
        "1": 12,
        "2": 108,
        "3": 954,
        "4": 8409,
        "5": 40886,
        "6": 115963
    },
    "28577": {
        "0": 1,
        "1": 10,
        "2": 84,
        "3": 722,
        "4": 6214,
        "5": 20590,
        "6": 44891
    },
    "28578": {
        "0": 1,
        "1": 9,
        "2": 76,
        "3": 653,
        "4": 5598,
        "5": 15238,
        "6": 26974
    },
    "28579": {
        "0": 1,
        "1": 12,
        "2": 105,
        "3": 891,
        "4": 7591,
        "5": 32267,
        "6": 92065
    },
    "28580": {
        "0": 1,
        "1": 9,
        "2": 77,
        "3": 674,
        "4": 5913,
        "5": 19047,
        "6": 40033
    },
    "28581": {
        "0": 1,
        "1": 11,
        "2": 94,
        "3": 806,
        "4": 6947,
        "5": 27321,
        "6": 72667
    },
    "28582": {
        "0": 1,
        "1": 8,
        "2": 71,
        "3": 624,
        "4": 5498,
        "5": 15796,
        "6": 29714
    },
    "28583": {
        "0": 1,
        "1": 14,
        "2": 128,
        "3": 1138,
        "4": 10095,
        "5": 56772,
        "6": 200558
    },
    "28584": {
        "0": 1,
        "1": 13,
        "2": 114,
        "3": 956,
        "4": 8025,
        "5": 35075,
        "6": 102357
    },
    "28585": {
        "0": 1,
        "1": 11,
        "2": 100,
        "3": 890,
        "4": 7867,
        "5": 36454,
        "6": 110374
    },
    "28586": {
        "0": 1,
        "1": 10,
        "2": 90,
        "3": 796,
        "4": 7004,
        "5": 28721,
        "6": 83077
    },
    "28587": {
        "0": 1,
        "1": 12,
        "2": 107,
        "3": 922,
        "4": 7918,
        "5": 35274,
        "6": 99007
    },
    "28588": {
        "0": 1,
        "1": 11,
        "2": 91,
        "3": 765,
        "4": 6496,
        "5": 22769,
        "6": 50209
    },
    "28589": {
        "0": 1,
        "1": 11,
        "2": 96,
        "3": 837,
        "4": 7273,
        "5": 30390,
        "6": 74609
    },
    "28590": {
        "0": 1,
        "1": 10,
        "2": 88,
        "3": 751,
        "4": 6452,
        "5": 22909,
        "6": 51500
    },
    "28591": {
        "0": 1,
        "1": 13,
        "2": 114,
        "3": 988,
        "4": 8550,
        "5": 41394,
        "6": 128456
    },
    "28592": {
        "0": 1,
        "1": 10,
        "2": 88,
        "3": 776,
        "4": 6858,
        "5": 27544,
        "6": 74032
    },
    "28593": {
        "0": 1,
        "1": 9,
        "2": 76,
        "3": 646,
        "4": 5539,
        "5": 14980,
        "6": 28877
    },
    "28594": {
        "0": 1,
        "1": 10,
        "2": 84,
        "3": 711,
        "4": 6069,
        "5": 19364,
        "6": 37053
    },
    "28595": {
        "0": 1,
        "1": 11,
        "2": 93,
        "3": 789,
        "4": 6737,
        "5": 25106,
        "6": 58322
    },
    "28596": {
        "0": 1,
        "1": 10,
        "2": 85,
        "3": 728,
        "4": 6277,
        "5": 21621,
        "6": 45079
    },
    "28597": {
        "0": 1,
        "1": 10,
        "2": 90,
        "3": 804,
        "4": 7147,
        "5": 30507,
        "6": 80954
    },
    "28598": {
        "0": 1,
        "1": 11,
        "2": 93,
        "3": 808,
        "4": 7046,
        "5": 28975,
        "6": 82399
    },
    "28599": {
        "0": 1,
        "1": 11,
        "2": 97,
        "3": 839,
        "4": 7270,
        "5": 30209,
        "6": 86234
    }
}