{
    "3300": {
        "0": 1,
        "1": 9,
        "2": 75,
        "3": 645,
        "4": 5560,
        "5": 15356,
        "6": 27680
    },
    "3301": {
        "0": 1,
        "1": 9,
        "2": 81,
        "3": 717,
        "4": 6387,
        "5": 24104,
        "6": 67441
    },
    "3302": {
        "0": 1,
        "1": 12,
        "2": 105,
        "3": 916,
        "4": 8013,
        "5": 37633,
        "6": 109450
    },
    "3303": {
        "0": 1,
        "1": 11,
        "2": 93,
        "3": 808,
        "4": 6994,
        "5": 27635,
        "6": 64834
    },
    "3304": {
        "0": 1,
        "1": 12,
        "2": 102,
        "3": 868,
        "4": 7465,
        "5": 31937,
        "6": 89549
    },
    "3305": {
        "0": 1,
        "1": 11,
        "2": 95,
        "3": 828,
        "4": 7261,
        "5": 30846,
        "6": 80110
    },
    "3306": {
        "0": 1,
        "1": 11,
        "2": 96,
        "3": 839,
        "4": 7275,
        "5": 30138,
        "6": 81543
    },
    "3307": {
        "0": 1,
        "1": 10,
        "2": 91,
        "3": 819,
        "4": 7311,
        "5": 31950,
        "6": 87651
    },
    "3308": {
        "0": 1,
        "1": 11,
        "2": 101,
        "3": 907,
        "4": 8147,
        "5": 40274,
        "6": 134492
    },
    "3309": {
        "0": 1,
        "1": 11,
        "2": 94,
        "3": 819,
        "4": 7179,
        "5": 30000,
        "6": 75865
    },
    "3310": {
        "0": 1,
        "1": 8,
        "2": 72,
        "3": 648,
        "4": 5800,
        "5": 18868,
        "6": 43012
    },
    "3311": {
        "0": 1,
        "1": 10,
        "2": 86,
        "3": 741,
        "4": 6405,
        "5": 22827,
        "6": 51501
    },
    "3312": {
        "0": 1,
        "1": 12,
        "2": 102,
        "3": 893,
        "4": 7810,
        "5": 35527,
        "6": 98962
    },
    "3313": {
        "0": 1,
        "1": 13,
        "2": 114,
        "3": 996,
        "4": 8669,
        "5": 42568,
        "6": 122222
    },
    "3314": {
        "0": 1,
        "1": 11,
        "2": 95,
        "3": 810,
        "4": 6934,
        "5": 27103,
        "6": 75014
    },
    "3315": {
        "0": 1,
        "1": 11,
        "2": 92,
        "3": 785,
        "4": 6758,
        "5": 25648,
        "6": 57320
    },
    "3316": {
        "0": 1,
        "1": 13,
        "2": 116,
        "3": 993,
        "4": 8498,
        "5": 40063,
        "6": 120169
    },
    "3317": {
        "0": 1,
        "1": 11,
        "2": 97,
        "3": 866,
        "4": 7721,
        "5": 35682,
        "6": 106430
    },
    "3318": {
        "0": 1,
        "1": 12,
        "2": 108,
        "3": 953,
        "4": 8340,
        "5": 39617,
        "6": 113889
    },
    "3319": {
        "0": 1,
        "1": 14,
        "2": 128,
        "3": 1112,
        "4": 9646,
        "5": 51318,
        "6": 169860
    },
    "3320": {
        "0": 1,
        "1": 12,
        "2": 106,
        "3": 927,
        "4": 8130,
        "5": 38694,
        "6": 113207
    },
    "3321": {
        "0": 1,
        "1": 12,
        "2": 105,
        "3": 904,
        "4": 7763,
        "5": 34057,
        "6": 98898
    },
    "3322": {
        "0": 1,
        "1": 10,
        "2": 86,
        "3": 743,
        "4": 6468,
        "5": 23679,
        "6": 54642
    },
    "3323": {
        "0": 1,
        "1": 11,
        "2": 94,
        "3": 788,
        "4": 6666,
        "5": 23997,
        "6": 59767
    },
    "3324": {
        "0": 1,
        "1": 12,
        "2": 104,
        "3": 906,
        "4": 7873,
        "5": 35289,
        "6": 96606
    },
    "3325": {
        "0": 1,
        "1": 12,
        "2": 107,
        "3": 906,
        "4": 7615,
        "5": 31272,
        "6": 83743
    },
    "3326": {
        "0": 1,
        "1": 12,
        "2": 103,
        "3": 877,
        "4": 7488,
        "5": 31417,
        "6": 86144
    },
    "3327": {
        "0": 1,
        "1": 10,
        "2": 85,
        "3": 731,
        "4": 6293,
        "5": 21499,
        "6": 46582
    },
    "3328": {
        "0": 1,
        "1": 9,
        "2": 78,
        "3": 668,
        "4": 5806,
        "5": 18061,
        "6": 37267
    },
    "3329": {
        "0": 1,
        "1": 11,
        "2": 94,
        "3": 804,
        "4": 6892,
        "5": 26595,
        "6": 63732
    },
    "3330": {
        "0": 1,
        "1": 10,
        "2": 85,
        "3": 727,
        "4": 6246,
        "5": 21004,
        "6": 49966
    },
    "3331": {
        "0": 1,
        "1": 11,
        "2": 95,
        "3": 828,
        "4": 7240,
        "5": 30464,
        "6": 75841
    },
    "3332": {
        "0": 1,
        "1": 10,
        "2": 84,
        "3": 718,
        "4": 6183,
        "5": 20660,
        "6": 46913
    },
    "3333": {
        "0": 1,
        "1": 9,
        "2": 77,
        "3": 673,
        "4": 5934,
        "5": 19700,
        "6": 42209
    },
    "3334": {
        "0": 1,
        "1": 10,
        "2": 85,
        "3": 736,
        "4": 6420,
        "5": 23452,
        "6": 54677
    },
    "3335": {
        "0": 1,
        "1": 11,
        "2": 96,
        "3": 840,
        "4": 7331,
        "5": 31142,
        "6": 76501
    },
    "3336": {
        "0": 1,
        "1": 12,
        "2": 105,
        "3": 895,
        "4": 7645,
        "5": 32834,
        "6": 86317
    },
    "3337": {
        "0": 1,
        "1": 13,
        "2": 112,
        "3": 959,
        "4": 8215,
        "5": 37800,
        "6": 101440
    },
    "3338": {
        "0": 1,
        "1": 13,
        "2": 115,
        "3": 995,
        "4": 8607,
        "5": 41800,
        "6": 121374
    },
    "3339": {
        "0": 1,
        "1": 11,
        "2": 94,
        "3": 806,
        "4": 6979,
        "5": 28072,
        "6": 67848
    },
    "3340": {
        "0": 1,
        "1": 10,
        "2": 84,
        "3": 715,
        "4": 6138,
        "5": 20205,
        "6": 43783
    },
    "3341": {
        "0": 1,
        "1": 12,
        "2": 106,
        "3": 929,
        "4": 8087,
        "5": 37501,
        "6": 107393
    },
    "3342": {
        "0": 1,
        "1": 8,
        "2": 68,
        "3": 584,
        "4": 5070,
        "5": 11635,
        "6": 18891
    },
    "3343": {
        "0": 1,
        "1": 12,
        "2": 106,
        "3": 912,
        "4": 7864,
        "5": 35330,
        "6": 97627
    },
    "3344": {
        "0": 1,
        "1": 11,
        "2": 90,
        "3": 751,
        "4": 6349,
        "5": 21457,
        "6": 49478
    },
    "3345": {
        "0": 1,
        "1": 9,
        "2": 79,
        "3": 685,
        "4": 5980,
        "5": 19518,
        "6": 40295
    },
    "3346": {
        "0": 1,
        "1": 11,
        "2": 95,
        "3": 825,
        "4": 7223,
        "5": 30986,
        "6": 81745
    },
    "3347": {
        "0": 1,
        "1": 9,
        "2": 81,
        "3": 716,
        "4": 6320,
        "5": 22916,
        "6": 59332
    },
    "3348": {
        "0": 1,
        "1": 9,
        "2": 76,
        "3": 658,
        "4": 5679,
        "5": 15410,
        "6": 24094
    },
    "3349": {
        "0": 1,
        "1": 12,
        "2": 100,
        "3": 842,
        "4": 7150,
        "5": 28183,
        "6": 60901
    },
    "3350": {
        "0": 1,
        "1": 9,
        "2": 75,
        "3": 647,
        "4": 5599,
        "5": 15887,
        "6": 28687
    },
    "3351": {
        "0": 1,
        "1": 11,
        "2": 93,
        "3": 808,
        "4": 7077,
        "5": 28904,
        "6": 72146
    },
    "3352": {
        "0": 1,
        "1": 12,
        "2": 102,
        "3": 853,
        "4": 7217,
        "5": 28947,
        "6": 75707
    },
    "3353": {
        "0": 1,
        "1": 10,
        "2": 87,
        "3": 772,
        "4": 6821,
        "5": 27349,
        "6": 66832
    },
    "3354": {
        "0": 1,
        "1": 10,
        "2": 88,
        "3": 767,
        "4": 6676,
        "5": 25287,
        "6": 61691
    },
    "3355": {
        "0": 1,
        "1": 12,
        "2": 107,
        "3": 915,
        "4": 7782,
        "5": 33525,
        "6": 93995
    },
    "3356": {
        "0": 1,
        "1": 11,
        "2": 94,
        "3": 798,
        "4": 6815,
        "5": 25787,
        "6": 66268
    },
    "3357": {
        "0": 1,
        "1": 10,
        "2": 80,
        "3": 667,
        "4": 5660,
        "5": 15883,
        "6": 33125
    },
    "3358": {
        "0": 1,
        "1": 11,
        "2": 94,
        "3": 813,
        "4": 7059,
        "5": 28654,
        "6": 72695
    },
    "3359": {
        "0": 1,
        "1": 15,
        "2": 141,
        "3": 1205,
        "4": 10104,
        "5": 52050,
        "6": 170411
    },
    "3360": {
        "0": 1,
        "1": 12,
        "2": 107,
        "3": 917,
        "4": 7859,
        "5": 34685,
        "6": 100830
    },
    "3361": {
        "0": 1,
        "1": 8,
        "2": 67,
        "3": 562,
        "4": 4766,
        "5": 8060,
        "6": 10277
    },
    "3362": {
        "0": 1,
        "1": 11,
        "2": 93,
        "3": 779,
        "4": 6598,
        "5": 23757,
        "6": 58750
    },
    "3363": {
        "0": 1,
        "1": 10,
        "2": 87,
        "3": 772,
        "4": 6839,
        "5": 27707,
        "6": 67001
    },
    "3364": {
        "0": 1,
        "1": 12,
        "2": 106,
        "3": 917,
        "4": 7964,
        "5": 36839,
        "6": 106776
    },
    "3365": {
        "0": 1,
        "1": 9,
        "2": 81,
        "3": 723,
        "4": 6447,
        "5": 24244,
        "6": 60264
    },
    "3366": {
        "0": 1,
        "1": 8,
        "2": 67,
        "3": 564,
        "4": 4797,
        "5": 8416,
        "6": 13579
    },
    "3367": {
        "0": 1,
        "1": 11,
        "2": 99,
        "3": 888,
        "4": 7880,
        "5": 36609,
        "6": 107433
    },
    "3368": {
        "0": 1,
        "1": 12,
        "2": 107,
        "3": 924,
        "4": 7976,
        "5": 36164,
        "6": 106660
    },
    "3369": {
        "0": 1,
        "1": 10,
        "2": 85,
        "3": 742,
        "4": 6468,
        "5": 23578,
        "6": 54838
    },
    "3370": {
        "0": 1,
        "1": 13,
        "2": 117,
        "3": 1028,
        "4": 8960,
        "5": 45391,
        "6": 151118
    },
    "3371": {
        "0": 1,
        "1": 10,
        "2": 90,
        "3": 803,
        "4": 7118,
        "5": 30240,
        "6": 77266
    },
    "3372": {
        "0": 1,
        "1": 12,
        "2": 102,
        "3": 844,
        "4": 7042,
        "5": 26626,
        "6": 67519
    },
    "3373": {
        "0": 1,
        "1": 12,
        "2": 102,
        "3": 870,
        "4": 7469,
        "5": 31302,
        "6": 74102
    },
    "3374": {
        "0": 1,
        "1": 9,
        "2": 78,
        "3": 687,
        "4": 6103,
        "5": 21449,
        "6": 53200
    },
    "3375": {
        "0": 1,
        "1": 10,
        "2": 85,
        "3": 728,
        "4": 6287,
        "5": 21944,
        "6": 46463
    },
    "3376": {
        "0": 1,
        "1": 12,
        "2": 104,
        "3": 883,
        "4": 7575,
        "5": 32686,
        "6": 84813
    },
    "3377": {
        "0": 1,
        "1": 10,
        "2": 84,
        "3": 732,
        "4": 6414,
        "5": 23413,
        "6": 56680
    },
    "3378": {
        "0": 1,
        "1": 12,
        "2": 107,
        "3": 921,
        "4": 7895,
        "5": 35096,
        "6": 100443
    },
    "3379": {
        "0": 1,
        "1": 9,
        "2": 78,
        "3": 670,
        "4": 5794,
        "5": 17424,
        "6": 43060
    },
    "3380": {
        "0": 1,
        "1": 10,
        "2": 89,
        "3": 776,
        "4": 6759,
        "5": 26063,
        "6": 64872
    },
    "3381": {
        "0": 1,
        "1": 11,
        "2": 98,
        "3": 861,
        "4": 7505,
        "5": 32467,
        "6": 86010
    },
    "3382": {
        "0": 1,
        "1": 11,
        "2": 97,
        "3": 860,
        "4": 7613,
        "5": 34519,
        "6": 95768
    },
    "3383": {
        "0": 1,
        "1": 13,
        "2": 112,
        "3": 960,
        "4": 8239,
        "5": 38058,
        "6": 102907
    },
    "3384": {
        "0": 1,
        "1": 10,
        "2": 82,
        "3": 681,
        "4": 5705,
        "5": 15487,
        "6": 32871
    },
    "3385": {
        "0": 1,
        "1": 10,
        "2": 90,
        "3": 797,
        "4": 7019,
        "5": 29009,
        "6": 78863
    },
    "3386": {
        "0": 1,
        "1": 11,
        "2": 103,
        "3": 917,
        "4": 8110,
        "5": 38751,
        "6": 125214
    },
    "3387": {
        "0": 1,
        "1": 11,
        "2": 99,
        "3": 875,
        "4": 7674,
        "5": 34379,
        "6": 104714
    },
    "3388": {
        "0": 1,
        "1": 11,
        "2": 92,
        "3": 791,
        "4": 6851,
        "5": 26888,
        "6": 68862
    },
    "3389": {
        "0": 1,
        "1": 11,
        "2": 96,
        "3": 829,
        "4": 7122,
        "5": 28369,
        "6": 73382
    },
    "3390": {
        "0": 1,
        "1": 10,
        "2": 87,
        "3": 754,
        "4": 6524,
        "5": 23506,
        "6": 48492
    },
    "3391": {
        "0": 1,
        "1": 15,
        "2": 145,
        "3": 1257,
        "4": 10523,
        "5": 55213,
        "6": 187095
    },
    "3392": {
        "0": 1,
        "1": 11,
        "2": 97,
        "3": 848,
        "4": 7387,
        "5": 31516,
        "6": 88463
    },
    "3393": {
        "0": 1,
        "1": 10,
        "2": 86,
        "3": 742,
        "4": 6435,
        "5": 23085,
        "6": 52014
    },
    "3394": {
        "0": 1,
        "1": 10,
        "2": 87,
        "3": 759,
        "4": 6645,
        "5": 25499,
        "6": 60557
    },
    "3395": {
        "0": 1,
        "1": 10,
        "2": 83,
        "3": 700,
        "4": 5982,
        "5": 18845,
        "6": 40253
    },
    "3396": {
        "0": 1,
        "1": 10,
        "2": 83,
        "3": 707,
        "4": 6074,
        "5": 19750,
        "6": 45537
    },
    "3397": {
        "0": 1,
        "1": 10,
        "2": 85,
        "3": 746,
        "4": 6556,
        "5": 24627,
        "6": 62265
    },
    "3398": {
        "0": 1,
        "1": 10,
        "2": 84,
        "3": 727,
        "4": 6364,
        "5": 23219,
        "6": 52254
    },
    "3399": {
        "0": 1,
        "1": 13,
        "2": 114,
        "3": 963,
        "4": 8154,
        "5": 36649,
        "6": 100027
    }
}