{
    "6300": {
        "0": 1,
        "1": 10,
        "2": 82,
        "3": 701,
        "4": 6064,
        "5": 20141,
        "6": 46324
    },
    "6301": {
        "0": 1,
        "1": 12,
        "2": 98,
        "3": 799,
        "4": 6611,
        "5": 22554,
        "6": 44969
    },
    "6302": {
        "0": 1,
        "1": 10,
        "2": 85,
        "3": 734,
        "4": 6406,
        "5": 23218,
        "6": 55828
    },
    "6303": {
        "0": 1,
        "1": 12,
        "2": 103,
        "3": 898,
        "4": 7869,
        "5": 36230,
        "6": 96456
    },
    "6304": {
        "0": 1,
        "1": 11,
        "2": 92,
        "3": 775,
        "4": 6553,
        "5": 22922,
        "6": 54327
    },
    "6305": {
        "0": 1,
        "1": 11,
        "2": 96,
        "3": 836,
        "4": 7313,
        "5": 31305,
        "6": 86266
    },
    "6306": {
        "0": 1,
        "1": 9,
        "2": 75,
        "3": 643,
        "4": 5557,
        "5": 15519,
        "6": 30567
    },
    "6307": {
        "0": 1,
        "1": 12,
        "2": 105,
        "3": 916,
        "4": 8024,
        "5": 37497,
        "6": 106743
    },
    "6308": {
        "0": 1,
        "1": 10,
        "2": 88,
        "3": 780,
        "4": 6862,
        "5": 27179,
        "6": 75223
    },
    "6309": {
        "0": 1,
        "1": 9,
        "2": 78,
        "3": 687,
        "4": 6048,
        "5": 20409,
        "6": 47086
    },
    "6310": {
        "0": 1,
        "1": 11,
        "2": 94,
        "3": 786,
        "4": 6567,
        "5": 22239,
        "6": 51628
    },
    "6311": {
        "0": 1,
        "1": 12,
        "2": 103,
        "3": 883,
        "4": 7654,
        "5": 34123,
        "6": 96874
    },
    "6312": {
        "0": 1,
        "1": 11,
        "2": 92,
        "3": 781,
        "4": 6674,
        "5": 24546,
        "6": 53873
    },
    "6313": {
        "0": 1,
        "1": 11,
        "2": 96,
        "3": 833,
        "4": 7233,
        "5": 30134,
        "6": 78926
    },
    "6314": {
        "0": 1,
        "1": 10,
        "2": 86,
        "3": 743,
        "4": 6481,
        "5": 24009,
        "6": 58524
    },
    "6315": {
        "0": 1,
        "1": 12,
        "2": 109,
        "3": 964,
        "4": 8495,
        "5": 41966,
        "6": 134647
    },
    "6316": {
        "0": 1,
        "1": 12,
        "2": 104,
        "3": 888,
        "4": 7592,
        "5": 32494,
        "6": 86257
    },
    "6317": {
        "0": 1,
        "1": 11,
        "2": 94,
        "3": 809,
        "4": 6950,
        "5": 27017,
        "6": 67014
    },
    "6318": {
        "0": 1,
        "1": 9,
        "2": 80,
        "3": 711,
        "4": 6259,
        "5": 22112,
        "6": 53671
    },
    "6319": {
        "0": 1,
        "1": 10,
        "2": 80,
        "3": 668,
        "4": 5649,
        "5": 15227,
        "6": 28925
    },
    "6320": {
        "0": 1,
        "1": 10,
        "2": 86,
        "3": 744,
        "4": 6414,
        "5": 22586,
        "6": 55392
    },
    "6321": {
        "0": 1,
        "1": 15,
        "2": 138,
        "3": 1173,
        "4": 9971,
        "5": 52854,
        "6": 176575
    },
    "6322": {
        "0": 1,
        "1": 12,
        "2": 105,
        "3": 892,
        "4": 7577,
        "5": 31872,
        "6": 80474
    },
    "6323": {
        "0": 1,
        "1": 13,
        "2": 115,
        "3": 991,
        "4": 8537,
        "5": 40731,
        "6": 123108
    },
    "6324": {
        "0": 1,
        "1": 10,
        "2": 88,
        "3": 768,
        "4": 6677,
        "5": 24874,
        "6": 56206
    },
    "6325": {
        "0": 1,
        "1": 11,
        "2": 94,
        "3": 820,
        "4": 7176,
        "5": 30094,
        "6": 69000
    },
    "6326": {
        "0": 1,
        "1": 10,
        "2": 88,
        "3": 758,
        "4": 6590,
        "5": 24660,
        "6": 62406
    },
    "6327": {
        "0": 1,
        "1": 11,
        "2": 92,
        "3": 787,
        "4": 6755,
        "5": 25434,
        "6": 57816
    },
    "6328": {
        "0": 1,
        "1": 11,
        "2": 100,
        "3": 887,
        "4": 7837,
        "5": 36197,
        "6": 108145
    },
    "6329": {
        "0": 1,
        "1": 12,
        "2": 110,
        "3": 979,
        "4": 8667,
        "5": 43605,
        "6": 142751
    },
    "6330": {
        "0": 1,
        "1": 10,
        "2": 85,
        "3": 715,
        "4": 6051,
        "5": 18851,
        "6": 45556
    },
    "6331": {
        "0": 1,
        "1": 10,
        "2": 87,
        "3": 776,
        "4": 6886,
        "5": 27834,
        "6": 77658
    },
    "6332": {
        "0": 1,
        "1": 11,
        "2": 98,
        "3": 847,
        "4": 7308,
        "5": 30343,
        "6": 79761
    },
    "6333": {
        "0": 1,
        "1": 14,
        "2": 126,
        "3": 1088,
        "4": 9311,
        "5": 46916,
        "6": 142416
    },
    "6334": {
        "0": 1,
        "1": 11,
        "2": 96,
        "3": 819,
        "4": 6994,
        "5": 27123,
        "6": 66232
    },
    "6335": {
        "0": 1,
        "1": 12,
        "2": 106,
        "3": 921,
        "4": 8004,
        "5": 36790,
        "6": 102851
    },
    "6336": {
        "0": 1,
        "1": 10,
        "2": 85,
        "3": 740,
        "4": 6424,
        "5": 22982,
        "6": 61017
    },
    "6337": {
        "0": 1,
        "1": 13,
        "2": 116,
        "3": 999,
        "4": 8598,
        "5": 41729,
        "6": 130160
    },
    "6338": {
        "0": 1,
        "1": 11,
        "2": 96,
        "3": 827,
        "4": 7109,
        "5": 28339,
        "6": 69987
    },
    "6339": {
        "0": 1,
        "1": 10,
        "2": 85,
        "3": 733,
        "4": 6353,
        "5": 22297,
        "6": 48158
    },
    "6340": {
        "0": 1,
        "1": 9,
        "2": 77,
        "3": 675,
        "4": 5955,
        "5": 19978,
        "6": 42762
    },
    "6341": {
        "0": 1,
        "1": 11,
        "2": 97,
        "3": 841,
        "4": 7288,
        "5": 30324,
        "6": 81923
    },
    "6342": {
        "0": 1,
        "1": 11,
        "2": 96,
        "3": 832,
        "4": 7226,
        "5": 30220,
        "6": 87919
    },
    "6343": {
        "0": 1,
        "1": 12,
        "2": 101,
        "3": 854,
        "4": 7298,
        "5": 30134,
        "6": 81802
    },
    "6344": {
        "0": 1,
        "1": 12,
        "2": 101,
        "3": 848,
        "4": 7204,
        "5": 28768,
        "6": 70891
    },
    "6345": {
        "0": 1,
        "1": 12,
        "2": 104,
        "3": 906,
        "4": 7947,
        "5": 37271,
        "6": 106154
    },
    "6346": {
        "0": 1,
        "1": 11,
        "2": 94,
        "3": 807,
        "4": 6984,
        "5": 27973,
        "6": 72345
    },
    "6347": {
        "0": 1,
        "1": 8,
        "2": 68,
        "3": 581,
        "4": 4987,
        "5": 9929,
        "6": 18480
    },
    "6348": {
        "0": 1,
        "1": 10,
        "2": 86,
        "3": 743,
        "4": 6446,
        "5": 23380,
        "6": 62475
    },
    "6349": {
        "0": 1,
        "1": 8,
        "2": 68,
        "3": 582,
        "4": 5002,
        "5": 10466,
        "6": 16715
    },
    "6350": {
        "0": 1,
        "1": 11,
        "2": 96,
        "3": 828,
        "4": 7154,
        "5": 29308,
        "6": 75392
    },
    "6351": {
        "0": 1,
        "1": 12,
        "2": 103,
        "3": 872,
        "4": 7439,
        "5": 30502,
        "6": 81710
    },
    "6352": {
        "0": 1,
        "1": 11,
        "2": 89,
        "3": 746,
        "4": 6333,
        "5": 21379,
        "6": 41000
    },
    "6353": {
        "0": 1,
        "1": 11,
        "2": 90,
        "3": 756,
        "4": 6392,
        "5": 21303,
        "6": 44319
    },
    "6354": {
        "0": 1,
        "1": 11,
        "2": 95,
        "3": 825,
        "4": 7167,
        "5": 29560,
        "6": 76077
    },
    "6355": {
        "0": 1,
        "1": 11,
        "2": 96,
        "3": 836,
        "4": 7271,
        "5": 30667,
        "6": 84143
    },
    "6356": {
        "0": 1,
        "1": 13,
        "2": 115,
        "3": 982,
        "4": 8444,
        "5": 40482,
        "6": 122229
    },
    "6357": {
        "0": 1,
        "1": 11,
        "2": 96,
        "3": 833,
        "4": 7214,
        "5": 29704,
        "6": 80824
    },
    "6358": {
        "0": 1,
        "1": 10,
        "2": 89,
        "3": 792,
        "4": 7074,
        "5": 30530,
        "6": 85717
    },
    "6359": {
        "0": 1,
        "1": 12,
        "2": 102,
        "3": 866,
        "4": 7408,
        "5": 31091,
        "6": 77025
    },
    "6360": {
        "0": 1,
        "1": 9,
        "2": 81,
        "3": 715,
        "4": 6336,
        "5": 23425,
        "6": 56164
    },
    "6361": {
        "0": 1,
        "1": 8,
        "2": 69,
        "3": 596,
        "4": 5159,
        "5": 11875,
        "6": 20923
    },
    "6362": {
        "0": 1,
        "1": 10,
        "2": 87,
        "3": 779,
        "4": 6967,
        "5": 29449,
        "6": 79954
    },
    "6363": {
        "0": 1,
        "1": 9,
        "2": 80,
        "3": 703,
        "4": 6205,
        "5": 22118,
        "6": 57152
    },
    "6364": {
        "0": 1,
        "1": 10,
        "2": 83,
        "3": 711,
        "4": 6119,
        "5": 19894,
        "6": 38769
    },
    "6365": {
        "0": 1,
        "1": 10,
        "2": 88,
        "3": 789,
        "4": 7018,
        "5": 28644,
        "6": 70610
    },
    "6366": {
        "0": 1,
        "1": 11,
        "2": 93,
        "3": 817,
        "4": 7131,
        "5": 29387,
        "6": 72151
    },
    "6367": {
        "0": 1,
        "1": 11,
        "2": 102,
        "3": 915,
        "4": 8123,
        "5": 39029,
        "6": 125032
    },
    "6368": {
        "0": 1,
        "1": 11,
        "2": 96,
        "3": 816,
        "4": 6974,
        "5": 27114,
        "6": 66088
    },
    "6369": {
        "0": 1,
        "1": 11,
        "2": 95,
        "3": 818,
        "4": 7081,
        "5": 28591,
        "6": 75664
    },
    "6370": {
        "0": 1,
        "1": 11,
        "2": 97,
        "3": 846,
        "4": 7415,
        "5": 32585,
        "6": 94298
    },
    "6371": {
        "0": 1,
        "1": 10,
        "2": 84,
        "3": 716,
        "4": 6204,
        "5": 21499,
        "6": 45199
    },
    "6372": {
        "0": 1,
        "1": 11,
        "2": 92,
        "3": 767,
        "4": 6455,
        "5": 22098,
        "6": 51327
    },
    "6373": {
        "0": 1,
        "1": 13,
        "2": 120,
        "3": 1055,
        "4": 9158,
        "5": 46528,
        "6": 152785
    },
    "6374": {
        "0": 1,
        "1": 9,
        "2": 78,
        "3": 669,
        "4": 5791,
        "5": 17615,
        "6": 37028
    },
    "6375": {
        "0": 1,
        "1": 12,
        "2": 106,
        "3": 919,
        "4": 7984,
        "5": 36598,
        "6": 101819
    },
    "6376": {
        "0": 1,
        "1": 12,
        "2": 107,
        "3": 931,
        "4": 8033,
        "5": 36626,
        "6": 107574
    },
    "6377": {
        "0": 1,
        "1": 10,
        "2": 87,
        "3": 762,
        "4": 6735,
        "5": 26613,
        "6": 65790
    },
    "6378": {
        "0": 1,
        "1": 12,
        "2": 102,
        "3": 860,
        "4": 7330,
        "5": 30336,
        "6": 80234
    },
    "6379": {
        "0": 1,
        "1": 10,
        "2": 87,
        "3": 748,
        "4": 6401,
        "5": 22003,
        "6": 48613
    },
    "6380": {
        "0": 1,
        "1": 11,
        "2": 95,
        "3": 820,
        "4": 7099,
        "5": 28994,
        "6": 71543
    },
    "6381": {
        "0": 1,
        "1": 11,
        "2": 92,
        "3": 770,
        "4": 6528,
        "5": 23076,
        "6": 49492
    },
    "6382": {
        "0": 1,
        "1": 11,
        "2": 94,
        "3": 813,
        "4": 7125,
        "5": 29928,
        "6": 78182
    },
    "6383": {
        "0": 1,
        "1": 11,
        "2": 96,
        "3": 828,
        "4": 7139,
        "5": 28950,
        "6": 70135
    },
    "6384": {
        "0": 1,
        "1": 12,
        "2": 104,
        "3": 875,
        "4": 7325,
        "5": 28623,
        "6": 73117
    },
    "6385": {
        "0": 1,
        "1": 9,
        "2": 75,
        "3": 635,
        "4": 5389,
        "5": 13185,
        "6": 20535
    },
    "6386": {
        "0": 1,
        "1": 10,
        "2": 89,
        "3": 772,
        "4": 6710,
        "5": 25684,
        "6": 66142
    },
    "6387": {
        "0": 1,
        "1": 10,
        "2": 87,
        "3": 769,
        "4": 6762,
        "5": 26527,
        "6": 68380
    },
    "6388": {
        "0": 1,
        "1": 11,
        "2": 95,
        "3": 814,
        "4": 6957,
        "5": 26770,
        "6": 62718
    },
    "6389": {
        "0": 1,
        "1": 11,
        "2": 91,
        "3": 771,
        "4": 6610,
        "5": 24260,
        "6": 49264
    },
    "6390": {
        "0": 1,
        "1": 11,
        "2": 94,
        "3": 799,
        "4": 6792,
        "5": 25209,
        "6": 61136
    },
    "6391": {
        "0": 1,
        "1": 11,
        "2": 95,
        "3": 836,
        "4": 7355,
        "5": 31764,
        "6": 87584
    },
    "6392": {
        "0": 1,
        "1": 11,
        "2": 95,
        "3": 825,
        "4": 7191,
        "5": 30073,
        "6": 77320
    },
    "6393": {
        "0": 1,
        "1": 9,
        "2": 76,
        "3": 661,
        "4": 5766,
        "5": 17484,
        "6": 36581
    },
    "6394": {
        "0": 1,
        "1": 11,
        "2": 96,
        "3": 843,
        "4": 7396,
        "5": 31758,
        "6": 82686
    },
    "6395": {
        "0": 1,
        "1": 11,
        "2": 90,
        "3": 761,
        "4": 6533,
        "5": 23760,
        "6": 59086
    },
    "6396": {
        "0": 1,
        "1": 10,
        "2": 89,
        "3": 798,
        "4": 7154,
        "5": 30758,
        "6": 86603
    },
    "6397": {
        "0": 1,
        "1": 11,
        "2": 97,
        "3": 839,
        "4": 7207,
        "5": 29140,
        "6": 72745
    },
    "6398": {
        "0": 1,
        "1": 11,
        "2": 91,
        "3": 772,
        "4": 6597,
        "5": 23940,
        "6": 50959
    },
    "6399": {
        "0": 1,
        "1": 12,
        "2": 103,
        "3": 905,
        "4": 7914,
        "5": 36346,
        "6": 96049
    }
}