{
    "6800": {
        "0": 1,
        "1": 12,
        "2": 106,
        "3": 932,
        "4": 8190,
        "5": 39357,
        "6": 114813
    },
    "6801": {
        "0": 1,
        "1": 9,
        "2": 75,
        "3": 649,
        "4": 5626,
        "5": 15960,
        "6": 30249
    },
    "6802": {
        "0": 1,
        "1": 11,
        "2": 97,
        "3": 851,
        "4": 7388,
        "5": 31299,
        "6": 87737
    },
    "6803": {
        "0": 1,
        "1": 11,
        "2": 91,
        "3": 774,
        "4": 6637,
        "5": 24500,
        "6": 53984
    },
    "6804": {
        "0": 1,
        "1": 12,
        "2": 105,
        "3": 913,
        "4": 7914,
        "5": 35848,
        "6": 101570
    },
    "6805": {
        "0": 1,
        "1": 11,
        "2": 92,
        "3": 777,
        "4": 6586,
        "5": 23300,
        "6": 46577
    },
    "6806": {
        "0": 1,
        "1": 10,
        "2": 84,
        "3": 728,
        "4": 6290,
        "5": 21429,
        "6": 46681
    },
    "6807": {
        "0": 1,
        "1": 11,
        "2": 97,
        "3": 852,
        "4": 7417,
        "5": 31575,
        "6": 85747
    },
    "6808": {
        "0": 1,
        "1": 9,
        "2": 75,
        "3": 620,
        "4": 5192,
        "5": 11216,
        "6": 23418
    },
    "6809": {
        "0": 1,
        "1": 10,
        "2": 83,
        "3": 714,
        "4": 6175,
        "5": 20944,
        "6": 45837
    },
    "6810": {
        "0": 1,
        "1": 12,
        "2": 108,
        "3": 946,
        "4": 8232,
        "5": 38709,
        "6": 116909
    },
    "6811": {
        "0": 1,
        "1": 10,
        "2": 85,
        "3": 731,
        "4": 6329,
        "5": 22240,
        "6": 53953
    },
    "6812": {
        "0": 1,
        "1": 11,
        "2": 93,
        "3": 792,
        "4": 6791,
        "5": 25617,
        "6": 58181
    },
    "6813": {
        "0": 1,
        "1": 8,
        "2": 70,
        "3": 609,
        "4": 5350,
        "5": 14505,
        "6": 25938
    },
    "6814": {
        "0": 1,
        "1": 14,
        "2": 123,
        "3": 1022,
        "4": 8454,
        "5": 37579,
        "6": 98827
    },
    "6815": {
        "0": 1,
        "1": 12,
        "2": 109,
        "3": 961,
        "4": 8315,
        "5": 38521,
        "6": 112365
    },
    "6816": {
        "0": 1,
        "1": 12,
        "2": 107,
        "3": 936,
        "4": 8175,
        "5": 38911,
        "6": 119298
    },
    "6817": {
        "0": 1,
        "1": 10,
        "2": 87,
        "3": 749,
        "4": 6469,
        "5": 23303,
        "6": 56139
    },
    "6818": {
        "0": 1,
        "1": 11,
        "2": 97,
        "3": 854,
        "4": 7499,
        "5": 32621,
        "6": 85118
    },
    "6819": {
        "0": 1,
        "1": 9,
        "2": 76,
        "3": 653,
        "4": 5603,
        "5": 15393,
        "6": 27406
    },
    "6820": {
        "0": 1,
        "1": 10,
        "2": 84,
        "3": 731,
        "4": 6389,
        "5": 23176,
        "6": 56345
    },
    "6821": {
        "0": 1,
        "1": 10,
        "2": 82,
        "3": 680,
        "4": 5705,
        "5": 15574,
        "6": 29514
    },
    "6822": {
        "0": 1,
        "1": 13,
        "2": 114,
        "3": 977,
        "4": 8347,
        "5": 38732,
        "6": 116676
    },
    "6823": {
        "0": 1,
        "1": 12,
        "2": 105,
        "3": 908,
        "4": 7813,
        "5": 34235,
        "6": 90032
    },
    "6824": {
        "0": 1,
        "1": 10,
        "2": 86,
        "3": 746,
        "4": 6489,
        "5": 23895,
        "6": 56250
    },
    "6825": {
        "0": 1,
        "1": 10,
        "2": 81,
        "3": 682,
        "4": 5781,
        "5": 16429,
        "6": 28088
    },
    "6826": {
        "0": 1,
        "1": 11,
        "2": 95,
        "3": 808,
        "4": 6893,
        "5": 26434,
        "6": 64005
    },
    "6827": {
        "0": 1,
        "1": 10,
        "2": 82,
        "3": 700,
        "4": 6049,
        "5": 19910,
        "6": 44497
    },
    "6828": {
        "0": 1,
        "1": 9,
        "2": 80,
        "3": 700,
        "4": 6153,
        "5": 21136,
        "6": 52975
    },
    "6829": {
        "0": 1,
        "1": 14,
        "2": 127,
        "3": 1103,
        "4": 9571,
        "5": 50611,
        "6": 173162
    },
    "6830": {
        "0": 1,
        "1": 11,
        "2": 99,
        "3": 877,
        "4": 7782,
        "5": 35520,
        "6": 105911
    },
    "6831": {
        "0": 1,
        "1": 10,
        "2": 85,
        "3": 733,
        "4": 6326,
        "5": 22182,
        "6": 58007
    },
    "6832": {
        "0": 1,
        "1": 10,
        "2": 89,
        "3": 786,
        "4": 6918,
        "5": 28047,
        "6": 73310
    },
    "6833": {
        "0": 1,
        "1": 11,
        "2": 94,
        "3": 797,
        "4": 6798,
        "5": 25567,
        "6": 68283
    },
    "6834": {
        "0": 1,
        "1": 10,
        "2": 83,
        "3": 720,
        "4": 6254,
        "5": 21687,
        "6": 42427
    },
    "6835": {
        "0": 1,
        "1": 12,
        "2": 101,
        "3": 843,
        "4": 7127,
        "5": 28162,
        "6": 70475
    },
    "6836": {
        "0": 1,
        "1": 9,
        "2": 78,
        "3": 686,
        "4": 6037,
        "5": 20476,
        "6": 43725
    },
    "6837": {
        "0": 1,
        "1": 10,
        "2": 85,
        "3": 716,
        "4": 6100,
        "5": 19593,
        "6": 47360
    },
    "6838": {
        "0": 1,
        "1": 14,
        "2": 123,
        "3": 1053,
        "4": 9013,
        "5": 44577,
        "6": 136851
    },
    "6839": {
        "0": 1,
        "1": 11,
        "2": 93,
        "3": 803,
        "4": 6987,
        "5": 28227,
        "6": 73889
    },
    "6840": {
        "0": 1,
        "1": 10,
        "2": 88,
        "3": 774,
        "4": 6785,
        "5": 26573,
        "6": 67892
    },
    "6841": {
        "0": 1,
        "1": 10,
        "2": 84,
        "3": 727,
        "4": 6316,
        "5": 22197,
        "6": 51158
    },
    "6842": {
        "0": 1,
        "1": 10,
        "2": 87,
        "3": 749,
        "4": 6427,
        "5": 22533,
        "6": 56490
    },
    "6843": {
        "0": 1,
        "1": 9,
        "2": 73,
        "3": 612,
        "4": 5184,
        "5": 11545,
        "6": 18634
    },
    "6844": {
        "0": 1,
        "1": 9,
        "2": 78,
        "3": 673,
        "4": 5834,
        "5": 17947,
        "6": 34345
    },
    "6845": {
        "0": 1,
        "1": 11,
        "2": 93,
        "3": 799,
        "4": 6855,
        "5": 25807,
        "6": 61401
    },
    "6846": {
        "0": 1,
        "1": 10,
        "2": 84,
        "3": 708,
        "4": 6048,
        "5": 19373,
        "6": 38331
    },
    "6847": {
        "0": 1,
        "1": 11,
        "2": 94,
        "3": 793,
        "4": 6712,
        "5": 24203,
        "6": 59956
    },
    "6848": {
        "0": 1,
        "1": 10,
        "2": 84,
        "3": 720,
        "4": 6189,
        "5": 20495,
        "6": 46118
    },
    "6849": {
        "0": 1,
        "1": 10,
        "2": 88,
        "3": 774,
        "4": 6855,
        "5": 27584,
        "6": 76605
    },
    "6850": {
        "0": 1,
        "1": 12,
        "2": 104,
        "3": 894,
        "4": 7722,
        "5": 34237,
        "6": 90284
    },
    "6851": {
        "0": 1,
        "1": 12,
        "2": 107,
        "3": 934,
        "4": 8161,
        "5": 38661,
        "6": 118628
    },
    "6852": {
        "0": 1,
        "1": 10,
        "2": 84,
        "3": 744,
        "4": 6549,
        "5": 24752,
        "6": 52572
    },
    "6853": {
        "0": 1,
        "1": 11,
        "2": 95,
        "3": 821,
        "4": 7105,
        "5": 28646,
        "6": 71819
    },
    "6854": {
        "0": 1,
        "1": 12,
        "2": 105,
        "3": 935,
        "4": 8276,
        "5": 40328,
        "6": 119672
    },
    "6855": {
        "0": 1,
        "1": 12,
        "2": 104,
        "3": 897,
        "4": 7725,
        "5": 33817,
        "6": 94584
    },
    "6856": {
        "0": 1,
        "1": 11,
        "2": 91,
        "3": 778,
        "4": 6703,
        "5": 25228,
        "6": 58542
    },
    "6857": {
        "0": 1,
        "1": 11,
        "2": 96,
        "3": 826,
        "4": 7136,
        "5": 29255,
        "6": 76121
    },
    "6858": {
        "0": 1,
        "1": 10,
        "2": 87,
        "3": 774,
        "4": 6888,
        "5": 28089,
        "6": 74014
    },
    "6859": {
        "0": 1,
        "1": 12,
        "2": 111,
        "3": 983,
        "4": 8562,
        "5": 41606,
        "6": 140318
    },
    "6860": {
        "0": 1,
        "1": 11,
        "2": 93,
        "3": 797,
        "4": 6845,
        "5": 26069,
        "6": 56890
    },
    "6861": {
        "0": 1,
        "1": 13,
        "2": 117,
        "3": 1013,
        "4": 8708,
        "5": 42277,
        "6": 121334
    },
    "6862": {
        "0": 1,
        "1": 11,
        "2": 97,
        "3": 844,
        "4": 7310,
        "5": 30513,
        "6": 81846
    },
    "6863": {
        "0": 1,
        "1": 9,
        "2": 76,
        "3": 654,
        "4": 5716,
        "5": 17528,
        "6": 40340
    },
    "6864": {
        "0": 1,
        "1": 13,
        "2": 110,
        "3": 940,
        "4": 8113,
        "5": 37536,
        "6": 93307
    },
    "6865": {
        "0": 1,
        "1": 9,
        "2": 81,
        "3": 715,
        "4": 6322,
        "5": 23199,
        "6": 57997
    },
    "6866": {
        "0": 1,
        "1": 11,
        "2": 95,
        "3": 829,
        "4": 7231,
        "5": 30325,
        "6": 82046
    },
    "6867": {
        "0": 1,
        "1": 10,
        "2": 84,
        "3": 715,
        "4": 6150,
        "5": 20423,
        "6": 49152
    },
    "6868": {
        "0": 1,
        "1": 11,
        "2": 95,
        "3": 802,
        "4": 6793,
        "5": 25171,
        "6": 61071
    },
    "6869": {
        "0": 1,
        "1": 13,
        "2": 116,
        "3": 988,
        "4": 8449,
        "5": 39851,
        "6": 129054
    },
    "6870": {
        "0": 1,
        "1": 10,
        "2": 86,
        "3": 734,
        "4": 6282,
        "5": 21153,
        "6": 48221
    },
    "6871": {
        "0": 1,
        "1": 11,
        "2": 92,
        "3": 790,
        "4": 6857,
        "5": 26933,
        "6": 60118
    },
    "6872": {
        "0": 1,
        "1": 13,
        "2": 112,
        "3": 930,
        "4": 7725,
        "5": 31941,
        "6": 83150
    },
    "6873": {
        "0": 1,
        "1": 10,
        "2": 86,
        "3": 757,
        "4": 6693,
        "5": 26221,
        "6": 71912
    },
    "6874": {
        "0": 1,
        "1": 12,
        "2": 106,
        "3": 927,
        "4": 8136,
        "5": 38687,
        "6": 121249
    },
    "6875": {
        "0": 1,
        "1": 9,
        "2": 78,
        "3": 675,
        "4": 5810,
        "5": 17207,
        "6": 37157
    },
    "6876": {
        "0": 1,
        "1": 12,
        "2": 107,
        "3": 934,
        "4": 8108,
        "5": 37547,
        "6": 113620
    },
    "6877": {
        "0": 1,
        "1": 10,
        "2": 88,
        "3": 767,
        "4": 6689,
        "5": 25668,
        "6": 64258
    },
    "6878": {
        "0": 1,
        "1": 9,
        "2": 80,
        "3": 702,
        "4": 6097,
        "5": 20103,
        "6": 48180
    },
    "6879": {
        "0": 1,
        "1": 11,
        "2": 98,
        "3": 867,
        "4": 7558,
        "5": 32380,
        "6": 83628
    },
    "6880": {
        "0": 1,
        "1": 11,
        "2": 92,
        "3": 802,
        "4": 7053,
        "5": 29610,
        "6": 71136
    },
    "6881": {
        "0": 1,
        "1": 10,
        "2": 87,
        "3": 770,
        "4": 6810,
        "5": 26967,
        "6": 66249
    },
    "6882": {
        "0": 1,
        "1": 12,
        "2": 108,
        "3": 951,
        "4": 8297,
        "5": 39461,
        "6": 113053
    },
    "6883": {
        "0": 1,
        "1": 10,
        "2": 89,
        "3": 792,
        "4": 6982,
        "5": 28500,
        "6": 75900
    },
    "6884": {
        "0": 1,
        "1": 8,
        "2": 72,
        "3": 636,
        "4": 5608,
        "5": 16542,
        "6": 35387
    },
    "6885": {
        "0": 1,
        "1": 11,
        "2": 93,
        "3": 813,
        "4": 7158,
        "5": 30416,
        "6": 75726
    },
    "6886": {
        "0": 1,
        "1": 13,
        "2": 114,
        "3": 961,
        "4": 8154,
        "5": 36835,
        "6": 107325
    },
    "6887": {
        "0": 1,
        "1": 11,
        "2": 98,
        "3": 863,
        "4": 7521,
        "5": 32481,
        "6": 94265
    },
    "6888": {
        "0": 1,
        "1": 11,
        "2": 93,
        "3": 798,
        "4": 6868,
        "5": 26436,
        "6": 60466
    },
    "6889": {
        "0": 1,
        "1": 12,
        "2": 101,
        "3": 851,
        "4": 7240,
        "5": 29347,
        "6": 70295
    },
    "6890": {
        "0": 1,
        "1": 11,
        "2": 96,
        "3": 836,
        "4": 7282,
        "5": 30817,
        "6": 79048
    },
    "6891": {
        "0": 1,
        "1": 11,
        "2": 96,
        "3": 826,
        "4": 7158,
        "5": 29512,
        "6": 81334
    },
    "6892": {
        "0": 1,
        "1": 12,
        "2": 107,
        "3": 938,
        "4": 8256,
        "5": 40236,
        "6": 125812
    },
    "6893": {
        "0": 1,
        "1": 11,
        "2": 96,
        "3": 834,
        "4": 7246,
        "5": 30128,
        "6": 81740
    },
    "6894": {
        "0": 1,
        "1": 9,
        "2": 76,
        "3": 650,
        "4": 5601,
        "5": 15817,
        "6": 35744
    },
    "6895": {
        "0": 1,
        "1": 11,
        "2": 92,
        "3": 772,
        "4": 6527,
        "5": 22552,
        "6": 50987
    },
    "6896": {
        "0": 1,
        "1": 10,
        "2": 85,
        "3": 722,
        "4": 6165,
        "5": 20098,
        "6": 43874
    },
    "6897": {
        "0": 1,
        "1": 11,
        "2": 97,
        "3": 840,
        "4": 7269,
        "5": 29919,
        "6": 94750
    },
    "6898": {
        "0": 1,
        "1": 12,
        "2": 109,
        "3": 969,
        "4": 8571,
        "5": 42939,
        "6": 135118
    },
    "6899": {
        "0": 1,
        "1": 11,
        "2": 94,
        "3": 819,
        "4": 7165,
        "5": 30190,
        "6": 85435
    }
}