{
    "15700": {
        "0": 1,
        "1": 11,
        "2": 95,
        "3": 807,
        "4": 6882,
        "5": 26345,
        "6": 72274
    },
    "15701": {
        "0": 1,
        "1": 14,
        "2": 132,
        "3": 1174,
        "4": 10274,
        "5": 57072,
        "6": 203948
    },
    "15702": {
        "0": 1,
        "1": 11,
        "2": 92,
        "3": 781,
        "4": 6696,
        "5": 24889,
        "6": 60591
    },
    "15703": {
        "0": 1,
        "1": 10,
        "2": 83,
        "3": 707,
        "4": 6108,
        "5": 20557,
        "6": 47669
    },
    "15704": {
        "0": 1,
        "1": 8,
        "2": 71,
        "3": 626,
        "4": 5527,
        "5": 15861,
        "6": 30401
    },
    "15705": {
        "0": 1,
        "1": 12,
        "2": 106,
        "3": 938,
        "4": 8235,
        "5": 39209,
        "6": 107841
    },
    "15706": {
        "0": 1,
        "1": 12,
        "2": 99,
        "3": 817,
        "4": 6819,
        "5": 24580,
        "6": 50303
    },
    "15707": {
        "0": 1,
        "1": 11,
        "2": 89,
        "3": 740,
        "4": 6208,
        "5": 19674,
        "6": 38356
    },
    "15708": {
        "0": 1,
        "1": 12,
        "2": 96,
        "3": 778,
        "4": 6404,
        "5": 20510,
        "6": 41802
    },
    "15709": {
        "0": 1,
        "1": 10,
        "2": 83,
        "3": 706,
        "4": 6036,
        "5": 19138,
        "6": 42506
    },
    "15710": {
        "0": 1,
        "1": 9,
        "2": 76,
        "3": 653,
        "4": 5627,
        "5": 15880,
        "6": 29555
    },
    "15711": {
        "0": 1,
        "1": 11,
        "2": 93,
        "3": 807,
        "4": 7048,
        "5": 29021,
        "6": 71441
    },
    "15712": {
        "0": 1,
        "1": 10,
        "2": 87,
        "3": 755,
        "4": 6561,
        "5": 24184,
        "6": 56420
    },
    "15713": {
        "0": 1,
        "1": 8,
        "2": 71,
        "3": 634,
        "4": 5629,
        "5": 16551,
        "6": 36558
    },
    "15714": {
        "0": 1,
        "1": 11,
        "2": 99,
        "3": 871,
        "4": 7642,
        "5": 33996,
        "6": 98568
    },
    "15715": {
        "0": 1,
        "1": 11,
        "2": 95,
        "3": 810,
        "4": 6974,
        "5": 27745,
        "6": 67131
    },
    "15716": {
        "0": 1,
        "1": 11,
        "2": 91,
        "3": 780,
        "4": 6793,
        "5": 26569,
        "6": 61324
    },
    "15717": {
        "0": 1,
        "1": 11,
        "2": 97,
        "3": 843,
        "4": 7370,
        "5": 32060,
        "6": 94219
    },
    "15718": {
        "0": 1,
        "1": 9,
        "2": 78,
        "3": 678,
        "4": 5941,
        "5": 19593,
        "6": 45197
    },
    "15719": {
        "0": 1,
        "1": 9,
        "2": 74,
        "3": 629,
        "4": 5372,
        "5": 13103,
        "6": 24218
    },
    "15720": {
        "0": 1,
        "1": 10,
        "2": 87,
        "3": 740,
        "4": 6302,
        "5": 20910,
        "6": 43335
    },
    "15721": {
        "0": 1,
        "1": 9,
        "2": 73,
        "3": 603,
        "4": 5041,
        "5": 9895,
        "6": 15710
    },
    "15722": {
        "0": 1,
        "1": 11,
        "2": 89,
        "3": 748,
        "4": 6367,
        "5": 21516,
        "6": 44928
    },
    "15723": {
        "0": 1,
        "1": 8,
        "2": 69,
        "3": 592,
        "4": 5090,
        "5": 11107,
        "6": 19357
    },
    "15724": {
        "0": 1,
        "1": 11,
        "2": 92,
        "3": 791,
        "4": 6867,
        "5": 26978,
        "6": 71614
    },
    "15725": {
        "0": 1,
        "1": 10,
        "2": 89,
        "3": 777,
        "4": 6826,
        "5": 27193,
        "6": 75119
    },
    "15726": {
        "0": 1,
        "1": 9,
        "2": 74,
        "3": 633,
        "4": 5448,
        "5": 14050,
        "6": 25416
    },
    "15727": {
        "0": 1,
        "1": 11,
        "2": 94,
        "3": 801,
        "4": 6839,
        "5": 25969,
        "6": 66989
    },
    "15728": {
        "0": 1,
        "1": 9,
        "2": 76,
        "3": 655,
        "4": 5659,
        "5": 16263,
        "6": 31919
    },
    "15729": {
        "0": 1,
        "1": 12,
        "2": 106,
        "3": 905,
        "4": 7704,
        "5": 32926,
        "6": 94838
    },
    "15730": {
        "0": 1,
        "1": 11,
        "2": 99,
        "3": 875,
        "4": 7713,
        "5": 34520,
        "6": 95713
    },
    "15731": {
        "0": 1,
        "1": 12,
        "2": 113,
        "3": 1019,
        "4": 9064,
        "5": 47458,
        "6": 152562
    },
    "15732": {
        "0": 1,
        "1": 12,
        "2": 104,
        "3": 899,
        "4": 7786,
        "5": 34772,
        "6": 93224
    },
    "15733": {
        "0": 1,
        "1": 10,
        "2": 83,
        "3": 713,
        "4": 6129,
        "5": 20135,
        "6": 45507
    },
    "15734": {
        "0": 1,
        "1": 12,
        "2": 105,
        "3": 903,
        "4": 7774,
        "5": 34728,
        "6": 101149
    },
    "15735": {
        "0": 1,
        "1": 13,
        "2": 113,
        "3": 951,
        "4": 8021,
        "5": 35382,
        "6": 88508
    },
    "15736": {
        "0": 1,
        "1": 10,
        "2": 89,
        "3": 783,
        "4": 6829,
        "5": 26261,
        "6": 70384
    },
    "15737": {
        "0": 1,
        "1": 10,
        "2": 86,
        "3": 742,
        "4": 6442,
        "5": 23474,
        "6": 63861
    },
    "15738": {
        "0": 1,
        "1": 10,
        "2": 84,
        "3": 716,
        "4": 6125,
        "5": 19708,
        "6": 46954
    },
    "15739": {
        "0": 1,
        "1": 10,
        "2": 86,
        "3": 752,
        "4": 6561,
        "5": 24624,
        "6": 61565
    },
    "15740": {
        "0": 1,
        "1": 13,
        "2": 115,
        "3": 981,
        "4": 8354,
        "5": 38720,
        "6": 108511
    },
    "15741": {
        "0": 1,
        "1": 12,
        "2": 103,
        "3": 869,
        "4": 7384,
        "5": 30442,
        "6": 78203
    },
    "15742": {
        "0": 1,
        "1": 12,
        "2": 102,
        "3": 857,
        "4": 7291,
        "5": 29811,
        "6": 79202
    },
    "15743": {
        "0": 1,
        "1": 14,
        "2": 122,
        "3": 1047,
        "4": 9023,
        "5": 45150,
        "6": 120773
    },
    "15744": {
        "0": 1,
        "1": 11,
        "2": 93,
        "3": 793,
        "4": 6835,
        "5": 26452,
        "6": 61375
    },
    "15745": {
        "0": 1,
        "1": 13,
        "2": 119,
        "3": 1062,
        "4": 9333,
        "5": 49029,
        "6": 161841
    },
    "15746": {
        "0": 1,
        "1": 10,
        "2": 83,
        "3": 698,
        "4": 5926,
        "5": 17832,
        "6": 35471
    },
    "15747": {
        "0": 1,
        "1": 11,
        "2": 94,
        "3": 804,
        "4": 6906,
        "5": 26861,
        "6": 75494
    },
    "15748": {
        "0": 1,
        "1": 11,
        "2": 94,
        "3": 800,
        "4": 6839,
        "5": 25989,
        "6": 59395
    },
    "15749": {
        "0": 1,
        "1": 13,
        "2": 114,
        "3": 978,
        "4": 8384,
        "5": 39128,
        "6": 111129
    },
    "15750": {
        "0": 1,
        "1": 11,
        "2": 91,
        "3": 775,
        "4": 6677,
        "5": 24943,
        "6": 57561
    },
    "15751": {
        "0": 1,
        "1": 10,
        "2": 84,
        "3": 725,
        "4": 6264,
        "5": 21384,
        "6": 43386
    },
    "15752": {
        "0": 1,
        "1": 11,
        "2": 94,
        "3": 821,
        "4": 7076,
        "5": 27833,
        "6": 65537
    },
    "15753": {
        "0": 1,
        "1": 11,
        "2": 95,
        "3": 829,
        "4": 7262,
        "5": 30971,
        "6": 79615
    },
    "15754": {
        "0": 1,
        "1": 10,
        "2": 88,
        "3": 769,
        "4": 6716,
        "5": 25915,
        "6": 63422
    },
    "15755": {
        "0": 1,
        "1": 11,
        "2": 94,
        "3": 801,
        "4": 6864,
        "5": 26068,
        "6": 60060
    },
    "15756": {
        "0": 1,
        "1": 9,
        "2": 76,
        "3": 661,
        "4": 5781,
        "5": 18070,
        "6": 38162
    },
    "15757": {
        "0": 1,
        "1": 13,
        "2": 119,
        "3": 1038,
        "4": 9030,
        "5": 45697,
        "6": 147319
    },
    "15758": {
        "0": 1,
        "1": 11,
        "2": 92,
        "3": 788,
        "4": 6775,
        "5": 25765,
        "6": 59393
    },
    "15759": {
        "0": 1,
        "1": 10,
        "2": 89,
        "3": 785,
        "4": 6962,
        "5": 29023,
        "6": 81865
    },
    "15760": {
        "0": 1,
        "1": 10,
        "2": 85,
        "3": 738,
        "4": 6403,
        "5": 22798,
        "6": 57498
    },
    "15761": {
        "0": 1,
        "1": 11,
        "2": 92,
        "3": 792,
        "4": 6883,
        "5": 27324,
        "6": 67817
    },
    "15762": {
        "0": 1,
        "1": 10,
        "2": 85,
        "3": 727,
        "4": 6218,
        "5": 20449,
        "6": 44950
    },
    "15763": {
        "0": 1,
        "1": 11,
        "2": 91,
        "3": 771,
        "4": 6584,
        "5": 23728,
        "6": 53494
    },
    "15764": {
        "0": 1,
        "1": 13,
        "2": 113,
        "3": 944,
        "4": 7916,
        "5": 34131,
        "6": 79953
    },
    "15765": {
        "0": 1,
        "1": 10,
        "2": 87,
        "3": 753,
        "4": 6519,
        "5": 23564,
        "6": 51845
    },
    "15766": {
        "0": 1,
        "1": 10,
        "2": 84,
        "3": 718,
        "4": 6197,
        "5": 20883,
        "6": 47380
    },
    "15767": {
        "0": 1,
        "1": 12,
        "2": 106,
        "3": 925,
        "4": 8022,
        "5": 36398,
        "6": 103732
    },
    "15768": {
        "0": 1,
        "1": 10,
        "2": 83,
        "3": 710,
        "4": 6126,
        "5": 20322,
        "6": 43198
    },
    "15769": {
        "0": 1,
        "1": 10,
        "2": 84,
        "3": 721,
        "4": 6222,
        "5": 21219,
        "6": 51111
    },
    "15770": {
        "0": 1,
        "1": 10,
        "2": 84,
        "3": 737,
        "4": 6460,
        "5": 23855,
        "6": 55408
    },
    "15771": {
        "0": 1,
        "1": 10,
        "2": 85,
        "3": 744,
        "4": 6522,
        "5": 24541,
        "6": 57847
    },
    "15772": {
        "0": 1,
        "1": 10,
        "2": 86,
        "3": 734,
        "4": 6281,
        "5": 21103,
        "6": 44997
    },
    "15773": {
        "0": 1,
        "1": 11,
        "2": 96,
        "3": 841,
        "4": 7387,
        "5": 32237,
        "6": 88454
    },
    "15774": {
        "0": 1,
        "1": 10,
        "2": 87,
        "3": 770,
        "4": 6770,
        "5": 26430,
        "6": 66070
    },
    "15775": {
        "0": 1,
        "1": 9,
        "2": 76,
        "3": 650,
        "4": 5562,
        "5": 14980,
        "6": 28223
    },
    "15776": {
        "0": 1,
        "1": 10,
        "2": 86,
        "3": 740,
        "4": 6339,
        "5": 21482,
        "6": 49253
    },
    "15777": {
        "0": 1,
        "1": 10,
        "2": 85,
        "3": 744,
        "4": 6516,
        "5": 24103,
        "6": 58162
    },
    "15778": {
        "0": 1,
        "1": 13,
        "2": 119,
        "3": 1018,
        "4": 8656,
        "5": 41301,
        "6": 127573
    },
    "15779": {
        "0": 1,
        "1": 11,
        "2": 95,
        "3": 832,
        "4": 7234,
        "5": 29579,
        "6": 77195
    },
    "15780": {
        "0": 1,
        "1": 11,
        "2": 95,
        "3": 814,
        "4": 6973,
        "5": 27296,
        "6": 72993
    },
    "15781": {
        "0": 1,
        "1": 11,
        "2": 98,
        "3": 863,
        "4": 7562,
        "5": 33377,
        "6": 91797
    },
    "15782": {
        "0": 1,
        "1": 11,
        "2": 97,
        "3": 860,
        "4": 7635,
        "5": 35165,
        "6": 104584
    },
    "15783": {
        "0": 1,
        "1": 10,
        "2": 83,
        "3": 711,
        "4": 6101,
        "5": 19568,
        "6": 39063
    },
    "15784": {
        "0": 1,
        "1": 9,
        "2": 78,
        "3": 687,
        "4": 6057,
        "5": 20640,
        "6": 54061
    },
    "15785": {
        "0": 1,
        "1": 9,
        "2": 78,
        "3": 689,
        "4": 6073,
        "5": 20703,
        "6": 45574
    },
    "15786": {
        "0": 1,
        "1": 13,
        "2": 112,
        "3": 950,
        "4": 8135,
        "5": 37196,
        "6": 100330
    },
    "15787": {
        "0": 1,
        "1": 11,
        "2": 97,
        "3": 847,
        "4": 7379,
        "5": 31281,
        "6": 83209
    },
    "15788": {
        "0": 1,
        "1": 9,
        "2": 80,
        "3": 709,
        "4": 6261,
        "5": 21593,
        "6": 47584
    },
    "15789": {
        "0": 1,
        "1": 11,
        "2": 97,
        "3": 858,
        "4": 7560,
        "5": 33418,
        "6": 100166
    },
    "15790": {
        "0": 1,
        "1": 11,
        "2": 93,
        "3": 801,
        "4": 6935,
        "5": 27471,
        "6": 72418
    },
    "15791": {
        "0": 1,
        "1": 10,
        "2": 86,
        "3": 735,
        "4": 6313,
        "5": 21729,
        "6": 48005
    },
    "15792": {
        "0": 1,
        "1": 11,
        "2": 97,
        "3": 844,
        "4": 7297,
        "5": 29957,
        "6": 80166
    },
    "15793": {
        "0": 1,
        "1": 11,
        "2": 94,
        "3": 806,
        "4": 6942,
        "5": 27194,
        "6": 65613
    },
    "15794": {
        "0": 1,
        "1": 9,
        "2": 78,
        "3": 688,
        "4": 6083,
        "5": 21196,
        "6": 47863
    },
    "15795": {
        "0": 1,
        "1": 11,
        "2": 93,
        "3": 799,
        "4": 6914,
        "5": 27400,
        "6": 70020
    },
    "15796": {
        "0": 1,
        "1": 9,
        "2": 75,
        "3": 638,
        "4": 5459,
        "5": 14276,
        "6": 25203
    },
    "15797": {
        "0": 1,
        "1": 11,
        "2": 100,
        "3": 925,
        "4": 8531,
        "5": 45324,
        "6": 151009
    },
    "15798": {
        "0": 1,
        "1": 11,
        "2": 90,
        "3": 757,
        "4": 6441,
        "5": 22502,
        "6": 50523
    },
    "15799": {
        "0": 1,
        "1": 8,
        "2": 68,
        "3": 580,
        "4": 4951,
        "5": 9696,
        "6": 13824
    }
}