{
    "5000": {
        "0": 1,
        "1": 11,
        "2": 95,
        "3": 837,
        "4": 7334,
        "5": 31057,
        "6": 83332
    },
    "5001": {
        "0": 1,
        "1": 8,
        "2": 68,
        "3": 585,
        "4": 5110,
        "5": 11977,
        "6": 20905
    },
    "5002": {
        "0": 1,
        "1": 10,
        "2": 91,
        "3": 815,
        "4": 7281,
        "5": 32184,
        "6": 96442
    },
    "5003": {
        "0": 1,
        "1": 10,
        "2": 82,
        "3": 681,
        "4": 5677,
        "5": 14912,
        "6": 30762
    },
    "5004": {
        "0": 1,
        "1": 11,
        "2": 95,
        "3": 819,
        "4": 7111,
        "5": 29277,
        "6": 75016
    },
    "5005": {
        "0": 1,
        "1": 12,
        "2": 104,
        "3": 877,
        "4": 7393,
        "5": 29633,
        "6": 79789
    },
    "5006": {
        "0": 1,
        "1": 12,
        "2": 107,
        "3": 929,
        "4": 8075,
        "5": 37662,
        "6": 106711
    },
    "5007": {
        "0": 1,
        "1": 11,
        "2": 95,
        "3": 829,
        "4": 7236,
        "5": 30359,
        "6": 74916
    },
    "5008": {
        "0": 1,
        "1": 10,
        "2": 82,
        "3": 698,
        "4": 5996,
        "5": 19069,
        "6": 39380
    },
    "5009": {
        "0": 1,
        "1": 11,
        "2": 92,
        "3": 779,
        "4": 6658,
        "5": 24543,
        "6": 57649
    },
    "5010": {
        "0": 1,
        "1": 14,
        "2": 129,
        "3": 1115,
        "4": 9519,
        "5": 48692,
        "6": 162308
    },
    "5011": {
        "0": 1,
        "1": 10,
        "2": 88,
        "3": 757,
        "4": 6491,
        "5": 22759,
        "6": 54700
    },
    "5012": {
        "0": 1,
        "1": 11,
        "2": 93,
        "3": 802,
        "4": 6947,
        "5": 27586,
        "6": 73612
    },
    "5013": {
        "0": 1,
        "1": 11,
        "2": 97,
        "3": 853,
        "4": 7479,
        "5": 32678,
        "6": 92180
    },
    "5014": {
        "0": 1,
        "1": 10,
        "2": 86,
        "3": 745,
        "4": 6451,
        "5": 23124,
        "6": 57002
    },
    "5015": {
        "0": 1,
        "1": 13,
        "2": 116,
        "3": 1007,
        "4": 8754,
        "5": 43514,
        "6": 132711
    },
    "5016": {
        "0": 1,
        "1": 11,
        "2": 96,
        "3": 837,
        "4": 7283,
        "5": 30670,
        "6": 81380
    },
    "5017": {
        "0": 1,
        "1": 11,
        "2": 92,
        "3": 767,
        "4": 6462,
        "5": 22292,
        "6": 52478
    },
    "5018": {
        "0": 1,
        "1": 10,
        "2": 84,
        "3": 711,
        "4": 6057,
        "5": 19209,
        "6": 35397
    },
    "5019": {
        "0": 1,
        "1": 10,
        "2": 89,
        "3": 806,
        "4": 7277,
        "5": 32533,
        "6": 100496
    },
    "5020": {
        "0": 1,
        "1": 12,
        "2": 111,
        "3": 974,
        "4": 8442,
        "5": 40280,
        "6": 131044
    },
    "5021": {
        "0": 1,
        "1": 12,
        "2": 104,
        "3": 869,
        "4": 7284,
        "5": 28674,
        "6": 70944
    },
    "5022": {
        "0": 1,
        "1": 10,
        "2": 86,
        "3": 746,
        "4": 6463,
        "5": 23304,
        "6": 53219
    },
    "5023": {
        "0": 1,
        "1": 10,
        "2": 82,
        "3": 690,
        "4": 5841,
        "5": 17016,
        "6": 32313
    },
    "5024": {
        "0": 1,
        "1": 8,
        "2": 68,
        "3": 588,
        "4": 5155,
        "5": 12655,
        "6": 26400
    },
    "5025": {
        "0": 1,
        "1": 9,
        "2": 78,
        "3": 680,
        "4": 5879,
        "5": 18146,
        "6": 34802
    },
    "5026": {
        "0": 1,
        "1": 8,
        "2": 72,
        "3": 637,
        "4": 5626,
        "5": 16680,
        "6": 35904
    },
    "5027": {
        "0": 1,
        "1": 9,
        "2": 79,
        "3": 706,
        "4": 6301,
        "5": 23351,
        "6": 57993
    },
    "5028": {
        "0": 1,
        "1": 9,
        "2": 77,
        "3": 671,
        "4": 5846,
        "5": 18174,
        "6": 36959
    },
    "5029": {
        "0": 1,
        "1": 10,
        "2": 82,
        "3": 685,
        "4": 5726,
        "5": 15156,
        "6": 25064
    },
    "5030": {
        "0": 1,
        "1": 12,
        "2": 111,
        "3": 991,
        "4": 8755,
        "5": 43960,
        "6": 142244
    },
    "5031": {
        "0": 1,
        "1": 12,
        "2": 103,
        "3": 872,
        "4": 7373,
        "5": 29665,
        "6": 78666
    },
    "5032": {
        "0": 1,
        "1": 11,
        "2": 102,
        "3": 926,
        "4": 8293,
        "5": 40704,
        "6": 122049
    },
    "5033": {
        "0": 1,
        "1": 12,
        "2": 111,
        "3": 1013,
        "4": 9111,
        "5": 48454,
        "6": 170989
    },
    "5034": {
        "0": 1,
        "1": 11,
        "2": 96,
        "3": 827,
        "4": 7104,
        "5": 28342,
        "6": 77043
    },
    "5035": {
        "0": 1,
        "1": 14,
        "2": 124,
        "3": 1085,
        "4": 9446,
        "5": 49094,
        "6": 144505
    },
    "5036": {
        "0": 1,
        "1": 11,
        "2": 94,
        "3": 807,
        "4": 6976,
        "5": 27869,
        "6": 72702
    },
    "5037": {
        "0": 1,
        "1": 12,
        "2": 105,
        "3": 913,
        "4": 7928,
        "5": 36063,
        "6": 93344
    },
    "5038": {
        "0": 1,
        "1": 11,
        "2": 94,
        "3": 809,
        "4": 7008,
        "5": 28148,
        "6": 73512
    },
    "5039": {
        "0": 1,
        "1": 9,
        "2": 80,
        "3": 699,
        "4": 6098,
        "5": 20359,
        "6": 42832
    },
    "5040": {
        "0": 1,
        "1": 10,
        "2": 86,
        "3": 750,
        "4": 6564,
        "5": 24709,
        "6": 61174
    },
    "5041": {
        "0": 1,
        "1": 11,
        "2": 92,
        "3": 782,
        "4": 6678,
        "5": 24560,
        "6": 59435
    },
    "5042": {
        "0": 1,
        "1": 9,
        "2": 77,
        "3": 662,
        "4": 5713,
        "5": 16242,
        "6": 37232
    },
    "5043": {
        "0": 1,
        "1": 11,
        "2": 95,
        "3": 817,
        "4": 7029,
        "5": 27853,
        "6": 71256
    },
    "5044": {
        "0": 1,
        "1": 10,
        "2": 86,
        "3": 746,
        "4": 6545,
        "5": 24933,
        "6": 66646
    },
    "5045": {
        "0": 1,
        "1": 14,
        "2": 127,
        "3": 1080,
        "4": 9194,
        "5": 46291,
        "6": 148826
    },
    "5046": {
        "0": 1,
        "1": 11,
        "2": 96,
        "3": 832,
        "4": 7195,
        "5": 29288,
        "6": 76419
    },
    "5047": {
        "0": 1,
        "1": 13,
        "2": 113,
        "3": 977,
        "4": 8456,
        "5": 40552,
        "6": 116122
    },
    "5048": {
        "0": 1,
        "1": 13,
        "2": 117,
        "3": 999,
        "4": 8548,
        "5": 40929,
        "6": 131356
    },
    "5049": {
        "0": 1,
        "1": 12,
        "2": 104,
        "3": 892,
        "4": 7670,
        "5": 33461,
        "6": 89829
    },
    "5050": {
        "0": 1,
        "1": 10,
        "2": 82,
        "3": 677,
        "4": 5698,
        "5": 15701,
        "6": 39702
    },
    "5051": {
        "0": 1,
        "1": 11,
        "2": 92,
        "3": 798,
        "4": 7067,
        "5": 30355,
        "6": 94623
    },
    "5052": {
        "0": 1,
        "1": 12,
        "2": 105,
        "3": 896,
        "4": 7614,
        "5": 32148,
        "6": 80527
    },
    "5053": {
        "0": 1,
        "1": 10,
        "2": 86,
        "3": 721,
        "4": 6098,
        "5": 19269,
        "6": 46286
    },
    "5054": {
        "0": 1,
        "1": 10,
        "2": 85,
        "3": 737,
        "4": 6419,
        "5": 23285,
        "6": 53808
    },
    "5055": {
        "0": 1,
        "1": 13,
        "2": 124,
        "3": 1133,
        "4": 10149,
        "5": 57283,
        "6": 213614
    },
    "5056": {
        "0": 1,
        "1": 10,
        "2": 83,
        "3": 714,
        "4": 6173,
        "5": 20829,
        "6": 46474
    },
    "5057": {
        "0": 1,
        "1": 13,
        "2": 109,
        "3": 898,
        "4": 7517,
        "5": 30868,
        "6": 75935
    },
    "5058": {
        "0": 1,
        "1": 13,
        "2": 114,
        "3": 964,
        "4": 8114,
        "5": 35819,
        "6": 100536
    },
    "5059": {
        "0": 1,
        "1": 11,
        "2": 92,
        "3": 787,
        "4": 6775,
        "5": 25705,
        "6": 65323
    },
    "5060": {
        "0": 1,
        "1": 8,
        "2": 74,
        "3": 671,
        "4": 6069,
        "5": 21703,
        "6": 55668
    },
    "5061": {
        "0": 1,
        "1": 11,
        "2": 98,
        "3": 847,
        "4": 7363,
        "5": 31357,
        "6": 85319
    },
    "5062": {
        "0": 1,
        "1": 10,
        "2": 85,
        "3": 741,
        "4": 6477,
        "5": 23799,
        "6": 57591
    },
    "5063": {
        "0": 1,
        "1": 10,
        "2": 86,
        "3": 742,
        "4": 6413,
        "5": 22823,
        "6": 51722
    },
    "5064": {
        "0": 1,
        "1": 9,
        "2": 74,
        "3": 634,
        "4": 5456,
        "5": 14173,
        "6": 24016
    },
    "5065": {
        "0": 1,
        "1": 9,
        "2": 78,
        "3": 674,
        "4": 5813,
        "5": 17240,
        "6": 32285
    },
    "5066": {
        "0": 1,
        "1": 13,
        "2": 115,
        "3": 988,
        "4": 8492,
        "5": 40591,
        "6": 123862
    },
    "5067": {
        "0": 1,
        "1": 11,
        "2": 94,
        "3": 783,
        "4": 6525,
        "5": 21826,
        "6": 40485
    },
    "5068": {
        "0": 1,
        "1": 13,
        "2": 118,
        "3": 1024,
        "4": 8812,
        "5": 42965,
        "6": 127427
    },
    "5069": {
        "0": 1,
        "1": 11,
        "2": 95,
        "3": 814,
        "4": 6973,
        "5": 27025,
        "6": 63333
    },
    "5070": {
        "0": 1,
        "1": 11,
        "2": 98,
        "3": 854,
        "4": 7345,
        "5": 30089,
        "6": 77860
    },
    "5071": {
        "0": 1,
        "1": 11,
        "2": 96,
        "3": 845,
        "4": 7458,
        "5": 33146,
        "6": 94339
    },
    "5072": {
        "0": 1,
        "1": 12,
        "2": 103,
        "3": 871,
        "4": 7459,
        "5": 31723,
        "6": 85550
    },
    "5073": {
        "0": 1,
        "1": 12,
        "2": 101,
        "3": 849,
        "4": 7231,
        "5": 29433,
        "6": 77249
    },
    "5074": {
        "0": 1,
        "1": 13,
        "2": 117,
        "3": 1024,
        "4": 8918,
        "5": 44682,
        "6": 148414
    },
    "5075": {
        "0": 1,
        "1": 10,
        "2": 91,
        "3": 822,
        "4": 7407,
        "5": 33793,
        "6": 106616
    },
    "5076": {
        "0": 1,
        "1": 11,
        "2": 94,
        "3": 806,
        "4": 6918,
        "5": 26626,
        "6": 75349
    },
    "5077": {
        "0": 1,
        "1": 11,
        "2": 97,
        "3": 852,
        "4": 7447,
        "5": 32085,
        "6": 81818
    },
    "5078": {
        "0": 1,
        "1": 11,
        "2": 97,
        "3": 850,
        "4": 7422,
        "5": 31806,
        "6": 96349
    },
    "5079": {
        "0": 1,
        "1": 10,
        "2": 84,
        "3": 726,
        "4": 6331,
        "5": 22809,
        "6": 52098
    },
    "5080": {
        "0": 1,
        "1": 15,
        "2": 139,
        "3": 1179,
        "4": 9938,
        "5": 51509,
        "6": 168398
    },
    "5081": {
        "0": 1,
        "1": 10,
        "2": 86,
        "3": 751,
        "4": 6550,
        "5": 24008,
        "6": 55132
    },
    "5082": {
        "0": 1,
        "1": 11,
        "2": 96,
        "3": 831,
        "4": 7194,
        "5": 29757,
        "6": 76578
    },
    "5083": {
        "0": 1,
        "1": 12,
        "2": 104,
        "3": 898,
        "4": 7824,
        "5": 35809,
        "6": 105264
    },
    "5084": {
        "0": 1,
        "1": 12,
        "2": 100,
        "3": 851,
        "4": 7254,
        "5": 28979,
        "6": 68644
    },
    "5085": {
        "0": 1,
        "1": 9,
        "2": 77,
        "3": 679,
        "4": 5980,
        "5": 19491,
        "6": 40646
    },
    "5086": {
        "0": 1,
        "1": 11,
        "2": 94,
        "3": 787,
        "4": 6639,
        "5": 23656,
        "6": 58122
    },
    "5087": {
        "0": 1,
        "1": 10,
        "2": 91,
        "3": 805,
        "4": 7066,
        "5": 28936,
        "6": 74483
    },
    "5088": {
        "0": 1,
        "1": 11,
        "2": 96,
        "3": 836,
        "4": 7266,
        "5": 30449,
        "6": 81426
    },
    "5089": {
        "0": 1,
        "1": 13,
        "2": 115,
        "3": 981,
        "4": 8340,
        "5": 38336,
        "6": 106923
    },
    "5090": {
        "0": 1,
        "1": 13,
        "2": 121,
        "3": 1042,
        "4": 8907,
        "5": 43915,
        "6": 142565
    },
    "5091": {
        "0": 1,
        "1": 11,
        "2": 96,
        "3": 848,
        "4": 7448,
        "5": 32293,
        "6": 93823
    },
    "5092": {
        "0": 1,
        "1": 12,
        "2": 110,
        "3": 965,
        "4": 8374,
        "5": 39041,
        "6": 125051
    },
    "5093": {
        "0": 1,
        "1": 11,
        "2": 95,
        "3": 827,
        "4": 7194,
        "5": 29712,
        "6": 78958
    },
    "5094": {
        "0": 1,
        "1": 11,
        "2": 93,
        "3": 774,
        "4": 6535,
        "5": 22974,
        "6": 51449
    },
    "5095": {
        "0": 1,
        "1": 9,
        "2": 79,
        "3": 690,
        "4": 6034,
        "5": 19963,
        "6": 44486
    },
    "5096": {
        "0": 1,
        "1": 12,
        "2": 106,
        "3": 917,
        "4": 7898,
        "5": 35382,
        "6": 101521
    },
    "5097": {
        "0": 1,
        "1": 10,
        "2": 93,
        "3": 824,
        "4": 7221,
        "5": 30259,
        "6": 84441
    },
    "5098": {
        "0": 1,
        "1": 10,
        "2": 89,
        "3": 779,
        "4": 6799,
        "5": 26697,
        "6": 68849
    },
    "5099": {
        "0": 1,
        "1": 10,
        "2": 81,
        "3": 682,
        "4": 5834,
        "5": 17569,
        "6": 35241
    }
}