{
    "14100": {
        "0": 1,
        "1": 9,
        "2": 76,
        "3": 650,
        "4": 5545,
        "5": 14535,
        "6": 27104
    },
    "14101": {
        "0": 1,
        "1": 10,
        "2": 86,
        "3": 754,
        "4": 6596,
        "5": 24943,
        "6": 60935
    },
    "14102": {
        "0": 1,
        "1": 10,
        "2": 83,
        "3": 708,
        "4": 6070,
        "5": 19588,
        "6": 39683
    },
    "14103": {
        "0": 1,
        "1": 11,
        "2": 92,
        "3": 781,
        "4": 6681,
        "5": 24733,
        "6": 58452
    },
    "14104": {
        "0": 1,
        "1": 11,
        "2": 90,
        "3": 766,
        "4": 6593,
        "5": 23936,
        "6": 50747
    },
    "14105": {
        "0": 1,
        "1": 13,
        "2": 113,
        "3": 935,
        "4": 7747,
        "5": 31990,
        "6": 80219
    },
    "14106": {
        "0": 1,
        "1": 11,
        "2": 96,
        "3": 840,
        "4": 7313,
        "5": 30577,
        "6": 85411
    },
    "14107": {
        "0": 1,
        "1": 9,
        "2": 75,
        "3": 635,
        "4": 5402,
        "5": 13146,
        "6": 22070
    },
    "14108": {
        "0": 1,
        "1": 12,
        "2": 100,
        "3": 853,
        "4": 7343,
        "5": 30475,
        "6": 79590
    },
    "14109": {
        "0": 1,
        "1": 14,
        "2": 128,
        "3": 1094,
        "4": 9249,
        "5": 45126,
        "6": 132402
    },
    "14110": {
        "0": 1,
        "1": 10,
        "2": 87,
        "3": 751,
        "4": 6489,
        "5": 23144,
        "6": 52408
    },
    "14111": {
        "0": 1,
        "1": 12,
        "2": 105,
        "3": 904,
        "4": 7740,
        "5": 33466,
        "6": 93691
    },
    "14112": {
        "0": 1,
        "1": 11,
        "2": 92,
        "3": 785,
        "4": 6780,
        "5": 25964,
        "6": 61881
    },
    "14113": {
        "0": 1,
        "1": 10,
        "2": 83,
        "3": 698,
        "4": 5941,
        "5": 18042,
        "6": 34191
    },
    "14114": {
        "0": 1,
        "1": 11,
        "2": 89,
        "3": 742,
        "4": 6277,
        "5": 20680,
        "6": 42533
    },
    "14115": {
        "0": 1,
        "1": 10,
        "2": 87,
        "3": 755,
        "4": 6580,
        "5": 24731,
        "6": 61279
    },
    "14116": {
        "0": 1,
        "1": 11,
        "2": 96,
        "3": 831,
        "4": 7175,
        "5": 29275,
        "6": 75903
    },
    "14117": {
        "0": 1,
        "1": 10,
        "2": 88,
        "3": 781,
        "4": 6902,
        "5": 28068,
        "6": 75321
    },
    "14118": {
        "0": 1,
        "1": 10,
        "2": 83,
        "3": 702,
        "4": 6018,
        "5": 19213,
        "6": 40816
    },
    "14119": {
        "0": 1,
        "1": 11,
        "2": 95,
        "3": 819,
        "4": 7067,
        "5": 28426,
        "6": 75975
    },
    "14120": {
        "0": 1,
        "1": 12,
        "2": 110,
        "3": 975,
        "4": 8607,
        "5": 43431,
        "6": 136835
    },
    "14121": {
        "0": 1,
        "1": 10,
        "2": 85,
        "3": 749,
        "4": 6555,
        "5": 24522,
        "6": 53687
    },
    "14122": {
        "0": 1,
        "1": 9,
        "2": 77,
        "3": 657,
        "4": 5642,
        "5": 15866,
        "6": 32138
    },
    "14123": {
        "0": 1,
        "1": 10,
        "2": 84,
        "3": 727,
        "4": 6281,
        "5": 21714,
        "6": 48792
    },
    "14124": {
        "0": 1,
        "1": 11,
        "2": 90,
        "3": 759,
        "4": 6491,
        "5": 22838,
        "6": 48689
    },
    "14125": {
        "0": 1,
        "1": 10,
        "2": 86,
        "3": 747,
        "4": 6514,
        "5": 24326,
        "6": 63203
    },
    "14126": {
        "0": 1,
        "1": 9,
        "2": 82,
        "3": 734,
        "4": 6524,
        "5": 25035,
        "6": 63986
    },
    "14127": {
        "0": 1,
        "1": 10,
        "2": 84,
        "3": 718,
        "4": 6180,
        "5": 20407,
        "6": 43063
    },
    "14128": {
        "0": 1,
        "1": 9,
        "2": 80,
        "3": 710,
        "4": 6311,
        "5": 23311,
        "6": 53911
    },
    "14129": {
        "0": 1,
        "1": 9,
        "2": 80,
        "3": 709,
        "4": 6273,
        "5": 22516,
        "6": 55386
    },
    "14130": {
        "0": 1,
        "1": 12,
        "2": 105,
        "3": 906,
        "4": 7843,
        "5": 35021,
        "6": 100242
    },
    "14131": {
        "0": 1,
        "1": 10,
        "2": 86,
        "3": 742,
        "4": 6435,
        "5": 23028,
        "6": 50305
    },
    "14132": {
        "0": 1,
        "1": 10,
        "2": 86,
        "3": 755,
        "4": 6657,
        "5": 26096,
        "6": 71767
    },
    "14133": {
        "0": 1,
        "1": 10,
        "2": 88,
        "3": 779,
        "4": 6862,
        "5": 27600,
        "6": 81207
    },
    "14134": {
        "0": 1,
        "1": 10,
        "2": 88,
        "3": 788,
        "4": 7030,
        "5": 29712,
        "6": 77750
    },
    "14135": {
        "0": 1,
        "1": 11,
        "2": 93,
        "3": 787,
        "4": 6696,
        "5": 24592,
        "6": 56772
    },
    "14136": {
        "0": 1,
        "1": 10,
        "2": 89,
        "3": 792,
        "4": 7067,
        "5": 30538,
        "6": 84364
    },
    "14137": {
        "0": 1,
        "1": 12,
        "2": 109,
        "3": 956,
        "4": 8320,
        "5": 39554,
        "6": 120249
    },
    "14138": {
        "0": 1,
        "1": 11,
        "2": 98,
        "3": 841,
        "4": 7230,
        "5": 29138,
        "6": 77596
    },
    "14139": {
        "0": 1,
        "1": 10,
        "2": 84,
        "3": 717,
        "4": 6120,
        "5": 19455,
        "6": 40773
    },
    "14140": {
        "0": 1,
        "1": 10,
        "2": 87,
        "3": 748,
        "4": 6444,
        "5": 22873,
        "6": 49073
    },
    "14141": {
        "0": 1,
        "1": 11,
        "2": 91,
        "3": 766,
        "4": 6506,
        "5": 22642,
        "6": 53826
    },
    "14142": {
        "0": 1,
        "1": 11,
        "2": 96,
        "3": 821,
        "4": 7045,
        "5": 28039,
        "6": 72643
    },
    "14143": {
        "0": 1,
        "1": 9,
        "2": 76,
        "3": 656,
        "4": 5672,
        "5": 16493,
        "6": 29491
    },
    "14144": {
        "0": 1,
        "1": 11,
        "2": 96,
        "3": 820,
        "4": 6969,
        "5": 26645,
        "6": 67727
    },
    "14145": {
        "0": 1,
        "1": 11,
        "2": 90,
        "3": 753,
        "4": 6335,
        "5": 20838,
        "6": 40124
    },
    "14146": {
        "0": 1,
        "1": 10,
        "2": 84,
        "3": 721,
        "4": 6223,
        "5": 21146,
        "6": 50536
    },
    "14147": {
        "0": 1,
        "1": 12,
        "2": 102,
        "3": 854,
        "4": 7144,
        "5": 27539,
        "6": 62422
    },
    "14148": {
        "0": 1,
        "1": 9,
        "2": 76,
        "3": 657,
        "4": 5704,
        "5": 16772,
        "6": 33704
    },
    "14149": {
        "0": 1,
        "1": 13,
        "2": 114,
        "3": 973,
        "4": 8318,
        "5": 38907,
        "6": 113453
    },
    "14150": {
        "0": 1,
        "1": 11,
        "2": 96,
        "3": 834,
        "4": 7228,
        "5": 29887,
        "6": 91221
    },
    "14151": {
        "0": 1,
        "1": 12,
        "2": 104,
        "3": 886,
        "4": 7554,
        "5": 31857,
        "6": 80423
    },
    "14152": {
        "0": 1,
        "1": 12,
        "2": 104,
        "3": 898,
        "4": 7815,
        "5": 35594,
        "6": 108137
    },
    "14153": {
        "0": 1,
        "1": 9,
        "2": 75,
        "3": 638,
        "4": 5458,
        "5": 14119,
        "6": 23704
    },
    "14154": {
        "0": 1,
        "1": 12,
        "2": 101,
        "3": 855,
        "4": 7335,
        "5": 30639,
        "6": 80218
    },
    "14155": {
        "0": 1,
        "1": 10,
        "2": 84,
        "3": 713,
        "4": 6060,
        "5": 19063,
        "6": 39826
    },
    "14156": {
        "0": 1,
        "1": 9,
        "2": 82,
        "3": 742,
        "4": 6669,
        "5": 26432,
        "6": 74687
    },
    "14157": {
        "0": 1,
        "1": 9,
        "2": 77,
        "3": 684,
        "4": 6069,
        "5": 20482,
        "6": 47739
    },
    "14158": {
        "0": 1,
        "1": 11,
        "2": 96,
        "3": 840,
        "4": 7308,
        "5": 30628,
        "6": 87084
    },
    "14159": {
        "0": 1,
        "1": 10,
        "2": 84,
        "3": 722,
        "4": 6216,
        "5": 20689,
        "6": 39838
    },
    "14160": {
        "0": 1,
        "1": 12,
        "2": 104,
        "3": 884,
        "4": 7557,
        "5": 32267,
        "6": 87878
    },
    "14161": {
        "0": 1,
        "1": 12,
        "2": 108,
        "3": 950,
        "4": 8328,
        "5": 39839,
        "6": 126060
    },
    "14162": {
        "0": 1,
        "1": 12,
        "2": 104,
        "3": 895,
        "4": 7715,
        "5": 34041,
        "6": 86947
    },
    "14163": {
        "0": 1,
        "1": 14,
        "2": 126,
        "3": 1054,
        "4": 8755,
        "5": 40231,
        "6": 116339
    },
    "14164": {
        "0": 1,
        "1": 11,
        "2": 95,
        "3": 829,
        "4": 7242,
        "5": 30675,
        "6": 84438
    },
    "14165": {
        "0": 1,
        "1": 9,
        "2": 76,
        "3": 651,
        "4": 5634,
        "5": 16289,
        "6": 36911
    },
    "14166": {
        "0": 1,
        "1": 10,
        "2": 84,
        "3": 726,
        "4": 6320,
        "5": 22538,
        "6": 53930
    },
    "14167": {
        "0": 1,
        "1": 9,
        "2": 77,
        "3": 677,
        "4": 5924,
        "5": 19022,
        "6": 44413
    },
    "14168": {
        "0": 1,
        "1": 11,
        "2": 97,
        "3": 822,
        "4": 6973,
        "5": 26678,
        "6": 65252
    },
    "14169": {
        "0": 1,
        "1": 14,
        "2": 128,
        "3": 1091,
        "4": 9196,
        "5": 44788,
        "6": 135054
    },
    "14170": {
        "0": 1,
        "1": 11,
        "2": 96,
        "3": 848,
        "4": 7469,
        "5": 32693,
        "6": 93670
    },
    "14171": {
        "0": 1,
        "1": 11,
        "2": 97,
        "3": 873,
        "4": 7772,
        "5": 35967,
        "6": 103322
    },
    "14172": {
        "0": 1,
        "1": 12,
        "2": 105,
        "3": 895,
        "4": 7619,
        "5": 32338,
        "6": 86898
    },
    "14173": {
        "0": 1,
        "1": 14,
        "2": 123,
        "3": 1033,
        "4": 8696,
        "5": 41027,
        "6": 122912
    },
    "14174": {
        "0": 1,
        "1": 14,
        "2": 132,
        "3": 1158,
        "4": 9969,
        "5": 52960,
        "6": 178151
    },
    "14175": {
        "0": 1,
        "1": 8,
        "2": 71,
        "3": 622,
        "4": 5487,
        "5": 15824,
        "6": 31249
    },
    "14176": {
        "0": 1,
        "1": 12,
        "2": 106,
        "3": 939,
        "4": 8301,
        "5": 40472,
        "6": 127089
    },
    "14177": {
        "0": 1,
        "1": 11,
        "2": 93,
        "3": 790,
        "4": 6773,
        "5": 25712,
        "6": 63969
    },
    "14178": {
        "0": 1,
        "1": 14,
        "2": 118,
        "3": 959,
        "4": 7922,
        "5": 33469,
        "6": 80474
    },
    "14179": {
        "0": 1,
        "1": 11,
        "2": 92,
        "3": 772,
        "4": 6504,
        "5": 22342,
        "6": 52442
    },
    "14180": {
        "0": 1,
        "1": 13,
        "2": 117,
        "3": 1012,
        "4": 8666,
        "5": 41581,
        "6": 131920
    },
    "14181": {
        "0": 1,
        "1": 10,
        "2": 84,
        "3": 730,
        "4": 6383,
        "5": 23156,
        "6": 54528
    },
    "14182": {
        "0": 1,
        "1": 11,
        "2": 94,
        "3": 806,
        "4": 6910,
        "5": 26599,
        "6": 62111
    },
    "14183": {
        "0": 1,
        "1": 10,
        "2": 88,
        "3": 768,
        "4": 6724,
        "5": 26120,
        "6": 65000
    },
    "14184": {
        "0": 1,
        "1": 11,
        "2": 92,
        "3": 787,
        "4": 6782,
        "5": 25955,
        "6": 52859
    },
    "14185": {
        "0": 1,
        "1": 11,
        "2": 103,
        "3": 922,
        "4": 8161,
        "5": 38990,
        "6": 118636
    },
    "14186": {
        "0": 1,
        "1": 10,
        "2": 86,
        "3": 744,
        "4": 6477,
        "5": 23852,
        "6": 60538
    },
    "14187": {
        "0": 1,
        "1": 11,
        "2": 97,
        "3": 836,
        "4": 7171,
        "5": 28741,
        "6": 75703
    },
    "14188": {
        "0": 1,
        "1": 11,
        "2": 92,
        "3": 786,
        "4": 6714,
        "5": 24540,
        "6": 53021
    },
    "14189": {
        "0": 1,
        "1": 11,
        "2": 97,
        "3": 838,
        "4": 7257,
        "5": 30223,
        "6": 72119
    },
    "14190": {
        "0": 1,
        "1": 11,
        "2": 95,
        "3": 826,
        "4": 7221,
        "5": 30339,
        "6": 85205
    },
    "14191": {
        "0": 1,
        "1": 11,
        "2": 98,
        "3": 868,
        "4": 7644,
        "5": 34502,
        "6": 102574
    },
    "14192": {
        "0": 1,
        "1": 12,
        "2": 104,
        "3": 889,
        "4": 7612,
        "5": 32737,
        "6": 94428
    },
    "14193": {
        "0": 1,
        "1": 9,
        "2": 76,
        "3": 659,
        "4": 5741,
        "5": 17448,
        "6": 42424
    },
    "14194": {
        "0": 1,
        "1": 13,
        "2": 114,
        "3": 977,
        "4": 8441,
        "5": 40794,
        "6": 120918
    },
    "14195": {
        "0": 1,
        "1": 14,
        "2": 119,
        "3": 965,
        "4": 7936,
        "5": 33212,
        "6": 86650
    },
    "14196": {
        "0": 1,
        "1": 11,
        "2": 95,
        "3": 810,
        "4": 6932,
        "5": 26721,
        "6": 69424
    },
    "14197": {
        "0": 1,
        "1": 10,
        "2": 89,
        "3": 774,
        "4": 6785,
        "5": 26915,
        "6": 70290
    },
    "14198": {
        "0": 1,
        "1": 11,
        "2": 97,
        "3": 840,
        "4": 7299,
        "5": 30331,
        "6": 81218
    },
    "14199": {
        "0": 1,
        "1": 12,
        "2": 109,
        "3": 972,
        "4": 8625,
        "5": 43418,
        "6": 145202
    }
}