{
    "16300": {
        "0": 1,
        "1": 11,
        "2": 98,
        "3": 855,
        "4": 7498,
        "5": 33091,
        "6": 95049
    },
    "16301": {
        "0": 1,
        "1": 9,
        "2": 78,
        "3": 670,
        "4": 5788,
        "5": 17448,
        "6": 33048
    },
    "16302": {
        "0": 1,
        "1": 10,
        "2": 81,
        "3": 675,
        "4": 5687,
        "5": 15562,
        "6": 28945
    },
    "16303": {
        "0": 1,
        "1": 10,
        "2": 84,
        "3": 716,
        "4": 6116,
        "5": 19689,
        "6": 44779
    },
    "16304": {
        "0": 1,
        "1": 10,
        "2": 82,
        "3": 696,
        "4": 5961,
        "5": 18661,
        "6": 40076
    },
    "16305": {
        "0": 1,
        "1": 10,
        "2": 84,
        "3": 704,
        "4": 5957,
        "5": 18019,
        "6": 38574
    },
    "16306": {
        "0": 1,
        "1": 10,
        "2": 86,
        "3": 746,
        "4": 6468,
        "5": 23402,
        "6": 55838
    },
    "16307": {
        "0": 1,
        "1": 13,
        "2": 119,
        "3": 1054,
        "4": 9270,
        "5": 48450,
        "6": 163862
    },
    "16308": {
        "0": 1,
        "1": 12,
        "2": 104,
        "3": 895,
        "4": 7749,
        "5": 34551,
        "6": 92267
    },
    "16309": {
        "0": 1,
        "1": 9,
        "2": 73,
        "3": 609,
        "4": 5129,
        "5": 10567,
        "6": 14030
    },
    "16310": {
        "0": 1,
        "1": 11,
        "2": 96,
        "3": 830,
        "4": 7171,
        "5": 29127,
        "6": 72754
    },
    "16311": {
        "0": 1,
        "1": 12,
        "2": 106,
        "3": 904,
        "4": 7699,
        "5": 33201,
        "6": 89585
    },
    "16312": {
        "0": 1,
        "1": 10,
        "2": 86,
        "3": 739,
        "4": 6379,
        "5": 22710,
        "6": 54359
    },
    "16313": {
        "0": 1,
        "1": 14,
        "2": 129,
        "3": 1116,
        "4": 9580,
        "5": 49889,
        "6": 168633
    },
    "16314": {
        "0": 1,
        "1": 12,
        "2": 100,
        "3": 842,
        "4": 7159,
        "5": 28341,
        "6": 71782
    },
    "16315": {
        "0": 1,
        "1": 11,
        "2": 93,
        "3": 790,
        "4": 6749,
        "5": 24991,
        "6": 58097
    },
    "16316": {
        "0": 1,
        "1": 10,
        "2": 85,
        "3": 733,
        "4": 6359,
        "5": 22617,
        "6": 48162
    },
    "16317": {
        "0": 1,
        "1": 11,
        "2": 96,
        "3": 834,
        "4": 7252,
        "5": 30374,
        "6": 84071
    },
    "16318": {
        "0": 1,
        "1": 12,
        "2": 106,
        "3": 895,
        "4": 7531,
        "5": 30893,
        "6": 74257
    },
    "16319": {
        "0": 1,
        "1": 9,
        "2": 73,
        "3": 609,
        "4": 5134,
        "5": 10928,
        "6": 16528
    },
    "16320": {
        "0": 1,
        "1": 11,
        "2": 99,
        "3": 868,
        "4": 7582,
        "5": 32987,
        "6": 95104
    },
    "16321": {
        "0": 1,
        "1": 10,
        "2": 81,
        "3": 678,
        "4": 5741,
        "5": 16168,
        "6": 27572
    },
    "16322": {
        "0": 1,
        "1": 10,
        "2": 83,
        "3": 723,
        "4": 6290,
        "5": 21532,
        "6": 43321
    },
    "16323": {
        "0": 1,
        "1": 13,
        "2": 112,
        "3": 946,
        "4": 8028,
        "5": 35785,
        "6": 92631
    },
    "16324": {
        "0": 1,
        "1": 10,
        "2": 85,
        "3": 721,
        "4": 6123,
        "5": 19532,
        "6": 44165
    },
    "16325": {
        "0": 1,
        "1": 14,
        "2": 132,
        "3": 1162,
        "4": 10090,
        "5": 54897,
        "6": 194555
    },
    "16326": {
        "0": 1,
        "1": 10,
        "2": 84,
        "3": 730,
        "4": 6375,
        "5": 23017,
        "6": 57988
    },
    "16327": {
        "0": 1,
        "1": 11,
        "2": 97,
        "3": 852,
        "4": 7452,
        "5": 32411,
        "6": 93951
    },
    "16328": {
        "0": 1,
        "1": 14,
        "2": 126,
        "3": 1077,
        "4": 9228,
        "5": 47115,
        "6": 151385
    },
    "16329": {
        "0": 1,
        "1": 11,
        "2": 94,
        "3": 797,
        "4": 6815,
        "5": 25936,
        "6": 62322
    },
    "16330": {
        "0": 1,
        "1": 12,
        "2": 103,
        "3": 869,
        "4": 7360,
        "5": 29854,
        "6": 80289
    },
    "16331": {
        "0": 1,
        "1": 10,
        "2": 88,
        "3": 776,
        "4": 6877,
        "5": 28096,
        "6": 77780
    },
    "16332": {
        "0": 1,
        "1": 11,
        "2": 88,
        "3": 734,
        "4": 6216,
        "5": 19915,
        "6": 43344
    },
    "16333": {
        "0": 1,
        "1": 10,
        "2": 86,
        "3": 751,
        "4": 6518,
        "5": 23716,
        "6": 55286
    },
    "16334": {
        "0": 1,
        "1": 10,
        "2": 87,
        "3": 752,
        "4": 6517,
        "5": 23979,
        "6": 58542
    },
    "16335": {
        "0": 1,
        "1": 10,
        "2": 88,
        "3": 788,
        "4": 6984,
        "5": 28541,
        "6": 72441
    },
    "16336": {
        "0": 1,
        "1": 12,
        "2": 111,
        "3": 995,
        "4": 8808,
        "5": 44680,
        "6": 138470
    },
    "16337": {
        "0": 1,
        "1": 10,
        "2": 85,
        "3": 726,
        "4": 6236,
        "5": 21049,
        "6": 39873
    },
    "16338": {
        "0": 1,
        "1": 14,
        "2": 122,
        "3": 1013,
        "4": 8464,
        "5": 38854,
        "6": 122920
    },
    "16339": {
        "0": 1,
        "1": 10,
        "2": 84,
        "3": 721,
        "4": 6218,
        "5": 20994,
        "6": 43723
    },
    "16340": {
        "0": 1,
        "1": 11,
        "2": 94,
        "3": 808,
        "4": 6963,
        "5": 27328,
        "6": 66412
    },
    "16341": {
        "0": 1,
        "1": 10,
        "2": 89,
        "3": 792,
        "4": 7069,
        "5": 30437,
        "6": 82568
    },
    "16342": {
        "0": 1,
        "1": 11,
        "2": 96,
        "3": 828,
        "4": 7108,
        "5": 28295,
        "6": 76602
    },
    "16343": {
        "0": 1,
        "1": 9,
        "2": 76,
        "3": 665,
        "4": 5855,
        "5": 18942,
        "6": 40644
    },
    "16344": {
        "0": 1,
        "1": 14,
        "2": 127,
        "3": 1104,
        "4": 9567,
        "5": 50335,
        "6": 166922
    },
    "16345": {
        "0": 1,
        "1": 12,
        "2": 107,
        "3": 923,
        "4": 7937,
        "5": 35528,
        "6": 102859
    },
    "16346": {
        "0": 1,
        "1": 10,
        "2": 84,
        "3": 729,
        "4": 6352,
        "5": 22742,
        "6": 54305
    },
    "16347": {
        "0": 1,
        "1": 12,
        "2": 101,
        "3": 849,
        "4": 7221,
        "5": 29113,
        "6": 69719
    },
    "16348": {
        "0": 1,
        "1": 9,
        "2": 75,
        "3": 648,
        "4": 5647,
        "5": 16666,
        "6": 35523
    },
    "16349": {
        "0": 1,
        "1": 10,
        "2": 86,
        "3": 747,
        "4": 6467,
        "5": 23201,
        "6": 53435
    },
    "16350": {
        "0": 1,
        "1": 12,
        "2": 106,
        "3": 910,
        "4": 7786,
        "5": 33568,
        "6": 83153
    },
    "16351": {
        "0": 1,
        "1": 10,
        "2": 89,
        "3": 782,
        "4": 6852,
        "5": 27288,
        "6": 74686
    },
    "16352": {
        "0": 1,
        "1": 11,
        "2": 89,
        "3": 753,
        "4": 6415,
        "5": 22203,
        "6": 44642
    },
    "16353": {
        "0": 1,
        "1": 12,
        "2": 105,
        "3": 915,
        "4": 7925,
        "5": 35881,
        "6": 97922
    },
    "16354": {
        "0": 1,
        "1": 11,
        "2": 98,
        "3": 864,
        "4": 7528,
        "5": 32723,
        "6": 92780
    },
    "16355": {
        "0": 1,
        "1": 10,
        "2": 87,
        "3": 770,
        "4": 6771,
        "5": 26617,
        "6": 66077
    },
    "16356": {
        "0": 1,
        "1": 11,
        "2": 95,
        "3": 812,
        "4": 7009,
        "5": 28375,
        "6": 72731
    },
    "16357": {
        "0": 1,
        "1": 13,
        "2": 116,
        "3": 1008,
        "4": 8748,
        "5": 43122,
        "6": 129733
    },
    "16358": {
        "0": 1,
        "1": 12,
        "2": 106,
        "3": 908,
        "4": 7748,
        "5": 33470,
        "6": 99279
    },
    "16359": {
        "0": 1,
        "1": 13,
        "2": 114,
        "3": 977,
        "4": 8404,
        "5": 39834,
        "6": 117912
    },
    "16360": {
        "0": 1,
        "1": 11,
        "2": 98,
        "3": 891,
        "4": 8066,
        "5": 39387,
        "6": 118040
    },
    "16361": {
        "0": 1,
        "1": 10,
        "2": 82,
        "3": 695,
        "4": 5927,
        "5": 17991,
        "6": 40843
    },
    "16362": {
        "0": 1,
        "1": 11,
        "2": 91,
        "3": 766,
        "4": 6449,
        "5": 21642,
        "6": 43085
    },
    "16363": {
        "0": 1,
        "1": 10,
        "2": 85,
        "3": 742,
        "4": 6496,
        "5": 24222,
        "6": 56238
    },
    "16364": {
        "0": 1,
        "1": 11,
        "2": 99,
        "3": 881,
        "4": 7811,
        "5": 36402,
        "6": 105652
    },
    "16365": {
        "0": 1,
        "1": 12,
        "2": 108,
        "3": 957,
        "4": 8446,
        "5": 41465,
        "6": 131587
    },
    "16366": {
        "0": 1,
        "1": 15,
        "2": 136,
        "3": 1146,
        "4": 9636,
        "5": 48731,
        "6": 146923
    },
    "16367": {
        "0": 1,
        "1": 13,
        "2": 122,
        "3": 1072,
        "4": 9296,
        "5": 47718,
        "6": 156888
    },
    "16368": {
        "0": 1,
        "1": 12,
        "2": 101,
        "3": 849,
        "4": 7186,
        "5": 28159,
        "6": 66474
    },
    "16369": {
        "0": 1,
        "1": 12,
        "2": 110,
        "3": 995,
        "4": 8949,
        "5": 46916,
        "6": 158481
    },
    "16370": {
        "0": 1,
        "1": 11,
        "2": 100,
        "3": 874,
        "4": 7543,
        "5": 32139,
        "6": 92706
    },
    "16371": {
        "0": 1,
        "1": 9,
        "2": 74,
        "3": 632,
        "4": 5429,
        "5": 13749,
        "6": 26166
    },
    "16372": {
        "0": 1,
        "1": 13,
        "2": 122,
        "3": 1082,
        "4": 9469,
        "5": 49770,
        "6": 167915
    },
    "16373": {
        "0": 1,
        "1": 9,
        "2": 77,
        "3": 661,
        "4": 5728,
        "5": 17164,
        "6": 33728
    },
    "16374": {
        "0": 1,
        "1": 9,
        "2": 77,
        "3": 657,
        "4": 5646,
        "5": 15930,
        "6": 33578
    },
    "16375": {
        "0": 1,
        "1": 12,
        "2": 104,
        "3": 887,
        "4": 7630,
        "5": 33059,
        "6": 92608
    },
    "16376": {
        "0": 1,
        "1": 9,
        "2": 77,
        "3": 667,
        "4": 5787,
        "5": 17617,
        "6": 42407
    },
    "16377": {
        "0": 1,
        "1": 10,
        "2": 88,
        "3": 778,
        "4": 6816,
        "5": 26349,
        "6": 68101
    },
    "16378": {
        "0": 1,
        "1": 12,
        "2": 107,
        "3": 918,
        "4": 7856,
        "5": 34419,
        "6": 97264
    },
    "16379": {
        "0": 1,
        "1": 10,
        "2": 90,
        "3": 811,
        "4": 7204,
        "5": 30888,
        "6": 79765
    },
    "16380": {
        "0": 1,
        "1": 10,
        "2": 88,
        "3": 766,
        "4": 6707,
        "5": 26070,
        "6": 64580
    },
    "16381": {
        "0": 1,
        "1": 12,
        "2": 104,
        "3": 887,
        "4": 7609,
        "5": 33050,
        "6": 92147
    },
    "16382": {
        "0": 1,
        "1": 9,
        "2": 80,
        "3": 699,
        "4": 6105,
        "5": 20640,
        "6": 44967
    },
    "16383": {
        "0": 1,
        "1": 10,
        "2": 84,
        "3": 714,
        "4": 6105,
        "5": 19829,
        "6": 39375
    },
    "16384": {
        "0": 1,
        "1": 10,
        "2": 83,
        "3": 708,
        "4": 6105,
        "5": 20374,
        "6": 48100
    },
    "16385": {
        "0": 1,
        "1": 11,
        "2": 97,
        "3": 850,
        "4": 7430,
        "5": 32332,
        "6": 88806
    },
    "16386": {
        "0": 1,
        "1": 10,
        "2": 81,
        "3": 678,
        "4": 5740,
        "5": 16244,
        "6": 28581
    },
    "16387": {
        "0": 1,
        "1": 11,
        "2": 94,
        "3": 818,
        "4": 7097,
        "5": 28501,
        "6": 71683
    },
    "16388": {
        "0": 1,
        "1": 11,
        "2": 96,
        "3": 836,
        "4": 7298,
        "5": 31111,
        "6": 87736
    },
    "16389": {
        "0": 1,
        "1": 10,
        "2": 87,
        "3": 757,
        "4": 6604,
        "5": 24812,
        "6": 65282
    },
    "16390": {
        "0": 1,
        "1": 9,
        "2": 80,
        "3": 723,
        "4": 6488,
        "5": 25131,
        "6": 64702
    },
    "16391": {
        "0": 1,
        "1": 9,
        "2": 75,
        "3": 643,
        "4": 5550,
        "5": 15267,
        "6": 26872
    },
    "16392": {
        "0": 1,
        "1": 13,
        "2": 113,
        "3": 958,
        "4": 8147,
        "5": 37080,
        "6": 107418
    },
    "16393": {
        "0": 1,
        "1": 12,
        "2": 101,
        "3": 857,
        "4": 7339,
        "5": 30348,
        "6": 74179
    },
    "16394": {
        "0": 1,
        "1": 12,
        "2": 101,
        "3": 851,
        "4": 7205,
        "5": 28451,
        "6": 69589
    },
    "16395": {
        "0": 1,
        "1": 11,
        "2": 94,
        "3": 819,
        "4": 7148,
        "5": 28997,
        "6": 73944
    },
    "16396": {
        "0": 1,
        "1": 12,
        "2": 111,
        "3": 974,
        "4": 8458,
        "5": 40898,
        "6": 127181
    },
    "16397": {
        "0": 1,
        "1": 15,
        "2": 134,
        "3": 1142,
        "4": 9731,
        "5": 50012,
        "6": 147592
    },
    "16398": {
        "0": 1,
        "1": 13,
        "2": 120,
        "3": 1052,
        "4": 9153,
        "5": 46772,
        "6": 152453
    },
    "16399": {
        "0": 1,
        "1": 13,
        "2": 114,
        "3": 975,
        "4": 8328,
        "5": 38639,
        "6": 103584
    }
}