{
    "23000": {
        "0": 1,
        "1": 8,
        "2": 70,
        "3": 609,
        "4": 5320,
        "5": 13828,
        "6": 25837
    },
    "23001": {
        "0": 1,
        "1": 11,
        "2": 99,
        "3": 888,
        "4": 7938,
        "5": 37878,
        "6": 115455
    },
    "23002": {
        "0": 1,
        "1": 13,
        "2": 108,
        "3": 907,
        "4": 7757,
        "5": 33681,
        "6": 86955
    },
    "23003": {
        "0": 1,
        "1": 11,
        "2": 93,
        "3": 780,
        "4": 6571,
        "5": 23071,
        "6": 51841
    },
    "23004": {
        "0": 1,
        "1": 10,
        "2": 87,
        "3": 775,
        "4": 6836,
        "5": 27242,
        "6": 76135
    },
    "23005": {
        "0": 1,
        "1": 9,
        "2": 79,
        "3": 683,
        "4": 5960,
        "5": 19431,
        "6": 41639
    },
    "23006": {
        "0": 1,
        "1": 11,
        "2": 95,
        "3": 791,
        "4": 6600,
        "5": 22614,
        "6": 48377
    },
    "23007": {
        "0": 1,
        "1": 11,
        "2": 95,
        "3": 828,
        "4": 7237,
        "5": 30759,
        "6": 85863
    },
    "23008": {
        "0": 1,
        "1": 10,
        "2": 87,
        "3": 764,
        "4": 6661,
        "5": 24823,
        "6": 63454
    },
    "23009": {
        "0": 1,
        "1": 11,
        "2": 93,
        "3": 790,
        "4": 6774,
        "5": 25832,
        "6": 64623
    },
    "23010": {
        "0": 1,
        "1": 10,
        "2": 88,
        "3": 776,
        "4": 6804,
        "5": 26704,
        "6": 62139
    },
    "23011": {
        "0": 1,
        "1": 11,
        "2": 99,
        "3": 859,
        "4": 7520,
        "5": 33115,
        "6": 92063
    },
    "23012": {
        "0": 1,
        "1": 11,
        "2": 96,
        "3": 845,
        "4": 7426,
        "5": 32043,
        "6": 79808
    },
    "23013": {
        "0": 1,
        "1": 9,
        "2": 80,
        "3": 705,
        "4": 6206,
        "5": 21759,
        "6": 51071
    },
    "23014": {
        "0": 1,
        "1": 10,
        "2": 81,
        "3": 668,
        "4": 5584,
        "5": 14370,
        "6": 20828
    },
    "23015": {
        "0": 1,
        "1": 9,
        "2": 77,
        "3": 675,
        "4": 5977,
        "5": 20619,
        "6": 43384
    },
    "23016": {
        "0": 1,
        "1": 10,
        "2": 90,
        "3": 786,
        "4": 6817,
        "5": 26276,
        "6": 70504
    },
    "23017": {
        "0": 1,
        "1": 11,
        "2": 89,
        "3": 734,
        "4": 6142,
        "5": 19170,
        "6": 41318
    },
    "23018": {
        "0": 1,
        "1": 10,
        "2": 88,
        "3": 761,
        "4": 6557,
        "5": 23858,
        "6": 58933
    },
    "23019": {
        "0": 1,
        "1": 10,
        "2": 90,
        "3": 775,
        "4": 6651,
        "5": 24401,
        "6": 60732
    },
    "23020": {
        "0": 1,
        "1": 10,
        "2": 89,
        "3": 791,
        "4": 7040,
        "5": 29925,
        "6": 81292
    },
    "23021": {
        "0": 1,
        "1": 12,
        "2": 107,
        "3": 970,
        "4": 8716,
        "5": 44903,
        "6": 143545
    },
    "23022": {
        "0": 1,
        "1": 11,
        "2": 92,
        "3": 786,
        "4": 6796,
        "5": 26422,
        "6": 65620
    },
    "23023": {
        "0": 1,
        "1": 10,
        "2": 81,
        "3": 679,
        "4": 5813,
        "5": 17424,
        "6": 35530
    },
    "23024": {
        "0": 1,
        "1": 11,
        "2": 96,
        "3": 836,
        "4": 7253,
        "5": 30150,
        "6": 75893
    },
    "23025": {
        "0": 1,
        "1": 12,
        "2": 109,
        "3": 944,
        "4": 8127,
        "5": 37319,
        "6": 114196
    },
    "23026": {
        "0": 1,
        "1": 11,
        "2": 95,
        "3": 820,
        "4": 7067,
        "5": 28330,
        "6": 70805
    },
    "23027": {
        "0": 1,
        "1": 9,
        "2": 77,
        "3": 670,
        "4": 5846,
        "5": 18380,
        "6": 34807
    },
    "23028": {
        "0": 1,
        "1": 13,
        "2": 118,
        "3": 1027,
        "4": 8854,
        "5": 43690,
        "6": 137499
    },
    "23029": {
        "0": 1,
        "1": 9,
        "2": 75,
        "3": 641,
        "4": 5511,
        "5": 14830,
        "6": 25041
    },
    "23030": {
        "0": 1,
        "1": 10,
        "2": 85,
        "3": 718,
        "4": 6093,
        "5": 19238,
        "6": 41153
    },
    "23031": {
        "0": 1,
        "1": 11,
        "2": 94,
        "3": 818,
        "4": 7140,
        "5": 29872,
        "6": 76046
    },
    "23032": {
        "0": 1,
        "1": 10,
        "2": 86,
        "3": 748,
        "4": 6527,
        "5": 24443,
        "6": 58473
    },
    "23033": {
        "0": 1,
        "1": 9,
        "2": 76,
        "3": 662,
        "4": 5770,
        "5": 17332,
        "6": 38422
    },
    "23034": {
        "0": 1,
        "1": 9,
        "2": 80,
        "3": 713,
        "4": 6315,
        "5": 23226,
        "6": 65319
    },
    "23035": {
        "0": 1,
        "1": 9,
        "2": 77,
        "3": 671,
        "4": 5806,
        "5": 17372,
        "6": 35952
    },
    "23036": {
        "0": 1,
        "1": 11,
        "2": 96,
        "3": 831,
        "4": 7205,
        "5": 29974,
        "6": 85687
    },
    "23037": {
        "0": 1,
        "1": 9,
        "2": 76,
        "3": 670,
        "4": 5905,
        "5": 19202,
        "6": 45036
    },
    "23038": {
        "0": 1,
        "1": 12,
        "2": 103,
        "3": 867,
        "4": 7334,
        "5": 29734,
        "6": 69563
    },
    "23039": {
        "0": 1,
        "1": 13,
        "2": 115,
        "3": 991,
        "4": 8547,
        "5": 41014,
        "6": 131919
    },
    "23040": {
        "0": 1,
        "1": 10,
        "2": 81,
        "3": 681,
        "4": 5742,
        "5": 15930,
        "6": 26930
    },
    "23041": {
        "0": 1,
        "1": 10,
        "2": 86,
        "3": 756,
        "4": 6618,
        "5": 24637,
        "6": 63327
    },
    "23042": {
        "0": 1,
        "1": 9,
        "2": 77,
        "3": 664,
        "4": 5792,
        "5": 18089,
        "6": 41503
    },
    "23043": {
        "0": 1,
        "1": 9,
        "2": 77,
        "3": 652,
        "4": 5524,
        "5": 14068,
        "6": 24429
    },
    "23044": {
        "0": 1,
        "1": 11,
        "2": 95,
        "3": 825,
        "4": 7161,
        "5": 29606,
        "6": 73798
    },
    "23045": {
        "0": 1,
        "1": 12,
        "2": 107,
        "3": 931,
        "4": 8092,
        "5": 37420,
        "6": 100893
    },
    "23046": {
        "0": 1,
        "1": 10,
        "2": 82,
        "3": 698,
        "4": 6012,
        "5": 19434,
        "6": 40859
    },
    "23047": {
        "0": 1,
        "1": 11,
        "2": 96,
        "3": 839,
        "4": 7321,
        "5": 31018,
        "6": 78096
    },
    "23048": {
        "0": 1,
        "1": 10,
        "2": 91,
        "3": 815,
        "4": 7271,
        "5": 31556,
        "6": 85833
    },
    "23049": {
        "0": 1,
        "1": 11,
        "2": 94,
        "3": 807,
        "4": 6932,
        "5": 26838,
        "6": 67075
    },
    "23050": {
        "0": 1,
        "1": 10,
        "2": 88,
        "3": 767,
        "4": 6659,
        "5": 24732,
        "6": 61090
    },
    "23051": {
        "0": 1,
        "1": 11,
        "2": 92,
        "3": 790,
        "4": 6826,
        "5": 26449,
        "6": 59339
    },
    "23052": {
        "0": 1,
        "1": 10,
        "2": 85,
        "3": 731,
        "4": 6308,
        "5": 21704,
        "6": 46830
    },
    "23053": {
        "0": 1,
        "1": 12,
        "2": 98,
        "3": 809,
        "4": 6774,
        "5": 24637,
        "6": 52242
    },
    "23054": {
        "0": 1,
        "1": 11,
        "2": 98,
        "3": 851,
        "4": 7401,
        "5": 31728,
        "6": 85490
    },
    "23055": {
        "0": 1,
        "1": 10,
        "2": 86,
        "3": 755,
        "4": 6659,
        "5": 26028,
        "6": 62459
    },
    "23056": {
        "0": 1,
        "1": 11,
        "2": 99,
        "3": 862,
        "4": 7483,
        "5": 32348,
        "6": 101291
    },
    "23057": {
        "0": 1,
        "1": 12,
        "2": 101,
        "3": 849,
        "4": 7211,
        "5": 28735,
        "6": 72336
    },
    "23058": {
        "0": 1,
        "1": 13,
        "2": 117,
        "3": 1020,
        "4": 8925,
        "5": 45367,
        "6": 146757
    },
    "23059": {
        "0": 1,
        "1": 13,
        "2": 118,
        "3": 1020,
        "4": 8727,
        "5": 42085,
        "6": 129142
    },
    "23060": {
        "0": 1,
        "1": 10,
        "2": 85,
        "3": 734,
        "4": 6361,
        "5": 22735,
        "6": 59679
    },
    "23061": {
        "0": 1,
        "1": 13,
        "2": 113,
        "3": 961,
        "4": 8238,
        "5": 38396,
        "6": 116681
    },
    "23062": {
        "0": 1,
        "1": 10,
        "2": 88,
        "3": 765,
        "4": 6633,
        "5": 24877,
        "6": 67859
    },
    "23063": {
        "0": 1,
        "1": 9,
        "2": 80,
        "3": 699,
        "4": 6102,
        "5": 20547,
        "6": 45963
    },
    "23064": {
        "0": 1,
        "1": 11,
        "2": 94,
        "3": 805,
        "4": 6910,
        "5": 26789,
        "6": 69283
    },
    "23065": {
        "0": 1,
        "1": 10,
        "2": 85,
        "3": 726,
        "4": 6216,
        "5": 20659,
        "6": 42696
    },
    "23066": {
        "0": 1,
        "1": 10,
        "2": 91,
        "3": 824,
        "4": 7410,
        "5": 33604,
        "6": 97944
    },
    "23067": {
        "0": 1,
        "1": 13,
        "2": 111,
        "3": 944,
        "4": 8109,
        "5": 37394,
        "6": 96657
    },
    "23068": {
        "0": 1,
        "1": 9,
        "2": 76,
        "3": 652,
        "4": 5559,
        "5": 14594,
        "6": 24355
    },
    "23069": {
        "0": 1,
        "1": 10,
        "2": 84,
        "3": 716,
        "4": 6129,
        "5": 20001,
        "6": 39884
    },
    "23070": {
        "0": 1,
        "1": 11,
        "2": 96,
        "3": 843,
        "4": 7441,
        "5": 32950,
        "6": 92761
    },
    "23071": {
        "0": 1,
        "1": 11,
        "2": 94,
        "3": 800,
        "4": 6890,
        "5": 26972,
        "6": 67888
    },
    "23072": {
        "0": 1,
        "1": 10,
        "2": 83,
        "3": 698,
        "4": 5903,
        "5": 17609,
        "6": 34572
    },
    "23073": {
        "0": 1,
        "1": 12,
        "2": 107,
        "3": 922,
        "4": 7974,
        "5": 36264,
        "6": 97369
    },
    "23074": {
        "0": 1,
        "1": 13,
        "2": 113,
        "3": 986,
        "4": 8593,
        "5": 42419,
        "6": 125539
    },
    "23075": {
        "0": 1,
        "1": 12,
        "2": 105,
        "3": 894,
        "4": 7656,
        "5": 33218,
        "6": 84915
    },
    "23076": {
        "0": 1,
        "1": 12,
        "2": 102,
        "3": 873,
        "4": 7577,
        "5": 33515,
        "6": 92849
    },
    "23077": {
        "0": 1,
        "1": 10,
        "2": 88,
        "3": 766,
        "4": 6642,
        "5": 24740,
        "6": 59328
    },
    "23078": {
        "0": 1,
        "1": 12,
        "2": 108,
        "3": 963,
        "4": 8573,
        "5": 42876,
        "6": 141368
    },
    "23079": {
        "0": 1,
        "1": 12,
        "2": 98,
        "3": 802,
        "4": 6663,
        "5": 22937,
        "6": 49564
    },
    "23080": {
        "0": 1,
        "1": 9,
        "2": 74,
        "3": 626,
        "4": 5388,
        "5": 14207,
        "6": 29981
    },
    "23081": {
        "0": 1,
        "1": 11,
        "2": 95,
        "3": 822,
        "4": 7096,
        "5": 28510,
        "6": 67264
    },
    "23082": {
        "0": 1,
        "1": 11,
        "2": 96,
        "3": 836,
        "4": 7322,
        "5": 31710,
        "6": 93056
    },
    "23083": {
        "0": 1,
        "1": 12,
        "2": 105,
        "3": 907,
        "4": 7782,
        "5": 33983,
        "6": 87404
    },
    "23084": {
        "0": 1,
        "1": 9,
        "2": 77,
        "3": 669,
        "4": 5821,
        "5": 17822,
        "6": 39785
    },
    "23085": {
        "0": 1,
        "1": 9,
        "2": 74,
        "3": 635,
        "4": 5497,
        "5": 15010,
        "6": 27436
    },
    "23086": {
        "0": 1,
        "1": 10,
        "2": 81,
        "3": 684,
        "4": 5796,
        "5": 16620,
        "6": 30907
    },
    "23087": {
        "0": 1,
        "1": 12,
        "2": 106,
        "3": 938,
        "4": 8292,
        "5": 40498,
        "6": 121699
    },
    "23088": {
        "0": 1,
        "1": 10,
        "2": 88,
        "3": 774,
        "4": 6781,
        "5": 26375,
        "6": 69279
    },
    "23089": {
        "0": 1,
        "1": 11,
        "2": 99,
        "3": 874,
        "4": 7716,
        "5": 35173,
        "6": 99528
    },
    "23090": {
        "0": 1,
        "1": 11,
        "2": 93,
        "3": 806,
        "4": 6986,
        "5": 27829,
        "6": 69750
    },
    "23091": {
        "0": 1,
        "1": 10,
        "2": 83,
        "3": 717,
        "4": 6180,
        "5": 20605,
        "6": 37165
    },
    "23092": {
        "0": 1,
        "1": 9,
        "2": 75,
        "3": 629,
        "4": 5362,
        "5": 13455,
        "6": 25152
    },
    "23093": {
        "0": 1,
        "1": 10,
        "2": 89,
        "3": 779,
        "4": 6799,
        "5": 26581,
        "6": 69877
    },
    "23094": {
        "0": 1,
        "1": 11,
        "2": 98,
        "3": 858,
        "4": 7500,
        "5": 32876,
        "6": 89438
    },
    "23095": {
        "0": 1,
        "1": 10,
        "2": 87,
        "3": 766,
        "4": 6680,
        "5": 24795,
        "6": 61814
    },
    "23096": {
        "0": 1,
        "1": 10,
        "2": 87,
        "3": 770,
        "4": 6859,
        "5": 28045,
        "6": 75547
    },
    "23097": {
        "0": 1,
        "1": 12,
        "2": 101,
        "3": 863,
        "4": 7451,
        "5": 31873,
        "6": 82122
    },
    "23098": {
        "0": 1,
        "1": 12,
        "2": 99,
        "3": 838,
        "4": 7169,
        "5": 28846,
        "6": 64940
    },
    "23099": {
        "0": 1,
        "1": 12,
        "2": 103,
        "3": 893,
        "4": 7734,
        "5": 34319,
        "6": 89872
    }
}