{
    "17800": {
        "0": 1,
        "1": 11,
        "2": 97,
        "3": 846,
        "4": 7341,
        "5": 30886,
        "6": 77823
    },
    "17801": {
        "0": 1,
        "1": 13,
        "2": 121,
        "3": 1045,
        "4": 8908,
        "5": 43771,
        "6": 142117
    },
    "17802": {
        "0": 1,
        "1": 10,
        "2": 92,
        "3": 831,
        "4": 7398,
        "5": 32603,
        "6": 97994
    },
    "17803": {
        "0": 1,
        "1": 9,
        "2": 75,
        "3": 638,
        "4": 5441,
        "5": 13769,
        "6": 23119
    },
    "17804": {
        "0": 1,
        "1": 13,
        "2": 116,
        "3": 995,
        "4": 8521,
        "5": 40342,
        "6": 120098
    },
    "17805": {
        "0": 1,
        "1": 12,
        "2": 103,
        "3": 876,
        "4": 7464,
        "5": 31033,
        "6": 78360
    },
    "17806": {
        "0": 1,
        "1": 10,
        "2": 91,
        "3": 820,
        "4": 7351,
        "5": 32528,
        "6": 88777
    },
    "17807": {
        "0": 1,
        "1": 9,
        "2": 76,
        "3": 661,
        "4": 5728,
        "5": 16873,
        "6": 33016
    },
    "17808": {
        "0": 1,
        "1": 8,
        "2": 65,
        "3": 534,
        "4": 4449,
        "5": 4818,
        "6": 5706
    },
    "17809": {
        "0": 1,
        "1": 11,
        "2": 95,
        "3": 835,
        "4": 7317,
        "5": 31154,
        "6": 79933
    },
    "17810": {
        "0": 1,
        "1": 9,
        "2": 77,
        "3": 676,
        "4": 5973,
        "5": 20317,
        "6": 55223
    },
    "17811": {
        "0": 1,
        "1": 12,
        "2": 111,
        "3": 993,
        "4": 8815,
        "5": 45058,
        "6": 153986
    },
    "17812": {
        "0": 1,
        "1": 12,
        "2": 104,
        "3": 901,
        "4": 7814,
        "5": 34785,
        "6": 95529
    },
    "17813": {
        "0": 1,
        "1": 12,
        "2": 103,
        "3": 882,
        "4": 7632,
        "5": 33896,
        "6": 95108
    },
    "17814": {
        "0": 1,
        "1": 13,
        "2": 115,
        "3": 1010,
        "4": 8889,
        "5": 45409,
        "6": 144057
    },
    "17815": {
        "0": 1,
        "1": 10,
        "2": 87,
        "3": 773,
        "4": 6854,
        "5": 27621,
        "6": 74046
    },
    "17816": {
        "0": 1,
        "1": 10,
        "2": 89,
        "3": 778,
        "4": 6787,
        "5": 26276,
        "6": 68198
    },
    "17817": {
        "0": 1,
        "1": 8,
        "2": 72,
        "3": 640,
        "4": 5713,
        "5": 18244,
        "6": 37995
    },
    "17818": {
        "0": 1,
        "1": 10,
        "2": 84,
        "3": 718,
        "4": 6203,
        "5": 21336,
        "6": 48891
    },
    "17819": {
        "0": 1,
        "1": 12,
        "2": 103,
        "3": 867,
        "4": 7328,
        "5": 29590,
        "6": 78208
    },
    "17820": {
        "0": 1,
        "1": 15,
        "2": 136,
        "3": 1145,
        "4": 9611,
        "5": 48501,
        "6": 140037
    },
    "17821": {
        "0": 1,
        "1": 13,
        "2": 118,
        "3": 1023,
        "4": 8785,
        "5": 42912,
        "6": 137901
    },
    "17822": {
        "0": 1,
        "1": 10,
        "2": 86,
        "3": 744,
        "4": 6429,
        "5": 22786,
        "6": 54836
    },
    "17823": {
        "0": 1,
        "1": 11,
        "2": 95,
        "3": 825,
        "4": 7178,
        "5": 29709,
        "6": 75506
    },
    "17824": {
        "0": 1,
        "1": 11,
        "2": 93,
        "3": 794,
        "4": 6877,
        "5": 27201,
        "6": 75254
    },
    "17825": {
        "0": 1,
        "1": 10,
        "2": 86,
        "3": 739,
        "4": 6380,
        "5": 22626,
        "6": 55443
    },
    "17826": {
        "0": 1,
        "1": 10,
        "2": 83,
        "3": 706,
        "4": 6057,
        "5": 19438,
        "6": 38595
    },
    "17827": {
        "0": 1,
        "1": 10,
        "2": 81,
        "3": 670,
        "4": 5592,
        "5": 14298,
        "6": 26418
    },
    "17828": {
        "0": 1,
        "1": 10,
        "2": 86,
        "3": 754,
        "4": 6575,
        "5": 24360,
        "6": 57769
    },
    "17829": {
        "0": 1,
        "1": 10,
        "2": 86,
        "3": 752,
        "4": 6575,
        "5": 24960,
        "6": 60723
    },
    "17830": {
        "0": 1,
        "1": 9,
        "2": 79,
        "3": 696,
        "4": 6138,
        "5": 21381,
        "6": 52125
    },
    "17831": {
        "0": 1,
        "1": 10,
        "2": 86,
        "3": 770,
        "4": 6874,
        "5": 28079,
        "6": 77665
    },
    "17832": {
        "0": 1,
        "1": 11,
        "2": 95,
        "3": 825,
        "4": 7177,
        "5": 29636,
        "6": 82888
    },
    "17833": {
        "0": 1,
        "1": 10,
        "2": 85,
        "3": 726,
        "4": 6229,
        "5": 20533,
        "6": 43098
    },
    "17834": {
        "0": 1,
        "1": 13,
        "2": 115,
        "3": 987,
        "4": 8484,
        "5": 40524,
        "6": 119280
    },
    "17835": {
        "0": 1,
        "1": 9,
        "2": 76,
        "3": 658,
        "4": 5726,
        "5": 17065,
        "6": 38294
    },
    "17836": {
        "0": 1,
        "1": 11,
        "2": 96,
        "3": 825,
        "4": 7100,
        "5": 28564,
        "6": 66735
    },
    "17837": {
        "0": 1,
        "1": 12,
        "2": 104,
        "3": 879,
        "4": 7455,
        "5": 30802,
        "6": 89310
    },
    "17838": {
        "0": 1,
        "1": 11,
        "2": 98,
        "3": 867,
        "4": 7666,
        "5": 34674,
        "6": 98552
    },
    "17839": {
        "0": 1,
        "1": 11,
        "2": 93,
        "3": 807,
        "4": 7040,
        "5": 28734,
        "6": 69252
    },
    "17840": {
        "0": 1,
        "1": 12,
        "2": 108,
        "3": 936,
        "4": 8102,
        "5": 37727,
        "6": 111422
    },
    "17841": {
        "0": 1,
        "1": 11,
        "2": 93,
        "3": 799,
        "4": 6950,
        "5": 27836,
        "6": 68100
    },
    "17842": {
        "0": 1,
        "1": 10,
        "2": 86,
        "3": 737,
        "4": 6317,
        "5": 21499,
        "6": 46400
    },
    "17843": {
        "0": 1,
        "1": 11,
        "2": 94,
        "3": 808,
        "4": 6952,
        "5": 26605,
        "6": 57114
    },
    "17844": {
        "0": 1,
        "1": 9,
        "2": 74,
        "3": 617,
        "4": 5177,
        "5": 10800,
        "6": 13178
    },
    "17845": {
        "0": 1,
        "1": 12,
        "2": 102,
        "3": 871,
        "4": 7533,
        "5": 32966,
        "6": 89059
    },
    "17846": {
        "0": 1,
        "1": 9,
        "2": 77,
        "3": 660,
        "4": 5628,
        "5": 15403,
        "6": 29572
    },
    "17847": {
        "0": 1,
        "1": 11,
        "2": 93,
        "3": 798,
        "4": 6896,
        "5": 27269,
        "6": 64497
    },
    "17848": {
        "0": 1,
        "1": 9,
        "2": 81,
        "3": 720,
        "4": 6379,
        "5": 23473,
        "6": 59918
    },
    "17849": {
        "0": 1,
        "1": 10,
        "2": 88,
        "3": 776,
        "4": 6868,
        "5": 28055,
        "6": 78088
    },
    "17850": {
        "0": 1,
        "1": 10,
        "2": 91,
        "3": 818,
        "4": 7355,
        "5": 32674,
        "6": 95898
    },
    "17851": {
        "0": 1,
        "1": 12,
        "2": 101,
        "3": 858,
        "4": 7361,
        "5": 30678,
        "6": 79196
    },
    "17852": {
        "0": 1,
        "1": 14,
        "2": 132,
        "3": 1168,
        "4": 10194,
        "5": 55914,
        "6": 191529
    },
    "17853": {
        "0": 1,
        "1": 11,
        "2": 93,
        "3": 803,
        "4": 6974,
        "5": 27958,
        "6": 67853
    },
    "17854": {
        "0": 1,
        "1": 12,
        "2": 102,
        "3": 840,
        "4": 6956,
        "5": 25475,
        "6": 62667
    },
    "17855": {
        "0": 1,
        "1": 10,
        "2": 83,
        "3": 729,
        "4": 6428,
        "5": 24069,
        "6": 55529
    },
    "17856": {
        "0": 1,
        "1": 11,
        "2": 98,
        "3": 862,
        "4": 7577,
        "5": 33719,
        "6": 90127
    },
    "17857": {
        "0": 1,
        "1": 9,
        "2": 81,
        "3": 728,
        "4": 6453,
        "5": 23687,
        "6": 54370
    },
    "17858": {
        "0": 1,
        "1": 11,
        "2": 97,
        "3": 855,
        "4": 7499,
        "5": 32738,
        "6": 82654
    },
    "17859": {
        "0": 1,
        "1": 12,
        "2": 105,
        "3": 904,
        "4": 7801,
        "5": 34704,
        "6": 97012
    },
    "17860": {
        "0": 1,
        "1": 11,
        "2": 93,
        "3": 799,
        "4": 6899,
        "5": 26953,
        "6": 61783
    },
    "17861": {
        "0": 1,
        "1": 10,
        "2": 85,
        "3": 721,
        "4": 6172,
        "5": 20180,
        "6": 44016
    },
    "17862": {
        "0": 1,
        "1": 10,
        "2": 82,
        "3": 696,
        "4": 5953,
        "5": 18188,
        "6": 32556
    },
    "17863": {
        "0": 1,
        "1": 8,
        "2": 68,
        "3": 586,
        "4": 5080,
        "5": 11466,
        "6": 20996
    },
    "17864": {
        "0": 1,
        "1": 9,
        "2": 77,
        "3": 663,
        "4": 5716,
        "5": 16439,
        "6": 32925
    },
    "17865": {
        "0": 1,
        "1": 10,
        "2": 85,
        "3": 737,
        "4": 6458,
        "5": 24197,
        "6": 59275
    },
    "17866": {
        "0": 1,
        "1": 11,
        "2": 95,
        "3": 827,
        "4": 7238,
        "5": 30528,
        "6": 76991
    },
    "17867": {
        "0": 1,
        "1": 11,
        "2": 96,
        "3": 817,
        "4": 6962,
        "5": 26815,
        "6": 58746
    },
    "17868": {
        "0": 1,
        "1": 12,
        "2": 110,
        "3": 964,
        "4": 8440,
        "5": 41512,
        "6": 143763
    },
    "17869": {
        "0": 1,
        "1": 9,
        "2": 77,
        "3": 669,
        "4": 5830,
        "5": 18185,
        "6": 37335
    },
    "17870": {
        "0": 1,
        "1": 9,
        "2": 79,
        "3": 702,
        "4": 6238,
        "5": 22682,
        "6": 55378
    },
    "17871": {
        "0": 1,
        "1": 11,
        "2": 99,
        "3": 867,
        "4": 7580,
        "5": 33048,
        "6": 97822
    },
    "17872": {
        "0": 1,
        "1": 9,
        "2": 82,
        "3": 725,
        "4": 6397,
        "5": 23615,
        "6": 56207
    },
    "17873": {
        "0": 1,
        "1": 9,
        "2": 79,
        "3": 697,
        "4": 6160,
        "5": 21730,
        "6": 54620
    },
    "17874": {
        "0": 1,
        "1": 10,
        "2": 85,
        "3": 747,
        "4": 6548,
        "5": 24638,
        "6": 55221
    },
    "17875": {
        "0": 1,
        "1": 10,
        "2": 84,
        "3": 722,
        "4": 6254,
        "5": 21712,
        "6": 46334
    },
    "17876": {
        "0": 1,
        "1": 12,
        "2": 105,
        "3": 902,
        "4": 7731,
        "5": 33597,
        "6": 94345
    },
    "17877": {
        "0": 1,
        "1": 12,
        "2": 102,
        "3": 870,
        "4": 7443,
        "5": 31035,
        "6": 86458
    },
    "17878": {
        "0": 1,
        "1": 10,
        "2": 82,
        "3": 697,
        "4": 6059,
        "5": 20304,
        "6": 50382
    },
    "17879": {
        "0": 1,
        "1": 11,
        "2": 91,
        "3": 774,
        "4": 6637,
        "5": 24473,
        "6": 60639
    },
    "17880": {
        "0": 1,
        "1": 8,
        "2": 69,
        "3": 605,
        "4": 5303,
        "5": 13720,
        "6": 23856
    },
    "17881": {
        "0": 1,
        "1": 9,
        "2": 75,
        "3": 644,
        "4": 5586,
        "5": 15589,
        "6": 29338
    },
    "17882": {
        "0": 1,
        "1": 12,
        "2": 108,
        "3": 947,
        "4": 8258,
        "5": 39135,
        "6": 115891
    },
    "17883": {
        "0": 1,
        "1": 11,
        "2": 99,
        "3": 867,
        "4": 7533,
        "5": 32510,
        "6": 94574
    },
    "17884": {
        "0": 1,
        "1": 10,
        "2": 86,
        "3": 758,
        "4": 6656,
        "5": 25369,
        "6": 64146
    },
    "17885": {
        "0": 1,
        "1": 13,
        "2": 119,
        "3": 1061,
        "4": 9476,
        "5": 51933,
        "6": 175410
    },
    "17886": {
        "0": 1,
        "1": 11,
        "2": 93,
        "3": 791,
        "4": 6743,
        "5": 24870,
        "6": 57282
    },
    "17887": {
        "0": 1,
        "1": 11,
        "2": 91,
        "3": 763,
        "4": 6470,
        "5": 22771,
        "6": 55675
    },
    "17888": {
        "0": 1,
        "1": 10,
        "2": 80,
        "3": 674,
        "4": 5763,
        "5": 16864,
        "6": 35326
    },
    "17889": {
        "0": 1,
        "1": 8,
        "2": 70,
        "3": 605,
        "4": 5204,
        "5": 11885,
        "6": 21930
    },
    "17890": {
        "0": 1,
        "1": 10,
        "2": 86,
        "3": 743,
        "4": 6425,
        "5": 23042,
        "6": 54953
    },
    "17891": {
        "0": 1,
        "1": 12,
        "2": 103,
        "3": 872,
        "4": 7417,
        "5": 30638,
        "6": 81522
    },
    "17892": {
        "0": 1,
        "1": 10,
        "2": 87,
        "3": 755,
        "4": 6535,
        "5": 23743,
        "6": 53857
    },
    "17893": {
        "0": 1,
        "1": 12,
        "2": 103,
        "3": 890,
        "4": 7700,
        "5": 33818,
        "6": 84777
    },
    "17894": {
        "0": 1,
        "1": 12,
        "2": 102,
        "3": 855,
        "4": 7241,
        "5": 29277,
        "6": 74476
    },
    "17895": {
        "0": 1,
        "1": 10,
        "2": 88,
        "3": 774,
        "4": 6852,
        "5": 28044,
        "6": 79557
    },
    "17896": {
        "0": 1,
        "1": 10,
        "2": 83,
        "3": 705,
        "4": 6031,
        "5": 19173,
        "6": 37403
    },
    "17897": {
        "0": 1,
        "1": 9,
        "2": 76,
        "3": 661,
        "4": 5719,
        "5": 16590,
        "6": 32812
    },
    "17898": {
        "0": 1,
        "1": 11,
        "2": 98,
        "3": 857,
        "4": 7455,
        "5": 31866,
        "6": 89072
    },
    "17899": {
        "0": 1,
        "1": 11,
        "2": 96,
        "3": 836,
        "4": 7271,
        "5": 30676,
        "6": 91149
    }
}