{
    "22700": {
        "0": 1,
        "1": 9,
        "2": 76,
        "3": 644,
        "4": 5496,
        "5": 14537,
        "6": 30093
    },
    "22701": {
        "0": 1,
        "1": 11,
        "2": 97,
        "3": 838,
        "4": 7271,
        "5": 30669,
        "6": 83457
    },
    "22702": {
        "0": 1,
        "1": 12,
        "2": 105,
        "3": 916,
        "4": 7976,
        "5": 36915,
        "6": 114109
    },
    "22703": {
        "0": 1,
        "1": 11,
        "2": 95,
        "3": 835,
        "4": 7336,
        "5": 31716,
        "6": 85887
    },
    "22704": {
        "0": 1,
        "1": 10,
        "2": 86,
        "3": 740,
        "4": 6422,
        "5": 23170,
        "6": 55683
    },
    "22705": {
        "0": 1,
        "1": 10,
        "2": 89,
        "3": 768,
        "4": 6625,
        "5": 24299,
        "6": 61578
    },
    "22706": {
        "0": 1,
        "1": 12,
        "2": 114,
        "3": 1052,
        "4": 9547,
        "5": 53046,
        "6": 188241
    },
    "22707": {
        "0": 1,
        "1": 12,
        "2": 106,
        "3": 911,
        "4": 7821,
        "5": 34569,
        "6": 94546
    },
    "22708": {
        "0": 1,
        "1": 9,
        "2": 77,
        "3": 639,
        "4": 5350,
        "5": 12279,
        "6": 21384
    },
    "22709": {
        "0": 1,
        "1": 13,
        "2": 111,
        "3": 930,
        "4": 7832,
        "5": 33495,
        "6": 85972
    },
    "22710": {
        "0": 1,
        "1": 13,
        "2": 119,
        "3": 1042,
        "4": 9076,
        "5": 46265,
        "6": 146882
    },
    "22711": {
        "0": 1,
        "1": 10,
        "2": 85,
        "3": 730,
        "4": 6296,
        "5": 21663,
        "6": 46585
    },
    "22712": {
        "0": 1,
        "1": 14,
        "2": 123,
        "3": 1038,
        "4": 8823,
        "5": 42785,
        "6": 134220
    },
    "22713": {
        "0": 1,
        "1": 10,
        "2": 82,
        "3": 695,
        "4": 5985,
        "5": 19082,
        "6": 40755
    },
    "22714": {
        "0": 1,
        "1": 10,
        "2": 94,
        "3": 867,
        "4": 7904,
        "5": 38650,
        "6": 121666
    },
    "22715": {
        "0": 1,
        "1": 11,
        "2": 96,
        "3": 828,
        "4": 7113,
        "5": 28448,
        "6": 70574
    },
    "22716": {
        "0": 1,
        "1": 9,
        "2": 77,
        "3": 668,
        "4": 5861,
        "5": 18911,
        "6": 45725
    },
    "22717": {
        "0": 1,
        "1": 12,
        "2": 106,
        "3": 922,
        "4": 7996,
        "5": 36684,
        "6": 98024
    },
    "22718": {
        "0": 1,
        "1": 12,
        "2": 108,
        "3": 949,
        "4": 8267,
        "5": 38788,
        "6": 112062
    },
    "22719": {
        "0": 1,
        "1": 14,
        "2": 124,
        "3": 1033,
        "4": 8642,
        "5": 40351,
        "6": 116947
    },
    "22720": {
        "0": 1,
        "1": 10,
        "2": 85,
        "3": 727,
        "4": 6226,
        "5": 20579,
        "6": 45981
    },
    "22721": {
        "0": 1,
        "1": 11,
        "2": 94,
        "3": 811,
        "4": 6968,
        "5": 27079,
        "6": 58915
    },
    "22722": {
        "0": 1,
        "1": 10,
        "2": 84,
        "3": 717,
        "4": 6193,
        "5": 21294,
        "6": 48721
    },
    "22723": {
        "0": 1,
        "1": 10,
        "2": 87,
        "3": 746,
        "4": 6444,
        "5": 22755,
        "6": 54059
    },
    "22724": {
        "0": 1,
        "1": 13,
        "2": 114,
        "3": 969,
        "4": 8244,
        "5": 37559,
        "6": 104277
    },
    "22725": {
        "0": 1,
        "1": 10,
        "2": 82,
        "3": 693,
        "4": 5940,
        "5": 18670,
        "6": 39445
    },
    "22726": {
        "0": 1,
        "1": 11,
        "2": 91,
        "3": 769,
        "4": 6572,
        "5": 23751,
        "6": 54650
    },
    "22727": {
        "0": 1,
        "1": 10,
        "2": 86,
        "3": 732,
        "4": 6228,
        "5": 20253,
        "6": 38092
    },
    "22728": {
        "0": 1,
        "1": 11,
        "2": 101,
        "3": 897,
        "4": 7897,
        "5": 36654,
        "6": 110599
    },
    "22729": {
        "0": 1,
        "1": 11,
        "2": 93,
        "3": 789,
        "4": 6719,
        "5": 24713,
        "6": 59384
    },
    "22730": {
        "0": 1,
        "1": 12,
        "2": 101,
        "3": 871,
        "4": 7508,
        "5": 31789,
        "6": 86181
    },
    "22731": {
        "0": 1,
        "1": 11,
        "2": 93,
        "3": 793,
        "4": 6802,
        "5": 25817,
        "6": 65279
    },
    "22732": {
        "0": 1,
        "1": 12,
        "2": 104,
        "3": 893,
        "4": 7656,
        "5": 33148,
        "6": 91082
    },
    "22733": {
        "0": 1,
        "1": 10,
        "2": 91,
        "3": 812,
        "4": 7217,
        "5": 31064,
        "6": 87012
    },
    "22734": {
        "0": 1,
        "1": 8,
        "2": 68,
        "3": 587,
        "4": 5125,
        "5": 12423,
        "6": 27653
    },
    "22735": {
        "0": 1,
        "1": 12,
        "2": 104,
        "3": 904,
        "4": 7790,
        "5": 33991,
        "6": 87072
    },
    "22736": {
        "0": 1,
        "1": 9,
        "2": 73,
        "3": 602,
        "4": 5019,
        "5": 9546,
        "6": 17271
    },
    "22737": {
        "0": 1,
        "1": 11,
        "2": 98,
        "3": 867,
        "4": 7634,
        "5": 34047,
        "6": 94985
    },
    "22738": {
        "0": 1,
        "1": 11,
        "2": 97,
        "3": 854,
        "4": 7464,
        "5": 32463,
        "6": 89671
    },
    "22739": {
        "0": 1,
        "1": 10,
        "2": 86,
        "3": 735,
        "4": 6341,
        "5": 22294,
        "6": 52873
    },
    "22740": {
        "0": 1,
        "1": 10,
        "2": 86,
        "3": 738,
        "4": 6324,
        "5": 21508,
        "6": 51416
    },
    "22741": {
        "0": 1,
        "1": 11,
        "2": 92,
        "3": 778,
        "4": 6622,
        "5": 23738,
        "6": 51324
    },
    "22742": {
        "0": 1,
        "1": 12,
        "2": 103,
        "3": 903,
        "4": 7893,
        "5": 35805,
        "6": 87109
    },
    "22743": {
        "0": 1,
        "1": 11,
        "2": 92,
        "3": 789,
        "4": 6785,
        "5": 25738,
        "6": 55212
    },
    "22744": {
        "0": 1,
        "1": 10,
        "2": 88,
        "3": 767,
        "4": 6690,
        "5": 26041,
        "6": 72735
    },
    "22745": {
        "0": 1,
        "1": 12,
        "2": 108,
        "3": 930,
        "4": 8051,
        "5": 37277,
        "6": 104585
    },
    "22746": {
        "0": 1,
        "1": 9,
        "2": 74,
        "3": 631,
        "4": 5457,
        "5": 14900,
        "6": 30979
    },
    "22747": {
        "0": 1,
        "1": 12,
        "2": 105,
        "3": 919,
        "4": 8049,
        "5": 37962,
        "6": 113374
    },
    "22748": {
        "0": 1,
        "1": 9,
        "2": 77,
        "3": 677,
        "4": 5976,
        "5": 20063,
        "6": 48139
    },
    "22749": {
        "0": 1,
        "1": 10,
        "2": 86,
        "3": 746,
        "4": 6519,
        "5": 24619,
        "6": 60937
    },
    "22750": {
        "0": 1,
        "1": 13,
        "2": 116,
        "3": 1001,
        "4": 8635,
        "5": 42134,
        "6": 120214
    },
    "22751": {
        "0": 1,
        "1": 11,
        "2": 99,
        "3": 883,
        "4": 7801,
        "5": 35541,
        "6": 101426
    },
    "22752": {
        "0": 1,
        "1": 13,
        "2": 116,
        "3": 1011,
        "4": 8841,
        "5": 44789,
        "6": 142238
    },
    "22753": {
        "0": 1,
        "1": 11,
        "2": 96,
        "3": 837,
        "4": 7290,
        "5": 30699,
        "6": 75999
    },
    "22754": {
        "0": 1,
        "1": 12,
        "2": 104,
        "3": 895,
        "4": 7772,
        "5": 35249,
        "6": 100128
    },
    "22755": {
        "0": 1,
        "1": 8,
        "2": 68,
        "3": 583,
        "4": 5037,
        "5": 10778,
        "6": 21055
    },
    "22756": {
        "0": 1,
        "1": 9,
        "2": 75,
        "3": 653,
        "4": 5704,
        "5": 17142,
        "6": 39591
    },
    "22757": {
        "0": 1,
        "1": 9,
        "2": 75,
        "3": 636,
        "4": 5442,
        "5": 14199,
        "6": 25919
    },
    "22758": {
        "0": 1,
        "1": 11,
        "2": 88,
        "3": 737,
        "4": 6259,
        "5": 20967,
        "6": 47789
    },
    "22759": {
        "0": 1,
        "1": 10,
        "2": 85,
        "3": 732,
        "4": 6355,
        "5": 22531,
        "6": 62053
    },
    "22760": {
        "0": 1,
        "1": 13,
        "2": 123,
        "3": 1109,
        "4": 9859,
        "5": 54593,
        "6": 190841
    },
    "22761": {
        "0": 1,
        "1": 10,
        "2": 85,
        "3": 730,
        "4": 6261,
        "5": 20964,
        "6": 46929
    },
    "22762": {
        "0": 1,
        "1": 13,
        "2": 117,
        "3": 1004,
        "4": 8529,
        "5": 39390,
        "6": 110284
    },
    "22763": {
        "0": 1,
        "1": 12,
        "2": 108,
        "3": 940,
        "4": 8141,
        "5": 37829,
        "6": 110534
    },
    "22764": {
        "0": 1,
        "1": 10,
        "2": 81,
        "3": 686,
        "4": 5843,
        "5": 17175,
        "6": 34519
    },
    "22765": {
        "0": 1,
        "1": 12,
        "2": 102,
        "3": 868,
        "4": 7431,
        "5": 30929,
        "6": 81379
    },
    "22766": {
        "0": 1,
        "1": 11,
        "2": 96,
        "3": 839,
        "4": 7301,
        "5": 30694,
        "6": 77209
    },
    "22767": {
        "0": 1,
        "1": 12,
        "2": 105,
        "3": 885,
        "4": 7458,
        "5": 30472,
        "6": 75691
    },
    "22768": {
        "0": 1,
        "1": 11,
        "2": 96,
        "3": 825,
        "4": 7087,
        "5": 28202,
        "6": 64581
    },
    "22769": {
        "0": 1,
        "1": 12,
        "2": 103,
        "3": 888,
        "4": 7596,
        "5": 32197,
        "6": 74188
    },
    "22770": {
        "0": 1,
        "1": 11,
        "2": 95,
        "3": 810,
        "4": 6947,
        "5": 27287,
        "6": 68002
    },
    "22771": {
        "0": 1,
        "1": 11,
        "2": 90,
        "3": 761,
        "4": 6472,
        "5": 22512,
        "6": 46099
    },
    "22772": {
        "0": 1,
        "1": 9,
        "2": 75,
        "3": 640,
        "4": 5520,
        "5": 15251,
        "6": 30737
    },
    "22773": {
        "0": 1,
        "1": 11,
        "2": 92,
        "3": 773,
        "4": 6558,
        "5": 23329,
        "6": 54188
    },
    "22774": {
        "0": 1,
        "1": 11,
        "2": 90,
        "3": 743,
        "4": 6242,
        "5": 19982,
        "6": 42908
    },
    "22775": {
        "0": 1,
        "1": 11,
        "2": 92,
        "3": 780,
        "4": 6667,
        "5": 24655,
        "6": 53252
    },
    "22776": {
        "0": 1,
        "1": 11,
        "2": 98,
        "3": 873,
        "4": 7730,
        "5": 35035,
        "6": 94587
    },
    "22777": {
        "0": 1,
        "1": 15,
        "2": 137,
        "3": 1183,
        "4": 10206,
        "5": 55723,
        "6": 199974
    },
    "22778": {
        "0": 1,
        "1": 12,
        "2": 101,
        "3": 849,
        "4": 7196,
        "5": 28660,
        "6": 67265
    },
    "22779": {
        "0": 1,
        "1": 9,
        "2": 80,
        "3": 698,
        "4": 6093,
        "5": 20451,
        "6": 44453
    },
    "22780": {
        "0": 1,
        "1": 12,
        "2": 104,
        "3": 884,
        "4": 7536,
        "5": 31851,
        "6": 87192
    },
    "22781": {
        "0": 1,
        "1": 11,
        "2": 97,
        "3": 850,
        "4": 7464,
        "5": 32721,
        "6": 93076
    },
    "22782": {
        "0": 1,
        "1": 12,
        "2": 109,
        "3": 974,
        "4": 8602,
        "5": 42723,
        "6": 139367
    },
    "22783": {
        "0": 1,
        "1": 13,
        "2": 115,
        "3": 996,
        "4": 8621,
        "5": 41714,
        "6": 105532
    },
    "22784": {
        "0": 1,
        "1": 12,
        "2": 106,
        "3": 911,
        "4": 7861,
        "5": 35515,
        "6": 105419
    },
    "22785": {
        "0": 1,
        "1": 11,
        "2": 94,
        "3": 826,
        "4": 7253,
        "5": 30896,
        "6": 79955
    },
    "22786": {
        "0": 1,
        "1": 11,
        "2": 94,
        "3": 791,
        "4": 6674,
        "5": 24071,
        "6": 56940
    },
    "22787": {
        "0": 1,
        "1": 11,
        "2": 93,
        "3": 807,
        "4": 7104,
        "5": 30217,
        "6": 87871
    },
    "22788": {
        "0": 1,
        "1": 8,
        "2": 71,
        "3": 631,
        "4": 5593,
        "5": 16784,
        "6": 39174
    },
    "22789": {
        "0": 1,
        "1": 10,
        "2": 86,
        "3": 754,
        "4": 6617,
        "5": 24903,
        "6": 60896
    },
    "22790": {
        "0": 1,
        "1": 10,
        "2": 81,
        "3": 678,
        "4": 5741,
        "5": 16277,
        "6": 29916
    },
    "22791": {
        "0": 1,
        "1": 11,
        "2": 91,
        "3": 749,
        "4": 6187,
        "5": 18584,
        "6": 38826
    },
    "22792": {
        "0": 1,
        "1": 10,
        "2": 86,
        "3": 765,
        "4": 6766,
        "5": 26559,
        "6": 64954
    },
    "22793": {
        "0": 1,
        "1": 11,
        "2": 92,
        "3": 789,
        "4": 6832,
        "5": 26674,
        "6": 71424
    },
    "22794": {
        "0": 1,
        "1": 11,
        "2": 91,
        "3": 779,
        "4": 6693,
        "5": 24693,
        "6": 47744
    },
    "22795": {
        "0": 1,
        "1": 10,
        "2": 85,
        "3": 723,
        "4": 6189,
        "5": 20466,
        "6": 45293
    },
    "22796": {
        "0": 1,
        "1": 12,
        "2": 99,
        "3": 833,
        "4": 7037,
        "5": 27101,
        "6": 63489
    },
    "22797": {
        "0": 1,
        "1": 14,
        "2": 132,
        "3": 1152,
        "4": 9892,
        "5": 52142,
        "6": 172176
    },
    "22798": {
        "0": 1,
        "1": 11,
        "2": 98,
        "3": 858,
        "4": 7527,
        "5": 33647,
        "6": 98292
    },
    "22799": {
        "0": 1,
        "1": 10,
        "2": 86,
        "3": 753,
        "4": 6592,
        "5": 24887,
        "6": 58835
    }
}