{
    "12900": {
        "0": 1,
        "1": 10,
        "2": 85,
        "3": 717,
        "4": 6112,
        "5": 19833,
        "6": 42621
    },
    "12901": {
        "0": 1,
        "1": 8,
        "2": 67,
        "3": 562,
        "4": 4765,
        "5": 7994,
        "6": 13203
    },
    "12902": {
        "0": 1,
        "1": 11,
        "2": 92,
        "3": 790,
        "4": 6823,
        "5": 26248,
        "6": 67818
    },
    "12903": {
        "0": 1,
        "1": 12,
        "2": 102,
        "3": 854,
        "4": 7211,
        "5": 28752,
        "6": 75677
    },
    "12904": {
        "0": 1,
        "1": 11,
        "2": 95,
        "3": 832,
        "4": 7365,
        "5": 32864,
        "6": 90408
    },
    "12905": {
        "0": 1,
        "1": 12,
        "2": 111,
        "3": 975,
        "4": 8556,
        "5": 42272,
        "6": 127209
    },
    "12906": {
        "0": 1,
        "1": 9,
        "2": 76,
        "3": 659,
        "4": 5755,
        "5": 17664,
        "6": 39919
    },
    "12907": {
        "0": 1,
        "1": 9,
        "2": 80,
        "3": 694,
        "4": 6054,
        "5": 20155,
        "6": 43761
    },
    "12908": {
        "0": 1,
        "1": 11,
        "2": 93,
        "3": 804,
        "4": 6940,
        "5": 27021,
        "6": 66461
    },
    "12909": {
        "0": 1,
        "1": 9,
        "2": 76,
        "3": 644,
        "4": 5519,
        "5": 14627,
        "6": 29107
    },
    "12910": {
        "0": 1,
        "1": 10,
        "2": 86,
        "3": 741,
        "4": 6433,
        "5": 23372,
        "6": 58422
    },
    "12911": {
        "0": 1,
        "1": 10,
        "2": 89,
        "3": 787,
        "4": 6965,
        "5": 28825,
        "6": 85720
    },
    "12912": {
        "0": 1,
        "1": 13,
        "2": 117,
        "3": 1012,
        "4": 8730,
        "5": 42575,
        "6": 121430
    },
    "12913": {
        "0": 1,
        "1": 11,
        "2": 92,
        "3": 782,
        "4": 6661,
        "5": 24207,
        "6": 57096
    },
    "12914": {
        "0": 1,
        "1": 10,
        "2": 86,
        "3": 740,
        "4": 6367,
        "5": 22046,
        "6": 48202
    },
    "12915": {
        "0": 1,
        "1": 10,
        "2": 85,
        "3": 742,
        "4": 6486,
        "5": 23669,
        "6": 58848
    },
    "12916": {
        "0": 1,
        "1": 9,
        "2": 81,
        "3": 740,
        "4": 6741,
        "5": 28127,
        "6": 87546
    },
    "12917": {
        "0": 1,
        "1": 12,
        "2": 103,
        "3": 880,
        "4": 7527,
        "5": 31758,
        "6": 89513
    },
    "12918": {
        "0": 1,
        "1": 13,
        "2": 113,
        "3": 956,
        "4": 8198,
        "5": 38138,
        "6": 111950
    },
    "12919": {
        "0": 1,
        "1": 9,
        "2": 78,
        "3": 680,
        "4": 5915,
        "5": 18767,
        "6": 46234
    },
    "12920": {
        "0": 1,
        "1": 11,
        "2": 92,
        "3": 781,
        "4": 6702,
        "5": 25234,
        "6": 58945
    },
    "12921": {
        "0": 1,
        "1": 10,
        "2": 86,
        "3": 758,
        "4": 6620,
        "5": 24742,
        "6": 60415
    },
    "12922": {
        "0": 1,
        "1": 10,
        "2": 85,
        "3": 732,
        "4": 6343,
        "5": 22577,
        "6": 47147
    },
    "12923": {
        "0": 1,
        "1": 8,
        "2": 77,
        "3": 709,
        "4": 6535,
        "5": 27087,
        "6": 75604
    },
    "12924": {
        "0": 1,
        "1": 9,
        "2": 73,
        "3": 611,
        "4": 5176,
        "5": 11565,
        "6": 17567
    },
    "12925": {
        "0": 1,
        "1": 11,
        "2": 96,
        "3": 836,
        "4": 7327,
        "5": 31334,
        "6": 79884
    },
    "12926": {
        "0": 1,
        "1": 10,
        "2": 83,
        "3": 702,
        "4": 5955,
        "5": 18017,
        "6": 40755
    },
    "12927": {
        "0": 1,
        "1": 9,
        "2": 75,
        "3": 632,
        "4": 5346,
        "5": 12719,
        "6": 19991
    },
    "12928": {
        "0": 1,
        "1": 10,
        "2": 86,
        "3": 747,
        "4": 6515,
        "5": 23994,
        "6": 55221
    },
    "12929": {
        "0": 1,
        "1": 9,
        "2": 77,
        "3": 682,
        "4": 6033,
        "5": 20487,
        "6": 41711
    },
    "12930": {
        "0": 1,
        "1": 10,
        "2": 90,
        "3": 797,
        "4": 7028,
        "5": 29048,
        "6": 79277
    },
    "12931": {
        "0": 1,
        "1": 10,
        "2": 86,
        "3": 753,
        "4": 6607,
        "5": 25165,
        "6": 60352
    },
    "12932": {
        "0": 1,
        "1": 11,
        "2": 95,
        "3": 814,
        "4": 6984,
        "5": 27317,
        "6": 66664
    },
    "12933": {
        "0": 1,
        "1": 11,
        "2": 93,
        "3": 804,
        "4": 6978,
        "5": 27901,
        "6": 74028
    },
    "12934": {
        "0": 1,
        "1": 11,
        "2": 101,
        "3": 919,
        "4": 8251,
        "5": 40477,
        "6": 124976
    },
    "12935": {
        "0": 1,
        "1": 9,
        "2": 74,
        "3": 628,
        "4": 5368,
        "5": 13527,
        "6": 26039
    },
    "12936": {
        "0": 1,
        "1": 12,
        "2": 104,
        "3": 909,
        "4": 7968,
        "5": 36751,
        "6": 109726
    },
    "12937": {
        "0": 1,
        "1": 11,
        "2": 96,
        "3": 845,
        "4": 7466,
        "5": 33072,
        "6": 86508
    },
    "12938": {
        "0": 1,
        "1": 11,
        "2": 91,
        "3": 778,
        "4": 6710,
        "5": 25565,
        "6": 65092
    },
    "12939": {
        "0": 1,
        "1": 11,
        "2": 94,
        "3": 807,
        "4": 6974,
        "5": 27864,
        "6": 75256
    },
    "12940": {
        "0": 1,
        "1": 10,
        "2": 84,
        "3": 717,
        "4": 6165,
        "5": 20478,
        "6": 43352
    },
    "12941": {
        "0": 1,
        "1": 9,
        "2": 78,
        "3": 671,
        "4": 5757,
        "5": 16582,
        "6": 32190
    },
    "12942": {
        "0": 1,
        "1": 10,
        "2": 85,
        "3": 733,
        "4": 6352,
        "5": 22566,
        "6": 54232
    },
    "12943": {
        "0": 1,
        "1": 11,
        "2": 99,
        "3": 867,
        "4": 7566,
        "5": 33177,
        "6": 98365
    },
    "12944": {
        "0": 1,
        "1": 9,
        "2": 76,
        "3": 650,
        "4": 5615,
        "5": 16070,
        "6": 35981
    },
    "12945": {
        "0": 1,
        "1": 11,
        "2": 96,
        "3": 835,
        "4": 7253,
        "5": 30304,
        "6": 75333
    },
    "12946": {
        "0": 1,
        "1": 11,
        "2": 96,
        "3": 838,
        "4": 7293,
        "5": 30562,
        "6": 79746
    },
    "12947": {
        "0": 1,
        "1": 13,
        "2": 121,
        "3": 1062,
        "4": 9224,
        "5": 47206,
        "6": 149382
    },
    "12948": {
        "0": 1,
        "1": 11,
        "2": 95,
        "3": 832,
        "4": 7284,
        "5": 30824,
        "6": 83182
    },
    "12949": {
        "0": 1,
        "1": 9,
        "2": 79,
        "3": 686,
        "4": 5965,
        "5": 18944,
        "6": 40221
    },
    "12950": {
        "0": 1,
        "1": 9,
        "2": 77,
        "3": 671,
        "4": 5886,
        "5": 19207,
        "6": 47535
    },
    "12951": {
        "0": 1,
        "1": 12,
        "2": 107,
        "3": 923,
        "4": 7920,
        "5": 35220,
        "6": 90153
    },
    "12952": {
        "0": 1,
        "1": 9,
        "2": 77,
        "3": 669,
        "4": 5810,
        "5": 17783,
        "6": 36479
    },
    "12953": {
        "0": 1,
        "1": 9,
        "2": 77,
        "3": 668,
        "4": 5804,
        "5": 17814,
        "6": 37167
    },
    "12954": {
        "0": 1,
        "1": 8,
        "2": 71,
        "3": 619,
        "4": 5375,
        "5": 13877,
        "6": 24576
    },
    "12955": {
        "0": 1,
        "1": 8,
        "2": 71,
        "3": 637,
        "4": 5731,
        "5": 18494,
        "6": 40911
    },
    "12956": {
        "0": 1,
        "1": 10,
        "2": 84,
        "3": 721,
        "4": 6255,
        "5": 21811,
        "6": 48885
    },
    "12957": {
        "0": 1,
        "1": 9,
        "2": 78,
        "3": 666,
        "4": 5757,
        "5": 17325,
        "6": 38688
    },
    "12958": {
        "0": 1,
        "1": 14,
        "2": 120,
        "3": 985,
        "4": 8194,
        "5": 36137,
        "6": 89564
    },
    "12959": {
        "0": 1,
        "1": 13,
        "2": 114,
        "3": 962,
        "4": 8162,
        "5": 36780,
        "6": 107208
    },
    "12960": {
        "0": 1,
        "1": 11,
        "2": 92,
        "3": 782,
        "4": 6691,
        "5": 24807,
        "6": 61238
    },
    "12961": {
        "0": 1,
        "1": 11,
        "2": 93,
        "3": 811,
        "4": 7088,
        "5": 29275,
        "6": 78202
    },
    "12962": {
        "0": 1,
        "1": 10,
        "2": 81,
        "3": 677,
        "4": 5729,
        "5": 16180,
        "6": 30277
    },
    "12963": {
        "0": 1,
        "1": 10,
        "2": 83,
        "3": 712,
        "4": 6134,
        "5": 20494,
        "6": 46707
    },
    "12964": {
        "0": 1,
        "1": 12,
        "2": 102,
        "3": 868,
        "4": 7457,
        "5": 31668,
        "6": 83781
    },
    "12965": {
        "0": 1,
        "1": 12,
        "2": 104,
        "3": 883,
        "4": 7514,
        "5": 31404,
        "6": 77390
    },
    "12966": {
        "0": 1,
        "1": 11,
        "2": 101,
        "3": 889,
        "4": 7816,
        "5": 35944,
        "6": 112041
    },
    "12967": {
        "0": 1,
        "1": 11,
        "2": 100,
        "3": 884,
        "4": 7782,
        "5": 35669,
        "6": 108550
    },
    "12968": {
        "0": 1,
        "1": 12,
        "2": 108,
        "3": 942,
        "4": 8227,
        "5": 38968,
        "6": 117541
    },
    "12969": {
        "0": 1,
        "1": 10,
        "2": 87,
        "3": 749,
        "4": 6453,
        "5": 22961,
        "6": 52009
    },
    "12970": {
        "0": 1,
        "1": 12,
        "2": 101,
        "3": 848,
        "4": 7183,
        "5": 28529,
        "6": 73438
    },
    "12971": {
        "0": 1,
        "1": 10,
        "2": 87,
        "3": 759,
        "4": 6660,
        "5": 25989,
        "6": 66836
    },
    "12972": {
        "0": 1,
        "1": 12,
        "2": 102,
        "3": 868,
        "4": 7434,
        "5": 31302,
        "6": 84055
    },
    "12973": {
        "0": 1,
        "1": 10,
        "2": 89,
        "3": 800,
        "4": 7167,
        "5": 31458,
        "6": 82144
    },
    "12974": {
        "0": 1,
        "1": 10,
        "2": 85,
        "3": 729,
        "4": 6316,
        "5": 22424,
        "6": 50374
    },
    "12975": {
        "0": 1,
        "1": 9,
        "2": 78,
        "3": 672,
        "4": 5830,
        "5": 17925,
        "6": 38618
    },
    "12976": {
        "0": 1,
        "1": 10,
        "2": 79,
        "3": 665,
        "4": 5640,
        "5": 15400,
        "6": 31444
    },
    "12977": {
        "0": 1,
        "1": 9,
        "2": 76,
        "3": 646,
        "4": 5537,
        "5": 15028,
        "6": 29000
    },
    "12978": {
        "0": 1,
        "1": 12,
        "2": 113,
        "3": 1009,
        "4": 8870,
        "5": 44813,
        "6": 148473
    },
    "12979": {
        "0": 1,
        "1": 11,
        "2": 95,
        "3": 804,
        "4": 6782,
        "5": 24345,
        "6": 51988
    },
    "12980": {
        "0": 1,
        "1": 13,
        "2": 114,
        "3": 980,
        "4": 8465,
        "5": 40659,
        "6": 124054
    },
    "12981": {
        "0": 1,
        "1": 12,
        "2": 108,
        "3": 961,
        "4": 8578,
        "5": 43763,
        "6": 148995
    },
    "12982": {
        "0": 1,
        "1": 9,
        "2": 74,
        "3": 625,
        "4": 5335,
        "5": 13229,
        "6": 22846
    },
    "12983": {
        "0": 1,
        "1": 12,
        "2": 109,
        "3": 961,
        "4": 8457,
        "5": 41775,
        "6": 128578
    },
    "12984": {
        "0": 1,
        "1": 11,
        "2": 94,
        "3": 820,
        "4": 7179,
        "5": 29914,
        "6": 82761
    },
    "12985": {
        "0": 1,
        "1": 10,
        "2": 91,
        "3": 802,
        "4": 6993,
        "5": 28051,
        "6": 78656
    },
    "12986": {
        "0": 1,
        "1": 9,
        "2": 75,
        "3": 646,
        "4": 5627,
        "5": 16611,
        "6": 31189
    },
    "12987": {
        "0": 1,
        "1": 12,
        "2": 105,
        "3": 907,
        "4": 7859,
        "5": 35736,
        "6": 108579
    },
    "12988": {
        "0": 1,
        "1": 11,
        "2": 97,
        "3": 834,
        "4": 7163,
        "5": 28845,
        "6": 76344
    },
    "12989": {
        "0": 1,
        "1": 9,
        "2": 78,
        "3": 673,
        "4": 5835,
        "5": 17668,
        "6": 39326
    },
    "12990": {
        "0": 1,
        "1": 9,
        "2": 78,
        "3": 680,
        "4": 5985,
        "5": 20102,
        "6": 48109
    },
    "12991": {
        "0": 1,
        "1": 14,
        "2": 126,
        "3": 1085,
        "4": 9269,
        "5": 46758,
        "6": 135865
    },
    "12992": {
        "0": 1,
        "1": 12,
        "2": 106,
        "3": 908,
        "4": 7804,
        "5": 34630,
        "6": 100705
    },
    "12993": {
        "0": 1,
        "1": 11,
        "2": 93,
        "3": 801,
        "4": 6930,
        "5": 27342,
        "6": 68015
    },
    "12994": {
        "0": 1,
        "1": 11,
        "2": 93,
        "3": 794,
        "4": 6810,
        "5": 25675,
        "6": 57581
    },
    "12995": {
        "0": 1,
        "1": 8,
        "2": 68,
        "3": 584,
        "4": 5085,
        "5": 11923,
        "6": 22538
    },
    "12996": {
        "0": 1,
        "1": 12,
        "2": 102,
        "3": 866,
        "4": 7393,
        "5": 30542,
        "6": 82940
    },
    "12997": {
        "0": 1,
        "1": 9,
        "2": 78,
        "3": 676,
        "4": 5879,
        "5": 18470,
        "6": 39990
    },
    "12998": {
        "0": 1,
        "1": 12,
        "2": 101,
        "3": 857,
        "4": 7361,
        "5": 31060,
        "6": 82093
    },
    "12999": {
        "0": 1,
        "1": 12,
        "2": 100,
        "3": 829,
        "4": 6923,
        "5": 25446,
        "6": 56623
    }
}