{
    "22800": {
        "0": 1,
        "1": 13,
        "2": 115,
        "3": 975,
        "4": 8239,
        "5": 37160,
        "6": 105970
    },
    "22801": {
        "0": 1,
        "1": 10,
        "2": 85,
        "3": 732,
        "4": 6332,
        "5": 22233,
        "6": 55225
    },
    "22802": {
        "0": 1,
        "1": 11,
        "2": 91,
        "3": 752,
        "4": 6295,
        "5": 20494,
        "6": 44811
    },
    "22803": {
        "0": 1,
        "1": 11,
        "2": 98,
        "3": 857,
        "4": 7478,
        "5": 32310,
        "6": 92097
    },
    "22804": {
        "0": 1,
        "1": 9,
        "2": 78,
        "3": 685,
        "4": 5990,
        "5": 19198,
        "6": 43266
    },
    "22805": {
        "0": 1,
        "1": 13,
        "2": 113,
        "3": 959,
        "4": 8139,
        "5": 36812,
        "6": 101625
    },
    "22806": {
        "0": 1,
        "1": 10,
        "2": 87,
        "3": 758,
        "4": 6638,
        "5": 25454,
        "6": 55563
    },
    "22807": {
        "0": 1,
        "1": 11,
        "2": 97,
        "3": 843,
        "4": 7309,
        "5": 30727,
        "6": 84138
    },
    "22808": {
        "0": 1,
        "1": 14,
        "2": 123,
        "3": 1032,
        "4": 8723,
        "5": 41836,
        "6": 120997
    },
    "22809": {
        "0": 1,
        "1": 11,
        "2": 100,
        "3": 888,
        "4": 7828,
        "5": 36118,
        "6": 105765
    },
    "22810": {
        "0": 1,
        "1": 10,
        "2": 84,
        "3": 720,
        "4": 6186,
        "5": 20544,
        "6": 43547
    },
    "22811": {
        "0": 1,
        "1": 12,
        "2": 102,
        "3": 872,
        "4": 7464,
        "5": 31193,
        "6": 79199
    },
    "22812": {
        "0": 1,
        "1": 13,
        "2": 115,
        "3": 981,
        "4": 8364,
        "5": 38919,
        "6": 118568
    },
    "22813": {
        "0": 1,
        "1": 10,
        "2": 87,
        "3": 770,
        "4": 6823,
        "5": 27721,
        "6": 72901
    },
    "22814": {
        "0": 1,
        "1": 11,
        "2": 93,
        "3": 797,
        "4": 6866,
        "5": 26375,
        "6": 63250
    },
    "22815": {
        "0": 1,
        "1": 14,
        "2": 128,
        "3": 1134,
        "4": 9974,
        "5": 54660,
        "6": 180386
    },
    "22816": {
        "0": 1,
        "1": 11,
        "2": 92,
        "3": 788,
        "4": 6786,
        "5": 26083,
        "6": 66827
    },
    "22817": {
        "0": 1,
        "1": 11,
        "2": 95,
        "3": 822,
        "4": 7134,
        "5": 29258,
        "6": 77640
    },
    "22818": {
        "0": 1,
        "1": 8,
        "2": 70,
        "3": 612,
        "4": 5356,
        "5": 14156,
        "6": 31588
    },
    "22819": {
        "0": 1,
        "1": 10,
        "2": 87,
        "3": 764,
        "4": 6729,
        "5": 26568,
        "6": 74369
    },
    "22820": {
        "0": 1,
        "1": 9,
        "2": 76,
        "3": 650,
        "4": 5593,
        "5": 15651,
        "6": 30037
    },
    "22821": {
        "0": 1,
        "1": 10,
        "2": 83,
        "3": 697,
        "4": 5902,
        "5": 17611,
        "6": 35810
    },
    "22822": {
        "0": 1,
        "1": 9,
        "2": 80,
        "3": 695,
        "4": 6062,
        "5": 19724,
        "6": 48716
    },
    "22823": {
        "0": 1,
        "1": 13,
        "2": 121,
        "3": 1074,
        "4": 9375,
        "5": 48735,
        "6": 164905
    },
    "22824": {
        "0": 1,
        "1": 10,
        "2": 89,
        "3": 788,
        "4": 6927,
        "5": 27738,
        "6": 75901
    },
    "22825": {
        "0": 1,
        "1": 11,
        "2": 95,
        "3": 823,
        "4": 7171,
        "5": 29806,
        "6": 81956
    },
    "22826": {
        "0": 1,
        "1": 12,
        "2": 105,
        "3": 900,
        "4": 7727,
        "5": 33804,
        "6": 92991
    },
    "22827": {
        "0": 1,
        "1": 11,
        "2": 95,
        "3": 826,
        "4": 7145,
        "5": 29020,
        "6": 72198
    },
    "22828": {
        "0": 1,
        "1": 16,
        "2": 149,
        "3": 1251,
        "4": 10364,
        "5": 53321,
        "6": 173487
    },
    "22829": {
        "0": 1,
        "1": 10,
        "2": 83,
        "3": 708,
        "4": 6076,
        "5": 19420,
        "6": 38371
    },
    "22830": {
        "0": 1,
        "1": 9,
        "2": 74,
        "3": 631,
        "4": 5427,
        "5": 14238,
        "6": 28253
    },
    "22831": {
        "0": 1,
        "1": 13,
        "2": 117,
        "3": 1009,
        "4": 8664,
        "5": 41725,
        "6": 124019
    },
    "22832": {
        "0": 1,
        "1": 8,
        "2": 65,
        "3": 549,
        "4": 4703,
        "5": 7601,
        "6": 16301
    },
    "22833": {
        "0": 1,
        "1": 10,
        "2": 80,
        "3": 670,
        "4": 5693,
        "5": 15993,
        "6": 33166
    },
    "22834": {
        "0": 1,
        "1": 11,
        "2": 92,
        "3": 781,
        "4": 6700,
        "5": 25183,
        "6": 63859
    },
    "22835": {
        "0": 1,
        "1": 11,
        "2": 92,
        "3": 776,
        "4": 6632,
        "5": 24328,
        "6": 59175
    },
    "22836": {
        "0": 1,
        "1": 13,
        "2": 117,
        "3": 1012,
        "4": 8735,
        "5": 42393,
        "6": 130685
    },
    "22837": {
        "0": 1,
        "1": 11,
        "2": 101,
        "3": 899,
        "4": 7931,
        "5": 36610,
        "6": 104636
    },
    "22838": {
        "0": 1,
        "1": 10,
        "2": 88,
        "3": 761,
        "4": 6607,
        "5": 24858,
        "6": 65054
    },
    "22839": {
        "0": 1,
        "1": 10,
        "2": 84,
        "3": 722,
        "4": 6277,
        "5": 22343,
        "6": 54604
    },
    "22840": {
        "0": 1,
        "1": 10,
        "2": 86,
        "3": 743,
        "4": 6411,
        "5": 22810,
        "6": 57496
    },
    "22841": {
        "0": 1,
        "1": 12,
        "2": 110,
        "3": 1005,
        "4": 9111,
        "5": 49245,
        "6": 182405
    },
    "22842": {
        "0": 1,
        "1": 10,
        "2": 90,
        "3": 799,
        "4": 7065,
        "5": 29720,
        "6": 76355
    },
    "22843": {
        "0": 1,
        "1": 11,
        "2": 94,
        "3": 814,
        "4": 7074,
        "5": 28859,
        "6": 76009
    },
    "22844": {
        "0": 1,
        "1": 12,
        "2": 107,
        "3": 918,
        "4": 7836,
        "5": 34228,
        "6": 99071
    },
    "22845": {
        "0": 1,
        "1": 10,
        "2": 89,
        "3": 797,
        "4": 7139,
        "5": 30620,
        "6": 82568
    },
    "22846": {
        "0": 1,
        "1": 9,
        "2": 73,
        "3": 612,
        "4": 5190,
        "5": 11657,
        "6": 16691
    },
    "22847": {
        "0": 1,
        "1": 10,
        "2": 83,
        "3": 715,
        "4": 6137,
        "5": 19982,
        "6": 42151
    },
    "22848": {
        "0": 1,
        "1": 10,
        "2": 88,
        "3": 771,
        "4": 6763,
        "5": 26126,
        "6": 68281
    },
    "22849": {
        "0": 1,
        "1": 10,
        "2": 88,
        "3": 782,
        "4": 6959,
        "5": 29226,
        "6": 79217
    },
    "22850": {
        "0": 1,
        "1": 10,
        "2": 89,
        "3": 791,
        "4": 7008,
        "5": 29175,
        "6": 77574
    },
    "22851": {
        "0": 1,
        "1": 11,
        "2": 97,
        "3": 846,
        "4": 7346,
        "5": 30946,
        "6": 80075
    },
    "22852": {
        "0": 1,
        "1": 11,
        "2": 97,
        "3": 839,
        "4": 7242,
        "5": 29828,
        "6": 79819
    },
    "22853": {
        "0": 1,
        "1": 11,
        "2": 96,
        "3": 814,
        "4": 6944,
        "5": 26835,
        "6": 68066
    },
    "22854": {
        "0": 1,
        "1": 10,
        "2": 84,
        "3": 726,
        "4": 6288,
        "5": 21795,
        "6": 49534
    },
    "22855": {
        "0": 1,
        "1": 10,
        "2": 87,
        "3": 750,
        "4": 6510,
        "5": 23948,
        "6": 57170
    },
    "22856": {
        "0": 1,
        "1": 12,
        "2": 109,
        "3": 968,
        "4": 8522,
        "5": 41807,
        "6": 133429
    },
    "22857": {
        "0": 1,
        "1": 8,
        "2": 69,
        "3": 602,
        "4": 5267,
        "5": 13375,
        "6": 23274
    },
    "22858": {
        "0": 1,
        "1": 9,
        "2": 77,
        "3": 673,
        "4": 5904,
        "5": 19252,
        "6": 42290
    },
    "22859": {
        "0": 1,
        "1": 11,
        "2": 99,
        "3": 862,
        "4": 7518,
        "5": 32652,
        "6": 95736
    },
    "22860": {
        "0": 1,
        "1": 10,
        "2": 87,
        "3": 760,
        "4": 6632,
        "5": 25041,
        "6": 63348
    },
    "22861": {
        "0": 1,
        "1": 10,
        "2": 91,
        "3": 824,
        "4": 7403,
        "5": 33388,
        "6": 93654
    },
    "22862": {
        "0": 1,
        "1": 11,
        "2": 102,
        "3": 902,
        "4": 7922,
        "5": 36435,
        "6": 100741
    },
    "22863": {
        "0": 1,
        "1": 11,
        "2": 93,
        "3": 790,
        "4": 6734,
        "5": 25093,
        "6": 65080
    },
    "22864": {
        "0": 1,
        "1": 10,
        "2": 85,
        "3": 738,
        "4": 6466,
        "5": 23981,
        "6": 57318
    },
    "22865": {
        "0": 1,
        "1": 13,
        "2": 118,
        "3": 1060,
        "4": 9512,
        "5": 52254,
        "6": 189430
    },
    "22866": {
        "0": 1,
        "1": 10,
        "2": 87,
        "3": 758,
        "4": 6613,
        "5": 24886,
        "6": 61836
    },
    "22867": {
        "0": 1,
        "1": 12,
        "2": 101,
        "3": 868,
        "4": 7487,
        "5": 32166,
        "6": 83800
    },
    "22868": {
        "0": 1,
        "1": 8,
        "2": 71,
        "3": 625,
        "4": 5493,
        "5": 15524,
        "6": 33165
    },
    "22869": {
        "0": 1,
        "1": 10,
        "2": 84,
        "3": 714,
        "4": 6118,
        "5": 19796,
        "6": 42396
    },
    "22870": {
        "0": 1,
        "1": 10,
        "2": 88,
        "3": 777,
        "4": 6905,
        "5": 28349,
        "6": 79833
    },
    "22871": {
        "0": 1,
        "1": 9,
        "2": 74,
        "3": 629,
        "4": 5372,
        "5": 13275,
        "6": 28245
    },
    "22872": {
        "0": 1,
        "1": 11,
        "2": 95,
        "3": 835,
        "4": 7362,
        "5": 32168,
        "6": 90287
    },
    "22873": {
        "0": 1,
        "1": 11,
        "2": 105,
        "3": 968,
        "4": 8860,
        "5": 47261,
        "6": 164964
    },
    "22874": {
        "0": 1,
        "1": 11,
        "2": 95,
        "3": 831,
        "4": 7286,
        "5": 31298,
        "6": 86893
    },
    "22875": {
        "0": 1,
        "1": 9,
        "2": 78,
        "3": 683,
        "4": 5964,
        "5": 19084,
        "6": 40262
    },
    "22876": {
        "0": 1,
        "1": 10,
        "2": 88,
        "3": 778,
        "4": 6840,
        "5": 27060,
        "6": 71143
    },
    "22877": {
        "0": 1,
        "1": 10,
        "2": 84,
        "3": 746,
        "4": 6624,
        "5": 26117,
        "6": 69024
    },
    "22878": {
        "0": 1,
        "1": 11,
        "2": 97,
        "3": 839,
        "4": 7252,
        "5": 30030,
        "6": 84755
    },
    "22879": {
        "0": 1,
        "1": 10,
        "2": 85,
        "3": 730,
        "4": 6293,
        "5": 21649,
        "6": 43176
    },
    "22880": {
        "0": 1,
        "1": 9,
        "2": 76,
        "3": 653,
        "4": 5662,
        "5": 16722,
        "6": 42662
    },
    "22881": {
        "0": 1,
        "1": 11,
        "2": 96,
        "3": 829,
        "4": 7141,
        "5": 28835,
        "6": 70501
    },
    "22882": {
        "0": 1,
        "1": 11,
        "2": 96,
        "3": 833,
        "4": 7301,
        "5": 31499,
        "6": 89025
    },
    "22883": {
        "0": 1,
        "1": 11,
        "2": 98,
        "3": 861,
        "4": 7476,
        "5": 31269,
        "6": 89785
    },
    "22884": {
        "0": 1,
        "1": 11,
        "2": 94,
        "3": 794,
        "4": 6726,
        "5": 24456,
        "6": 56281
    },
    "22885": {
        "0": 1,
        "1": 10,
        "2": 83,
        "3": 709,
        "4": 6095,
        "5": 19879,
        "6": 41071
    },
    "22886": {
        "0": 1,
        "1": 11,
        "2": 95,
        "3": 831,
        "4": 7291,
        "5": 31102,
        "6": 85577
    },
    "22887": {
        "0": 1,
        "1": 12,
        "2": 108,
        "3": 939,
        "4": 8154,
        "5": 38311,
        "6": 119982
    },
    "22888": {
        "0": 1,
        "1": 10,
        "2": 86,
        "3": 752,
        "4": 6640,
        "5": 26012,
        "6": 67811
    },
    "22889": {
        "0": 1,
        "1": 11,
        "2": 99,
        "3": 868,
        "4": 7565,
        "5": 33227,
        "6": 96699
    },
    "22890": {
        "0": 1,
        "1": 11,
        "2": 99,
        "3": 869,
        "4": 7637,
        "5": 34215,
        "6": 91774
    },
    "22891": {
        "0": 1,
        "1": 15,
        "2": 146,
        "3": 1287,
        "4": 11112,
        "5": 63005,
        "6": 228383
    },
    "22892": {
        "0": 1,
        "1": 13,
        "2": 112,
        "3": 951,
        "4": 8061,
        "5": 35839,
        "6": 89915
    },
    "22893": {
        "0": 1,
        "1": 12,
        "2": 109,
        "3": 952,
        "4": 8277,
        "5": 39359,
        "6": 121436
    },
    "22894": {
        "0": 1,
        "1": 10,
        "2": 89,
        "3": 778,
        "4": 6834,
        "5": 27380,
        "6": 75104
    },
    "22895": {
        "0": 1,
        "1": 10,
        "2": 82,
        "3": 684,
        "4": 5775,
        "5": 16238,
        "6": 35036
    },
    "22896": {
        "0": 1,
        "1": 12,
        "2": 101,
        "3": 848,
        "4": 7165,
        "5": 28414,
        "6": 70141
    },
    "22897": {
        "0": 1,
        "1": 11,
        "2": 94,
        "3": 811,
        "4": 7091,
        "5": 29484,
        "6": 78789
    },
    "22898": {
        "0": 1,
        "1": 12,
        "2": 105,
        "3": 892,
        "4": 7550,
        "5": 31523,
        "6": 87220
    },
    "22899": {
        "0": 1,
        "1": 12,
        "2": 105,
        "3": 893,
        "4": 7564,
        "5": 31370,
        "6": 84333
    }
}