{
    "16500": {
        "0": 1,
        "1": 9,
        "2": 80,
        "3": 698,
        "4": 6082,
        "5": 20276,
        "6": 49881
    },
    "16501": {
        "0": 1,
        "1": 8,
        "2": 68,
        "3": 585,
        "4": 5068,
        "5": 11334,
        "6": 20534
    },
    "16502": {
        "0": 1,
        "1": 13,
        "2": 111,
        "3": 928,
        "4": 7840,
        "5": 33974,
        "6": 90170
    },
    "16503": {
        "0": 1,
        "1": 11,
        "2": 96,
        "3": 830,
        "4": 7190,
        "5": 29608,
        "6": 75793
    },
    "16504": {
        "0": 1,
        "1": 12,
        "2": 106,
        "3": 904,
        "4": 7731,
        "5": 33814,
        "6": 91878
    },
    "16505": {
        "0": 1,
        "1": 9,
        "2": 78,
        "3": 692,
        "4": 6171,
        "5": 22183,
        "6": 53777
    },
    "16506": {
        "0": 1,
        "1": 9,
        "2": 79,
        "3": 699,
        "4": 6153,
        "5": 21393,
        "6": 55185
    },
    "16507": {
        "0": 1,
        "1": 11,
        "2": 99,
        "3": 890,
        "4": 7888,
        "5": 36801,
        "6": 111746
    },
    "16508": {
        "0": 1,
        "1": 10,
        "2": 84,
        "3": 714,
        "4": 6122,
        "5": 19824,
        "6": 41842
    },
    "16509": {
        "0": 1,
        "1": 11,
        "2": 90,
        "3": 751,
        "4": 6309,
        "5": 20533,
        "6": 44991
    },
    "16510": {
        "0": 1,
        "1": 12,
        "2": 103,
        "3": 887,
        "4": 7682,
        "5": 33901,
        "6": 100410
    },
    "16511": {
        "0": 1,
        "1": 12,
        "2": 105,
        "3": 902,
        "4": 7745,
        "5": 33979,
        "6": 87428
    },
    "16512": {
        "0": 1,
        "1": 11,
        "2": 94,
        "3": 797,
        "4": 6783,
        "5": 24811,
        "6": 62002
    },
    "16513": {
        "0": 1,
        "1": 11,
        "2": 99,
        "3": 887,
        "4": 7822,
        "5": 35330,
        "6": 101645
    },
    "16514": {
        "0": 1,
        "1": 9,
        "2": 77,
        "3": 658,
        "4": 5691,
        "5": 16835,
        "6": 36970
    },
    "16515": {
        "0": 1,
        "1": 12,
        "2": 105,
        "3": 915,
        "4": 7941,
        "5": 36013,
        "6": 97905
    },
    "16516": {
        "0": 1,
        "1": 11,
        "2": 94,
        "3": 805,
        "4": 6934,
        "5": 26849,
        "6": 73250
    },
    "16517": {
        "0": 1,
        "1": 9,
        "2": 77,
        "3": 671,
        "4": 5843,
        "5": 18128,
        "6": 37159
    },
    "16518": {
        "0": 1,
        "1": 11,
        "2": 97,
        "3": 849,
        "4": 7449,
        "5": 32615,
        "6": 91259
    },
    "16519": {
        "0": 1,
        "1": 10,
        "2": 88,
        "3": 778,
        "4": 6845,
        "5": 27212,
        "6": 71792
    },
    "16520": {
        "0": 1,
        "1": 8,
        "2": 67,
        "3": 565,
        "4": 4804,
        "5": 8386,
        "6": 12534
    },
    "16521": {
        "0": 1,
        "1": 11,
        "2": 91,
        "3": 777,
        "4": 6664,
        "5": 24671,
        "6": 52822
    },
    "16522": {
        "0": 1,
        "1": 11,
        "2": 96,
        "3": 823,
        "4": 7057,
        "5": 27927,
        "6": 75239
    },
    "16523": {
        "0": 1,
        "1": 11,
        "2": 96,
        "3": 821,
        "4": 7047,
        "5": 28074,
        "6": 82307
    },
    "16524": {
        "0": 1,
        "1": 9,
        "2": 78,
        "3": 692,
        "4": 6104,
        "5": 20802,
        "6": 47250
    },
    "16525": {
        "0": 1,
        "1": 10,
        "2": 82,
        "3": 689,
        "4": 5862,
        "5": 17264,
        "6": 33077
    },
    "16526": {
        "0": 1,
        "1": 14,
        "2": 124,
        "3": 1049,
        "4": 8886,
        "5": 42744,
        "6": 120520
    },
    "16527": {
        "0": 1,
        "1": 10,
        "2": 86,
        "3": 752,
        "4": 6593,
        "5": 24851,
        "6": 55198
    },
    "16528": {
        "0": 1,
        "1": 11,
        "2": 96,
        "3": 829,
        "4": 7153,
        "5": 28857,
        "6": 79340
    },
    "16529": {
        "0": 1,
        "1": 9,
        "2": 76,
        "3": 653,
        "4": 5614,
        "5": 15471,
        "6": 31287
    },
    "16530": {
        "0": 1,
        "1": 8,
        "2": 67,
        "3": 571,
        "4": 4933,
        "5": 10291,
        "6": 17618
    },
    "16531": {
        "0": 1,
        "1": 11,
        "2": 94,
        "3": 807,
        "4": 6976,
        "5": 27590,
        "6": 72514
    },
    "16532": {
        "0": 1,
        "1": 10,
        "2": 85,
        "3": 717,
        "4": 6062,
        "5": 18662,
        "6": 37948
    },
    "16533": {
        "0": 1,
        "1": 11,
        "2": 99,
        "3": 881,
        "4": 7817,
        "5": 35918,
        "6": 105468
    },
    "16534": {
        "0": 1,
        "1": 12,
        "2": 107,
        "3": 934,
        "4": 8062,
        "5": 36780,
        "6": 109541
    },
    "16535": {
        "0": 1,
        "1": 12,
        "2": 100,
        "3": 817,
        "4": 6725,
        "5": 23202,
        "6": 53129
    },
    "16536": {
        "0": 1,
        "1": 8,
        "2": 68,
        "3": 579,
        "4": 4988,
        "5": 10643,
        "6": 16756
    },
    "16537": {
        "0": 1,
        "1": 9,
        "2": 74,
        "3": 628,
        "4": 5386,
        "5": 13803,
        "6": 24573
    },
    "16538": {
        "0": 1,
        "1": 9,
        "2": 80,
        "3": 706,
        "4": 6271,
        "5": 23118,
        "6": 57395
    },
    "16539": {
        "0": 1,
        "1": 12,
        "2": 104,
        "3": 882,
        "4": 7453,
        "5": 30345,
        "6": 70786
    },
    "16540": {
        "0": 1,
        "1": 12,
        "2": 107,
        "3": 944,
        "4": 8265,
        "5": 39307,
        "6": 113634
    },
    "16541": {
        "0": 1,
        "1": 10,
        "2": 87,
        "3": 771,
        "4": 6846,
        "5": 28178,
        "6": 75235
    },
    "16542": {
        "0": 1,
        "1": 10,
        "2": 86,
        "3": 753,
        "4": 6593,
        "5": 24809,
        "6": 60744
    },
    "16543": {
        "0": 1,
        "1": 11,
        "2": 99,
        "3": 881,
        "4": 7783,
        "5": 35598,
        "6": 102276
    },
    "16544": {
        "0": 1,
        "1": 9,
        "2": 77,
        "3": 678,
        "4": 5998,
        "5": 20157,
        "6": 50876
    },
    "16545": {
        "0": 1,
        "1": 10,
        "2": 82,
        "3": 700,
        "4": 6066,
        "5": 19974,
        "6": 45085
    },
    "16546": {
        "0": 1,
        "1": 9,
        "2": 78,
        "3": 677,
        "4": 5887,
        "5": 18171,
        "6": 39236
    },
    "16547": {
        "0": 1,
        "1": 12,
        "2": 107,
        "3": 927,
        "4": 7950,
        "5": 35238,
        "6": 93019
    },
    "16548": {
        "0": 1,
        "1": 13,
        "2": 113,
        "3": 942,
        "4": 7931,
        "5": 34825,
        "6": 97337
    },
    "16549": {
        "0": 1,
        "1": 12,
        "2": 104,
        "3": 888,
        "4": 7591,
        "5": 32488,
        "6": 87508
    },
    "16550": {
        "0": 1,
        "1": 11,
        "2": 98,
        "3": 871,
        "4": 7698,
        "5": 34665,
        "6": 98041
    },
    "16551": {
        "0": 1,
        "1": 12,
        "2": 103,
        "3": 887,
        "4": 7645,
        "5": 33484,
        "6": 88779
    },
    "16552": {
        "0": 1,
        "1": 13,
        "2": 114,
        "3": 975,
        "4": 8327,
        "5": 38473,
        "6": 106238
    },
    "16553": {
        "0": 1,
        "1": 11,
        "2": 93,
        "3": 800,
        "4": 6980,
        "5": 28612,
        "6": 79215
    },
    "16554": {
        "0": 1,
        "1": 10,
        "2": 85,
        "3": 731,
        "4": 6327,
        "5": 22295,
        "6": 51552
    },
    "16555": {
        "0": 1,
        "1": 12,
        "2": 101,
        "3": 848,
        "4": 7184,
        "5": 28500,
        "6": 66915
    },
    "16556": {
        "0": 1,
        "1": 11,
        "2": 89,
        "3": 749,
        "4": 6416,
        "5": 22724,
        "6": 48626
    },
    "16557": {
        "0": 1,
        "1": 11,
        "2": 101,
        "3": 924,
        "4": 8304,
        "5": 41383,
        "6": 135457
    },
    "16558": {
        "0": 1,
        "1": 10,
        "2": 88,
        "3": 776,
        "4": 6864,
        "5": 28031,
        "6": 72544
    },
    "16559": {
        "0": 1,
        "1": 11,
        "2": 96,
        "3": 828,
        "4": 7198,
        "5": 30122,
        "6": 81779
    },
    "16560": {
        "0": 1,
        "1": 11,
        "2": 94,
        "3": 798,
        "4": 6844,
        "5": 26513,
        "6": 63270
    },
    "16561": {
        "0": 1,
        "1": 12,
        "2": 109,
        "3": 958,
        "4": 8341,
        "5": 39742,
        "6": 119195
    },
    "16562": {
        "0": 1,
        "1": 10,
        "2": 83,
        "3": 713,
        "4": 6127,
        "5": 19843,
        "6": 44223
    },
    "16563": {
        "0": 1,
        "1": 11,
        "2": 94,
        "3": 797,
        "4": 6773,
        "5": 25149,
        "6": 60031
    },
    "16564": {
        "0": 1,
        "1": 11,
        "2": 96,
        "3": 839,
        "4": 7290,
        "5": 30475,
        "6": 78802
    },
    "16565": {
        "0": 1,
        "1": 10,
        "2": 86,
        "3": 750,
        "4": 6559,
        "5": 24520,
        "6": 63079
    },
    "16566": {
        "0": 1,
        "1": 10,
        "2": 85,
        "3": 721,
        "4": 6150,
        "5": 19979,
        "6": 46560
    },
    "16567": {
        "0": 1,
        "1": 8,
        "2": 67,
        "3": 569,
        "4": 4852,
        "5": 8766,
        "6": 14736
    },
    "16568": {
        "0": 1,
        "1": 10,
        "2": 82,
        "3": 677,
        "4": 5656,
        "5": 14946,
        "6": 24304
    },
    "16569": {
        "0": 1,
        "1": 12,
        "2": 102,
        "3": 859,
        "4": 7271,
        "5": 29082,
        "6": 76057
    },
    "16570": {
        "0": 1,
        "1": 12,
        "2": 111,
        "3": 975,
        "4": 8477,
        "5": 40752,
        "6": 121046
    },
    "16571": {
        "0": 1,
        "1": 8,
        "2": 70,
        "3": 607,
        "4": 5255,
        "5": 12602,
        "6": 19713
    },
    "16572": {
        "0": 1,
        "1": 9,
        "2": 77,
        "3": 671,
        "4": 5832,
        "5": 17886,
        "6": 36388
    },
    "16573": {
        "0": 1,
        "1": 10,
        "2": 87,
        "3": 765,
        "4": 6742,
        "5": 26969,
        "6": 73174
    },
    "16574": {
        "0": 1,
        "1": 11,
        "2": 91,
        "3": 765,
        "4": 6499,
        "5": 22713,
        "6": 52644
    },
    "16575": {
        "0": 1,
        "1": 10,
        "2": 82,
        "3": 686,
        "4": 5779,
        "5": 16272,
        "6": 33063
    },
    "16576": {
        "0": 1,
        "1": 10,
        "2": 82,
        "3": 698,
        "4": 6025,
        "5": 19586,
        "6": 40373
    },
    "16577": {
        "0": 1,
        "1": 11,
        "2": 92,
        "3": 798,
        "4": 6982,
        "5": 28351,
        "6": 71742
    },
    "16578": {
        "0": 1,
        "1": 12,
        "2": 107,
        "3": 924,
        "4": 7918,
        "5": 35076,
        "6": 100249
    },
    "16579": {
        "0": 1,
        "1": 9,
        "2": 75,
        "3": 630,
        "4": 5322,
        "5": 12231,
        "6": 24150
    },
    "16580": {
        "0": 1,
        "1": 9,
        "2": 76,
        "3": 663,
        "4": 5778,
        "5": 17492,
        "6": 33643
    },
    "16581": {
        "0": 1,
        "1": 10,
        "2": 88,
        "3": 780,
        "4": 6927,
        "5": 28331,
        "6": 74732
    },
    "16582": {
        "0": 1,
        "1": 9,
        "2": 75,
        "3": 636,
        "4": 5484,
        "5": 14630,
        "6": 31535
    },
    "16583": {
        "0": 1,
        "1": 11,
        "2": 93,
        "3": 784,
        "4": 6642,
        "5": 23931,
        "6": 53380
    },
    "16584": {
        "0": 1,
        "1": 10,
        "2": 86,
        "3": 740,
        "4": 6377,
        "5": 22343,
        "6": 50513
    },
    "16585": {
        "0": 1,
        "1": 11,
        "2": 96,
        "3": 838,
        "4": 7334,
        "5": 31391,
        "6": 81573
    },
    "16586": {
        "0": 1,
        "1": 9,
        "2": 80,
        "3": 695,
        "4": 6043,
        "5": 19811,
        "6": 45843
    },
    "16587": {
        "0": 1,
        "1": 10,
        "2": 85,
        "3": 744,
        "4": 6528,
        "5": 24698,
        "6": 58724
    },
    "16588": {
        "0": 1,
        "1": 9,
        "2": 79,
        "3": 680,
        "4": 5907,
        "5": 18834,
        "6": 39989
    },
    "16589": {
        "0": 1,
        "1": 10,
        "2": 86,
        "3": 756,
        "4": 6677,
        "5": 26286,
        "6": 67381
    },
    "16590": {
        "0": 1,
        "1": 13,
        "2": 112,
        "3": 945,
        "4": 8067,
        "5": 36818,
        "6": 101428
    },
    "16591": {
        "0": 1,
        "1": 12,
        "2": 110,
        "3": 972,
        "4": 8544,
        "5": 42193,
        "6": 130737
    },
    "16592": {
        "0": 1,
        "1": 12,
        "2": 107,
        "3": 922,
        "4": 7919,
        "5": 35500,
        "6": 97300
    },
    "16593": {
        "0": 1,
        "1": 9,
        "2": 80,
        "3": 707,
        "4": 6191,
        "5": 21209,
        "6": 49552
    },
    "16594": {
        "0": 1,
        "1": 9,
        "2": 78,
        "3": 694,
        "4": 6145,
        "5": 21352,
        "6": 52810
    },
    "16595": {
        "0": 1,
        "1": 9,
        "2": 81,
        "3": 703,
        "4": 6143,
        "5": 20996,
        "6": 44576
    },
    "16596": {
        "0": 1,
        "1": 10,
        "2": 83,
        "3": 710,
        "4": 6150,
        "5": 20888,
        "6": 46453
    },
    "16597": {
        "0": 1,
        "1": 10,
        "2": 82,
        "3": 702,
        "4": 6020,
        "5": 19020,
        "6": 38201
    },
    "16598": {
        "0": 1,
        "1": 9,
        "2": 78,
        "3": 670,
        "4": 5766,
        "5": 17084,
        "6": 30033
    },
    "16599": {
        "0": 1,
        "1": 9,
        "2": 79,
        "3": 675,
        "4": 5775,
        "5": 16881,
        "6": 30071
    }
}