{
    "21800": {
        "0": 1,
        "1": 11,
        "2": 100,
        "3": 912,
        "4": 8240,
        "5": 41374,
        "6": 130864
    },
    "21801": {
        "0": 1,
        "1": 11,
        "2": 94,
        "3": 809,
        "4": 7011,
        "5": 28125,
        "6": 64416
    },
    "21802": {
        "0": 1,
        "1": 10,
        "2": 86,
        "3": 742,
        "4": 6451,
        "5": 23550,
        "6": 60727
    },
    "21803": {
        "0": 1,
        "1": 10,
        "2": 87,
        "3": 766,
        "4": 6769,
        "5": 27235,
        "6": 75917
    },
    "21804": {
        "0": 1,
        "1": 11,
        "2": 96,
        "3": 837,
        "4": 7286,
        "5": 30850,
        "6": 82112
    },
    "21805": {
        "0": 1,
        "1": 10,
        "2": 84,
        "3": 714,
        "4": 6131,
        "5": 20297,
        "6": 44641
    },
    "21806": {
        "0": 1,
        "1": 12,
        "2": 105,
        "3": 895,
        "4": 7636,
        "5": 32912,
        "6": 86387
    },
    "21807": {
        "0": 1,
        "1": 11,
        "2": 94,
        "3": 816,
        "4": 7101,
        "5": 29245,
        "6": 78392
    },
    "21808": {
        "0": 1,
        "1": 13,
        "2": 117,
        "3": 1001,
        "4": 8516,
        "5": 39721,
        "6": 117614
    },
    "21809": {
        "0": 1,
        "1": 11,
        "2": 99,
        "3": 869,
        "4": 7607,
        "5": 33889,
        "6": 89089
    },
    "21810": {
        "0": 1,
        "1": 10,
        "2": 91,
        "3": 815,
        "4": 7269,
        "5": 31220,
        "6": 92095
    },
    "21811": {
        "0": 1,
        "1": 11,
        "2": 93,
        "3": 796,
        "4": 6858,
        "5": 26594,
        "6": 67481
    },
    "21812": {
        "0": 1,
        "1": 9,
        "2": 74,
        "3": 622,
        "4": 5260,
        "5": 12099,
        "6": 22390
    },
    "21813": {
        "0": 1,
        "1": 9,
        "2": 82,
        "3": 727,
        "4": 6461,
        "5": 24657,
        "6": 69989
    },
    "21814": {
        "0": 1,
        "1": 11,
        "2": 95,
        "3": 822,
        "4": 7128,
        "5": 28993,
        "6": 77562
    },
    "21815": {
        "0": 1,
        "1": 11,
        "2": 94,
        "3": 802,
        "4": 6872,
        "5": 26471,
        "6": 65374
    },
    "21816": {
        "0": 1,
        "1": 12,
        "2": 103,
        "3": 870,
        "4": 7421,
        "5": 31231,
        "6": 76081
    },
    "21817": {
        "0": 1,
        "1": 12,
        "2": 105,
        "3": 916,
        "4": 7979,
        "5": 36603,
        "6": 102411
    },
    "21818": {
        "0": 1,
        "1": 10,
        "2": 86,
        "3": 747,
        "4": 6512,
        "5": 24212,
        "6": 62000
    },
    "21819": {
        "0": 1,
        "1": 13,
        "2": 118,
        "3": 1031,
        "4": 9005,
        "5": 46136,
        "6": 155802
    },
    "21820": {
        "0": 1,
        "1": 12,
        "2": 102,
        "3": 869,
        "4": 7503,
        "5": 32636,
        "6": 86642
    },
    "21821": {
        "0": 1,
        "1": 9,
        "2": 77,
        "3": 661,
        "4": 5746,
        "5": 17128,
        "6": 40947
    },
    "21822": {
        "0": 1,
        "1": 11,
        "2": 96,
        "3": 849,
        "4": 7515,
        "5": 33439,
        "6": 88388
    },
    "21823": {
        "0": 1,
        "1": 9,
        "2": 82,
        "3": 754,
        "4": 6864,
        "5": 29180,
        "6": 78918
    },
    "21824": {
        "0": 1,
        "1": 11,
        "2": 96,
        "3": 822,
        "4": 7070,
        "5": 28388,
        "6": 72087
    },
    "21825": {
        "0": 1,
        "1": 10,
        "2": 85,
        "3": 737,
        "4": 6350,
        "5": 21789,
        "6": 46146
    },
    "21826": {
        "0": 1,
        "1": 12,
        "2": 108,
        "3": 939,
        "4": 8075,
        "5": 36516,
        "6": 100447
    },
    "21827": {
        "0": 1,
        "1": 11,
        "2": 98,
        "3": 862,
        "4": 7647,
        "5": 35212,
        "6": 106863
    },
    "21828": {
        "0": 1,
        "1": 11,
        "2": 96,
        "3": 855,
        "4": 7567,
        "5": 34032,
        "6": 93190
    },
    "21829": {
        "0": 1,
        "1": 10,
        "2": 87,
        "3": 749,
        "4": 6489,
        "5": 23649,
        "6": 58184
    },
    "21830": {
        "0": 1,
        "1": 10,
        "2": 81,
        "3": 672,
        "4": 5676,
        "5": 15799,
        "6": 35937
    },
    "21831": {
        "0": 1,
        "1": 10,
        "2": 85,
        "3": 734,
        "4": 6345,
        "5": 22256,
        "6": 49542
    },
    "21832": {
        "0": 1,
        "1": 11,
        "2": 97,
        "3": 863,
        "4": 7663,
        "5": 34980,
        "6": 101355
    },
    "21833": {
        "0": 1,
        "1": 10,
        "2": 87,
        "3": 780,
        "4": 6964,
        "5": 29074,
        "6": 76709
    },
    "21834": {
        "0": 1,
        "1": 12,
        "2": 112,
        "3": 1008,
        "4": 8982,
        "5": 46387,
        "6": 152294
    },
    "21835": {
        "0": 1,
        "1": 12,
        "2": 104,
        "3": 892,
        "4": 7721,
        "5": 34465,
        "6": 100894
    },
    "21836": {
        "0": 1,
        "1": 10,
        "2": 87,
        "3": 766,
        "4": 6788,
        "5": 27658,
        "6": 76303
    },
    "21837": {
        "0": 1,
        "1": 11,
        "2": 94,
        "3": 816,
        "4": 7154,
        "5": 30450,
        "6": 81996
    },
    "21838": {
        "0": 1,
        "1": 11,
        "2": 94,
        "3": 818,
        "4": 7143,
        "5": 29606,
        "6": 73099
    },
    "21839": {
        "0": 1,
        "1": 11,
        "2": 95,
        "3": 809,
        "4": 6935,
        "5": 26523,
        "6": 61927
    },
    "21840": {
        "0": 1,
        "1": 8,
        "2": 68,
        "3": 580,
        "4": 4978,
        "5": 10209,
        "6": 15769
    },
    "21841": {
        "0": 1,
        "1": 13,
        "2": 116,
        "3": 997,
        "4": 8544,
        "5": 40626,
        "6": 121415
    },
    "21842": {
        "0": 1,
        "1": 11,
        "2": 97,
        "3": 847,
        "4": 7379,
        "5": 31525,
        "6": 82622
    },
    "21843": {
        "0": 1,
        "1": 10,
        "2": 85,
        "3": 733,
        "4": 6294,
        "5": 21285,
        "6": 46847
    },
    "21844": {
        "0": 1,
        "1": 12,
        "2": 104,
        "3": 896,
        "4": 7765,
        "5": 34488,
        "6": 88612
    },
    "21845": {
        "0": 1,
        "1": 12,
        "2": 106,
        "3": 901,
        "4": 7606,
        "5": 31624,
        "6": 84659
    },
    "21846": {
        "0": 1,
        "1": 9,
        "2": 77,
        "3": 658,
        "4": 5669,
        "5": 16296,
        "6": 33261
    },
    "21847": {
        "0": 1,
        "1": 10,
        "2": 84,
        "3": 725,
        "4": 6323,
        "5": 22685,
        "6": 53209
    },
    "21848": {
        "0": 1,
        "1": 9,
        "2": 75,
        "3": 637,
        "4": 5450,
        "5": 14311,
        "6": 30911
    },
    "21849": {
        "0": 1,
        "1": 10,
        "2": 83,
        "3": 714,
        "4": 6174,
        "5": 20633,
        "6": 48437
    },
    "21850": {
        "0": 1,
        "1": 11,
        "2": 94,
        "3": 809,
        "4": 6962,
        "5": 27262,
        "6": 67430
    },
    "21851": {
        "0": 1,
        "1": 9,
        "2": 78,
        "3": 689,
        "4": 6130,
        "5": 21098,
        "6": 45660
    },
    "21852": {
        "0": 1,
        "1": 11,
        "2": 96,
        "3": 843,
        "4": 7375,
        "5": 31849,
        "6": 88582
    },
    "21853": {
        "0": 1,
        "1": 12,
        "2": 100,
        "3": 831,
        "4": 6987,
        "5": 26580,
        "6": 68453
    },
    "21854": {
        "0": 1,
        "1": 13,
        "2": 113,
        "3": 989,
        "4": 8708,
        "5": 44344,
        "6": 138435
    },
    "21855": {
        "0": 1,
        "1": 11,
        "2": 97,
        "3": 845,
        "4": 7361,
        "5": 31474,
        "6": 88371
    },
    "21856": {
        "0": 1,
        "1": 11,
        "2": 98,
        "3": 867,
        "4": 7663,
        "5": 34839,
        "6": 101872
    },
    "21857": {
        "0": 1,
        "1": 9,
        "2": 74,
        "3": 633,
        "4": 5499,
        "5": 15173,
        "6": 30555
    },
    "21858": {
        "0": 1,
        "1": 9,
        "2": 75,
        "3": 638,
        "4": 5461,
        "5": 14283,
        "6": 28662
    },
    "21859": {
        "0": 1,
        "1": 10,
        "2": 83,
        "3": 714,
        "4": 6189,
        "5": 20895,
        "6": 43957
    },
    "21860": {
        "0": 1,
        "1": 12,
        "2": 102,
        "3": 864,
        "4": 7403,
        "5": 31192,
        "6": 79841
    },
    "21861": {
        "0": 1,
        "1": 12,
        "2": 103,
        "3": 875,
        "4": 7488,
        "5": 31632,
        "6": 86063
    },
    "21862": {
        "0": 1,
        "1": 12,
        "2": 101,
        "3": 843,
        "4": 7093,
        "5": 27447,
        "6": 65585
    },
    "21863": {
        "0": 1,
        "1": 10,
        "2": 88,
        "3": 764,
        "4": 6643,
        "5": 24709,
        "6": 61330
    },
    "21864": {
        "0": 1,
        "1": 12,
        "2": 103,
        "3": 877,
        "4": 7459,
        "5": 31065,
        "6": 88541
    },
    "21865": {
        "0": 1,
        "1": 12,
        "2": 101,
        "3": 860,
        "4": 7334,
        "5": 29962,
        "6": 69381
    },
    "21866": {
        "0": 1,
        "1": 11,
        "2": 99,
        "3": 869,
        "4": 7628,
        "5": 34084,
        "6": 100918
    },
    "21867": {
        "0": 1,
        "1": 10,
        "2": 86,
        "3": 749,
        "4": 6551,
        "5": 24832,
        "6": 58957
    },
    "21868": {
        "0": 1,
        "1": 13,
        "2": 111,
        "3": 918,
        "4": 7642,
        "5": 31285,
        "6": 87511
    },
    "21869": {
        "0": 1,
        "1": 11,
        "2": 93,
        "3": 789,
        "4": 6712,
        "5": 24562,
        "6": 59233
    },
    "21870": {
        "0": 1,
        "1": 11,
        "2": 94,
        "3": 801,
        "4": 6904,
        "5": 27072,
        "6": 73861
    },
    "21871": {
        "0": 1,
        "1": 10,
        "2": 86,
        "3": 761,
        "4": 6694,
        "5": 26075,
        "6": 65397
    },
    "21872": {
        "0": 1,
        "1": 12,
        "2": 105,
        "3": 906,
        "4": 7799,
        "5": 34428,
        "6": 92234
    },
    "21873": {
        "0": 1,
        "1": 12,
        "2": 104,
        "3": 889,
        "4": 7635,
        "5": 33316,
        "6": 94507
    },
    "21874": {
        "0": 1,
        "1": 11,
        "2": 96,
        "3": 838,
        "4": 7357,
        "5": 31820,
        "6": 87107
    },
    "21875": {
        "0": 1,
        "1": 10,
        "2": 87,
        "3": 757,
        "4": 6578,
        "5": 24147,
        "6": 58475
    },
    "21876": {
        "0": 1,
        "1": 9,
        "2": 80,
        "3": 703,
        "4": 6123,
        "5": 20491,
        "6": 43998
    },
    "21877": {
        "0": 1,
        "1": 11,
        "2": 94,
        "3": 816,
        "4": 7155,
        "5": 30423,
        "6": 86998
    },
    "21878": {
        "0": 1,
        "1": 11,
        "2": 90,
        "3": 766,
        "4": 6593,
        "5": 24347,
        "6": 56652
    },
    "21879": {
        "0": 1,
        "1": 10,
        "2": 90,
        "3": 807,
        "4": 7225,
        "5": 31691,
        "6": 87047
    },
    "21880": {
        "0": 1,
        "1": 10,
        "2": 85,
        "3": 728,
        "4": 6244,
        "5": 21071,
        "6": 45279
    },
    "21881": {
        "0": 1,
        "1": 12,
        "2": 103,
        "3": 873,
        "4": 7443,
        "5": 31136,
        "6": 79116
    },
    "21882": {
        "0": 1,
        "1": 11,
        "2": 97,
        "3": 861,
        "4": 7634,
        "5": 34339,
        "6": 92607
    },
    "21883": {
        "0": 1,
        "1": 10,
        "2": 85,
        "3": 730,
        "4": 6313,
        "5": 22153,
        "6": 49810
    },
    "21884": {
        "0": 1,
        "1": 8,
        "2": 72,
        "3": 644,
        "4": 5748,
        "5": 18429,
        "6": 41949
    },
    "21885": {
        "0": 1,
        "1": 9,
        "2": 75,
        "3": 646,
        "4": 5579,
        "5": 15484,
        "6": 35888
    },
    "21886": {
        "0": 1,
        "1": 10,
        "2": 86,
        "3": 740,
        "4": 6421,
        "5": 23163,
        "6": 58485
    },
    "21887": {
        "0": 1,
        "1": 9,
        "2": 74,
        "3": 624,
        "4": 5304,
        "5": 12656,
        "6": 19034
    },
    "21888": {
        "0": 1,
        "1": 10,
        "2": 82,
        "3": 702,
        "4": 6062,
        "5": 20024,
        "6": 36549
    },
    "21889": {
        "0": 1,
        "1": 10,
        "2": 86,
        "3": 735,
        "4": 6307,
        "5": 21639,
        "6": 47932
    },
    "21890": {
        "0": 1,
        "1": 8,
        "2": 70,
        "3": 602,
        "4": 5200,
        "5": 12278,
        "6": 19745
    },
    "21891": {
        "0": 1,
        "1": 11,
        "2": 92,
        "3": 786,
        "4": 6719,
        "5": 24775,
        "6": 58934
    },
    "21892": {
        "0": 1,
        "1": 12,
        "2": 105,
        "3": 888,
        "4": 7509,
        "5": 30995,
        "6": 87953
    },
    "21893": {
        "0": 1,
        "1": 13,
        "2": 116,
        "3": 1024,
        "4": 9083,
        "5": 47975,
        "6": 158936
    },
    "21894": {
        "0": 1,
        "1": 12,
        "2": 105,
        "3": 906,
        "4": 7864,
        "5": 36021,
        "6": 97396
    },
    "21895": {
        "0": 1,
        "1": 12,
        "2": 108,
        "3": 964,
        "4": 8571,
        "5": 43397,
        "6": 138484
    },
    "21896": {
        "0": 1,
        "1": 11,
        "2": 94,
        "3": 832,
        "4": 7330,
        "5": 31531,
        "6": 83203
    },
    "21897": {
        "0": 1,
        "1": 13,
        "2": 111,
        "3": 938,
        "4": 7994,
        "5": 35566,
        "6": 94654
    },
    "21898": {
        "0": 1,
        "1": 10,
        "2": 87,
        "3": 764,
        "4": 6739,
        "5": 26870,
        "6": 68749
    },
    "21899": {
        "0": 1,
        "1": 8,
        "2": 68,
        "3": 581,
        "4": 4986,
        "5": 10280,
        "6": 15853
    }
}