{
    "100": {
        "0": 1,
        "1": 11,
        "2": 89,
        "3": 737,
        "4": 6198,
        "5": 20060,
        "6": 41994
    },
    "101": {
        "0": 1,
        "1": 11,
        "2": 90,
        "3": 757,
        "4": 6435,
        "5": 22351,
        "6": 47222
    },
    "102": {
        "0": 1,
        "1": 9,
        "2": 79,
        "3": 688,
        "4": 6008,
        "5": 19871,
        "6": 49200
    },
    "103": {
        "0": 1,
        "1": 12,
        "2": 109,
        "3": 959,
        "4": 8347,
        "5": 39497,
        "6": 120533
    },
    "104": {
        "0": 1,
        "1": 10,
        "2": 83,
        "3": 721,
        "4": 6294,
        "5": 22428,
        "6": 55308
    },
    "105": {
        "0": 1,
        "1": 11,
        "2": 93,
        "3": 795,
        "4": 6881,
        "5": 27269,
        "6": 72428
    },
    "106": {
        "0": 1,
        "1": 11,
        "2": 96,
        "3": 845,
        "4": 7422,
        "5": 31963,
        "6": 94402
    },
    "107": {
        "0": 1,
        "1": 12,
        "2": 104,
        "3": 892,
        "4": 7690,
        "5": 33769,
        "6": 95697
    },
    "108": {
        "0": 1,
        "1": 12,
        "2": 107,
        "3": 940,
        "4": 8216,
        "5": 38787,
        "6": 110535
    },
    "109": {
        "0": 1,
        "1": 11,
        "2": 98,
        "3": 882,
        "4": 7894,
        "5": 37832,
        "6": 126084
    },
    "110": {
        "0": 1,
        "1": 10,
        "2": 88,
        "3": 754,
        "4": 6442,
        "5": 22134,
        "6": 47889
    },
    "111": {
        "0": 1,
        "1": 10,
        "2": 84,
        "3": 710,
        "4": 6033,
        "5": 18889,
        "6": 42054
    },
    "112": {
        "0": 1,
        "1": 10,
        "2": 82,
        "3": 691,
        "4": 5884,
        "5": 17813,
        "6": 34129
    },
    "113": {
        "0": 1,
        "1": 10,
        "2": 81,
        "3": 689,
        "4": 5875,
        "5": 17469,
        "6": 35263
    },
    "114": {
        "0": 1,
        "1": 10,
        "2": 84,
        "3": 734,
        "4": 6384,
        "5": 22478,
        "6": 46678
    },
    "115": {
        "0": 1,
        "1": 12,
        "2": 108,
        "3": 935,
        "4": 8043,
        "5": 36483,
        "6": 100149
    },
    "116": {
        "0": 1,
        "1": 10,
        "2": 87,
        "3": 757,
        "4": 6634,
        "5": 25508,
        "6": 68282
    },
    "117": {
        "0": 1,
        "1": 11,
        "2": 90,
        "3": 766,
        "4": 6552,
        "5": 23556,
        "6": 49829
    },
    "118": {
        "0": 1,
        "1": 10,
        "2": 94,
        "3": 856,
        "4": 7725,
        "5": 36413,
        "6": 112696
    },
    "119": {
        "0": 1,
        "1": 11,
        "2": 92,
        "3": 780,
        "4": 6748,
        "5": 26347,
        "6": 67792
    },
    "120": {
        "0": 1,
        "1": 10,
        "2": 86,
        "3": 749,
        "4": 6540,
        "5": 24266,
        "6": 60704
    },
    "121": {
        "0": 1,
        "1": 11,
        "2": 93,
        "3": 791,
        "4": 6778,
        "5": 25437,
        "6": 53389
    },
    "122": {
        "0": 1,
        "1": 11,
        "2": 94,
        "3": 822,
        "4": 7199,
        "5": 30302,
        "6": 79255
    },
    "123": {
        "0": 1,
        "1": 10,
        "2": 84,
        "3": 719,
        "4": 6156,
        "5": 19916,
        "6": 41805
    },
    "124": {
        "0": 1,
        "1": 9,
        "2": 78,
        "3": 694,
        "4": 6174,
        "5": 22156,
        "6": 52292
    },
    "125": {
        "0": 1,
        "1": 12,
        "2": 107,
        "3": 921,
        "4": 7925,
        "5": 35715,
        "6": 94605
    },
    "126": {
        "0": 1,
        "1": 10,
        "2": 86,
        "3": 744,
        "4": 6438,
        "5": 23072,
        "6": 57605
    },
    "127": {
        "0": 1,
        "1": 12,
        "2": 105,
        "3": 892,
        "4": 7613,
        "5": 32623,
        "6": 92368
    },
    "128": {
        "0": 1,
        "1": 9,
        "2": 73,
        "3": 612,
        "4": 5197,
        "5": 11793,
        "6": 19647
    },
    "129": {
        "0": 1,
        "1": 11,
        "2": 96,
        "3": 833,
        "4": 7201,
        "5": 29508,
        "6": 74677
    },
    "130": {
        "0": 1,
        "1": 8,
        "2": 70,
        "3": 606,
        "4": 5238,
        "5": 12633,
        "6": 22264
    },
    "131": {
        "0": 1,
        "1": 9,
        "2": 78,
        "3": 689,
        "4": 6122,
        "5": 21849,
        "6": 48930
    },
    "132": {
        "0": 1,
        "1": 9,
        "2": 78,
        "3": 676,
        "4": 5890,
        "5": 18580,
        "6": 43788
    },
    "133": {
        "0": 1,
        "1": 10,
        "2": 88,
        "3": 783,
        "4": 6992,
        "5": 29399,
        "6": 76883
    },
    "134": {
        "0": 1,
        "1": 10,
        "2": 89,
        "3": 804,
        "4": 7266,
        "5": 32342,
        "6": 94708
    },
    "135": {
        "0": 1,
        "1": 9,
        "2": 77,
        "3": 667,
        "4": 5791,
        "5": 17550,
        "6": 37909
    },
    "136": {
        "0": 1,
        "1": 10,
        "2": 84,
        "3": 720,
        "4": 6224,
        "5": 21348,
        "6": 43817
    },
    "137": {
        "0": 1,
        "1": 10,
        "2": 85,
        "3": 732,
        "4": 6348,
        "5": 22202,
        "6": 47799
    },
    "138": {
        "0": 1,
        "1": 13,
        "2": 118,
        "3": 1040,
        "4": 9110,
        "5": 46850,
        "6": 145067
    },
    "139": {
        "0": 1,
        "1": 10,
        "2": 85,
        "3": 733,
        "4": 6328,
        "5": 22070,
        "6": 49859
    },
    "140": {
        "0": 1,
        "1": 11,
        "2": 97,
        "3": 851,
        "4": 7455,
        "5": 32483,
        "6": 89856
    },
    "141": {
        "0": 1,
        "1": 11,
        "2": 96,
        "3": 829,
        "4": 7176,
        "5": 29725,
        "6": 83598
    },
    "142": {
        "0": 1,
        "1": 11,
        "2": 93,
        "3": 817,
        "4": 7185,
        "5": 30522,
        "6": 77742
    },
    "143": {
        "0": 1,
        "1": 9,
        "2": 80,
        "3": 692,
        "4": 6000,
        "5": 19282,
        "6": 43163
    },
    "144": {
        "0": 1,
        "1": 11,
        "2": 89,
        "3": 739,
        "4": 6232,
        "5": 20448,
        "6": 41685
    },
    "145": {
        "0": 1,
        "1": 14,
        "2": 125,
        "3": 1047,
        "4": 8806,
        "5": 42288,
        "6": 119226
    },
    "146": {
        "0": 1,
        "1": 10,
        "2": 83,
        "3": 711,
        "4": 6110,
        "5": 19941,
        "6": 32466
    },
    "147": {
        "0": 1,
        "1": 8,
        "2": 68,
        "3": 583,
        "4": 5048,
        "5": 11273,
        "6": 21978
    },
    "148": {
        "0": 1,
        "1": 11,
        "2": 99,
        "3": 896,
        "4": 8018,
        "5": 38453,
        "6": 122322
    },
    "149": {
        "0": 1,
        "1": 11,
        "2": 93,
        "3": 796,
        "4": 6834,
        "5": 26133,
        "6": 66031
    },
    "150": {
        "0": 1,
        "1": 13,
        "2": 117,
        "3": 1018,
        "4": 8823,
        "5": 43850,
        "6": 138907
    },
    "151": {
        "0": 1,
        "1": 13,
        "2": 118,
        "3": 1031,
        "4": 8898,
        "5": 43880,
        "6": 135460
    },
    "152": {
        "0": 1,
        "1": 9,
        "2": 78,
        "3": 673,
        "4": 5817,
        "5": 17525,
        "6": 36301
    },
    "153": {
        "0": 1,
        "1": 14,
        "2": 127,
        "3": 1069,
        "4": 8931,
        "5": 42265,
        "6": 127800
    },
    "154": {
        "0": 1,
        "1": 12,
        "2": 100,
        "3": 832,
        "4": 6958,
        "5": 25864,
        "6": 57679
    },
    "155": {
        "0": 1,
        "1": 13,
        "2": 121,
        "3": 1076,
        "4": 9483,
        "5": 50734,
        "6": 174996
    },
    "156": {
        "0": 1,
        "1": 9,
        "2": 78,
        "3": 687,
        "4": 6068,
        "5": 20951,
        "6": 43842
    },
    "157": {
        "0": 1,
        "1": 10,
        "2": 86,
        "3": 737,
        "4": 6341,
        "5": 22069,
        "6": 50181
    },
    "158": {
        "0": 1,
        "1": 11,
        "2": 90,
        "3": 764,
        "4": 6550,
        "5": 23658,
        "6": 49791
    },
    "159": {
        "0": 1,
        "1": 11,
        "2": 96,
        "3": 825,
        "4": 7109,
        "5": 28642,
        "6": 70959
    },
    "160": {
        "0": 1,
        "1": 11,
        "2": 92,
        "3": 768,
        "4": 6467,
        "5": 22139,
        "6": 52232
    },
    "161": {
        "0": 1,
        "1": 10,
        "2": 87,
        "3": 759,
        "4": 6652,
        "5": 25677,
        "6": 63597
    },
    "162": {
        "0": 1,
        "1": 10,
        "2": 88,
        "3": 772,
        "4": 6747,
        "5": 25750,
        "6": 65590
    },
    "163": {
        "0": 1,
        "1": 9,
        "2": 79,
        "3": 698,
        "4": 6150,
        "5": 21125,
        "6": 47472
    },
    "164": {
        "0": 1,
        "1": 11,
        "2": 100,
        "3": 876,
        "4": 7605,
        "5": 32926,
        "6": 94187
    },
    "165": {
        "0": 1,
        "1": 12,
        "2": 103,
        "3": 877,
        "4": 7507,
        "5": 31911,
        "6": 85812
    },
    "166": {
        "0": 1,
        "1": 15,
        "2": 145,
        "3": 1262,
        "4": 10676,
        "5": 57262,
        "6": 199824
    },
    "167": {
        "0": 1,
        "1": 9,
        "2": 80,
        "3": 713,
        "4": 6330,
        "5": 22977,
        "6": 52959
    },
    "168": {
        "0": 1,
        "1": 11,
        "2": 100,
        "3": 868,
        "4": 7539,
        "5": 32641,
        "6": 85473
    },
    "169": {
        "0": 1,
        "1": 9,
        "2": 77,
        "3": 659,
        "4": 5634,
        "5": 15336,
        "6": 24622
    },
    "170": {
        "0": 1,
        "1": 8,
        "2": 66,
        "3": 551,
        "4": 4658,
        "5": 7040,
        "6": 7435
    },
    "171": {
        "0": 1,
        "1": 10,
        "2": 81,
        "3": 682,
        "4": 5858,
        "5": 18202,
        "6": 41580
    },
    "172": {
        "0": 1,
        "1": 10,
        "2": 89,
        "3": 783,
        "4": 6891,
        "5": 27573,
        "6": 70749
    },
    "173": {
        "0": 1,
        "1": 11,
        "2": 97,
        "3": 855,
        "4": 7513,
        "5": 33186,
        "6": 87887
    },
    "174": {
        "0": 1,
        "1": 9,
        "2": 78,
        "3": 694,
        "4": 6158,
        "5": 21524,
        "6": 53018
    },
    "175": {
        "0": 1,
        "1": 10,
        "2": 87,
        "3": 744,
        "4": 6369,
        "5": 21816,
        "6": 47787
    },
    "176": {
        "0": 1,
        "1": 10,
        "2": 88,
        "3": 769,
        "4": 6719,
        "5": 25771,
        "6": 64582
    },
    "177": {
        "0": 1,
        "1": 12,
        "2": 106,
        "3": 922,
        "4": 8055,
        "5": 37818,
        "6": 108385
    },
    "178": {
        "0": 1,
        "1": 11,
        "2": 98,
        "3": 847,
        "4": 7289,
        "5": 29929,
        "6": 72955
    },
    "179": {
        "0": 1,
        "1": 12,
        "2": 105,
        "3": 906,
        "4": 7805,
        "5": 34577,
        "6": 100836
    },
    "180": {
        "0": 1,
        "1": 12,
        "2": 110,
        "3": 974,
        "4": 8539,
        "5": 41958,
        "6": 144482
    },
    "181": {
        "0": 1,
        "1": 12,
        "2": 104,
        "3": 882,
        "4": 7466,
        "5": 30661,
        "6": 70109
    },
    "182": {
        "0": 1,
        "1": 11,
        "2": 95,
        "3": 813,
        "4": 6987,
        "5": 27667,
        "6": 64674
    },
    "183": {
        "0": 1,
        "1": 13,
        "2": 111,
        "3": 930,
        "4": 7851,
        "5": 33920,
        "6": 90371
    },
    "184": {
        "0": 1,
        "1": 10,
        "2": 85,
        "3": 733,
        "4": 6352,
        "5": 22519,
        "6": 47232
    },
    "185": {
        "0": 1,
        "1": 9,
        "2": 78,
        "3": 676,
        "4": 5946,
        "5": 19854,
        "6": 49743
    },
    "186": {
        "0": 1,
        "1": 12,
        "2": 103,
        "3": 884,
        "4": 7619,
        "5": 33026,
        "6": 97585
    },
    "187": {
        "0": 1,
        "1": 13,
        "2": 118,
        "3": 1010,
        "4": 8531,
        "5": 39417,
        "6": 114567
    },
    "188": {
        "0": 1,
        "1": 9,
        "2": 76,
        "3": 658,
        "4": 5739,
        "5": 17549,
        "6": 33858
    },
    "189": {
        "0": 1,
        "1": 12,
        "2": 106,
        "3": 924,
        "4": 8011,
        "5": 36639,
        "6": 104485
    },
    "190": {
        "0": 1,
        "1": 11,
        "2": 91,
        "3": 774,
        "4": 6628,
        "5": 24122,
        "6": 53161
    },
    "191": {
        "0": 1,
        "1": 11,
        "2": 91,
        "3": 763,
        "4": 6436,
        "5": 21607,
        "6": 41927
    },
    "192": {
        "0": 1,
        "1": 11,
        "2": 99,
        "3": 879,
        "4": 7803,
        "5": 36480,
        "6": 108780
    },
    "193": {
        "0": 1,
        "1": 11,
        "2": 96,
        "3": 828,
        "4": 7129,
        "5": 28803,
        "6": 70761
    },
    "194": {
        "0": 1,
        "1": 9,
        "2": 77,
        "3": 654,
        "4": 5574,
        "5": 14608,
        "6": 25607
    },
    "195": {
        "0": 1,
        "1": 11,
        "2": 97,
        "3": 851,
        "4": 7438,
        "5": 32321,
        "6": 94749
    },
    "196": {
        "0": 1,
        "1": 9,
        "2": 81,
        "3": 726,
        "4": 6501,
        "5": 25107,
        "6": 64468
    },
    "197": {
        "0": 1,
        "1": 12,
        "2": 109,
        "3": 958,
        "4": 8355,
        "5": 40019,
        "6": 120451
    },
    "198": {
        "0": 1,
        "1": 12,
        "2": 106,
        "3": 923,
        "4": 8031,
        "5": 37120,
        "6": 112220
    },
    "199": {
        "0": 1,
        "1": 12,
        "2": 101,
        "3": 848,
        "4": 7175,
        "5": 28479,
        "6": 70486
    }
}