{
    "13800": {
        "0": 1,
        "1": 9,
        "2": 81,
        "3": 704,
        "4": 6104,
        "5": 20099,
        "6": 48277
    },
    "13801": {
        "0": 1,
        "1": 11,
        "2": 95,
        "3": 816,
        "4": 6993,
        "5": 27287,
        "6": 70215
    },
    "13802": {
        "0": 1,
        "1": 10,
        "2": 85,
        "3": 722,
        "4": 6186,
        "5": 20669,
        "6": 45080
    },
    "13803": {
        "0": 1,
        "1": 12,
        "2": 102,
        "3": 854,
        "4": 7195,
        "5": 28174,
        "6": 66866
    },
    "13804": {
        "0": 1,
        "1": 10,
        "2": 86,
        "3": 746,
        "4": 6455,
        "5": 23206,
        "6": 49125
    },
    "13805": {
        "0": 1,
        "1": 12,
        "2": 102,
        "3": 878,
        "4": 7584,
        "5": 32770,
        "6": 86263
    },
    "13806": {
        "0": 1,
        "1": 9,
        "2": 78,
        "3": 677,
        "4": 5925,
        "5": 19369,
        "6": 48748
    },
    "13807": {
        "0": 1,
        "1": 13,
        "2": 115,
        "3": 994,
        "4": 8522,
        "5": 40190,
        "6": 127010
    },
    "13808": {
        "0": 1,
        "1": 11,
        "2": 94,
        "3": 810,
        "4": 7117,
        "5": 29914,
        "6": 76023
    },
    "13809": {
        "0": 1,
        "1": 13,
        "2": 118,
        "3": 1028,
        "4": 8894,
        "5": 44322,
        "6": 139851
    },
    "13810": {
        "0": 1,
        "1": 10,
        "2": 88,
        "3": 789,
        "4": 7082,
        "5": 30589,
        "6": 81762
    },
    "13811": {
        "0": 1,
        "1": 11,
        "2": 96,
        "3": 840,
        "4": 7376,
        "5": 32180,
        "6": 86323
    },
    "13812": {
        "0": 1,
        "1": 9,
        "2": 76,
        "3": 665,
        "4": 5822,
        "5": 18105,
        "6": 37871
    },
    "13813": {
        "0": 1,
        "1": 12,
        "2": 101,
        "3": 847,
        "4": 7150,
        "5": 27967,
        "6": 67824
    },
    "13814": {
        "0": 1,
        "1": 10,
        "2": 81,
        "3": 680,
        "4": 5738,
        "5": 15958,
        "6": 26122
    },
    "13815": {
        "0": 1,
        "1": 11,
        "2": 94,
        "3": 817,
        "4": 7069,
        "5": 28177,
        "6": 79154
    },
    "13816": {
        "0": 1,
        "1": 12,
        "2": 104,
        "3": 885,
        "4": 7555,
        "5": 32087,
        "6": 95048
    },
    "13817": {
        "0": 1,
        "1": 10,
        "2": 81,
        "3": 680,
        "4": 5769,
        "5": 16536,
        "6": 34179
    },
    "13818": {
        "0": 1,
        "1": 10,
        "2": 83,
        "3": 711,
        "4": 6094,
        "5": 19676,
        "6": 40645
    },
    "13819": {
        "0": 1,
        "1": 10,
        "2": 85,
        "3": 736,
        "4": 6383,
        "5": 22600,
        "6": 51792
    },
    "13820": {
        "0": 1,
        "1": 9,
        "2": 78,
        "3": 687,
        "4": 6084,
        "5": 21389,
        "6": 53410
    },
    "13821": {
        "0": 1,
        "1": 14,
        "2": 132,
        "3": 1164,
        "4": 10140,
        "5": 55335,
        "6": 200570
    },
    "13822": {
        "0": 1,
        "1": 12,
        "2": 104,
        "3": 880,
        "4": 7487,
        "5": 31413,
        "6": 81962
    },
    "13823": {
        "0": 1,
        "1": 10,
        "2": 84,
        "3": 719,
        "4": 6266,
        "5": 22453,
        "6": 51405
    },
    "13824": {
        "0": 1,
        "1": 12,
        "2": 106,
        "3": 914,
        "4": 7881,
        "5": 35310,
        "6": 108315
    },
    "13825": {
        "0": 1,
        "1": 11,
        "2": 91,
        "3": 785,
        "4": 6843,
        "5": 27111,
        "6": 65539
    },
    "13826": {
        "0": 1,
        "1": 10,
        "2": 82,
        "3": 691,
        "4": 5831,
        "5": 16656,
        "6": 29341
    },
    "13827": {
        "0": 1,
        "1": 9,
        "2": 74,
        "3": 627,
        "4": 5356,
        "5": 13235,
        "6": 24626
    },
    "13828": {
        "0": 1,
        "1": 11,
        "2": 92,
        "3": 771,
        "4": 6552,
        "5": 23244,
        "6": 59395
    },
    "13829": {
        "0": 1,
        "1": 12,
        "2": 101,
        "3": 866,
        "4": 7483,
        "5": 32175,
        "6": 80811
    },
    "13830": {
        "0": 1,
        "1": 10,
        "2": 91,
        "3": 815,
        "4": 7251,
        "5": 31110,
        "6": 87027
    },
    "13831": {
        "0": 1,
        "1": 11,
        "2": 93,
        "3": 798,
        "4": 6929,
        "5": 27749,
        "6": 67054
    },
    "13832": {
        "0": 1,
        "1": 11,
        "2": 98,
        "3": 854,
        "4": 7433,
        "5": 32007,
        "6": 83754
    },
    "13833": {
        "0": 1,
        "1": 11,
        "2": 97,
        "3": 856,
        "4": 7619,
        "5": 34602,
        "6": 95480
    },
    "13834": {
        "0": 1,
        "1": 11,
        "2": 92,
        "3": 775,
        "4": 6576,
        "5": 23420,
        "6": 58873
    },
    "13835": {
        "0": 1,
        "1": 12,
        "2": 108,
        "3": 954,
        "4": 8408,
        "5": 41146,
        "6": 123901
    },
    "13836": {
        "0": 1,
        "1": 11,
        "2": 95,
        "3": 815,
        "4": 6995,
        "5": 27264,
        "6": 69652
    },
    "13837": {
        "0": 1,
        "1": 11,
        "2": 93,
        "3": 794,
        "4": 6817,
        "5": 26072,
        "6": 68679
    },
    "13838": {
        "0": 1,
        "1": 10,
        "2": 84,
        "3": 711,
        "4": 6066,
        "5": 19342,
        "6": 43623
    },
    "13839": {
        "0": 1,
        "1": 9,
        "2": 75,
        "3": 635,
        "4": 5416,
        "5": 13739,
        "6": 22547
    },
    "13840": {
        "0": 1,
        "1": 12,
        "2": 103,
        "3": 885,
        "4": 7700,
        "5": 34858,
        "6": 97309
    },
    "13841": {
        "0": 1,
        "1": 11,
        "2": 91,
        "3": 775,
        "4": 6653,
        "5": 24602,
        "6": 51730
    },
    "13842": {
        "0": 1,
        "1": 10,
        "2": 84,
        "3": 718,
        "4": 6128,
        "5": 19550,
        "6": 40051
    },
    "13843": {
        "0": 1,
        "1": 11,
        "2": 90,
        "3": 761,
        "4": 6527,
        "5": 23797,
        "6": 59514
    },
    "13844": {
        "0": 1,
        "1": 12,
        "2": 110,
        "3": 986,
        "4": 8799,
        "5": 45158,
        "6": 142092
    },
    "13845": {
        "0": 1,
        "1": 10,
        "2": 87,
        "3": 751,
        "4": 6470,
        "5": 23054,
        "6": 51304
    },
    "13846": {
        "0": 1,
        "1": 12,
        "2": 107,
        "3": 917,
        "4": 7813,
        "5": 33839,
        "6": 93756
    },
    "13847": {
        "0": 1,
        "1": 11,
        "2": 92,
        "3": 788,
        "4": 6793,
        "5": 25965,
        "6": 60431
    },
    "13848": {
        "0": 1,
        "1": 9,
        "2": 76,
        "3": 651,
        "4": 5630,
        "5": 16262,
        "6": 32612
    },
    "13849": {
        "0": 1,
        "1": 12,
        "2": 100,
        "3": 831,
        "4": 6983,
        "5": 26457,
        "6": 64557
    },
    "13850": {
        "0": 1,
        "1": 11,
        "2": 95,
        "3": 807,
        "4": 6874,
        "5": 26137,
        "6": 65597
    },
    "13851": {
        "0": 1,
        "1": 11,
        "2": 99,
        "3": 884,
        "4": 7867,
        "5": 36836,
        "6": 110802
    },
    "13852": {
        "0": 1,
        "1": 9,
        "2": 78,
        "3": 675,
        "4": 5866,
        "5": 18474,
        "6": 39504
    },
    "13853": {
        "0": 1,
        "1": 13,
        "2": 113,
        "3": 953,
        "4": 8057,
        "5": 35799,
        "6": 106108
    },
    "13854": {
        "0": 1,
        "1": 8,
        "2": 69,
        "3": 591,
        "4": 5098,
        "5": 11472,
        "6": 18553
    },
    "13855": {
        "0": 1,
        "1": 9,
        "2": 77,
        "3": 678,
        "4": 5975,
        "5": 19743,
        "6": 46968
    },
    "13856": {
        "0": 1,
        "1": 11,
        "2": 90,
        "3": 760,
        "4": 6462,
        "5": 22196,
        "6": 46266
    },
    "13857": {
        "0": 1,
        "1": 11,
        "2": 97,
        "3": 835,
        "4": 7246,
        "5": 30197,
        "6": 78909
    },
    "13858": {
        "0": 1,
        "1": 10,
        "2": 89,
        "3": 788,
        "4": 6978,
        "5": 28321,
        "6": 75329
    },
    "13859": {
        "0": 1,
        "1": 9,
        "2": 74,
        "3": 628,
        "4": 5372,
        "5": 13568,
        "6": 28044
    },
    "13860": {
        "0": 1,
        "1": 11,
        "2": 100,
        "3": 883,
        "4": 7724,
        "5": 34108,
        "6": 100696
    },
    "13861": {
        "0": 1,
        "1": 11,
        "2": 94,
        "3": 796,
        "4": 6753,
        "5": 24724,
        "6": 60944
    },
    "13862": {
        "0": 1,
        "1": 13,
        "2": 112,
        "3": 939,
        "4": 7954,
        "5": 35184,
        "6": 93969
    },
    "13863": {
        "0": 1,
        "1": 11,
        "2": 95,
        "3": 813,
        "4": 6992,
        "5": 27647,
        "6": 68400
    },
    "13864": {
        "0": 1,
        "1": 10,
        "2": 82,
        "3": 689,
        "4": 5880,
        "5": 18076,
        "6": 43421
    },
    "13865": {
        "0": 1,
        "1": 13,
        "2": 120,
        "3": 1053,
        "4": 9103,
        "5": 45532,
        "6": 145319
    },
    "13866": {
        "0": 1,
        "1": 9,
        "2": 76,
        "3": 651,
        "4": 5664,
        "5": 16844,
        "6": 39103
    },
    "13867": {
        "0": 1,
        "1": 9,
        "2": 77,
        "3": 660,
        "4": 5728,
        "5": 17317,
        "6": 34902
    },
    "13868": {
        "0": 1,
        "1": 12,
        "2": 104,
        "3": 889,
        "4": 7625,
        "5": 32743,
        "6": 92449
    },
    "13869": {
        "0": 1,
        "1": 11,
        "2": 93,
        "3": 795,
        "4": 6818,
        "5": 26112,
        "6": 63382
    },
    "13870": {
        "0": 1,
        "1": 9,
        "2": 79,
        "3": 697,
        "4": 6144,
        "5": 21232,
        "6": 52239
    },
    "13871": {
        "0": 1,
        "1": 11,
        "2": 94,
        "3": 812,
        "4": 7085,
        "5": 29287,
        "6": 78390
    },
    "13872": {
        "0": 1,
        "1": 11,
        "2": 92,
        "3": 769,
        "4": 6484,
        "5": 22295,
        "6": 51948
    },
    "13873": {
        "0": 1,
        "1": 11,
        "2": 92,
        "3": 775,
        "4": 6568,
        "5": 23030,
        "6": 52369
    },
    "13874": {
        "0": 1,
        "1": 12,
        "2": 105,
        "3": 901,
        "4": 7759,
        "5": 34065,
        "6": 95827
    },
    "13875": {
        "0": 1,
        "1": 10,
        "2": 85,
        "3": 728,
        "4": 6268,
        "5": 21499,
        "6": 48908
    },
    "13876": {
        "0": 1,
        "1": 9,
        "2": 77,
        "3": 678,
        "4": 5928,
        "5": 18599,
        "6": 42871
    },
    "13877": {
        "0": 1,
        "1": 10,
        "2": 87,
        "3": 777,
        "4": 6903,
        "5": 28127,
        "6": 71356
    },
    "13878": {
        "0": 1,
        "1": 12,
        "2": 102,
        "3": 868,
        "4": 7441,
        "5": 31431,
        "6": 93440
    },
    "13879": {
        "0": 1,
        "1": 12,
        "2": 105,
        "3": 899,
        "4": 7694,
        "5": 33291,
        "6": 89606
    },
    "13880": {
        "0": 1,
        "1": 10,
        "2": 84,
        "3": 713,
        "4": 6104,
        "5": 19992,
        "6": 48666
    },
    "13881": {
        "0": 1,
        "1": 9,
        "2": 79,
        "3": 694,
        "4": 6064,
        "5": 20104,
        "6": 43119
    },
    "13882": {
        "0": 1,
        "1": 12,
        "2": 107,
        "3": 920,
        "4": 7897,
        "5": 35287,
        "6": 98058
    },
    "13883": {
        "0": 1,
        "1": 9,
        "2": 79,
        "3": 682,
        "4": 5923,
        "5": 18711,
        "6": 42386
    },
    "13884": {
        "0": 1,
        "1": 10,
        "2": 86,
        "3": 753,
        "4": 6583,
        "5": 24714,
        "6": 54977
    },
    "13885": {
        "0": 1,
        "1": 8,
        "2": 70,
        "3": 611,
        "4": 5327,
        "5": 13572,
        "6": 27216
    },
    "13886": {
        "0": 1,
        "1": 8,
        "2": 68,
        "3": 581,
        "4": 4980,
        "5": 10129,
        "6": 16539
    },
    "13887": {
        "0": 1,
        "1": 11,
        "2": 95,
        "3": 827,
        "4": 7181,
        "5": 29602,
        "6": 70280
    },
    "13888": {
        "0": 1,
        "1": 9,
        "2": 82,
        "3": 744,
        "4": 6720,
        "5": 27698,
        "6": 73410
    },
    "13889": {
        "0": 1,
        "1": 11,
        "2": 94,
        "3": 808,
        "4": 6973,
        "5": 27652,
        "6": 69614
    },
    "13890": {
        "0": 1,
        "1": 14,
        "2": 128,
        "3": 1110,
        "4": 9619,
        "5": 50754,
        "6": 181199
    },
    "13891": {
        "0": 1,
        "1": 12,
        "2": 111,
        "3": 991,
        "4": 8769,
        "5": 44487,
        "6": 145939
    },
    "13892": {
        "0": 1,
        "1": 12,
        "2": 103,
        "3": 857,
        "4": 7174,
        "5": 28005,
        "6": 75540
    },
    "13893": {
        "0": 1,
        "1": 12,
        "2": 109,
        "3": 963,
        "4": 8431,
        "5": 40968,
        "6": 131327
    },
    "13894": {
        "0": 1,
        "1": 11,
        "2": 95,
        "3": 810,
        "4": 6930,
        "5": 26797,
        "6": 66123
    },
    "13895": {
        "0": 1,
        "1": 10,
        "2": 81,
        "3": 691,
        "4": 5972,
        "5": 19141,
        "6": 39854
    },
    "13896": {
        "0": 1,
        "1": 9,
        "2": 74,
        "3": 629,
        "4": 5403,
        "5": 13897,
        "6": 24587
    },
    "13897": {
        "0": 1,
        "1": 11,
        "2": 98,
        "3": 855,
        "4": 7470,
        "5": 32373,
        "6": 90970
    },
    "13898": {
        "0": 1,
        "1": 10,
        "2": 85,
        "3": 730,
        "4": 6314,
        "5": 22257,
        "6": 54037
    },
    "13899": {
        "0": 1,
        "1": 11,
        "2": 96,
        "3": 836,
        "4": 7270,
        "5": 30523,
        "6": 78200
    }
}