{
    "10900": {
        "0": 1,
        "1": 11,
        "2": 94,
        "3": 813,
        "4": 7028,
        "5": 28104,
        "6": 70809
    },
    "10901": {
        "0": 1,
        "1": 10,
        "2": 88,
        "3": 761,
        "4": 6647,
        "5": 25565,
        "6": 68630
    },
    "10902": {
        "0": 1,
        "1": 12,
        "2": 107,
        "3": 928,
        "4": 8025,
        "5": 36824,
        "6": 109072
    },
    "10903": {
        "0": 1,
        "1": 9,
        "2": 80,
        "3": 691,
        "4": 6018,
        "5": 19687,
        "6": 48824
    },
    "10904": {
        "0": 1,
        "1": 11,
        "2": 95,
        "3": 823,
        "4": 7127,
        "5": 29105,
        "6": 71276
    },
    "10905": {
        "0": 1,
        "1": 12,
        "2": 108,
        "3": 943,
        "4": 8257,
        "5": 39926,
        "6": 122076
    },
    "10906": {
        "0": 1,
        "1": 10,
        "2": 83,
        "3": 705,
        "4": 6034,
        "5": 19190,
        "6": 43121
    },
    "10907": {
        "0": 1,
        "1": 11,
        "2": 95,
        "3": 816,
        "4": 7008,
        "5": 27610,
        "6": 69227
    },
    "10908": {
        "0": 1,
        "1": 11,
        "2": 95,
        "3": 812,
        "4": 6942,
        "5": 27036,
        "6": 70576
    },
    "10909": {
        "0": 1,
        "1": 12,
        "2": 106,
        "3": 925,
        "4": 8018,
        "5": 36242,
        "6": 110312
    },
    "10910": {
        "0": 1,
        "1": 10,
        "2": 84,
        "3": 720,
        "4": 6208,
        "5": 21007,
        "6": 47715
    },
    "10911": {
        "0": 1,
        "1": 10,
        "2": 87,
        "3": 750,
        "4": 6464,
        "5": 22880,
        "6": 55263
    },
    "10912": {
        "0": 1,
        "1": 9,
        "2": 80,
        "3": 709,
        "4": 6241,
        "5": 22008,
        "6": 50751
    },
    "10913": {
        "0": 1,
        "1": 12,
        "2": 107,
        "3": 950,
        "4": 8485,
        "5": 43136,
        "6": 140915
    },
    "10914": {
        "0": 1,
        "1": 11,
        "2": 97,
        "3": 865,
        "4": 7686,
        "5": 35356,
        "6": 110193
    },
    "10915": {
        "0": 1,
        "1": 9,
        "2": 75,
        "3": 643,
        "4": 5553,
        "5": 15267,
        "6": 26443
    },
    "10916": {
        "0": 1,
        "1": 13,
        "2": 113,
        "3": 955,
        "4": 8118,
        "5": 36841,
        "6": 104713
    },
    "10917": {
        "0": 1,
        "1": 11,
        "2": 99,
        "3": 880,
        "4": 7786,
        "5": 36061,
        "6": 108586
    },
    "10918": {
        "0": 1,
        "1": 14,
        "2": 121,
        "3": 1016,
        "4": 8654,
        "5": 41780,
        "6": 112856
    },
    "10919": {
        "0": 1,
        "1": 11,
        "2": 94,
        "3": 802,
        "4": 6883,
        "5": 26163,
        "6": 71036
    },
    "10920": {
        "0": 1,
        "1": 11,
        "2": 94,
        "3": 800,
        "4": 6898,
        "5": 27060,
        "6": 67014
    },
    "10921": {
        "0": 1,
        "1": 8,
        "2": 72,
        "3": 639,
        "4": 5685,
        "5": 17855,
        "6": 42642
    },
    "10922": {
        "0": 1,
        "1": 9,
        "2": 80,
        "3": 714,
        "4": 6334,
        "5": 23234,
        "6": 57707
    },
    "10923": {
        "0": 1,
        "1": 10,
        "2": 81,
        "3": 668,
        "4": 5537,
        "5": 13417,
        "6": 21213
    },
    "10924": {
        "0": 1,
        "1": 9,
        "2": 75,
        "3": 638,
        "4": 5456,
        "5": 14252,
        "6": 23841
    },
    "10925": {
        "0": 1,
        "1": 10,
        "2": 85,
        "3": 732,
        "4": 6382,
        "5": 23157,
        "6": 56002
    },
    "10926": {
        "0": 1,
        "1": 10,
        "2": 80,
        "3": 666,
        "4": 5605,
        "5": 14667,
        "6": 28876
    },
    "10927": {
        "0": 1,
        "1": 10,
        "2": 81,
        "3": 679,
        "4": 5736,
        "5": 15880,
        "6": 32890
    },
    "10928": {
        "0": 1,
        "1": 12,
        "2": 104,
        "3": 895,
        "4": 7704,
        "5": 33819,
        "6": 89051
    },
    "10929": {
        "0": 1,
        "1": 12,
        "2": 107,
        "3": 927,
        "4": 8009,
        "5": 36652,
        "6": 109031
    },
    "10930": {
        "0": 1,
        "1": 10,
        "2": 88,
        "3": 762,
        "4": 6595,
        "5": 24109,
        "6": 59409
    },
    "10931": {
        "0": 1,
        "1": 11,
        "2": 98,
        "3": 848,
        "4": 7332,
        "5": 30852,
        "6": 86982
    },
    "10932": {
        "0": 1,
        "1": 9,
        "2": 75,
        "3": 646,
        "4": 5578,
        "5": 15314,
        "6": 27681
    },
    "10933": {
        "0": 1,
        "1": 10,
        "2": 89,
        "3": 793,
        "4": 7014,
        "5": 29243,
        "6": 79659
    },
    "10934": {
        "0": 1,
        "1": 12,
        "2": 104,
        "3": 889,
        "4": 7591,
        "5": 32326,
        "6": 84671
    },
    "10935": {
        "0": 1,
        "1": 10,
        "2": 87,
        "3": 762,
        "4": 6736,
        "5": 27078,
        "6": 73062
    },
    "10936": {
        "0": 1,
        "1": 11,
        "2": 94,
        "3": 807,
        "4": 7026,
        "5": 28781,
        "6": 75298
    },
    "10937": {
        "0": 1,
        "1": 11,
        "2": 98,
        "3": 867,
        "4": 7631,
        "5": 34214,
        "6": 97620
    },
    "10938": {
        "0": 1,
        "1": 12,
        "2": 104,
        "3": 893,
        "4": 7711,
        "5": 34204,
        "6": 95673
    },
    "10939": {
        "0": 1,
        "1": 9,
        "2": 76,
        "3": 649,
        "4": 5586,
        "5": 15545,
        "6": 31320
    },
    "10940": {
        "0": 1,
        "1": 10,
        "2": 86,
        "3": 743,
        "4": 6428,
        "5": 23035,
        "6": 51485
    },
    "10941": {
        "0": 1,
        "1": 10,
        "2": 88,
        "3": 782,
        "4": 6884,
        "5": 27560,
        "6": 71764
    },
    "10942": {
        "0": 1,
        "1": 13,
        "2": 118,
        "3": 1041,
        "4": 9130,
        "5": 47258,
        "6": 156408
    },
    "10943": {
        "0": 1,
        "1": 10,
        "2": 85,
        "3": 726,
        "4": 6247,
        "5": 21305,
        "6": 49373
    },
    "10944": {
        "0": 1,
        "1": 12,
        "2": 104,
        "3": 888,
        "4": 7618,
        "5": 33091,
        "6": 88454
    },
    "10945": {
        "0": 1,
        "1": 13,
        "2": 120,
        "3": 1066,
        "4": 9425,
        "5": 50643,
        "6": 174543
    },
    "10946": {
        "0": 1,
        "1": 9,
        "2": 77,
        "3": 673,
        "4": 5916,
        "5": 18988,
        "6": 44162
    },
    "10947": {
        "0": 1,
        "1": 10,
        "2": 91,
        "3": 806,
        "4": 7144,
        "5": 30558,
        "6": 82689
    },
    "10948": {
        "0": 1,
        "1": 10,
        "2": 91,
        "3": 812,
        "4": 7173,
        "5": 29476,
        "6": 76641
    },
    "10949": {
        "0": 1,
        "1": 13,
        "2": 116,
        "3": 1014,
        "4": 8851,
        "5": 44734,
        "6": 145788
    },
    "10950": {
        "0": 1,
        "1": 10,
        "2": 83,
        "3": 707,
        "4": 6104,
        "5": 20175,
        "6": 42280
    },
    "10951": {
        "0": 1,
        "1": 8,
        "2": 68,
        "3": 589,
        "4": 5146,
        "5": 11833,
        "6": 20588
    },
    "10952": {
        "0": 1,
        "1": 9,
        "2": 75,
        "3": 642,
        "4": 5519,
        "5": 14897,
        "6": 29836
    },
    "10953": {
        "0": 1,
        "1": 10,
        "2": 84,
        "3": 722,
        "4": 6247,
        "5": 21791,
        "6": 48407
    },
    "10954": {
        "0": 1,
        "1": 11,
        "2": 100,
        "3": 889,
        "4": 7864,
        "5": 36782,
        "6": 113951
    },
    "10955": {
        "0": 1,
        "1": 9,
        "2": 75,
        "3": 641,
        "4": 5486,
        "5": 14369,
        "6": 26713
    },
    "10956": {
        "0": 1,
        "1": 9,
        "2": 78,
        "3": 665,
        "4": 5656,
        "5": 15275,
        "6": 28252
    },
    "10957": {
        "0": 1,
        "1": 9,
        "2": 80,
        "3": 706,
        "4": 6198,
        "5": 21173,
        "6": 45822
    },
    "10958": {
        "0": 1,
        "1": 11,
        "2": 95,
        "3": 848,
        "4": 7554,
        "5": 34494,
        "6": 100258
    },
    "10959": {
        "0": 1,
        "1": 12,
        "2": 107,
        "3": 941,
        "4": 8164,
        "5": 37956,
        "6": 123055
    },
    "10960": {
        "0": 1,
        "1": 8,
        "2": 70,
        "3": 609,
        "4": 5296,
        "5": 13359,
        "6": 25025
    },
    "10961": {
        "0": 1,
        "1": 11,
        "2": 93,
        "3": 809,
        "4": 7089,
        "5": 29697,
        "6": 81768
    },
    "10962": {
        "0": 1,
        "1": 10,
        "2": 82,
        "3": 690,
        "4": 5849,
        "5": 17149,
        "6": 32687
    },
    "10963": {
        "0": 1,
        "1": 10,
        "2": 84,
        "3": 709,
        "4": 6037,
        "5": 19155,
        "6": 42761
    },
    "10964": {
        "0": 1,
        "1": 11,
        "2": 95,
        "3": 821,
        "4": 7143,
        "5": 29630,
        "6": 82571
    },
    "10965": {
        "0": 1,
        "1": 11,
        "2": 98,
        "3": 854,
        "4": 7453,
        "5": 32413,
        "6": 89240
    },
    "10966": {
        "0": 1,
        "1": 11,
        "2": 93,
        "3": 797,
        "4": 6835,
        "5": 26015,
        "6": 67291
    },
    "10967": {
        "0": 1,
        "1": 10,
        "2": 85,
        "3": 724,
        "4": 6164,
        "5": 19635,
        "6": 43349
    },
    "10968": {
        "0": 1,
        "1": 10,
        "2": 90,
        "3": 784,
        "4": 6803,
        "5": 26294,
        "6": 72516
    },
    "10969": {
        "0": 1,
        "1": 12,
        "2": 111,
        "3": 991,
        "4": 8805,
        "5": 45106,
        "6": 149674
    },
    "10970": {
        "0": 1,
        "1": 9,
        "2": 75,
        "3": 652,
        "4": 5714,
        "5": 17573,
        "6": 37315
    },
    "10971": {
        "0": 1,
        "1": 9,
        "2": 76,
        "3": 647,
        "4": 5520,
        "5": 14451,
        "6": 29851
    },
    "10972": {
        "0": 1,
        "1": 12,
        "2": 103,
        "3": 881,
        "4": 7542,
        "5": 31949,
        "6": 81118
    },
    "10973": {
        "0": 1,
        "1": 11,
        "2": 94,
        "3": 816,
        "4": 7103,
        "5": 29165,
        "6": 74911
    },
    "10974": {
        "0": 1,
        "1": 11,
        "2": 92,
        "3": 774,
        "4": 6591,
        "5": 23923,
        "6": 56489
    },
    "10975": {
        "0": 1,
        "1": 10,
        "2": 85,
        "3": 742,
        "4": 6455,
        "5": 23500,
        "6": 56923
    },
    "10976": {
        "0": 1,
        "1": 10,
        "2": 85,
        "3": 737,
        "4": 6424,
        "5": 23418,
        "6": 54918
    },
    "10977": {
        "0": 1,
        "1": 13,
        "2": 112,
        "3": 947,
        "4": 8120,
        "5": 37591,
        "6": 109850
    },
    "10978": {
        "0": 1,
        "1": 10,
        "2": 85,
        "3": 738,
        "4": 6432,
        "5": 23527,
        "6": 51952
    },
    "10979": {
        "0": 1,
        "1": 11,
        "2": 94,
        "3": 813,
        "4": 7047,
        "5": 28325,
        "6": 71570
    },
    "10980": {
        "0": 1,
        "1": 12,
        "2": 99,
        "3": 829,
        "4": 7046,
        "5": 27540,
        "6": 66798
    },
    "10981": {
        "0": 1,
        "1": 10,
        "2": 84,
        "3": 722,
        "4": 6254,
        "5": 21744,
        "6": 52072
    },
    "10982": {
        "0": 1,
        "1": 11,
        "2": 90,
        "3": 751,
        "4": 6327,
        "5": 20963,
        "6": 43149
    },
    "10983": {
        "0": 1,
        "1": 13,
        "2": 113,
        "3": 981,
        "4": 8580,
        "5": 42555,
        "6": 120393
    },
    "10984": {
        "0": 1,
        "1": 11,
        "2": 99,
        "3": 877,
        "4": 7723,
        "5": 35190,
        "6": 107407
    },
    "10985": {
        "0": 1,
        "1": 12,
        "2": 102,
        "3": 861,
        "4": 7255,
        "5": 28530,
        "6": 68508
    },
    "10986": {
        "0": 1,
        "1": 12,
        "2": 102,
        "3": 851,
        "4": 7095,
        "5": 26620,
        "6": 61236
    },
    "10987": {
        "0": 1,
        "1": 11,
        "2": 94,
        "3": 814,
        "4": 7062,
        "5": 28697,
        "6": 68163
    },
    "10988": {
        "0": 1,
        "1": 12,
        "2": 103,
        "3": 869,
        "4": 7354,
        "5": 29901,
        "6": 75980
    },
    "10989": {
        "0": 1,
        "1": 10,
        "2": 85,
        "3": 735,
        "4": 6396,
        "5": 22832,
        "6": 53884
    },
    "10990": {
        "0": 1,
        "1": 12,
        "2": 106,
        "3": 913,
        "4": 7839,
        "5": 34229,
        "6": 88215
    },
    "10991": {
        "0": 1,
        "1": 11,
        "2": 91,
        "3": 778,
        "4": 6741,
        "5": 26121,
        "6": 65677
    },
    "10992": {
        "0": 1,
        "1": 13,
        "2": 116,
        "3": 992,
        "4": 8474,
        "5": 39960,
        "6": 117946
    },
    "10993": {
        "0": 1,
        "1": 11,
        "2": 97,
        "3": 847,
        "4": 7386,
        "5": 31708,
        "6": 85507
    },
    "10994": {
        "0": 1,
        "1": 9,
        "2": 75,
        "3": 641,
        "4": 5519,
        "5": 15044,
        "6": 30184
    },
    "10995": {
        "0": 1,
        "1": 11,
        "2": 94,
        "3": 811,
        "4": 7033,
        "5": 28426,
        "6": 75615
    },
    "10996": {
        "0": 1,
        "1": 11,
        "2": 98,
        "3": 874,
        "4": 7756,
        "5": 35696,
        "6": 101170
    },
    "10997": {
        "0": 1,
        "1": 13,
        "2": 119,
        "3": 1042,
        "4": 9078,
        "5": 46348,
        "6": 155039
    },
    "10998": {
        "0": 1,
        "1": 12,
        "2": 110,
        "3": 964,
        "4": 8319,
        "5": 38752,
        "6": 116900
    },
    "10999": {
        "0": 1,
        "1": 10,
        "2": 86,
        "3": 766,
        "4": 6799,
        "5": 27107,
        "6": 73626
    }
}