{
    "7300": {
        "0": 1,
        "1": 11,
        "2": 94,
        "3": 808,
        "4": 6947,
        "5": 27120,
        "6": 66872
    },
    "7301": {
        "0": 1,
        "1": 11,
        "2": 93,
        "3": 793,
        "4": 6825,
        "5": 26126,
        "6": 65433
    },
    "7302": {
        "0": 1,
        "1": 11,
        "2": 96,
        "3": 832,
        "4": 7193,
        "5": 29414,
        "6": 78611
    },
    "7303": {
        "0": 1,
        "1": 11,
        "2": 91,
        "3": 782,
        "4": 6767,
        "5": 25931,
        "6": 54376
    },
    "7304": {
        "0": 1,
        "1": 10,
        "2": 82,
        "3": 692,
        "4": 5892,
        "5": 17576,
        "6": 35636
    },
    "7305": {
        "0": 1,
        "1": 9,
        "2": 78,
        "3": 680,
        "4": 5922,
        "5": 18787,
        "6": 33320
    },
    "7306": {
        "0": 1,
        "1": 8,
        "2": 68,
        "3": 582,
        "4": 5013,
        "5": 10690,
        "6": 15627
    },
    "7307": {
        "0": 1,
        "1": 12,
        "2": 103,
        "3": 882,
        "4": 7631,
        "5": 33798,
        "6": 95008
    },
    "7308": {
        "0": 1,
        "1": 11,
        "2": 98,
        "3": 900,
        "4": 8224,
        "5": 41999,
        "6": 137837
    },
    "7309": {
        "0": 1,
        "1": 11,
        "2": 96,
        "3": 832,
        "4": 7204,
        "5": 29504,
        "6": 77098
    },
    "7310": {
        "0": 1,
        "1": 13,
        "2": 113,
        "3": 945,
        "4": 7933,
        "5": 34370,
        "6": 91356
    },
    "7311": {
        "0": 1,
        "1": 10,
        "2": 84,
        "3": 719,
        "4": 6178,
        "5": 20569,
        "6": 47755
    },
    "7312": {
        "0": 1,
        "1": 9,
        "2": 77,
        "3": 655,
        "4": 5613,
        "5": 15576,
        "6": 34326
    },
    "7313": {
        "0": 1,
        "1": 10,
        "2": 87,
        "3": 774,
        "4": 6914,
        "5": 29130,
        "6": 84974
    },
    "7314": {
        "0": 1,
        "1": 11,
        "2": 96,
        "3": 836,
        "4": 7268,
        "5": 30369,
        "6": 79520
    },
    "7315": {
        "0": 1,
        "1": 13,
        "2": 109,
        "3": 904,
        "4": 7596,
        "5": 31212,
        "6": 81406
    },
    "7316": {
        "0": 1,
        "1": 12,
        "2": 106,
        "3": 896,
        "4": 7499,
        "5": 30100,
        "6": 78104
    },
    "7317": {
        "0": 1,
        "1": 11,
        "2": 96,
        "3": 830,
        "4": 7173,
        "5": 28990,
        "6": 76703
    },
    "7318": {
        "0": 1,
        "1": 10,
        "2": 85,
        "3": 723,
        "4": 6197,
        "5": 20455,
        "6": 45038
    },
    "7319": {
        "0": 1,
        "1": 10,
        "2": 86,
        "3": 750,
        "4": 6555,
        "5": 24801,
        "6": 58556
    },
    "7320": {
        "0": 1,
        "1": 11,
        "2": 92,
        "3": 780,
        "4": 6708,
        "5": 25156,
        "6": 62342
    },
    "7321": {
        "0": 1,
        "1": 11,
        "2": 96,
        "3": 820,
        "4": 7049,
        "5": 28214,
        "6": 72007
    },
    "7322": {
        "0": 1,
        "1": 13,
        "2": 119,
        "3": 1062,
        "4": 9464,
        "5": 51583,
        "6": 178588
    },
    "7323": {
        "0": 1,
        "1": 8,
        "2": 69,
        "3": 594,
        "4": 5132,
        "5": 11655,
        "6": 21777
    },
    "7324": {
        "0": 1,
        "1": 10,
        "2": 88,
        "3": 762,
        "4": 6561,
        "5": 23703,
        "6": 60211
    },
    "7325": {
        "0": 1,
        "1": 12,
        "2": 100,
        "3": 830,
        "4": 6935,
        "5": 25552,
        "6": 58425
    },
    "7326": {
        "0": 1,
        "1": 11,
        "2": 93,
        "3": 817,
        "4": 7253,
        "5": 31797,
        "6": 89656
    },
    "7327": {
        "0": 1,
        "1": 12,
        "2": 103,
        "3": 880,
        "4": 7536,
        "5": 31728,
        "6": 82160
    },
    "7328": {
        "0": 1,
        "1": 10,
        "2": 84,
        "3": 740,
        "4": 6458,
        "5": 23264,
        "6": 49633
    },
    "7329": {
        "0": 1,
        "1": 9,
        "2": 76,
        "3": 663,
        "4": 5757,
        "5": 16868,
        "6": 30951
    },
    "7330": {
        "0": 1,
        "1": 11,
        "2": 95,
        "3": 822,
        "4": 7145,
        "5": 29558,
        "6": 75461
    },
    "7331": {
        "0": 1,
        "1": 9,
        "2": 79,
        "3": 685,
        "4": 5999,
        "5": 19897,
        "6": 43493
    },
    "7332": {
        "0": 1,
        "1": 9,
        "2": 77,
        "3": 664,
        "4": 5753,
        "5": 17152,
        "6": 35181
    },
    "7333": {
        "0": 1,
        "1": 11,
        "2": 93,
        "3": 792,
        "4": 6852,
        "5": 26685,
        "6": 68979
    },
    "7334": {
        "0": 1,
        "1": 10,
        "2": 84,
        "3": 719,
        "4": 6183,
        "5": 20614,
        "6": 44311
    },
    "7335": {
        "0": 1,
        "1": 10,
        "2": 87,
        "3": 764,
        "4": 6669,
        "5": 25151,
        "6": 63140
    },
    "7336": {
        "0": 1,
        "1": 9,
        "2": 73,
        "3": 607,
        "4": 5157,
        "5": 11600,
        "6": 22887
    },
    "7337": {
        "0": 1,
        "1": 12,
        "2": 105,
        "3": 904,
        "4": 7766,
        "5": 33832,
        "6": 100609
    },
    "7338": {
        "0": 1,
        "1": 12,
        "2": 107,
        "3": 919,
        "4": 7854,
        "5": 34415,
        "6": 94209
    },
    "7339": {
        "0": 1,
        "1": 9,
        "2": 79,
        "3": 702,
        "4": 6190,
        "5": 21452,
        "6": 45185
    },
    "7340": {
        "0": 1,
        "1": 10,
        "2": 86,
        "3": 746,
        "4": 6462,
        "5": 23357,
        "6": 53064
    },
    "7341": {
        "0": 1,
        "1": 12,
        "2": 100,
        "3": 835,
        "4": 7078,
        "5": 27898,
        "6": 68397
    },
    "7342": {
        "0": 1,
        "1": 9,
        "2": 77,
        "3": 678,
        "4": 5975,
        "5": 19790,
        "6": 48992
    },
    "7343": {
        "0": 1,
        "1": 10,
        "2": 90,
        "3": 807,
        "4": 7203,
        "5": 30879,
        "6": 90980
    },
    "7344": {
        "0": 1,
        "1": 13,
        "2": 111,
        "3": 918,
        "4": 7661,
        "5": 31962,
        "6": 86986
    },
    "7345": {
        "0": 1,
        "1": 10,
        "2": 84,
        "3": 725,
        "4": 6223,
        "5": 20590,
        "6": 44561
    },
    "7346": {
        "0": 1,
        "1": 10,
        "2": 83,
        "3": 698,
        "4": 5917,
        "5": 17767,
        "6": 34024
    },
    "7347": {
        "0": 1,
        "1": 11,
        "2": 94,
        "3": 803,
        "4": 6901,
        "5": 26834,
        "6": 67267
    },
    "7348": {
        "0": 1,
        "1": 12,
        "2": 105,
        "3": 921,
        "4": 8052,
        "5": 37757,
        "6": 110717
    },
    "7349": {
        "0": 1,
        "1": 12,
        "2": 106,
        "3": 930,
        "4": 8133,
        "5": 38426,
        "6": 126268
    },
    "7350": {
        "0": 1,
        "1": 11,
        "2": 91,
        "3": 774,
        "4": 6597,
        "5": 23432,
        "6": 53141
    },
    "7351": {
        "0": 1,
        "1": 12,
        "2": 107,
        "3": 923,
        "4": 7910,
        "5": 34731,
        "6": 100325
    },
    "7352": {
        "0": 1,
        "1": 10,
        "2": 82,
        "3": 692,
        "4": 5934,
        "5": 18733,
        "6": 44807
    },
    "7353": {
        "0": 1,
        "1": 11,
        "2": 93,
        "3": 783,
        "4": 6654,
        "5": 24167,
        "6": 54188
    },
    "7354": {
        "0": 1,
        "1": 10,
        "2": 85,
        "3": 749,
        "4": 6596,
        "5": 25427,
        "6": 63426
    },
    "7355": {
        "0": 1,
        "1": 11,
        "2": 93,
        "3": 795,
        "4": 6839,
        "5": 26223,
        "6": 65029
    },
    "7356": {
        "0": 1,
        "1": 10,
        "2": 83,
        "3": 702,
        "4": 6029,
        "5": 19511,
        "6": 43526
    },
    "7357": {
        "0": 1,
        "1": 10,
        "2": 90,
        "3": 799,
        "4": 7082,
        "5": 29891,
        "6": 96515
    },
    "7358": {
        "0": 1,
        "1": 11,
        "2": 94,
        "3": 798,
        "4": 6835,
        "5": 26031,
        "6": 63773
    },
    "7359": {
        "0": 1,
        "1": 10,
        "2": 84,
        "3": 728,
        "4": 6298,
        "5": 21529,
        "6": 47784
    },
    "7360": {
        "0": 1,
        "1": 12,
        "2": 105,
        "3": 900,
        "4": 7711,
        "5": 33421,
        "6": 96306
    },
    "7361": {
        "0": 1,
        "1": 12,
        "2": 106,
        "3": 908,
        "4": 7744,
        "5": 33324,
        "6": 86690
    },
    "7362": {
        "0": 1,
        "1": 10,
        "2": 86,
        "3": 743,
        "4": 6399,
        "5": 22332,
        "6": 52205
    },
    "7363": {
        "0": 1,
        "1": 12,
        "2": 101,
        "3": 847,
        "4": 7149,
        "5": 27965,
        "6": 69540
    },
    "7364": {
        "0": 1,
        "1": 13,
        "2": 114,
        "3": 964,
        "4": 8173,
        "5": 36976,
        "6": 106881
    },
    "7365": {
        "0": 1,
        "1": 11,
        "2": 95,
        "3": 813,
        "4": 6972,
        "5": 27146,
        "6": 63522
    },
    "7366": {
        "0": 1,
        "1": 11,
        "2": 93,
        "3": 782,
        "4": 6651,
        "5": 24365,
        "6": 62452
    },
    "7367": {
        "0": 1,
        "1": 11,
        "2": 96,
        "3": 837,
        "4": 7315,
        "5": 31228,
        "6": 77231
    },
    "7368": {
        "0": 1,
        "1": 14,
        "2": 135,
        "3": 1213,
        "4": 10662,
        "5": 59891,
        "6": 235831
    },
    "7369": {
        "0": 1,
        "1": 11,
        "2": 94,
        "3": 816,
        "4": 7113,
        "5": 29460,
        "6": 76397
    },
    "7370": {
        "0": 1,
        "1": 11,
        "2": 96,
        "3": 833,
        "4": 7243,
        "5": 30565,
        "6": 83421
    },
    "7371": {
        "0": 1,
        "1": 12,
        "2": 101,
        "3": 858,
        "4": 7337,
        "5": 30208,
        "6": 79058
    },
    "7372": {
        "0": 1,
        "1": 10,
        "2": 85,
        "3": 730,
        "4": 6300,
        "5": 21835,
        "6": 46603
    },
    "7373": {
        "0": 1,
        "1": 10,
        "2": 80,
        "3": 679,
        "4": 5827,
        "5": 17567,
        "6": 33684
    },
    "7374": {
        "0": 1,
        "1": 12,
        "2": 106,
        "3": 922,
        "4": 7997,
        "5": 36566,
        "6": 104184
    },
    "7375": {
        "0": 1,
        "1": 9,
        "2": 83,
        "3": 746,
        "4": 6671,
        "5": 26355,
        "6": 60828
    },
    "7376": {
        "0": 1,
        "1": 10,
        "2": 89,
        "3": 787,
        "4": 6971,
        "5": 28868,
        "6": 81722
    },
    "7377": {
        "0": 1,
        "1": 14,
        "2": 127,
        "3": 1078,
        "4": 9095,
        "5": 44447,
        "6": 139613
    },
    "7378": {
        "0": 1,
        "1": 12,
        "2": 101,
        "3": 855,
        "4": 7292,
        "5": 29732,
        "6": 71357
    },
    "7379": {
        "0": 1,
        "1": 12,
        "2": 104,
        "3": 893,
        "4": 7726,
        "5": 34461,
        "6": 97320
    },
    "7380": {
        "0": 1,
        "1": 10,
        "2": 87,
        "3": 759,
        "4": 6617,
        "5": 25020,
        "6": 61436
    },
    "7381": {
        "0": 1,
        "1": 10,
        "2": 82,
        "3": 682,
        "4": 5743,
        "5": 16149,
        "6": 31853
    },
    "7382": {
        "0": 1,
        "1": 9,
        "2": 76,
        "3": 659,
        "4": 5730,
        "5": 17058,
        "6": 34712
    },
    "7383": {
        "0": 1,
        "1": 10,
        "2": 88,
        "3": 766,
        "4": 6663,
        "5": 24701,
        "6": 56674
    },
    "7384": {
        "0": 1,
        "1": 12,
        "2": 107,
        "3": 970,
        "4": 8711,
        "5": 44935,
        "6": 145847
    },
    "7385": {
        "0": 1,
        "1": 10,
        "2": 82,
        "3": 709,
        "4": 6146,
        "5": 20370,
        "6": 41888
    },
    "7386": {
        "0": 1,
        "1": 11,
        "2": 92,
        "3": 792,
        "4": 6840,
        "5": 26441,
        "6": 61049
    },
    "7387": {
        "0": 1,
        "1": 13,
        "2": 115,
        "3": 1000,
        "4": 8669,
        "5": 41719,
        "6": 126858
    },
    "7388": {
        "0": 1,
        "1": 10,
        "2": 83,
        "3": 707,
        "4": 6078,
        "5": 19799,
        "6": 46733
    },
    "7389": {
        "0": 1,
        "1": 10,
        "2": 88,
        "3": 776,
        "4": 6821,
        "5": 26885,
        "6": 69111
    },
    "7390": {
        "0": 1,
        "1": 11,
        "2": 96,
        "3": 834,
        "4": 7224,
        "5": 29519,
        "6": 71401
    },
    "7391": {
        "0": 1,
        "1": 13,
        "2": 117,
        "3": 1006,
        "4": 8692,
        "5": 42886,
        "6": 128300
    },
    "7392": {
        "0": 1,
        "1": 10,
        "2": 87,
        "3": 762,
        "4": 6686,
        "5": 25523,
        "6": 58913
    },
    "7393": {
        "0": 1,
        "1": 11,
        "2": 98,
        "3": 864,
        "4": 7550,
        "5": 32937,
        "6": 93283
    },
    "7394": {
        "0": 1,
        "1": 11,
        "2": 97,
        "3": 856,
        "4": 7524,
        "5": 33140,
        "6": 87871
    },
    "7395": {
        "0": 1,
        "1": 10,
        "2": 83,
        "3": 717,
        "4": 6257,
        "5": 22100,
        "6": 58298
    },
    "7396": {
        "0": 1,
        "1": 10,
        "2": 85,
        "3": 732,
        "4": 6340,
        "5": 22431,
        "6": 51133
    },
    "7397": {
        "0": 1,
        "1": 8,
        "2": 69,
        "3": 596,
        "4": 5155,
        "5": 11833,
        "6": 20753
    },
    "7398": {
        "0": 1,
        "1": 13,
        "2": 116,
        "3": 998,
        "4": 8585,
        "5": 41181,
        "6": 117377
    },
    "7399": {
        "0": 1,
        "1": 9,
        "2": 76,
        "3": 659,
        "4": 5722,
        "5": 17087,
        "6": 33237
    }
}