{
    "6600": {
        "0": 1,
        "1": 11,
        "2": 95,
        "3": 825,
        "4": 7126,
        "5": 28688,
        "6": 70803
    },
    "6601": {
        "0": 1,
        "1": 8,
        "2": 68,
        "3": 578,
        "4": 4944,
        "5": 9789,
        "6": 17652
    },
    "6602": {
        "0": 1,
        "1": 9,
        "2": 75,
        "3": 636,
        "4": 5427,
        "5": 13854,
        "6": 19219
    },
    "6603": {
        "0": 1,
        "1": 9,
        "2": 76,
        "3": 648,
        "4": 5535,
        "5": 14625,
        "6": 24213
    },
    "6604": {
        "0": 1,
        "1": 12,
        "2": 102,
        "3": 868,
        "4": 7362,
        "5": 29851,
        "6": 73551
    },
    "6605": {
        "0": 1,
        "1": 10,
        "2": 91,
        "3": 812,
        "4": 7191,
        "5": 30538,
        "6": 88267
    },
    "6606": {
        "0": 1,
        "1": 11,
        "2": 94,
        "3": 812,
        "4": 7032,
        "5": 28205,
        "6": 76277
    },
    "6607": {
        "0": 1,
        "1": 10,
        "2": 86,
        "3": 744,
        "4": 6438,
        "5": 23044,
        "6": 47170
    },
    "6608": {
        "0": 1,
        "1": 10,
        "2": 85,
        "3": 736,
        "4": 6368,
        "5": 22394,
        "6": 49528
    },
    "6609": {
        "0": 1,
        "1": 12,
        "2": 103,
        "3": 888,
        "4": 7635,
        "5": 32921,
        "6": 84763
    },
    "6610": {
        "0": 1,
        "1": 12,
        "2": 113,
        "3": 1009,
        "4": 8879,
        "5": 45030,
        "6": 151800
    },
    "6611": {
        "0": 1,
        "1": 12,
        "2": 101,
        "3": 852,
        "4": 7297,
        "5": 30408,
        "6": 77223
    },
    "6612": {
        "0": 1,
        "1": 11,
        "2": 94,
        "3": 800,
        "4": 6822,
        "5": 25682,
        "6": 62681
    },
    "6613": {
        "0": 1,
        "1": 10,
        "2": 87,
        "3": 755,
        "4": 6593,
        "5": 25032,
        "6": 65747
    },
    "6614": {
        "0": 1,
        "1": 9,
        "2": 79,
        "3": 697,
        "4": 6114,
        "5": 20703,
        "6": 44142
    },
    "6615": {
        "0": 1,
        "1": 10,
        "2": 83,
        "3": 702,
        "4": 6007,
        "5": 18985,
        "6": 38745
    },
    "6616": {
        "0": 1,
        "1": 9,
        "2": 76,
        "3": 645,
        "4": 5481,
        "5": 13987,
        "6": 27755
    },
    "6617": {
        "0": 1,
        "1": 12,
        "2": 106,
        "3": 903,
        "4": 7630,
        "5": 31775,
        "6": 82399
    },
    "6618": {
        "0": 1,
        "1": 9,
        "2": 79,
        "3": 692,
        "4": 6035,
        "5": 19953,
        "6": 51689
    },
    "6619": {
        "0": 1,
        "1": 9,
        "2": 79,
        "3": 701,
        "4": 6197,
        "5": 21792,
        "6": 48467
    },
    "6620": {
        "0": 1,
        "1": 14,
        "2": 129,
        "3": 1112,
        "4": 9477,
        "5": 48389,
        "6": 155455
    },
    "6621": {
        "0": 1,
        "1": 10,
        "2": 88,
        "3": 791,
        "4": 7045,
        "5": 29487,
        "6": 82619
    },
    "6622": {
        "0": 1,
        "1": 10,
        "2": 83,
        "3": 700,
        "4": 5959,
        "5": 18169,
        "6": 37952
    },
    "6623": {
        "0": 1,
        "1": 10,
        "2": 88,
        "3": 784,
        "4": 6998,
        "5": 29806,
        "6": 91383
    },
    "6624": {
        "0": 1,
        "1": 13,
        "2": 113,
        "3": 959,
        "4": 8169,
        "5": 37183,
        "6": 102957
    },
    "6625": {
        "0": 1,
        "1": 12,
        "2": 104,
        "3": 914,
        "4": 8037,
        "5": 37851,
        "6": 110535
    },
    "6626": {
        "0": 1,
        "1": 10,
        "2": 87,
        "3": 762,
        "4": 6650,
        "5": 24764,
        "6": 56621
    },
    "6627": {
        "0": 1,
        "1": 10,
        "2": 86,
        "3": 734,
        "4": 6308,
        "5": 21852,
        "6": 56014
    },
    "6628": {
        "0": 1,
        "1": 9,
        "2": 76,
        "3": 650,
        "4": 5605,
        "5": 15836,
        "6": 37916
    },
    "6629": {
        "0": 1,
        "1": 10,
        "2": 84,
        "3": 723,
        "4": 6273,
        "5": 22098,
        "6": 51337
    },
    "6630": {
        "0": 1,
        "1": 10,
        "2": 86,
        "3": 741,
        "4": 6390,
        "5": 22638,
        "6": 53300
    },
    "6631": {
        "0": 1,
        "1": 9,
        "2": 77,
        "3": 667,
        "4": 5789,
        "5": 17673,
        "6": 42954
    },
    "6632": {
        "0": 1,
        "1": 12,
        "2": 103,
        "3": 885,
        "4": 7678,
        "5": 34178,
        "6": 99940
    },
    "6633": {
        "0": 1,
        "1": 9,
        "2": 80,
        "3": 720,
        "4": 6455,
        "5": 24983,
        "6": 68867
    },
    "6634": {
        "0": 1,
        "1": 10,
        "2": 82,
        "3": 680,
        "4": 5668,
        "5": 14820,
        "6": 30577
    },
    "6635": {
        "0": 1,
        "1": 11,
        "2": 93,
        "3": 796,
        "4": 6834,
        "5": 26178,
        "6": 64231
    },
    "6636": {
        "0": 1,
        "1": 12,
        "2": 105,
        "3": 900,
        "4": 7748,
        "5": 34373,
        "6": 95797
    },
    "6637": {
        "0": 1,
        "1": 13,
        "2": 120,
        "3": 1059,
        "4": 9251,
        "5": 47819,
        "6": 156137
    },
    "6638": {
        "0": 1,
        "1": 11,
        "2": 95,
        "3": 806,
        "4": 6850,
        "5": 25783,
        "6": 61949
    },
    "6639": {
        "0": 1,
        "1": 10,
        "2": 85,
        "3": 738,
        "4": 6391,
        "5": 22648,
        "6": 49348
    },
    "6640": {
        "0": 1,
        "1": 9,
        "2": 74,
        "3": 623,
        "4": 5283,
        "5": 12412,
        "6": 18272
    },
    "6641": {
        "0": 1,
        "1": 10,
        "2": 85,
        "3": 729,
        "4": 6297,
        "5": 21930,
        "6": 49731
    },
    "6642": {
        "0": 1,
        "1": 12,
        "2": 103,
        "3": 860,
        "4": 7183,
        "5": 27641,
        "6": 69688
    },
    "6643": {
        "0": 1,
        "1": 9,
        "2": 81,
        "3": 702,
        "4": 6069,
        "5": 19589,
        "6": 42105
    },
    "6644": {
        "0": 1,
        "1": 11,
        "2": 91,
        "3": 767,
        "4": 6532,
        "5": 23219,
        "6": 53727
    },
    "6645": {
        "0": 1,
        "1": 10,
        "2": 90,
        "3": 798,
        "4": 7034,
        "5": 29095,
        "6": 79472
    },
    "6646": {
        "0": 1,
        "1": 11,
        "2": 99,
        "3": 867,
        "4": 7555,
        "5": 32691,
        "6": 83909
    },
    "6647": {
        "0": 1,
        "1": 11,
        "2": 98,
        "3": 863,
        "4": 7542,
        "5": 32807,
        "6": 85134
    },
    "6648": {
        "0": 1,
        "1": 10,
        "2": 84,
        "3": 723,
        "4": 6293,
        "5": 22311,
        "6": 55238
    },
    "6649": {
        "0": 1,
        "1": 13,
        "2": 120,
        "3": 1056,
        "4": 9222,
        "5": 47936,
        "6": 159311
    },
    "6650": {
        "0": 1,
        "1": 12,
        "2": 106,
        "3": 912,
        "4": 7884,
        "5": 35849,
        "6": 109840
    },
    "6651": {
        "0": 1,
        "1": 11,
        "2": 100,
        "3": 892,
        "4": 7878,
        "5": 36461,
        "6": 102194
    },
    "6652": {
        "0": 1,
        "1": 11,
        "2": 89,
        "3": 758,
        "4": 6560,
        "5": 24235,
        "6": 57174
    },
    "6653": {
        "0": 1,
        "1": 12,
        "2": 107,
        "3": 943,
        "4": 8312,
        "5": 40420,
        "6": 123811
    },
    "6654": {
        "0": 1,
        "1": 10,
        "2": 91,
        "3": 798,
        "4": 7050,
        "5": 29286,
        "6": 81045
    },
    "6655": {
        "0": 1,
        "1": 11,
        "2": 90,
        "3": 741,
        "4": 6160,
        "5": 18793,
        "6": 39649
    },
    "6656": {
        "0": 1,
        "1": 9,
        "2": 78,
        "3": 685,
        "4": 6035,
        "5": 20384,
        "6": 50448
    },
    "6657": {
        "0": 1,
        "1": 10,
        "2": 85,
        "3": 735,
        "4": 6340,
        "5": 21674,
        "6": 45367
    },
    "6658": {
        "0": 1,
        "1": 9,
        "2": 79,
        "3": 707,
        "4": 6281,
        "5": 22859,
        "6": 59111
    },
    "6659": {
        "0": 1,
        "1": 11,
        "2": 94,
        "3": 799,
        "4": 6832,
        "5": 26006,
        "6": 60628
    },
    "6660": {
        "0": 1,
        "1": 12,
        "2": 106,
        "3": 904,
        "4": 7720,
        "5": 33531,
        "6": 94899
    },
    "6661": {
        "0": 1,
        "1": 15,
        "2": 139,
        "3": 1185,
        "4": 9980,
        "5": 51647,
        "6": 153285
    },
    "6662": {
        "0": 1,
        "1": 9,
        "2": 78,
        "3": 675,
        "4": 5850,
        "5": 18116,
        "6": 36420
    },
    "6663": {
        "0": 1,
        "1": 10,
        "2": 86,
        "3": 740,
        "4": 6402,
        "5": 22867,
        "6": 49844
    },
    "6664": {
        "0": 1,
        "1": 12,
        "2": 101,
        "3": 855,
        "4": 7278,
        "5": 29530,
        "6": 68118
    },
    "6665": {
        "0": 1,
        "1": 13,
        "2": 113,
        "3": 956,
        "4": 8194,
        "5": 38082,
        "6": 108158
    },
    "6666": {
        "0": 1,
        "1": 12,
        "2": 107,
        "3": 949,
        "4": 8389,
        "5": 41307,
        "6": 127582
    },
    "6667": {
        "0": 1,
        "1": 11,
        "2": 97,
        "3": 844,
        "4": 7320,
        "5": 30425,
        "6": 81449
    },
    "6668": {
        "0": 1,
        "1": 11,
        "2": 94,
        "3": 814,
        "4": 7042,
        "5": 28267,
        "6": 71899
    },
    "6669": {
        "0": 1,
        "1": 11,
        "2": 92,
        "3": 779,
        "4": 6602,
        "5": 23353,
        "6": 55482
    },
    "6670": {
        "0": 1,
        "1": 11,
        "2": 99,
        "3": 877,
        "4": 7740,
        "5": 35615,
        "6": 106385
    },
    "6671": {
        "0": 1,
        "1": 10,
        "2": 88,
        "3": 768,
        "4": 6722,
        "5": 26050,
        "6": 64689
    },
    "6672": {
        "0": 1,
        "1": 12,
        "2": 101,
        "3": 864,
        "4": 7477,
        "5": 32314,
        "6": 89123
    },
    "6673": {
        "0": 1,
        "1": 10,
        "2": 83,
        "3": 704,
        "4": 6017,
        "5": 19017,
        "6": 34596
    },
    "6674": {
        "0": 1,
        "1": 11,
        "2": 92,
        "3": 770,
        "4": 6471,
        "5": 22085,
        "6": 51688
    },
    "6675": {
        "0": 1,
        "1": 9,
        "2": 79,
        "3": 684,
        "4": 5920,
        "5": 18502,
        "6": 43885
    },
    "6676": {
        "0": 1,
        "1": 13,
        "2": 114,
        "3": 996,
        "4": 8690,
        "5": 42875,
        "6": 130992
    },
    "6677": {
        "0": 1,
        "1": 11,
        "2": 91,
        "3": 765,
        "4": 6498,
        "5": 22798,
        "6": 52052
    },
    "6678": {
        "0": 1,
        "1": 9,
        "2": 76,
        "3": 653,
        "4": 5627,
        "5": 15849,
        "6": 31463
    },
    "6679": {
        "0": 1,
        "1": 10,
        "2": 88,
        "3": 764,
        "4": 6634,
        "5": 24630,
        "6": 61586
    },
    "6680": {
        "0": 1,
        "1": 13,
        "2": 109,
        "3": 900,
        "4": 7547,
        "5": 31311,
        "6": 83932
    },
    "6681": {
        "0": 1,
        "1": 11,
        "2": 95,
        "3": 807,
        "4": 6846,
        "5": 25516,
        "6": 66296
    },
    "6682": {
        "0": 1,
        "1": 10,
        "2": 89,
        "3": 782,
        "4": 6831,
        "5": 26481,
        "6": 65735
    },
    "6683": {
        "0": 1,
        "1": 11,
        "2": 96,
        "3": 833,
        "4": 7253,
        "5": 30817,
        "6": 85125
    },
    "6684": {
        "0": 1,
        "1": 14,
        "2": 131,
        "3": 1155,
        "4": 10106,
        "5": 55679,
        "6": 192726
    },
    "6685": {
        "0": 1,
        "1": 9,
        "2": 80,
        "3": 717,
        "4": 6405,
        "5": 24312,
        "6": 61615
    },
    "6686": {
        "0": 1,
        "1": 11,
        "2": 95,
        "3": 818,
        "4": 7004,
        "5": 27235,
        "6": 60603
    },
    "6687": {
        "0": 1,
        "1": 10,
        "2": 87,
        "3": 760,
        "4": 6627,
        "5": 25097,
        "6": 57873
    },
    "6688": {
        "0": 1,
        "1": 14,
        "2": 132,
        "3": 1149,
        "4": 9795,
        "5": 50854,
        "6": 178095
    },
    "6689": {
        "0": 1,
        "1": 13,
        "2": 112,
        "3": 937,
        "4": 7833,
        "5": 32949,
        "6": 86238
    },
    "6690": {
        "0": 1,
        "1": 10,
        "2": 85,
        "3": 716,
        "4": 6072,
        "5": 18980,
        "6": 40295
    },
    "6691": {
        "0": 1,
        "1": 13,
        "2": 114,
        "3": 974,
        "4": 8385,
        "5": 39861,
        "6": 114943
    },
    "6692": {
        "0": 1,
        "1": 10,
        "2": 90,
        "3": 791,
        "4": 6912,
        "5": 27562,
        "6": 75288
    },
    "6693": {
        "0": 1,
        "1": 11,
        "2": 98,
        "3": 849,
        "4": 7332,
        "5": 30612,
        "6": 80825
    },
    "6694": {
        "0": 1,
        "1": 11,
        "2": 96,
        "3": 820,
        "4": 7011,
        "5": 27512,
        "6": 73487
    },
    "6695": {
        "0": 1,
        "1": 10,
        "2": 86,
        "3": 734,
        "4": 6266,
        "5": 20577,
        "6": 45269
    },
    "6696": {
        "0": 1,
        "1": 13,
        "2": 113,
        "3": 962,
        "4": 8261,
        "5": 38647,
        "6": 110044
    },
    "6697": {
        "0": 1,
        "1": 11,
        "2": 96,
        "3": 841,
        "4": 7348,
        "5": 31185,
        "6": 83246
    },
    "6698": {
        "0": 1,
        "1": 13,
        "2": 115,
        "3": 974,
        "4": 8237,
        "5": 37411,
        "6": 109303
    },
    "6699": {
        "0": 1,
        "1": 10,
        "2": 82,
        "3": 697,
        "4": 6006,
        "5": 19468,
        "6": 42153
    }
}