{
    "16900": {
        "0": 1,
        "1": 12,
        "2": 106,
        "3": 933,
        "4": 8251,
        "5": 39882,
        "6": 119683
    },
    "16901": {
        "0": 1,
        "1": 14,
        "2": 125,
        "3": 1050,
        "4": 8868,
        "5": 42631,
        "6": 117645
    },
    "16902": {
        "0": 1,
        "1": 12,
        "2": 106,
        "3": 926,
        "4": 8093,
        "5": 38121,
        "6": 107119
    },
    "16903": {
        "0": 1,
        "1": 10,
        "2": 86,
        "3": 742,
        "4": 6435,
        "5": 23143,
        "6": 63020
    },
    "16904": {
        "0": 1,
        "1": 8,
        "2": 70,
        "3": 605,
        "4": 5229,
        "5": 12496,
        "6": 19998
    },
    "16905": {
        "0": 1,
        "1": 10,
        "2": 83,
        "3": 712,
        "4": 6130,
        "5": 20246,
        "6": 46752
    },
    "16906": {
        "0": 1,
        "1": 12,
        "2": 107,
        "3": 935,
        "4": 8177,
        "5": 38941,
        "6": 118764
    },
    "16907": {
        "0": 1,
        "1": 9,
        "2": 79,
        "3": 689,
        "4": 6018,
        "5": 19917,
        "6": 50315
    },
    "16908": {
        "0": 1,
        "1": 9,
        "2": 77,
        "3": 677,
        "4": 5945,
        "5": 18889,
        "6": 38109
    },
    "16909": {
        "0": 1,
        "1": 11,
        "2": 96,
        "3": 856,
        "4": 7575,
        "5": 33828,
        "6": 99916
    },
    "16910": {
        "0": 1,
        "1": 10,
        "2": 87,
        "3": 752,
        "4": 6489,
        "5": 23212,
        "6": 51183
    },
    "16911": {
        "0": 1,
        "1": 10,
        "2": 83,
        "3": 724,
        "4": 6368,
        "5": 23084,
        "6": 59751
    },
    "16912": {
        "0": 1,
        "1": 10,
        "2": 87,
        "3": 757,
        "4": 6590,
        "5": 24705,
        "6": 60564
    },
    "16913": {
        "0": 1,
        "1": 10,
        "2": 89,
        "3": 779,
        "4": 6840,
        "5": 27284,
        "6": 73783
    },
    "16914": {
        "0": 1,
        "1": 12,
        "2": 106,
        "3": 920,
        "4": 7961,
        "5": 36223,
        "6": 97704
    },
    "16915": {
        "0": 1,
        "1": 12,
        "2": 103,
        "3": 869,
        "4": 7367,
        "5": 29998,
        "6": 67565
    },
    "16916": {
        "0": 1,
        "1": 9,
        "2": 79,
        "3": 691,
        "4": 6008,
        "5": 19501,
        "6": 41864
    },
    "16917": {
        "0": 1,
        "1": 10,
        "2": 84,
        "3": 723,
        "4": 6290,
        "5": 22251,
        "6": 48475
    },
    "16918": {
        "0": 1,
        "1": 10,
        "2": 82,
        "3": 689,
        "4": 5875,
        "5": 17795,
        "6": 42275
    },
    "16919": {
        "0": 1,
        "1": 10,
        "2": 87,
        "3": 769,
        "4": 6746,
        "5": 26011,
        "6": 63430
    },
    "16920": {
        "0": 1,
        "1": 11,
        "2": 97,
        "3": 840,
        "4": 7264,
        "5": 30234,
        "6": 82302
    },
    "16921": {
        "0": 1,
        "1": 10,
        "2": 82,
        "3": 693,
        "4": 5896,
        "5": 17656,
        "6": 35889
    },
    "16922": {
        "0": 1,
        "1": 12,
        "2": 105,
        "3": 914,
        "4": 7961,
        "5": 36512,
        "6": 99332
    },
    "16923": {
        "0": 1,
        "1": 11,
        "2": 96,
        "3": 839,
        "4": 7372,
        "5": 32486,
        "6": 93996
    },
    "16924": {
        "0": 1,
        "1": 10,
        "2": 85,
        "3": 739,
        "4": 6398,
        "5": 22552,
        "6": 50725
    },
    "16925": {
        "0": 1,
        "1": 11,
        "2": 100,
        "3": 876,
        "4": 7633,
        "5": 33675,
        "6": 96549
    },
    "16926": {
        "0": 1,
        "1": 12,
        "2": 102,
        "3": 862,
        "4": 7329,
        "5": 29867,
        "6": 74316
    },
    "16927": {
        "0": 1,
        "1": 10,
        "2": 87,
        "3": 758,
        "4": 6590,
        "5": 24371,
        "6": 61736
    },
    "16928": {
        "0": 1,
        "1": 11,
        "2": 90,
        "3": 746,
        "4": 6261,
        "5": 20050,
        "6": 45608
    },
    "16929": {
        "0": 1,
        "1": 11,
        "2": 95,
        "3": 822,
        "4": 7132,
        "5": 29409,
        "6": 73387
    },
    "16930": {
        "0": 1,
        "1": 13,
        "2": 116,
        "3": 1002,
        "4": 8663,
        "5": 42045,
        "6": 119686
    },
    "16931": {
        "0": 1,
        "1": 12,
        "2": 99,
        "3": 818,
        "4": 6795,
        "5": 24157,
        "6": 54545
    },
    "16932": {
        "0": 1,
        "1": 11,
        "2": 98,
        "3": 851,
        "4": 7406,
        "5": 32022,
        "6": 86247
    },
    "16933": {
        "0": 1,
        "1": 11,
        "2": 91,
        "3": 768,
        "4": 6563,
        "5": 23618,
        "6": 44438
    },
    "16934": {
        "0": 1,
        "1": 12,
        "2": 106,
        "3": 899,
        "4": 7592,
        "5": 31681,
        "6": 91684
    },
    "16935": {
        "0": 1,
        "1": 9,
        "2": 79,
        "3": 701,
        "4": 6251,
        "5": 22813,
        "6": 63413
    },
    "16936": {
        "0": 1,
        "1": 11,
        "2": 94,
        "3": 809,
        "4": 6997,
        "5": 27866,
        "6": 64241
    },
    "16937": {
        "0": 1,
        "1": 8,
        "2": 72,
        "3": 636,
        "4": 5627,
        "5": 17163,
        "6": 36965
    },
    "16938": {
        "0": 1,
        "1": 12,
        "2": 103,
        "3": 871,
        "4": 7386,
        "5": 30260,
        "6": 81586
    },
    "16939": {
        "0": 1,
        "1": 10,
        "2": 87,
        "3": 768,
        "4": 6771,
        "5": 26860,
        "6": 72343
    },
    "16940": {
        "0": 1,
        "1": 12,
        "2": 101,
        "3": 849,
        "4": 7169,
        "5": 28123,
        "6": 68340
    },
    "16941": {
        "0": 1,
        "1": 11,
        "2": 92,
        "3": 769,
        "4": 6468,
        "5": 21863,
        "6": 44650
    },
    "16942": {
        "0": 1,
        "1": 11,
        "2": 95,
        "3": 801,
        "4": 6757,
        "5": 24552,
        "6": 59299
    },
    "16943": {
        "0": 1,
        "1": 11,
        "2": 96,
        "3": 826,
        "4": 7113,
        "5": 28647,
        "6": 73951
    },
    "16944": {
        "0": 1,
        "1": 9,
        "2": 78,
        "3": 688,
        "4": 6029,
        "5": 20064,
        "6": 41093
    },
    "16945": {
        "0": 1,
        "1": 11,
        "2": 94,
        "3": 812,
        "4": 7063,
        "5": 29070,
        "6": 81481
    },
    "16946": {
        "0": 1,
        "1": 11,
        "2": 92,
        "3": 768,
        "4": 6475,
        "5": 22251,
        "6": 50508
    },
    "16947": {
        "0": 1,
        "1": 9,
        "2": 79,
        "3": 697,
        "4": 6150,
        "5": 21435,
        "6": 53916
    },
    "16948": {
        "0": 1,
        "1": 11,
        "2": 96,
        "3": 828,
        "4": 7118,
        "5": 28206,
        "6": 74982
    },
    "16949": {
        "0": 1,
        "1": 12,
        "2": 108,
        "3": 939,
        "4": 8185,
        "5": 38942,
        "6": 116611
    },
    "16950": {
        "0": 1,
        "1": 10,
        "2": 85,
        "3": 722,
        "4": 6207,
        "5": 21073,
        "6": 49313
    },
    "16951": {
        "0": 1,
        "1": 12,
        "2": 106,
        "3": 913,
        "4": 7806,
        "5": 33858,
        "6": 82549
    },
    "16952": {
        "0": 1,
        "1": 9,
        "2": 77,
        "3": 668,
        "4": 5819,
        "5": 18052,
        "6": 35388
    },
    "16953": {
        "0": 1,
        "1": 10,
        "2": 88,
        "3": 775,
        "4": 6774,
        "5": 26290,
        "6": 63396
    },
    "16954": {
        "0": 1,
        "1": 12,
        "2": 98,
        "3": 814,
        "4": 6852,
        "5": 25278,
        "6": 52649
    },
    "16955": {
        "0": 1,
        "1": 10,
        "2": 81,
        "3": 690,
        "4": 5904,
        "5": 17958,
        "6": 36170
    },
    "16956": {
        "0": 1,
        "1": 12,
        "2": 107,
        "3": 937,
        "4": 8156,
        "5": 38240,
        "6": 117089
    },
    "16957": {
        "0": 1,
        "1": 9,
        "2": 75,
        "3": 644,
        "4": 5556,
        "5": 15205,
        "6": 26806
    },
    "16958": {
        "0": 1,
        "1": 11,
        "2": 97,
        "3": 845,
        "4": 7371,
        "5": 31735,
        "6": 96091
    },
    "16959": {
        "0": 1,
        "1": 8,
        "2": 70,
        "3": 604,
        "4": 5186,
        "5": 11686,
        "6": 22711
    },
    "16960": {
        "0": 1,
        "1": 9,
        "2": 77,
        "3": 669,
        "4": 5816,
        "5": 17886,
        "6": 31983
    },
    "16961": {
        "0": 1,
        "1": 12,
        "2": 104,
        "3": 878,
        "4": 7433,
        "5": 30567,
        "6": 90396
    },
    "16962": {
        "0": 1,
        "1": 12,
        "2": 103,
        "3": 885,
        "4": 7683,
        "5": 34244,
        "6": 90603
    },
    "16963": {
        "0": 1,
        "1": 12,
        "2": 106,
        "3": 904,
        "4": 7717,
        "5": 33303,
        "6": 90850
    },
    "16964": {
        "0": 1,
        "1": 10,
        "2": 82,
        "3": 707,
        "4": 6153,
        "5": 21030,
        "6": 47302
    },
    "16965": {
        "0": 1,
        "1": 13,
        "2": 121,
        "3": 1051,
        "4": 8999,
        "5": 44338,
        "6": 137066
    },
    "16966": {
        "0": 1,
        "1": 10,
        "2": 89,
        "3": 777,
        "4": 6793,
        "5": 26643,
        "6": 72834
    },
    "16967": {
        "0": 1,
        "1": 12,
        "2": 105,
        "3": 896,
        "4": 7650,
        "5": 32811,
        "6": 89915
    },
    "16968": {
        "0": 1,
        "1": 13,
        "2": 121,
        "3": 1058,
        "4": 9143,
        "5": 46300,
        "6": 151284
    },
    "16969": {
        "0": 1,
        "1": 8,
        "2": 71,
        "3": 635,
        "4": 5644,
        "5": 16562,
        "6": 38685
    },
    "16970": {
        "0": 1,
        "1": 14,
        "2": 122,
        "3": 1018,
        "4": 8544,
        "5": 39419,
        "6": 103552
    },
    "16971": {
        "0": 1,
        "1": 9,
        "2": 82,
        "3": 731,
        "4": 6520,
        "5": 25297,
        "6": 66481
    },
    "16972": {
        "0": 1,
        "1": 8,
        "2": 67,
        "3": 567,
        "4": 4857,
        "5": 9200,
        "6": 11829
    },
    "16973": {
        "0": 1,
        "1": 11,
        "2": 98,
        "3": 861,
        "4": 7568,
        "5": 33890,
        "6": 97244
    },
    "16974": {
        "0": 1,
        "1": 10,
        "2": 90,
        "3": 819,
        "4": 7389,
        "5": 33331,
        "6": 89164
    },
    "16975": {
        "0": 1,
        "1": 10,
        "2": 83,
        "3": 700,
        "4": 5933,
        "5": 17694,
        "6": 34611
    },
    "16976": {
        "0": 1,
        "1": 10,
        "2": 86,
        "3": 744,
        "4": 6450,
        "5": 22894,
        "6": 53717
    },
    "16977": {
        "0": 1,
        "1": 13,
        "2": 121,
        "3": 1084,
        "4": 9500,
        "5": 50058,
        "6": 163383
    },
    "16978": {
        "0": 1,
        "1": 10,
        "2": 86,
        "3": 741,
        "4": 6383,
        "5": 22443,
        "6": 56784
    },
    "16979": {
        "0": 1,
        "1": 10,
        "2": 87,
        "3": 766,
        "4": 6750,
        "5": 26621,
        "6": 68162
    },
    "16980": {
        "0": 1,
        "1": 13,
        "2": 115,
        "3": 1010,
        "4": 8829,
        "5": 44374,
        "6": 148375
    },
    "16981": {
        "0": 1,
        "1": 9,
        "2": 82,
        "3": 731,
        "4": 6545,
        "5": 25662,
        "6": 68227
    },
    "16982": {
        "0": 1,
        "1": 10,
        "2": 87,
        "3": 762,
        "4": 6650,
        "5": 25198,
        "6": 66168
    },
    "16983": {
        "0": 1,
        "1": 11,
        "2": 95,
        "3": 821,
        "4": 7097,
        "5": 28727,
        "6": 76475
    },
    "16984": {
        "0": 1,
        "1": 12,
        "2": 102,
        "3": 868,
        "4": 7428,
        "5": 31301,
        "6": 83441
    },
    "16985": {
        "0": 1,
        "1": 9,
        "2": 75,
        "3": 629,
        "4": 5319,
        "5": 12695,
        "6": 21467
    },
    "16986": {
        "0": 1,
        "1": 11,
        "2": 94,
        "3": 807,
        "4": 6996,
        "5": 28221,
        "6": 72158
    },
    "16987": {
        "0": 1,
        "1": 10,
        "2": 86,
        "3": 736,
        "4": 6315,
        "5": 21405,
        "6": 50444
    },
    "16988": {
        "0": 1,
        "1": 10,
        "2": 81,
        "3": 682,
        "4": 5847,
        "5": 17939,
        "6": 38663
    },
    "16989": {
        "0": 1,
        "1": 10,
        "2": 78,
        "3": 642,
        "4": 5381,
        "5": 12958,
        "6": 23163
    },
    "16990": {
        "0": 1,
        "1": 11,
        "2": 92,
        "3": 792,
        "4": 6842,
        "5": 26530,
        "6": 55647
    },
    "16991": {
        "0": 1,
        "1": 11,
        "2": 100,
        "3": 878,
        "4": 7661,
        "5": 33787,
        "6": 99892
    },
    "16992": {
        "0": 1,
        "1": 12,
        "2": 109,
        "3": 975,
        "4": 8615,
        "5": 42923,
        "6": 135743
    },
    "16993": {
        "0": 1,
        "1": 12,
        "2": 106,
        "3": 920,
        "4": 7924,
        "5": 35389,
        "6": 100778
    },
    "16994": {
        "0": 1,
        "1": 11,
        "2": 92,
        "3": 798,
        "4": 6917,
        "5": 26990,
        "6": 62370
    },
    "16995": {
        "0": 1,
        "1": 12,
        "2": 104,
        "3": 881,
        "4": 7434,
        "5": 30137,
        "6": 70902
    },
    "16996": {
        "0": 1,
        "1": 10,
        "2": 87,
        "3": 758,
        "4": 6658,
        "5": 26035,
        "6": 63618
    },
    "16997": {
        "0": 1,
        "1": 10,
        "2": 81,
        "3": 685,
        "4": 5908,
        "5": 18644,
        "6": 41119
    },
    "16998": {
        "0": 1,
        "1": 12,
        "2": 108,
        "3": 938,
        "4": 8113,
        "5": 37185,
        "6": 110240
    },
    "16999": {
        "0": 1,
        "1": 11,
        "2": 91,
        "3": 756,
        "4": 6384,
        "5": 21243,
        "6": 46677
    }
}