{
    "25700": {
        "0": 1,
        "1": 12,
        "2": 103,
        "3": 885,
        "4": 7656,
        "5": 33863,
        "6": 94836
    },
    "25701": {
        "0": 1,
        "1": 11,
        "2": 94,
        "3": 810,
        "4": 7012,
        "5": 28173,
        "6": 67535
    },
    "25702": {
        "0": 1,
        "1": 9,
        "2": 77,
        "3": 668,
        "4": 5799,
        "5": 17645,
        "6": 38121
    },
    "25703": {
        "0": 1,
        "1": 10,
        "2": 85,
        "3": 726,
        "4": 6191,
        "5": 20128,
        "6": 44931
    },
    "25704": {
        "0": 1,
        "1": 13,
        "2": 117,
        "3": 1019,
        "4": 8799,
        "5": 42976,
        "6": 124436
    },
    "25705": {
        "0": 1,
        "1": 8,
        "2": 72,
        "3": 638,
        "4": 5649,
        "5": 16979,
        "6": 35483
    },
    "25706": {
        "0": 1,
        "1": 12,
        "2": 100,
        "3": 846,
        "4": 7206,
        "5": 28887,
        "6": 64481
    },
    "25707": {
        "0": 1,
        "1": 10,
        "2": 85,
        "3": 735,
        "4": 6363,
        "5": 22547,
        "6": 51713
    },
    "25708": {
        "0": 1,
        "1": 10,
        "2": 88,
        "3": 758,
        "4": 6505,
        "5": 23186,
        "6": 54795
    },
    "25709": {
        "0": 1,
        "1": 9,
        "2": 76,
        "3": 654,
        "4": 5669,
        "5": 16703,
        "6": 34467
    },
    "25710": {
        "0": 1,
        "1": 9,
        "2": 78,
        "3": 680,
        "4": 5905,
        "5": 18398,
        "6": 38055
    },
    "25711": {
        "0": 1,
        "1": 10,
        "2": 82,
        "3": 706,
        "4": 6132,
        "5": 20532,
        "6": 44080
    },
    "25712": {
        "0": 1,
        "1": 11,
        "2": 94,
        "3": 823,
        "4": 7242,
        "5": 31122,
        "6": 76935
    },
    "25713": {
        "0": 1,
        "1": 12,
        "2": 109,
        "3": 955,
        "4": 8294,
        "5": 38970,
        "6": 112577
    },
    "25714": {
        "0": 1,
        "1": 10,
        "2": 88,
        "3": 762,
        "4": 6583,
        "5": 24386,
        "6": 63642
    },
    "25715": {
        "0": 1,
        "1": 10,
        "2": 85,
        "3": 741,
        "4": 6467,
        "5": 23258,
        "6": 61675
    },
    "25716": {
        "0": 1,
        "1": 11,
        "2": 90,
        "3": 759,
        "4": 6481,
        "5": 22778,
        "6": 44877
    },
    "25717": {
        "0": 1,
        "1": 10,
        "2": 89,
        "3": 761,
        "4": 6544,
        "5": 23489,
        "6": 59305
    },
    "25718": {
        "0": 1,
        "1": 11,
        "2": 92,
        "3": 757,
        "4": 6265,
        "5": 19538,
        "6": 39959
    },
    "25719": {
        "0": 1,
        "1": 15,
        "2": 143,
        "3": 1249,
        "4": 10762,
        "5": 60013,
        "6": 216529
    },
    "25720": {
        "0": 1,
        "1": 8,
        "2": 72,
        "3": 648,
        "4": 5856,
        "5": 20004,
        "6": 43354
    },
    "25721": {
        "0": 1,
        "1": 11,
        "2": 93,
        "3": 792,
        "4": 6797,
        "5": 26073,
        "6": 72309
    },
    "25722": {
        "0": 1,
        "1": 10,
        "2": 88,
        "3": 783,
        "4": 6953,
        "5": 28799,
        "6": 84752
    },
    "25723": {
        "0": 1,
        "1": 9,
        "2": 74,
        "3": 629,
        "4": 5377,
        "5": 13545,
        "6": 26190
    },
    "25724": {
        "0": 1,
        "1": 10,
        "2": 89,
        "3": 781,
        "4": 6892,
        "5": 28191,
        "6": 75599
    },
    "25725": {
        "0": 1,
        "1": 11,
        "2": 97,
        "3": 841,
        "4": 7351,
        "5": 31872,
        "6": 88809
    },
    "25726": {
        "0": 1,
        "1": 12,
        "2": 108,
        "3": 948,
        "4": 8239,
        "5": 38592,
        "6": 116019
    },
    "25727": {
        "0": 1,
        "1": 11,
        "2": 100,
        "3": 893,
        "4": 7890,
        "5": 36477,
        "6": 108786
    },
    "25728": {
        "0": 1,
        "1": 10,
        "2": 87,
        "3": 773,
        "4": 6889,
        "5": 28169,
        "6": 74380
    },
    "25729": {
        "0": 1,
        "1": 10,
        "2": 88,
        "3": 778,
        "4": 6869,
        "5": 27647,
        "6": 76813
    },
    "25730": {
        "0": 1,
        "1": 9,
        "2": 76,
        "3": 659,
        "4": 5741,
        "5": 17511,
        "6": 36104
    },
    "25731": {
        "0": 1,
        "1": 9,
        "2": 74,
        "3": 636,
        "4": 5521,
        "5": 15220,
        "6": 29175
    },
    "25732": {
        "0": 1,
        "1": 10,
        "2": 86,
        "3": 755,
        "4": 6636,
        "5": 25852,
        "6": 67714
    },
    "25733": {
        "0": 1,
        "1": 12,
        "2": 107,
        "3": 933,
        "4": 8127,
        "5": 38256,
        "6": 119465
    },
    "25734": {
        "0": 1,
        "1": 10,
        "2": 88,
        "3": 773,
        "4": 6752,
        "5": 25753,
        "6": 67823
    },
    "25735": {
        "0": 1,
        "1": 11,
        "2": 96,
        "3": 839,
        "4": 7310,
        "5": 30739,
        "6": 90132
    },
    "25736": {
        "0": 1,
        "1": 11,
        "2": 94,
        "3": 805,
        "4": 6985,
        "5": 28347,
        "6": 70794
    },
    "25737": {
        "0": 1,
        "1": 12,
        "2": 105,
        "3": 900,
        "4": 7726,
        "5": 33770,
        "6": 96531
    },
    "25738": {
        "0": 1,
        "1": 9,
        "2": 76,
        "3": 661,
        "4": 5796,
        "5": 18366,
        "6": 39836
    },
    "25739": {
        "0": 1,
        "1": 12,
        "2": 106,
        "3": 913,
        "4": 7925,
        "5": 36636,
        "6": 107859
    },
    "25740": {
        "0": 1,
        "1": 8,
        "2": 69,
        "3": 595,
        "4": 5168,
        "5": 12245,
        "6": 21514
    },
    "25741": {
        "0": 1,
        "1": 11,
        "2": 93,
        "3": 792,
        "4": 6783,
        "5": 25591,
        "6": 64509
    },
    "25742": {
        "0": 1,
        "1": 12,
        "2": 102,
        "3": 862,
        "4": 7289,
        "5": 29020,
        "6": 72085
    },
    "25743": {
        "0": 1,
        "1": 10,
        "2": 90,
        "3": 782,
        "4": 6801,
        "5": 26292,
        "6": 66680
    },
    "25744": {
        "0": 1,
        "1": 11,
        "2": 99,
        "3": 871,
        "4": 7635,
        "5": 34071,
        "6": 102300
    },
    "25745": {
        "0": 1,
        "1": 10,
        "2": 83,
        "3": 714,
        "4": 6161,
        "5": 20718,
        "6": 45492
    },
    "25746": {
        "0": 1,
        "1": 11,
        "2": 95,
        "3": 824,
        "4": 7206,
        "5": 30173,
        "6": 89128
    },
    "25747": {
        "0": 1,
        "1": 9,
        "2": 78,
        "3": 687,
        "4": 6008,
        "5": 19316,
        "6": 40150
    },
    "25748": {
        "0": 1,
        "1": 10,
        "2": 83,
        "3": 717,
        "4": 6194,
        "5": 20892,
        "6": 39531
    },
    "25749": {
        "0": 1,
        "1": 9,
        "2": 78,
        "3": 682,
        "4": 5960,
        "5": 18842,
        "6": 39688
    },
    "25750": {
        "0": 1,
        "1": 11,
        "2": 94,
        "3": 790,
        "4": 6639,
        "5": 23338,
        "6": 55688
    },
    "25751": {
        "0": 1,
        "1": 10,
        "2": 90,
        "3": 799,
        "4": 7014,
        "5": 28526,
        "6": 73161
    },
    "25752": {
        "0": 1,
        "1": 9,
        "2": 77,
        "3": 678,
        "4": 5901,
        "5": 18487,
        "6": 37489
    },
    "25753": {
        "0": 1,
        "1": 11,
        "2": 101,
        "3": 906,
        "4": 8059,
        "5": 38510,
        "6": 114921
    },
    "25754": {
        "0": 1,
        "1": 13,
        "2": 110,
        "3": 927,
        "4": 7892,
        "5": 34090,
        "6": 84066
    },
    "25755": {
        "0": 1,
        "1": 9,
        "2": 79,
        "3": 693,
        "4": 6101,
        "5": 20799,
        "6": 48225
    },
    "25756": {
        "0": 1,
        "1": 13,
        "2": 111,
        "3": 911,
        "4": 7567,
        "5": 30833,
        "6": 76247
    },
    "25757": {
        "0": 1,
        "1": 11,
        "2": 95,
        "3": 821,
        "4": 7171,
        "5": 30150,
        "6": 86243
    },
    "25758": {
        "0": 1,
        "1": 9,
        "2": 76,
        "3": 652,
        "4": 5613,
        "5": 15813,
        "6": 30879
    },
    "25759": {
        "0": 1,
        "1": 11,
        "2": 94,
        "3": 801,
        "4": 6894,
        "5": 27086,
        "6": 70190
    },
    "25760": {
        "0": 1,
        "1": 13,
        "2": 122,
        "3": 1064,
        "4": 9079,
        "5": 44401,
        "6": 138276
    },
    "25761": {
        "0": 1,
        "1": 10,
        "2": 87,
        "3": 760,
        "4": 6607,
        "5": 24932,
        "6": 68898
    },
    "25762": {
        "0": 1,
        "1": 10,
        "2": 82,
        "3": 692,
        "4": 5884,
        "5": 17608,
        "6": 33721
    },
    "25763": {
        "0": 1,
        "1": 10,
        "2": 89,
        "3": 781,
        "4": 6839,
        "5": 26984,
        "6": 65512
    },
    "25764": {
        "0": 1,
        "1": 14,
        "2": 129,
        "3": 1115,
        "4": 9535,
        "5": 48755,
        "6": 161757
    },
    "25765": {
        "0": 1,
        "1": 10,
        "2": 84,
        "3": 709,
        "4": 6015,
        "5": 18556,
        "6": 35413
    },
    "25766": {
        "0": 1,
        "1": 12,
        "2": 104,
        "3": 881,
        "4": 7482,
        "5": 31272,
        "6": 81748
    },
    "25767": {
        "0": 1,
        "1": 10,
        "2": 82,
        "3": 689,
        "4": 5829,
        "5": 16765,
        "6": 29758
    },
    "25768": {
        "0": 1,
        "1": 10,
        "2": 87,
        "3": 751,
        "4": 6469,
        "5": 23027,
        "6": 56257
    },
    "25769": {
        "0": 1,
        "1": 11,
        "2": 93,
        "3": 779,
        "4": 6565,
        "5": 23019,
        "6": 57870
    },
    "25770": {
        "0": 1,
        "1": 9,
        "2": 79,
        "3": 700,
        "4": 6196,
        "5": 22041,
        "6": 51385
    },
    "25771": {
        "0": 1,
        "1": 10,
        "2": 83,
        "3": 707,
        "4": 6046,
        "5": 19298,
        "6": 40034
    },
    "25772": {
        "0": 1,
        "1": 11,
        "2": 94,
        "3": 793,
        "4": 6736,
        "5": 24561,
        "6": 60406
    },
    "25773": {
        "0": 1,
        "1": 8,
        "2": 68,
        "3": 598,
        "4": 5300,
        "5": 14162,
        "6": 29953
    },
    "25774": {
        "0": 1,
        "1": 12,
        "2": 110,
        "3": 958,
        "4": 8241,
        "5": 37559,
        "6": 110381
    },
    "25775": {
        "0": 1,
        "1": 10,
        "2": 84,
        "3": 705,
        "4": 5944,
        "5": 17468,
        "6": 29514
    },
    "25776": {
        "0": 1,
        "1": 11,
        "2": 98,
        "3": 866,
        "4": 7586,
        "5": 33154,
        "6": 93245
    },
    "25777": {
        "0": 1,
        "1": 11,
        "2": 93,
        "3": 773,
        "4": 6474,
        "5": 21676,
        "6": 45886
    },
    "25778": {
        "0": 1,
        "1": 10,
        "2": 88,
        "3": 793,
        "4": 7098,
        "5": 30656,
        "6": 90485
    },
    "25779": {
        "0": 1,
        "1": 9,
        "2": 78,
        "3": 677,
        "4": 5885,
        "5": 18443,
        "6": 38482
    },
    "25780": {
        "0": 1,
        "1": 11,
        "2": 103,
        "3": 923,
        "4": 8145,
        "5": 38802,
        "6": 117079
    },
    "25781": {
        "0": 1,
        "1": 10,
        "2": 84,
        "3": 736,
        "4": 6431,
        "5": 22872,
        "6": 52303
    },
    "25782": {
        "0": 1,
        "1": 13,
        "2": 116,
        "3": 986,
        "4": 8388,
        "5": 38962,
        "6": 110018
    },
    "25783": {
        "0": 1,
        "1": 11,
        "2": 94,
        "3": 813,
        "4": 7004,
        "5": 27512,
        "6": 67935
    },
    "25784": {
        "0": 1,
        "1": 9,
        "2": 76,
        "3": 655,
        "4": 5734,
        "5": 18017,
        "6": 41194
    },
    "25785": {
        "0": 1,
        "1": 10,
        "2": 86,
        "3": 730,
        "4": 6241,
        "5": 20999,
        "6": 48446
    },
    "25786": {
        "0": 1,
        "1": 12,
        "2": 109,
        "3": 954,
        "4": 8304,
        "5": 39328,
        "6": 118485
    },
    "25787": {
        "0": 1,
        "1": 11,
        "2": 99,
        "3": 870,
        "4": 7665,
        "5": 34885,
        "6": 101965
    },
    "25788": {
        "0": 1,
        "1": 8,
        "2": 67,
        "3": 571,
        "4": 4928,
        "5": 10087,
        "6": 14025
    },
    "25789": {
        "0": 1,
        "1": 10,
        "2": 88,
        "3": 775,
        "4": 6840,
        "5": 27754,
        "6": 78335
    },
    "25790": {
        "0": 1,
        "1": 10,
        "2": 87,
        "3": 755,
        "4": 6561,
        "5": 24286,
        "6": 61531
    },
    "25791": {
        "0": 1,
        "1": 11,
        "2": 94,
        "3": 800,
        "4": 6858,
        "5": 26395,
        "6": 58671
    },
    "25792": {
        "0": 1,
        "1": 13,
        "2": 117,
        "3": 1016,
        "4": 8764,
        "5": 43018,
        "6": 125199
    },
    "25793": {
        "0": 1,
        "1": 12,
        "2": 106,
        "3": 915,
        "4": 7885,
        "5": 35279,
        "6": 104815
    },
    "25794": {
        "0": 1,
        "1": 8,
        "2": 73,
        "3": 652,
        "4": 5793,
        "5": 18454,
        "6": 40872
    },
    "25795": {
        "0": 1,
        "1": 10,
        "2": 88,
        "3": 765,
        "4": 6666,
        "5": 25534,
        "6": 67654
    },
    "25796": {
        "0": 1,
        "1": 11,
        "2": 93,
        "3": 787,
        "4": 6733,
        "5": 24931,
        "6": 64831
    },
    "25797": {
        "0": 1,
        "1": 9,
        "2": 80,
        "3": 718,
        "4": 6446,
        "5": 25080,
        "6": 60867
    },
    "25798": {
        "0": 1,
        "1": 12,
        "2": 101,
        "3": 885,
        "4": 7759,
        "5": 34856,
        "6": 99687
    },
    "25799": {
        "0": 1,
        "1": 11,
        "2": 93,
        "3": 789,
        "4": 6754,
        "5": 25377,
        "6": 67308
    }
}