{
    "11000": {
        "0": 1,
        "1": 10,
        "2": 87,
        "3": 742,
        "4": 6312,
        "5": 20799,
        "6": 43920
    },
    "11001": {
        "0": 1,
        "1": 12,
        "2": 105,
        "3": 891,
        "4": 7527,
        "5": 30889,
        "6": 74914
    },
    "11002": {
        "0": 1,
        "1": 14,
        "2": 130,
        "3": 1126,
        "4": 9704,
        "5": 51273,
        "6": 176079
    },
    "11003": {
        "0": 1,
        "1": 9,
        "2": 77,
        "3": 679,
        "4": 5996,
        "5": 19793,
        "6": 42046
    },
    "11004": {
        "0": 1,
        "1": 10,
        "2": 86,
        "3": 743,
        "4": 6472,
        "5": 23835,
        "6": 61903
    },
    "11005": {
        "0": 1,
        "1": 9,
        "2": 74,
        "3": 624,
        "4": 5322,
        "5": 13042,
        "6": 21112
    },
    "11006": {
        "0": 1,
        "1": 12,
        "2": 109,
        "3": 964,
        "4": 8492,
        "5": 42138,
        "6": 132875
    },
    "11007": {
        "0": 1,
        "1": 11,
        "2": 100,
        "3": 895,
        "4": 7907,
        "5": 35973,
        "6": 111962
    },
    "11008": {
        "0": 1,
        "1": 9,
        "2": 75,
        "3": 650,
        "4": 5662,
        "5": 16815,
        "6": 35479
    },
    "11009": {
        "0": 1,
        "1": 15,
        "2": 141,
        "3": 1221,
        "4": 10411,
        "5": 56325,
        "6": 190535
    },
    "11010": {
        "0": 1,
        "1": 13,
        "2": 115,
        "3": 997,
        "4": 8667,
        "5": 42876,
        "6": 129643
    },
    "11011": {
        "0": 1,
        "1": 9,
        "2": 79,
        "3": 707,
        "4": 6291,
        "5": 22739,
        "6": 54408
    },
    "11012": {
        "0": 1,
        "1": 12,
        "2": 103,
        "3": 877,
        "4": 7508,
        "5": 31813,
        "6": 84670
    },
    "11013": {
        "0": 1,
        "1": 13,
        "2": 112,
        "3": 964,
        "4": 8345,
        "5": 39705,
        "6": 105314
    },
    "11014": {
        "0": 1,
        "1": 11,
        "2": 99,
        "3": 878,
        "4": 7739,
        "5": 35292,
        "6": 110920
    },
    "11015": {
        "0": 1,
        "1": 9,
        "2": 74,
        "3": 623,
        "4": 5268,
        "5": 11803,
        "6": 22779
    },
    "11016": {
        "0": 1,
        "1": 10,
        "2": 89,
        "3": 787,
        "4": 6921,
        "5": 27791,
        "6": 68032
    },
    "11017": {
        "0": 1,
        "1": 11,
        "2": 94,
        "3": 789,
        "4": 6689,
        "5": 24495,
        "6": 63314
    },
    "11018": {
        "0": 1,
        "1": 10,
        "2": 83,
        "3": 711,
        "4": 6133,
        "5": 20480,
        "6": 42173
    },
    "11019": {
        "0": 1,
        "1": 11,
        "2": 94,
        "3": 810,
        "4": 7024,
        "5": 28425,
        "6": 77608
    },
    "11020": {
        "0": 1,
        "1": 10,
        "2": 84,
        "3": 705,
        "4": 5943,
        "5": 17562,
        "6": 36539
    },
    "11021": {
        "0": 1,
        "1": 9,
        "2": 76,
        "3": 662,
        "4": 5751,
        "5": 17226,
        "6": 38859
    },
    "11022": {
        "0": 1,
        "1": 9,
        "2": 75,
        "3": 638,
        "4": 5452,
        "5": 14073,
        "6": 23529
    },
    "11023": {
        "0": 1,
        "1": 10,
        "2": 92,
        "3": 815,
        "4": 7237,
        "5": 31257,
        "6": 86962
    },
    "11024": {
        "0": 1,
        "1": 10,
        "2": 87,
        "3": 763,
        "4": 6686,
        "5": 25404,
        "6": 64191
    },
    "11025": {
        "0": 1,
        "1": 11,
        "2": 99,
        "3": 871,
        "4": 7638,
        "5": 34436,
        "6": 99004
    },
    "11026": {
        "0": 1,
        "1": 11,
        "2": 90,
        "3": 757,
        "4": 6443,
        "5": 22608,
        "6": 55297
    },
    "11027": {
        "0": 1,
        "1": 9,
        "2": 75,
        "3": 642,
        "4": 5537,
        "5": 15291,
        "6": 27702
    },
    "11028": {
        "0": 1,
        "1": 10,
        "2": 85,
        "3": 733,
        "4": 6296,
        "5": 21148,
        "6": 44509
    },
    "11029": {
        "0": 1,
        "1": 11,
        "2": 97,
        "3": 849,
        "4": 7392,
        "5": 31325,
        "6": 86004
    },
    "11030": {
        "0": 1,
        "1": 11,
        "2": 95,
        "3": 808,
        "4": 6878,
        "5": 26131,
        "6": 63573
    },
    "11031": {
        "0": 1,
        "1": 10,
        "2": 82,
        "3": 692,
        "4": 5938,
        "5": 18638,
        "6": 40948
    },
    "11032": {
        "0": 1,
        "1": 10,
        "2": 89,
        "3": 780,
        "4": 6838,
        "5": 26992,
        "6": 61719
    },
    "11033": {
        "0": 1,
        "1": 10,
        "2": 83,
        "3": 716,
        "4": 6234,
        "5": 21718,
        "6": 49652
    },
    "11034": {
        "0": 1,
        "1": 12,
        "2": 103,
        "3": 886,
        "4": 7667,
        "5": 33541,
        "6": 93229
    },
    "11035": {
        "0": 1,
        "1": 10,
        "2": 90,
        "3": 797,
        "4": 7026,
        "5": 28975,
        "6": 72950
    },
    "11036": {
        "0": 1,
        "1": 10,
        "2": 87,
        "3": 760,
        "4": 6707,
        "5": 26763,
        "6": 66561
    },
    "11037": {
        "0": 1,
        "1": 12,
        "2": 106,
        "3": 919,
        "4": 7994,
        "5": 37199,
        "6": 112422
    },
    "11038": {
        "0": 1,
        "1": 11,
        "2": 96,
        "3": 831,
        "4": 7202,
        "5": 29763,
        "6": 81122
    },
    "11039": {
        "0": 1,
        "1": 11,
        "2": 94,
        "3": 792,
        "4": 6679,
        "5": 23686,
        "6": 52645
    },
    "11040": {
        "0": 1,
        "1": 10,
        "2": 81,
        "3": 682,
        "4": 5803,
        "5": 16979,
        "6": 37395
    },
    "11041": {
        "0": 1,
        "1": 12,
        "2": 105,
        "3": 895,
        "4": 7646,
        "5": 32666,
        "6": 88969
    },
    "11042": {
        "0": 1,
        "1": 10,
        "2": 90,
        "3": 788,
        "4": 6894,
        "5": 27466,
        "6": 67991
    },
    "11043": {
        "0": 1,
        "1": 11,
        "2": 99,
        "3": 874,
        "4": 7703,
        "5": 35094,
        "6": 101044
    },
    "11044": {
        "0": 1,
        "1": 13,
        "2": 114,
        "3": 981,
        "4": 8422,
        "5": 39724,
        "6": 114730
    },
    "11045": {
        "0": 1,
        "1": 10,
        "2": 87,
        "3": 747,
        "4": 6428,
        "5": 22694,
        "6": 54308
    },
    "11046": {
        "0": 1,
        "1": 13,
        "2": 117,
        "3": 1006,
        "4": 8640,
        "5": 41843,
        "6": 121908
    },
    "11047": {
        "0": 1,
        "1": 11,
        "2": 94,
        "3": 793,
        "4": 6714,
        "5": 24149,
        "6": 48704
    },
    "11048": {
        "0": 1,
        "1": 12,
        "2": 104,
        "3": 883,
        "4": 7512,
        "5": 31572,
        "6": 78098
    },
    "11049": {
        "0": 1,
        "1": 13,
        "2": 114,
        "3": 982,
        "4": 8466,
        "5": 40363,
        "6": 114485
    },
    "11050": {
        "0": 1,
        "1": 12,
        "2": 100,
        "3": 830,
        "4": 6938,
        "5": 25625,
        "6": 64998
    },
    "11051": {
        "0": 1,
        "1": 10,
        "2": 87,
        "3": 758,
        "4": 6610,
        "5": 25002,
        "6": 64372
    },
    "11052": {
        "0": 1,
        "1": 12,
        "2": 107,
        "3": 928,
        "4": 8048,
        "5": 37359,
        "6": 113058
    },
    "11053": {
        "0": 1,
        "1": 9,
        "2": 72,
        "3": 608,
        "4": 5204,
        "5": 12144,
        "6": 23726
    },
    "11054": {
        "0": 1,
        "1": 9,
        "2": 74,
        "3": 617,
        "4": 5198,
        "5": 11433,
        "6": 15896
    },
    "11055": {
        "0": 1,
        "1": 13,
        "2": 114,
        "3": 972,
        "4": 8278,
        "5": 38211,
        "6": 107207
    },
    "11056": {
        "0": 1,
        "1": 9,
        "2": 78,
        "3": 677,
        "4": 5910,
        "5": 18977,
        "6": 41772
    },
    "11057": {
        "0": 1,
        "1": 9,
        "2": 77,
        "3": 676,
        "4": 5936,
        "5": 19379,
        "6": 40349
    },
    "11058": {
        "0": 1,
        "1": 12,
        "2": 106,
        "3": 888,
        "4": 7390,
        "5": 29329,
        "6": 73436
    },
    "11059": {
        "0": 1,
        "1": 9,
        "2": 75,
        "3": 643,
        "4": 5535,
        "5": 15045,
        "6": 24044
    },
    "11060": {
        "0": 1,
        "1": 9,
        "2": 78,
        "3": 675,
        "4": 5846,
        "5": 17987,
        "6": 35346
    },
    "11061": {
        "0": 1,
        "1": 9,
        "2": 75,
        "3": 646,
        "4": 5649,
        "5": 16960,
        "6": 39153
    },
    "11062": {
        "0": 1,
        "1": 10,
        "2": 86,
        "3": 742,
        "4": 6460,
        "5": 23635,
        "6": 53219
    },
    "11063": {
        "0": 1,
        "1": 9,
        "2": 78,
        "3": 690,
        "4": 6104,
        "5": 21388,
        "6": 43180
    },
    "11064": {
        "0": 1,
        "1": 9,
        "2": 77,
        "3": 669,
        "4": 5803,
        "5": 17529,
        "6": 34076
    },
    "11065": {
        "0": 1,
        "1": 12,
        "2": 106,
        "3": 931,
        "4": 8161,
        "5": 38621,
        "6": 107679
    },
    "11066": {
        "0": 1,
        "1": 12,
        "2": 111,
        "3": 989,
        "4": 8732,
        "5": 43567,
        "6": 141744
    },
    "11067": {
        "0": 1,
        "1": 10,
        "2": 81,
        "3": 698,
        "4": 6069,
        "5": 20547,
        "6": 44227
    },
    "11068": {
        "0": 1,
        "1": 12,
        "2": 104,
        "3": 892,
        "4": 7651,
        "5": 33226,
        "6": 87553
    },
    "11069": {
        "0": 1,
        "1": 11,
        "2": 96,
        "3": 839,
        "4": 7376,
        "5": 31828,
        "6": 87164
    },
    "11070": {
        "0": 1,
        "1": 9,
        "2": 75,
        "3": 642,
        "4": 5563,
        "5": 15847,
        "6": 30624
    },
    "11071": {
        "0": 1,
        "1": 9,
        "2": 75,
        "3": 627,
        "4": 5289,
        "5": 12126,
        "6": 17832
    },
    "11072": {
        "0": 1,
        "1": 12,
        "2": 106,
        "3": 907,
        "4": 7755,
        "5": 33693,
        "6": 99512
    },
    "11073": {
        "0": 1,
        "1": 8,
        "2": 71,
        "3": 629,
        "4": 5561,
        "5": 16011,
        "6": 32740
    },
    "11074": {
        "0": 1,
        "1": 10,
        "2": 86,
        "3": 741,
        "4": 6423,
        "5": 23145,
        "6": 54172
    },
    "11075": {
        "0": 1,
        "1": 12,
        "2": 109,
        "3": 964,
        "4": 8482,
        "5": 41673,
        "6": 123098
    },
    "11076": {
        "0": 1,
        "1": 10,
        "2": 86,
        "3": 743,
        "4": 6429,
        "5": 22700,
        "6": 48929
    },
    "11077": {
        "0": 1,
        "1": 15,
        "2": 142,
        "3": 1264,
        "4": 11141,
        "5": 65431,
        "6": 247590
    },
    "11078": {
        "0": 1,
        "1": 9,
        "2": 75,
        "3": 644,
        "4": 5559,
        "5": 15349,
        "6": 27233
    },
    "11079": {
        "0": 1,
        "1": 10,
        "2": 87,
        "3": 754,
        "4": 6548,
        "5": 24314,
        "6": 62186
    },
    "11080": {
        "0": 1,
        "1": 10,
        "2": 87,
        "3": 745,
        "4": 6419,
        "5": 22564,
        "6": 53594
    },
    "11081": {
        "0": 1,
        "1": 12,
        "2": 100,
        "3": 848,
        "4": 7295,
        "5": 30228,
        "6": 74482
    },
    "11082": {
        "0": 1,
        "1": 10,
        "2": 84,
        "3": 731,
        "4": 6395,
        "5": 23112,
        "6": 56189
    },
    "11083": {
        "0": 1,
        "1": 12,
        "2": 99,
        "3": 816,
        "4": 6818,
        "5": 24816,
        "6": 57341
    },
    "11084": {
        "0": 1,
        "1": 11,
        "2": 96,
        "3": 834,
        "4": 7220,
        "5": 30029,
        "6": 76095
    },
    "11085": {
        "0": 1,
        "1": 12,
        "2": 108,
        "3": 960,
        "4": 8457,
        "5": 40815,
        "6": 126197
    },
    "11086": {
        "0": 1,
        "1": 10,
        "2": 86,
        "3": 747,
        "4": 6507,
        "5": 24092,
        "6": 55462
    },
    "11087": {
        "0": 1,
        "1": 9,
        "2": 76,
        "3": 657,
        "4": 5688,
        "5": 16260,
        "6": 37083
    },
    "11088": {
        "0": 1,
        "1": 9,
        "2": 73,
        "3": 608,
        "4": 5111,
        "5": 10613,
        "6": 17599
    },
    "11089": {
        "0": 1,
        "1": 10,
        "2": 86,
        "3": 733,
        "4": 6344,
        "5": 22578,
        "6": 55758
    },
    "11090": {
        "0": 1,
        "1": 9,
        "2": 76,
        "3": 641,
        "4": 5442,
        "5": 13791,
        "6": 22616
    },
    "11091": {
        "0": 1,
        "1": 10,
        "2": 86,
        "3": 759,
        "4": 6741,
        "5": 27221,
        "6": 69431
    },
    "11092": {
        "0": 1,
        "1": 10,
        "2": 85,
        "3": 744,
        "4": 6542,
        "5": 24912,
        "6": 66433
    },
    "11093": {
        "0": 1,
        "1": 11,
        "2": 99,
        "3": 882,
        "4": 7788,
        "5": 35734,
        "6": 113532
    },
    "11094": {
        "0": 1,
        "1": 13,
        "2": 113,
        "3": 955,
        "4": 8112,
        "5": 36704,
        "6": 106924
    },
    "11095": {
        "0": 1,
        "1": 10,
        "2": 89,
        "3": 788,
        "4": 6990,
        "5": 29354,
        "6": 80490
    },
    "11096": {
        "0": 1,
        "1": 9,
        "2": 79,
        "3": 693,
        "4": 6085,
        "5": 20442,
        "6": 52069
    },
    "11097": {
        "0": 1,
        "1": 13,
        "2": 116,
        "3": 1003,
        "4": 8642,
        "5": 41554,
        "6": 123207
    },
    "11098": {
        "0": 1,
        "1": 12,
        "2": 105,
        "3": 900,
        "4": 7758,
        "5": 34610,
        "6": 103714
    },
    "11099": {
        "0": 1,
        "1": 13,
        "2": 120,
        "3": 1051,
        "4": 9054,
        "5": 45092,
        "6": 141029
    }
}