{
    "28100": {
        "0": 1,
        "1": 11,
        "2": 94,
        "3": 798,
        "4": 6831,
        "5": 25943,
        "6": 63516
    },
    "28101": {
        "0": 1,
        "1": 13,
        "2": 121,
        "3": 1049,
        "4": 8993,
        "5": 44481,
        "6": 129576
    },
    "28102": {
        "0": 1,
        "1": 9,
        "2": 80,
        "3": 713,
        "4": 6329,
        "5": 23248,
        "6": 55379
    },
    "28103": {
        "0": 1,
        "1": 12,
        "2": 104,
        "3": 883,
        "4": 7485,
        "5": 30836,
        "6": 85660
    },
    "28104": {
        "0": 1,
        "1": 11,
        "2": 94,
        "3": 795,
        "4": 6747,
        "5": 24859,
        "6": 63856
    },
    "28105": {
        "0": 1,
        "1": 10,
        "2": 89,
        "3": 796,
        "4": 7116,
        "5": 30674,
        "6": 88787
    },
    "28106": {
        "0": 1,
        "1": 10,
        "2": 85,
        "3": 738,
        "4": 6449,
        "5": 23623,
        "6": 62311
    },
    "28107": {
        "0": 1,
        "1": 11,
        "2": 92,
        "3": 767,
        "4": 6462,
        "5": 22231,
        "6": 46703
    },
    "28108": {
        "0": 1,
        "1": 8,
        "2": 70,
        "3": 615,
        "4": 5429,
        "5": 15251,
        "6": 35809
    },
    "28109": {
        "0": 1,
        "1": 10,
        "2": 89,
        "3": 773,
        "4": 6795,
        "5": 27061,
        "6": 78712
    },
    "28110": {
        "0": 1,
        "1": 11,
        "2": 90,
        "3": 750,
        "4": 6305,
        "5": 20189,
        "6": 40025
    },
    "28111": {
        "0": 1,
        "1": 14,
        "2": 128,
        "3": 1096,
        "4": 9279,
        "5": 45868,
        "6": 140574
    },
    "28112": {
        "0": 1,
        "1": 12,
        "2": 106,
        "3": 923,
        "4": 8002,
        "5": 36572,
        "6": 106898
    },
    "28113": {
        "0": 1,
        "1": 12,
        "2": 105,
        "3": 898,
        "4": 7686,
        "5": 33457,
        "6": 98019
    },
    "28114": {
        "0": 1,
        "1": 11,
        "2": 89,
        "3": 754,
        "4": 6434,
        "5": 22549,
        "6": 51938
    },
    "28115": {
        "0": 1,
        "1": 13,
        "2": 122,
        "3": 1118,
        "4": 10034,
        "5": 55986,
        "6": 192052
    },
    "28116": {
        "0": 1,
        "1": 10,
        "2": 86,
        "3": 759,
        "4": 6690,
        "5": 26234,
        "6": 65453
    },
    "28117": {
        "0": 1,
        "1": 14,
        "2": 127,
        "3": 1103,
        "4": 9564,
        "5": 50615,
        "6": 164268
    },
    "28118": {
        "0": 1,
        "1": 9,
        "2": 75,
        "3": 636,
        "4": 5432,
        "5": 13944,
        "6": 26231
    },
    "28119": {
        "0": 1,
        "1": 12,
        "2": 103,
        "3": 879,
        "4": 7533,
        "5": 32238,
        "6": 83537
    },
    "28120": {
        "0": 1,
        "1": 9,
        "2": 76,
        "3": 644,
        "4": 5495,
        "5": 14417,
        "6": 28861
    },
    "28121": {
        "0": 1,
        "1": 10,
        "2": 90,
        "3": 803,
        "4": 7187,
        "5": 31615,
        "6": 95564
    },
    "28122": {
        "0": 1,
        "1": 9,
        "2": 79,
        "3": 708,
        "4": 6302,
        "5": 23230,
        "6": 58177
    },
    "28123": {
        "0": 1,
        "1": 13,
        "2": 114,
        "3": 973,
        "4": 8313,
        "5": 38561,
        "6": 113243
    },
    "28124": {
        "0": 1,
        "1": 8,
        "2": 69,
        "3": 605,
        "4": 5314,
        "5": 13840,
        "6": 28891
    },
    "28125": {
        "0": 1,
        "1": 11,
        "2": 97,
        "3": 833,
        "4": 7118,
        "5": 28134,
        "6": 71768
    },
    "28126": {
        "0": 1,
        "1": 9,
        "2": 78,
        "3": 686,
        "4": 6073,
        "5": 20745,
        "6": 51189
    },
    "28127": {
        "0": 1,
        "1": 15,
        "2": 133,
        "3": 1108,
        "4": 9270,
        "5": 45622,
        "6": 126920
    },
    "28128": {
        "0": 1,
        "1": 10,
        "2": 83,
        "3": 698,
        "4": 5924,
        "5": 17916,
        "6": 39111
    },
    "28129": {
        "0": 1,
        "1": 10,
        "2": 84,
        "3": 730,
        "4": 6327,
        "5": 21683,
        "6": 46439
    },
    "28130": {
        "0": 1,
        "1": 11,
        "2": 97,
        "3": 852,
        "4": 7477,
        "5": 32692,
        "6": 89045
    },
    "28131": {
        "0": 1,
        "1": 9,
        "2": 80,
        "3": 715,
        "4": 6341,
        "5": 23106,
        "6": 56184
    },
    "28132": {
        "0": 1,
        "1": 11,
        "2": 92,
        "3": 787,
        "4": 6779,
        "5": 25930,
        "6": 59054
    },
    "28133": {
        "0": 1,
        "1": 10,
        "2": 88,
        "3": 768,
        "4": 6718,
        "5": 25930,
        "6": 62482
    },
    "28134": {
        "0": 1,
        "1": 11,
        "2": 94,
        "3": 808,
        "4": 6990,
        "5": 28006,
        "6": 70785
    },
    "28135": {
        "0": 1,
        "1": 13,
        "2": 113,
        "3": 959,
        "4": 8166,
        "5": 37052,
        "6": 104724
    },
    "28136": {
        "0": 1,
        "1": 9,
        "2": 76,
        "3": 666,
        "4": 5863,
        "5": 18911,
        "6": 39311
    },
    "28137": {
        "0": 1,
        "1": 14,
        "2": 128,
        "3": 1094,
        "4": 9234,
        "5": 45313,
        "6": 137430
    },
    "28138": {
        "0": 1,
        "1": 12,
        "2": 104,
        "3": 876,
        "4": 7444,
        "5": 30833,
        "6": 81310
    },
    "28139": {
        "0": 1,
        "1": 9,
        "2": 76,
        "3": 646,
        "4": 5533,
        "5": 14942,
        "6": 31744
    },
    "28140": {
        "0": 1,
        "1": 9,
        "2": 78,
        "3": 678,
        "4": 5870,
        "5": 18008,
        "6": 31297
    },
    "28141": {
        "0": 1,
        "1": 11,
        "2": 95,
        "3": 831,
        "4": 7319,
        "5": 31885,
        "6": 88935
    },
    "28142": {
        "0": 1,
        "1": 12,
        "2": 107,
        "3": 920,
        "4": 7881,
        "5": 35119,
        "6": 97585
    },
    "28143": {
        "0": 1,
        "1": 11,
        "2": 96,
        "3": 819,
        "4": 6990,
        "5": 27094,
        "6": 71758
    },
    "28144": {
        "0": 1,
        "1": 12,
        "2": 106,
        "3": 916,
        "4": 7938,
        "5": 36129,
        "6": 107385
    },
    "28145": {
        "0": 1,
        "1": 11,
        "2": 94,
        "3": 806,
        "4": 6937,
        "5": 27012,
        "6": 74382
    },
    "28146": {
        "0": 1,
        "1": 8,
        "2": 69,
        "3": 606,
        "4": 5373,
        "5": 14678,
        "6": 29488
    },
    "28147": {
        "0": 1,
        "1": 10,
        "2": 84,
        "3": 719,
        "4": 6196,
        "5": 20876,
        "6": 48414
    },
    "28148": {
        "0": 1,
        "1": 10,
        "2": 88,
        "3": 771,
        "4": 6683,
        "5": 25255,
        "6": 70676
    },
    "28149": {
        "0": 1,
        "1": 12,
        "2": 101,
        "3": 837,
        "4": 6970,
        "5": 25751,
        "6": 51582
    },
    "28150": {
        "0": 1,
        "1": 11,
        "2": 91,
        "3": 768,
        "4": 6553,
        "5": 23536,
        "6": 54280
    },
    "28151": {
        "0": 1,
        "1": 9,
        "2": 79,
        "3": 696,
        "4": 6093,
        "5": 20084,
        "6": 43783
    },
    "28152": {
        "0": 1,
        "1": 11,
        "2": 97,
        "3": 843,
        "4": 7272,
        "5": 29798,
        "6": 79560
    },
    "28153": {
        "0": 1,
        "1": 11,
        "2": 92,
        "3": 779,
        "4": 6650,
        "5": 24463,
        "6": 54757
    },
    "28154": {
        "0": 1,
        "1": 11,
        "2": 94,
        "3": 824,
        "4": 7257,
        "5": 31174,
        "6": 84748
    },
    "28155": {
        "0": 1,
        "1": 11,
        "2": 96,
        "3": 834,
        "4": 7232,
        "5": 29644,
        "6": 82927
    },
    "28156": {
        "0": 1,
        "1": 10,
        "2": 86,
        "3": 742,
        "4": 6406,
        "5": 22191,
        "6": 49042
    },
    "28157": {
        "0": 1,
        "1": 10,
        "2": 89,
        "3": 770,
        "4": 6661,
        "5": 24841,
        "6": 62111
    },
    "28158": {
        "0": 1,
        "1": 10,
        "2": 85,
        "3": 733,
        "4": 6325,
        "5": 21926,
        "6": 47314
    },
    "28159": {
        "0": 1,
        "1": 10,
        "2": 86,
        "3": 748,
        "4": 6537,
        "5": 24495,
        "6": 64850
    },
    "28160": {
        "0": 1,
        "1": 10,
        "2": 87,
        "3": 767,
        "4": 6759,
        "5": 26876,
        "6": 72189
    },
    "28161": {
        "0": 1,
        "1": 9,
        "2": 81,
        "3": 725,
        "4": 6483,
        "5": 25047,
        "6": 65986
    },
    "28162": {
        "0": 1,
        "1": 12,
        "2": 105,
        "3": 901,
        "4": 7715,
        "5": 33475,
        "6": 96313
    },
    "28163": {
        "0": 1,
        "1": 11,
        "2": 93,
        "3": 807,
        "4": 7008,
        "5": 27939,
        "6": 73781
    },
    "28164": {
        "0": 1,
        "1": 10,
        "2": 88,
        "3": 761,
        "4": 6607,
        "5": 24894,
        "6": 63043
    },
    "28165": {
        "0": 1,
        "1": 10,
        "2": 85,
        "3": 733,
        "4": 6338,
        "5": 22240,
        "6": 48318
    },
    "28166": {
        "0": 1,
        "1": 9,
        "2": 75,
        "3": 639,
        "4": 5476,
        "5": 14518,
        "6": 25053
    },
    "28167": {
        "0": 1,
        "1": 10,
        "2": 89,
        "3": 779,
        "4": 6814,
        "5": 26858,
        "6": 69659
    },
    "28168": {
        "0": 1,
        "1": 11,
        "2": 94,
        "3": 818,
        "4": 7147,
        "5": 29158,
        "6": 84432
    },
    "28169": {
        "0": 1,
        "1": 10,
        "2": 82,
        "3": 702,
        "4": 6087,
        "5": 20479,
        "6": 48619
    },
    "28170": {
        "0": 1,
        "1": 8,
        "2": 71,
        "3": 620,
        "4": 5424,
        "5": 14780,
        "6": 27762
    },
    "28171": {
        "0": 1,
        "1": 10,
        "2": 88,
        "3": 776,
        "4": 6819,
        "5": 27103,
        "6": 70751
    },
    "28172": {
        "0": 1,
        "1": 11,
        "2": 93,
        "3": 795,
        "4": 6860,
        "5": 26766,
        "6": 68894
    },
    "28173": {
        "0": 1,
        "1": 11,
        "2": 96,
        "3": 848,
        "4": 7478,
        "5": 32951,
        "6": 103056
    },
    "28174": {
        "0": 1,
        "1": 12,
        "2": 107,
        "3": 921,
        "4": 7983,
        "5": 36757,
        "6": 107258
    },
    "28175": {
        "0": 1,
        "1": 10,
        "2": 87,
        "3": 750,
        "4": 6468,
        "5": 23043,
        "6": 50970
    },
    "28176": {
        "0": 1,
        "1": 9,
        "2": 77,
        "3": 655,
        "4": 5616,
        "5": 15593,
        "6": 28166
    },
    "28177": {
        "0": 1,
        "1": 10,
        "2": 84,
        "3": 733,
        "4": 6396,
        "5": 23000,
        "6": 57301
    },
    "28178": {
        "0": 1,
        "1": 12,
        "2": 105,
        "3": 904,
        "4": 7769,
        "5": 34048,
        "6": 92637
    },
    "28179": {
        "0": 1,
        "1": 9,
        "2": 74,
        "3": 626,
        "4": 5340,
        "5": 13220,
        "6": 25410
    },
    "28180": {
        "0": 1,
        "1": 12,
        "2": 103,
        "3": 876,
        "4": 7481,
        "5": 31463,
        "6": 84643
    },
    "28181": {
        "0": 1,
        "1": 12,
        "2": 104,
        "3": 896,
        "4": 7777,
        "5": 35210,
        "6": 102708
    },
    "28182": {
        "0": 1,
        "1": 11,
        "2": 97,
        "3": 842,
        "4": 7316,
        "5": 30806,
        "6": 85757
    },
    "28183": {
        "0": 1,
        "1": 12,
        "2": 106,
        "3": 918,
        "4": 7915,
        "5": 34986,
        "6": 100270
    },
    "28184": {
        "0": 1,
        "1": 10,
        "2": 84,
        "3": 728,
        "4": 6327,
        "5": 22294,
        "6": 51109
    },
    "28185": {
        "0": 1,
        "1": 10,
        "2": 86,
        "3": 750,
        "4": 6550,
        "5": 24525,
        "6": 58679
    },
    "28186": {
        "0": 1,
        "1": 9,
        "2": 74,
        "3": 629,
        "4": 5398,
        "5": 13925,
        "6": 28165
    },
    "28187": {
        "0": 1,
        "1": 12,
        "2": 101,
        "3": 856,
        "4": 7352,
        "5": 30712,
        "6": 76136
    },
    "28188": {
        "0": 1,
        "1": 10,
        "2": 87,
        "3": 747,
        "4": 6402,
        "5": 22215,
        "6": 51296
    },
    "28189": {
        "0": 1,
        "1": 11,
        "2": 94,
        "3": 822,
        "4": 7126,
        "5": 28902,
        "6": 77237
    },
    "28190": {
        "0": 1,
        "1": 11,
        "2": 92,
        "3": 789,
        "4": 6790,
        "5": 25929,
        "6": 58225
    },
    "28191": {
        "0": 1,
        "1": 9,
        "2": 77,
        "3": 662,
        "4": 5723,
        "5": 17028,
        "6": 34402
    },
    "28192": {
        "0": 1,
        "1": 10,
        "2": 82,
        "3": 696,
        "4": 5962,
        "5": 18600,
        "6": 40722
    },
    "28193": {
        "0": 1,
        "1": 11,
        "2": 94,
        "3": 806,
        "4": 6933,
        "5": 27088,
        "6": 69044
    },
    "28194": {
        "0": 1,
        "1": 11,
        "2": 99,
        "3": 870,
        "4": 7639,
        "5": 34331,
        "6": 95930
    },
    "28195": {
        "0": 1,
        "1": 9,
        "2": 78,
        "3": 682,
        "4": 6010,
        "5": 20357,
        "6": 50295
    },
    "28196": {
        "0": 1,
        "1": 9,
        "2": 77,
        "3": 668,
        "4": 5817,
        "5": 17825,
        "6": 35094
    },
    "28197": {
        "0": 1,
        "1": 12,
        "2": 102,
        "3": 880,
        "4": 7581,
        "5": 32471,
        "6": 72557
    },
    "28198": {
        "0": 1,
        "1": 10,
        "2": 88,
        "3": 768,
        "4": 6719,
        "5": 26089,
        "6": 67254
    },
    "28199": {
        "0": 1,
        "1": 12,
        "2": 102,
        "3": 876,
        "4": 7527,
        "5": 31946,
        "6": 74635
    }
}