{
    "22600": {
        "0": 1,
        "1": 10,
        "2": 83,
        "3": 700,
        "4": 5964,
        "5": 18521,
        "6": 38196
    },
    "22601": {
        "0": 1,
        "1": 9,
        "2": 79,
        "3": 701,
        "4": 6255,
        "5": 22564,
        "6": 56525
    },
    "22602": {
        "0": 1,
        "1": 10,
        "2": 86,
        "3": 742,
        "4": 6431,
        "5": 23254,
        "6": 58342
    },
    "22603": {
        "0": 1,
        "1": 8,
        "2": 69,
        "3": 593,
        "4": 5110,
        "5": 11426,
        "6": 21008
    },
    "22604": {
        "0": 1,
        "1": 11,
        "2": 99,
        "3": 868,
        "4": 7572,
        "5": 33119,
        "6": 91662
    },
    "22605": {
        "0": 1,
        "1": 11,
        "2": 94,
        "3": 810,
        "4": 7012,
        "5": 28225,
        "6": 67269
    },
    "22606": {
        "0": 1,
        "1": 12,
        "2": 104,
        "3": 895,
        "4": 7775,
        "5": 34773,
        "6": 100816
    },
    "22607": {
        "0": 1,
        "1": 10,
        "2": 83,
        "3": 700,
        "4": 5955,
        "5": 18228,
        "6": 33908
    },
    "22608": {
        "0": 1,
        "1": 8,
        "2": 70,
        "3": 603,
        "4": 5198,
        "5": 12190,
        "6": 21148
    },
    "22609": {
        "0": 1,
        "1": 11,
        "2": 95,
        "3": 849,
        "4": 7584,
        "5": 34672,
        "6": 96547
    },
    "22610": {
        "0": 1,
        "1": 12,
        "2": 110,
        "3": 961,
        "4": 8286,
        "5": 38519,
        "6": 119564
    },
    "22611": {
        "0": 1,
        "1": 11,
        "2": 96,
        "3": 833,
        "4": 7215,
        "5": 29278,
        "6": 68874
    },
    "22612": {
        "0": 1,
        "1": 13,
        "2": 117,
        "3": 1030,
        "4": 9015,
        "5": 45813,
        "6": 152091
    },
    "22613": {
        "0": 1,
        "1": 15,
        "2": 141,
        "3": 1221,
        "4": 10439,
        "5": 56708,
        "6": 188956
    },
    "22614": {
        "0": 1,
        "1": 9,
        "2": 79,
        "3": 701,
        "4": 6236,
        "5": 22447,
        "6": 61505
    },
    "22615": {
        "0": 1,
        "1": 12,
        "2": 101,
        "3": 852,
        "4": 7251,
        "5": 29249,
        "6": 75384
    },
    "22616": {
        "0": 1,
        "1": 13,
        "2": 112,
        "3": 942,
        "4": 7951,
        "5": 35011,
        "6": 94094
    },
    "22617": {
        "0": 1,
        "1": 10,
        "2": 88,
        "3": 764,
        "4": 6619,
        "5": 24595,
        "6": 57477
    },
    "22618": {
        "0": 1,
        "1": 11,
        "2": 95,
        "3": 803,
        "4": 6822,
        "5": 25676,
        "6": 64433
    },
    "22619": {
        "0": 1,
        "1": 10,
        "2": 88,
        "3": 756,
        "4": 6568,
        "5": 24488,
        "6": 58453
    },
    "22620": {
        "0": 1,
        "1": 9,
        "2": 76,
        "3": 651,
        "4": 5567,
        "5": 14935,
        "6": 24983
    },
    "22621": {
        "0": 1,
        "1": 12,
        "2": 113,
        "3": 1003,
        "4": 8806,
        "5": 44140,
        "6": 143665
    },
    "22622": {
        "0": 1,
        "1": 13,
        "2": 118,
        "3": 1008,
        "4": 8561,
        "5": 40138,
        "6": 124187
    },
    "22623": {
        "0": 1,
        "1": 10,
        "2": 86,
        "3": 748,
        "4": 6469,
        "5": 23020,
        "6": 51920
    },
    "22624": {
        "0": 1,
        "1": 11,
        "2": 95,
        "3": 817,
        "4": 7073,
        "5": 28777,
        "6": 68820
    },
    "22625": {
        "0": 1,
        "1": 11,
        "2": 95,
        "3": 815,
        "4": 7023,
        "5": 27561,
        "6": 75634
    },
    "22626": {
        "0": 1,
        "1": 12,
        "2": 105,
        "3": 918,
        "4": 7952,
        "5": 35589,
        "6": 94925
    },
    "22627": {
        "0": 1,
        "1": 10,
        "2": 89,
        "3": 809,
        "4": 7287,
        "5": 31976,
        "6": 92429
    },
    "22628": {
        "0": 1,
        "1": 9,
        "2": 75,
        "3": 637,
        "4": 5460,
        "5": 14384,
        "6": 30269
    },
    "22629": {
        "0": 1,
        "1": 9,
        "2": 87,
        "3": 800,
        "4": 7359,
        "5": 34505,
        "6": 106216
    },
    "22630": {
        "0": 1,
        "1": 10,
        "2": 86,
        "3": 764,
        "4": 6751,
        "5": 26511,
        "6": 65118
    },
    "22631": {
        "0": 1,
        "1": 10,
        "2": 84,
        "3": 741,
        "4": 6539,
        "5": 24509,
        "6": 62130
    },
    "22632": {
        "0": 1,
        "1": 11,
        "2": 95,
        "3": 819,
        "4": 7132,
        "5": 29404,
        "6": 80823
    },
    "22633": {
        "0": 1,
        "1": 11,
        "2": 93,
        "3": 799,
        "4": 6887,
        "5": 26866,
        "6": 72095
    },
    "22634": {
        "0": 1,
        "1": 12,
        "2": 103,
        "3": 892,
        "4": 7721,
        "5": 33946,
        "6": 89867
    },
    "22635": {
        "0": 1,
        "1": 11,
        "2": 94,
        "3": 819,
        "4": 7175,
        "5": 30451,
        "6": 88761
    },
    "22636": {
        "0": 1,
        "1": 14,
        "2": 127,
        "3": 1119,
        "4": 9842,
        "5": 53640,
        "6": 178924
    },
    "22637": {
        "0": 1,
        "1": 8,
        "2": 70,
        "3": 611,
        "4": 5341,
        "5": 13998,
        "6": 30499
    },
    "22638": {
        "0": 1,
        "1": 11,
        "2": 96,
        "3": 826,
        "4": 7136,
        "5": 29316,
        "6": 83717
    },
    "22639": {
        "0": 1,
        "1": 10,
        "2": 86,
        "3": 763,
        "4": 6731,
        "5": 26243,
        "6": 64710
    },
    "22640": {
        "0": 1,
        "1": 13,
        "2": 112,
        "3": 938,
        "4": 7836,
        "5": 33008,
        "6": 86036
    },
    "22641": {
        "0": 1,
        "1": 9,
        "2": 74,
        "3": 622,
        "4": 5260,
        "5": 11835,
        "6": 15779
    },
    "22642": {
        "0": 1,
        "1": 12,
        "2": 106,
        "3": 919,
        "4": 7976,
        "5": 36637,
        "6": 116476
    },
    "22643": {
        "0": 1,
        "1": 11,
        "2": 96,
        "3": 833,
        "4": 7209,
        "5": 29675,
        "6": 81843
    },
    "22644": {
        "0": 1,
        "1": 12,
        "2": 108,
        "3": 946,
        "4": 8267,
        "5": 39500,
        "6": 122435
    },
    "22645": {
        "0": 1,
        "1": 9,
        "2": 76,
        "3": 647,
        "4": 5560,
        "5": 15381,
        "6": 27210
    },
    "22646": {
        "0": 1,
        "1": 12,
        "2": 106,
        "3": 939,
        "4": 8316,
        "5": 40812,
        "6": 131825
    },
    "22647": {
        "0": 1,
        "1": 13,
        "2": 111,
        "3": 950,
        "4": 8243,
        "5": 39281,
        "6": 105740
    },
    "22648": {
        "0": 1,
        "1": 12,
        "2": 108,
        "3": 951,
        "4": 8370,
        "5": 40986,
        "6": 124421
    },
    "22649": {
        "0": 1,
        "1": 10,
        "2": 86,
        "3": 753,
        "4": 6608,
        "5": 25351,
        "6": 59944
    },
    "22650": {
        "0": 1,
        "1": 12,
        "2": 105,
        "3": 882,
        "4": 7411,
        "5": 29759,
        "6": 78936
    },
    "22651": {
        "0": 1,
        "1": 9,
        "2": 76,
        "3": 657,
        "4": 5717,
        "5": 17220,
        "6": 36677
    },
    "22652": {
        "0": 1,
        "1": 10,
        "2": 83,
        "3": 717,
        "4": 6200,
        "5": 20806,
        "6": 45359
    },
    "22653": {
        "0": 1,
        "1": 12,
        "2": 104,
        "3": 891,
        "4": 7642,
        "5": 32929,
        "6": 80322
    },
    "22654": {
        "0": 1,
        "1": 10,
        "2": 88,
        "3": 775,
        "4": 6873,
        "5": 28393,
        "6": 75671
    },
    "22655": {
        "0": 1,
        "1": 8,
        "2": 69,
        "3": 601,
        "4": 5265,
        "5": 13590,
        "6": 26774
    },
    "22656": {
        "0": 1,
        "1": 9,
        "2": 77,
        "3": 674,
        "4": 5876,
        "5": 18063,
        "6": 34788
    },
    "22657": {
        "0": 1,
        "1": 10,
        "2": 83,
        "3": 710,
        "4": 6085,
        "5": 19572,
        "6": 43966
    },
    "22658": {
        "0": 1,
        "1": 10,
        "2": 82,
        "3": 710,
        "4": 6176,
        "5": 21351,
        "6": 44942
    },
    "22659": {
        "0": 1,
        "1": 12,
        "2": 104,
        "3": 874,
        "4": 7352,
        "5": 29491,
        "6": 68812
    },
    "22660": {
        "0": 1,
        "1": 11,
        "2": 93,
        "3": 803,
        "4": 6922,
        "5": 26938,
        "6": 67565
    },
    "22661": {
        "0": 1,
        "1": 9,
        "2": 72,
        "3": 592,
        "4": 4927,
        "5": 8752,
        "6": 10482
    },
    "22662": {
        "0": 1,
        "1": 13,
        "2": 118,
        "3": 1022,
        "4": 8782,
        "5": 42560,
        "6": 128148
    },
    "22663": {
        "0": 1,
        "1": 11,
        "2": 96,
        "3": 857,
        "4": 7654,
        "5": 35673,
        "6": 105782
    },
    "22664": {
        "0": 1,
        "1": 12,
        "2": 102,
        "3": 869,
        "4": 7509,
        "5": 32558,
        "6": 90815
    },
    "22665": {
        "0": 1,
        "1": 10,
        "2": 85,
        "3": 727,
        "4": 6294,
        "5": 22230,
        "6": 50592
    },
    "22666": {
        "0": 1,
        "1": 10,
        "2": 86,
        "3": 754,
        "4": 6601,
        "5": 25190,
        "6": 60931
    },
    "22667": {
        "0": 1,
        "1": 10,
        "2": 87,
        "3": 739,
        "4": 6276,
        "5": 20696,
        "6": 44862
    },
    "22668": {
        "0": 1,
        "1": 12,
        "2": 101,
        "3": 866,
        "4": 7453,
        "5": 31584,
        "6": 81379
    },
    "22669": {
        "0": 1,
        "1": 11,
        "2": 98,
        "3": 862,
        "4": 7543,
        "5": 33129,
        "6": 88203
    },
    "22670": {
        "0": 1,
        "1": 11,
        "2": 93,
        "3": 784,
        "4": 6649,
        "5": 24120,
        "6": 58413
    },
    "22671": {
        "0": 1,
        "1": 9,
        "2": 74,
        "3": 625,
        "4": 5354,
        "5": 13571,
        "6": 29913
    },
    "22672": {
        "0": 1,
        "1": 8,
        "2": 69,
        "3": 600,
        "4": 5263,
        "5": 13599,
        "6": 27608
    },
    "22673": {
        "0": 1,
        "1": 12,
        "2": 106,
        "3": 919,
        "4": 7932,
        "5": 35642,
        "6": 105009
    },
    "22674": {
        "0": 1,
        "1": 12,
        "2": 105,
        "3": 919,
        "4": 8054,
        "5": 37762,
        "6": 114799
    },
    "22675": {
        "0": 1,
        "1": 12,
        "2": 105,
        "3": 904,
        "4": 7795,
        "5": 34543,
        "6": 102019
    },
    "22676": {
        "0": 1,
        "1": 12,
        "2": 102,
        "3": 875,
        "4": 7566,
        "5": 33119,
        "6": 84960
    },
    "22677": {
        "0": 1,
        "1": 13,
        "2": 118,
        "3": 1034,
        "4": 9050,
        "5": 45991,
        "6": 146707
    },
    "22678": {
        "0": 1,
        "1": 10,
        "2": 85,
        "3": 721,
        "4": 6159,
        "5": 20182,
        "6": 43532
    },
    "22679": {
        "0": 1,
        "1": 11,
        "2": 96,
        "3": 823,
        "4": 7040,
        "5": 27564,
        "6": 64614
    },
    "22680": {
        "0": 1,
        "1": 11,
        "2": 95,
        "3": 796,
        "4": 6684,
        "5": 23570,
        "6": 55454
    },
    "22681": {
        "0": 1,
        "1": 12,
        "2": 102,
        "3": 863,
        "4": 7335,
        "5": 29963,
        "6": 77174
    },
    "22682": {
        "0": 1,
        "1": 10,
        "2": 87,
        "3": 767,
        "4": 6782,
        "5": 27282,
        "6": 66408
    },
    "22683": {
        "0": 1,
        "1": 10,
        "2": 86,
        "3": 752,
        "4": 6590,
        "5": 25118,
        "6": 64875
    },
    "22684": {
        "0": 1,
        "1": 12,
        "2": 105,
        "3": 922,
        "4": 8068,
        "5": 37725,
        "6": 107375
    },
    "22685": {
        "0": 1,
        "1": 12,
        "2": 108,
        "3": 940,
        "4": 8147,
        "5": 37774,
        "6": 109864
    },
    "22686": {
        "0": 1,
        "1": 11,
        "2": 97,
        "3": 838,
        "4": 7213,
        "5": 29445,
        "6": 76751
    },
    "22687": {
        "0": 1,
        "1": 9,
        "2": 79,
        "3": 701,
        "4": 6222,
        "5": 22343,
        "6": 50995
    },
    "22688": {
        "0": 1,
        "1": 8,
        "2": 71,
        "3": 625,
        "4": 5515,
        "5": 15944,
        "6": 29276
    },
    "22689": {
        "0": 1,
        "1": 11,
        "2": 96,
        "3": 812,
        "4": 6959,
        "5": 27386,
        "6": 72712
    },
    "22690": {
        "0": 1,
        "1": 12,
        "2": 107,
        "3": 933,
        "4": 8167,
        "5": 39132,
        "6": 121851
    },
    "22691": {
        "0": 1,
        "1": 12,
        "2": 106,
        "3": 918,
        "4": 7927,
        "5": 35694,
        "6": 101254
    },
    "22692": {
        "0": 1,
        "1": 12,
        "2": 109,
        "3": 969,
        "4": 8559,
        "5": 42806,
        "6": 142889
    },
    "22693": {
        "0": 1,
        "1": 9,
        "2": 77,
        "3": 669,
        "4": 5792,
        "5": 17134,
        "6": 36292
    },
    "22694": {
        "0": 1,
        "1": 10,
        "2": 84,
        "3": 730,
        "4": 6353,
        "5": 22555,
        "6": 52045
    },
    "22695": {
        "0": 1,
        "1": 10,
        "2": 86,
        "3": 753,
        "4": 6618,
        "5": 25445,
        "6": 63023
    },
    "22696": {
        "0": 1,
        "1": 8,
        "2": 74,
        "3": 667,
        "4": 6005,
        "5": 21201,
        "6": 50297
    },
    "22697": {
        "0": 1,
        "1": 10,
        "2": 87,
        "3": 763,
        "4": 6688,
        "5": 25940,
        "6": 63817
    },
    "22698": {
        "0": 1,
        "1": 10,
        "2": 89,
        "3": 778,
        "4": 6777,
        "5": 26217,
        "6": 74985
    },
    "22699": {
        "0": 1,
        "1": 10,
        "2": 87,
        "3": 761,
        "4": 6634,
        "5": 24837,
        "6": 65255
    }
}