{
    "20000": {
        "0": 1,
        "1": 10,
        "2": 87,
        "3": 757,
        "4": 6632,
        "5": 25563,
        "6": 67852
    },
    "20001": {
        "0": 1,
        "1": 9,
        "2": 77,
        "3": 667,
        "4": 5811,
        "5": 18065,
        "6": 37690
    },
    "20002": {
        "0": 1,
        "1": 10,
        "2": 85,
        "3": 761,
        "4": 6818,
        "5": 27642,
        "6": 74613
    },
    "20003": {
        "0": 1,
        "1": 11,
        "2": 90,
        "3": 759,
        "4": 6478,
        "5": 22726,
        "6": 50600
    },
    "20004": {
        "0": 1,
        "1": 8,
        "2": 71,
        "3": 623,
        "4": 5434,
        "5": 14565,
        "6": 30007
    },
    "20005": {
        "0": 1,
        "1": 10,
        "2": 88,
        "3": 768,
        "4": 6641,
        "5": 24472,
        "6": 56270
    },
    "20006": {
        "0": 1,
        "1": 11,
        "2": 90,
        "3": 763,
        "4": 6534,
        "5": 23190,
        "6": 50434
    },
    "20007": {
        "0": 1,
        "1": 11,
        "2": 102,
        "3": 923,
        "4": 8309,
        "5": 41370,
        "6": 125889
    },
    "20008": {
        "0": 1,
        "1": 12,
        "2": 102,
        "3": 857,
        "4": 7242,
        "5": 28844,
        "6": 63643
    },
    "20009": {
        "0": 1,
        "1": 9,
        "2": 79,
        "3": 686,
        "4": 5987,
        "5": 18703,
        "6": 42975
    },
    "20010": {
        "0": 1,
        "1": 10,
        "2": 85,
        "3": 739,
        "4": 6436,
        "5": 23414,
        "6": 54136
    },
    "20011": {
        "0": 1,
        "1": 10,
        "2": 89,
        "3": 796,
        "4": 7062,
        "5": 29694,
        "6": 89105
    },
    "20012": {
        "0": 1,
        "1": 11,
        "2": 94,
        "3": 817,
        "4": 7106,
        "5": 28807,
        "6": 74030
    },
    "20013": {
        "0": 1,
        "1": 11,
        "2": 92,
        "3": 794,
        "4": 6874,
        "5": 26689,
        "6": 58550
    },
    "20014": {
        "0": 1,
        "1": 11,
        "2": 101,
        "3": 906,
        "4": 8109,
        "5": 39601,
        "6": 129495
    },
    "20015": {
        "0": 1,
        "1": 10,
        "2": 87,
        "3": 746,
        "4": 6430,
        "5": 22619,
        "6": 52097
    },
    "20016": {
        "0": 1,
        "1": 9,
        "2": 76,
        "3": 653,
        "4": 5640,
        "5": 16283,
        "6": 34920
    },
    "20017": {
        "0": 1,
        "1": 11,
        "2": 93,
        "3": 800,
        "4": 6928,
        "5": 27535,
        "6": 71180
    },
    "20018": {
        "0": 1,
        "1": 13,
        "2": 121,
        "3": 1064,
        "4": 9217,
        "5": 46864,
        "6": 149922
    },
    "20019": {
        "0": 1,
        "1": 9,
        "2": 78,
        "3": 668,
        "4": 5708,
        "5": 16065,
        "6": 37635
    },
    "20020": {
        "0": 1,
        "1": 13,
        "2": 119,
        "3": 1049,
        "4": 9200,
        "5": 47871,
        "6": 151625
    },
    "20021": {
        "0": 1,
        "1": 9,
        "2": 81,
        "3": 719,
        "4": 6355,
        "5": 23021,
        "6": 53826
    },
    "20022": {
        "0": 1,
        "1": 11,
        "2": 98,
        "3": 857,
        "4": 7427,
        "5": 31636,
        "6": 84971
    },
    "20023": {
        "0": 1,
        "1": 11,
        "2": 101,
        "3": 909,
        "4": 8134,
        "5": 39777,
        "6": 130969
    },
    "20024": {
        "0": 1,
        "1": 12,
        "2": 104,
        "3": 900,
        "4": 7766,
        "5": 34312,
        "6": 98333
    },
    "20025": {
        "0": 1,
        "1": 10,
        "2": 89,
        "3": 784,
        "4": 6858,
        "5": 26654,
        "6": 63140
    },
    "20026": {
        "0": 1,
        "1": 10,
        "2": 83,
        "3": 702,
        "4": 5960,
        "5": 18022,
        "6": 33102
    },
    "20027": {
        "0": 1,
        "1": 10,
        "2": 85,
        "3": 744,
        "4": 6545,
        "5": 25019,
        "6": 63477
    },
    "20028": {
        "0": 1,
        "1": 10,
        "2": 90,
        "3": 780,
        "4": 6753,
        "5": 25634,
        "6": 67286
    },
    "20029": {
        "0": 1,
        "1": 10,
        "2": 85,
        "3": 737,
        "4": 6368,
        "5": 21971,
        "6": 51752
    },
    "20030": {
        "0": 1,
        "1": 12,
        "2": 102,
        "3": 855,
        "4": 7222,
        "5": 28677,
        "6": 71965
    },
    "20031": {
        "0": 1,
        "1": 10,
        "2": 85,
        "3": 735,
        "4": 6344,
        "5": 21929,
        "6": 47578
    },
    "20032": {
        "0": 1,
        "1": 9,
        "2": 75,
        "3": 640,
        "4": 5481,
        "5": 14094,
        "6": 27414
    },
    "20033": {
        "0": 1,
        "1": 12,
        "2": 100,
        "3": 842,
        "4": 7176,
        "5": 28929,
        "6": 72545
    },
    "20034": {
        "0": 1,
        "1": 13,
        "2": 119,
        "3": 1033,
        "4": 8825,
        "5": 42032,
        "6": 126800
    },
    "20035": {
        "0": 1,
        "1": 13,
        "2": 116,
        "3": 1012,
        "4": 8771,
        "5": 43101,
        "6": 133711
    },
    "20036": {
        "0": 1,
        "1": 13,
        "2": 112,
        "3": 939,
        "4": 7905,
        "5": 34199,
        "6": 96516
    },
    "20037": {
        "0": 1,
        "1": 11,
        "2": 99,
        "3": 877,
        "4": 7729,
        "5": 35162,
        "6": 110373
    },
    "20038": {
        "0": 1,
        "1": 10,
        "2": 85,
        "3": 732,
        "4": 6367,
        "5": 22949,
        "6": 53937
    },
    "20039": {
        "0": 1,
        "1": 9,
        "2": 76,
        "3": 655,
        "4": 5671,
        "5": 16503,
        "6": 32459
    },
    "20040": {
        "0": 1,
        "1": 11,
        "2": 99,
        "3": 870,
        "4": 7571,
        "5": 32864,
        "6": 87145
    },
    "20041": {
        "0": 1,
        "1": 11,
        "2": 94,
        "3": 805,
        "4": 6920,
        "5": 27004,
        "6": 66616
    },
    "20042": {
        "0": 1,
        "1": 12,
        "2": 101,
        "3": 850,
        "4": 7187,
        "5": 28544,
        "6": 71830
    },
    "20043": {
        "0": 1,
        "1": 11,
        "2": 93,
        "3": 787,
        "4": 6697,
        "5": 24511,
        "6": 54901
    },
    "20044": {
        "0": 1,
        "1": 11,
        "2": 92,
        "3": 774,
        "4": 6562,
        "5": 23001,
        "6": 55056
    },
    "20045": {
        "0": 1,
        "1": 12,
        "2": 105,
        "3": 917,
        "4": 8006,
        "5": 36879,
        "6": 105085
    },
    "20046": {
        "0": 1,
        "1": 14,
        "2": 130,
        "3": 1133,
        "4": 9719,
        "5": 50313,
        "6": 158807
    },
    "20047": {
        "0": 1,
        "1": 10,
        "2": 82,
        "3": 691,
        "4": 5868,
        "5": 17274,
        "6": 35047
    },
    "20048": {
        "0": 1,
        "1": 11,
        "2": 97,
        "3": 837,
        "4": 7240,
        "5": 29918,
        "6": 73623
    },
    "20049": {
        "0": 1,
        "1": 11,
        "2": 93,
        "3": 802,
        "4": 6946,
        "5": 27659,
        "6": 68432
    },
    "20050": {
        "0": 1,
        "1": 10,
        "2": 87,
        "3": 774,
        "4": 6865,
        "5": 28022,
        "6": 69822
    },
    "20051": {
        "0": 1,
        "1": 13,
        "2": 112,
        "3": 939,
        "4": 7902,
        "5": 34094,
        "6": 89320
    },
    "20052": {
        "0": 1,
        "1": 10,
        "2": 88,
        "3": 785,
        "4": 6942,
        "5": 28233,
        "6": 77019
    },
    "20053": {
        "0": 1,
        "1": 11,
        "2": 89,
        "3": 746,
        "4": 6375,
        "5": 22268,
        "6": 55153
    },
    "20054": {
        "0": 1,
        "1": 8,
        "2": 70,
        "3": 604,
        "4": 5185,
        "5": 11774,
        "6": 23047
    },
    "20055": {
        "0": 1,
        "1": 10,
        "2": 83,
        "3": 710,
        "4": 6044,
        "5": 18366,
        "6": 32286
    },
    "20056": {
        "0": 1,
        "1": 10,
        "2": 88,
        "3": 767,
        "4": 6691,
        "5": 25607,
        "6": 62469
    },
    "20057": {
        "0": 1,
        "1": 10,
        "2": 88,
        "3": 780,
        "4": 6905,
        "5": 28342,
        "6": 74174
    },
    "20058": {
        "0": 1,
        "1": 11,
        "2": 98,
        "3": 868,
        "4": 7664,
        "5": 34924,
        "6": 99722
    },
    "20059": {
        "0": 1,
        "1": 11,
        "2": 97,
        "3": 833,
        "4": 7125,
        "5": 28189,
        "6": 70551
    },
    "20060": {
        "0": 1,
        "1": 10,
        "2": 85,
        "3": 736,
        "4": 6400,
        "5": 23055,
        "6": 55663
    },
    "20061": {
        "0": 1,
        "1": 13,
        "2": 115,
        "3": 1000,
        "4": 8720,
        "5": 43426,
        "6": 131572
    },
    "20062": {
        "0": 1,
        "1": 11,
        "2": 94,
        "3": 817,
        "4": 7111,
        "5": 29219,
        "6": 77261
    },
    "20063": {
        "0": 1,
        "1": 11,
        "2": 100,
        "3": 896,
        "4": 7928,
        "5": 36818,
        "6": 109268
    },
    "20064": {
        "0": 1,
        "1": 9,
        "2": 76,
        "3": 652,
        "4": 5620,
        "5": 15927,
        "6": 27568
    },
    "20065": {
        "0": 1,
        "1": 11,
        "2": 94,
        "3": 808,
        "4": 6970,
        "5": 27579,
        "6": 70598
    },
    "20066": {
        "0": 1,
        "1": 10,
        "2": 86,
        "3": 746,
        "4": 6478,
        "5": 23598,
        "6": 58473
    },
    "20067": {
        "0": 1,
        "1": 12,
        "2": 107,
        "3": 935,
        "4": 8145,
        "5": 37928,
        "6": 112025
    },
    "20068": {
        "0": 1,
        "1": 12,
        "2": 109,
        "3": 962,
        "4": 8462,
        "5": 41791,
        "6": 131370
    },
    "20069": {
        "0": 1,
        "1": 10,
        "2": 89,
        "3": 787,
        "4": 6966,
        "5": 28704,
        "6": 74957
    },
    "20070": {
        "0": 1,
        "1": 8,
        "2": 71,
        "3": 629,
        "4": 5617,
        "5": 17639,
        "6": 42695
    },
    "20071": {
        "0": 1,
        "1": 10,
        "2": 88,
        "3": 772,
        "4": 6789,
        "5": 27078,
        "6": 72116
    },
    "20072": {
        "0": 1,
        "1": 12,
        "2": 109,
        "3": 963,
        "4": 8472,
        "5": 41795,
        "6": 131500
    },
    "20073": {
        "0": 1,
        "1": 11,
        "2": 100,
        "3": 876,
        "4": 7622,
        "5": 33184,
        "6": 95013
    },
    "20074": {
        "0": 1,
        "1": 10,
        "2": 87,
        "3": 759,
        "4": 6605,
        "5": 24709,
        "6": 57125
    },
    "20075": {
        "0": 1,
        "1": 13,
        "2": 117,
        "3": 1013,
        "4": 8725,
        "5": 42516,
        "6": 132559
    },
    "20076": {
        "0": 1,
        "1": 9,
        "2": 76,
        "3": 655,
        "4": 5680,
        "5": 16793,
        "6": 34428
    },
    "20077": {
        "0": 1,
        "1": 10,
        "2": 87,
        "3": 749,
        "4": 6458,
        "5": 23020,
        "6": 54743
    },
    "20078": {
        "0": 1,
        "1": 11,
        "2": 97,
        "3": 847,
        "4": 7497,
        "5": 33935,
        "6": 104581
    },
    "20079": {
        "0": 1,
        "1": 9,
        "2": 78,
        "3": 692,
        "4": 6153,
        "5": 22013,
        "6": 48494
    },
    "20080": {
        "0": 1,
        "1": 11,
        "2": 97,
        "3": 850,
        "4": 7444,
        "5": 32105,
        "6": 88154
    },
    "20081": {
        "0": 1,
        "1": 10,
        "2": 87,
        "3": 757,
        "4": 6570,
        "5": 24378,
        "6": 62894
    },
    "20082": {
        "0": 1,
        "1": 10,
        "2": 88,
        "3": 766,
        "4": 6658,
        "5": 25108,
        "6": 61323
    },
    "20083": {
        "0": 1,
        "1": 10,
        "2": 87,
        "3": 776,
        "4": 6911,
        "5": 28845,
        "6": 79047
    },
    "20084": {
        "0": 1,
        "1": 8,
        "2": 70,
        "3": 608,
        "4": 5293,
        "5": 13383,
        "6": 23226
    },
    "20085": {
        "0": 1,
        "1": 9,
        "2": 75,
        "3": 645,
        "4": 5544,
        "5": 14749,
        "6": 26395
    },
    "20086": {
        "0": 1,
        "1": 10,
        "2": 83,
        "3": 710,
        "4": 6104,
        "5": 19870,
        "6": 40594
    },
    "20087": {
        "0": 1,
        "1": 9,
        "2": 80,
        "3": 705,
        "4": 6203,
        "5": 21942,
        "6": 47620
    },
    "20088": {
        "0": 1,
        "1": 11,
        "2": 97,
        "3": 843,
        "4": 7316,
        "5": 30978,
        "6": 87634
    },
    "20089": {
        "0": 1,
        "1": 10,
        "2": 87,
        "3": 750,
        "4": 6482,
        "5": 23178,
        "6": 48604
    },
    "20090": {
        "0": 1,
        "1": 11,
        "2": 95,
        "3": 810,
        "4": 6961,
        "5": 27356,
        "6": 69444
    },
    "20091": {
        "0": 1,
        "1": 12,
        "2": 111,
        "3": 964,
        "4": 8314,
        "5": 38911,
        "6": 123637
    },
    "20092": {
        "0": 1,
        "1": 12,
        "2": 99,
        "3": 834,
        "4": 7094,
        "5": 28169,
        "6": 66581
    },
    "20093": {
        "0": 1,
        "1": 11,
        "2": 91,
        "3": 766,
        "4": 6575,
        "5": 23970,
        "6": 52331
    },
    "20094": {
        "0": 1,
        "1": 10,
        "2": 87,
        "3": 764,
        "4": 6698,
        "5": 25753,
        "6": 63365
    },
    "20095": {
        "0": 1,
        "1": 12,
        "2": 105,
        "3": 895,
        "4": 7589,
        "5": 31675,
        "6": 82009
    },
    "20096": {
        "0": 1,
        "1": 11,
        "2": 95,
        "3": 826,
        "4": 7178,
        "5": 29685,
        "6": 70921
    },
    "20097": {
        "0": 1,
        "1": 11,
        "2": 97,
        "3": 833,
        "4": 7128,
        "5": 28257,
        "6": 78256
    },
    "20098": {
        "0": 1,
        "1": 11,
        "2": 92,
        "3": 767,
        "4": 6461,
        "5": 22118,
        "6": 45783
    },
    "20099": {
        "0": 1,
        "1": 10,
        "2": 85,
        "3": 733,
        "4": 6409,
        "5": 23648,
        "6": 57528
    }
}