{
    "19600": {
        "0": 1,
        "1": 12,
        "2": 105,
        "3": 904,
        "4": 7751,
        "5": 33882,
        "6": 89185
    },
    "19601": {
        "0": 1,
        "1": 11,
        "2": 92,
        "3": 786,
        "4": 6761,
        "5": 25886,
        "6": 61341
    },
    "19602": {
        "0": 1,
        "1": 10,
        "2": 84,
        "3": 723,
        "4": 6267,
        "5": 21819,
        "6": 43885
    },
    "19603": {
        "0": 1,
        "1": 10,
        "2": 86,
        "3": 745,
        "4": 6483,
        "5": 23827,
        "6": 63643
    },
    "19604": {
        "0": 1,
        "1": 10,
        "2": 84,
        "3": 716,
        "4": 6158,
        "5": 20527,
        "6": 52851
    },
    "19605": {
        "0": 1,
        "1": 12,
        "2": 104,
        "3": 891,
        "4": 7649,
        "5": 32992,
        "6": 91325
    },
    "19606": {
        "0": 1,
        "1": 12,
        "2": 107,
        "3": 930,
        "4": 8080,
        "5": 37531,
        "6": 117557
    },
    "19607": {
        "0": 1,
        "1": 10,
        "2": 86,
        "3": 738,
        "4": 6382,
        "5": 22612,
        "6": 54373
    },
    "19608": {
        "0": 1,
        "1": 12,
        "2": 105,
        "3": 907,
        "4": 7768,
        "5": 33356,
        "6": 82953
    },
    "19609": {
        "0": 1,
        "1": 11,
        "2": 93,
        "3": 788,
        "4": 6711,
        "5": 24640,
        "6": 56195
    },
    "19610": {
        "0": 1,
        "1": 10,
        "2": 89,
        "3": 786,
        "4": 6957,
        "5": 28932,
        "6": 74591
    },
    "19611": {
        "0": 1,
        "1": 11,
        "2": 93,
        "3": 793,
        "4": 6826,
        "5": 26253,
        "6": 65892
    },
    "19612": {
        "0": 1,
        "1": 10,
        "2": 89,
        "3": 779,
        "4": 6818,
        "5": 26903,
        "6": 71528
    },
    "19613": {
        "0": 1,
        "1": 9,
        "2": 77,
        "3": 677,
        "4": 5935,
        "5": 19275,
        "6": 38954
    },
    "19614": {
        "0": 1,
        "1": 9,
        "2": 76,
        "3": 648,
        "4": 5601,
        "5": 16049,
        "6": 34901
    },
    "19615": {
        "0": 1,
        "1": 10,
        "2": 86,
        "3": 755,
        "4": 6594,
        "5": 24601,
        "6": 56636
    },
    "19616": {
        "0": 1,
        "1": 11,
        "2": 94,
        "3": 832,
        "4": 7351,
        "5": 32067,
        "6": 81551
    },
    "19617": {
        "0": 1,
        "1": 10,
        "2": 88,
        "3": 782,
        "4": 6929,
        "5": 28275,
        "6": 74741
    },
    "19618": {
        "0": 1,
        "1": 10,
        "2": 89,
        "3": 790,
        "4": 6964,
        "5": 28189,
        "6": 69418
    },
    "19619": {
        "0": 1,
        "1": 14,
        "2": 128,
        "3": 1095,
        "4": 9335,
        "5": 47311,
        "6": 150926
    },
    "19620": {
        "0": 1,
        "1": 11,
        "2": 91,
        "3": 761,
        "4": 6398,
        "5": 21246,
        "6": 44733
    },
    "19621": {
        "0": 1,
        "1": 10,
        "2": 86,
        "3": 746,
        "4": 6472,
        "5": 23085,
        "6": 59921
    },
    "19622": {
        "0": 1,
        "1": 11,
        "2": 93,
        "3": 810,
        "4": 7065,
        "5": 28749,
        "6": 76488
    },
    "19623": {
        "0": 1,
        "1": 11,
        "2": 95,
        "3": 831,
        "4": 7221,
        "5": 29860,
        "6": 73935
    },
    "19624": {
        "0": 1,
        "1": 10,
        "2": 87,
        "3": 746,
        "4": 6440,
        "5": 23082,
        "6": 61597
    },
    "19625": {
        "0": 1,
        "1": 13,
        "2": 113,
        "3": 958,
        "4": 8129,
        "5": 36375,
        "6": 110137
    },
    "19626": {
        "0": 1,
        "1": 10,
        "2": 89,
        "3": 802,
        "4": 7208,
        "5": 31158,
        "6": 89467
    },
    "19627": {
        "0": 1,
        "1": 11,
        "2": 96,
        "3": 837,
        "4": 7300,
        "5": 30897,
        "6": 86191
    },
    "19628": {
        "0": 1,
        "1": 10,
        "2": 88,
        "3": 766,
        "4": 6662,
        "5": 25256,
        "6": 63050
    },
    "19629": {
        "0": 1,
        "1": 11,
        "2": 97,
        "3": 842,
        "4": 7296,
        "5": 30460,
        "6": 79587
    },
    "19630": {
        "0": 1,
        "1": 10,
        "2": 82,
        "3": 693,
        "4": 5918,
        "5": 18219,
        "6": 36100
    },
    "19631": {
        "0": 1,
        "1": 11,
        "2": 95,
        "3": 823,
        "4": 7171,
        "5": 29997,
        "6": 80992
    },
    "19632": {
        "0": 1,
        "1": 12,
        "2": 105,
        "3": 896,
        "4": 7635,
        "5": 32486,
        "6": 87560
    },
    "19633": {
        "0": 1,
        "1": 12,
        "2": 105,
        "3": 915,
        "4": 7977,
        "5": 36940,
        "6": 102005
    },
    "19634": {
        "0": 1,
        "1": 10,
        "2": 85,
        "3": 716,
        "4": 6096,
        "5": 19549,
        "6": 39982
    },
    "19635": {
        "0": 1,
        "1": 12,
        "2": 109,
        "3": 940,
        "4": 8072,
        "5": 36076,
        "6": 100634
    },
    "19636": {
        "0": 1,
        "1": 12,
        "2": 110,
        "3": 965,
        "4": 8382,
        "5": 39871,
        "6": 123551
    },
    "19637": {
        "0": 1,
        "1": 11,
        "2": 98,
        "3": 870,
        "4": 7677,
        "5": 34917,
        "6": 97803
    },
    "19638": {
        "0": 1,
        "1": 11,
        "2": 95,
        "3": 820,
        "4": 7080,
        "5": 28173,
        "6": 70148
    },
    "19639": {
        "0": 1,
        "1": 9,
        "2": 77,
        "3": 650,
        "4": 5503,
        "5": 14005,
        "6": 23375
    },
    "19640": {
        "0": 1,
        "1": 10,
        "2": 83,
        "3": 721,
        "4": 6298,
        "5": 22388,
        "6": 54688
    },
    "19641": {
        "0": 1,
        "1": 11,
        "2": 98,
        "3": 846,
        "4": 7244,
        "5": 29224,
        "6": 74716
    },
    "19642": {
        "0": 1,
        "1": 10,
        "2": 87,
        "3": 755,
        "4": 6538,
        "5": 23922,
        "6": 55143
    },
    "19643": {
        "0": 1,
        "1": 8,
        "2": 71,
        "3": 623,
        "4": 5508,
        "5": 16004,
        "6": 32861
    },
    "19644": {
        "0": 1,
        "1": 11,
        "2": 98,
        "3": 871,
        "4": 7705,
        "5": 35140,
        "6": 103217
    },
    "19645": {
        "0": 1,
        "1": 10,
        "2": 90,
        "3": 801,
        "4": 7095,
        "5": 29995,
        "6": 76611
    },
    "19646": {
        "0": 1,
        "1": 10,
        "2": 83,
        "3": 719,
        "4": 6252,
        "5": 21409,
        "6": 53987
    },
    "19647": {
        "0": 1,
        "1": 11,
        "2": 93,
        "3": 798,
        "4": 6918,
        "5": 27346,
        "6": 71466
    },
    "19648": {
        "0": 1,
        "1": 10,
        "2": 93,
        "3": 823,
        "4": 7295,
        "5": 31461,
        "6": 82916
    },
    "19649": {
        "0": 1,
        "1": 15,
        "2": 138,
        "3": 1172,
        "4": 9873,
        "5": 51136,
        "6": 165277
    },
    "19650": {
        "0": 1,
        "1": 9,
        "2": 78,
        "3": 685,
        "4": 6034,
        "5": 20127,
        "6": 44648
    },
    "19651": {
        "0": 1,
        "1": 10,
        "2": 84,
        "3": 742,
        "4": 6524,
        "5": 24379,
        "6": 54838
    },
    "19652": {
        "0": 1,
        "1": 12,
        "2": 105,
        "3": 899,
        "4": 7669,
        "5": 32829,
        "6": 93707
    },
    "19653": {
        "0": 1,
        "1": 8,
        "2": 69,
        "3": 597,
        "4": 5200,
        "5": 12574,
        "6": 23320
    },
    "19654": {
        "0": 1,
        "1": 9,
        "2": 77,
        "3": 673,
        "4": 5866,
        "5": 18444,
        "6": 40023
    },
    "19655": {
        "0": 1,
        "1": 9,
        "2": 82,
        "3": 722,
        "4": 6300,
        "5": 21668,
        "6": 48180
    },
    "19656": {
        "0": 1,
        "1": 13,
        "2": 108,
        "3": 891,
        "4": 7459,
        "5": 30453,
        "6": 75974
    },
    "19657": {
        "0": 1,
        "1": 11,
        "2": 93,
        "3": 792,
        "4": 6772,
        "5": 25491,
        "6": 63801
    },
    "19658": {
        "0": 1,
        "1": 11,
        "2": 93,
        "3": 816,
        "4": 7182,
        "5": 30308,
        "6": 84349
    },
    "19659": {
        "0": 1,
        "1": 10,
        "2": 85,
        "3": 730,
        "4": 6298,
        "5": 21744,
        "6": 47006
    },
    "19660": {
        "0": 1,
        "1": 11,
        "2": 95,
        "3": 813,
        "4": 6947,
        "5": 26830,
        "6": 65308
    },
    "19661": {
        "0": 1,
        "1": 12,
        "2": 107,
        "3": 929,
        "4": 8044,
        "5": 36960,
        "6": 96548
    },
    "19662": {
        "0": 1,
        "1": 10,
        "2": 82,
        "3": 697,
        "4": 5971,
        "5": 18642,
        "6": 35044
    },
    "19663": {
        "0": 1,
        "1": 11,
        "2": 92,
        "3": 778,
        "4": 6646,
        "5": 24528,
        "6": 60976
    },
    "19664": {
        "0": 1,
        "1": 11,
        "2": 94,
        "3": 808,
        "4": 6992,
        "5": 28020,
        "6": 69264
    },
    "19665": {
        "0": 1,
        "1": 11,
        "2": 95,
        "3": 833,
        "4": 7277,
        "5": 30125,
        "6": 78056
    },
    "19666": {
        "0": 1,
        "1": 8,
        "2": 69,
        "3": 596,
        "4": 5174,
        "5": 12237,
        "6": 20555
    },
    "19667": {
        "0": 1,
        "1": 11,
        "2": 94,
        "3": 804,
        "4": 6941,
        "5": 27514,
        "6": 68427
    },
    "19668": {
        "0": 1,
        "1": 10,
        "2": 92,
        "3": 823,
        "4": 7333,
        "5": 32354,
        "6": 91013
    },
    "19669": {
        "0": 1,
        "1": 12,
        "2": 111,
        "3": 998,
        "4": 8770,
        "5": 43960,
        "6": 147997
    },
    "19670": {
        "0": 1,
        "1": 10,
        "2": 86,
        "3": 743,
        "4": 6433,
        "5": 23087,
        "6": 46879
    },
    "19671": {
        "0": 1,
        "1": 12,
        "2": 102,
        "3": 875,
        "4": 7540,
        "5": 32251,
        "6": 79791
    },
    "19672": {
        "0": 1,
        "1": 10,
        "2": 90,
        "3": 801,
        "4": 7115,
        "5": 30057,
        "6": 80950
    },
    "19673": {
        "0": 1,
        "1": 10,
        "2": 85,
        "3": 745,
        "4": 6482,
        "5": 23566,
        "6": 50763
    },
    "19674": {
        "0": 1,
        "1": 11,
        "2": 98,
        "3": 849,
        "4": 7312,
        "5": 30211,
        "6": 88747
    },
    "19675": {
        "0": 1,
        "1": 11,
        "2": 95,
        "3": 830,
        "4": 7264,
        "5": 30718,
        "6": 79894
    },
    "19676": {
        "0": 1,
        "1": 11,
        "2": 95,
        "3": 823,
        "4": 7142,
        "5": 29421,
        "6": 86984
    },
    "19677": {
        "0": 1,
        "1": 9,
        "2": 76,
        "3": 663,
        "4": 5803,
        "5": 18146,
        "6": 39246
    },
    "19678": {
        "0": 1,
        "1": 9,
        "2": 74,
        "3": 621,
        "4": 5263,
        "5": 12178,
        "6": 21560
    },
    "19679": {
        "0": 1,
        "1": 14,
        "2": 123,
        "3": 1033,
        "4": 8682,
        "5": 40711,
        "6": 111359
    },
    "19680": {
        "0": 1,
        "1": 11,
        "2": 94,
        "3": 803,
        "4": 6888,
        "5": 26765,
        "6": 64026
    },
    "19681": {
        "0": 1,
        "1": 10,
        "2": 83,
        "3": 716,
        "4": 6187,
        "5": 20567,
        "6": 42163
    },
    "19682": {
        "0": 1,
        "1": 9,
        "2": 75,
        "3": 636,
        "4": 5446,
        "5": 14293,
        "6": 29272
    },
    "19683": {
        "0": 1,
        "1": 12,
        "2": 103,
        "3": 869,
        "4": 7365,
        "5": 30209,
        "6": 83091
    },
    "19684": {
        "0": 1,
        "1": 11,
        "2": 101,
        "3": 901,
        "4": 7942,
        "5": 36702,
        "6": 111540
    },
    "19685": {
        "0": 1,
        "1": 12,
        "2": 107,
        "3": 924,
        "4": 7982,
        "5": 36306,
        "6": 95841
    },
    "19686": {
        "0": 1,
        "1": 11,
        "2": 90,
        "3": 765,
        "4": 6600,
        "5": 24579,
        "6": 57413
    },
    "19687": {
        "0": 1,
        "1": 11,
        "2": 91,
        "3": 757,
        "4": 6367,
        "5": 21413,
        "6": 44093
    },
    "19688": {
        "0": 1,
        "1": 14,
        "2": 124,
        "3": 1036,
        "4": 8660,
        "5": 39860,
        "6": 111024
    },
    "19689": {
        "0": 1,
        "1": 10,
        "2": 86,
        "3": 764,
        "4": 6821,
        "5": 28213,
        "6": 72886
    },
    "19690": {
        "0": 1,
        "1": 9,
        "2": 81,
        "3": 701,
        "4": 6115,
        "5": 20872,
        "6": 47294
    },
    "19691": {
        "0": 1,
        "1": 9,
        "2": 76,
        "3": 646,
        "4": 5536,
        "5": 14886,
        "6": 32713
    },
    "19692": {
        "0": 1,
        "1": 14,
        "2": 131,
        "3": 1184,
        "4": 10617,
        "5": 62080,
        "6": 229473
    },
    "19693": {
        "0": 1,
        "1": 10,
        "2": 84,
        "3": 721,
        "4": 6198,
        "5": 20739,
        "6": 44850
    },
    "19694": {
        "0": 1,
        "1": 11,
        "2": 93,
        "3": 808,
        "4": 7054,
        "5": 28579,
        "6": 73151
    },
    "19695": {
        "0": 1,
        "1": 9,
        "2": 73,
        "3": 611,
        "4": 5192,
        "5": 11888,
        "6": 21103
    },
    "19696": {
        "0": 1,
        "1": 12,
        "2": 104,
        "3": 902,
        "4": 7830,
        "5": 35441,
        "6": 103717
    },
    "19697": {
        "0": 1,
        "1": 11,
        "2": 95,
        "3": 819,
        "4": 7099,
        "5": 29183,
        "6": 87734
    },
    "19698": {
        "0": 1,
        "1": 12,
        "2": 103,
        "3": 886,
        "4": 7609,
        "5": 32807,
        "6": 82278
    },
    "19699": {
        "0": 1,
        "1": 10,
        "2": 86,
        "3": 740,
        "4": 6399,
        "5": 22490,
        "6": 51478
    }
}