{
    "23300": {
        "0": 1,
        "1": 10,
        "2": 85,
        "3": 737,
        "4": 6397,
        "5": 22867,
        "6": 52850
    },
    "23301": {
        "0": 1,
        "1": 9,
        "2": 77,
        "3": 664,
        "4": 5731,
        "5": 16764,
        "6": 34523
    },
    "23302": {
        "0": 1,
        "1": 9,
        "2": 81,
        "3": 722,
        "4": 6396,
        "5": 23571,
        "6": 58801
    },
    "23303": {
        "0": 1,
        "1": 11,
        "2": 90,
        "3": 745,
        "4": 6207,
        "5": 19333,
        "6": 38521
    },
    "23304": {
        "0": 1,
        "1": 11,
        "2": 98,
        "3": 856,
        "4": 7429,
        "5": 31621,
        "6": 82928
    },
    "23305": {
        "0": 1,
        "1": 8,
        "2": 72,
        "3": 638,
        "4": 5653,
        "5": 17364,
        "6": 36067
    },
    "23306": {
        "0": 1,
        "1": 10,
        "2": 84,
        "3": 722,
        "4": 6188,
        "5": 20184,
        "6": 38628
    },
    "23307": {
        "0": 1,
        "1": 10,
        "2": 86,
        "3": 775,
        "4": 6984,
        "5": 29764,
        "6": 83354
    },
    "23308": {
        "0": 1,
        "1": 11,
        "2": 91,
        "3": 760,
        "4": 6370,
        "5": 20945,
        "6": 40026
    },
    "23309": {
        "0": 1,
        "1": 10,
        "2": 89,
        "3": 782,
        "4": 6887,
        "5": 27825,
        "6": 79101
    },
    "23310": {
        "0": 1,
        "1": 12,
        "2": 106,
        "3": 920,
        "4": 8030,
        "5": 37349,
        "6": 116755
    },
    "23311": {
        "0": 1,
        "1": 12,
        "2": 101,
        "3": 843,
        "4": 7148,
        "5": 28716,
        "6": 72363
    },
    "23312": {
        "0": 1,
        "1": 16,
        "2": 150,
        "3": 1262,
        "4": 10455,
        "5": 54432,
        "6": 183651
    },
    "23313": {
        "0": 1,
        "1": 12,
        "2": 103,
        "3": 868,
        "4": 7343,
        "5": 29606,
        "6": 79631
    },
    "23314": {
        "0": 1,
        "1": 10,
        "2": 89,
        "3": 774,
        "4": 6769,
        "5": 26394,
        "6": 64698
    },
    "23315": {
        "0": 1,
        "1": 10,
        "2": 86,
        "3": 747,
        "4": 6515,
        "5": 24187,
        "6": 54016
    },
    "23316": {
        "0": 1,
        "1": 11,
        "2": 97,
        "3": 864,
        "4": 7667,
        "5": 35311,
        "6": 101124
    },
    "23317": {
        "0": 1,
        "1": 11,
        "2": 97,
        "3": 843,
        "4": 7337,
        "5": 31040,
        "6": 87119
    },
    "23318": {
        "0": 1,
        "1": 12,
        "2": 104,
        "3": 896,
        "4": 7755,
        "5": 34675,
        "6": 93749
    },
    "23319": {
        "0": 1,
        "1": 11,
        "2": 96,
        "3": 846,
        "4": 7479,
        "5": 33083,
        "6": 90733
    },
    "23320": {
        "0": 1,
        "1": 11,
        "2": 95,
        "3": 840,
        "4": 7440,
        "5": 32646,
        "6": 86580
    },
    "23321": {
        "0": 1,
        "1": 10,
        "2": 85,
        "3": 725,
        "4": 6255,
        "5": 21517,
        "6": 47392
    },
    "23322": {
        "0": 1,
        "1": 10,
        "2": 84,
        "3": 709,
        "4": 5990,
        "5": 17981,
        "6": 38108
    },
    "23323": {
        "0": 1,
        "1": 11,
        "2": 96,
        "3": 839,
        "4": 7386,
        "5": 32505,
        "6": 89960
    },
    "23324": {
        "0": 1,
        "1": 10,
        "2": 90,
        "3": 808,
        "4": 7171,
        "5": 30389,
        "6": 79774
    },
    "23325": {
        "0": 1,
        "1": 11,
        "2": 94,
        "3": 808,
        "4": 7013,
        "5": 28444,
        "6": 73240
    },
    "23326": {
        "0": 1,
        "1": 9,
        "2": 76,
        "3": 648,
        "4": 5573,
        "5": 15674,
        "6": 39957
    },
    "23327": {
        "0": 1,
        "1": 10,
        "2": 87,
        "3": 752,
        "4": 6570,
        "5": 24906,
        "6": 68719
    },
    "23328": {
        "0": 1,
        "1": 14,
        "2": 126,
        "3": 1080,
        "4": 9268,
        "5": 47044,
        "6": 148958
    },
    "23329": {
        "0": 1,
        "1": 9,
        "2": 75,
        "3": 646,
        "4": 5609,
        "5": 16229,
        "6": 30795
    },
    "23330": {
        "0": 1,
        "1": 11,
        "2": 96,
        "3": 833,
        "4": 7254,
        "5": 30475,
        "6": 82930
    },
    "23331": {
        "0": 1,
        "1": 11,
        "2": 94,
        "3": 800,
        "4": 6787,
        "5": 24978,
        "6": 59358
    },
    "23332": {
        "0": 1,
        "1": 9,
        "2": 74,
        "3": 634,
        "4": 5509,
        "5": 15572,
        "6": 31082
    },
    "23333": {
        "0": 1,
        "1": 11,
        "2": 92,
        "3": 786,
        "4": 6748,
        "5": 25488,
        "6": 62704
    },
    "23334": {
        "0": 1,
        "1": 9,
        "2": 76,
        "3": 655,
        "4": 5675,
        "5": 16633,
        "6": 37767
    },
    "23335": {
        "0": 1,
        "1": 11,
        "2": 94,
        "3": 814,
        "4": 7109,
        "5": 29450,
        "6": 76468
    },
    "23336": {
        "0": 1,
        "1": 9,
        "2": 76,
        "3": 661,
        "4": 5768,
        "5": 17686,
        "6": 36085
    },
    "23337": {
        "0": 1,
        "1": 9,
        "2": 73,
        "3": 615,
        "4": 5253,
        "5": 12570,
        "6": 25421
    },
    "23338": {
        "0": 1,
        "1": 13,
        "2": 118,
        "3": 1016,
        "4": 8626,
        "5": 40559,
        "6": 121640
    },
    "23339": {
        "0": 1,
        "1": 10,
        "2": 87,
        "3": 762,
        "4": 6622,
        "5": 24704,
        "6": 53323
    },
    "23340": {
        "0": 1,
        "1": 10,
        "2": 89,
        "3": 790,
        "4": 7020,
        "5": 29575,
        "6": 78950
    },
    "23341": {
        "0": 1,
        "1": 9,
        "2": 81,
        "3": 729,
        "4": 6597,
        "5": 27031,
        "6": 71235
    },
    "23342": {
        "0": 1,
        "1": 11,
        "2": 95,
        "3": 808,
        "4": 6877,
        "5": 25996,
        "6": 65201
    },
    "23343": {
        "0": 1,
        "1": 12,
        "2": 107,
        "3": 937,
        "4": 8187,
        "5": 38834,
        "6": 109451
    },
    "23344": {
        "0": 1,
        "1": 10,
        "2": 92,
        "3": 835,
        "4": 7508,
        "5": 34280,
        "6": 98772
    },
    "23345": {
        "0": 1,
        "1": 9,
        "2": 77,
        "3": 662,
        "4": 5692,
        "5": 16286,
        "6": 32818
    },
    "23346": {
        "0": 1,
        "1": 12,
        "2": 104,
        "3": 893,
        "4": 7731,
        "5": 34303,
        "6": 94508
    },
    "23347": {
        "0": 1,
        "1": 9,
        "2": 79,
        "3": 694,
        "4": 6112,
        "5": 21138,
        "6": 52280
    },
    "23348": {
        "0": 1,
        "1": 11,
        "2": 99,
        "3": 877,
        "4": 7737,
        "5": 35320,
        "6": 107297
    },
    "23349": {
        "0": 1,
        "1": 11,
        "2": 99,
        "3": 865,
        "4": 7571,
        "5": 33693,
        "6": 95051
    },
    "23350": {
        "0": 1,
        "1": 10,
        "2": 88,
        "3": 771,
        "4": 6719,
        "5": 25673,
        "6": 67162
    },
    "23351": {
        "0": 1,
        "1": 11,
        "2": 94,
        "3": 802,
        "4": 6825,
        "5": 25338,
        "6": 59892
    },
    "23352": {
        "0": 1,
        "1": 11,
        "2": 99,
        "3": 880,
        "4": 7777,
        "5": 35796,
        "6": 107247
    },
    "23353": {
        "0": 1,
        "1": 12,
        "2": 106,
        "3": 923,
        "4": 8012,
        "5": 36678,
        "6": 110904
    },
    "23354": {
        "0": 1,
        "1": 12,
        "2": 107,
        "3": 931,
        "4": 8028,
        "5": 36277,
        "6": 99171
    },
    "23355": {
        "0": 1,
        "1": 14,
        "2": 128,
        "3": 1099,
        "4": 9357,
        "5": 47568,
        "6": 150974
    },
    "23356": {
        "0": 1,
        "1": 10,
        "2": 82,
        "3": 686,
        "4": 5822,
        "5": 17022,
        "6": 34938
    },
    "23357": {
        "0": 1,
        "1": 10,
        "2": 83,
        "3": 708,
        "4": 6084,
        "5": 19870,
        "6": 38341
    },
    "23358": {
        "0": 1,
        "1": 11,
        "2": 91,
        "3": 775,
        "4": 6655,
        "5": 24655,
        "6": 55658
    },
    "23359": {
        "0": 1,
        "1": 10,
        "2": 87,
        "3": 757,
        "4": 6599,
        "5": 24631,
        "6": 58697
    },
    "23360": {
        "0": 1,
        "1": 10,
        "2": 83,
        "3": 704,
        "4": 6022,
        "5": 19184,
        "6": 43491
    },
    "23361": {
        "0": 1,
        "1": 11,
        "2": 96,
        "3": 823,
        "4": 7039,
        "5": 27675,
        "6": 72240
    },
    "23362": {
        "0": 1,
        "1": 9,
        "2": 77,
        "3": 659,
        "4": 5677,
        "5": 16331,
        "6": 35910
    },
    "23363": {
        "0": 1,
        "1": 12,
        "2": 105,
        "3": 906,
        "4": 7845,
        "5": 35593,
        "6": 103601
    },
    "23364": {
        "0": 1,
        "1": 10,
        "2": 83,
        "3": 698,
        "4": 5958,
        "5": 18646,
        "6": 36638
    },
    "23365": {
        "0": 1,
        "1": 9,
        "2": 79,
        "3": 693,
        "4": 6100,
        "5": 21059,
        "6": 51134
    },
    "23366": {
        "0": 1,
        "1": 10,
        "2": 89,
        "3": 771,
        "4": 6725,
        "5": 26195,
        "6": 67756
    },
    "23367": {
        "0": 1,
        "1": 12,
        "2": 106,
        "3": 921,
        "4": 7988,
        "5": 36724,
        "6": 111410
    },
    "23368": {
        "0": 1,
        "1": 11,
        "2": 93,
        "3": 807,
        "4": 7019,
        "5": 28426,
        "6": 79048
    },
    "23369": {
        "0": 1,
        "1": 9,
        "2": 76,
        "3": 659,
        "4": 5745,
        "5": 17479,
        "6": 37647
    },
    "23370": {
        "0": 1,
        "1": 9,
        "2": 76,
        "3": 645,
        "4": 5525,
        "5": 14845,
        "6": 25740
    },
    "23371": {
        "0": 1,
        "1": 12,
        "2": 103,
        "3": 900,
        "4": 7857,
        "5": 35811,
        "6": 96563
    },
    "23372": {
        "0": 1,
        "1": 11,
        "2": 93,
        "3": 773,
        "4": 6487,
        "5": 22217,
        "6": 48536
    },
    "23373": {
        "0": 1,
        "1": 9,
        "2": 80,
        "3": 709,
        "4": 6286,
        "5": 22712,
        "6": 54982
    },
    "23374": {
        "0": 1,
        "1": 11,
        "2": 98,
        "3": 867,
        "4": 7657,
        "5": 34719,
        "6": 99894
    },
    "23375": {
        "0": 1,
        "1": 11,
        "2": 96,
        "3": 846,
        "4": 7449,
        "5": 32610,
        "6": 92784
    },
    "23376": {
        "0": 1,
        "1": 11,
        "2": 92,
        "3": 791,
        "4": 6898,
        "5": 27661,
        "6": 76693
    },
    "23377": {
        "0": 1,
        "1": 13,
        "2": 119,
        "3": 1071,
        "4": 9517,
        "5": 51357,
        "6": 174524
    },
    "23378": {
        "0": 1,
        "1": 10,
        "2": 84,
        "3": 723,
        "4": 6264,
        "5": 21737,
        "6": 45812
    },
    "23379": {
        "0": 1,
        "1": 11,
        "2": 101,
        "3": 916,
        "4": 8184,
        "5": 39930,
        "6": 124687
    },
    "23380": {
        "0": 1,
        "1": 11,
        "2": 96,
        "3": 829,
        "4": 7188,
        "5": 29682,
        "6": 73167
    },
    "23381": {
        "0": 1,
        "1": 11,
        "2": 96,
        "3": 830,
        "4": 7185,
        "5": 29575,
        "6": 76854
    },
    "23382": {
        "0": 1,
        "1": 12,
        "2": 103,
        "3": 892,
        "4": 7795,
        "5": 35845,
        "6": 104804
    },
    "23383": {
        "0": 1,
        "1": 11,
        "2": 98,
        "3": 853,
        "4": 7426,
        "5": 31835,
        "6": 90297
    },
    "23384": {
        "0": 1,
        "1": 9,
        "2": 81,
        "3": 722,
        "4": 6435,
        "5": 24620,
        "6": 66716
    },
    "23385": {
        "0": 1,
        "1": 10,
        "2": 85,
        "3": 740,
        "4": 6453,
        "5": 23080,
        "6": 54785
    },
    "23386": {
        "0": 1,
        "1": 11,
        "2": 92,
        "3": 777,
        "4": 6610,
        "5": 23782,
        "6": 58382
    },
    "23387": {
        "0": 1,
        "1": 11,
        "2": 97,
        "3": 840,
        "4": 7279,
        "5": 30444,
        "6": 77435
    },
    "23388": {
        "0": 1,
        "1": 10,
        "2": 90,
        "3": 810,
        "4": 7229,
        "5": 31441,
        "6": 93046
    },
    "23389": {
        "0": 1,
        "1": 13,
        "2": 112,
        "3": 950,
        "4": 8103,
        "5": 36744,
        "6": 93825
    },
    "23390": {
        "0": 1,
        "1": 12,
        "2": 104,
        "3": 913,
        "4": 8008,
        "5": 37161,
        "6": 108366
    },
    "23391": {
        "0": 1,
        "1": 10,
        "2": 84,
        "3": 727,
        "4": 6366,
        "5": 23307,
        "6": 60209
    },
    "23392": {
        "0": 1,
        "1": 12,
        "2": 108,
        "3": 940,
        "4": 8132,
        "5": 37608,
        "6": 112846
    },
    "23393": {
        "0": 1,
        "1": 11,
        "2": 93,
        "3": 779,
        "4": 6589,
        "5": 23492,
        "6": 56447
    },
    "23394": {
        "0": 1,
        "1": 13,
        "2": 113,
        "3": 959,
        "4": 8147,
        "5": 36630,
        "6": 90982
    },
    "23395": {
        "0": 1,
        "1": 10,
        "2": 89,
        "3": 797,
        "4": 7112,
        "5": 30451,
        "6": 85478
    },
    "23396": {
        "0": 1,
        "1": 10,
        "2": 94,
        "3": 864,
        "4": 7843,
        "5": 37721,
        "6": 121331
    },
    "23397": {
        "0": 1,
        "1": 9,
        "2": 81,
        "3": 718,
        "4": 6353,
        "5": 23224,
        "6": 57766
    },
    "23398": {
        "0": 1,
        "1": 10,
        "2": 84,
        "3": 718,
        "4": 6171,
        "5": 20533,
        "6": 45938
    },
    "23399": {
        "0": 1,
        "1": 11,
        "2": 94,
        "3": 809,
        "4": 7018,
        "5": 28503,
        "6": 80422
    }
}