{
    "8100": {
        "0": 1,
        "1": 12,
        "2": 105,
        "3": 903,
        "4": 7796,
        "5": 35009,
        "6": 97316
    },
    "8101": {
        "0": 1,
        "1": 12,
        "2": 105,
        "3": 901,
        "4": 7763,
        "5": 34260,
        "6": 103438
    },
    "8102": {
        "0": 1,
        "1": 12,
        "2": 108,
        "3": 917,
        "4": 7732,
        "5": 32615,
        "6": 90060
    },
    "8103": {
        "0": 1,
        "1": 13,
        "2": 115,
        "3": 979,
        "4": 8249,
        "5": 36761,
        "6": 105983
    },
    "8104": {
        "0": 1,
        "1": 12,
        "2": 100,
        "3": 848,
        "4": 7260,
        "5": 29642,
        "6": 77138
    },
    "8105": {
        "0": 1,
        "1": 14,
        "2": 127,
        "3": 1096,
        "4": 9409,
        "5": 48439,
        "6": 165589
    },
    "8106": {
        "0": 1,
        "1": 14,
        "2": 125,
        "3": 1058,
        "4": 8927,
        "5": 43051,
        "6": 128143
    },
    "8107": {
        "0": 1,
        "1": 10,
        "2": 91,
        "3": 815,
        "4": 7193,
        "5": 30216,
        "6": 80785
    },
    "8108": {
        "0": 1,
        "1": 10,
        "2": 89,
        "3": 781,
        "4": 6867,
        "5": 27049,
        "6": 70870
    },
    "8109": {
        "0": 1,
        "1": 13,
        "2": 111,
        "3": 935,
        "4": 7945,
        "5": 35361,
        "6": 89837
    },
    "8110": {
        "0": 1,
        "1": 9,
        "2": 75,
        "3": 633,
        "4": 5385,
        "5": 13422,
        "6": 24792
    },
    "8111": {
        "0": 1,
        "1": 12,
        "2": 103,
        "3": 867,
        "4": 7331,
        "5": 29321,
        "6": 75825
    },
    "8112": {
        "0": 1,
        "1": 11,
        "2": 92,
        "3": 796,
        "4": 6944,
        "5": 28050,
        "6": 73317
    },
    "8113": {
        "0": 1,
        "1": 10,
        "2": 81,
        "3": 690,
        "4": 5939,
        "5": 18734,
        "6": 36021
    },
    "8114": {
        "0": 1,
        "1": 11,
        "2": 94,
        "3": 804,
        "4": 6893,
        "5": 26577,
        "6": 62125
    },
    "8115": {
        "0": 1,
        "1": 9,
        "2": 81,
        "3": 741,
        "4": 6722,
        "5": 27956,
        "6": 74731
    },
    "8116": {
        "0": 1,
        "1": 11,
        "2": 97,
        "3": 846,
        "4": 7354,
        "5": 30940,
        "6": 79191
    },
    "8117": {
        "0": 1,
        "1": 9,
        "2": 79,
        "3": 687,
        "4": 5938,
        "5": 18383,
        "6": 28564
    },
    "8118": {
        "0": 1,
        "1": 11,
        "2": 99,
        "3": 879,
        "4": 7736,
        "5": 35266,
        "6": 99913
    },
    "8119": {
        "0": 1,
        "1": 11,
        "2": 96,
        "3": 838,
        "4": 7336,
        "5": 31708,
        "6": 92482
    },
    "8120": {
        "0": 1,
        "1": 11,
        "2": 102,
        "3": 920,
        "4": 8204,
        "5": 40243,
        "6": 136495
    },
    "8121": {
        "0": 1,
        "1": 12,
        "2": 105,
        "3": 919,
        "4": 8115,
        "5": 39192,
        "6": 120849
    },
    "8122": {
        "0": 1,
        "1": 11,
        "2": 89,
        "3": 740,
        "4": 6203,
        "5": 19608,
        "6": 39362
    },
    "8123": {
        "0": 1,
        "1": 9,
        "2": 76,
        "3": 655,
        "4": 5669,
        "5": 16568,
        "6": 33124
    },
    "8124": {
        "0": 1,
        "1": 10,
        "2": 87,
        "3": 777,
        "4": 6934,
        "5": 28772,
        "6": 74329
    },
    "8125": {
        "0": 1,
        "1": 12,
        "2": 105,
        "3": 919,
        "4": 8070,
        "5": 38267,
        "6": 109784
    },
    "8126": {
        "0": 1,
        "1": 11,
        "2": 92,
        "3": 785,
        "4": 6755,
        "5": 25282,
        "6": 58341
    },
    "8127": {
        "0": 1,
        "1": 11,
        "2": 95,
        "3": 826,
        "4": 7129,
        "5": 28447,
        "6": 58374
    },
    "8128": {
        "0": 1,
        "1": 9,
        "2": 81,
        "3": 709,
        "4": 6197,
        "5": 21465,
        "6": 55069
    },
    "8129": {
        "0": 1,
        "1": 11,
        "2": 95,
        "3": 816,
        "4": 7010,
        "5": 27544,
        "6": 64047
    },
    "8130": {
        "0": 1,
        "1": 13,
        "2": 117,
        "3": 1007,
        "4": 8590,
        "5": 40534,
        "6": 120317
    },
    "8131": {
        "0": 1,
        "1": 12,
        "2": 106,
        "3": 922,
        "4": 8002,
        "5": 36566,
        "6": 103829
    },
    "8132": {
        "0": 1,
        "1": 12,
        "2": 107,
        "3": 935,
        "4": 8125,
        "5": 37924,
        "6": 103669
    },
    "8133": {
        "0": 1,
        "1": 11,
        "2": 94,
        "3": 823,
        "4": 7228,
        "5": 30868,
        "6": 90470
    },
    "8134": {
        "0": 1,
        "1": 12,
        "2": 103,
        "3": 864,
        "4": 7237,
        "5": 28152,
        "6": 65857
    },
    "8135": {
        "0": 1,
        "1": 11,
        "2": 93,
        "3": 803,
        "4": 6987,
        "5": 28245,
        "6": 71587
    },
    "8136": {
        "0": 1,
        "1": 12,
        "2": 102,
        "3": 871,
        "4": 7464,
        "5": 31527,
        "6": 76330
    },
    "8137": {
        "0": 1,
        "1": 11,
        "2": 98,
        "3": 850,
        "4": 7333,
        "5": 30372,
        "6": 77584
    },
    "8138": {
        "0": 1,
        "1": 13,
        "2": 113,
        "3": 933,
        "4": 7756,
        "5": 32421,
        "6": 78934
    },
    "8139": {
        "0": 1,
        "1": 10,
        "2": 90,
        "3": 804,
        "4": 7107,
        "5": 29593,
        "6": 83957
    },
    "8140": {
        "0": 1,
        "1": 11,
        "2": 100,
        "3": 889,
        "4": 7873,
        "5": 36791,
        "6": 106956
    },
    "8141": {
        "0": 1,
        "1": 9,
        "2": 78,
        "3": 696,
        "4": 6243,
        "5": 23504,
        "6": 65676
    },
    "8142": {
        "0": 1,
        "1": 12,
        "2": 101,
        "3": 861,
        "4": 7391,
        "5": 30849,
        "6": 80208
    },
    "8143": {
        "0": 1,
        "1": 11,
        "2": 95,
        "3": 814,
        "4": 6946,
        "5": 26437,
        "6": 60868
    },
    "8144": {
        "0": 1,
        "1": 9,
        "2": 80,
        "3": 692,
        "4": 5970,
        "5": 18558,
        "6": 44441
    },
    "8145": {
        "0": 1,
        "1": 9,
        "2": 80,
        "3": 720,
        "4": 6462,
        "5": 25023,
        "6": 62435
    },
    "8146": {
        "0": 1,
        "1": 10,
        "2": 89,
        "3": 772,
        "4": 6713,
        "5": 25721,
        "6": 63891
    },
    "8147": {
        "0": 1,
        "1": 10,
        "2": 85,
        "3": 741,
        "4": 6486,
        "5": 24006,
        "6": 59417
    },
    "8148": {
        "0": 1,
        "1": 12,
        "2": 109,
        "3": 953,
        "4": 8275,
        "5": 39095,
        "6": 120346
    },
    "8149": {
        "0": 1,
        "1": 10,
        "2": 87,
        "3": 755,
        "4": 6558,
        "5": 24204,
        "6": 50855
    },
    "8150": {
        "0": 1,
        "1": 10,
        "2": 89,
        "3": 799,
        "4": 7102,
        "5": 30081,
        "6": 80381
    },
    "8151": {
        "0": 1,
        "1": 10,
        "2": 89,
        "3": 790,
        "4": 7029,
        "5": 29738,
        "6": 86897
    },
    "8152": {
        "0": 1,
        "1": 10,
        "2": 86,
        "3": 750,
        "4": 6585,
        "5": 25334,
        "6": 65826
    },
    "8153": {
        "0": 1,
        "1": 12,
        "2": 106,
        "3": 914,
        "4": 7870,
        "5": 35113,
        "6": 97223
    },
    "8154": {
        "0": 1,
        "1": 13,
        "2": 121,
        "3": 1060,
        "4": 9155,
        "5": 46068,
        "6": 147493
    },
    "8155": {
        "0": 1,
        "1": 11,
        "2": 95,
        "3": 809,
        "4": 6963,
        "5": 27660,
        "6": 68016
    },
    "8156": {
        "0": 1,
        "1": 10,
        "2": 90,
        "3": 807,
        "4": 7182,
        "5": 30614,
        "6": 97687
    },
    "8157": {
        "0": 1,
        "1": 9,
        "2": 80,
        "3": 702,
        "4": 6137,
        "5": 20894,
        "6": 53102
    },
    "8158": {
        "0": 1,
        "1": 13,
        "2": 115,
        "3": 972,
        "4": 8191,
        "5": 36414,
        "6": 97778
    },
    "8159": {
        "0": 1,
        "1": 10,
        "2": 89,
        "3": 790,
        "4": 6990,
        "5": 28989,
        "6": 76006
    },
    "8160": {
        "0": 1,
        "1": 11,
        "2": 92,
        "3": 779,
        "4": 6688,
        "5": 25265,
        "6": 63179
    },
    "8161": {
        "0": 1,
        "1": 12,
        "2": 102,
        "3": 872,
        "4": 7553,
        "5": 33256,
        "6": 95704
    },
    "8162": {
        "0": 1,
        "1": 9,
        "2": 74,
        "3": 639,
        "4": 5537,
        "5": 15357,
        "6": 28861
    },
    "8163": {
        "0": 1,
        "1": 9,
        "2": 77,
        "3": 673,
        "4": 5896,
        "5": 18624,
        "6": 38426
    },
    "8164": {
        "0": 1,
        "1": 12,
        "2": 107,
        "3": 954,
        "4": 8425,
        "5": 41394,
        "6": 131266
    },
    "8165": {
        "0": 1,
        "1": 12,
        "2": 102,
        "3": 883,
        "4": 7680,
        "5": 34120,
        "6": 94079
    },
    "8166": {
        "0": 1,
        "1": 12,
        "2": 108,
        "3": 951,
        "4": 8304,
        "5": 39730,
        "6": 118672
    },
    "8167": {
        "0": 1,
        "1": 12,
        "2": 107,
        "3": 947,
        "4": 8361,
        "5": 40784,
        "6": 127633
    },
    "8168": {
        "0": 1,
        "1": 13,
        "2": 113,
        "3": 953,
        "4": 8100,
        "5": 36638,
        "6": 98805
    },
    "8169": {
        "0": 1,
        "1": 14,
        "2": 128,
        "3": 1097,
        "4": 9378,
        "5": 47593,
        "6": 152425
    },
    "8170": {
        "0": 1,
        "1": 11,
        "2": 93,
        "3": 794,
        "4": 6802,
        "5": 25530,
        "6": 67557
    },
    "8171": {
        "0": 1,
        "1": 11,
        "2": 95,
        "3": 840,
        "4": 7453,
        "5": 33372,
        "6": 93753
    },
    "8172": {
        "0": 1,
        "1": 12,
        "2": 107,
        "3": 958,
        "4": 8524,
        "5": 42766,
        "6": 139621
    },
    "8173": {
        "0": 1,
        "1": 12,
        "2": 104,
        "3": 891,
        "4": 7666,
        "5": 33574,
        "6": 87465
    },
    "8174": {
        "0": 1,
        "1": 13,
        "2": 118,
        "3": 1052,
        "4": 9274,
        "5": 47930,
        "6": 160968
    },
    "8175": {
        "0": 1,
        "1": 10,
        "2": 82,
        "3": 691,
        "4": 5886,
        "5": 17853,
        "6": 40353
    },
    "8176": {
        "0": 1,
        "1": 8,
        "2": 71,
        "3": 621,
        "4": 5408,
        "5": 14182,
        "6": 27762
    },
    "8177": {
        "0": 1,
        "1": 11,
        "2": 93,
        "3": 807,
        "4": 7030,
        "5": 28495,
        "6": 75009
    },
    "8178": {
        "0": 1,
        "1": 11,
        "2": 98,
        "3": 859,
        "4": 7532,
        "5": 33353,
        "6": 87708
    },
    "8179": {
        "0": 1,
        "1": 11,
        "2": 101,
        "3": 912,
        "4": 8169,
        "5": 40118,
        "6": 129002
    },
    "8180": {
        "0": 1,
        "1": 9,
        "2": 75,
        "3": 654,
        "4": 5755,
        "5": 18228,
        "6": 38245
    },
    "8181": {
        "0": 1,
        "1": 10,
        "2": 87,
        "3": 761,
        "4": 6636,
        "5": 24936,
        "6": 53722
    },
    "8182": {
        "0": 1,
        "1": 10,
        "2": 85,
        "3": 733,
        "4": 6343,
        "5": 22295,
        "6": 46705
    },
    "8183": {
        "0": 1,
        "1": 10,
        "2": 86,
        "3": 755,
        "4": 6642,
        "5": 25491,
        "6": 66427
    },
    "8184": {
        "0": 1,
        "1": 10,
        "2": 85,
        "3": 736,
        "4": 6440,
        "5": 23996,
        "6": 59900
    },
    "8185": {
        "0": 1,
        "1": 12,
        "2": 104,
        "3": 898,
        "4": 7762,
        "5": 34192,
        "6": 90217
    },
    "8186": {
        "0": 1,
        "1": 10,
        "2": 85,
        "3": 737,
        "4": 6383,
        "5": 22587,
        "6": 51919
    },
    "8187": {
        "0": 1,
        "1": 12,
        "2": 108,
        "3": 947,
        "4": 8264,
        "5": 39341,
        "6": 118135
    },
    "8188": {
        "0": 1,
        "1": 10,
        "2": 86,
        "3": 737,
        "4": 6321,
        "5": 21160,
        "6": 44518
    },
    "8189": {
        "0": 1,
        "1": 12,
        "2": 104,
        "3": 885,
        "4": 7508,
        "5": 31106,
        "6": 82884
    },
    "8190": {
        "0": 1,
        "1": 10,
        "2": 88,
        "3": 770,
        "4": 6731,
        "5": 26146,
        "6": 70078
    },
    "8191": {
        "0": 1,
        "1": 10,
        "2": 84,
        "3": 727,
        "4": 6281,
        "5": 21802,
        "6": 60601
    },
    "8192": {
        "0": 1,
        "1": 11,
        "2": 94,
        "3": 805,
        "4": 6893,
        "5": 26443,
        "6": 72191
    },
    "8193": {
        "0": 1,
        "1": 13,
        "2": 112,
        "3": 952,
        "4": 8121,
        "5": 36743,
        "6": 95098
    },
    "8194": {
        "0": 1,
        "1": 13,
        "2": 114,
        "3": 975,
        "4": 8298,
        "5": 37594,
        "6": 105118
    },
    "8195": {
        "0": 1,
        "1": 9,
        "2": 75,
        "3": 643,
        "4": 5546,
        "5": 15339,
        "6": 27696
    },
    "8196": {
        "0": 1,
        "1": 9,
        "2": 77,
        "3": 668,
        "4": 5795,
        "5": 17596,
        "6": 34208
    },
    "8197": {
        "0": 1,
        "1": 12,
        "2": 100,
        "3": 839,
        "4": 7103,
        "5": 27920,
        "6": 75612
    },
    "8198": {
        "0": 1,
        "1": 11,
        "2": 98,
        "3": 883,
        "4": 7897,
        "5": 37570,
        "6": 111094
    },
    "8199": {
        "0": 1,
        "1": 15,
        "2": 134,
        "3": 1110,
        "4": 9203,
        "5": 44000,
        "6": 126459
    }
}