{
    "30900": {
        "0": 1,
        "1": 12,
        "2": 104,
        "3": 900,
        "4": 7852,
        "5": 36013,
        "6": 106700
    },
    "30901": {
        "0": 1,
        "1": 10,
        "2": 88,
        "3": 766,
        "4": 6669,
        "5": 25342,
        "6": 66774
    },
    "30902": {
        "0": 1,
        "1": 11,
        "2": 95,
        "3": 811,
        "4": 6959,
        "5": 27237,
        "6": 73030
    },
    "30903": {
        "0": 1,
        "1": 14,
        "2": 126,
        "3": 1066,
        "4": 9031,
        "5": 44391,
        "6": 139364
    },
    "30904": {
        "0": 1,
        "1": 10,
        "2": 86,
        "3": 743,
        "4": 6457,
        "5": 23536,
        "6": 60821
    },
    "30905": {
        "0": 1,
        "1": 11,
        "2": 96,
        "3": 851,
        "4": 7516,
        "5": 33533,
        "6": 92123
    },
    "30906": {
        "0": 1,
        "1": 12,
        "2": 103,
        "3": 890,
        "4": 7694,
        "5": 33616,
        "6": 102276
    },
    "30907": {
        "0": 1,
        "1": 11,
        "2": 96,
        "3": 845,
        "4": 7414,
        "5": 32215,
        "6": 87392
    },
    "30908": {
        "0": 1,
        "1": 9,
        "2": 79,
        "3": 694,
        "4": 6079,
        "5": 20439,
        "6": 44703
    },
    "30909": {
        "0": 1,
        "1": 10,
        "2": 89,
        "3": 781,
        "4": 6912,
        "5": 28546,
        "6": 77943
    },
    "30910": {
        "0": 1,
        "1": 9,
        "2": 78,
        "3": 675,
        "4": 5862,
        "5": 17913,
        "6": 38409
    },
    "30911": {
        "0": 1,
        "1": 11,
        "2": 98,
        "3": 862,
        "4": 7562,
        "5": 33627,
        "6": 108388
    },
    "30912": {
        "0": 1,
        "1": 11,
        "2": 99,
        "3": 865,
        "4": 7474,
        "5": 31512,
        "6": 83825
    },
    "30913": {
        "0": 1,
        "1": 9,
        "2": 79,
        "3": 690,
        "4": 6006,
        "5": 19190,
        "6": 40789
    },
    "30914": {
        "0": 1,
        "1": 11,
        "2": 89,
        "3": 729,
        "4": 6086,
        "5": 18676,
        "6": 34389
    },
    "30915": {
        "0": 1,
        "1": 12,
        "2": 107,
        "3": 936,
        "4": 8219,
        "5": 39795,
        "6": 118479
    },
    "30916": {
        "0": 1,
        "1": 9,
        "2": 76,
        "3": 662,
        "4": 5806,
        "5": 18360,
        "6": 44184
    },
    "30917": {
        "0": 1,
        "1": 11,
        "2": 94,
        "3": 799,
        "4": 6832,
        "5": 26057,
        "6": 70448
    },
    "30918": {
        "0": 1,
        "1": 10,
        "2": 85,
        "3": 753,
        "4": 6653,
        "5": 25992,
        "6": 61766
    },
    "30919": {
        "0": 1,
        "1": 12,
        "2": 106,
        "3": 915,
        "4": 7910,
        "5": 36045,
        "6": 105199
    },
    "30920": {
        "0": 1,
        "1": 10,
        "2": 80,
        "3": 669,
        "4": 5699,
        "5": 16383,
        "6": 36129
    },
    "30921": {
        "0": 1,
        "1": 9,
        "2": 79,
        "3": 704,
        "4": 6240,
        "5": 22269,
        "6": 49520
    },
    "30922": {
        "0": 1,
        "1": 9,
        "2": 75,
        "3": 641,
        "4": 5512,
        "5": 14952,
        "6": 29051
    },
    "30923": {
        "0": 1,
        "1": 12,
        "2": 102,
        "3": 866,
        "4": 7422,
        "5": 31329,
        "6": 78434
    },
    "30924": {
        "0": 1,
        "1": 10,
        "2": 83,
        "3": 729,
        "4": 6465,
        "5": 24438,
        "6": 60407
    },
    "30925": {
        "0": 1,
        "1": 12,
        "2": 104,
        "3": 877,
        "4": 7393,
        "5": 29704,
        "6": 79448
    },
    "30926": {
        "0": 1,
        "1": 8,
        "2": 69,
        "3": 594,
        "4": 5118,
        "5": 11044,
        "6": 16194
    },
    "30927": {
        "0": 1,
        "1": 12,
        "2": 104,
        "3": 881,
        "4": 7496,
        "5": 31283,
        "6": 82969
    },
    "30928": {
        "0": 1,
        "1": 10,
        "2": 85,
        "3": 731,
        "4": 6343,
        "5": 22584,
        "6": 52430
    },
    "30929": {
        "0": 1,
        "1": 12,
        "2": 104,
        "3": 882,
        "4": 7489,
        "5": 31070,
        "6": 79565
    },
    "30930": {
        "0": 1,
        "1": 12,
        "2": 104,
        "3": 891,
        "4": 7612,
        "5": 32513,
        "6": 95372
    },
    "30931": {
        "0": 1,
        "1": 14,
        "2": 127,
        "3": 1087,
        "4": 9215,
        "5": 45424,
        "6": 130397
    },
    "30932": {
        "0": 1,
        "1": 8,
        "2": 70,
        "3": 607,
        "4": 5282,
        "5": 13355,
        "6": 23390
    },
    "30933": {
        "0": 1,
        "1": 10,
        "2": 85,
        "3": 729,
        "4": 6298,
        "5": 22023,
        "6": 55222
    },
    "30934": {
        "0": 1,
        "1": 10,
        "2": 81,
        "3": 683,
        "4": 5859,
        "5": 17916,
        "6": 39845
    },
    "30935": {
        "0": 1,
        "1": 11,
        "2": 91,
        "3": 764,
        "4": 6466,
        "5": 22401,
        "6": 47976
    },
    "30936": {
        "0": 1,
        "1": 14,
        "2": 128,
        "3": 1092,
        "4": 9217,
        "5": 45271,
        "6": 137506
    },
    "30937": {
        "0": 1,
        "1": 10,
        "2": 85,
        "3": 740,
        "4": 6477,
        "5": 24164,
        "6": 58338
    },
    "30938": {
        "0": 1,
        "1": 10,
        "2": 85,
        "3": 747,
        "4": 6505,
        "5": 23390,
        "6": 51861
    },
    "30939": {
        "0": 1,
        "1": 11,
        "2": 99,
        "3": 871,
        "4": 7637,
        "5": 34107,
        "6": 98019
    },
    "30940": {
        "0": 1,
        "1": 12,
        "2": 108,
        "3": 945,
        "4": 8238,
        "5": 38925,
        "6": 113627
    },
    "30941": {
        "0": 1,
        "1": 10,
        "2": 90,
        "3": 805,
        "4": 7134,
        "5": 30297,
        "6": 81689
    },
    "30942": {
        "0": 1,
        "1": 9,
        "2": 76,
        "3": 652,
        "4": 5621,
        "5": 15885,
        "6": 27278
    },
    "30943": {
        "0": 1,
        "1": 10,
        "2": 89,
        "3": 793,
        "4": 7034,
        "5": 29188,
        "6": 80409
    },
    "30944": {
        "0": 1,
        "1": 11,
        "2": 90,
        "3": 745,
        "4": 6257,
        "5": 20386,
        "6": 48006
    },
    "30945": {
        "0": 1,
        "1": 12,
        "2": 107,
        "3": 934,
        "4": 8150,
        "5": 38615,
        "6": 112569
    },
    "30946": {
        "0": 1,
        "1": 12,
        "2": 103,
        "3": 886,
        "4": 7671,
        "5": 34150,
        "6": 100312
    },
    "30947": {
        "0": 1,
        "1": 12,
        "2": 107,
        "3": 941,
        "4": 8223,
        "5": 38954,
        "6": 119066
    },
    "30948": {
        "0": 1,
        "1": 10,
        "2": 89,
        "3": 808,
        "4": 7276,
        "5": 32135,
        "6": 93112
    },
    "30949": {
        "0": 1,
        "1": 10,
        "2": 86,
        "3": 738,
        "4": 6357,
        "5": 22266,
        "6": 55357
    },
    "30950": {
        "0": 1,
        "1": 12,
        "2": 111,
        "3": 1003,
        "4": 8932,
        "5": 45863,
        "6": 152781
    },
    "30951": {
        "0": 1,
        "1": 12,
        "2": 106,
        "3": 920,
        "4": 7920,
        "5": 35379,
        "6": 99629
    },
    "30952": {
        "0": 1,
        "1": 10,
        "2": 87,
        "3": 754,
        "4": 6542,
        "5": 24048,
        "6": 54855
    },
    "30953": {
        "0": 1,
        "1": 13,
        "2": 112,
        "3": 950,
        "4": 8098,
        "5": 36450,
        "6": 88720
    },
    "30954": {
        "0": 1,
        "1": 12,
        "2": 105,
        "3": 913,
        "4": 7956,
        "5": 36489,
        "6": 105808
    },
    "30955": {
        "0": 1,
        "1": 11,
        "2": 94,
        "3": 803,
        "4": 6888,
        "5": 26493,
        "6": 58600
    },
    "30956": {
        "0": 1,
        "1": 9,
        "2": 76,
        "3": 654,
        "4": 5661,
        "5": 16542,
        "6": 30850
    },
    "30957": {
        "0": 1,
        "1": 11,
        "2": 95,
        "3": 822,
        "4": 7155,
        "5": 29764,
        "6": 72963
    },
    "30958": {
        "0": 1,
        "1": 10,
        "2": 86,
        "3": 764,
        "4": 6822,
        "5": 28080,
        "6": 69798
    },
    "30959": {
        "0": 1,
        "1": 11,
        "2": 99,
        "3": 879,
        "4": 7776,
        "5": 36000,
        "6": 110363
    },
    "30960": {
        "0": 1,
        "1": 11,
        "2": 94,
        "3": 784,
        "4": 6582,
        "5": 22955,
        "6": 45637
    },
    "30961": {
        "0": 1,
        "1": 10,
        "2": 84,
        "3": 724,
        "4": 6247,
        "5": 21212,
        "6": 41829
    },
    "30962": {
        "0": 1,
        "1": 9,
        "2": 75,
        "3": 643,
        "4": 5527,
        "5": 14937,
        "6": 25856
    },
    "30963": {
        "0": 1,
        "1": 12,
        "2": 107,
        "3": 946,
        "4": 8329,
        "5": 40426,
        "6": 121153
    },
    "30964": {
        "0": 1,
        "1": 13,
        "2": 118,
        "3": 1025,
        "4": 8828,
        "5": 42924,
        "6": 130802
    },
    "30965": {
        "0": 1,
        "1": 9,
        "2": 79,
        "3": 686,
        "4": 5950,
        "5": 18767,
        "6": 43392
    },
    "30966": {
        "0": 1,
        "1": 8,
        "2": 70,
        "3": 618,
        "4": 5479,
        "5": 15850,
        "6": 29718
    },
    "30967": {
        "0": 1,
        "1": 11,
        "2": 98,
        "3": 886,
        "4": 7933,
        "5": 37647,
        "6": 115958
    },
    "30968": {
        "0": 1,
        "1": 11,
        "2": 91,
        "3": 767,
        "4": 6501,
        "5": 22577,
        "6": 46301
    },
    "30969": {
        "0": 1,
        "1": 11,
        "2": 92,
        "3": 796,
        "4": 6901,
        "5": 27172,
        "6": 69485
    },
    "30970": {
        "0": 1,
        "1": 11,
        "2": 95,
        "3": 821,
        "4": 7121,
        "5": 29160,
        "6": 82584
    },
    "30971": {
        "0": 1,
        "1": 9,
        "2": 75,
        "3": 647,
        "4": 5628,
        "5": 16565,
        "6": 30390
    },
    "30972": {
        "0": 1,
        "1": 8,
        "2": 73,
        "3": 656,
        "4": 5892,
        "5": 19872,
        "6": 44514
    },
    "30973": {
        "0": 1,
        "1": 11,
        "2": 96,
        "3": 843,
        "4": 7447,
        "5": 33178,
        "6": 95485
    },
    "30974": {
        "0": 1,
        "1": 12,
        "2": 103,
        "3": 877,
        "4": 7493,
        "5": 31643,
        "6": 84884
    },
    "30975": {
        "0": 1,
        "1": 8,
        "2": 69,
        "3": 596,
        "4": 5181,
        "5": 12421,
        "6": 28092
    },
    "30976": {
        "0": 1,
        "1": 12,
        "2": 109,
        "3": 967,
        "4": 8487,
        "5": 41578,
        "6": 133697
    },
    "30977": {
        "0": 1,
        "1": 12,
        "2": 105,
        "3": 905,
        "4": 7891,
        "5": 36388,
        "6": 112808
    },
    "30978": {
        "0": 1,
        "1": 12,
        "2": 102,
        "3": 867,
        "4": 7389,
        "5": 30367,
        "6": 76862
    },
    "30979": {
        "0": 1,
        "1": 11,
        "2": 93,
        "3": 800,
        "4": 6931,
        "5": 27678,
        "6": 67618
    },
    "30980": {
        "0": 1,
        "1": 10,
        "2": 83,
        "3": 694,
        "4": 5849,
        "5": 16865,
        "6": 32470
    },
    "30981": {
        "0": 1,
        "1": 10,
        "2": 80,
        "3": 669,
        "4": 5660,
        "5": 15699,
        "6": 23310
    },
    "30982": {
        "0": 1,
        "1": 13,
        "2": 115,
        "3": 979,
        "4": 8332,
        "5": 38647,
        "6": 115801
    },
    "30983": {
        "0": 1,
        "1": 12,
        "2": 107,
        "3": 924,
        "4": 7910,
        "5": 34892,
        "6": 100376
    },
    "30984": {
        "0": 1,
        "1": 11,
        "2": 90,
        "3": 755,
        "4": 6406,
        "5": 22031,
        "6": 48704
    },
    "30985": {
        "0": 1,
        "1": 11,
        "2": 97,
        "3": 837,
        "4": 7228,
        "5": 29730,
        "6": 82214
    },
    "30986": {
        "0": 1,
        "1": 10,
        "2": 86,
        "3": 741,
        "4": 6379,
        "5": 22164,
        "6": 46565
    },
    "30987": {
        "0": 1,
        "1": 8,
        "2": 70,
        "3": 613,
        "4": 5377,
        "5": 14476,
        "6": 27736
    },
    "30988": {
        "0": 1,
        "1": 9,
        "2": 78,
        "3": 682,
        "4": 6005,
        "5": 20311,
        "6": 51913
    },
    "30989": {
        "0": 1,
        "1": 9,
        "2": 78,
        "3": 690,
        "4": 6124,
        "5": 21694,
        "6": 53950
    },
    "30990": {
        "0": 1,
        "1": 11,
        "2": 93,
        "3": 798,
        "4": 6884,
        "5": 26875,
        "6": 63920
    },
    "30991": {
        "0": 1,
        "1": 10,
        "2": 83,
        "3": 700,
        "4": 5948,
        "5": 18175,
        "6": 38332
    },
    "30992": {
        "0": 1,
        "1": 15,
        "2": 138,
        "3": 1187,
        "4": 10124,
        "5": 53300,
        "6": 169470
    },
    "30993": {
        "0": 1,
        "1": 12,
        "2": 102,
        "3": 851,
        "4": 7126,
        "5": 27215,
        "6": 64770
    },
    "30994": {
        "0": 1,
        "1": 10,
        "2": 86,
        "3": 749,
        "4": 6521,
        "5": 24032,
        "6": 59677
    },
    "30995": {
        "0": 1,
        "1": 9,
        "2": 78,
        "3": 680,
        "4": 5918,
        "5": 18816,
        "6": 38264
    },
    "30996": {
        "0": 1,
        "1": 12,
        "2": 106,
        "3": 913,
        "4": 7868,
        "5": 35236,
        "6": 101057
    },
    "30997": {
        "0": 1,
        "1": 13,
        "2": 121,
        "3": 1066,
        "4": 9212,
        "5": 46264,
        "6": 153861
    },
    "30998": {
        "0": 1,
        "1": 10,
        "2": 80,
        "3": 670,
        "4": 5659,
        "5": 15452,
        "6": 30121
    },
    "30999": {
        "0": 1,
        "1": 10,
        "2": 88,
        "3": 769,
        "4": 6713,
        "5": 25361,
        "6": 58871
    }
}