{
    "26200": {
        "0": 1,
        "1": 11,
        "2": 92,
        "3": 790,
        "4": 6795,
        "5": 25642,
        "6": 53291
    },
    "26201": {
        "0": 1,
        "1": 10,
        "2": 84,
        "3": 722,
        "4": 6236,
        "5": 21272,
        "6": 46450
    },
    "26202": {
        "0": 1,
        "1": 12,
        "2": 103,
        "3": 887,
        "4": 7670,
        "5": 33558,
        "6": 90169
    },
    "26203": {
        "0": 1,
        "1": 10,
        "2": 83,
        "3": 699,
        "4": 5965,
        "5": 18422,
        "6": 40089
    },
    "26204": {
        "0": 1,
        "1": 9,
        "2": 79,
        "3": 696,
        "4": 6166,
        "5": 22004,
        "6": 51790
    },
    "26205": {
        "0": 1,
        "1": 11,
        "2": 95,
        "3": 804,
        "4": 6812,
        "5": 24962,
        "6": 50567
    },
    "26206": {
        "0": 1,
        "1": 11,
        "2": 96,
        "3": 825,
        "4": 7114,
        "5": 28928,
        "6": 80224
    },
    "26207": {
        "0": 1,
        "1": 9,
        "2": 79,
        "3": 693,
        "4": 6075,
        "5": 20522,
        "6": 46153
    },
    "26208": {
        "0": 1,
        "1": 12,
        "2": 106,
        "3": 927,
        "4": 8035,
        "5": 36483,
        "6": 102106
    },
    "26209": {
        "0": 1,
        "1": 11,
        "2": 96,
        "3": 842,
        "4": 7417,
        "5": 32560,
        "6": 87636
    },
    "26210": {
        "0": 1,
        "1": 11,
        "2": 92,
        "3": 793,
        "4": 6894,
        "5": 27602,
        "6": 73295
    },
    "26211": {
        "0": 1,
        "1": 10,
        "2": 85,
        "3": 744,
        "4": 6542,
        "5": 24882,
        "6": 64910
    },
    "26212": {
        "0": 1,
        "1": 10,
        "2": 80,
        "3": 665,
        "4": 5617,
        "5": 15234,
        "6": 29112
    },
    "26213": {
        "0": 1,
        "1": 10,
        "2": 88,
        "3": 757,
        "4": 6576,
        "5": 24505,
        "6": 62690
    },
    "26214": {
        "0": 1,
        "1": 10,
        "2": 84,
        "3": 715,
        "4": 6155,
        "5": 20667,
        "6": 42114
    },
    "26215": {
        "0": 1,
        "1": 11,
        "2": 101,
        "3": 913,
        "4": 8214,
        "5": 40754,
        "6": 127203
    },
    "26216": {
        "0": 1,
        "1": 11,
        "2": 98,
        "3": 857,
        "4": 7504,
        "5": 33229,
        "6": 92198
    },
    "26217": {
        "0": 1,
        "1": 10,
        "2": 89,
        "3": 786,
        "4": 6922,
        "5": 27601,
        "6": 75575
    },
    "26218": {
        "0": 1,
        "1": 12,
        "2": 101,
        "3": 843,
        "4": 7100,
        "5": 27568,
        "6": 71031
    },
    "26219": {
        "0": 1,
        "1": 11,
        "2": 95,
        "3": 810,
        "4": 6906,
        "5": 26334,
        "6": 68506
    },
    "26220": {
        "0": 1,
        "1": 11,
        "2": 94,
        "3": 813,
        "4": 7051,
        "5": 28517,
        "6": 77141
    },
    "26221": {
        "0": 1,
        "1": 12,
        "2": 108,
        "3": 937,
        "4": 8007,
        "5": 35637,
        "6": 111269
    },
    "26222": {
        "0": 1,
        "1": 10,
        "2": 87,
        "3": 768,
        "4": 6822,
        "5": 27751,
        "6": 73042
    },
    "26223": {
        "0": 1,
        "1": 9,
        "2": 78,
        "3": 681,
        "4": 5955,
        "5": 19465,
        "6": 43406
    },
    "26224": {
        "0": 1,
        "1": 8,
        "2": 72,
        "3": 637,
        "4": 5625,
        "5": 16854,
        "6": 35158
    },
    "26225": {
        "0": 1,
        "1": 12,
        "2": 107,
        "3": 934,
        "4": 8131,
        "5": 38035,
        "6": 112159
    },
    "26226": {
        "0": 1,
        "1": 14,
        "2": 124,
        "3": 1049,
        "4": 8960,
        "5": 44316,
        "6": 144456
    },
    "26227": {
        "0": 1,
        "1": 10,
        "2": 88,
        "3": 782,
        "4": 6918,
        "5": 28499,
        "6": 74593
    },
    "26228": {
        "0": 1,
        "1": 11,
        "2": 91,
        "3": 793,
        "4": 6976,
        "5": 28586,
        "6": 72971
    },
    "26229": {
        "0": 1,
        "1": 10,
        "2": 81,
        "3": 683,
        "4": 5828,
        "5": 17495,
        "6": 29739
    },
    "26230": {
        "0": 1,
        "1": 12,
        "2": 104,
        "3": 895,
        "4": 7737,
        "5": 34280,
        "6": 95740
    },
    "26231": {
        "0": 1,
        "1": 12,
        "2": 106,
        "3": 928,
        "4": 8086,
        "5": 37622,
        "6": 111329
    },
    "26232": {
        "0": 1,
        "1": 10,
        "2": 84,
        "3": 724,
        "4": 6253,
        "5": 21384,
        "6": 49114
    },
    "26233": {
        "0": 1,
        "1": 10,
        "2": 86,
        "3": 738,
        "4": 6364,
        "5": 22204,
        "6": 57505
    },
    "26234": {
        "0": 1,
        "1": 11,
        "2": 92,
        "3": 781,
        "4": 6663,
        "5": 24275,
        "6": 56619
    },
    "26235": {
        "0": 1,
        "1": 12,
        "2": 101,
        "3": 861,
        "4": 7356,
        "5": 30198,
        "6": 70851
    },
    "26236": {
        "0": 1,
        "1": 10,
        "2": 85,
        "3": 735,
        "4": 6379,
        "5": 22723,
        "6": 56943
    },
    "26237": {
        "0": 1,
        "1": 14,
        "2": 128,
        "3": 1098,
        "4": 9345,
        "5": 46863,
        "6": 142964
    },
    "26238": {
        "0": 1,
        "1": 9,
        "2": 73,
        "3": 609,
        "4": 5118,
        "5": 10551,
        "6": 14862
    },
    "26239": {
        "0": 1,
        "1": 12,
        "2": 99,
        "3": 826,
        "4": 7012,
        "5": 27280,
        "6": 76328
    },
    "26240": {
        "0": 1,
        "1": 9,
        "2": 78,
        "3": 696,
        "4": 6177,
        "5": 22042,
        "6": 55032
    },
    "26241": {
        "0": 1,
        "1": 9,
        "2": 78,
        "3": 689,
        "4": 6093,
        "5": 21212,
        "6": 46667
    },
    "26242": {
        "0": 1,
        "1": 12,
        "2": 105,
        "3": 907,
        "4": 7869,
        "5": 35775,
        "6": 98290
    },
    "26243": {
        "0": 1,
        "1": 9,
        "2": 74,
        "3": 623,
        "4": 5302,
        "5": 12780,
        "6": 19374
    },
    "26244": {
        "0": 1,
        "1": 12,
        "2": 102,
        "3": 876,
        "4": 7595,
        "5": 33508,
        "6": 98890
    },
    "26245": {
        "0": 1,
        "1": 9,
        "2": 80,
        "3": 694,
        "4": 6049,
        "5": 19846,
        "6": 42983
    },
    "26246": {
        "0": 1,
        "1": 8,
        "2": 69,
        "3": 605,
        "4": 5342,
        "5": 14619,
        "6": 28594
    },
    "26247": {
        "0": 1,
        "1": 11,
        "2": 97,
        "3": 829,
        "4": 7082,
        "5": 28119,
        "6": 73498
    },
    "26248": {
        "0": 1,
        "1": 9,
        "2": 79,
        "3": 706,
        "4": 6320,
        "5": 23588,
        "6": 61518
    },
    "26249": {
        "0": 1,
        "1": 11,
        "2": 93,
        "3": 792,
        "4": 6748,
        "5": 24851,
        "6": 53186
    },
    "26250": {
        "0": 1,
        "1": 10,
        "2": 86,
        "3": 746,
        "4": 6446,
        "5": 22857,
        "6": 54194
    },
    "26251": {
        "0": 1,
        "1": 10,
        "2": 85,
        "3": 747,
        "4": 6593,
        "5": 25579,
        "6": 62948
    },
    "26252": {
        "0": 1,
        "1": 9,
        "2": 73,
        "3": 615,
        "4": 5250,
        "5": 12445,
        "6": 24236
    },
    "26253": {
        "0": 1,
        "1": 9,
        "2": 76,
        "3": 653,
        "4": 5609,
        "5": 15661,
        "6": 38276
    },
    "26254": {
        "0": 1,
        "1": 13,
        "2": 121,
        "3": 1069,
        "4": 9371,
        "5": 49404,
        "6": 174875
    },
    "26255": {
        "0": 1,
        "1": 10,
        "2": 85,
        "3": 716,
        "4": 6044,
        "5": 18536,
        "6": 47821
    },
    "26256": {
        "0": 1,
        "1": 10,
        "2": 85,
        "3": 725,
        "4": 6224,
        "5": 20886,
        "6": 45774
    },
    "26257": {
        "0": 1,
        "1": 11,
        "2": 91,
        "3": 763,
        "4": 6435,
        "5": 21878,
        "6": 47096
    },
    "26258": {
        "0": 1,
        "1": 11,
        "2": 94,
        "3": 825,
        "4": 7245,
        "5": 30534,
        "6": 86250
    },
    "26259": {
        "0": 1,
        "1": 10,
        "2": 85,
        "3": 719,
        "4": 6091,
        "5": 19121,
        "6": 38518
    },
    "26260": {
        "0": 1,
        "1": 9,
        "2": 75,
        "3": 645,
        "4": 5573,
        "5": 15668,
        "6": 29107
    },
    "26261": {
        "0": 1,
        "1": 11,
        "2": 94,
        "3": 822,
        "4": 7169,
        "5": 29688,
        "6": 72047
    },
    "26262": {
        "0": 1,
        "1": 10,
        "2": 84,
        "3": 719,
        "4": 6248,
        "5": 21974,
        "6": 49699
    },
    "26263": {
        "0": 1,
        "1": 11,
        "2": 96,
        "3": 851,
        "4": 7581,
        "5": 34770,
        "6": 103374
    },
    "26264": {
        "0": 1,
        "1": 12,
        "2": 103,
        "3": 878,
        "4": 7558,
        "5": 32763,
        "6": 89817
    },
    "26265": {
        "0": 1,
        "1": 11,
        "2": 94,
        "3": 796,
        "4": 6773,
        "5": 25136,
        "6": 61878
    },
    "26266": {
        "0": 1,
        "1": 11,
        "2": 101,
        "3": 901,
        "4": 7928,
        "5": 36473,
        "6": 114060
    },
    "26267": {
        "0": 1,
        "1": 8,
        "2": 68,
        "3": 589,
        "4": 5143,
        "5": 12389,
        "6": 21804
    },
    "26268": {
        "0": 1,
        "1": 12,
        "2": 105,
        "3": 897,
        "4": 7676,
        "5": 33274,
        "6": 92859
    },
    "26269": {
        "0": 1,
        "1": 10,
        "2": 88,
        "3": 778,
        "4": 6866,
        "5": 27803,
        "6": 74063
    },
    "26270": {
        "0": 1,
        "1": 12,
        "2": 112,
        "3": 990,
        "4": 8681,
        "5": 43266,
        "6": 139474
    },
    "26271": {
        "0": 1,
        "1": 12,
        "2": 107,
        "3": 948,
        "4": 8367,
        "5": 40852,
        "6": 123133
    },
    "26272": {
        "0": 1,
        "1": 10,
        "2": 87,
        "3": 758,
        "4": 6604,
        "5": 24477,
        "6": 55767
    },
    "26273": {
        "0": 1,
        "1": 10,
        "2": 83,
        "3": 710,
        "4": 6136,
        "5": 20483,
        "6": 44150
    },
    "26274": {
        "0": 1,
        "1": 9,
        "2": 82,
        "3": 726,
        "4": 6477,
        "5": 24868,
        "6": 64495
    },
    "26275": {
        "0": 1,
        "1": 9,
        "2": 75,
        "3": 644,
        "4": 5551,
        "5": 15328,
        "6": 28623
    },
    "26276": {
        "0": 1,
        "1": 10,
        "2": 82,
        "3": 698,
        "4": 5966,
        "5": 18306,
        "6": 33097
    },
    "26277": {
        "0": 1,
        "1": 12,
        "2": 100,
        "3": 858,
        "4": 7470,
        "5": 32515,
        "6": 91400
    },
    "26278": {
        "0": 1,
        "1": 10,
        "2": 85,
        "3": 728,
        "4": 6238,
        "5": 20833,
        "6": 44313
    },
    "26279": {
        "0": 1,
        "1": 8,
        "2": 73,
        "3": 655,
        "4": 5857,
        "5": 19371,
        "6": 40999
    },
    "26280": {
        "0": 1,
        "1": 12,
        "2": 104,
        "3": 900,
        "4": 7861,
        "5": 36389,
        "6": 102608
    },
    "26281": {
        "0": 1,
        "1": 12,
        "2": 106,
        "3": 925,
        "4": 8084,
        "5": 37910,
        "6": 117107
    },
    "26282": {
        "0": 1,
        "1": 11,
        "2": 95,
        "3": 803,
        "4": 6818,
        "5": 25642,
        "6": 64892
    },
    "26283": {
        "0": 1,
        "1": 12,
        "2": 104,
        "3": 885,
        "4": 7556,
        "5": 32320,
        "6": 92194
    },
    "26284": {
        "0": 1,
        "1": 8,
        "2": 74,
        "3": 666,
        "4": 5947,
        "5": 20029,
        "6": 46599
    },
    "26285": {
        "0": 1,
        "1": 12,
        "2": 105,
        "3": 896,
        "4": 7632,
        "5": 32478,
        "6": 87541
    },
    "26286": {
        "0": 1,
        "1": 10,
        "2": 89,
        "3": 785,
        "4": 6910,
        "5": 28043,
        "6": 79088
    },
    "26287": {
        "0": 1,
        "1": 13,
        "2": 115,
        "3": 997,
        "4": 8649,
        "5": 42242,
        "6": 118340
    },
    "26288": {
        "0": 1,
        "1": 12,
        "2": 103,
        "3": 899,
        "4": 7910,
        "5": 36480,
        "6": 105205
    },
    "26289": {
        "0": 1,
        "1": 10,
        "2": 88,
        "3": 786,
        "4": 6970,
        "5": 28977,
        "6": 75015
    },
    "26290": {
        "0": 1,
        "1": 9,
        "2": 77,
        "3": 668,
        "4": 5820,
        "5": 18180,
        "6": 35997
    },
    "26291": {
        "0": 1,
        "1": 11,
        "2": 92,
        "3": 781,
        "4": 6697,
        "5": 25059,
        "6": 65764
    },
    "26292": {
        "0": 1,
        "1": 10,
        "2": 83,
        "3": 715,
        "4": 6125,
        "5": 19656,
        "6": 41190
    },
    "26293": {
        "0": 1,
        "1": 11,
        "2": 98,
        "3": 866,
        "4": 7609,
        "5": 33702,
        "6": 88258
    },
    "26294": {
        "0": 1,
        "1": 10,
        "2": 80,
        "3": 685,
        "4": 5916,
        "5": 18661,
        "6": 36836
    },
    "26295": {
        "0": 1,
        "1": 11,
        "2": 94,
        "3": 793,
        "4": 6739,
        "5": 24834,
        "6": 51106
    },
    "26296": {
        "0": 1,
        "1": 9,
        "2": 79,
        "3": 676,
        "4": 5819,
        "5": 17319,
        "6": 31382
    },
    "26297": {
        "0": 1,
        "1": 10,
        "2": 82,
        "3": 699,
        "4": 6002,
        "5": 19019,
        "6": 41774
    },
    "26298": {
        "0": 1,
        "1": 11,
        "2": 95,
        "3": 824,
        "4": 7145,
        "5": 29266,
        "6": 73466
    },
    "26299": {
        "0": 1,
        "1": 8,
        "2": 71,
        "3": 629,
        "4": 5608,
        "5": 17317,
        "6": 37500
    }
}