{
    "7900": {
        "0": 1,
        "1": 11,
        "2": 91,
        "3": 764,
        "4": 6460,
        "5": 22263,
        "6": 48580
    },
    "7901": {
        "0": 1,
        "1": 11,
        "2": 92,
        "3": 774,
        "4": 6556,
        "5": 23104,
        "6": 52745
    },
    "7902": {
        "0": 1,
        "1": 11,
        "2": 93,
        "3": 803,
        "4": 6988,
        "5": 28044,
        "6": 72320
    },
    "7903": {
        "0": 1,
        "1": 11,
        "2": 90,
        "3": 751,
        "4": 6358,
        "5": 21553,
        "6": 45804
    },
    "7904": {
        "0": 1,
        "1": 9,
        "2": 74,
        "3": 631,
        "4": 5449,
        "5": 14781,
        "6": 30781
    },
    "7905": {
        "0": 1,
        "1": 12,
        "2": 96,
        "3": 804,
        "4": 6807,
        "5": 25126,
        "6": 57159
    },
    "7906": {
        "0": 1,
        "1": 9,
        "2": 73,
        "3": 609,
        "4": 5143,
        "5": 11189,
        "6": 16380
    },
    "7907": {
        "0": 1,
        "1": 14,
        "2": 130,
        "3": 1142,
        "4": 9934,
        "5": 53465,
        "6": 178728
    },
    "7908": {
        "0": 1,
        "1": 10,
        "2": 87,
        "3": 761,
        "4": 6691,
        "5": 26135,
        "6": 66668
    },
    "7909": {
        "0": 1,
        "1": 11,
        "2": 95,
        "3": 837,
        "4": 7402,
        "5": 32885,
        "6": 90637
    },
    "7910": {
        "0": 1,
        "1": 9,
        "2": 78,
        "3": 663,
        "4": 5680,
        "5": 15957,
        "6": 28709
    },
    "7911": {
        "0": 1,
        "1": 12,
        "2": 109,
        "3": 960,
        "4": 8380,
        "5": 39661,
        "6": 129754
    },
    "7912": {
        "0": 1,
        "1": 10,
        "2": 83,
        "3": 704,
        "4": 6022,
        "5": 19130,
        "6": 36993
    },
    "7913": {
        "0": 1,
        "1": 9,
        "2": 73,
        "3": 615,
        "4": 5218,
        "5": 11802,
        "6": 22561
    },
    "7914": {
        "0": 1,
        "1": 12,
        "2": 105,
        "3": 907,
        "4": 7853,
        "5": 35465,
        "6": 100166
    },
    "7915": {
        "0": 1,
        "1": 9,
        "2": 77,
        "3": 661,
        "4": 5732,
        "5": 17176,
        "6": 37290
    },
    "7916": {
        "0": 1,
        "1": 13,
        "2": 116,
        "3": 992,
        "4": 8507,
        "5": 40620,
        "6": 125406
    },
    "7917": {
        "0": 1,
        "1": 13,
        "2": 114,
        "3": 980,
        "4": 8406,
        "5": 39056,
        "6": 121568
    },
    "7918": {
        "0": 1,
        "1": 14,
        "2": 131,
        "3": 1142,
        "4": 9831,
        "5": 51726,
        "6": 172737
    },
    "7919": {
        "0": 1,
        "1": 10,
        "2": 85,
        "3": 738,
        "4": 6430,
        "5": 23329,
        "6": 50402
    },
    "7920": {
        "0": 1,
        "1": 10,
        "2": 81,
        "3": 684,
        "4": 5882,
        "5": 18331,
        "6": 40420
    },
    "7921": {
        "0": 1,
        "1": 10,
        "2": 83,
        "3": 714,
        "4": 6170,
        "5": 20869,
        "6": 41914
    },
    "7922": {
        "0": 1,
        "1": 12,
        "2": 106,
        "3": 920,
        "4": 7978,
        "5": 36466,
        "6": 103718
    },
    "7923": {
        "0": 1,
        "1": 10,
        "2": 85,
        "3": 739,
        "4": 6435,
        "5": 23295,
        "6": 58564
    },
    "7924": {
        "0": 1,
        "1": 10,
        "2": 83,
        "3": 703,
        "4": 5998,
        "5": 18603,
        "6": 39099
    },
    "7925": {
        "0": 1,
        "1": 10,
        "2": 87,
        "3": 747,
        "4": 6467,
        "5": 23507,
        "6": 63368
    },
    "7926": {
        "0": 1,
        "1": 11,
        "2": 96,
        "3": 840,
        "4": 7377,
        "5": 32310,
        "6": 96990
    },
    "7927": {
        "0": 1,
        "1": 11,
        "2": 99,
        "3": 855,
        "4": 7320,
        "5": 29974,
        "6": 85784
    },
    "7928": {
        "0": 1,
        "1": 10,
        "2": 90,
        "3": 791,
        "4": 6912,
        "5": 27402,
        "6": 67301
    },
    "7929": {
        "0": 1,
        "1": 10,
        "2": 87,
        "3": 765,
        "4": 6738,
        "5": 26551,
        "6": 65879
    },
    "7930": {
        "0": 1,
        "1": 11,
        "2": 95,
        "3": 827,
        "4": 7171,
        "5": 29289,
        "6": 75536
    },
    "7931": {
        "0": 1,
        "1": 10,
        "2": 80,
        "3": 669,
        "4": 5637,
        "5": 14893,
        "6": 26419
    },
    "7932": {
        "0": 1,
        "1": 11,
        "2": 92,
        "3": 782,
        "4": 6647,
        "5": 24008,
        "6": 54961
    },
    "7933": {
        "0": 1,
        "1": 13,
        "2": 116,
        "3": 1012,
        "4": 8766,
        "5": 43313,
        "6": 128371
    },
    "7934": {
        "0": 1,
        "1": 10,
        "2": 87,
        "3": 750,
        "4": 6518,
        "5": 23568,
        "6": 55674
    },
    "7935": {
        "0": 1,
        "1": 11,
        "2": 91,
        "3": 760,
        "4": 6410,
        "5": 21463,
        "6": 47617
    },
    "7936": {
        "0": 1,
        "1": 10,
        "2": 86,
        "3": 736,
        "4": 6324,
        "5": 21781,
        "6": 49644
    },
    "7937": {
        "0": 1,
        "1": 11,
        "2": 92,
        "3": 790,
        "4": 6810,
        "5": 26114,
        "6": 64026
    },
    "7938": {
        "0": 1,
        "1": 11,
        "2": 96,
        "3": 825,
        "4": 7130,
        "5": 29051,
        "6": 75185
    },
    "7939": {
        "0": 1,
        "1": 12,
        "2": 106,
        "3": 906,
        "4": 7720,
        "5": 33091,
        "6": 87470
    },
    "7940": {
        "0": 1,
        "1": 11,
        "2": 96,
        "3": 837,
        "4": 7289,
        "5": 30837,
        "6": 83753
    },
    "7941": {
        "0": 1,
        "1": 10,
        "2": 83,
        "3": 719,
        "4": 6242,
        "5": 21566,
        "6": 45235
    },
    "7942": {
        "0": 1,
        "1": 12,
        "2": 103,
        "3": 881,
        "4": 7547,
        "5": 32041,
        "6": 79883
    },
    "7943": {
        "0": 1,
        "1": 13,
        "2": 112,
        "3": 955,
        "4": 8271,
        "5": 39416,
        "6": 115238
    },
    "7944": {
        "0": 1,
        "1": 9,
        "2": 78,
        "3": 686,
        "4": 6039,
        "5": 20527,
        "6": 43114
    },
    "7945": {
        "0": 1,
        "1": 12,
        "2": 104,
        "3": 881,
        "4": 7480,
        "5": 31193,
        "6": 80515
    },
    "7946": {
        "0": 1,
        "1": 11,
        "2": 90,
        "3": 756,
        "4": 6420,
        "5": 22126,
        "6": 44410
    },
    "7947": {
        "0": 1,
        "1": 11,
        "2": 94,
        "3": 796,
        "4": 6791,
        "5": 25653,
        "6": 60593
    },
    "7948": {
        "0": 1,
        "1": 12,
        "2": 101,
        "3": 845,
        "4": 7190,
        "5": 28938,
        "6": 81487
    },
    "7949": {
        "0": 1,
        "1": 11,
        "2": 90,
        "3": 745,
        "4": 6232,
        "5": 19834,
        "6": 47728
    },
    "7950": {
        "0": 1,
        "1": 12,
        "2": 102,
        "3": 856,
        "4": 7229,
        "5": 28938,
        "6": 72150
    },
    "7951": {
        "0": 1,
        "1": 11,
        "2": 94,
        "3": 799,
        "4": 6829,
        "5": 25951,
        "6": 67765
    },
    "7952": {
        "0": 1,
        "1": 9,
        "2": 79,
        "3": 698,
        "4": 6154,
        "5": 21439,
        "6": 50204
    },
    "7953": {
        "0": 1,
        "1": 10,
        "2": 87,
        "3": 774,
        "4": 6873,
        "5": 28135,
        "6": 74757
    },
    "7954": {
        "0": 1,
        "1": 11,
        "2": 94,
        "3": 797,
        "4": 6782,
        "5": 25235,
        "6": 64252
    },
    "7955": {
        "0": 1,
        "1": 10,
        "2": 86,
        "3": 739,
        "4": 6332,
        "5": 21074,
        "6": 46054
    },
    "7956": {
        "0": 1,
        "1": 11,
        "2": 94,
        "3": 798,
        "4": 6822,
        "5": 25972,
        "6": 68870
    },
    "7957": {
        "0": 1,
        "1": 9,
        "2": 76,
        "3": 654,
        "4": 5635,
        "5": 16006,
        "6": 36222
    },
    "7958": {
        "0": 1,
        "1": 8,
        "2": 75,
        "3": 694,
        "4": 6349,
        "5": 24681,
        "6": 64316
    },
    "7959": {
        "0": 1,
        "1": 11,
        "2": 98,
        "3": 868,
        "4": 7648,
        "5": 34569,
        "6": 99527
    },
    "7960": {
        "0": 1,
        "1": 10,
        "2": 84,
        "3": 724,
        "4": 6316,
        "5": 22684,
        "6": 56745
    },
    "7961": {
        "0": 1,
        "1": 11,
        "2": 99,
        "3": 869,
        "4": 7598,
        "5": 33560,
        "6": 92657
    },
    "7962": {
        "0": 1,
        "1": 9,
        "2": 75,
        "3": 651,
        "4": 5682,
        "5": 17082,
        "6": 33216
    },
    "7963": {
        "0": 1,
        "1": 11,
        "2": 96,
        "3": 820,
        "4": 6958,
        "5": 26124,
        "6": 60258
    },
    "7964": {
        "0": 1,
        "1": 12,
        "2": 108,
        "3": 948,
        "4": 8276,
        "5": 38988,
        "6": 113920
    },
    "7965": {
        "0": 1,
        "1": 10,
        "2": 85,
        "3": 733,
        "4": 6349,
        "5": 21864,
        "6": 47574
    },
    "7966": {
        "0": 1,
        "1": 9,
        "2": 79,
        "3": 690,
        "4": 6084,
        "5": 21108,
        "6": 46656
    },
    "7967": {
        "0": 1,
        "1": 11,
        "2": 94,
        "3": 825,
        "4": 7231,
        "5": 30552,
        "6": 73205
    },
    "7968": {
        "0": 1,
        "1": 10,
        "2": 84,
        "3": 720,
        "4": 6208,
        "5": 21021,
        "6": 47436
    },
    "7969": {
        "0": 1,
        "1": 9,
        "2": 75,
        "3": 639,
        "4": 5516,
        "5": 15430,
        "6": 29045
    },
    "7970": {
        "0": 1,
        "1": 12,
        "2": 104,
        "3": 894,
        "4": 7720,
        "5": 34196,
        "6": 90442
    },
    "7971": {
        "0": 1,
        "1": 11,
        "2": 93,
        "3": 803,
        "4": 6942,
        "5": 27321,
        "6": 74235
    },
    "7972": {
        "0": 1,
        "1": 9,
        "2": 79,
        "3": 704,
        "4": 6238,
        "5": 22353,
        "6": 50834
    },
    "7973": {
        "0": 1,
        "1": 13,
        "2": 111,
        "3": 943,
        "4": 8059,
        "5": 36556,
        "6": 98277
    },
    "7974": {
        "0": 1,
        "1": 11,
        "2": 94,
        "3": 801,
        "4": 6884,
        "5": 26734,
        "6": 63851
    },
    "7975": {
        "0": 1,
        "1": 14,
        "2": 132,
        "3": 1148,
        "4": 9825,
        "5": 51461,
        "6": 169103
    },
    "7976": {
        "0": 1,
        "1": 10,
        "2": 83,
        "3": 707,
        "4": 6077,
        "5": 19972,
        "6": 43478
    },
    "7977": {
        "0": 1,
        "1": 12,
        "2": 104,
        "3": 893,
        "4": 7698,
        "5": 33948,
        "6": 90716
    },
    "7978": {
        "0": 1,
        "1": 11,
        "2": 93,
        "3": 781,
        "4": 6641,
        "5": 24445,
        "6": 62945
    },
    "7979": {
        "0": 1,
        "1": 13,
        "2": 117,
        "3": 1030,
        "4": 9064,
        "5": 46574,
        "6": 149523
    },
    "7980": {
        "0": 1,
        "1": 10,
        "2": 91,
        "3": 826,
        "4": 7441,
        "5": 33982,
        "6": 98990
    },
    "7981": {
        "0": 1,
        "1": 11,
        "2": 97,
        "3": 841,
        "4": 7251,
        "5": 29734,
        "6": 77347
    },
    "7982": {
        "0": 1,
        "1": 11,
        "2": 95,
        "3": 814,
        "4": 6987,
        "5": 27410,
        "6": 64773
    },
    "7983": {
        "0": 1,
        "1": 10,
        "2": 84,
        "3": 712,
        "4": 6063,
        "5": 19079,
        "6": 42079
    },
    "7984": {
        "0": 1,
        "1": 14,
        "2": 127,
        "3": 1101,
        "4": 9470,
        "5": 48808,
        "6": 160044
    },
    "7985": {
        "0": 1,
        "1": 9,
        "2": 76,
        "3": 651,
        "4": 5602,
        "5": 15484,
        "6": 33716
    },
    "7986": {
        "0": 1,
        "1": 12,
        "2": 101,
        "3": 859,
        "4": 7382,
        "5": 30992,
        "6": 79190
    },
    "7987": {
        "0": 1,
        "1": 13,
        "2": 115,
        "3": 962,
        "4": 8080,
        "5": 35402,
        "6": 96548
    },
    "7988": {
        "0": 1,
        "1": 10,
        "2": 84,
        "3": 717,
        "4": 6161,
        "5": 20406,
        "6": 44199
    },
    "7989": {
        "0": 1,
        "1": 11,
        "2": 95,
        "3": 823,
        "4": 7129,
        "5": 28873,
        "6": 75335
    },
    "7990": {
        "0": 1,
        "1": 8,
        "2": 71,
        "3": 622,
        "4": 5485,
        "5": 15826,
        "6": 31107
    },
    "7991": {
        "0": 1,
        "1": 9,
        "2": 76,
        "3": 663,
        "4": 5785,
        "5": 17787,
        "6": 34907
    },
    "7992": {
        "0": 1,
        "1": 9,
        "2": 74,
        "3": 637,
        "4": 5491,
        "5": 14713,
        "6": 28738
    },
    "7993": {
        "0": 1,
        "1": 10,
        "2": 88,
        "3": 772,
        "4": 6760,
        "5": 26613,
        "6": 68159
    },
    "7994": {
        "0": 1,
        "1": 10,
        "2": 88,
        "3": 771,
        "4": 6728,
        "5": 25869,
        "6": 67839
    },
    "7995": {
        "0": 1,
        "1": 11,
        "2": 96,
        "3": 831,
        "4": 7164,
        "5": 28998,
        "6": 74568
    },
    "7996": {
        "0": 1,
        "1": 11,
        "2": 98,
        "3": 863,
        "4": 7546,
        "5": 33247,
        "6": 96147
    },
    "7997": {
        "0": 1,
        "1": 9,
        "2": 82,
        "3": 715,
        "4": 6239,
        "5": 21481,
        "6": 50350
    },
    "7998": {
        "0": 1,
        "1": 9,
        "2": 75,
        "3": 622,
        "4": 5207,
        "5": 11166,
        "6": 16721
    },
    "7999": {
        "0": 1,
        "1": 10,
        "2": 86,
        "3": 750,
        "4": 6559,
        "5": 24609,
        "6": 65269
    }
}