{
    "8400": {
        "0": 1,
        "1": 12,
        "2": 114,
        "3": 1057,
        "4": 9608,
        "5": 53381,
        "6": 189194
    },
    "8401": {
        "0": 1,
        "1": 13,
        "2": 113,
        "3": 956,
        "4": 8150,
        "5": 37015,
        "6": 107865
    },
    "8402": {
        "0": 1,
        "1": 11,
        "2": 90,
        "3": 745,
        "4": 6205,
        "5": 19202,
        "6": 40148
    },
    "8403": {
        "0": 1,
        "1": 11,
        "2": 92,
        "3": 774,
        "4": 6553,
        "5": 23156,
        "6": 53326
    },
    "8404": {
        "0": 1,
        "1": 13,
        "2": 120,
        "3": 1046,
        "4": 9014,
        "5": 44886,
        "6": 138989
    },
    "8405": {
        "0": 1,
        "1": 11,
        "2": 95,
        "3": 815,
        "4": 6927,
        "5": 26047,
        "6": 64917
    },
    "8406": {
        "0": 1,
        "1": 11,
        "2": 88,
        "3": 735,
        "4": 6166,
        "5": 19208,
        "6": 38413
    },
    "8407": {
        "0": 1,
        "1": 10,
        "2": 86,
        "3": 741,
        "4": 6383,
        "5": 22406,
        "6": 57686
    },
    "8408": {
        "0": 1,
        "1": 10,
        "2": 85,
        "3": 731,
        "4": 6305,
        "5": 21809,
        "6": 49134
    },
    "8409": {
        "0": 1,
        "1": 12,
        "2": 107,
        "3": 931,
        "4": 8030,
        "5": 36303,
        "6": 111455
    },
    "8410": {
        "0": 1,
        "1": 10,
        "2": 92,
        "3": 838,
        "4": 7600,
        "5": 35454,
        "6": 110291
    },
    "8411": {
        "0": 1,
        "1": 13,
        "2": 116,
        "3": 1003,
        "4": 8622,
        "5": 41637,
        "6": 129550
    },
    "8412": {
        "0": 1,
        "1": 11,
        "2": 95,
        "3": 808,
        "4": 6900,
        "5": 26554,
        "6": 65813
    },
    "8413": {
        "0": 1,
        "1": 9,
        "2": 78,
        "3": 677,
        "4": 5891,
        "5": 18489,
        "6": 33375
    },
    "8414": {
        "0": 1,
        "1": 9,
        "2": 77,
        "3": 669,
        "4": 5796,
        "5": 17457,
        "6": 35126
    },
    "8415": {
        "0": 1,
        "1": 12,
        "2": 102,
        "3": 856,
        "4": 7264,
        "5": 29181,
        "6": 75411
    },
    "8416": {
        "0": 1,
        "1": 12,
        "2": 103,
        "3": 874,
        "4": 7456,
        "5": 30917,
        "6": 80767
    },
    "8417": {
        "0": 1,
        "1": 9,
        "2": 76,
        "3": 655,
        "4": 5641,
        "5": 15755,
        "6": 26342
    },
    "8418": {
        "0": 1,
        "1": 11,
        "2": 94,
        "3": 811,
        "4": 6966,
        "5": 27102,
        "6": 70453
    },
    "8419": {
        "0": 1,
        "1": 11,
        "2": 97,
        "3": 841,
        "4": 7246,
        "5": 29426,
        "6": 70677
    },
    "8420": {
        "0": 1,
        "1": 11,
        "2": 95,
        "3": 823,
        "4": 7110,
        "5": 28761,
        "6": 74050
    },
    "8421": {
        "0": 1,
        "1": 10,
        "2": 83,
        "3": 710,
        "4": 6141,
        "5": 20720,
        "6": 52645
    },
    "8422": {
        "0": 1,
        "1": 10,
        "2": 84,
        "3": 735,
        "4": 6458,
        "5": 24004,
        "6": 60102
    },
    "8423": {
        "0": 1,
        "1": 11,
        "2": 92,
        "3": 785,
        "4": 6758,
        "5": 25931,
        "6": 62757
    },
    "8424": {
        "0": 1,
        "1": 11,
        "2": 93,
        "3": 788,
        "4": 6719,
        "5": 24838,
        "6": 57180
    },
    "8425": {
        "0": 1,
        "1": 9,
        "2": 77,
        "3": 669,
        "4": 5798,
        "5": 17465,
        "6": 36199
    },
    "8426": {
        "0": 1,
        "1": 9,
        "2": 77,
        "3": 655,
        "4": 5634,
        "5": 15875,
        "6": 32628
    },
    "8427": {
        "0": 1,
        "1": 9,
        "2": 77,
        "3": 672,
        "4": 5896,
        "5": 19165,
        "6": 48556
    },
    "8428": {
        "0": 1,
        "1": 9,
        "2": 75,
        "3": 642,
        "4": 5528,
        "5": 15069,
        "6": 28810
    },
    "8429": {
        "0": 1,
        "1": 10,
        "2": 91,
        "3": 814,
        "4": 7246,
        "5": 31414,
        "6": 85705
    },
    "8430": {
        "0": 1,
        "1": 14,
        "2": 130,
        "3": 1122,
        "4": 9531,
        "5": 48165,
        "6": 153701
    },
    "8431": {
        "0": 1,
        "1": 14,
        "2": 125,
        "3": 1054,
        "4": 8942,
        "5": 44046,
        "6": 131816
    },
    "8432": {
        "0": 1,
        "1": 9,
        "2": 75,
        "3": 633,
        "4": 5348,
        "5": 12679,
        "6": 21816
    },
    "8433": {
        "0": 1,
        "1": 13,
        "2": 111,
        "3": 923,
        "4": 7782,
        "5": 33622,
        "6": 84270
    },
    "8434": {
        "0": 1,
        "1": 11,
        "2": 96,
        "3": 829,
        "4": 7124,
        "5": 28528,
        "6": 81398
    },
    "8435": {
        "0": 1,
        "1": 11,
        "2": 91,
        "3": 766,
        "4": 6512,
        "5": 22979,
        "6": 58163
    },
    "8436": {
        "0": 1,
        "1": 12,
        "2": 103,
        "3": 878,
        "4": 7485,
        "5": 31159,
        "6": 81186
    },
    "8437": {
        "0": 1,
        "1": 11,
        "2": 94,
        "3": 812,
        "4": 7047,
        "5": 28604,
        "6": 79828
    },
    "8438": {
        "0": 1,
        "1": 9,
        "2": 76,
        "3": 662,
        "4": 5816,
        "5": 18473,
        "6": 39078
    },
    "8439": {
        "0": 1,
        "1": 10,
        "2": 83,
        "3": 718,
        "4": 6196,
        "5": 20468,
        "6": 43883
    },
    "8440": {
        "0": 1,
        "1": 11,
        "2": 93,
        "3": 797,
        "4": 6861,
        "5": 26411,
        "6": 60859
    },
    "8441": {
        "0": 1,
        "1": 10,
        "2": 84,
        "3": 725,
        "4": 6335,
        "5": 22939,
        "6": 51714
    },
    "8442": {
        "0": 1,
        "1": 10,
        "2": 87,
        "3": 763,
        "4": 6614,
        "5": 24385,
        "6": 59896
    },
    "8443": {
        "0": 1,
        "1": 11,
        "2": 98,
        "3": 857,
        "4": 7433,
        "5": 31703,
        "6": 89755
    },
    "8444": {
        "0": 1,
        "1": 12,
        "2": 103,
        "3": 879,
        "4": 7519,
        "5": 31799,
        "6": 79532
    },
    "8445": {
        "0": 1,
        "1": 14,
        "2": 126,
        "3": 1081,
        "4": 9234,
        "5": 46589,
        "6": 151931
    },
    "8446": {
        "0": 1,
        "1": 11,
        "2": 93,
        "3": 799,
        "4": 6876,
        "5": 26461,
        "6": 57556
    },
    "8447": {
        "0": 1,
        "1": 11,
        "2": 97,
        "3": 841,
        "4": 7287,
        "5": 30605,
        "6": 80642
    },
    "8448": {
        "0": 1,
        "1": 12,
        "2": 107,
        "3": 918,
        "4": 7814,
        "5": 33780,
        "6": 89799
    },
    "8449": {
        "0": 1,
        "1": 11,
        "2": 93,
        "3": 791,
        "4": 6759,
        "5": 25290,
        "6": 56240
    },
    "8450": {
        "0": 1,
        "1": 9,
        "2": 78,
        "3": 689,
        "4": 6100,
        "5": 21399,
        "6": 54896
    },
    "8451": {
        "0": 1,
        "1": 10,
        "2": 92,
        "3": 826,
        "4": 7488,
        "5": 35030,
        "6": 112337
    },
    "8452": {
        "0": 1,
        "1": 12,
        "2": 104,
        "3": 890,
        "4": 7662,
        "5": 33472,
        "6": 93611
    },
    "8453": {
        "0": 1,
        "1": 15,
        "2": 143,
        "3": 1254,
        "4": 10830,
        "5": 60753,
        "6": 225664
    },
    "8454": {
        "0": 1,
        "1": 13,
        "2": 115,
        "3": 987,
        "4": 8441,
        "5": 39478,
        "6": 108024
    },
    "8455": {
        "0": 1,
        "1": 9,
        "2": 77,
        "3": 655,
        "4": 5614,
        "5": 15761,
        "6": 28470
    },
    "8456": {
        "0": 1,
        "1": 12,
        "2": 104,
        "3": 890,
        "4": 7628,
        "5": 33002,
        "6": 99873
    },
    "8457": {
        "0": 1,
        "1": 12,
        "2": 105,
        "3": 901,
        "4": 7747,
        "5": 34054,
        "6": 92481
    },
    "8458": {
        "0": 1,
        "1": 12,
        "2": 107,
        "3": 937,
        "4": 8094,
        "5": 36677,
        "6": 109301
    },
    "8459": {
        "0": 1,
        "1": 12,
        "2": 103,
        "3": 862,
        "4": 7250,
        "5": 28720,
        "6": 69350
    },
    "8460": {
        "0": 1,
        "1": 12,
        "2": 105,
        "3": 885,
        "4": 7461,
        "5": 30311,
        "6": 82034
    },
    "8461": {
        "0": 1,
        "1": 10,
        "2": 89,
        "3": 773,
        "4": 6708,
        "5": 25294,
        "6": 61688
    },
    "8462": {
        "0": 1,
        "1": 13,
        "2": 113,
        "3": 970,
        "4": 8354,
        "5": 39507,
        "6": 110414
    },
    "8463": {
        "0": 1,
        "1": 10,
        "2": 85,
        "3": 740,
        "4": 6446,
        "5": 23386,
        "6": 52383
    },
    "8464": {
        "0": 1,
        "1": 13,
        "2": 114,
        "3": 978,
        "4": 8394,
        "5": 39684,
        "6": 121679
    },
    "8465": {
        "0": 1,
        "1": 10,
        "2": 86,
        "3": 739,
        "4": 6399,
        "5": 22538,
        "6": 56131
    },
    "8466": {
        "0": 1,
        "1": 10,
        "2": 87,
        "3": 759,
        "4": 6585,
        "5": 24251,
        "6": 55152
    },
    "8467": {
        "0": 1,
        "1": 10,
        "2": 85,
        "3": 745,
        "4": 6531,
        "5": 24588,
        "6": 64087
    },
    "8468": {
        "0": 1,
        "1": 11,
        "2": 92,
        "3": 789,
        "4": 6796,
        "5": 26070,
        "6": 56254
    },
    "8469": {
        "0": 1,
        "1": 9,
        "2": 83,
        "3": 743,
        "4": 6600,
        "5": 25388,
        "6": 61496
    },
    "8470": {
        "0": 1,
        "1": 8,
        "2": 69,
        "3": 590,
        "4": 5042,
        "5": 10349,
        "6": 16833
    },
    "8471": {
        "0": 1,
        "1": 10,
        "2": 88,
        "3": 773,
        "4": 6744,
        "5": 25994,
        "6": 68301
    },
    "8472": {
        "0": 1,
        "1": 12,
        "2": 102,
        "3": 856,
        "4": 7253,
        "5": 29285,
        "6": 74489
    },
    "8473": {
        "0": 1,
        "1": 10,
        "2": 82,
        "3": 696,
        "4": 5989,
        "5": 19223,
        "6": 38568
    },
    "8474": {
        "0": 1,
        "1": 10,
        "2": 86,
        "3": 749,
        "4": 6542,
        "5": 24512,
        "6": 55876
    },
    "8475": {
        "0": 1,
        "1": 12,
        "2": 99,
        "3": 829,
        "4": 7028,
        "5": 27141,
        "6": 60319
    },
    "8476": {
        "0": 1,
        "1": 13,
        "2": 117,
        "3": 1015,
        "4": 8815,
        "5": 44315,
        "6": 139624
    },
    "8477": {
        "0": 1,
        "1": 13,
        "2": 114,
        "3": 978,
        "4": 8445,
        "5": 40388,
        "6": 125635
    },
    "8478": {
        "0": 1,
        "1": 9,
        "2": 75,
        "3": 646,
        "4": 5610,
        "5": 16261,
        "6": 28177
    },
    "8479": {
        "0": 1,
        "1": 11,
        "2": 90,
        "3": 759,
        "4": 6485,
        "5": 23127,
        "6": 49909
    },
    "8480": {
        "0": 1,
        "1": 10,
        "2": 89,
        "3": 789,
        "4": 6973,
        "5": 28526,
        "6": 76582
    },
    "8481": {
        "0": 1,
        "1": 11,
        "2": 98,
        "3": 857,
        "4": 7536,
        "5": 33739,
        "6": 96349
    },
    "8482": {
        "0": 1,
        "1": 11,
        "2": 93,
        "3": 784,
        "4": 6612,
        "5": 23075,
        "6": 52901
    },
    "8483": {
        "0": 1,
        "1": 10,
        "2": 85,
        "3": 744,
        "4": 6536,
        "5": 24771,
        "6": 63954
    },
    "8484": {
        "0": 1,
        "1": 14,
        "2": 133,
        "3": 1153,
        "4": 9848,
        "5": 51216,
        "6": 169322
    },
    "8485": {
        "0": 1,
        "1": 13,
        "2": 124,
        "3": 1108,
        "4": 9715,
        "5": 51624,
        "6": 182782
    },
    "8486": {
        "0": 1,
        "1": 9,
        "2": 78,
        "3": 689,
        "4": 6092,
        "5": 21084,
        "6": 47124
    },
    "8487": {
        "0": 1,
        "1": 12,
        "2": 110,
        "3": 1000,
        "4": 8986,
        "5": 47320,
        "6": 153198
    },
    "8488": {
        "0": 1,
        "1": 11,
        "2": 95,
        "3": 808,
        "4": 6896,
        "5": 26424,
        "6": 63725
    },
    "8489": {
        "0": 1,
        "1": 12,
        "2": 103,
        "3": 882,
        "4": 7513,
        "5": 31377,
        "6": 80782
    },
    "8490": {
        "0": 1,
        "1": 10,
        "2": 85,
        "3": 716,
        "4": 6085,
        "5": 19364,
        "6": 39924
    },
    "8491": {
        "0": 1,
        "1": 11,
        "2": 96,
        "3": 844,
        "4": 7427,
        "5": 32806,
        "6": 96923
    },
    "8492": {
        "0": 1,
        "1": 10,
        "2": 86,
        "3": 744,
        "4": 6461,
        "5": 23299,
        "6": 52122
    },
    "8493": {
        "0": 1,
        "1": 10,
        "2": 88,
        "3": 769,
        "4": 6736,
        "5": 26257,
        "6": 67156
    },
    "8494": {
        "0": 1,
        "1": 8,
        "2": 70,
        "3": 609,
        "4": 5298,
        "5": 13413,
        "6": 24666
    },
    "8495": {
        "0": 1,
        "1": 9,
        "2": 77,
        "3": 659,
        "4": 5661,
        "5": 16040,
        "6": 32319
    },
    "8496": {
        "0": 1,
        "1": 12,
        "2": 104,
        "3": 882,
        "4": 7446,
        "5": 30171,
        "6": 77154
    },
    "8497": {
        "0": 1,
        "1": 10,
        "2": 90,
        "3": 805,
        "4": 7146,
        "5": 30313,
        "6": 82592
    },
    "8498": {
        "0": 1,
        "1": 10,
        "2": 86,
        "3": 758,
        "4": 6718,
        "5": 26891,
        "6": 71324
    },
    "8499": {
        "0": 1,
        "1": 10,
        "2": 86,
        "3": 766,
        "4": 6738,
        "5": 25930,
        "6": 65373
    }
}