{
    "7600": {
        "0": 1,
        "1": 9,
        "2": 78,
        "3": 687,
        "4": 6038,
        "5": 20282,
        "6": 43842
    },
    "7601": {
        "0": 1,
        "1": 10,
        "2": 86,
        "3": 754,
        "4": 6632,
        "5": 25639,
        "6": 64512
    },
    "7602": {
        "0": 1,
        "1": 10,
        "2": 88,
        "3": 782,
        "4": 6918,
        "5": 28223,
        "6": 75235
    },
    "7603": {
        "0": 1,
        "1": 10,
        "2": 85,
        "3": 734,
        "4": 6336,
        "5": 21943,
        "6": 42199
    },
    "7604": {
        "0": 1,
        "1": 12,
        "2": 101,
        "3": 842,
        "4": 7072,
        "5": 27054,
        "6": 65527
    },
    "7605": {
        "0": 1,
        "1": 9,
        "2": 76,
        "3": 657,
        "4": 5709,
        "5": 17134,
        "6": 36077
    },
    "7606": {
        "0": 1,
        "1": 9,
        "2": 74,
        "3": 627,
        "4": 5390,
        "5": 14125,
        "6": 25527
    },
    "7607": {
        "0": 1,
        "1": 9,
        "2": 77,
        "3": 676,
        "4": 5923,
        "5": 18383,
        "6": 41778
    },
    "7608": {
        "0": 1,
        "1": 9,
        "2": 77,
        "3": 662,
        "4": 5734,
        "5": 17242,
        "6": 37723
    },
    "7609": {
        "0": 1,
        "1": 11,
        "2": 92,
        "3": 799,
        "4": 6998,
        "5": 28743,
        "6": 76138
    },
    "7610": {
        "0": 1,
        "1": 11,
        "2": 95,
        "3": 815,
        "4": 6990,
        "5": 27018,
        "6": 71755
    },
    "7611": {
        "0": 1,
        "1": 11,
        "2": 94,
        "3": 821,
        "4": 7239,
        "5": 31383,
        "6": 85844
    },
    "7612": {
        "0": 1,
        "1": 11,
        "2": 102,
        "3": 900,
        "4": 7907,
        "5": 36539,
        "6": 119976
    },
    "7613": {
        "0": 1,
        "1": 8,
        "2": 70,
        "3": 614,
        "4": 5397,
        "5": 14734,
        "6": 28898
    },
    "7614": {
        "0": 1,
        "1": 9,
        "2": 75,
        "3": 641,
        "4": 5522,
        "5": 15145,
        "6": 26835
    },
    "7615": {
        "0": 1,
        "1": 11,
        "2": 97,
        "3": 840,
        "4": 7345,
        "5": 31495,
        "6": 86032
    },
    "7616": {
        "0": 1,
        "1": 11,
        "2": 93,
        "3": 792,
        "4": 6785,
        "5": 25559,
        "6": 61281
    },
    "7617": {
        "0": 1,
        "1": 11,
        "2": 99,
        "3": 874,
        "4": 7674,
        "5": 34542,
        "6": 97698
    },
    "7618": {
        "0": 1,
        "1": 10,
        "2": 89,
        "3": 797,
        "4": 7079,
        "5": 29447,
        "6": 77879
    },
    "7619": {
        "0": 1,
        "1": 10,
        "2": 87,
        "3": 767,
        "4": 6745,
        "5": 26497,
        "6": 70062
    },
    "7620": {
        "0": 1,
        "1": 11,
        "2": 95,
        "3": 821,
        "4": 7089,
        "5": 28615,
        "6": 76619
    },
    "7621": {
        "0": 1,
        "1": 11,
        "2": 94,
        "3": 811,
        "4": 7027,
        "5": 28386,
        "6": 78870
    },
    "7622": {
        "0": 1,
        "1": 11,
        "2": 97,
        "3": 840,
        "4": 7260,
        "5": 30126,
        "6": 86829
    },
    "7623": {
        "0": 1,
        "1": 9,
        "2": 77,
        "3": 672,
        "4": 5842,
        "5": 17914,
        "6": 39340
    },
    "7624": {
        "0": 1,
        "1": 10,
        "2": 90,
        "3": 816,
        "4": 7334,
        "5": 33004,
        "6": 112708
    },
    "7625": {
        "0": 1,
        "1": 11,
        "2": 100,
        "3": 881,
        "4": 7670,
        "5": 33842,
        "6": 97508
    },
    "7626": {
        "0": 1,
        "1": 12,
        "2": 106,
        "3": 888,
        "4": 7458,
        "5": 30292,
        "6": 78958
    },
    "7627": {
        "0": 1,
        "1": 12,
        "2": 99,
        "3": 834,
        "4": 7110,
        "5": 28057,
        "6": 66229
    },
    "7628": {
        "0": 1,
        "1": 8,
        "2": 73,
        "3": 663,
        "4": 6026,
        "5": 22053,
        "6": 60516
    },
    "7629": {
        "0": 1,
        "1": 10,
        "2": 87,
        "3": 760,
        "4": 6682,
        "5": 26199,
        "6": 60664
    },
    "7630": {
        "0": 1,
        "1": 11,
        "2": 93,
        "3": 804,
        "4": 6991,
        "5": 28296,
        "6": 72148
    },
    "7631": {
        "0": 1,
        "1": 9,
        "2": 75,
        "3": 649,
        "4": 5675,
        "5": 16980,
        "6": 32896
    },
    "7632": {
        "0": 1,
        "1": 9,
        "2": 76,
        "3": 655,
        "4": 5669,
        "5": 16481,
        "6": 36651
    },
    "7633": {
        "0": 1,
        "1": 11,
        "2": 93,
        "3": 782,
        "4": 6632,
        "5": 23726,
        "6": 56827
    },
    "7634": {
        "0": 1,
        "1": 8,
        "2": 69,
        "3": 598,
        "4": 5200,
        "5": 12607,
        "6": 23853
    },
    "7635": {
        "0": 1,
        "1": 8,
        "2": 70,
        "3": 607,
        "4": 5278,
        "5": 13295,
        "6": 25201
    },
    "7636": {
        "0": 1,
        "1": 10,
        "2": 86,
        "3": 746,
        "4": 6460,
        "5": 23127,
        "6": 47650
    },
    "7637": {
        "0": 1,
        "1": 10,
        "2": 89,
        "3": 788,
        "4": 7018,
        "5": 29822,
        "6": 76244
    },
    "7638": {
        "0": 1,
        "1": 11,
        "2": 98,
        "3": 852,
        "4": 7400,
        "5": 31499,
        "6": 77762
    },
    "7639": {
        "0": 1,
        "1": 10,
        "2": 89,
        "3": 788,
        "4": 6974,
        "5": 29046,
        "6": 79126
    },
    "7640": {
        "0": 1,
        "1": 11,
        "2": 97,
        "3": 853,
        "4": 7488,
        "5": 33173,
        "6": 100747
    },
    "7641": {
        "0": 1,
        "1": 12,
        "2": 107,
        "3": 913,
        "4": 7836,
        "5": 34920,
        "6": 100612
    },
    "7642": {
        "0": 1,
        "1": 10,
        "2": 90,
        "3": 797,
        "4": 7055,
        "5": 29664,
        "6": 77488
    },
    "7643": {
        "0": 1,
        "1": 11,
        "2": 94,
        "3": 807,
        "4": 6974,
        "5": 27823,
        "6": 70097
    },
    "7644": {
        "0": 1,
        "1": 13,
        "2": 122,
        "3": 1087,
        "4": 9578,
        "5": 51482,
        "6": 180416
    },
    "7645": {
        "0": 1,
        "1": 11,
        "2": 100,
        "3": 898,
        "4": 8020,
        "5": 38431,
        "6": 117164
    },
    "7646": {
        "0": 1,
        "1": 12,
        "2": 103,
        "3": 873,
        "4": 7405,
        "5": 30047,
        "6": 70682
    },
    "7647": {
        "0": 1,
        "1": 10,
        "2": 80,
        "3": 663,
        "4": 5582,
        "5": 14693,
        "6": 30602
    },
    "7648": {
        "0": 1,
        "1": 11,
        "2": 98,
        "3": 861,
        "4": 7558,
        "5": 33724,
        "6": 96972
    },
    "7649": {
        "0": 1,
        "1": 9,
        "2": 83,
        "3": 738,
        "4": 6545,
        "5": 25198,
        "6": 69759
    },
    "7650": {
        "0": 1,
        "1": 10,
        "2": 89,
        "3": 806,
        "4": 7242,
        "5": 32059,
        "6": 86432
    },
    "7651": {
        "0": 1,
        "1": 10,
        "2": 88,
        "3": 764,
        "4": 6654,
        "5": 25256,
        "6": 61164
    },
    "7652": {
        "0": 1,
        "1": 8,
        "2": 71,
        "3": 622,
        "4": 5441,
        "5": 14769,
        "6": 26438
    },
    "7653": {
        "0": 1,
        "1": 9,
        "2": 80,
        "3": 717,
        "4": 6355,
        "5": 23216,
        "6": 54895
    },
    "7654": {
        "0": 1,
        "1": 10,
        "2": 86,
        "3": 745,
        "4": 6470,
        "5": 23596,
        "6": 57550
    },
    "7655": {
        "0": 1,
        "1": 9,
        "2": 78,
        "3": 679,
        "4": 5922,
        "5": 18972,
        "6": 38605
    },
    "7656": {
        "0": 1,
        "1": 12,
        "2": 106,
        "3": 914,
        "4": 7889,
        "5": 35485,
        "6": 104202
    },
    "7657": {
        "0": 1,
        "1": 10,
        "2": 86,
        "3": 751,
        "4": 6568,
        "5": 24860,
        "6": 64728
    },
    "7658": {
        "0": 1,
        "1": 10,
        "2": 90,
        "3": 798,
        "4": 7047,
        "5": 29300,
        "6": 85614
    },
    "7659": {
        "0": 1,
        "1": 11,
        "2": 92,
        "3": 776,
        "4": 6652,
        "5": 24697,
        "6": 62966
    },
    "7660": {
        "0": 1,
        "1": 10,
        "2": 85,
        "3": 736,
        "4": 6415,
        "5": 23298,
        "6": 50419
    },
    "7661": {
        "0": 1,
        "1": 11,
        "2": 92,
        "3": 789,
        "4": 6822,
        "5": 26591,
        "6": 60801
    },
    "7662": {
        "0": 1,
        "1": 10,
        "2": 85,
        "3": 738,
        "4": 6454,
        "5": 23880,
        "6": 60682
    },
    "7663": {
        "0": 1,
        "1": 11,
        "2": 92,
        "3": 775,
        "4": 6600,
        "5": 24018,
        "6": 55757
    },
    "7664": {
        "0": 1,
        "1": 10,
        "2": 79,
        "3": 646,
        "4": 5402,
        "5": 13045,
        "6": 26812
    },
    "7665": {
        "0": 1,
        "1": 14,
        "2": 125,
        "3": 1071,
        "4": 9133,
        "5": 45359,
        "6": 136697
    },
    "7666": {
        "0": 1,
        "1": 11,
        "2": 94,
        "3": 792,
        "4": 6702,
        "5": 24064,
        "6": 55863
    },
    "7667": {
        "0": 1,
        "1": 12,
        "2": 110,
        "3": 966,
        "4": 8411,
        "5": 40316,
        "6": 130563
    },
    "7668": {
        "0": 1,
        "1": 9,
        "2": 77,
        "3": 660,
        "4": 5694,
        "5": 16529,
        "6": 33858
    },
    "7669": {
        "0": 1,
        "1": 12,
        "2": 100,
        "3": 838,
        "4": 7105,
        "5": 27971,
        "6": 61490
    },
    "7670": {
        "0": 1,
        "1": 11,
        "2": 100,
        "3": 892,
        "4": 7897,
        "5": 37047,
        "6": 110039
    },
    "7671": {
        "0": 1,
        "1": 10,
        "2": 86,
        "3": 753,
        "4": 6660,
        "5": 26196,
        "6": 66288
    },
    "7672": {
        "0": 1,
        "1": 12,
        "2": 103,
        "3": 873,
        "4": 7412,
        "5": 30404,
        "6": 77924
    },
    "7673": {
        "0": 1,
        "1": 10,
        "2": 85,
        "3": 765,
        "4": 6824,
        "5": 27938,
        "6": 74062
    },
    "7674": {
        "0": 1,
        "1": 11,
        "2": 95,
        "3": 808,
        "4": 6886,
        "5": 26091,
        "6": 62163
    },
    "7675": {
        "0": 1,
        "1": 12,
        "2": 106,
        "3": 916,
        "4": 7855,
        "5": 34569,
        "6": 94562
    },
    "7676": {
        "0": 1,
        "1": 13,
        "2": 118,
        "3": 1020,
        "4": 8771,
        "5": 42989,
        "6": 136940
    },
    "7677": {
        "0": 1,
        "1": 10,
        "2": 82,
        "3": 684,
        "4": 5704,
        "5": 14976,
        "6": 23148
    },
    "7678": {
        "0": 1,
        "1": 10,
        "2": 89,
        "3": 800,
        "4": 7191,
        "5": 31679,
        "6": 92155
    },
    "7679": {
        "0": 1,
        "1": 11,
        "2": 94,
        "3": 814,
        "4": 7070,
        "5": 28762,
        "6": 73139
    },
    "7680": {
        "0": 1,
        "1": 11,
        "2": 96,
        "3": 830,
        "4": 7204,
        "5": 30108,
        "6": 81996
    },
    "7681": {
        "0": 1,
        "1": 10,
        "2": 88,
        "3": 775,
        "4": 6845,
        "5": 27810,
        "6": 71168
    },
    "7682": {
        "0": 1,
        "1": 11,
        "2": 91,
        "3": 779,
        "4": 6714,
        "5": 25274,
        "6": 59548
    },
    "7683": {
        "0": 1,
        "1": 11,
        "2": 91,
        "3": 755,
        "4": 6329,
        "5": 20605,
        "6": 47493
    },
    "7684": {
        "0": 1,
        "1": 11,
        "2": 93,
        "3": 798,
        "4": 6841,
        "5": 26055,
        "6": 67705
    },
    "7685": {
        "0": 1,
        "1": 10,
        "2": 82,
        "3": 696,
        "4": 5959,
        "5": 18676,
        "6": 44975
    },
    "7686": {
        "0": 1,
        "1": 10,
        "2": 86,
        "3": 754,
        "4": 6604,
        "5": 25042,
        "6": 63800
    },
    "7687": {
        "0": 1,
        "1": 11,
        "2": 99,
        "3": 885,
        "4": 7876,
        "5": 37159,
        "6": 109488
    },
    "7688": {
        "0": 1,
        "1": 11,
        "2": 98,
        "3": 876,
        "4": 7783,
        "5": 35874,
        "6": 101868
    },
    "7689": {
        "0": 1,
        "1": 13,
        "2": 113,
        "3": 953,
        "4": 8104,
        "5": 36752,
        "6": 107935
    },
    "7690": {
        "0": 1,
        "1": 11,
        "2": 99,
        "3": 869,
        "4": 7616,
        "5": 34306,
        "6": 95361
    },
    "7691": {
        "0": 1,
        "1": 10,
        "2": 83,
        "3": 697,
        "4": 5937,
        "5": 18018,
        "6": 36956
    },
    "7692": {
        "0": 1,
        "1": 9,
        "2": 79,
        "3": 696,
        "4": 6147,
        "5": 21534,
        "6": 49411
    },
    "7693": {
        "0": 1,
        "1": 13,
        "2": 114,
        "3": 982,
        "4": 8472,
        "5": 40332,
        "6": 120801
    },
    "7694": {
        "0": 1,
        "1": 11,
        "2": 91,
        "3": 756,
        "4": 6370,
        "5": 21386,
        "6": 47313
    },
    "7695": {
        "0": 1,
        "1": 10,
        "2": 85,
        "3": 740,
        "4": 6527,
        "5": 24942,
        "6": 64956
    },
    "7696": {
        "0": 1,
        "1": 12,
        "2": 103,
        "3": 864,
        "4": 7330,
        "5": 29909,
        "6": 71074
    },
    "7697": {
        "0": 1,
        "1": 9,
        "2": 77,
        "3": 662,
        "4": 5718,
        "5": 16921,
        "6": 35912
    },
    "7698": {
        "0": 1,
        "1": 10,
        "2": 82,
        "3": 687,
        "4": 5843,
        "5": 17417,
        "6": 36083
    },
    "7699": {
        "0": 1,
        "1": 10,
        "2": 87,
        "3": 748,
        "4": 6447,
        "5": 23083,
        "6": 55062
    }
}