{
    "10800": {
        "0": 1,
        "1": 12,
        "2": 107,
        "3": 936,
        "4": 8201,
        "5": 39272,
        "6": 117523
    },
    "10801": {
        "0": 1,
        "1": 10,
        "2": 84,
        "3": 705,
        "4": 5964,
        "5": 18088,
        "6": 40327
    },
    "10802": {
        "0": 1,
        "1": 12,
        "2": 108,
        "3": 941,
        "4": 8174,
        "5": 38093,
        "6": 119195
    },
    "10803": {
        "0": 1,
        "1": 9,
        "2": 75,
        "3": 647,
        "4": 5609,
        "5": 16018,
        "6": 32796
    },
    "10804": {
        "0": 1,
        "1": 13,
        "2": 110,
        "3": 908,
        "4": 7555,
        "5": 30583,
        "6": 71830
    },
    "10805": {
        "0": 1,
        "1": 12,
        "2": 104,
        "3": 901,
        "4": 7819,
        "5": 35177,
        "6": 102757
    },
    "10806": {
        "0": 1,
        "1": 12,
        "2": 102,
        "3": 862,
        "4": 7302,
        "5": 29248,
        "6": 66147
    },
    "10807": {
        "0": 1,
        "1": 8,
        "2": 72,
        "3": 639,
        "4": 5680,
        "5": 17613,
        "6": 37355
    },
    "10808": {
        "0": 1,
        "1": 11,
        "2": 98,
        "3": 841,
        "4": 7208,
        "5": 29121,
        "6": 75027
    },
    "10809": {
        "0": 1,
        "1": 11,
        "2": 96,
        "3": 831,
        "4": 7251,
        "5": 30861,
        "6": 90557
    },
    "10810": {
        "0": 1,
        "1": 12,
        "2": 108,
        "3": 953,
        "4": 8371,
        "5": 40774,
        "6": 127064
    },
    "10811": {
        "0": 1,
        "1": 11,
        "2": 97,
        "3": 843,
        "4": 7351,
        "5": 31370,
        "6": 82227
    },
    "10812": {
        "0": 1,
        "1": 10,
        "2": 85,
        "3": 712,
        "4": 6000,
        "5": 18033,
        "6": 34012
    },
    "10813": {
        "0": 1,
        "1": 10,
        "2": 84,
        "3": 723,
        "4": 6261,
        "5": 21689,
        "6": 45905
    },
    "10814": {
        "0": 1,
        "1": 12,
        "2": 106,
        "3": 920,
        "4": 7960,
        "5": 36296,
        "6": 109765
    },
    "10815": {
        "0": 1,
        "1": 9,
        "2": 76,
        "3": 664,
        "4": 5816,
        "5": 17936,
        "6": 34495
    },
    "10816": {
        "0": 1,
        "1": 10,
        "2": 89,
        "3": 791,
        "4": 7002,
        "5": 28980,
        "6": 77813
    },
    "10817": {
        "0": 1,
        "1": 11,
        "2": 97,
        "3": 843,
        "4": 7334,
        "5": 31042,
        "6": 94354
    },
    "10818": {
        "0": 1,
        "1": 10,
        "2": 85,
        "3": 759,
        "4": 6701,
        "5": 25957,
        "6": 60636
    },
    "10819": {
        "0": 1,
        "1": 11,
        "2": 96,
        "3": 823,
        "4": 7056,
        "5": 27807,
        "6": 70258
    },
    "10820": {
        "0": 1,
        "1": 10,
        "2": 86,
        "3": 747,
        "4": 6503,
        "5": 23829,
        "6": 57949
    },
    "10821": {
        "0": 1,
        "1": 11,
        "2": 97,
        "3": 838,
        "4": 7225,
        "5": 29624,
        "6": 75568
    },
    "10822": {
        "0": 1,
        "1": 10,
        "2": 83,
        "3": 703,
        "4": 6001,
        "5": 18563,
        "6": 33340
    },
    "10823": {
        "0": 1,
        "1": 12,
        "2": 101,
        "3": 853,
        "4": 7273,
        "5": 29698,
        "6": 70981
    },
    "10824": {
        "0": 1,
        "1": 10,
        "2": 89,
        "3": 799,
        "4": 7098,
        "5": 29864,
        "6": 80462
    },
    "10825": {
        "0": 1,
        "1": 11,
        "2": 93,
        "3": 812,
        "4": 7145,
        "5": 30384,
        "6": 88023
    },
    "10826": {
        "0": 1,
        "1": 11,
        "2": 91,
        "3": 759,
        "4": 6391,
        "5": 21360,
        "6": 42312
    },
    "10827": {
        "0": 1,
        "1": 10,
        "2": 85,
        "3": 732,
        "4": 6315,
        "5": 21489,
        "6": 51920
    },
    "10828": {
        "0": 1,
        "1": 11,
        "2": 100,
        "3": 868,
        "4": 7497,
        "5": 31797,
        "6": 90530
    },
    "10829": {
        "0": 1,
        "1": 12,
        "2": 101,
        "3": 848,
        "4": 7207,
        "5": 29065,
        "6": 67278
    },
    "10830": {
        "0": 1,
        "1": 11,
        "2": 93,
        "3": 792,
        "4": 6815,
        "5": 26235,
        "6": 65009
    },
    "10831": {
        "0": 1,
        "1": 10,
        "2": 87,
        "3": 761,
        "4": 6615,
        "5": 24583,
        "6": 52660
    },
    "10832": {
        "0": 1,
        "1": 9,
        "2": 75,
        "3": 633,
        "4": 5368,
        "5": 13044,
        "6": 18273
    },
    "10833": {
        "0": 1,
        "1": 10,
        "2": 84,
        "3": 711,
        "4": 6018,
        "5": 18428,
        "6": 38712
    },
    "10834": {
        "0": 1,
        "1": 10,
        "2": 90,
        "3": 799,
        "4": 7085,
        "5": 29816,
        "6": 86069
    },
    "10835": {
        "0": 1,
        "1": 9,
        "2": 75,
        "3": 643,
        "4": 5550,
        "5": 14944,
        "6": 30668
    },
    "10836": {
        "0": 1,
        "1": 11,
        "2": 98,
        "3": 856,
        "4": 7453,
        "5": 32116,
        "6": 90937
    },
    "10837": {
        "0": 1,
        "1": 13,
        "2": 119,
        "3": 1034,
        "4": 8919,
        "5": 44113,
        "6": 132868
    },
    "10838": {
        "0": 1,
        "1": 9,
        "2": 77,
        "3": 669,
        "4": 5806,
        "5": 17702,
        "6": 38129
    },
    "10839": {
        "0": 1,
        "1": 12,
        "2": 103,
        "3": 877,
        "4": 7483,
        "5": 31278,
        "6": 80975
    },
    "10840": {
        "0": 1,
        "1": 12,
        "2": 105,
        "3": 915,
        "4": 7991,
        "5": 37317,
        "6": 103794
    },
    "10841": {
        "0": 1,
        "1": 13,
        "2": 117,
        "3": 1008,
        "4": 8697,
        "5": 42538,
        "6": 125803
    },
    "10842": {
        "0": 1,
        "1": 13,
        "2": 117,
        "3": 1006,
        "4": 8642,
        "5": 41781,
        "6": 126110
    },
    "10843": {
        "0": 1,
        "1": 10,
        "2": 86,
        "3": 744,
        "4": 6448,
        "5": 23106,
        "6": 51010
    },
    "10844": {
        "0": 1,
        "1": 9,
        "2": 77,
        "3": 683,
        "4": 6066,
        "5": 21062,
        "6": 50607
    },
    "10845": {
        "0": 1,
        "1": 11,
        "2": 94,
        "3": 805,
        "4": 6949,
        "5": 27599,
        "6": 68838
    },
    "10846": {
        "0": 1,
        "1": 10,
        "2": 88,
        "3": 788,
        "4": 7053,
        "5": 30071,
        "6": 80774
    },
    "10847": {
        "0": 1,
        "1": 11,
        "2": 98,
        "3": 862,
        "4": 7534,
        "5": 32577,
        "6": 90007
    },
    "10848": {
        "0": 1,
        "1": 15,
        "2": 148,
        "3": 1319,
        "4": 11428,
        "5": 66012,
        "6": 257231
    },
    "10849": {
        "0": 1,
        "1": 10,
        "2": 91,
        "3": 817,
        "4": 7257,
        "5": 31328,
        "6": 92042
    },
    "10850": {
        "0": 1,
        "1": 10,
        "2": 82,
        "3": 680,
        "4": 5733,
        "5": 15990,
        "6": 31980
    },
    "10851": {
        "0": 1,
        "1": 9,
        "2": 74,
        "3": 616,
        "4": 5184,
        "5": 11194,
        "6": 21062
    },
    "10852": {
        "0": 1,
        "1": 11,
        "2": 95,
        "3": 821,
        "4": 7142,
        "5": 28949,
        "6": 71359
    },
    "10853": {
        "0": 1,
        "1": 13,
        "2": 111,
        "3": 929,
        "4": 7842,
        "5": 34128,
        "6": 95248
    },
    "10854": {
        "0": 1,
        "1": 12,
        "2": 106,
        "3": 918,
        "4": 7969,
        "5": 36501,
        "6": 102532
    },
    "10855": {
        "0": 1,
        "1": 10,
        "2": 84,
        "3": 713,
        "4": 6091,
        "5": 19539,
        "6": 45335
    },
    "10856": {
        "0": 1,
        "1": 12,
        "2": 102,
        "3": 875,
        "4": 7612,
        "5": 34012,
        "6": 88576
    },
    "10857": {
        "0": 1,
        "1": 9,
        "2": 77,
        "3": 678,
        "4": 5936,
        "5": 19154,
        "6": 38767
    },
    "10858": {
        "0": 1,
        "1": 10,
        "2": 81,
        "3": 703,
        "4": 6117,
        "5": 20450,
        "6": 47093
    },
    "10859": {
        "0": 1,
        "1": 11,
        "2": 94,
        "3": 816,
        "4": 7104,
        "5": 29152,
        "6": 82428
    },
    "10860": {
        "0": 1,
        "1": 11,
        "2": 100,
        "3": 890,
        "4": 7815,
        "5": 35413,
        "6": 99962
    },
    "10861": {
        "0": 1,
        "1": 13,
        "2": 115,
        "3": 977,
        "4": 8298,
        "5": 38144,
        "6": 105614
    },
    "10862": {
        "0": 1,
        "1": 10,
        "2": 83,
        "3": 710,
        "4": 6118,
        "5": 20174,
        "6": 44952
    },
    "10863": {
        "0": 1,
        "1": 10,
        "2": 85,
        "3": 726,
        "4": 6197,
        "5": 20276,
        "6": 51491
    },
    "10864": {
        "0": 1,
        "1": 11,
        "2": 96,
        "3": 836,
        "4": 7311,
        "5": 31438,
        "6": 84976
    },
    "10865": {
        "0": 1,
        "1": 11,
        "2": 95,
        "3": 826,
        "4": 7195,
        "5": 29995,
        "6": 80696
    },
    "10866": {
        "0": 1,
        "1": 12,
        "2": 104,
        "3": 892,
        "4": 7674,
        "5": 33595,
        "6": 89656
    },
    "10867": {
        "0": 1,
        "1": 12,
        "2": 102,
        "3": 851,
        "4": 7144,
        "5": 27793,
        "6": 72299
    },
    "10868": {
        "0": 1,
        "1": 9,
        "2": 75,
        "3": 628,
        "4": 5343,
        "5": 13216,
        "6": 27225
    },
    "10869": {
        "0": 1,
        "1": 8,
        "2": 69,
        "3": 594,
        "4": 5137,
        "5": 11861,
        "6": 19872
    },
    "10870": {
        "0": 1,
        "1": 10,
        "2": 81,
        "3": 689,
        "4": 5931,
        "5": 18545,
        "6": 36438
    },
    "10871": {
        "0": 1,
        "1": 13,
        "2": 120,
        "3": 1053,
        "4": 9178,
        "5": 47351,
        "6": 155461
    },
    "10872": {
        "0": 1,
        "1": 9,
        "2": 79,
        "3": 689,
        "4": 6090,
        "5": 21431,
        "6": 57100
    },
    "10873": {
        "0": 1,
        "1": 11,
        "2": 92,
        "3": 783,
        "4": 6663,
        "5": 23970,
        "6": 49845
    },
    "10874": {
        "0": 1,
        "1": 12,
        "2": 101,
        "3": 836,
        "4": 6946,
        "5": 25458,
        "6": 60798
    },
    "10875": {
        "0": 1,
        "1": 9,
        "2": 81,
        "3": 720,
        "4": 6375,
        "5": 23685,
        "6": 64524
    },
    "10876": {
        "0": 1,
        "1": 11,
        "2": 93,
        "3": 790,
        "4": 6784,
        "5": 25813,
        "6": 63074
    },
    "10877": {
        "0": 1,
        "1": 12,
        "2": 108,
        "3": 945,
        "4": 8218,
        "5": 38733,
        "6": 124022
    },
    "10878": {
        "0": 1,
        "1": 11,
        "2": 99,
        "3": 883,
        "4": 7831,
        "5": 36391,
        "6": 109930
    },
    "10879": {
        "0": 1,
        "1": 11,
        "2": 95,
        "3": 837,
        "4": 7384,
        "5": 31826,
        "6": 90838
    },
    "10880": {
        "0": 1,
        "1": 13,
        "2": 114,
        "3": 960,
        "4": 8088,
        "5": 35287,
        "6": 91369
    },
    "10881": {
        "0": 1,
        "1": 10,
        "2": 83,
        "3": 691,
        "4": 5817,
        "5": 16695,
        "6": 37947
    },
    "10882": {
        "0": 1,
        "1": 9,
        "2": 78,
        "3": 679,
        "4": 5894,
        "5": 18194,
        "6": 36737
    },
    "10883": {
        "0": 1,
        "1": 13,
        "2": 105,
        "3": 854,
        "4": 7086,
        "5": 26778,
        "6": 53930
    },
    "10884": {
        "0": 1,
        "1": 8,
        "2": 69,
        "3": 603,
        "4": 5276,
        "5": 13438,
        "6": 26977
    },
    "10885": {
        "0": 1,
        "1": 9,
        "2": 73,
        "3": 608,
        "4": 5136,
        "5": 11222,
        "6": 19734
    },
    "10886": {
        "0": 1,
        "1": 11,
        "2": 96,
        "3": 834,
        "4": 7281,
        "5": 30895,
        "6": 90454
    },
    "10887": {
        "0": 1,
        "1": 11,
        "2": 93,
        "3": 774,
        "4": 6461,
        "5": 21483,
        "6": 44929
    },
    "10888": {
        "0": 1,
        "1": 10,
        "2": 87,
        "3": 749,
        "4": 6447,
        "5": 22822,
        "6": 53323
    },
    "10889": {
        "0": 1,
        "1": 10,
        "2": 88,
        "3": 783,
        "4": 6939,
        "5": 28553,
        "6": 72022
    },
    "10890": {
        "0": 1,
        "1": 11,
        "2": 94,
        "3": 793,
        "4": 6742,
        "5": 24795,
        "6": 58314
    },
    "10891": {
        "0": 1,
        "1": 11,
        "2": 95,
        "3": 822,
        "4": 7120,
        "5": 28985,
        "6": 83114
    },
    "10892": {
        "0": 1,
        "1": 11,
        "2": 94,
        "3": 811,
        "4": 7053,
        "5": 28775,
        "6": 76386
    },
    "10893": {
        "0": 1,
        "1": 10,
        "2": 88,
        "3": 776,
        "4": 6849,
        "5": 27826,
        "6": 77856
    },
    "10894": {
        "0": 1,
        "1": 12,
        "2": 103,
        "3": 896,
        "4": 7851,
        "5": 36185,
        "6": 105534
    },
    "10895": {
        "0": 1,
        "1": 11,
        "2": 94,
        "3": 816,
        "4": 7086,
        "5": 28802,
        "6": 64869
    },
    "10896": {
        "0": 1,
        "1": 11,
        "2": 100,
        "3": 874,
        "4": 7640,
        "5": 34176,
        "6": 96965
    },
    "10897": {
        "0": 1,
        "1": 9,
        "2": 74,
        "3": 637,
        "4": 5563,
        "5": 16384,
        "6": 35718
    },
    "10898": {
        "0": 1,
        "1": 11,
        "2": 93,
        "3": 797,
        "4": 6848,
        "5": 25739,
        "6": 59981
    },
    "10899": {
        "0": 1,
        "1": 11,
        "2": 97,
        "3": 848,
        "4": 7407,
        "5": 32006,
        "6": 87077
    }
}