{
    "5500": {
        "0": 1,
        "1": 10,
        "2": 84,
        "3": 719,
        "4": 6170,
        "5": 20137,
        "6": 40018
    },
    "5501": {
        "0": 1,
        "1": 10,
        "2": 87,
        "3": 758,
        "4": 6622,
        "5": 25203,
        "6": 66181
    },
    "5502": {
        "0": 1,
        "1": 10,
        "2": 83,
        "3": 703,
        "4": 6030,
        "5": 19308,
        "6": 47167
    },
    "5503": {
        "0": 1,
        "1": 11,
        "2": 95,
        "3": 839,
        "4": 7381,
        "5": 31952,
        "6": 88259
    },
    "5504": {
        "0": 1,
        "1": 17,
        "2": 161,
        "3": 1371,
        "4": 11544,
        "5": 65126,
        "6": 220061
    },
    "5505": {
        "0": 1,
        "1": 12,
        "2": 105,
        "3": 903,
        "4": 7760,
        "5": 34084,
        "6": 93958
    },
    "5506": {
        "0": 1,
        "1": 8,
        "2": 76,
        "3": 704,
        "4": 6494,
        "5": 26826,
        "6": 76452
    },
    "5507": {
        "0": 1,
        "1": 11,
        "2": 100,
        "3": 867,
        "4": 7506,
        "5": 32187,
        "6": 90961
    },
    "5508": {
        "0": 1,
        "1": 9,
        "2": 78,
        "3": 695,
        "4": 6141,
        "5": 21130,
        "6": 48484
    },
    "5509": {
        "0": 1,
        "1": 11,
        "2": 97,
        "3": 841,
        "4": 7318,
        "5": 31155,
        "6": 86138
    },
    "5510": {
        "0": 1,
        "1": 11,
        "2": 98,
        "3": 855,
        "4": 7411,
        "5": 31200,
        "6": 80300
    },
    "5511": {
        "0": 1,
        "1": 11,
        "2": 96,
        "3": 827,
        "4": 7176,
        "5": 29636,
        "6": 78649
    },
    "5512": {
        "0": 1,
        "1": 13,
        "2": 116,
        "3": 1001,
        "4": 8625,
        "5": 41844,
        "6": 129805
    },
    "5513": {
        "0": 1,
        "1": 10,
        "2": 87,
        "3": 759,
        "4": 6590,
        "5": 24240,
        "6": 57968
    },
    "5514": {
        "0": 1,
        "1": 10,
        "2": 84,
        "3": 732,
        "4": 6366,
        "5": 22716,
        "6": 50026
    },
    "5515": {
        "0": 1,
        "1": 12,
        "2": 105,
        "3": 906,
        "4": 7796,
        "5": 34346,
        "6": 90046
    },
    "5516": {
        "0": 1,
        "1": 10,
        "2": 84,
        "3": 709,
        "4": 6014,
        "5": 18445,
        "6": 40792
    },
    "5517": {
        "0": 1,
        "1": 10,
        "2": 87,
        "3": 764,
        "4": 6745,
        "5": 26995,
        "6": 68911
    },
    "5518": {
        "0": 1,
        "1": 11,
        "2": 90,
        "3": 747,
        "4": 6235,
        "5": 19532,
        "6": 39248
    },
    "5519": {
        "0": 1,
        "1": 10,
        "2": 87,
        "3": 752,
        "4": 6486,
        "5": 22913,
        "6": 58795
    },
    "5520": {
        "0": 1,
        "1": 10,
        "2": 89,
        "3": 785,
        "4": 6923,
        "5": 28331,
        "6": 72937
    },
    "5521": {
        "0": 1,
        "1": 10,
        "2": 83,
        "3": 711,
        "4": 6134,
        "5": 20435,
        "6": 43190
    },
    "5522": {
        "0": 1,
        "1": 12,
        "2": 103,
        "3": 854,
        "4": 7145,
        "5": 27884,
        "6": 74861
    },
    "5523": {
        "0": 1,
        "1": 11,
        "2": 93,
        "3": 788,
        "4": 6703,
        "5": 24320,
        "6": 50496
    },
    "5524": {
        "0": 1,
        "1": 11,
        "2": 94,
        "3": 795,
        "4": 6774,
        "5": 25276,
        "6": 58579
    },
    "5525": {
        "0": 1,
        "1": 11,
        "2": 97,
        "3": 847,
        "4": 7425,
        "5": 32473,
        "6": 83398
    },
    "5526": {
        "0": 1,
        "1": 8,
        "2": 71,
        "3": 632,
        "4": 5643,
        "5": 17250,
        "6": 35170
    },
    "5527": {
        "0": 1,
        "1": 11,
        "2": 95,
        "3": 830,
        "4": 7282,
        "5": 30979,
        "6": 90541
    },
    "5528": {
        "0": 1,
        "1": 10,
        "2": 86,
        "3": 745,
        "4": 6466,
        "5": 23452,
        "6": 57450
    },
    "5529": {
        "0": 1,
        "1": 10,
        "2": 84,
        "3": 723,
        "4": 6243,
        "5": 21041,
        "6": 50960
    },
    "5530": {
        "0": 1,
        "1": 10,
        "2": 86,
        "3": 741,
        "4": 6442,
        "5": 23435,
        "6": 59548
    },
    "5531": {
        "0": 1,
        "1": 11,
        "2": 94,
        "3": 805,
        "4": 6873,
        "5": 25964,
        "6": 64544
    },
    "5532": {
        "0": 1,
        "1": 11,
        "2": 95,
        "3": 821,
        "4": 7182,
        "5": 30258,
        "6": 80446
    },
    "5533": {
        "0": 1,
        "1": 11,
        "2": 93,
        "3": 777,
        "4": 6554,
        "5": 23048,
        "6": 56718
    },
    "5534": {
        "0": 1,
        "1": 11,
        "2": 99,
        "3": 872,
        "4": 7631,
        "5": 33787,
        "6": 102953
    },
    "5535": {
        "0": 1,
        "1": 11,
        "2": 94,
        "3": 801,
        "4": 6850,
        "5": 26122,
        "6": 63491
    },
    "5536": {
        "0": 1,
        "1": 13,
        "2": 118,
        "3": 1033,
        "4": 8945,
        "5": 44506,
        "6": 141613
    },
    "5537": {
        "0": 1,
        "1": 11,
        "2": 97,
        "3": 849,
        "4": 7407,
        "5": 31988,
        "6": 93070
    },
    "5538": {
        "0": 1,
        "1": 10,
        "2": 86,
        "3": 725,
        "4": 6184,
        "5": 20287,
        "6": 42317
    },
    "5539": {
        "0": 1,
        "1": 12,
        "2": 104,
        "3": 902,
        "4": 7832,
        "5": 35172,
        "6": 98622
    },
    "5540": {
        "0": 1,
        "1": 10,
        "2": 89,
        "3": 781,
        "4": 6796,
        "5": 26290,
        "6": 68256
    },
    "5541": {
        "0": 1,
        "1": 13,
        "2": 118,
        "3": 1034,
        "4": 8974,
        "5": 44827,
        "6": 139684
    },
    "5542": {
        "0": 1,
        "1": 12,
        "2": 106,
        "3": 918,
        "4": 7908,
        "5": 35306,
        "6": 101128
    },
    "5543": {
        "0": 1,
        "1": 9,
        "2": 77,
        "3": 649,
        "4": 5526,
        "5": 14686,
        "6": 31469
    },
    "5544": {
        "0": 1,
        "1": 11,
        "2": 94,
        "3": 796,
        "4": 6806,
        "5": 25777,
        "6": 64422
    },
    "5545": {
        "0": 1,
        "1": 10,
        "2": 88,
        "3": 767,
        "4": 6664,
        "5": 25184,
        "6": 62052
    },
    "5546": {
        "0": 1,
        "1": 10,
        "2": 86,
        "3": 750,
        "4": 6556,
        "5": 24272,
        "6": 61381
    },
    "5547": {
        "0": 1,
        "1": 11,
        "2": 98,
        "3": 867,
        "4": 7638,
        "5": 34249,
        "6": 100319
    },
    "5548": {
        "0": 1,
        "1": 11,
        "2": 94,
        "3": 809,
        "4": 6957,
        "5": 27007,
        "6": 60381
    },
    "5549": {
        "0": 1,
        "1": 15,
        "2": 136,
        "3": 1150,
        "4": 9701,
        "5": 49602,
        "6": 166070
    },
    "5550": {
        "0": 1,
        "1": 11,
        "2": 89,
        "3": 746,
        "4": 6318,
        "5": 21016,
        "6": 47849
    },
    "5551": {
        "0": 1,
        "1": 11,
        "2": 95,
        "3": 820,
        "4": 7094,
        "5": 28894,
        "6": 81907
    },
    "5552": {
        "0": 1,
        "1": 10,
        "2": 85,
        "3": 735,
        "4": 6326,
        "5": 21529,
        "6": 49331
    },
    "5553": {
        "0": 1,
        "1": 11,
        "2": 92,
        "3": 792,
        "4": 6846,
        "5": 26515,
        "6": 60873
    },
    "5554": {
        "0": 1,
        "1": 11,
        "2": 95,
        "3": 807,
        "4": 6834,
        "5": 25180,
        "6": 58596
    },
    "5555": {
        "0": 1,
        "1": 11,
        "2": 94,
        "3": 807,
        "4": 6979,
        "5": 28061,
        "6": 71756
    },
    "5556": {
        "0": 1,
        "1": 14,
        "2": 121,
        "3": 1014,
        "4": 8657,
        "5": 41975,
        "6": 128320
    },
    "5557": {
        "0": 1,
        "1": 10,
        "2": 84,
        "3": 730,
        "4": 6345,
        "5": 22412,
        "6": 46433
    },
    "5558": {
        "0": 1,
        "1": 11,
        "2": 99,
        "3": 878,
        "4": 7714,
        "5": 34920,
        "6": 107574
    },
    "5559": {
        "0": 1,
        "1": 9,
        "2": 77,
        "3": 658,
        "4": 5669,
        "5": 16363,
        "6": 29395
    },
    "5560": {
        "0": 1,
        "1": 10,
        "2": 86,
        "3": 742,
        "4": 6394,
        "5": 22356,
        "6": 49513
    },
    "5561": {
        "0": 1,
        "1": 11,
        "2": 98,
        "3": 846,
        "4": 7299,
        "5": 30336,
        "6": 78459
    },
    "5562": {
        "0": 1,
        "1": 10,
        "2": 83,
        "3": 725,
        "4": 6323,
        "5": 22216,
        "6": 46656
    },
    "5563": {
        "0": 1,
        "1": 13,
        "2": 114,
        "3": 974,
        "4": 8281,
        "5": 37610,
        "6": 103280
    },
    "5564": {
        "0": 1,
        "1": 11,
        "2": 95,
        "3": 818,
        "4": 7115,
        "5": 29375,
        "6": 78503
    },
    "5565": {
        "0": 1,
        "1": 14,
        "2": 128,
        "3": 1099,
        "4": 9322,
        "5": 46189,
        "6": 137095
    },
    "5566": {
        "0": 1,
        "1": 11,
        "2": 94,
        "3": 808,
        "4": 6985,
        "5": 27614,
        "6": 66251
    },
    "5567": {
        "0": 1,
        "1": 9,
        "2": 79,
        "3": 703,
        "4": 6231,
        "5": 22315,
        "6": 55617
    },
    "5568": {
        "0": 1,
        "1": 13,
        "2": 116,
        "3": 983,
        "4": 8259,
        "5": 36789,
        "6": 106400
    },
    "5569": {
        "0": 1,
        "1": 10,
        "2": 91,
        "3": 817,
        "4": 7323,
        "5": 32530,
        "6": 99879
    },
    "5570": {
        "0": 1,
        "1": 12,
        "2": 109,
        "3": 949,
        "4": 8211,
        "5": 38221,
        "6": 114428
    },
    "5571": {
        "0": 1,
        "1": 12,
        "2": 107,
        "3": 944,
        "4": 8275,
        "5": 39391,
        "6": 112037
    },
    "5572": {
        "0": 1,
        "1": 10,
        "2": 88,
        "3": 770,
        "4": 6687,
        "5": 25100,
        "6": 65119
    },
    "5573": {
        "0": 1,
        "1": 12,
        "2": 102,
        "3": 892,
        "4": 7827,
        "5": 35584,
        "6": 94080
    },
    "5574": {
        "0": 1,
        "1": 9,
        "2": 79,
        "3": 710,
        "4": 6338,
        "5": 23288,
        "6": 56629
    },
    "5575": {
        "0": 1,
        "1": 8,
        "2": 69,
        "3": 596,
        "4": 5184,
        "5": 12581,
        "6": 22396
    },
    "5576": {
        "0": 1,
        "1": 10,
        "2": 81,
        "3": 681,
        "4": 5743,
        "5": 15930,
        "6": 31749
    },
    "5577": {
        "0": 1,
        "1": 12,
        "2": 104,
        "3": 913,
        "4": 7985,
        "5": 37091,
        "6": 108137
    },
    "5578": {
        "0": 1,
        "1": 12,
        "2": 102,
        "3": 871,
        "4": 7482,
        "5": 31993,
        "6": 86020
    },
    "5579": {
        "0": 1,
        "1": 10,
        "2": 86,
        "3": 745,
        "4": 6510,
        "5": 24423,
        "6": 60369
    },
    "5580": {
        "0": 1,
        "1": 14,
        "2": 126,
        "3": 1068,
        "4": 9044,
        "5": 44393,
        "6": 127009
    },
    "5581": {
        "0": 1,
        "1": 11,
        "2": 91,
        "3": 765,
        "4": 6471,
        "5": 22355,
        "6": 52186
    },
    "5582": {
        "0": 1,
        "1": 10,
        "2": 83,
        "3": 712,
        "4": 6175,
        "5": 21319,
        "6": 51326
    },
    "5583": {
        "0": 1,
        "1": 13,
        "2": 112,
        "3": 939,
        "4": 7975,
        "5": 35813,
        "6": 101320
    },
    "5584": {
        "0": 1,
        "1": 11,
        "2": 93,
        "3": 803,
        "4": 7014,
        "5": 28624,
        "6": 71804
    },
    "5585": {
        "0": 1,
        "1": 11,
        "2": 94,
        "3": 809,
        "4": 7007,
        "5": 28049,
        "6": 75839
    },
    "5586": {
        "0": 1,
        "1": 9,
        "2": 80,
        "3": 714,
        "4": 6319,
        "5": 23034,
        "6": 52809
    },
    "5587": {
        "0": 1,
        "1": 11,
        "2": 92,
        "3": 782,
        "4": 6699,
        "5": 25028,
        "6": 57468
    },
    "5588": {
        "0": 1,
        "1": 10,
        "2": 83,
        "3": 699,
        "4": 5936,
        "5": 17954,
        "6": 35346
    },
    "5589": {
        "0": 1,
        "1": 11,
        "2": 92,
        "3": 804,
        "4": 7070,
        "5": 29461,
        "6": 72271
    },
    "5590": {
        "0": 1,
        "1": 12,
        "2": 104,
        "3": 888,
        "4": 7588,
        "5": 32350,
        "6": 84861
    },
    "5591": {
        "0": 1,
        "1": 12,
        "2": 108,
        "3": 942,
        "4": 8164,
        "5": 37869,
        "6": 107930
    },
    "5592": {
        "0": 1,
        "1": 10,
        "2": 83,
        "3": 714,
        "4": 6138,
        "5": 19762,
        "6": 41206
    },
    "5593": {
        "0": 1,
        "1": 10,
        "2": 87,
        "3": 760,
        "4": 6639,
        "5": 25102,
        "6": 65225
    },
    "5594": {
        "0": 1,
        "1": 12,
        "2": 105,
        "3": 910,
        "4": 7855,
        "5": 35184,
        "6": 97333
    },
    "5595": {
        "0": 1,
        "1": 11,
        "2": 91,
        "3": 782,
        "4": 6783,
        "5": 26160,
        "6": 66036
    },
    "5596": {
        "0": 1,
        "1": 9,
        "2": 83,
        "3": 760,
        "4": 6893,
        "5": 28808,
        "6": 69844
    },
    "5597": {
        "0": 1,
        "1": 11,
        "2": 96,
        "3": 840,
        "4": 7366,
        "5": 32089,
        "6": 92032
    },
    "5598": {
        "0": 1,
        "1": 10,
        "2": 83,
        "3": 717,
        "4": 6197,
        "5": 20942,
        "6": 41175
    },
    "5599": {
        "0": 1,
        "1": 13,
        "2": 117,
        "3": 1011,
        "4": 8653,
        "5": 41114,
        "6": 118786
    }
}