{
    "800": {
        "0": 1,
        "1": 11,
        "2": 89,
        "3": 741,
        "4": 6239,
        "5": 20335,
        "6": 38022
    },
    "801": {
        "0": 1,
        "1": 12,
        "2": 106,
        "3": 923,
        "4": 7992,
        "5": 36218,
        "6": 105450
    },
    "802": {
        "0": 1,
        "1": 10,
        "2": 89,
        "3": 792,
        "4": 7020,
        "5": 29245,
        "6": 81477
    },
    "803": {
        "0": 1,
        "1": 10,
        "2": 88,
        "3": 780,
        "4": 6900,
        "5": 28231,
        "6": 73617
    },
    "804": {
        "0": 1,
        "1": 8,
        "2": 69,
        "3": 598,
        "4": 5226,
        "5": 13177,
        "6": 20489
    },
    "805": {
        "0": 1,
        "1": 9,
        "2": 76,
        "3": 655,
        "4": 5684,
        "5": 16674,
        "6": 31358
    },
    "806": {
        "0": 1,
        "1": 11,
        "2": 96,
        "3": 840,
        "4": 7403,
        "5": 32544,
        "6": 94930
    },
    "807": {
        "0": 1,
        "1": 11,
        "2": 93,
        "3": 804,
        "4": 6951,
        "5": 27174,
        "6": 69963
    },
    "808": {
        "0": 1,
        "1": 9,
        "2": 76,
        "3": 654,
        "4": 5635,
        "5": 15807,
        "6": 30783
    },
    "809": {
        "0": 1,
        "1": 11,
        "2": 97,
        "3": 841,
        "4": 7238,
        "5": 29364,
        "6": 75529
    },
    "810": {
        "0": 1,
        "1": 13,
        "2": 115,
        "3": 1003,
        "4": 8726,
        "5": 43018,
        "6": 131506
    },
    "811": {
        "0": 1,
        "1": 12,
        "2": 109,
        "3": 954,
        "4": 8274,
        "5": 38568,
        "6": 112081
    },
    "812": {
        "0": 1,
        "1": 10,
        "2": 82,
        "3": 708,
        "4": 6140,
        "5": 20020,
        "6": 43020
    },
    "813": {
        "0": 1,
        "1": 11,
        "2": 91,
        "3": 778,
        "4": 6758,
        "5": 26505,
        "6": 66399
    },
    "814": {
        "0": 1,
        "1": 11,
        "2": 94,
        "3": 795,
        "4": 6763,
        "5": 25106,
        "6": 52856
    },
    "815": {
        "0": 1,
        "1": 12,
        "2": 103,
        "3": 885,
        "4": 7637,
        "5": 33286,
        "6": 93257
    },
    "816": {
        "0": 1,
        "1": 10,
        "2": 86,
        "3": 756,
        "4": 6676,
        "5": 26499,
        "6": 67027
    },
    "817": {
        "0": 1,
        "1": 10,
        "2": 85,
        "3": 738,
        "4": 6442,
        "5": 23690,
        "6": 55559
    },
    "818": {
        "0": 1,
        "1": 10,
        "2": 84,
        "3": 722,
        "4": 6250,
        "5": 21140,
        "6": 46261
    },
    "819": {
        "0": 1,
        "1": 11,
        "2": 93,
        "3": 794,
        "4": 6781,
        "5": 25374,
        "6": 63838
    },
    "820": {
        "0": 1,
        "1": 9,
        "2": 85,
        "3": 780,
        "4": 7076,
        "5": 30303,
        "6": 91885
    },
    "821": {
        "0": 1,
        "1": 14,
        "2": 129,
        "3": 1142,
        "4": 10013,
        "5": 55039,
        "6": 189983
    },
    "822": {
        "0": 1,
        "1": 8,
        "2": 69,
        "3": 597,
        "4": 5189,
        "5": 12578,
        "6": 22318
    },
    "823": {
        "0": 1,
        "1": 10,
        "2": 90,
        "3": 787,
        "4": 6864,
        "5": 27150,
        "6": 73298
    },
    "824": {
        "0": 1,
        "1": 10,
        "2": 89,
        "3": 799,
        "4": 7135,
        "5": 30505,
        "6": 78824
    },
    "825": {
        "0": 1,
        "1": 9,
        "2": 81,
        "3": 715,
        "4": 6323,
        "5": 23144,
        "6": 56264
    },
    "826": {
        "0": 1,
        "1": 12,
        "2": 104,
        "3": 889,
        "4": 7639,
        "5": 33219,
        "6": 92715
    },
    "827": {
        "0": 1,
        "1": 10,
        "2": 87,
        "3": 762,
        "4": 6657,
        "5": 24986,
        "6": 62689
    },
    "828": {
        "0": 1,
        "1": 9,
        "2": 79,
        "3": 690,
        "4": 6006,
        "5": 19363,
        "6": 41899
    },
    "829": {
        "0": 1,
        "1": 9,
        "2": 73,
        "3": 615,
        "4": 5256,
        "5": 12468,
        "6": 21788
    },
    "830": {
        "0": 1,
        "1": 11,
        "2": 93,
        "3": 790,
        "4": 6733,
        "5": 24781,
        "6": 57922
    },
    "831": {
        "0": 1,
        "1": 14,
        "2": 124,
        "3": 1033,
        "4": 8588,
        "5": 39160,
        "6": 109198
    },
    "832": {
        "0": 1,
        "1": 11,
        "2": 95,
        "3": 835,
        "4": 7375,
        "5": 32568,
        "6": 95484
    },
    "833": {
        "0": 1,
        "1": 12,
        "2": 108,
        "3": 936,
        "4": 8062,
        "5": 36612,
        "6": 108075
    },
    "834": {
        "0": 1,
        "1": 14,
        "2": 125,
        "3": 1082,
        "4": 9364,
        "5": 48371,
        "6": 148750
    },
    "835": {
        "0": 1,
        "1": 12,
        "2": 106,
        "3": 923,
        "4": 8065,
        "5": 37993,
        "6": 114648
    },
    "836": {
        "0": 1,
        "1": 13,
        "2": 113,
        "3": 959,
        "4": 8192,
        "5": 37464,
        "6": 110210
    },
    "837": {
        "0": 1,
        "1": 11,
        "2": 98,
        "3": 862,
        "4": 7572,
        "5": 33986,
        "6": 104048
    },
    "838": {
        "0": 1,
        "1": 13,
        "2": 119,
        "3": 1044,
        "4": 8985,
        "5": 44200,
        "6": 138017
    },
    "839": {
        "0": 1,
        "1": 9,
        "2": 79,
        "3": 682,
        "4": 5887,
        "5": 18140,
        "6": 38722
    },
    "840": {
        "0": 1,
        "1": 11,
        "2": 96,
        "3": 833,
        "4": 7244,
        "5": 30340,
        "6": 72095
    },
    "841": {
        "0": 1,
        "1": 9,
        "2": 81,
        "3": 714,
        "4": 6244,
        "5": 21445,
        "6": 48602
    },
    "842": {
        "0": 1,
        "1": 13,
        "2": 114,
        "3": 973,
        "4": 8317,
        "5": 38355,
        "6": 110348
    },
    "843": {
        "0": 1,
        "1": 10,
        "2": 89,
        "3": 794,
        "4": 7062,
        "5": 29822,
        "6": 85651
    },
    "844": {
        "0": 1,
        "1": 11,
        "2": 92,
        "3": 789,
        "4": 6823,
        "5": 26438,
        "6": 58226
    },
    "845": {
        "0": 1,
        "1": 10,
        "2": 82,
        "3": 690,
        "4": 5856,
        "5": 17208,
        "6": 29869
    },
    "846": {
        "0": 1,
        "1": 10,
        "2": 82,
        "3": 702,
        "4": 5994,
        "5": 18466,
        "6": 33493
    },
    "847": {
        "0": 1,
        "1": 10,
        "2": 88,
        "3": 765,
        "4": 6671,
        "5": 25714,
        "6": 65411
    },
    "848": {
        "0": 1,
        "1": 11,
        "2": 94,
        "3": 821,
        "4": 7229,
        "5": 31165,
        "6": 85171
    },
    "849": {
        "0": 1,
        "1": 10,
        "2": 87,
        "3": 762,
        "4": 6668,
        "5": 25496,
        "6": 57829
    },
    "850": {
        "0": 1,
        "1": 11,
        "2": 96,
        "3": 834,
        "4": 7268,
        "5": 30852,
        "6": 83332
    },
    "851": {
        "0": 1,
        "1": 10,
        "2": 87,
        "3": 749,
        "4": 6423,
        "5": 22341,
        "6": 53526
    },
    "852": {
        "0": 1,
        "1": 12,
        "2": 111,
        "3": 994,
        "4": 8778,
        "5": 44350,
        "6": 140507
    },
    "853": {
        "0": 1,
        "1": 9,
        "2": 78,
        "3": 676,
        "4": 5907,
        "5": 19058,
        "6": 42578
    },
    "854": {
        "0": 1,
        "1": 11,
        "2": 93,
        "3": 787,
        "4": 6720,
        "5": 24875,
        "6": 57526
    },
    "855": {
        "0": 1,
        "1": 10,
        "2": 85,
        "3": 734,
        "4": 6387,
        "5": 23172,
        "6": 57226
    },
    "856": {
        "0": 1,
        "1": 13,
        "2": 118,
        "3": 1019,
        "4": 8780,
        "5": 43182,
        "6": 136610
    },
    "857": {
        "0": 1,
        "1": 11,
        "2": 88,
        "3": 724,
        "4": 6106,
        "5": 19493,
        "6": 43099
    },
    "858": {
        "0": 1,
        "1": 11,
        "2": 97,
        "3": 860,
        "4": 7588,
        "5": 33810,
        "6": 90820
    },
    "859": {
        "0": 1,
        "1": 9,
        "2": 78,
        "3": 673,
        "4": 5824,
        "5": 17696,
        "6": 35313
    },
    "860": {
        "0": 1,
        "1": 12,
        "2": 108,
        "3": 934,
        "4": 8008,
        "5": 35902,
        "6": 102719
    },
    "861": {
        "0": 1,
        "1": 12,
        "2": 101,
        "3": 857,
        "4": 7344,
        "5": 30397,
        "6": 82074
    },
    "862": {
        "0": 1,
        "1": 12,
        "2": 106,
        "3": 924,
        "4": 8017,
        "5": 36925,
        "6": 112465
    },
    "863": {
        "0": 1,
        "1": 12,
        "2": 107,
        "3": 930,
        "4": 8045,
        "5": 36543,
        "6": 100655
    },
    "864": {
        "0": 1,
        "1": 11,
        "2": 92,
        "3": 782,
        "4": 6696,
        "5": 24889,
        "6": 57006
    },
    "865": {
        "0": 1,
        "1": 10,
        "2": 85,
        "3": 722,
        "4": 6214,
        "5": 21111,
        "6": 43400
    },
    "866": {
        "0": 1,
        "1": 10,
        "2": 83,
        "3": 691,
        "4": 5802,
        "5": 16308,
        "6": 31141
    },
    "867": {
        "0": 1,
        "1": 10,
        "2": 84,
        "3": 728,
        "4": 6354,
        "5": 22967,
        "6": 52673
    },
    "868": {
        "0": 1,
        "1": 12,
        "2": 100,
        "3": 843,
        "4": 7190,
        "5": 28989,
        "6": 71958
    },
    "869": {
        "0": 1,
        "1": 13,
        "2": 113,
        "3": 961,
        "4": 8236,
        "5": 38303,
        "6": 113917
    },
    "870": {
        "0": 1,
        "1": 11,
        "2": 96,
        "3": 841,
        "4": 7373,
        "5": 31385,
        "6": 81146
    },
    "871": {
        "0": 1,
        "1": 10,
        "2": 84,
        "3": 721,
        "4": 6231,
        "5": 21359,
        "6": 46250
    },
    "872": {
        "0": 1,
        "1": 10,
        "2": 83,
        "3": 708,
        "4": 6077,
        "5": 19635,
        "6": 40524
    },
    "873": {
        "0": 1,
        "1": 10,
        "2": 86,
        "3": 750,
        "4": 6576,
        "5": 24992,
        "6": 61581
    },
    "874": {
        "0": 1,
        "1": 10,
        "2": 88,
        "3": 754,
        "4": 6519,
        "5": 23816,
        "6": 55780
    },
    "875": {
        "0": 1,
        "1": 11,
        "2": 96,
        "3": 832,
        "4": 7247,
        "5": 30655,
        "6": 83001
    },
    "876": {
        "0": 1,
        "1": 14,
        "2": 124,
        "3": 1047,
        "4": 8822,
        "5": 42295,
        "6": 115678
    },
    "877": {
        "0": 1,
        "1": 10,
        "2": 81,
        "3": 687,
        "4": 5886,
        "5": 18091,
        "6": 34987
    },
    "878": {
        "0": 1,
        "1": 10,
        "2": 87,
        "3": 743,
        "4": 6371,
        "5": 22011,
        "6": 43834
    },
    "879": {
        "0": 1,
        "1": 13,
        "2": 114,
        "3": 972,
        "4": 8321,
        "5": 38876,
        "6": 109840
    },
    "880": {
        "0": 1,
        "1": 11,
        "2": 91,
        "3": 783,
        "4": 6807,
        "5": 26550,
        "6": 59536
    },
    "881": {
        "0": 1,
        "1": 10,
        "2": 84,
        "3": 707,
        "4": 6008,
        "5": 18636,
        "6": 39846
    },
    "882": {
        "0": 1,
        "1": 10,
        "2": 85,
        "3": 741,
        "4": 6496,
        "5": 24263,
        "6": 55794
    },
    "883": {
        "0": 1,
        "1": 15,
        "2": 149,
        "3": 1345,
        "4": 11735,
        "5": 68455,
        "6": 271593
    },
    "884": {
        "0": 1,
        "1": 12,
        "2": 101,
        "3": 862,
        "4": 7398,
        "5": 30778,
        "6": 78014
    },
    "885": {
        "0": 1,
        "1": 11,
        "2": 95,
        "3": 812,
        "4": 6948,
        "5": 26861,
        "6": 70232
    },
    "886": {
        "0": 1,
        "1": 10,
        "2": 90,
        "3": 799,
        "4": 7069,
        "5": 29476,
        "6": 82183
    },
    "887": {
        "0": 1,
        "1": 12,
        "2": 114,
        "3": 1021,
        "4": 9031,
        "5": 46344,
        "6": 154671
    },
    "888": {
        "0": 1,
        "1": 10,
        "2": 89,
        "3": 793,
        "4": 7060,
        "5": 30144,
        "6": 82053
    },
    "889": {
        "0": 1,
        "1": 11,
        "2": 91,
        "3": 778,
        "4": 6710,
        "5": 25380,
        "6": 57243
    },
    "890": {
        "0": 1,
        "1": 9,
        "2": 79,
        "3": 691,
        "4": 6039,
        "5": 19970,
        "6": 46238
    },
    "891": {
        "0": 1,
        "1": 10,
        "2": 85,
        "3": 758,
        "4": 6737,
        "5": 26564,
        "6": 69363
    },
    "892": {
        "0": 1,
        "1": 12,
        "2": 107,
        "3": 926,
        "4": 8007,
        "5": 36776,
        "6": 113065
    },
    "893": {
        "0": 1,
        "1": 11,
        "2": 94,
        "3": 791,
        "4": 6704,
        "5": 24296,
        "6": 58896
    },
    "894": {
        "0": 1,
        "1": 11,
        "2": 98,
        "3": 843,
        "4": 7236,
        "5": 29270,
        "6": 74522
    },
    "895": {
        "0": 1,
        "1": 9,
        "2": 77,
        "3": 670,
        "4": 5887,
        "5": 19330,
        "6": 45518
    },
    "896": {
        "0": 1,
        "1": 10,
        "2": 88,
        "3": 763,
        "4": 6640,
        "5": 25200,
        "6": 68639
    },
    "897": {
        "0": 1,
        "1": 8,
        "2": 70,
        "3": 617,
        "4": 5457,
        "5": 15472,
        "6": 35857
    },
    "898": {
        "0": 1,
        "1": 11,
        "2": 90,
        "3": 754,
        "4": 6366,
        "5": 21279,
        "6": 42667
    },
    "899": {
        "0": 1,
        "1": 12,
        "2": 104,
        "3": 899,
        "4": 7763,
        "5": 34320,
        "6": 96110
    }
}