{
    "23500": {
        "0": 1,
        "1": 10,
        "2": 83,
        "3": 700,
        "4": 5947,
        "5": 17945,
        "6": 31410
    },
    "23501": {
        "0": 1,
        "1": 10,
        "2": 85,
        "3": 718,
        "4": 6049,
        "5": 18237,
        "6": 34596
    },
    "23502": {
        "0": 1,
        "1": 11,
        "2": 93,
        "3": 787,
        "4": 6726,
        "5": 25120,
        "6": 61725
    },
    "23503": {
        "0": 1,
        "1": 13,
        "2": 117,
        "3": 1013,
        "4": 8743,
        "5": 42726,
        "6": 125653
    },
    "23504": {
        "0": 1,
        "1": 9,
        "2": 80,
        "3": 704,
        "4": 6177,
        "5": 21399,
        "6": 51196
    },
    "23505": {
        "0": 1,
        "1": 11,
        "2": 97,
        "3": 840,
        "4": 7262,
        "5": 29932,
        "6": 76855
    },
    "23506": {
        "0": 1,
        "1": 12,
        "2": 105,
        "3": 916,
        "4": 7985,
        "5": 36615,
        "6": 104400
    },
    "23507": {
        "0": 1,
        "1": 12,
        "2": 102,
        "3": 875,
        "4": 7556,
        "5": 32614,
        "6": 83411
    },
    "23508": {
        "0": 1,
        "1": 12,
        "2": 107,
        "3": 941,
        "4": 8244,
        "5": 39519,
        "6": 116152
    },
    "23509": {
        "0": 1,
        "1": 10,
        "2": 86,
        "3": 750,
        "4": 6583,
        "5": 24851,
        "6": 61488
    },
    "23510": {
        "0": 1,
        "1": 16,
        "2": 157,
        "3": 1405,
        "4": 12354,
        "5": 75565,
        "6": 304928
    },
    "23511": {
        "0": 1,
        "1": 9,
        "2": 82,
        "3": 724,
        "4": 6382,
        "5": 23265,
        "6": 59132
    },
    "23512": {
        "0": 1,
        "1": 12,
        "2": 105,
        "3": 910,
        "4": 7858,
        "5": 35204,
        "6": 109376
    },
    "23513": {
        "0": 1,
        "1": 12,
        "2": 105,
        "3": 903,
        "4": 7708,
        "5": 33166,
        "6": 92569
    },
    "23514": {
        "0": 1,
        "1": 10,
        "2": 85,
        "3": 722,
        "4": 6174,
        "5": 20190,
        "6": 42494
    },
    "23515": {
        "0": 1,
        "1": 13,
        "2": 117,
        "3": 1003,
        "4": 8525,
        "5": 39970,
        "6": 114792
    },
    "23516": {
        "0": 1,
        "1": 10,
        "2": 91,
        "3": 803,
        "4": 7111,
        "5": 30032,
        "6": 84547
    },
    "23517": {
        "0": 1,
        "1": 10,
        "2": 85,
        "3": 742,
        "4": 6502,
        "5": 24419,
        "6": 62047
    },
    "23518": {
        "0": 1,
        "1": 9,
        "2": 79,
        "3": 696,
        "4": 6092,
        "5": 20369,
        "6": 48863
    },
    "23519": {
        "0": 1,
        "1": 9,
        "2": 75,
        "3": 637,
        "4": 5402,
        "5": 13242,
        "6": 20311
    },
    "23520": {
        "0": 1,
        "1": 14,
        "2": 131,
        "3": 1134,
        "4": 9704,
        "5": 50517,
        "6": 166565
    },
    "23521": {
        "0": 1,
        "1": 11,
        "2": 94,
        "3": 810,
        "4": 6909,
        "5": 26121,
        "6": 64405
    },
    "23522": {
        "0": 1,
        "1": 10,
        "2": 91,
        "3": 786,
        "4": 6789,
        "5": 25984,
        "6": 74381
    },
    "23523": {
        "0": 1,
        "1": 10,
        "2": 88,
        "3": 776,
        "4": 6860,
        "5": 27686,
        "6": 78364
    },
    "23524": {
        "0": 1,
        "1": 10,
        "2": 86,
        "3": 752,
        "4": 6642,
        "5": 25915,
        "6": 63119
    },
    "23525": {
        "0": 1,
        "1": 10,
        "2": 82,
        "3": 695,
        "4": 5967,
        "5": 18883,
        "6": 40471
    },
    "23526": {
        "0": 1,
        "1": 12,
        "2": 103,
        "3": 872,
        "4": 7456,
        "5": 31361,
        "6": 79739
    },
    "23527": {
        "0": 1,
        "1": 8,
        "2": 68,
        "3": 583,
        "4": 5022,
        "5": 10653,
        "6": 18431
    },
    "23528": {
        "0": 1,
        "1": 12,
        "2": 103,
        "3": 888,
        "4": 7671,
        "5": 33610,
        "6": 84725
    },
    "23529": {
        "0": 1,
        "1": 8,
        "2": 70,
        "3": 613,
        "4": 5358,
        "5": 13883,
        "6": 27010
    },
    "23530": {
        "0": 1,
        "1": 10,
        "2": 86,
        "3": 744,
        "4": 6524,
        "5": 24916,
        "6": 62933
    },
    "23531": {
        "0": 1,
        "1": 12,
        "2": 101,
        "3": 853,
        "4": 7221,
        "5": 28762,
        "6": 68890
    },
    "23532": {
        "0": 1,
        "1": 11,
        "2": 95,
        "3": 814,
        "4": 6980,
        "5": 27200,
        "6": 68874
    },
    "23533": {
        "0": 1,
        "1": 12,
        "2": 109,
        "3": 949,
        "4": 8219,
        "5": 38564,
        "6": 118969
    },
    "23534": {
        "0": 1,
        "1": 10,
        "2": 85,
        "3": 730,
        "4": 6357,
        "5": 23039,
        "6": 55933
    },
    "23535": {
        "0": 1,
        "1": 12,
        "2": 103,
        "3": 872,
        "4": 7459,
        "5": 31463,
        "6": 81614
    },
    "23536": {
        "0": 1,
        "1": 10,
        "2": 83,
        "3": 706,
        "4": 6040,
        "5": 19161,
        "6": 35722
    },
    "23537": {
        "0": 1,
        "1": 9,
        "2": 78,
        "3": 693,
        "4": 6146,
        "5": 21640,
        "6": 46988
    },
    "23538": {
        "0": 1,
        "1": 10,
        "2": 82,
        "3": 685,
        "4": 5800,
        "5": 16854,
        "6": 33199
    },
    "23539": {
        "0": 1,
        "1": 10,
        "2": 87,
        "3": 764,
        "4": 6725,
        "5": 26537,
        "6": 66519
    },
    "23540": {
        "0": 1,
        "1": 10,
        "2": 82,
        "3": 692,
        "4": 5902,
        "5": 18015,
        "6": 37644
    },
    "23541": {
        "0": 1,
        "1": 10,
        "2": 83,
        "3": 707,
        "4": 6048,
        "5": 19267,
        "6": 39838
    },
    "23542": {
        "0": 1,
        "1": 11,
        "2": 96,
        "3": 845,
        "4": 7420,
        "5": 32346,
        "6": 88558
    },
    "23543": {
        "0": 1,
        "1": 12,
        "2": 107,
        "3": 916,
        "4": 7805,
        "5": 33898,
        "6": 93029
    },
    "23544": {
        "0": 1,
        "1": 11,
        "2": 99,
        "3": 881,
        "4": 7824,
        "5": 36780,
        "6": 115695
    },
    "23545": {
        "0": 1,
        "1": 11,
        "2": 91,
        "3": 765,
        "4": 6508,
        "5": 23156,
        "6": 50743
    },
    "23546": {
        "0": 1,
        "1": 8,
        "2": 67,
        "3": 580,
        "4": 5110,
        "5": 12542,
        "6": 23674
    },
    "23547": {
        "0": 1,
        "1": 11,
        "2": 93,
        "3": 804,
        "4": 6968,
        "5": 27672,
        "6": 68342
    },
    "23548": {
        "0": 1,
        "1": 9,
        "2": 78,
        "3": 679,
        "4": 5903,
        "5": 18552,
        "6": 39723
    },
    "23549": {
        "0": 1,
        "1": 12,
        "2": 109,
        "3": 954,
        "4": 8317,
        "5": 39591,
        "6": 122957
    },
    "23550": {
        "0": 1,
        "1": 9,
        "2": 79,
        "3": 690,
        "4": 6066,
        "5": 20908,
        "6": 54641
    },
    "23551": {
        "0": 1,
        "1": 9,
        "2": 80,
        "3": 715,
        "4": 6328,
        "5": 22968,
        "6": 55402
    },
    "23552": {
        "0": 1,
        "1": 11,
        "2": 98,
        "3": 852,
        "4": 7426,
        "5": 32106,
        "6": 87921
    },
    "23553": {
        "0": 1,
        "1": 10,
        "2": 86,
        "3": 746,
        "4": 6487,
        "5": 23851,
        "6": 53495
    },
    "23554": {
        "0": 1,
        "1": 10,
        "2": 84,
        "3": 722,
        "4": 6151,
        "5": 19278,
        "6": 49071
    },
    "23555": {
        "0": 1,
        "1": 9,
        "2": 77,
        "3": 675,
        "4": 5927,
        "5": 19173,
        "6": 40889
    },
    "23556": {
        "0": 1,
        "1": 10,
        "2": 83,
        "3": 697,
        "4": 5894,
        "5": 17354,
        "6": 33688
    },
    "23557": {
        "0": 1,
        "1": 15,
        "2": 135,
        "3": 1132,
        "4": 9491,
        "5": 47257,
        "6": 155086
    },
    "23558": {
        "0": 1,
        "1": 10,
        "2": 84,
        "3": 719,
        "4": 6168,
        "5": 20397,
        "6": 47781
    },
    "23559": {
        "0": 1,
        "1": 11,
        "2": 98,
        "3": 858,
        "4": 7513,
        "5": 33062,
        "6": 93322
    },
    "23560": {
        "0": 1,
        "1": 11,
        "2": 92,
        "3": 780,
        "4": 6666,
        "5": 24359,
        "6": 59622
    },
    "23561": {
        "0": 1,
        "1": 11,
        "2": 98,
        "3": 878,
        "4": 7880,
        "5": 37415,
        "6": 116286
    },
    "23562": {
        "0": 1,
        "1": 12,
        "2": 103,
        "3": 894,
        "4": 7827,
        "5": 35999,
        "6": 100651
    },
    "23563": {
        "0": 1,
        "1": 11,
        "2": 95,
        "3": 835,
        "4": 7380,
        "5": 32553,
        "6": 89127
    },
    "23564": {
        "0": 1,
        "1": 12,
        "2": 105,
        "3": 885,
        "4": 7493,
        "5": 31032,
        "6": 80507
    },
    "23565": {
        "0": 1,
        "1": 12,
        "2": 103,
        "3": 879,
        "4": 7508,
        "5": 31550,
        "6": 82632
    },
    "23566": {
        "0": 1,
        "1": 10,
        "2": 87,
        "3": 771,
        "4": 6873,
        "5": 28396,
        "6": 87357
    },
    "23567": {
        "0": 1,
        "1": 9,
        "2": 71,
        "3": 576,
        "4": 4729,
        "5": 6534,
        "6": 9474
    },
    "23568": {
        "0": 1,
        "1": 12,
        "2": 109,
        "3": 928,
        "4": 7964,
        "5": 35804,
        "6": 99829
    },
    "23569": {
        "0": 1,
        "1": 10,
        "2": 85,
        "3": 720,
        "4": 6167,
        "5": 20597,
        "6": 45586
    },
    "23570": {
        "0": 1,
        "1": 11,
        "2": 95,
        "3": 818,
        "4": 7056,
        "5": 27974,
        "6": 74607
    },
    "23571": {
        "0": 1,
        "1": 9,
        "2": 77,
        "3": 670,
        "4": 5837,
        "5": 18162,
        "6": 39810
    },
    "23572": {
        "0": 1,
        "1": 11,
        "2": 90,
        "3": 748,
        "4": 6280,
        "5": 20283,
        "6": 43992
    },
    "23573": {
        "0": 1,
        "1": 10,
        "2": 82,
        "3": 690,
        "4": 5874,
        "5": 17617,
        "6": 38972
    },
    "23574": {
        "0": 1,
        "1": 11,
        "2": 100,
        "3": 901,
        "4": 8038,
        "5": 38389,
        "6": 121577
    },
    "23575": {
        "0": 1,
        "1": 9,
        "2": 75,
        "3": 646,
        "4": 5605,
        "5": 15976,
        "6": 29286
    },
    "23576": {
        "0": 1,
        "1": 10,
        "2": 85,
        "3": 724,
        "4": 6193,
        "5": 20209,
        "6": 41055
    },
    "23577": {
        "0": 1,
        "1": 12,
        "2": 106,
        "3": 921,
        "4": 7949,
        "5": 35720,
        "6": 97366
    },
    "23578": {
        "0": 1,
        "1": 11,
        "2": 90,
        "3": 754,
        "4": 6370,
        "5": 21409,
        "6": 42158
    },
    "23579": {
        "0": 1,
        "1": 12,
        "2": 107,
        "3": 932,
        "4": 8088,
        "5": 36932,
        "6": 104301
    },
    "23580": {
        "0": 1,
        "1": 10,
        "2": 87,
        "3": 761,
        "4": 6653,
        "5": 25409,
        "6": 57710
    },
    "23581": {
        "0": 1,
        "1": 10,
        "2": 86,
        "3": 757,
        "4": 6616,
        "5": 24847,
        "6": 62964
    },
    "23582": {
        "0": 1,
        "1": 11,
        "2": 94,
        "3": 796,
        "4": 6732,
        "5": 24407,
        "6": 47838
    },
    "23583": {
        "0": 1,
        "1": 13,
        "2": 118,
        "3": 1004,
        "4": 8457,
        "5": 38792,
        "6": 115664
    },
    "23584": {
        "0": 1,
        "1": 12,
        "2": 107,
        "3": 935,
        "4": 8126,
        "5": 37495,
        "6": 105170
    },
    "23585": {
        "0": 1,
        "1": 9,
        "2": 79,
        "3": 677,
        "4": 5822,
        "5": 17435,
        "6": 38542
    },
    "23586": {
        "0": 1,
        "1": 9,
        "2": 74,
        "3": 629,
        "4": 5366,
        "5": 13026,
        "6": 24715
    },
    "23587": {
        "0": 1,
        "1": 9,
        "2": 81,
        "3": 706,
        "4": 6188,
        "5": 21510,
        "6": 56744
    },
    "23588": {
        "0": 1,
        "1": 10,
        "2": 86,
        "3": 735,
        "4": 6302,
        "5": 21602,
        "6": 51205
    },
    "23589": {
        "0": 1,
        "1": 10,
        "2": 90,
        "3": 805,
        "4": 7131,
        "5": 30153,
        "6": 78769
    },
    "23590": {
        "0": 1,
        "1": 9,
        "2": 80,
        "3": 716,
        "4": 6398,
        "5": 24035,
        "6": 59476
    },
    "23591": {
        "0": 1,
        "1": 9,
        "2": 83,
        "3": 745,
        "4": 6671,
        "5": 26839,
        "6": 73452
    },
    "23592": {
        "0": 1,
        "1": 10,
        "2": 84,
        "3": 724,
        "4": 6255,
        "5": 21452,
        "6": 46603
    },
    "23593": {
        "0": 1,
        "1": 12,
        "2": 103,
        "3": 864,
        "4": 7253,
        "5": 28363,
        "6": 73723
    },
    "23594": {
        "0": 1,
        "1": 10,
        "2": 86,
        "3": 732,
        "4": 6224,
        "5": 20226,
        "6": 44827
    },
    "23595": {
        "0": 1,
        "1": 10,
        "2": 90,
        "3": 781,
        "4": 6764,
        "5": 25745,
        "6": 66815
    },
    "23596": {
        "0": 1,
        "1": 10,
        "2": 80,
        "3": 666,
        "4": 5633,
        "5": 15519,
        "6": 34341
    },
    "23597": {
        "0": 1,
        "1": 12,
        "2": 100,
        "3": 836,
        "4": 7019,
        "5": 26305,
        "6": 55988
    },
    "23598": {
        "0": 1,
        "1": 12,
        "2": 113,
        "3": 995,
        "4": 8648,
        "5": 41899,
        "6": 129921
    },
    "23599": {
        "0": 1,
        "1": 10,
        "2": 84,
        "3": 715,
        "4": 6100,
        "5": 19376,
        "6": 38328
    }
}