{
    "18700": {
        "0": 1,
        "1": 11,
        "2": 91,
        "3": 785,
        "4": 6835,
        "5": 27093,
        "6": 68528
    },
    "18701": {
        "0": 1,
        "1": 9,
        "2": 82,
        "3": 729,
        "4": 6472,
        "5": 24736,
        "6": 71039
    },
    "18702": {
        "0": 1,
        "1": 10,
        "2": 84,
        "3": 724,
        "4": 6282,
        "5": 22163,
        "6": 53593
    },
    "18703": {
        "0": 1,
        "1": 9,
        "2": 78,
        "3": 691,
        "4": 6138,
        "5": 21861,
        "6": 51311
    },
    "18704": {
        "0": 1,
        "1": 10,
        "2": 84,
        "3": 714,
        "4": 6099,
        "5": 19480,
        "6": 45501
    },
    "18705": {
        "0": 1,
        "1": 11,
        "2": 96,
        "3": 844,
        "4": 7424,
        "5": 32465,
        "6": 96931
    },
    "18706": {
        "0": 1,
        "1": 11,
        "2": 94,
        "3": 808,
        "4": 6969,
        "5": 27306,
        "6": 71548
    },
    "18707": {
        "0": 1,
        "1": 11,
        "2": 100,
        "3": 904,
        "4": 8130,
        "5": 40017,
        "6": 137860
    },
    "18708": {
        "0": 1,
        "1": 11,
        "2": 92,
        "3": 778,
        "4": 6655,
        "5": 24729,
        "6": 59870
    },
    "18709": {
        "0": 1,
        "1": 12,
        "2": 107,
        "3": 934,
        "4": 8126,
        "5": 38183,
        "6": 123778
    },
    "18710": {
        "0": 1,
        "1": 10,
        "2": 86,
        "3": 748,
        "4": 6497,
        "5": 23299,
        "6": 54266
    },
    "18711": {
        "0": 1,
        "1": 9,
        "2": 78,
        "3": 695,
        "4": 6202,
        "5": 22646,
        "6": 55207
    },
    "18712": {
        "0": 1,
        "1": 10,
        "2": 84,
        "3": 732,
        "4": 6445,
        "5": 24224,
        "6": 62007
    },
    "18713": {
        "0": 1,
        "1": 11,
        "2": 95,
        "3": 824,
        "4": 7159,
        "5": 29544,
        "6": 83999
    },
    "18714": {
        "0": 1,
        "1": 10,
        "2": 90,
        "3": 800,
        "4": 7113,
        "5": 30419,
        "6": 86677
    },
    "18715": {
        "0": 1,
        "1": 13,
        "2": 120,
        "3": 1068,
        "4": 9379,
        "5": 49127,
        "6": 162371
    },
    "18716": {
        "0": 1,
        "1": 11,
        "2": 91,
        "3": 769,
        "4": 6534,
        "5": 23017,
        "6": 53151
    },
    "18717": {
        "0": 1,
        "1": 11,
        "2": 98,
        "3": 850,
        "4": 7368,
        "5": 31186,
        "6": 86328
    },
    "18718": {
        "0": 1,
        "1": 11,
        "2": 96,
        "3": 838,
        "4": 7368,
        "5": 32261,
        "6": 93564
    },
    "18719": {
        "0": 1,
        "1": 8,
        "2": 70,
        "3": 611,
        "4": 5355,
        "5": 14123,
        "6": 28950
    },
    "18720": {
        "0": 1,
        "1": 11,
        "2": 99,
        "3": 883,
        "4": 7868,
        "5": 37174,
        "6": 113137
    },
    "18721": {
        "0": 1,
        "1": 12,
        "2": 110,
        "3": 960,
        "4": 8305,
        "5": 38889,
        "6": 113188
    },
    "18722": {
        "0": 1,
        "1": 10,
        "2": 85,
        "3": 737,
        "4": 6412,
        "5": 23155,
        "6": 50594
    },
    "18723": {
        "0": 1,
        "1": 9,
        "2": 81,
        "3": 698,
        "4": 6018,
        "5": 19256,
        "6": 40350
    },
    "18724": {
        "0": 1,
        "1": 11,
        "2": 91,
        "3": 772,
        "4": 6562,
        "5": 23172,
        "6": 51787
    },
    "18725": {
        "0": 1,
        "1": 11,
        "2": 91,
        "3": 762,
        "4": 6450,
        "5": 22397,
        "6": 49212
    },
    "18726": {
        "0": 1,
        "1": 11,
        "2": 91,
        "3": 789,
        "4": 6892,
        "5": 27583,
        "6": 69900
    },
    "18727": {
        "0": 1,
        "1": 11,
        "2": 96,
        "3": 831,
        "4": 7180,
        "5": 29459,
        "6": 82292
    },
    "18728": {
        "0": 1,
        "1": 12,
        "2": 103,
        "3": 884,
        "4": 7603,
        "5": 32977,
        "6": 90623
    },
    "18729": {
        "0": 1,
        "1": 10,
        "2": 89,
        "3": 781,
        "4": 6822,
        "5": 26638,
        "6": 67304
    },
    "18730": {
        "0": 1,
        "1": 12,
        "2": 106,
        "3": 925,
        "4": 8088,
        "5": 37727,
        "6": 112105
    },
    "18731": {
        "0": 1,
        "1": 9,
        "2": 77,
        "3": 671,
        "4": 5882,
        "5": 19057,
        "6": 42024
    },
    "18732": {
        "0": 1,
        "1": 11,
        "2": 94,
        "3": 817,
        "4": 7080,
        "5": 28645,
        "6": 62356
    },
    "18733": {
        "0": 1,
        "1": 12,
        "2": 100,
        "3": 841,
        "4": 7181,
        "5": 29247,
        "6": 72811
    },
    "18734": {
        "0": 1,
        "1": 12,
        "2": 102,
        "3": 860,
        "4": 7313,
        "5": 29876,
        "6": 77327
    },
    "18735": {
        "0": 1,
        "1": 10,
        "2": 87,
        "3": 752,
        "4": 6500,
        "5": 23216,
        "6": 55604
    },
    "18736": {
        "0": 1,
        "1": 12,
        "2": 101,
        "3": 852,
        "4": 7323,
        "5": 30512,
        "6": 91336
    },
    "18737": {
        "0": 1,
        "1": 11,
        "2": 94,
        "3": 811,
        "4": 7032,
        "5": 28588,
        "6": 76893
    },
    "18738": {
        "0": 1,
        "1": 12,
        "2": 108,
        "3": 947,
        "4": 8195,
        "5": 37960,
        "6": 110629
    },
    "18739": {
        "0": 1,
        "1": 10,
        "2": 84,
        "3": 712,
        "4": 6035,
        "5": 18619,
        "6": 42417
    },
    "18740": {
        "0": 1,
        "1": 11,
        "2": 93,
        "3": 781,
        "4": 6616,
        "5": 23485,
        "6": 53718
    },
    "18741": {
        "0": 1,
        "1": 9,
        "2": 79,
        "3": 698,
        "4": 6203,
        "5": 22426,
        "6": 55550
    },
    "18742": {
        "0": 1,
        "1": 10,
        "2": 86,
        "3": 755,
        "4": 6639,
        "5": 25351,
        "6": 69681
    },
    "18743": {
        "0": 1,
        "1": 10,
        "2": 85,
        "3": 743,
        "4": 6511,
        "5": 24479,
        "6": 58899
    },
    "18744": {
        "0": 1,
        "1": 11,
        "2": 97,
        "3": 836,
        "4": 7208,
        "5": 29634,
        "6": 77332
    },
    "18745": {
        "0": 1,
        "1": 11,
        "2": 91,
        "3": 772,
        "4": 6622,
        "5": 24434,
        "6": 60073
    },
    "18746": {
        "0": 1,
        "1": 13,
        "2": 116,
        "3": 1011,
        "4": 8862,
        "5": 44872,
        "6": 137564
    },
    "18747": {
        "0": 1,
        "1": 13,
        "2": 116,
        "3": 994,
        "4": 8472,
        "5": 39756,
        "6": 128721
    },
    "18748": {
        "0": 1,
        "1": 11,
        "2": 96,
        "3": 833,
        "4": 7146,
        "5": 28450,
        "6": 71258
    },
    "18749": {
        "0": 1,
        "1": 13,
        "2": 113,
        "3": 945,
        "4": 7920,
        "5": 33933,
        "6": 78705
    },
    "18750": {
        "0": 1,
        "1": 10,
        "2": 86,
        "3": 744,
        "4": 6433,
        "5": 22379,
        "6": 47805
    },
    "18751": {
        "0": 1,
        "1": 10,
        "2": 86,
        "3": 737,
        "4": 6377,
        "5": 22772,
        "6": 53397
    },
    "18752": {
        "0": 1,
        "1": 10,
        "2": 85,
        "3": 729,
        "4": 6289,
        "5": 21662,
        "6": 48472
    },
    "18753": {
        "0": 1,
        "1": 13,
        "2": 116,
        "3": 1034,
        "4": 9215,
        "5": 49152,
        "6": 164551
    },
    "18754": {
        "0": 1,
        "1": 10,
        "2": 87,
        "3": 770,
        "4": 6781,
        "5": 26712,
        "6": 63135
    },
    "18755": {
        "0": 1,
        "1": 10,
        "2": 87,
        "3": 762,
        "4": 6630,
        "5": 24746,
        "6": 56174
    },
    "18756": {
        "0": 1,
        "1": 8,
        "2": 69,
        "3": 592,
        "4": 5108,
        "5": 11525,
        "6": 16770
    },
    "18757": {
        "0": 1,
        "1": 10,
        "2": 85,
        "3": 747,
        "4": 6606,
        "5": 25894,
        "6": 69119
    },
    "18758": {
        "0": 1,
        "1": 10,
        "2": 86,
        "3": 745,
        "4": 6435,
        "5": 22866,
        "6": 50841
    },
    "18759": {
        "0": 1,
        "1": 10,
        "2": 83,
        "3": 694,
        "4": 5850,
        "5": 16923,
        "6": 30592
    },
    "18760": {
        "0": 1,
        "1": 11,
        "2": 93,
        "3": 798,
        "4": 6840,
        "5": 25829,
        "6": 61428
    },
    "18761": {
        "0": 1,
        "1": 11,
        "2": 91,
        "3": 786,
        "4": 6901,
        "5": 28141,
        "6": 72455
    },
    "18762": {
        "0": 1,
        "1": 11,
        "2": 101,
        "3": 894,
        "4": 7813,
        "5": 35065,
        "6": 99633
    },
    "18763": {
        "0": 1,
        "1": 13,
        "2": 118,
        "3": 1030,
        "4": 9013,
        "5": 46454,
        "6": 157010
    },
    "18764": {
        "0": 1,
        "1": 10,
        "2": 84,
        "3": 723,
        "4": 6247,
        "5": 21304,
        "6": 48683
    },
    "18765": {
        "0": 1,
        "1": 8,
        "2": 66,
        "3": 546,
        "4": 4554,
        "5": 5595,
        "6": 9106
    },
    "18766": {
        "0": 1,
        "1": 11,
        "2": 99,
        "3": 863,
        "4": 7498,
        "5": 32339,
        "6": 88815
    },
    "18767": {
        "0": 1,
        "1": 11,
        "2": 101,
        "3": 904,
        "4": 8055,
        "5": 38867,
        "6": 122970
    },
    "18768": {
        "0": 1,
        "1": 10,
        "2": 83,
        "3": 705,
        "4": 6060,
        "5": 19820,
        "6": 45295
    },
    "18769": {
        "0": 1,
        "1": 12,
        "2": 103,
        "3": 873,
        "4": 7449,
        "5": 31189,
        "6": 80168
    },
    "18770": {
        "0": 1,
        "1": 10,
        "2": 81,
        "3": 686,
        "4": 5840,
        "5": 17348,
        "6": 33614
    },
    "18771": {
        "0": 1,
        "1": 12,
        "2": 102,
        "3": 853,
        "4": 7177,
        "5": 27984,
        "6": 67777
    },
    "18772": {
        "0": 1,
        "1": 11,
        "2": 95,
        "3": 829,
        "4": 7216,
        "5": 29915,
        "6": 79827
    },
    "18773": {
        "0": 1,
        "1": 12,
        "2": 110,
        "3": 976,
        "4": 8529,
        "5": 41523,
        "6": 126432
    },
    "18774": {
        "0": 1,
        "1": 10,
        "2": 81,
        "3": 684,
        "4": 5853,
        "5": 17485,
        "6": 39422
    },
    "18775": {
        "0": 1,
        "1": 11,
        "2": 100,
        "3": 874,
        "4": 7617,
        "5": 33473,
        "6": 101409
    },
    "18776": {
        "0": 1,
        "1": 10,
        "2": 93,
        "3": 836,
        "4": 7489,
        "5": 34083,
        "6": 97879
    },
    "18777": {
        "0": 1,
        "1": 14,
        "2": 127,
        "3": 1099,
        "4": 9475,
        "5": 49510,
        "6": 164100
    },
    "18778": {
        "0": 1,
        "1": 10,
        "2": 92,
        "3": 818,
        "4": 7208,
        "5": 29865,
        "6": 79341
    },
    "18779": {
        "0": 1,
        "1": 12,
        "2": 110,
        "3": 979,
        "4": 8647,
        "5": 43528,
        "6": 144231
    },
    "18780": {
        "0": 1,
        "1": 10,
        "2": 83,
        "3": 706,
        "4": 6047,
        "5": 19348,
        "6": 36489
    },
    "18781": {
        "0": 1,
        "1": 9,
        "2": 78,
        "3": 676,
        "4": 5882,
        "5": 18453,
        "6": 37368
    },
    "18782": {
        "0": 1,
        "1": 9,
        "2": 76,
        "3": 661,
        "4": 5747,
        "5": 17360,
        "6": 32930
    },
    "18783": {
        "0": 1,
        "1": 10,
        "2": 89,
        "3": 776,
        "4": 6746,
        "5": 25751,
        "6": 67998
    },
    "18784": {
        "0": 1,
        "1": 10,
        "2": 85,
        "3": 753,
        "4": 6658,
        "5": 25739,
        "6": 62121
    },
    "18785": {
        "0": 1,
        "1": 11,
        "2": 98,
        "3": 862,
        "4": 7592,
        "5": 34088,
        "6": 103869
    },
    "18786": {
        "0": 1,
        "1": 10,
        "2": 86,
        "3": 749,
        "4": 6547,
        "5": 24438,
        "6": 61165
    },
    "18787": {
        "0": 1,
        "1": 12,
        "2": 103,
        "3": 875,
        "4": 7440,
        "5": 30867,
        "6": 81000
    },
    "18788": {
        "0": 1,
        "1": 12,
        "2": 106,
        "3": 910,
        "4": 7782,
        "5": 33959,
        "6": 98524
    },
    "18789": {
        "0": 1,
        "1": 11,
        "2": 95,
        "3": 817,
        "4": 7054,
        "5": 28491,
        "6": 73628
    },
    "18790": {
        "0": 1,
        "1": 11,
        "2": 97,
        "3": 853,
        "4": 7449,
        "5": 32225,
        "6": 90388
    },
    "18791": {
        "0": 1,
        "1": 10,
        "2": 85,
        "3": 748,
        "4": 6587,
        "5": 25075,
        "6": 67505
    },
    "18792": {
        "0": 1,
        "1": 12,
        "2": 105,
        "3": 898,
        "4": 7678,
        "5": 32276,
        "6": 77554
    },
    "18793": {
        "0": 1,
        "1": 13,
        "2": 120,
        "3": 1052,
        "4": 9147,
        "5": 46816,
        "6": 156866
    },
    "18794": {
        "0": 1,
        "1": 10,
        "2": 87,
        "3": 759,
        "4": 6640,
        "5": 25546,
        "6": 69754
    },
    "18795": {
        "0": 1,
        "1": 10,
        "2": 85,
        "3": 734,
        "4": 6350,
        "5": 22336,
        "6": 46756
    },
    "18796": {
        "0": 1,
        "1": 9,
        "2": 83,
        "3": 740,
        "4": 6611,
        "5": 26090,
        "6": 67089
    },
    "18797": {
        "0": 1,
        "1": 11,
        "2": 94,
        "3": 832,
        "4": 7349,
        "5": 31783,
        "6": 86103
    },
    "18798": {
        "0": 1,
        "1": 10,
        "2": 83,
        "3": 709,
        "4": 6050,
        "5": 18856,
        "6": 39266
    },
    "18799": {
        "0": 1,
        "1": 12,
        "2": 106,
        "3": 937,
        "4": 8231,
        "5": 39128,
        "6": 121515
    }
}