{
    "25100": {
        "0": 1,
        "1": 14,
        "2": 125,
        "3": 1068,
        "4": 9108,
        "5": 45048,
        "6": 137018
    },
    "25101": {
        "0": 1,
        "1": 12,
        "2": 107,
        "3": 947,
        "4": 8322,
        "5": 40195,
        "6": 122401
    },
    "25102": {
        "0": 1,
        "1": 11,
        "2": 97,
        "3": 839,
        "4": 7308,
        "5": 31226,
        "6": 83816
    },
    "25103": {
        "0": 1,
        "1": 9,
        "2": 77,
        "3": 659,
        "4": 5664,
        "5": 16046,
        "6": 34359
    },
    "25104": {
        "0": 1,
        "1": 12,
        "2": 101,
        "3": 849,
        "4": 7201,
        "5": 28705,
        "6": 67799
    },
    "25105": {
        "0": 1,
        "1": 11,
        "2": 97,
        "3": 841,
        "4": 7280,
        "5": 30272,
        "6": 79379
    },
    "25106": {
        "0": 1,
        "1": 10,
        "2": 85,
        "3": 733,
        "4": 6360,
        "5": 22287,
        "6": 53808
    },
    "25107": {
        "0": 1,
        "1": 12,
        "2": 104,
        "3": 903,
        "4": 7837,
        "5": 35438,
        "6": 101307
    },
    "25108": {
        "0": 1,
        "1": 13,
        "2": 118,
        "3": 1025,
        "4": 8827,
        "5": 43344,
        "6": 136511
    },
    "25109": {
        "0": 1,
        "1": 10,
        "2": 85,
        "3": 745,
        "4": 6527,
        "5": 24358,
        "6": 54610
    },
    "25110": {
        "0": 1,
        "1": 12,
        "2": 106,
        "3": 933,
        "4": 8199,
        "5": 39170,
        "6": 105888
    },
    "25111": {
        "0": 1,
        "1": 8,
        "2": 68,
        "3": 580,
        "4": 4980,
        "5": 10214,
        "6": 21567
    },
    "25112": {
        "0": 1,
        "1": 9,
        "2": 80,
        "3": 706,
        "4": 6229,
        "5": 22083,
        "6": 52377
    },
    "25113": {
        "0": 1,
        "1": 10,
        "2": 86,
        "3": 757,
        "4": 6680,
        "5": 26194,
        "6": 59853
    },
    "25114": {
        "0": 1,
        "1": 11,
        "2": 94,
        "3": 817,
        "4": 7125,
        "5": 29590,
        "6": 83921
    },
    "25115": {
        "0": 1,
        "1": 9,
        "2": 75,
        "3": 637,
        "4": 5454,
        "5": 14310,
        "6": 23175
    },
    "25116": {
        "0": 1,
        "1": 9,
        "2": 79,
        "3": 692,
        "4": 6079,
        "5": 20621,
        "6": 48187
    },
    "25117": {
        "0": 1,
        "1": 9,
        "2": 78,
        "3": 692,
        "4": 6119,
        "5": 21189,
        "6": 45714
    },
    "25118": {
        "0": 1,
        "1": 9,
        "2": 74,
        "3": 627,
        "4": 5376,
        "5": 13784,
        "6": 23507
    },
    "25119": {
        "0": 1,
        "1": 9,
        "2": 79,
        "3": 697,
        "4": 6182,
        "5": 22221,
        "6": 58965
    },
    "25120": {
        "0": 1,
        "1": 9,
        "2": 78,
        "3": 684,
        "4": 5989,
        "5": 19760,
        "6": 50436
    },
    "25121": {
        "0": 1,
        "1": 12,
        "2": 111,
        "3": 994,
        "4": 8800,
        "5": 44986,
        "6": 148747
    },
    "25122": {
        "0": 1,
        "1": 12,
        "2": 104,
        "3": 896,
        "4": 7758,
        "5": 34623,
        "6": 94686
    },
    "25123": {
        "0": 1,
        "1": 13,
        "2": 120,
        "3": 1062,
        "4": 9266,
        "5": 47506,
        "6": 156399
    },
    "25124": {
        "0": 1,
        "1": 10,
        "2": 90,
        "3": 792,
        "4": 6943,
        "5": 27379,
        "6": 74009
    },
    "25125": {
        "0": 1,
        "1": 12,
        "2": 101,
        "3": 854,
        "4": 7298,
        "5": 30044,
        "6": 82053
    },
    "25126": {
        "0": 1,
        "1": 10,
        "2": 81,
        "3": 686,
        "4": 5861,
        "5": 17679,
        "6": 31783
    },
    "25127": {
        "0": 1,
        "1": 13,
        "2": 114,
        "3": 948,
        "4": 7893,
        "5": 33606,
        "6": 86800
    },
    "25128": {
        "0": 1,
        "1": 10,
        "2": 87,
        "3": 755,
        "4": 6575,
        "5": 24752,
        "6": 59737
    },
    "25129": {
        "0": 1,
        "1": 9,
        "2": 76,
        "3": 653,
        "4": 5612,
        "5": 15531,
        "6": 27203
    },
    "25130": {
        "0": 1,
        "1": 9,
        "2": 78,
        "3": 690,
        "4": 6102,
        "5": 21125,
        "6": 50801
    },
    "25131": {
        "0": 1,
        "1": 12,
        "2": 104,
        "3": 888,
        "4": 7613,
        "5": 32934,
        "6": 85170
    },
    "25132": {
        "0": 1,
        "1": 9,
        "2": 77,
        "3": 666,
        "4": 5806,
        "5": 18077,
        "6": 39056
    },
    "25133": {
        "0": 1,
        "1": 13,
        "2": 115,
        "3": 988,
        "4": 8510,
        "5": 40667,
        "6": 116620
    },
    "25134": {
        "0": 1,
        "1": 11,
        "2": 96,
        "3": 827,
        "4": 7131,
        "5": 28775,
        "6": 76599
    },
    "25135": {
        "0": 1,
        "1": 11,
        "2": 94,
        "3": 814,
        "4": 7096,
        "5": 29033,
        "6": 70073
    },
    "25136": {
        "0": 1,
        "1": 13,
        "2": 111,
        "3": 945,
        "4": 8112,
        "5": 36765,
        "6": 103084
    },
    "25137": {
        "0": 1,
        "1": 10,
        "2": 84,
        "3": 726,
        "4": 6313,
        "5": 22316,
        "6": 51124
    },
    "25138": {
        "0": 1,
        "1": 11,
        "2": 96,
        "3": 844,
        "4": 7416,
        "5": 32425,
        "6": 90071
    },
    "25139": {
        "0": 1,
        "1": 10,
        "2": 84,
        "3": 706,
        "4": 6021,
        "5": 19137,
        "6": 41737
    },
    "25140": {
        "0": 1,
        "1": 10,
        "2": 82,
        "3": 687,
        "4": 5821,
        "5": 17016,
        "6": 30277
    },
    "25141": {
        "0": 1,
        "1": 12,
        "2": 102,
        "3": 857,
        "4": 7276,
        "5": 29696,
        "6": 84293
    },
    "25142": {
        "0": 1,
        "1": 12,
        "2": 108,
        "3": 944,
        "4": 8258,
        "5": 39449,
        "6": 119462
    },
    "25143": {
        "0": 1,
        "1": 11,
        "2": 96,
        "3": 843,
        "4": 7408,
        "5": 32194,
        "6": 88966
    },
    "25144": {
        "0": 1,
        "1": 11,
        "2": 98,
        "3": 866,
        "4": 7601,
        "5": 33619,
        "6": 92536
    },
    "25145": {
        "0": 1,
        "1": 14,
        "2": 126,
        "3": 1066,
        "4": 8938,
        "5": 42445,
        "6": 132019
    },
    "25146": {
        "0": 1,
        "1": 9,
        "2": 75,
        "3": 638,
        "4": 5480,
        "5": 14550,
        "6": 25606
    },
    "25147": {
        "0": 1,
        "1": 9,
        "2": 77,
        "3": 682,
        "4": 6078,
        "5": 21522,
        "6": 53976
    },
    "25148": {
        "0": 1,
        "1": 11,
        "2": 97,
        "3": 847,
        "4": 7370,
        "5": 31357,
        "6": 88981
    },
    "25149": {
        "0": 1,
        "1": 13,
        "2": 115,
        "3": 988,
        "4": 8485,
        "5": 40489,
        "6": 112325
    },
    "25150": {
        "0": 1,
        "1": 12,
        "2": 103,
        "3": 866,
        "4": 7307,
        "5": 29356,
        "6": 75891
    },
    "25151": {
        "0": 1,
        "1": 13,
        "2": 122,
        "3": 1097,
        "4": 9633,
        "5": 51162,
        "6": 176592
    },
    "25152": {
        "0": 1,
        "1": 12,
        "2": 102,
        "3": 869,
        "4": 7480,
        "5": 32165,
        "6": 81406
    },
    "25153": {
        "0": 1,
        "1": 13,
        "2": 114,
        "3": 973,
        "4": 8320,
        "5": 38781,
        "6": 111875
    },
    "25154": {
        "0": 1,
        "1": 10,
        "2": 84,
        "3": 711,
        "4": 6006,
        "5": 18021,
        "6": 38347
    },
    "25155": {
        "0": 1,
        "1": 8,
        "2": 70,
        "3": 603,
        "4": 5217,
        "5": 12619,
        "6": 20678
    },
    "25156": {
        "0": 1,
        "1": 12,
        "2": 108,
        "3": 952,
        "4": 8335,
        "5": 40155,
        "6": 122576
    },
    "25157": {
        "0": 1,
        "1": 10,
        "2": 82,
        "3": 703,
        "4": 6142,
        "5": 21198,
        "6": 44660
    },
    "25158": {
        "0": 1,
        "1": 10,
        "2": 85,
        "3": 747,
        "4": 6640,
        "5": 26340,
        "6": 63896
    },
    "25159": {
        "0": 1,
        "1": 10,
        "2": 87,
        "3": 754,
        "4": 6530,
        "5": 23783,
        "6": 53644
    },
    "25160": {
        "0": 1,
        "1": 10,
        "2": 87,
        "3": 761,
        "4": 6709,
        "5": 26311,
        "6": 63348
    },
    "25161": {
        "0": 1,
        "1": 11,
        "2": 93,
        "3": 794,
        "4": 6847,
        "5": 26468,
        "6": 69675
    },
    "25162": {
        "0": 1,
        "1": 10,
        "2": 85,
        "3": 723,
        "4": 6180,
        "5": 20273,
        "6": 49761
    },
    "25163": {
        "0": 1,
        "1": 8,
        "2": 70,
        "3": 606,
        "4": 5240,
        "5": 12577,
        "6": 19615
    },
    "25164": {
        "0": 1,
        "1": 9,
        "2": 77,
        "3": 662,
        "4": 5695,
        "5": 16309,
        "6": 35649
    },
    "25165": {
        "0": 1,
        "1": 11,
        "2": 93,
        "3": 802,
        "4": 6965,
        "5": 27953,
        "6": 75259
    },
    "25166": {
        "0": 1,
        "1": 11,
        "2": 97,
        "3": 861,
        "4": 7617,
        "5": 34532,
        "6": 96908
    },
    "25167": {
        "0": 1,
        "1": 12,
        "2": 107,
        "3": 923,
        "4": 7874,
        "5": 34211,
        "6": 89239
    },
    "25168": {
        "0": 1,
        "1": 10,
        "2": 83,
        "3": 701,
        "4": 5993,
        "5": 19025,
        "6": 41309
    },
    "25169": {
        "0": 1,
        "1": 12,
        "2": 101,
        "3": 849,
        "4": 7220,
        "5": 29129,
        "6": 66549
    },
    "25170": {
        "0": 1,
        "1": 11,
        "2": 97,
        "3": 829,
        "4": 7062,
        "5": 27539,
        "6": 72691
    },
    "25171": {
        "0": 1,
        "1": 10,
        "2": 83,
        "3": 708,
        "4": 6098,
        "5": 20093,
        "6": 44290
    },
    "25172": {
        "0": 1,
        "1": 12,
        "2": 108,
        "3": 955,
        "4": 8417,
        "5": 41671,
        "6": 134610
    },
    "25173": {
        "0": 1,
        "1": 12,
        "2": 108,
        "3": 948,
        "4": 8297,
        "5": 39805,
        "6": 122471
    },
    "25174": {
        "0": 1,
        "1": 14,
        "2": 132,
        "3": 1184,
        "4": 10567,
        "5": 61256,
        "6": 215601
    },
    "25175": {
        "0": 1,
        "1": 9,
        "2": 75,
        "3": 636,
        "4": 5442,
        "5": 14212,
        "6": 22574
    },
    "25176": {
        "0": 1,
        "1": 9,
        "2": 78,
        "3": 693,
        "4": 6180,
        "5": 22452,
        "6": 54483
    },
    "25177": {
        "0": 1,
        "1": 10,
        "2": 85,
        "3": 732,
        "4": 6360,
        "5": 22824,
        "6": 55550
    },
    "25178": {
        "0": 1,
        "1": 13,
        "2": 121,
        "3": 1071,
        "4": 9378,
        "5": 48845,
        "6": 167673
    },
    "25179": {
        "0": 1,
        "1": 10,
        "2": 90,
        "3": 795,
        "4": 7052,
        "5": 29954,
        "6": 84821
    },
    "25180": {
        "0": 1,
        "1": 9,
        "2": 76,
        "3": 658,
        "4": 5707,
        "5": 16910,
        "6": 34555
    },
    "25181": {
        "0": 1,
        "1": 10,
        "2": 81,
        "3": 676,
        "4": 5751,
        "5": 16830,
        "6": 31409
    },
    "25182": {
        "0": 1,
        "1": 10,
        "2": 83,
        "3": 693,
        "4": 5862,
        "5": 17190,
        "6": 35332
    },
    "25183": {
        "0": 1,
        "1": 11,
        "2": 100,
        "3": 892,
        "4": 7866,
        "5": 35874,
        "6": 112151
    },
    "25184": {
        "0": 1,
        "1": 11,
        "2": 92,
        "3": 778,
        "4": 6598,
        "5": 23421,
        "6": 50119
    },
    "25185": {
        "0": 1,
        "1": 8,
        "2": 68,
        "3": 578,
        "4": 4972,
        "5": 10373,
        "6": 15231
    },
    "25186": {
        "0": 1,
        "1": 11,
        "2": 97,
        "3": 851,
        "4": 7429,
        "5": 32046,
        "6": 87779
    },
    "25187": {
        "0": 1,
        "1": 12,
        "2": 105,
        "3": 898,
        "4": 7638,
        "5": 32386,
        "6": 88044
    },
    "25188": {
        "0": 1,
        "1": 11,
        "2": 94,
        "3": 808,
        "4": 7007,
        "5": 28281,
        "6": 69802
    },
    "25189": {
        "0": 1,
        "1": 11,
        "2": 97,
        "3": 844,
        "4": 7378,
        "5": 32042,
        "6": 91395
    },
    "25190": {
        "0": 1,
        "1": 12,
        "2": 102,
        "3": 862,
        "4": 7408,
        "5": 31428,
        "6": 81643
    },
    "25191": {
        "0": 1,
        "1": 13,
        "2": 114,
        "3": 969,
        "4": 8211,
        "5": 36982,
        "6": 93416
    },
    "25192": {
        "0": 1,
        "1": 12,
        "2": 103,
        "3": 869,
        "4": 7345,
        "5": 29472,
        "6": 75184
    },
    "25193": {
        "0": 1,
        "1": 10,
        "2": 89,
        "3": 770,
        "4": 6688,
        "5": 25577,
        "6": 65271
    },
    "25194": {
        "0": 1,
        "1": 8,
        "2": 72,
        "3": 647,
        "4": 5773,
        "5": 17831,
        "6": 44819
    },
    "25195": {
        "0": 1,
        "1": 11,
        "2": 91,
        "3": 769,
        "4": 6534,
        "5": 23174,
        "6": 52459
    },
    "25196": {
        "0": 1,
        "1": 12,
        "2": 104,
        "3": 901,
        "4": 7837,
        "5": 35651,
        "6": 100034
    },
    "25197": {
        "0": 1,
        "1": 11,
        "2": 94,
        "3": 808,
        "4": 6977,
        "5": 27586,
        "6": 67813
    },
    "25198": {
        "0": 1,
        "1": 9,
        "2": 77,
        "3": 666,
        "4": 5769,
        "5": 17214,
        "6": 31837
    },
    "25199": {
        "0": 1,
        "1": 11,
        "2": 92,
        "3": 793,
        "4": 6896,
        "5": 27568,
        "6": 68449
    }
}