{
    "29700": {
        "0": 1,
        "1": 11,
        "2": 95,
        "3": 814,
        "4": 6992,
        "5": 27579,
        "6": 63619
    },
    "29701": {
        "0": 1,
        "1": 9,
        "2": 77,
        "3": 669,
        "4": 5821,
        "5": 17306,
        "6": 34167
    },
    "29702": {
        "0": 1,
        "1": 10,
        "2": 85,
        "3": 727,
        "4": 6239,
        "5": 20777,
        "6": 46108
    },
    "29703": {
        "0": 1,
        "1": 15,
        "2": 131,
        "3": 1095,
        "4": 9246,
        "5": 46061,
        "6": 140071
    },
    "29704": {
        "0": 1,
        "1": 9,
        "2": 75,
        "3": 636,
        "4": 5422,
        "5": 13737,
        "6": 23608
    },
    "29705": {
        "0": 1,
        "1": 10,
        "2": 88,
        "3": 762,
        "4": 6596,
        "5": 23982,
        "6": 51383
    },
    "29706": {
        "0": 1,
        "1": 12,
        "2": 105,
        "3": 898,
        "4": 7717,
        "5": 34122,
        "6": 99938
    },
    "29707": {
        "0": 1,
        "1": 12,
        "2": 111,
        "3": 1014,
        "4": 9129,
        "5": 48048,
        "6": 168847
    },
    "29708": {
        "0": 1,
        "1": 11,
        "2": 95,
        "3": 817,
        "4": 7066,
        "5": 28624,
        "6": 74949
    },
    "29709": {
        "0": 1,
        "1": 12,
        "2": 106,
        "3": 927,
        "4": 8128,
        "5": 38260,
        "6": 113511
    },
    "29710": {
        "0": 1,
        "1": 10,
        "2": 85,
        "3": 731,
        "4": 6307,
        "5": 21630,
        "6": 49719
    },
    "29711": {
        "0": 1,
        "1": 10,
        "2": 85,
        "3": 729,
        "4": 6280,
        "5": 21565,
        "6": 45310
    },
    "29712": {
        "0": 1,
        "1": 12,
        "2": 102,
        "3": 870,
        "4": 7502,
        "5": 32270,
        "6": 79364
    },
    "29713": {
        "0": 1,
        "1": 11,
        "2": 96,
        "3": 836,
        "4": 7228,
        "5": 29699,
        "6": 79043
    },
    "29714": {
        "0": 1,
        "1": 11,
        "2": 95,
        "3": 822,
        "4": 7163,
        "5": 30017,
        "6": 72440
    },
    "29715": {
        "0": 1,
        "1": 9,
        "2": 78,
        "3": 689,
        "4": 6093,
        "5": 21147,
        "6": 48708
    },
    "29716": {
        "0": 1,
        "1": 10,
        "2": 85,
        "3": 721,
        "4": 6166,
        "5": 20288,
        "6": 45620
    },
    "29717": {
        "0": 1,
        "1": 10,
        "2": 88,
        "3": 771,
        "4": 6780,
        "5": 27021,
        "6": 73813
    },
    "29718": {
        "0": 1,
        "1": 13,
        "2": 115,
        "3": 990,
        "4": 8402,
        "5": 38316,
        "6": 106217
    },
    "29719": {
        "0": 1,
        "1": 10,
        "2": 84,
        "3": 721,
        "4": 6233,
        "5": 21341,
        "6": 50865
    },
    "29720": {
        "0": 1,
        "1": 10,
        "2": 86,
        "3": 747,
        "4": 6488,
        "5": 23469,
        "6": 58702
    },
    "29721": {
        "0": 1,
        "1": 10,
        "2": 88,
        "3": 770,
        "4": 6743,
        "5": 26087,
        "6": 61514
    },
    "29722": {
        "0": 1,
        "1": 9,
        "2": 74,
        "3": 635,
        "4": 5517,
        "5": 15540,
        "6": 30074
    },
    "29723": {
        "0": 1,
        "1": 13,
        "2": 118,
        "3": 1017,
        "4": 8746,
        "5": 42909,
        "6": 131141
    },
    "29724": {
        "0": 1,
        "1": 10,
        "2": 85,
        "3": 740,
        "4": 6464,
        "5": 23574,
        "6": 52771
    },
    "29725": {
        "0": 1,
        "1": 10,
        "2": 85,
        "3": 741,
        "4": 6520,
        "5": 24860,
        "6": 60427
    },
    "29726": {
        "0": 1,
        "1": 10,
        "2": 86,
        "3": 746,
        "4": 6442,
        "5": 22626,
        "6": 47257
    },
    "29727": {
        "0": 1,
        "1": 11,
        "2": 95,
        "3": 811,
        "4": 6971,
        "5": 27539,
        "6": 67687
    },
    "29728": {
        "0": 1,
        "1": 11,
        "2": 97,
        "3": 849,
        "4": 7415,
        "5": 31935,
        "6": 90352
    },
    "29729": {
        "0": 1,
        "1": 10,
        "2": 90,
        "3": 790,
        "4": 6926,
        "5": 27654,
        "6": 70056
    },
    "29730": {
        "0": 1,
        "1": 12,
        "2": 108,
        "3": 946,
        "4": 8273,
        "5": 39320,
        "6": 125527
    },
    "29731": {
        "0": 1,
        "1": 11,
        "2": 90,
        "3": 768,
        "4": 6624,
        "5": 24872,
        "6": 59997
    },
    "29732": {
        "0": 1,
        "1": 12,
        "2": 104,
        "3": 889,
        "4": 7647,
        "5": 33564,
        "6": 93413
    },
    "29733": {
        "0": 1,
        "1": 10,
        "2": 82,
        "3": 687,
        "4": 5788,
        "5": 16071,
        "6": 30372
    },
    "29734": {
        "0": 1,
        "1": 10,
        "2": 83,
        "3": 688,
        "4": 5769,
        "5": 16198,
        "6": 33992
    },
    "29735": {
        "0": 1,
        "1": 12,
        "2": 101,
        "3": 855,
        "4": 7264,
        "5": 29471,
        "6": 73312
    },
    "29736": {
        "0": 1,
        "1": 10,
        "2": 88,
        "3": 762,
        "4": 6598,
        "5": 24410,
        "6": 53086
    },
    "29737": {
        "0": 1,
        "1": 9,
        "2": 79,
        "3": 689,
        "4": 6013,
        "5": 19704,
        "6": 44666
    },
    "29738": {
        "0": 1,
        "1": 10,
        "2": 87,
        "3": 763,
        "4": 6705,
        "5": 26263,
        "6": 63745
    },
    "29739": {
        "0": 1,
        "1": 10,
        "2": 88,
        "3": 769,
        "4": 6768,
        "5": 26966,
        "6": 74430
    },
    "29740": {
        "0": 1,
        "1": 9,
        "2": 77,
        "3": 650,
        "4": 5569,
        "5": 15294,
        "6": 29456
    },
    "29741": {
        "0": 1,
        "1": 11,
        "2": 97,
        "3": 860,
        "4": 7615,
        "5": 34577,
        "6": 92871
    },
    "29742": {
        "0": 1,
        "1": 9,
        "2": 79,
        "3": 698,
        "4": 6113,
        "5": 20297,
        "6": 39007
    },
    "29743": {
        "0": 1,
        "1": 12,
        "2": 108,
        "3": 946,
        "4": 8237,
        "5": 38593,
        "6": 119739
    },
    "29744": {
        "0": 1,
        "1": 12,
        "2": 102,
        "3": 866,
        "4": 7395,
        "5": 30572,
        "6": 78066
    },
    "29745": {
        "0": 1,
        "1": 10,
        "2": 84,
        "3": 718,
        "4": 6157,
        "5": 20124,
        "6": 43260
    },
    "29746": {
        "0": 1,
        "1": 10,
        "2": 88,
        "3": 769,
        "4": 6705,
        "5": 25704,
        "6": 61964
    },
    "29747": {
        "0": 1,
        "1": 11,
        "2": 94,
        "3": 819,
        "4": 7151,
        "5": 29619,
        "6": 81470
    },
    "29748": {
        "0": 1,
        "1": 12,
        "2": 105,
        "3": 925,
        "4": 8178,
        "5": 39521,
        "6": 117766
    },
    "29749": {
        "0": 1,
        "1": 11,
        "2": 94,
        "3": 817,
        "4": 7093,
        "5": 29086,
        "6": 75209
    },
    "29750": {
        "0": 1,
        "1": 11,
        "2": 89,
        "3": 744,
        "4": 6310,
        "5": 21286,
        "6": 39239
    },
    "29751": {
        "0": 1,
        "1": 10,
        "2": 88,
        "3": 778,
        "4": 6849,
        "5": 27425,
        "6": 71237
    },
    "29752": {
        "0": 1,
        "1": 11,
        "2": 99,
        "3": 871,
        "4": 7630,
        "5": 33856,
        "6": 104120
    },
    "29753": {
        "0": 1,
        "1": 9,
        "2": 82,
        "3": 754,
        "4": 6836,
        "5": 28348,
        "6": 75496
    },
    "29754": {
        "0": 1,
        "1": 12,
        "2": 107,
        "3": 928,
        "4": 8004,
        "5": 36414,
        "6": 103811
    },
    "29755": {
        "0": 1,
        "1": 11,
        "2": 96,
        "3": 825,
        "4": 7082,
        "5": 28177,
        "6": 69441
    },
    "29756": {
        "0": 1,
        "1": 12,
        "2": 106,
        "3": 932,
        "4": 8184,
        "5": 38664,
        "6": 109128
    },
    "29757": {
        "0": 1,
        "1": 11,
        "2": 92,
        "3": 790,
        "4": 6837,
        "5": 26242,
        "6": 62221
    },
    "29758": {
        "0": 1,
        "1": 10,
        "2": 86,
        "3": 747,
        "4": 6510,
        "5": 24074,
        "6": 61740
    },
    "29759": {
        "0": 1,
        "1": 9,
        "2": 80,
        "3": 720,
        "4": 6497,
        "5": 25751,
        "6": 73917
    },
    "29760": {
        "0": 1,
        "1": 11,
        "2": 97,
        "3": 845,
        "4": 7333,
        "5": 30671,
        "6": 76961
    },
    "29761": {
        "0": 1,
        "1": 10,
        "2": 85,
        "3": 738,
        "4": 6435,
        "5": 23550,
        "6": 57743
    },
    "29762": {
        "0": 1,
        "1": 10,
        "2": 89,
        "3": 782,
        "4": 6827,
        "5": 26585,
        "6": 71018
    },
    "29763": {
        "0": 1,
        "1": 9,
        "2": 80,
        "3": 712,
        "4": 6348,
        "5": 23842,
        "6": 58734
    },
    "29764": {
        "0": 1,
        "1": 12,
        "2": 103,
        "3": 890,
        "4": 7733,
        "5": 34788,
        "6": 106867
    },
    "29765": {
        "0": 1,
        "1": 12,
        "2": 100,
        "3": 841,
        "4": 7157,
        "5": 28469,
        "6": 66702
    },
    "29766": {
        "0": 1,
        "1": 10,
        "2": 86,
        "3": 742,
        "4": 6451,
        "5": 23676,
        "6": 58935
    },
    "29767": {
        "0": 1,
        "1": 13,
        "2": 117,
        "3": 1012,
        "4": 8744,
        "5": 43130,
        "6": 130519
    },
    "29768": {
        "0": 1,
        "1": 12,
        "2": 105,
        "3": 900,
        "4": 7675,
        "5": 32894,
        "6": 94094
    },
    "29769": {
        "0": 1,
        "1": 8,
        "2": 70,
        "3": 606,
        "4": 5263,
        "5": 12866,
        "6": 23096
    },
    "29770": {
        "0": 1,
        "1": 13,
        "2": 116,
        "3": 1007,
        "4": 8662,
        "5": 41547,
        "6": 118701
    },
    "29771": {
        "0": 1,
        "1": 9,
        "2": 81,
        "3": 725,
        "4": 6472,
        "5": 24863,
        "6": 60851
    },
    "29772": {
        "0": 1,
        "1": 9,
        "2": 74,
        "3": 624,
        "4": 5284,
        "5": 11982,
        "6": 20957
    },
    "29773": {
        "0": 1,
        "1": 13,
        "2": 112,
        "3": 936,
        "4": 7917,
        "5": 34994,
        "6": 90955
    },
    "29774": {
        "0": 1,
        "1": 12,
        "2": 103,
        "3": 866,
        "4": 7244,
        "5": 27652,
        "6": 60930
    },
    "29775": {
        "0": 1,
        "1": 11,
        "2": 98,
        "3": 867,
        "4": 7622,
        "5": 34333,
        "6": 104929
    },
    "29776": {
        "0": 1,
        "1": 11,
        "2": 97,
        "3": 842,
        "4": 7311,
        "5": 31033,
        "6": 90688
    },
    "29777": {
        "0": 1,
        "1": 11,
        "2": 96,
        "3": 827,
        "4": 7103,
        "5": 28544,
        "6": 77235
    },
    "29778": {
        "0": 1,
        "1": 13,
        "2": 119,
        "3": 1061,
        "4": 9414,
        "5": 50587,
        "6": 170711
    },
    "29779": {
        "0": 1,
        "1": 10,
        "2": 85,
        "3": 730,
        "4": 6323,
        "5": 22373,
        "6": 57828
    },
    "29780": {
        "0": 1,
        "1": 11,
        "2": 95,
        "3": 820,
        "4": 7104,
        "5": 28915,
        "6": 80174
    },
    "29781": {
        "0": 1,
        "1": 9,
        "2": 79,
        "3": 693,
        "4": 6061,
        "5": 20118,
        "6": 47884
    },
    "29782": {
        "0": 1,
        "1": 10,
        "2": 90,
        "3": 800,
        "4": 7126,
        "5": 30647,
        "6": 88182
    },
    "29783": {
        "0": 1,
        "1": 10,
        "2": 81,
        "3": 687,
        "4": 5902,
        "5": 18294,
        "6": 36159
    },
    "29784": {
        "0": 1,
        "1": 12,
        "2": 107,
        "3": 918,
        "4": 7828,
        "5": 34136,
        "6": 98324
    },
    "29785": {
        "0": 1,
        "1": 11,
        "2": 95,
        "3": 819,
        "4": 7049,
        "5": 28016,
        "6": 70901
    },
    "29786": {
        "0": 1,
        "1": 10,
        "2": 85,
        "3": 738,
        "4": 6453,
        "5": 23883,
        "6": 56214
    },
    "29787": {
        "0": 1,
        "1": 8,
        "2": 70,
        "3": 604,
        "4": 5235,
        "5": 12792,
        "6": 21476
    },
    "29788": {
        "0": 1,
        "1": 10,
        "2": 90,
        "3": 798,
        "4": 7027,
        "5": 28539,
        "6": 74311
    },
    "29789": {
        "0": 1,
        "1": 14,
        "2": 132,
        "3": 1158,
        "4": 10003,
        "5": 53843,
        "6": 187848
    },
    "29790": {
        "0": 1,
        "1": 10,
        "2": 89,
        "3": 794,
        "4": 7088,
        "5": 30338,
        "6": 93982
    },
    "29791": {
        "0": 1,
        "1": 12,
        "2": 105,
        "3": 917,
        "4": 8007,
        "5": 36938,
        "6": 100521
    },
    "29792": {
        "0": 1,
        "1": 11,
        "2": 95,
        "3": 823,
        "4": 7139,
        "5": 29035,
        "6": 71285
    },
    "29793": {
        "0": 1,
        "1": 12,
        "2": 105,
        "3": 907,
        "4": 7878,
        "5": 35879,
        "6": 106873
    },
    "29794": {
        "0": 1,
        "1": 9,
        "2": 80,
        "3": 690,
        "4": 5963,
        "5": 18352,
        "6": 36428
    },
    "29795": {
        "0": 1,
        "1": 13,
        "2": 112,
        "3": 943,
        "4": 8019,
        "5": 36038,
        "6": 105121
    },
    "29796": {
        "0": 1,
        "1": 11,
        "2": 97,
        "3": 842,
        "4": 7326,
        "5": 31288,
        "6": 85285
    },
    "29797": {
        "0": 1,
        "1": 10,
        "2": 82,
        "3": 689,
        "4": 5860,
        "5": 17487,
        "6": 35861
    },
    "29798": {
        "0": 1,
        "1": 13,
        "2": 118,
        "3": 1028,
        "4": 8864,
        "5": 43476,
        "6": 130520
    },
    "29799": {
        "0": 1,
        "1": 12,
        "2": 99,
        "3": 825,
        "4": 6992,
        "5": 26877,
        "6": 59206
    }
}