{
    "19100": {
        "0": 1,
        "1": 10,
        "2": 89,
        "3": 780,
        "4": 6851,
        "5": 27557,
        "6": 75037
    },
    "19101": {
        "0": 1,
        "1": 13,
        "2": 110,
        "3": 909,
        "4": 7613,
        "5": 31602,
        "6": 80528
    },
    "19102": {
        "0": 1,
        "1": 11,
        "2": 100,
        "3": 865,
        "4": 7450,
        "5": 31221,
        "6": 88814
    },
    "19103": {
        "0": 1,
        "1": 9,
        "2": 76,
        "3": 654,
        "4": 5657,
        "5": 16505,
        "6": 28586
    },
    "19104": {
        "0": 1,
        "1": 12,
        "2": 102,
        "3": 860,
        "4": 7276,
        "5": 29224,
        "6": 73893
    },
    "19105": {
        "0": 1,
        "1": 10,
        "2": 90,
        "3": 809,
        "4": 7229,
        "5": 31690,
        "6": 97129
    },
    "19106": {
        "0": 1,
        "1": 10,
        "2": 83,
        "3": 692,
        "4": 5811,
        "5": 16208,
        "6": 28649
    },
    "19107": {
        "0": 1,
        "1": 11,
        "2": 91,
        "3": 759,
        "4": 6391,
        "5": 21608,
        "6": 48455
    },
    "19108": {
        "0": 1,
        "1": 9,
        "2": 77,
        "3": 666,
        "4": 5796,
        "5": 17805,
        "6": 42594
    },
    "19109": {
        "0": 1,
        "1": 10,
        "2": 87,
        "3": 760,
        "4": 6635,
        "5": 25112,
        "6": 61206
    },
    "19110": {
        "0": 1,
        "1": 9,
        "2": 77,
        "3": 667,
        "4": 5803,
        "5": 17866,
        "6": 32805
    },
    "19111": {
        "0": 1,
        "1": 12,
        "2": 105,
        "3": 896,
        "4": 7655,
        "5": 32598,
        "6": 84791
    },
    "19112": {
        "0": 1,
        "1": 11,
        "2": 98,
        "3": 855,
        "4": 7428,
        "5": 31753,
        "6": 92475
    },
    "19113": {
        "0": 1,
        "1": 11,
        "2": 95,
        "3": 831,
        "4": 7203,
        "5": 29519,
        "6": 77192
    },
    "19114": {
        "0": 1,
        "1": 10,
        "2": 85,
        "3": 731,
        "4": 6359,
        "5": 22993,
        "6": 63051
    },
    "19115": {
        "0": 1,
        "1": 9,
        "2": 81,
        "3": 731,
        "4": 6535,
        "5": 25104,
        "6": 63367
    },
    "19116": {
        "0": 1,
        "1": 11,
        "2": 100,
        "3": 910,
        "4": 8258,
        "5": 41394,
        "6": 133779
    },
    "19117": {
        "0": 1,
        "1": 10,
        "2": 82,
        "3": 708,
        "4": 6171,
        "5": 21600,
        "6": 42991
    },
    "19118": {
        "0": 1,
        "1": 9,
        "2": 79,
        "3": 679,
        "4": 5869,
        "5": 17966,
        "6": 35851
    },
    "19119": {
        "0": 1,
        "1": 9,
        "2": 79,
        "3": 693,
        "4": 6069,
        "5": 20388,
        "6": 48090
    },
    "19120": {
        "0": 1,
        "1": 13,
        "2": 108,
        "3": 893,
        "4": 7531,
        "5": 31523,
        "6": 78305
    },
    "19121": {
        "0": 1,
        "1": 13,
        "2": 117,
        "3": 1029,
        "4": 9019,
        "5": 46002,
        "6": 144882
    },
    "19122": {
        "0": 1,
        "1": 10,
        "2": 86,
        "3": 748,
        "4": 6523,
        "5": 24175,
        "6": 55810
    },
    "19123": {
        "0": 1,
        "1": 12,
        "2": 106,
        "3": 926,
        "4": 8096,
        "5": 37921,
        "6": 116712
    },
    "19124": {
        "0": 1,
        "1": 11,
        "2": 94,
        "3": 795,
        "4": 6734,
        "5": 24507,
        "6": 60347
    },
    "19125": {
        "0": 1,
        "1": 8,
        "2": 69,
        "3": 602,
        "4": 5268,
        "5": 13497,
        "6": 28849
    },
    "19126": {
        "0": 1,
        "1": 13,
        "2": 114,
        "3": 984,
        "4": 8552,
        "5": 42273,
        "6": 127425
    },
    "19127": {
        "0": 1,
        "1": 11,
        "2": 97,
        "3": 842,
        "4": 7317,
        "5": 31066,
        "6": 82821
    },
    "19128": {
        "0": 1,
        "1": 12,
        "2": 106,
        "3": 925,
        "4": 8026,
        "5": 36878,
        "6": 113567
    },
    "19129": {
        "0": 1,
        "1": 12,
        "2": 106,
        "3": 932,
        "4": 8150,
        "5": 38387,
        "6": 115904
    },
    "19130": {
        "0": 1,
        "1": 12,
        "2": 100,
        "3": 833,
        "4": 7015,
        "5": 26711,
        "6": 59030
    },
    "19131": {
        "0": 1,
        "1": 9,
        "2": 79,
        "3": 694,
        "4": 6117,
        "5": 21207,
        "6": 49929
    },
    "19132": {
        "0": 1,
        "1": 11,
        "2": 95,
        "3": 793,
        "4": 6677,
        "5": 23875,
        "6": 55361
    },
    "19133": {
        "0": 1,
        "1": 11,
        "2": 97,
        "3": 840,
        "4": 7238,
        "5": 29470,
        "6": 74072
    },
    "19134": {
        "0": 1,
        "1": 11,
        "2": 93,
        "3": 789,
        "4": 6733,
        "5": 24841,
        "6": 60833
    },
    "19135": {
        "0": 1,
        "1": 10,
        "2": 83,
        "3": 703,
        "4": 6038,
        "5": 19683,
        "6": 41193
    },
    "19136": {
        "0": 1,
        "1": 11,
        "2": 92,
        "3": 763,
        "4": 6364,
        "5": 20614,
        "6": 43472
    },
    "19137": {
        "0": 1,
        "1": 12,
        "2": 109,
        "3": 970,
        "4": 8595,
        "5": 43239,
        "6": 147948
    },
    "19138": {
        "0": 1,
        "1": 10,
        "2": 86,
        "3": 747,
        "4": 6481,
        "5": 23664,
        "6": 56290
    },
    "19139": {
        "0": 1,
        "1": 12,
        "2": 107,
        "3": 919,
        "4": 7846,
        "5": 34110,
        "6": 91683
    },
    "19140": {
        "0": 1,
        "1": 12,
        "2": 102,
        "3": 879,
        "4": 7649,
        "5": 34112,
        "6": 89433
    },
    "19141": {
        "0": 1,
        "1": 12,
        "2": 104,
        "3": 892,
        "4": 7642,
        "5": 32751,
        "6": 89537
    },
    "19142": {
        "0": 1,
        "1": 10,
        "2": 85,
        "3": 733,
        "4": 6401,
        "5": 23438,
        "6": 61209
    },
    "19143": {
        "0": 1,
        "1": 12,
        "2": 108,
        "3": 943,
        "4": 8238,
        "5": 39322,
        "6": 123388
    },
    "19144": {
        "0": 1,
        "1": 10,
        "2": 86,
        "3": 758,
        "4": 6649,
        "5": 25172,
        "6": 65529
    },
    "19145": {
        "0": 1,
        "1": 10,
        "2": 83,
        "3": 716,
        "4": 6201,
        "5": 21072,
        "6": 48060
    },
    "19146": {
        "0": 1,
        "1": 9,
        "2": 78,
        "3": 677,
        "4": 5844,
        "5": 17628,
        "6": 29325
    },
    "19147": {
        "0": 1,
        "1": 12,
        "2": 105,
        "3": 898,
        "4": 7684,
        "5": 33350,
        "6": 91055
    },
    "19148": {
        "0": 1,
        "1": 9,
        "2": 77,
        "3": 673,
        "4": 5919,
        "5": 19533,
        "6": 39631
    },
    "19149": {
        "0": 1,
        "1": 10,
        "2": 82,
        "3": 681,
        "4": 5692,
        "5": 15156,
        "6": 25473
    },
    "19150": {
        "0": 1,
        "1": 10,
        "2": 87,
        "3": 766,
        "4": 6777,
        "5": 27075,
        "6": 69105
    },
    "19151": {
        "0": 1,
        "1": 11,
        "2": 93,
        "3": 796,
        "4": 6819,
        "5": 25937,
        "6": 59911
    },
    "19152": {
        "0": 1,
        "1": 9,
        "2": 78,
        "3": 687,
        "4": 6064,
        "5": 20910,
        "6": 43160
    },
    "19153": {
        "0": 1,
        "1": 8,
        "2": 72,
        "3": 640,
        "4": 5703,
        "5": 17837,
        "6": 39747
    },
    "19154": {
        "0": 1,
        "1": 10,
        "2": 82,
        "3": 684,
        "4": 5792,
        "5": 16835,
        "6": 34457
    },
    "19155": {
        "0": 1,
        "1": 11,
        "2": 95,
        "3": 815,
        "4": 7018,
        "5": 27993,
        "6": 75729
    },
    "19156": {
        "0": 1,
        "1": 13,
        "2": 116,
        "3": 993,
        "4": 8508,
        "5": 40628,
        "6": 124586
    },
    "19157": {
        "0": 1,
        "1": 11,
        "2": 94,
        "3": 803,
        "4": 6852,
        "5": 25703,
        "6": 54966
    },
    "19158": {
        "0": 1,
        "1": 13,
        "2": 116,
        "3": 1002,
        "4": 8644,
        "5": 42240,
        "6": 136724
    },
    "19159": {
        "0": 1,
        "1": 12,
        "2": 108,
        "3": 949,
        "4": 8343,
        "5": 40606,
        "6": 130545
    },
    "19160": {
        "0": 1,
        "1": 9,
        "2": 80,
        "3": 717,
        "4": 6369,
        "5": 23231,
        "6": 54900
    },
    "19161": {
        "0": 1,
        "1": 11,
        "2": 98,
        "3": 866,
        "4": 7609,
        "5": 33787,
        "6": 93593
    },
    "19162": {
        "0": 1,
        "1": 9,
        "2": 80,
        "3": 691,
        "4": 5954,
        "5": 18510,
        "6": 37973
    },
    "19163": {
        "0": 1,
        "1": 9,
        "2": 77,
        "3": 674,
        "4": 5888,
        "5": 18221,
        "6": 41135
    },
    "19164": {
        "0": 1,
        "1": 8,
        "2": 69,
        "3": 593,
        "4": 5117,
        "5": 11556,
        "6": 20238
    },
    "19165": {
        "0": 1,
        "1": 14,
        "2": 131,
        "3": 1143,
        "4": 9864,
        "5": 52483,
        "6": 175155
    },
    "19166": {
        "0": 1,
        "1": 11,
        "2": 93,
        "3": 789,
        "4": 6702,
        "5": 24440,
        "6": 56163
    },
    "19167": {
        "0": 1,
        "1": 12,
        "2": 107,
        "3": 936,
        "4": 8177,
        "5": 38596,
        "6": 116989
    },
    "19168": {
        "0": 1,
        "1": 9,
        "2": 74,
        "3": 630,
        "4": 5417,
        "5": 13930,
        "6": 25287
    },
    "19169": {
        "0": 1,
        "1": 12,
        "2": 107,
        "3": 925,
        "4": 7926,
        "5": 35053,
        "6": 94511
    },
    "19170": {
        "0": 1,
        "1": 11,
        "2": 98,
        "3": 886,
        "4": 7951,
        "5": 38227,
        "6": 117169
    },
    "19171": {
        "0": 1,
        "1": 11,
        "2": 96,
        "3": 827,
        "4": 7188,
        "5": 29892,
        "6": 78354
    },
    "19172": {
        "0": 1,
        "1": 12,
        "2": 101,
        "3": 844,
        "4": 7107,
        "5": 27779,
        "6": 70588
    },
    "19173": {
        "0": 1,
        "1": 12,
        "2": 105,
        "3": 907,
        "4": 7900,
        "5": 36477,
        "6": 105870
    },
    "19174": {
        "0": 1,
        "1": 11,
        "2": 95,
        "3": 825,
        "4": 7167,
        "5": 29712,
        "6": 78964
    },
    "19175": {
        "0": 1,
        "1": 11,
        "2": 95,
        "3": 817,
        "4": 7039,
        "5": 27898,
        "6": 68961
    },
    "19176": {
        "0": 1,
        "1": 12,
        "2": 103,
        "3": 891,
        "4": 7783,
        "5": 35390,
        "6": 106393
    },
    "19177": {
        "0": 1,
        "1": 12,
        "2": 102,
        "3": 875,
        "4": 7549,
        "5": 32514,
        "6": 87910
    },
    "19178": {
        "0": 1,
        "1": 9,
        "2": 81,
        "3": 717,
        "4": 6374,
        "5": 23483,
        "6": 60619
    },
    "19179": {
        "0": 1,
        "1": 10,
        "2": 85,
        "3": 740,
        "4": 6415,
        "5": 22377,
        "6": 45412
    },
    "19180": {
        "0": 1,
        "1": 10,
        "2": 86,
        "3": 753,
        "4": 6640,
        "5": 25643,
        "6": 66940
    },
    "19181": {
        "0": 1,
        "1": 10,
        "2": 86,
        "3": 754,
        "4": 6595,
        "5": 24837,
        "6": 59575
    },
    "19182": {
        "0": 1,
        "1": 12,
        "2": 104,
        "3": 874,
        "4": 7386,
        "5": 30097,
        "6": 83626
    },
    "19183": {
        "0": 1,
        "1": 10,
        "2": 87,
        "3": 755,
        "4": 6550,
        "5": 24231,
        "6": 58334
    },
    "19184": {
        "0": 1,
        "1": 10,
        "2": 88,
        "3": 757,
        "4": 6549,
        "5": 23859,
        "6": 57317
    },
    "19185": {
        "0": 1,
        "1": 10,
        "2": 91,
        "3": 810,
        "4": 7163,
        "5": 30423,
        "6": 80304
    },
    "19186": {
        "0": 1,
        "1": 10,
        "2": 84,
        "3": 731,
        "4": 6344,
        "5": 21913,
        "6": 50391
    },
    "19187": {
        "0": 1,
        "1": 9,
        "2": 78,
        "3": 675,
        "4": 5876,
        "5": 18469,
        "6": 40686
    },
    "19188": {
        "0": 1,
        "1": 9,
        "2": 78,
        "3": 692,
        "4": 6078,
        "5": 20145,
        "6": 39261
    },
    "19189": {
        "0": 1,
        "1": 11,
        "2": 98,
        "3": 864,
        "4": 7648,
        "5": 34884,
        "6": 95020
    },
    "19190": {
        "0": 1,
        "1": 12,
        "2": 100,
        "3": 847,
        "4": 7244,
        "5": 29365,
        "6": 75759
    },
    "19191": {
        "0": 1,
        "1": 11,
        "2": 95,
        "3": 822,
        "4": 7140,
        "5": 29529,
        "6": 77185
    },
    "19192": {
        "0": 1,
        "1": 11,
        "2": 96,
        "3": 839,
        "4": 7321,
        "5": 31183,
        "6": 82373
    },
    "19193": {
        "0": 1,
        "1": 10,
        "2": 81,
        "3": 679,
        "4": 5741,
        "5": 15949,
        "6": 33646
    },
    "19194": {
        "0": 1,
        "1": 13,
        "2": 124,
        "3": 1120,
        "4": 9995,
        "5": 55895,
        "6": 201234
    },
    "19195": {
        "0": 1,
        "1": 10,
        "2": 87,
        "3": 773,
        "4": 6901,
        "5": 28812,
        "6": 75850
    },
    "19196": {
        "0": 1,
        "1": 11,
        "2": 97,
        "3": 849,
        "4": 7428,
        "5": 32347,
        "6": 86890
    },
    "19197": {
        "0": 1,
        "1": 10,
        "2": 89,
        "3": 793,
        "4": 7060,
        "5": 29982,
        "6": 86735
    },
    "19198": {
        "0": 1,
        "1": 11,
        "2": 94,
        "3": 792,
        "4": 6766,
        "5": 25626,
        "6": 68449
    },
    "19199": {
        "0": 1,
        "1": 10,
        "2": 87,
        "3": 752,
        "4": 6512,
        "5": 23908,
        "6": 65596
    }
}