{
    "10200": {
        "0": 1,
        "1": 14,
        "2": 127,
        "3": 1107,
        "4": 9604,
        "5": 50280,
        "6": 163312
    },
    "10201": {
        "0": 1,
        "1": 10,
        "2": 82,
        "3": 677,
        "4": 5645,
        "5": 14799,
        "6": 29815
    },
    "10202": {
        "0": 1,
        "1": 9,
        "2": 83,
        "3": 745,
        "4": 6677,
        "5": 26659,
        "6": 71025
    },
    "10203": {
        "0": 1,
        "1": 11,
        "2": 97,
        "3": 843,
        "4": 7352,
        "5": 31566,
        "6": 89834
    },
    "10204": {
        "0": 1,
        "1": 9,
        "2": 77,
        "3": 677,
        "4": 5934,
        "5": 19112,
        "6": 41461
    },
    "10205": {
        "0": 1,
        "1": 11,
        "2": 92,
        "3": 775,
        "4": 6609,
        "5": 24386,
        "6": 59367
    },
    "10206": {
        "0": 1,
        "1": 10,
        "2": 86,
        "3": 750,
        "4": 6529,
        "5": 24070,
        "6": 60431
    },
    "10207": {
        "0": 1,
        "1": 9,
        "2": 80,
        "3": 700,
        "4": 6146,
        "5": 20716,
        "6": 48320
    },
    "10208": {
        "0": 1,
        "1": 9,
        "2": 76,
        "3": 662,
        "4": 5768,
        "5": 17511,
        "6": 35934
    },
    "10209": {
        "0": 1,
        "1": 11,
        "2": 99,
        "3": 892,
        "4": 8033,
        "5": 39159,
        "6": 111451
    },
    "10210": {
        "0": 1,
        "1": 11,
        "2": 93,
        "3": 804,
        "4": 6975,
        "5": 27975,
        "6": 71533
    },
    "10211": {
        "0": 1,
        "1": 12,
        "2": 107,
        "3": 938,
        "4": 8210,
        "5": 38871,
        "6": 115770
    },
    "10212": {
        "0": 1,
        "1": 12,
        "2": 102,
        "3": 863,
        "4": 7289,
        "5": 28928,
        "6": 68855
    },
    "10213": {
        "0": 1,
        "1": 10,
        "2": 85,
        "3": 730,
        "4": 6320,
        "5": 22056,
        "6": 50552
    },
    "10214": {
        "0": 1,
        "1": 11,
        "2": 93,
        "3": 785,
        "4": 6646,
        "5": 23829,
        "6": 57641
    },
    "10215": {
        "0": 1,
        "1": 14,
        "2": 126,
        "3": 1067,
        "4": 8963,
        "5": 42861,
        "6": 133586
    },
    "10216": {
        "0": 1,
        "1": 10,
        "2": 88,
        "3": 772,
        "4": 6765,
        "5": 26525,
        "6": 67998
    },
    "10217": {
        "0": 1,
        "1": 9,
        "2": 73,
        "3": 610,
        "4": 5166,
        "5": 11541,
        "6": 19325
    },
    "10218": {
        "0": 1,
        "1": 12,
        "2": 106,
        "3": 902,
        "4": 7661,
        "5": 32589,
        "6": 88491
    },
    "10219": {
        "0": 1,
        "1": 12,
        "2": 99,
        "3": 829,
        "4": 7030,
        "5": 27321,
        "6": 69679
    },
    "10220": {
        "0": 1,
        "1": 12,
        "2": 100,
        "3": 834,
        "4": 7032,
        "5": 27087,
        "6": 70091
    },
    "10221": {
        "0": 1,
        "1": 10,
        "2": 90,
        "3": 811,
        "4": 7220,
        "5": 30969,
        "6": 85304
    },
    "10222": {
        "0": 1,
        "1": 11,
        "2": 96,
        "3": 832,
        "4": 7204,
        "5": 29553,
        "6": 79367
    },
    "10223": {
        "0": 1,
        "1": 11,
        "2": 95,
        "3": 822,
        "4": 7137,
        "5": 29378,
        "6": 74789
    },
    "10224": {
        "0": 1,
        "1": 9,
        "2": 81,
        "3": 712,
        "4": 6273,
        "5": 22355,
        "6": 50136
    },
    "10225": {
        "0": 1,
        "1": 9,
        "2": 74,
        "3": 621,
        "4": 5238,
        "5": 11798,
        "6": 22035
    },
    "10226": {
        "0": 1,
        "1": 9,
        "2": 81,
        "3": 719,
        "4": 6408,
        "5": 24389,
        "6": 67604
    },
    "10227": {
        "0": 1,
        "1": 11,
        "2": 93,
        "3": 787,
        "4": 6661,
        "5": 23652,
        "6": 56088
    },
    "10228": {
        "0": 1,
        "1": 12,
        "2": 104,
        "3": 912,
        "4": 7989,
        "5": 36426,
        "6": 102453
    },
    "10229": {
        "0": 1,
        "1": 10,
        "2": 80,
        "3": 666,
        "4": 5612,
        "5": 14994,
        "6": 23188
    },
    "10230": {
        "0": 1,
        "1": 13,
        "2": 121,
        "3": 1044,
        "4": 8958,
        "5": 43898,
        "6": 142648
    },
    "10231": {
        "0": 1,
        "1": 12,
        "2": 102,
        "3": 864,
        "4": 7355,
        "5": 30247,
        "6": 81029
    },
    "10232": {
        "0": 1,
        "1": 11,
        "2": 92,
        "3": 778,
        "4": 6642,
        "5": 24526,
        "6": 56498
    },
    "10233": {
        "0": 1,
        "1": 9,
        "2": 79,
        "3": 694,
        "4": 6110,
        "5": 20875,
        "6": 53361
    },
    "10234": {
        "0": 1,
        "1": 13,
        "2": 116,
        "3": 998,
        "4": 8542,
        "5": 40460,
        "6": 121804
    },
    "10235": {
        "0": 1,
        "1": 12,
        "2": 104,
        "3": 898,
        "4": 7749,
        "5": 34163,
        "6": 100031
    },
    "10236": {
        "0": 1,
        "1": 12,
        "2": 102,
        "3": 883,
        "4": 7629,
        "5": 33437,
        "6": 92683
    },
    "10237": {
        "0": 1,
        "1": 11,
        "2": 89,
        "3": 737,
        "4": 6193,
        "5": 19987,
        "6": 42149
    },
    "10238": {
        "0": 1,
        "1": 10,
        "2": 89,
        "3": 792,
        "4": 7038,
        "5": 29295,
        "6": 75658
    },
    "10239": {
        "0": 1,
        "1": 10,
        "2": 86,
        "3": 746,
        "4": 6463,
        "5": 23202,
        "6": 54665
    },
    "10240": {
        "0": 1,
        "1": 9,
        "2": 78,
        "3": 683,
        "4": 5987,
        "5": 19855,
        "6": 47751
    },
    "10241": {
        "0": 1,
        "1": 13,
        "2": 114,
        "3": 969,
        "4": 8215,
        "5": 37026,
        "6": 101171
    },
    "10242": {
        "0": 1,
        "1": 11,
        "2": 99,
        "3": 851,
        "4": 7221,
        "5": 28737,
        "6": 75840
    },
    "10243": {
        "0": 1,
        "1": 12,
        "2": 107,
        "3": 943,
        "4": 8352,
        "5": 40847,
        "6": 120079
    },
    "10244": {
        "0": 1,
        "1": 11,
        "2": 92,
        "3": 789,
        "4": 6796,
        "5": 26015,
        "6": 63705
    },
    "10245": {
        "0": 1,
        "1": 10,
        "2": 84,
        "3": 721,
        "4": 6201,
        "5": 20642,
        "6": 48569
    },
    "10246": {
        "0": 1,
        "1": 10,
        "2": 80,
        "3": 672,
        "4": 5737,
        "5": 16897,
        "6": 29521
    },
    "10247": {
        "0": 1,
        "1": 10,
        "2": 89,
        "3": 799,
        "4": 7143,
        "5": 30654,
        "6": 82722
    },
    "10248": {
        "0": 1,
        "1": 10,
        "2": 85,
        "3": 730,
        "4": 6261,
        "5": 21063,
        "6": 46759
    },
    "10249": {
        "0": 1,
        "1": 11,
        "2": 92,
        "3": 766,
        "4": 6408,
        "5": 20925,
        "6": 42678
    },
    "10250": {
        "0": 1,
        "1": 11,
        "2": 94,
        "3": 806,
        "4": 6927,
        "5": 26661,
        "6": 64032
    },
    "10251": {
        "0": 1,
        "1": 10,
        "2": 84,
        "3": 715,
        "4": 6107,
        "5": 19615,
        "6": 40747
    },
    "10252": {
        "0": 1,
        "1": 14,
        "2": 124,
        "3": 1064,
        "4": 9166,
        "5": 46589,
        "6": 140739
    },
    "10253": {
        "0": 1,
        "1": 10,
        "2": 86,
        "3": 758,
        "4": 6701,
        "5": 26355,
        "6": 59088
    },
    "10254": {
        "0": 1,
        "1": 12,
        "2": 102,
        "3": 873,
        "4": 7539,
        "5": 32658,
        "6": 91341
    },
    "10255": {
        "0": 1,
        "1": 12,
        "2": 101,
        "3": 844,
        "4": 7140,
        "5": 28261,
        "6": 68841
    },
    "10256": {
        "0": 1,
        "1": 11,
        "2": 90,
        "3": 751,
        "4": 6312,
        "5": 20488,
        "6": 39197
    },
    "10257": {
        "0": 1,
        "1": 11,
        "2": 92,
        "3": 797,
        "4": 6921,
        "5": 27171,
        "6": 58955
    },
    "10258": {
        "0": 1,
        "1": 11,
        "2": 96,
        "3": 824,
        "4": 7085,
        "5": 28272,
        "6": 70271
    },
    "10259": {
        "0": 1,
        "1": 11,
        "2": 99,
        "3": 892,
        "4": 7970,
        "5": 37743,
        "6": 122399
    },
    "10260": {
        "0": 1,
        "1": 12,
        "2": 104,
        "3": 898,
        "4": 7762,
        "5": 34466,
        "6": 98055
    },
    "10261": {
        "0": 1,
        "1": 10,
        "2": 86,
        "3": 737,
        "4": 6337,
        "5": 21775,
        "6": 49582
    },
    "10262": {
        "0": 1,
        "1": 9,
        "2": 77,
        "3": 665,
        "4": 5762,
        "5": 17543,
        "6": 35832
    },
    "10263": {
        "0": 1,
        "1": 12,
        "2": 105,
        "3": 916,
        "4": 7990,
        "5": 36876,
        "6": 104270
    },
    "10264": {
        "0": 1,
        "1": 10,
        "2": 85,
        "3": 739,
        "4": 6444,
        "5": 23505,
        "6": 50106
    },
    "10265": {
        "0": 1,
        "1": 11,
        "2": 92,
        "3": 785,
        "4": 6708,
        "5": 24496,
        "6": 58732
    },
    "10266": {
        "0": 1,
        "1": 13,
        "2": 116,
        "3": 978,
        "4": 8186,
        "5": 36082,
        "6": 97768
    },
    "10267": {
        "0": 1,
        "1": 11,
        "2": 95,
        "3": 820,
        "4": 7075,
        "5": 28322,
        "6": 67377
    },
    "10268": {
        "0": 1,
        "1": 12,
        "2": 108,
        "3": 935,
        "4": 8031,
        "5": 36264,
        "6": 102106
    },
    "10269": {
        "0": 1,
        "1": 8,
        "2": 73,
        "3": 650,
        "4": 5805,
        "5": 18895,
        "6": 38399
    },
    "10270": {
        "0": 1,
        "1": 11,
        "2": 100,
        "3": 887,
        "4": 7860,
        "5": 36741,
        "6": 113083
    },
    "10271": {
        "0": 1,
        "1": 10,
        "2": 83,
        "3": 709,
        "4": 6084,
        "5": 19740,
        "6": 46856
    },
    "10272": {
        "0": 1,
        "1": 10,
        "2": 89,
        "3": 799,
        "4": 7082,
        "5": 29767,
        "6": 84696
    },
    "10273": {
        "0": 1,
        "1": 12,
        "2": 104,
        "3": 887,
        "4": 7639,
        "5": 33417,
        "6": 94671
    },
    "10274": {
        "0": 1,
        "1": 11,
        "2": 96,
        "3": 831,
        "4": 7216,
        "5": 30027,
        "6": 82261
    },
    "10275": {
        "0": 1,
        "1": 13,
        "2": 113,
        "3": 956,
        "4": 8121,
        "5": 36293,
        "6": 101005
    },
    "10276": {
        "0": 1,
        "1": 10,
        "2": 83,
        "3": 690,
        "4": 5809,
        "5": 16399,
        "6": 35171
    },
    "10277": {
        "0": 1,
        "1": 13,
        "2": 116,
        "3": 997,
        "4": 8543,
        "5": 40534,
        "6": 126530
    },
    "10278": {
        "0": 1,
        "1": 12,
        "2": 110,
        "3": 984,
        "4": 8703,
        "5": 43461,
        "6": 154609
    },
    "10279": {
        "0": 1,
        "1": 9,
        "2": 78,
        "3": 678,
        "4": 5904,
        "5": 18666,
        "6": 45853
    },
    "10280": {
        "0": 1,
        "1": 13,
        "2": 117,
        "3": 1026,
        "4": 8924,
        "5": 44602,
        "6": 140944
    },
    "10281": {
        "0": 1,
        "1": 10,
        "2": 86,
        "3": 743,
        "4": 6413,
        "5": 22658,
        "6": 48237
    },
    "10282": {
        "0": 1,
        "1": 10,
        "2": 85,
        "3": 738,
        "4": 6420,
        "5": 23292,
        "6": 54461
    },
    "10283": {
        "0": 1,
        "1": 11,
        "2": 98,
        "3": 846,
        "4": 7270,
        "5": 29724,
        "6": 66325
    },
    "10284": {
        "0": 1,
        "1": 12,
        "2": 104,
        "3": 889,
        "4": 7563,
        "5": 31706,
        "6": 86033
    },
    "10285": {
        "0": 1,
        "1": 11,
        "2": 92,
        "3": 771,
        "4": 6522,
        "5": 22751,
        "6": 56052
    },
    "10286": {
        "0": 1,
        "1": 11,
        "2": 94,
        "3": 814,
        "4": 7030,
        "5": 27525,
        "6": 67613
    },
    "10287": {
        "0": 1,
        "1": 10,
        "2": 84,
        "3": 709,
        "4": 6094,
        "5": 19983,
        "6": 42867
    },
    "10288": {
        "0": 1,
        "1": 8,
        "2": 67,
        "3": 556,
        "4": 4619,
        "5": 5765,
        "6": 5894
    },
    "10289": {
        "0": 1,
        "1": 11,
        "2": 99,
        "3": 881,
        "4": 7818,
        "5": 36563,
        "6": 122656
    },
    "10290": {
        "0": 1,
        "1": 11,
        "2": 94,
        "3": 816,
        "4": 7090,
        "5": 28817,
        "6": 77910
    },
    "10291": {
        "0": 1,
        "1": 13,
        "2": 121,
        "3": 1052,
        "4": 9024,
        "5": 44212,
        "6": 126064
    },
    "10292": {
        "0": 1,
        "1": 11,
        "2": 98,
        "3": 863,
        "4": 7573,
        "5": 33685,
        "6": 94106
    },
    "10293": {
        "0": 1,
        "1": 12,
        "2": 106,
        "3": 909,
        "4": 7766,
        "5": 33623,
        "6": 91383
    },
    "10294": {
        "0": 1,
        "1": 9,
        "2": 75,
        "3": 629,
        "4": 5360,
        "5": 13429,
        "6": 26545
    },
    "10295": {
        "0": 1,
        "1": 11,
        "2": 91,
        "3": 783,
        "4": 6777,
        "5": 26071,
        "6": 60338
    },
    "10296": {
        "0": 1,
        "1": 12,
        "2": 101,
        "3": 850,
        "4": 7245,
        "5": 29467,
        "6": 71448
    },
    "10297": {
        "0": 1,
        "1": 10,
        "2": 84,
        "3": 715,
        "4": 6109,
        "5": 19714,
        "6": 38349
    },
    "10298": {
        "0": 1,
        "1": 11,
        "2": 98,
        "3": 842,
        "4": 7170,
        "5": 28190,
        "6": 73024
    },
    "10299": {
        "0": 1,
        "1": 12,
        "2": 103,
        "3": 880,
        "4": 7509,
        "5": 31583,
        "6": 83266
    }
}