{
    "22200": {
        "0": 1,
        "1": 12,
        "2": 105,
        "3": 906,
        "4": 7842,
        "5": 35266,
        "6": 96728
    },
    "22201": {
        "0": 1,
        "1": 12,
        "2": 112,
        "3": 1002,
        "4": 8847,
        "5": 44879,
        "6": 148773
    },
    "22202": {
        "0": 1,
        "1": 11,
        "2": 96,
        "3": 843,
        "4": 7398,
        "5": 32230,
        "6": 86505
    },
    "22203": {
        "0": 1,
        "1": 11,
        "2": 90,
        "3": 753,
        "4": 6360,
        "5": 21434,
        "6": 39250
    },
    "22204": {
        "0": 1,
        "1": 12,
        "2": 109,
        "3": 954,
        "4": 8298,
        "5": 39396,
        "6": 112635
    },
    "22205": {
        "0": 1,
        "1": 10,
        "2": 84,
        "3": 713,
        "4": 6107,
        "5": 20012,
        "6": 48455
    },
    "22206": {
        "0": 1,
        "1": 13,
        "2": 112,
        "3": 967,
        "4": 8415,
        "5": 40945,
        "6": 112233
    },
    "22207": {
        "0": 1,
        "1": 8,
        "2": 70,
        "3": 618,
        "4": 5460,
        "5": 15261,
        "6": 30345
    },
    "22208": {
        "0": 1,
        "1": 10,
        "2": 83,
        "3": 716,
        "4": 6172,
        "5": 20568,
        "6": 45889
    },
    "22209": {
        "0": 1,
        "1": 11,
        "2": 97,
        "3": 847,
        "4": 7428,
        "5": 32453,
        "6": 89119
    },
    "22210": {
        "0": 1,
        "1": 13,
        "2": 116,
        "3": 1015,
        "4": 8886,
        "5": 44944,
        "6": 139426
    },
    "22211": {
        "0": 1,
        "1": 10,
        "2": 84,
        "3": 741,
        "4": 6490,
        "5": 24092,
        "6": 56071
    },
    "22212": {
        "0": 1,
        "1": 11,
        "2": 92,
        "3": 786,
        "4": 6826,
        "5": 26889,
        "6": 73792
    },
    "22213": {
        "0": 1,
        "1": 12,
        "2": 106,
        "3": 916,
        "4": 7927,
        "5": 36315,
        "6": 109129
    },
    "22214": {
        "0": 1,
        "1": 10,
        "2": 85,
        "3": 743,
        "4": 6461,
        "5": 23308,
        "6": 57314
    },
    "22215": {
        "0": 1,
        "1": 10,
        "2": 83,
        "3": 710,
        "4": 6120,
        "5": 20040,
        "6": 46308
    },
    "22216": {
        "0": 1,
        "1": 9,
        "2": 77,
        "3": 671,
        "4": 5885,
        "5": 19178,
        "6": 46870
    },
    "22217": {
        "0": 1,
        "1": 12,
        "2": 110,
        "3": 964,
        "4": 8335,
        "5": 39137,
        "6": 117261
    },
    "22218": {
        "0": 1,
        "1": 13,
        "2": 114,
        "3": 972,
        "4": 8297,
        "5": 38218,
        "6": 112288
    },
    "22219": {
        "0": 1,
        "1": 10,
        "2": 83,
        "3": 703,
        "4": 5987,
        "5": 18687,
        "6": 43711
    },
    "22220": {
        "0": 1,
        "1": 13,
        "2": 115,
        "3": 981,
        "4": 8345,
        "5": 38374,
        "6": 114734
    },
    "22221": {
        "0": 1,
        "1": 11,
        "2": 92,
        "3": 779,
        "4": 6662,
        "5": 24247,
        "6": 53101
    },
    "22222": {
        "0": 1,
        "1": 10,
        "2": 84,
        "3": 744,
        "4": 6610,
        "5": 26165,
        "6": 66539
    },
    "22223": {
        "0": 1,
        "1": 12,
        "2": 105,
        "3": 871,
        "4": 7198,
        "5": 26975,
        "6": 59289
    },
    "22224": {
        "0": 1,
        "1": 9,
        "2": 77,
        "3": 666,
        "4": 5820,
        "5": 18406,
        "6": 41689
    },
    "22225": {
        "0": 1,
        "1": 10,
        "2": 86,
        "3": 751,
        "4": 6527,
        "5": 23742,
        "6": 54898
    },
    "22226": {
        "0": 1,
        "1": 12,
        "2": 101,
        "3": 846,
        "4": 7153,
        "5": 28125,
        "6": 68035
    },
    "22227": {
        "0": 1,
        "1": 11,
        "2": 97,
        "3": 850,
        "4": 7431,
        "5": 32227,
        "6": 88980
    },
    "22228": {
        "0": 1,
        "1": 10,
        "2": 88,
        "3": 785,
        "4": 7030,
        "5": 30249,
        "6": 90914
    },
    "22229": {
        "0": 1,
        "1": 9,
        "2": 79,
        "3": 698,
        "4": 6189,
        "5": 21958,
        "6": 45166
    },
    "22230": {
        "0": 1,
        "1": 10,
        "2": 85,
        "3": 738,
        "4": 6440,
        "5": 23609,
        "6": 55643
    },
    "22231": {
        "0": 1,
        "1": 10,
        "2": 90,
        "3": 791,
        "4": 6953,
        "5": 28104,
        "6": 77421
    },
    "22232": {
        "0": 1,
        "1": 10,
        "2": 86,
        "3": 742,
        "4": 6368,
        "5": 21707,
        "6": 50690
    },
    "22233": {
        "0": 1,
        "1": 8,
        "2": 67,
        "3": 574,
        "4": 4961,
        "5": 10293,
        "6": 17748
    },
    "22234": {
        "0": 1,
        "1": 13,
        "2": 110,
        "3": 910,
        "4": 7573,
        "5": 30914,
        "6": 84759
    },
    "22235": {
        "0": 1,
        "1": 10,
        "2": 83,
        "3": 717,
        "4": 6270,
        "5": 22489,
        "6": 51326
    },
    "22236": {
        "0": 1,
        "1": 10,
        "2": 83,
        "3": 698,
        "4": 5907,
        "5": 17355,
        "6": 35395
    },
    "22237": {
        "0": 1,
        "1": 9,
        "2": 80,
        "3": 712,
        "4": 6344,
        "5": 23833,
        "6": 64677
    },
    "22238": {
        "0": 1,
        "1": 10,
        "2": 86,
        "3": 736,
        "4": 6331,
        "5": 22019,
        "6": 47478
    },
    "22239": {
        "0": 1,
        "1": 11,
        "2": 91,
        "3": 772,
        "4": 6597,
        "5": 23829,
        "6": 52050
    },
    "22240": {
        "0": 1,
        "1": 12,
        "2": 107,
        "3": 921,
        "4": 7868,
        "5": 34555,
        "6": 103099
    },
    "22241": {
        "0": 1,
        "1": 11,
        "2": 104,
        "3": 950,
        "4": 8489,
        "5": 42034,
        "6": 141709
    },
    "22242": {
        "0": 1,
        "1": 11,
        "2": 90,
        "3": 754,
        "4": 6366,
        "5": 21359,
        "6": 42083
    },
    "22243": {
        "0": 1,
        "1": 10,
        "2": 88,
        "3": 788,
        "4": 7083,
        "5": 30870,
        "6": 93492
    },
    "22244": {
        "0": 1,
        "1": 11,
        "2": 93,
        "3": 797,
        "4": 6856,
        "5": 26134,
        "6": 66335
    },
    "22245": {
        "0": 1,
        "1": 8,
        "2": 72,
        "3": 638,
        "4": 5670,
        "5": 17253,
        "6": 35366
    },
    "22246": {
        "0": 1,
        "1": 13,
        "2": 112,
        "3": 936,
        "4": 7814,
        "5": 32823,
        "6": 90351
    },
    "22247": {
        "0": 1,
        "1": 9,
        "2": 81,
        "3": 730,
        "4": 6587,
        "5": 26671,
        "6": 69882
    },
    "22248": {
        "0": 1,
        "1": 12,
        "2": 103,
        "3": 859,
        "4": 7166,
        "5": 27376,
        "6": 62538
    },
    "22249": {
        "0": 1,
        "1": 10,
        "2": 84,
        "3": 720,
        "4": 6224,
        "5": 21331,
        "6": 50056
    },
    "22250": {
        "0": 1,
        "1": 11,
        "2": 92,
        "3": 778,
        "4": 6589,
        "5": 23273,
        "6": 53109
    },
    "22251": {
        "0": 1,
        "1": 12,
        "2": 101,
        "3": 857,
        "4": 7318,
        "5": 30060,
        "6": 71685
    },
    "22252": {
        "0": 1,
        "1": 9,
        "2": 73,
        "3": 607,
        "4": 5100,
        "5": 10420,
        "6": 16356
    },
    "22253": {
        "0": 1,
        "1": 14,
        "2": 124,
        "3": 1052,
        "4": 8968,
        "5": 44176,
        "6": 125840
    },
    "22254": {
        "0": 1,
        "1": 10,
        "2": 83,
        "3": 708,
        "4": 6064,
        "5": 19333,
        "6": 42704
    },
    "22255": {
        "0": 1,
        "1": 11,
        "2": 95,
        "3": 813,
        "4": 6970,
        "5": 26970,
        "6": 59637
    },
    "22256": {
        "0": 1,
        "1": 10,
        "2": 83,
        "3": 699,
        "4": 5937,
        "5": 17910,
        "6": 36778
    },
    "22257": {
        "0": 1,
        "1": 12,
        "2": 111,
        "3": 968,
        "4": 8441,
        "5": 41231,
        "6": 132984
    },
    "22258": {
        "0": 1,
        "1": 9,
        "2": 75,
        "3": 646,
        "4": 5600,
        "5": 16033,
        "6": 33440
    },
    "22259": {
        "0": 1,
        "1": 10,
        "2": 86,
        "3": 752,
        "4": 6597,
        "5": 25001,
        "6": 56596
    },
    "22260": {
        "0": 1,
        "1": 9,
        "2": 80,
        "3": 711,
        "4": 6257,
        "5": 21960,
        "6": 52132
    },
    "22261": {
        "0": 1,
        "1": 12,
        "2": 108,
        "3": 948,
        "4": 8299,
        "5": 39838,
        "6": 118848
    },
    "22262": {
        "0": 1,
        "1": 10,
        "2": 88,
        "3": 769,
        "4": 6714,
        "5": 25361,
        "6": 63576
    },
    "22263": {
        "0": 1,
        "1": 10,
        "2": 87,
        "3": 748,
        "4": 6472,
        "5": 23447,
        "6": 51875
    },
    "22264": {
        "0": 1,
        "1": 10,
        "2": 84,
        "3": 706,
        "4": 5999,
        "5": 18716,
        "6": 41412
    },
    "22265": {
        "0": 1,
        "1": 14,
        "2": 134,
        "3": 1201,
        "4": 10590,
        "5": 60298,
        "6": 217704
    },
    "22266": {
        "0": 1,
        "1": 8,
        "2": 65,
        "3": 536,
        "4": 4516,
        "5": 5887,
        "6": 11086
    },
    "22267": {
        "0": 1,
        "1": 11,
        "2": 91,
        "3": 783,
        "4": 6804,
        "5": 26445,
        "6": 59691
    },
    "22268": {
        "0": 1,
        "1": 11,
        "2": 90,
        "3": 756,
        "4": 6493,
        "5": 23709,
        "6": 56472
    },
    "22269": {
        "0": 1,
        "1": 11,
        "2": 100,
        "3": 880,
        "4": 7698,
        "5": 34179,
        "6": 97548
    },
    "22270": {
        "0": 1,
        "1": 14,
        "2": 123,
        "3": 1027,
        "4": 8590,
        "5": 39285,
        "6": 119486
    },
    "22271": {
        "0": 1,
        "1": 10,
        "2": 88,
        "3": 762,
        "4": 6630,
        "5": 25082,
        "6": 61294
    },
    "22272": {
        "0": 1,
        "1": 9,
        "2": 78,
        "3": 666,
        "4": 5715,
        "5": 16499,
        "6": 37296
    },
    "22273": {
        "0": 1,
        "1": 13,
        "2": 119,
        "3": 1036,
        "4": 8946,
        "5": 44461,
        "6": 137454
    },
    "22274": {
        "0": 1,
        "1": 9,
        "2": 76,
        "3": 658,
        "4": 5730,
        "5": 17364,
        "6": 34457
    },
    "22275": {
        "0": 1,
        "1": 11,
        "2": 94,
        "3": 802,
        "4": 6898,
        "5": 26717,
        "6": 62794
    },
    "22276": {
        "0": 1,
        "1": 11,
        "2": 96,
        "3": 826,
        "4": 7122,
        "5": 28785,
        "6": 72786
    },
    "22277": {
        "0": 1,
        "1": 10,
        "2": 86,
        "3": 753,
        "4": 6544,
        "5": 24092,
        "6": 53387
    },
    "22278": {
        "0": 1,
        "1": 11,
        "2": 97,
        "3": 851,
        "4": 7435,
        "5": 32240,
        "6": 93965
    },
    "22279": {
        "0": 1,
        "1": 12,
        "2": 105,
        "3": 906,
        "4": 7832,
        "5": 34863,
        "6": 93103
    },
    "22280": {
        "0": 1,
        "1": 10,
        "2": 85,
        "3": 732,
        "4": 6327,
        "5": 22124,
        "6": 53781
    },
    "22281": {
        "0": 1,
        "1": 11,
        "2": 97,
        "3": 870,
        "4": 7777,
        "5": 36469,
        "6": 103973
    },
    "22282": {
        "0": 1,
        "1": 11,
        "2": 99,
        "3": 860,
        "4": 7439,
        "5": 31554,
        "6": 96268
    },
    "22283": {
        "0": 1,
        "1": 10,
        "2": 85,
        "3": 730,
        "4": 6330,
        "5": 22303,
        "6": 53048
    },
    "22284": {
        "0": 1,
        "1": 9,
        "2": 78,
        "3": 679,
        "4": 5863,
        "5": 17903,
        "6": 39058
    },
    "22285": {
        "0": 1,
        "1": 12,
        "2": 102,
        "3": 868,
        "4": 7473,
        "5": 31984,
        "6": 85946
    },
    "22286": {
        "0": 1,
        "1": 10,
        "2": 88,
        "3": 782,
        "4": 6887,
        "5": 27474,
        "6": 71851
    },
    "22287": {
        "0": 1,
        "1": 12,
        "2": 100,
        "3": 838,
        "4": 7101,
        "5": 27944,
        "6": 68315
    },
    "22288": {
        "0": 1,
        "1": 10,
        "2": 80,
        "3": 668,
        "4": 5642,
        "5": 15097,
        "6": 30379
    },
    "22289": {
        "0": 1,
        "1": 10,
        "2": 81,
        "3": 689,
        "4": 5909,
        "5": 18263,
        "6": 33981
    },
    "22290": {
        "0": 1,
        "1": 8,
        "2": 68,
        "3": 577,
        "4": 4948,
        "5": 10083,
        "6": 16847
    },
    "22291": {
        "0": 1,
        "1": 10,
        "2": 85,
        "3": 736,
        "4": 6374,
        "5": 22514,
        "6": 52451
    },
    "22292": {
        "0": 1,
        "1": 11,
        "2": 96,
        "3": 849,
        "4": 7464,
        "5": 32251,
        "6": 90619
    },
    "22293": {
        "0": 1,
        "1": 10,
        "2": 84,
        "3": 726,
        "4": 6329,
        "5": 22418,
        "6": 49602
    },
    "22294": {
        "0": 1,
        "1": 10,
        "2": 84,
        "3": 712,
        "4": 6109,
        "5": 19943,
        "6": 45298
    },
    "22295": {
        "0": 1,
        "1": 11,
        "2": 92,
        "3": 777,
        "4": 6626,
        "5": 24113,
        "6": 52251
    },
    "22296": {
        "0": 1,
        "1": 15,
        "2": 139,
        "3": 1192,
        "4": 10079,
        "5": 52751,
        "6": 168104
    },
    "22297": {
        "0": 1,
        "1": 12,
        "2": 106,
        "3": 925,
        "4": 8105,
        "5": 38150,
        "6": 113820
    },
    "22298": {
        "0": 1,
        "1": 11,
        "2": 96,
        "3": 832,
        "4": 7161,
        "5": 28660,
        "6": 65576
    },
    "22299": {
        "0": 1,
        "1": 10,
        "2": 89,
        "3": 786,
        "4": 6965,
        "5": 28771,
        "6": 86213
    }
}