{
    "3800": {
        "0": 1,
        "1": 11,
        "2": 96,
        "3": 852,
        "4": 7573,
        "5": 34418,
        "6": 93860
    },
    "3801": {
        "0": 1,
        "1": 13,
        "2": 111,
        "3": 921,
        "4": 7657,
        "5": 31560,
        "6": 81350
    },
    "3802": {
        "0": 1,
        "1": 12,
        "2": 105,
        "3": 904,
        "4": 7792,
        "5": 34422,
        "6": 99685
    },
    "3803": {
        "0": 1,
        "1": 10,
        "2": 87,
        "3": 761,
        "4": 6670,
        "5": 25922,
        "6": 60065
    },
    "3804": {
        "0": 1,
        "1": 11,
        "2": 95,
        "3": 813,
        "4": 7015,
        "5": 28047,
        "6": 70481
    },
    "3805": {
        "0": 1,
        "1": 10,
        "2": 84,
        "3": 719,
        "4": 6214,
        "5": 21230,
        "6": 48798
    },
    "3806": {
        "0": 1,
        "1": 10,
        "2": 85,
        "3": 721,
        "4": 6180,
        "5": 20576,
        "6": 43123
    },
    "3807": {
        "0": 1,
        "1": 12,
        "2": 109,
        "3": 964,
        "4": 8427,
        "5": 40614,
        "6": 128683
    },
    "3808": {
        "0": 1,
        "1": 13,
        "2": 112,
        "3": 968,
        "4": 8366,
        "5": 39492,
        "6": 108450
    },
    "3809": {
        "0": 1,
        "1": 12,
        "2": 109,
        "3": 960,
        "4": 8386,
        "5": 40283,
        "6": 119925
    },
    "3810": {
        "0": 1,
        "1": 10,
        "2": 87,
        "3": 756,
        "4": 6565,
        "5": 24194,
        "6": 51041
    },
    "3811": {
        "0": 1,
        "1": 9,
        "2": 75,
        "3": 647,
        "4": 5564,
        "5": 15011,
        "6": 28863
    },
    "3812": {
        "0": 1,
        "1": 12,
        "2": 105,
        "3": 912,
        "4": 7900,
        "5": 35774,
        "6": 111391
    },
    "3813": {
        "0": 1,
        "1": 10,
        "2": 86,
        "3": 766,
        "4": 6774,
        "5": 26424,
        "6": 62149
    },
    "3814": {
        "0": 1,
        "1": 11,
        "2": 95,
        "3": 826,
        "4": 7196,
        "5": 29993,
        "6": 72769
    },
    "3815": {
        "0": 1,
        "1": 8,
        "2": 72,
        "3": 638,
        "4": 5643,
        "5": 16618,
        "6": 31401
    },
    "3816": {
        "0": 1,
        "1": 9,
        "2": 77,
        "3": 670,
        "4": 5858,
        "5": 18705,
        "6": 41755
    },
    "3817": {
        "0": 1,
        "1": 12,
        "2": 107,
        "3": 927,
        "4": 7963,
        "5": 35619,
        "6": 103630
    },
    "3818": {
        "0": 1,
        "1": 10,
        "2": 91,
        "3": 809,
        "4": 7121,
        "5": 29664,
        "6": 76624
    },
    "3819": {
        "0": 1,
        "1": 11,
        "2": 94,
        "3": 824,
        "4": 7186,
        "5": 29674,
        "6": 71895
    },
    "3820": {
        "0": 1,
        "1": 13,
        "2": 113,
        "3": 943,
        "4": 7932,
        "5": 34754,
        "6": 94937
    },
    "3821": {
        "0": 1,
        "1": 12,
        "2": 104,
        "3": 893,
        "4": 7624,
        "5": 32176,
        "6": 86769
    },
    "3822": {
        "0": 1,
        "1": 10,
        "2": 89,
        "3": 775,
        "4": 6761,
        "5": 26376,
        "6": 68221
    },
    "3823": {
        "0": 1,
        "1": 9,
        "2": 80,
        "3": 716,
        "4": 6396,
        "5": 23863,
        "6": 63396
    },
    "3824": {
        "0": 1,
        "1": 12,
        "2": 107,
        "3": 933,
        "4": 8075,
        "5": 36942,
        "6": 122665
    },
    "3825": {
        "0": 1,
        "1": 13,
        "2": 117,
        "3": 1054,
        "4": 9442,
        "5": 51562,
        "6": 173159
    },
    "3826": {
        "0": 1,
        "1": 10,
        "2": 88,
        "3": 758,
        "4": 6531,
        "5": 23640,
        "6": 53446
    },
    "3827": {
        "0": 1,
        "1": 10,
        "2": 80,
        "3": 680,
        "4": 5845,
        "5": 17710,
        "6": 33420
    },
    "3828": {
        "0": 1,
        "1": 12,
        "2": 106,
        "3": 896,
        "4": 7529,
        "5": 30830,
        "6": 80977
    },
    "3829": {
        "0": 1,
        "1": 10,
        "2": 85,
        "3": 721,
        "4": 6108,
        "5": 19010,
        "6": 37405
    },
    "3830": {
        "0": 1,
        "1": 11,
        "2": 92,
        "3": 796,
        "4": 6989,
        "5": 29023,
        "6": 76871
    },
    "3831": {
        "0": 1,
        "1": 9,
        "2": 76,
        "3": 663,
        "4": 5827,
        "5": 18478,
        "6": 39448
    },
    "3832": {
        "0": 1,
        "1": 13,
        "2": 110,
        "3": 929,
        "4": 7976,
        "5": 36143,
        "6": 97716
    },
    "3833": {
        "0": 1,
        "1": 10,
        "2": 84,
        "3": 711,
        "4": 6058,
        "5": 19318,
        "6": 49297
    },
    "3834": {
        "0": 1,
        "1": 8,
        "2": 70,
        "3": 609,
        "4": 5296,
        "5": 13346,
        "6": 25207
    },
    "3835": {
        "0": 1,
        "1": 8,
        "2": 71,
        "3": 628,
        "4": 5548,
        "5": 16103,
        "6": 33799
    },
    "3836": {
        "0": 1,
        "1": 12,
        "2": 107,
        "3": 924,
        "4": 7981,
        "5": 36068,
        "6": 107311
    },
    "3837": {
        "0": 1,
        "1": 12,
        "2": 109,
        "3": 960,
        "4": 8362,
        "5": 39815,
        "6": 115995
    },
    "3838": {
        "0": 1,
        "1": 12,
        "2": 103,
        "3": 869,
        "4": 7386,
        "5": 30486,
        "6": 86859
    },
    "3839": {
        "0": 1,
        "1": 11,
        "2": 93,
        "3": 784,
        "4": 6632,
        "5": 23830,
        "6": 52594
    },
    "3840": {
        "0": 1,
        "1": 11,
        "2": 96,
        "3": 829,
        "4": 7176,
        "5": 29494,
        "6": 84114
    },
    "3841": {
        "0": 1,
        "1": 12,
        "2": 105,
        "3": 915,
        "4": 7942,
        "5": 35943,
        "6": 101458
    },
    "3842": {
        "0": 1,
        "1": 11,
        "2": 96,
        "3": 830,
        "4": 7195,
        "5": 29796,
        "6": 75373
    },
    "3843": {
        "0": 1,
        "1": 10,
        "2": 89,
        "3": 799,
        "4": 7106,
        "5": 30266,
        "6": 79732
    },
    "3844": {
        "0": 1,
        "1": 12,
        "2": 104,
        "3": 878,
        "4": 7411,
        "5": 29875,
        "6": 80433
    },
    "3845": {
        "0": 1,
        "1": 10,
        "2": 90,
        "3": 798,
        "4": 7043,
        "5": 29068,
        "6": 74917
    },
    "3846": {
        "0": 1,
        "1": 12,
        "2": 102,
        "3": 872,
        "4": 7440,
        "5": 31005,
        "6": 73209
    },
    "3847": {
        "0": 1,
        "1": 11,
        "2": 96,
        "3": 859,
        "4": 7634,
        "5": 34588,
        "6": 93123
    },
    "3848": {
        "0": 1,
        "1": 10,
        "2": 86,
        "3": 750,
        "4": 6523,
        "5": 24081,
        "6": 56059
    },
    "3849": {
        "0": 1,
        "1": 9,
        "2": 78,
        "3": 684,
        "4": 6004,
        "5": 19655,
        "6": 39464
    },
    "3850": {
        "0": 1,
        "1": 13,
        "2": 121,
        "3": 1066,
        "4": 9249,
        "5": 47518,
        "6": 163591
    },
    "3851": {
        "0": 1,
        "1": 9,
        "2": 78,
        "3": 678,
        "4": 5868,
        "5": 17886,
        "6": 35155
    },
    "3852": {
        "0": 1,
        "1": 11,
        "2": 94,
        "3": 786,
        "4": 6580,
        "5": 22512,
        "6": 46620
    },
    "3853": {
        "0": 1,
        "1": 10,
        "2": 86,
        "3": 751,
        "4": 6522,
        "5": 23802,
        "6": 58574
    },
    "3854": {
        "0": 1,
        "1": 10,
        "2": 84,
        "3": 727,
        "4": 6359,
        "5": 23205,
        "6": 62121
    },
    "3855": {
        "0": 1,
        "1": 10,
        "2": 88,
        "3": 773,
        "4": 6780,
        "5": 26781,
        "6": 80692
    },
    "3856": {
        "0": 1,
        "1": 11,
        "2": 96,
        "3": 821,
        "4": 7046,
        "5": 27941,
        "6": 64301
    },
    "3857": {
        "0": 1,
        "1": 9,
        "2": 78,
        "3": 679,
        "4": 5921,
        "5": 18970,
        "6": 43288
    },
    "3858": {
        "0": 1,
        "1": 11,
        "2": 93,
        "3": 802,
        "4": 6910,
        "5": 26718,
        "6": 61656
    },
    "3859": {
        "0": 1,
        "1": 12,
        "2": 106,
        "3": 917,
        "4": 7911,
        "5": 35561,
        "6": 98861
    },
    "3860": {
        "0": 1,
        "1": 13,
        "2": 117,
        "3": 1025,
        "4": 8902,
        "5": 44268,
        "6": 133621
    },
    "3861": {
        "0": 1,
        "1": 12,
        "2": 106,
        "3": 913,
        "4": 7873,
        "5": 34775,
        "6": 99402
    },
    "3862": {
        "0": 1,
        "1": 10,
        "2": 88,
        "3": 757,
        "4": 6533,
        "5": 23823,
        "6": 61726
    },
    "3863": {
        "0": 1,
        "1": 10,
        "2": 83,
        "3": 706,
        "4": 6036,
        "5": 19021,
        "6": 41145
    },
    "3864": {
        "0": 1,
        "1": 8,
        "2": 71,
        "3": 626,
        "4": 5498,
        "5": 15545,
        "6": 33274
    },
    "3865": {
        "0": 1,
        "1": 13,
        "2": 118,
        "3": 1027,
        "4": 8820,
        "5": 42965,
        "6": 120756
    },
    "3866": {
        "0": 1,
        "1": 12,
        "2": 105,
        "3": 910,
        "4": 7875,
        "5": 35650,
        "6": 105036
    },
    "3867": {
        "0": 1,
        "1": 9,
        "2": 82,
        "3": 731,
        "4": 6507,
        "5": 24789,
        "6": 65070
    },
    "3868": {
        "0": 1,
        "1": 12,
        "2": 103,
        "3": 865,
        "4": 7270,
        "5": 28652,
        "6": 66597
    },
    "3869": {
        "0": 1,
        "1": 11,
        "2": 95,
        "3": 812,
        "4": 6940,
        "5": 26458,
        "6": 66681
    },
    "3870": {
        "0": 1,
        "1": 11,
        "2": 94,
        "3": 819,
        "4": 7141,
        "5": 29543,
        "6": 79374
    },
    "3871": {
        "0": 1,
        "1": 11,
        "2": 93,
        "3": 802,
        "4": 6957,
        "5": 27739,
        "6": 67876
    },
    "3872": {
        "0": 1,
        "1": 9,
        "2": 82,
        "3": 744,
        "4": 6680,
        "5": 26550,
        "6": 61308
    },
    "3873": {
        "0": 1,
        "1": 11,
        "2": 91,
        "3": 769,
        "4": 6589,
        "5": 24212,
        "6": 56796
    },
    "3874": {
        "0": 1,
        "1": 8,
        "2": 72,
        "3": 638,
        "4": 5636,
        "5": 16374,
        "6": 38106
    },
    "3875": {
        "0": 1,
        "1": 12,
        "2": 105,
        "3": 900,
        "4": 7705,
        "5": 33492,
        "6": 85542
    },
    "3876": {
        "0": 1,
        "1": 10,
        "2": 85,
        "3": 716,
        "4": 6037,
        "5": 18401,
        "6": 35112
    },
    "3877": {
        "0": 1,
        "1": 10,
        "2": 86,
        "3": 743,
        "4": 6432,
        "5": 23288,
        "6": 58146
    },
    "3878": {
        "0": 1,
        "1": 10,
        "2": 85,
        "3": 748,
        "4": 6583,
        "5": 25181,
        "6": 64942
    },
    "3879": {
        "0": 1,
        "1": 12,
        "2": 111,
        "3": 981,
        "4": 8647,
        "5": 43225,
        "6": 144802
    },
    "3880": {
        "0": 1,
        "1": 11,
        "2": 93,
        "3": 784,
        "4": 6638,
        "5": 23864,
        "6": 59772
    },
    "3881": {
        "0": 1,
        "1": 10,
        "2": 82,
        "3": 684,
        "4": 5775,
        "5": 16409,
        "6": 33730
    },
    "3882": {
        "0": 1,
        "1": 11,
        "2": 94,
        "3": 811,
        "4": 7025,
        "5": 28335,
        "6": 78600
    },
    "3883": {
        "0": 1,
        "1": 11,
        "2": 95,
        "3": 815,
        "4": 7047,
        "5": 28652,
        "6": 79221
    },
    "3884": {
        "0": 1,
        "1": 11,
        "2": 92,
        "3": 780,
        "4": 6697,
        "5": 25252,
        "6": 64263
    },
    "3885": {
        "0": 1,
        "1": 12,
        "2": 106,
        "3": 909,
        "4": 7734,
        "5": 33209,
        "6": 89200
    },
    "3886": {
        "0": 1,
        "1": 11,
        "2": 95,
        "3": 832,
        "4": 7334,
        "5": 31845,
        "6": 86290
    },
    "3887": {
        "0": 1,
        "1": 13,
        "2": 117,
        "3": 1020,
        "4": 8758,
        "5": 42338,
        "6": 124975
    },
    "3888": {
        "0": 1,
        "1": 10,
        "2": 83,
        "3": 714,
        "4": 6213,
        "5": 21589,
        "6": 47016
    },
    "3889": {
        "0": 1,
        "1": 9,
        "2": 76,
        "3": 662,
        "4": 5770,
        "5": 17353,
        "6": 34025
    },
    "3890": {
        "0": 1,
        "1": 10,
        "2": 88,
        "3": 777,
        "4": 6863,
        "5": 27461,
        "6": 73077
    },
    "3891": {
        "0": 1,
        "1": 10,
        "2": 89,
        "3": 790,
        "4": 6976,
        "5": 28608,
        "6": 84272
    },
    "3892": {
        "0": 1,
        "1": 11,
        "2": 91,
        "3": 789,
        "4": 6865,
        "5": 27099,
        "6": 65281
    },
    "3893": {
        "0": 1,
        "1": 9,
        "2": 78,
        "3": 674,
        "4": 5850,
        "5": 17717,
        "6": 34126
    },
    "3894": {
        "0": 1,
        "1": 9,
        "2": 79,
        "3": 690,
        "4": 6041,
        "5": 19955,
        "6": 47156
    },
    "3895": {
        "0": 1,
        "1": 12,
        "2": 107,
        "3": 942,
        "4": 8254,
        "5": 39498,
        "6": 118533
    },
    "3896": {
        "0": 1,
        "1": 11,
        "2": 94,
        "3": 793,
        "4": 6675,
        "5": 23567,
        "6": 54132
    },
    "3897": {
        "0": 1,
        "1": 13,
        "2": 112,
        "3": 935,
        "4": 7899,
        "5": 34632,
        "6": 95132
    },
    "3898": {
        "0": 1,
        "1": 11,
        "2": 94,
        "3": 814,
        "4": 7098,
        "5": 29348,
        "6": 72798
    },
    "3899": {
        "0": 1,
        "1": 11,
        "2": 97,
        "3": 838,
        "4": 7295,
        "5": 31185,
        "6": 88897
    }
}