{
    "13500": {
        "0": 1,
        "1": 10,
        "2": 85,
        "3": 737,
        "4": 6391,
        "5": 22875,
        "6": 50525
    },
    "13501": {
        "0": 1,
        "1": 10,
        "2": 87,
        "3": 767,
        "4": 6756,
        "5": 26481,
        "6": 69165
    },
    "13502": {
        "0": 1,
        "1": 10,
        "2": 84,
        "3": 714,
        "4": 6126,
        "5": 20135,
        "6": 49349
    },
    "13503": {
        "0": 1,
        "1": 11,
        "2": 96,
        "3": 831,
        "4": 7178,
        "5": 29399,
        "6": 77499
    },
    "13504": {
        "0": 1,
        "1": 12,
        "2": 102,
        "3": 867,
        "4": 7443,
        "5": 31647,
        "6": 83486
    },
    "13505": {
        "0": 1,
        "1": 10,
        "2": 86,
        "3": 750,
        "4": 6601,
        "5": 25660,
        "6": 70004
    },
    "13506": {
        "0": 1,
        "1": 9,
        "2": 76,
        "3": 657,
        "4": 5678,
        "5": 16457,
        "6": 34981
    },
    "13507": {
        "0": 1,
        "1": 11,
        "2": 94,
        "3": 797,
        "4": 6763,
        "5": 24849,
        "6": 61461
    },
    "13508": {
        "0": 1,
        "1": 11,
        "2": 97,
        "3": 861,
        "4": 7627,
        "5": 34640,
        "6": 101314
    },
    "13509": {
        "0": 1,
        "1": 10,
        "2": 85,
        "3": 759,
        "4": 6744,
        "5": 26984,
        "6": 70328
    },
    "13510": {
        "0": 1,
        "1": 13,
        "2": 120,
        "3": 1032,
        "4": 8775,
        "5": 41551,
        "6": 130318
    },
    "13511": {
        "0": 1,
        "1": 10,
        "2": 87,
        "3": 774,
        "4": 6869,
        "5": 28155,
        "6": 66443
    },
    "13512": {
        "0": 1,
        "1": 12,
        "2": 107,
        "3": 940,
        "4": 8208,
        "5": 38860,
        "6": 114341
    },
    "13513": {
        "0": 1,
        "1": 11,
        "2": 93,
        "3": 797,
        "4": 6860,
        "5": 26165,
        "6": 65973
    },
    "13514": {
        "0": 1,
        "1": 9,
        "2": 77,
        "3": 661,
        "4": 5759,
        "5": 17593,
        "6": 38937
    },
    "13515": {
        "0": 1,
        "1": 11,
        "2": 92,
        "3": 787,
        "4": 6778,
        "5": 25599,
        "6": 56811
    },
    "13516": {
        "0": 1,
        "1": 11,
        "2": 95,
        "3": 819,
        "4": 7091,
        "5": 28617,
        "6": 75496
    },
    "13517": {
        "0": 1,
        "1": 13,
        "2": 110,
        "3": 929,
        "4": 7971,
        "5": 36326,
        "6": 99494
    },
    "13518": {
        "0": 1,
        "1": 10,
        "2": 84,
        "3": 727,
        "4": 6302,
        "5": 21966,
        "6": 42363
    },
    "13519": {
        "0": 1,
        "1": 10,
        "2": 84,
        "3": 735,
        "4": 6466,
        "5": 23978,
        "6": 58182
    },
    "13520": {
        "0": 1,
        "1": 10,
        "2": 83,
        "3": 700,
        "4": 5982,
        "5": 18838,
        "6": 39016
    },
    "13521": {
        "0": 1,
        "1": 13,
        "2": 118,
        "3": 1032,
        "4": 9048,
        "5": 46727,
        "6": 161599
    },
    "13522": {
        "0": 1,
        "1": 11,
        "2": 94,
        "3": 801,
        "4": 6889,
        "5": 26775,
        "6": 65330
    },
    "13523": {
        "0": 1,
        "1": 13,
        "2": 117,
        "3": 998,
        "4": 8433,
        "5": 38709,
        "6": 112487
    },
    "13524": {
        "0": 1,
        "1": 10,
        "2": 86,
        "3": 741,
        "4": 6418,
        "5": 23199,
        "6": 64674
    },
    "13525": {
        "0": 1,
        "1": 10,
        "2": 89,
        "3": 772,
        "4": 6711,
        "5": 25629,
        "6": 65468
    },
    "13526": {
        "0": 1,
        "1": 9,
        "2": 77,
        "3": 660,
        "4": 5692,
        "5": 16487,
        "6": 32801
    },
    "13527": {
        "0": 1,
        "1": 10,
        "2": 85,
        "3": 748,
        "4": 6568,
        "5": 24565,
        "6": 58677
    },
    "13528": {
        "0": 1,
        "1": 10,
        "2": 90,
        "3": 802,
        "4": 7102,
        "5": 29908,
        "6": 77118
    },
    "13529": {
        "0": 1,
        "1": 10,
        "2": 84,
        "3": 711,
        "4": 6041,
        "5": 18804,
        "6": 40946
    },
    "13530": {
        "0": 1,
        "1": 11,
        "2": 93,
        "3": 811,
        "4": 7073,
        "5": 28625,
        "6": 70127
    },
    "13531": {
        "0": 1,
        "1": 11,
        "2": 94,
        "3": 811,
        "4": 6965,
        "5": 27000,
        "6": 59389
    },
    "13532": {
        "0": 1,
        "1": 13,
        "2": 118,
        "3": 1022,
        "4": 8776,
        "5": 42718,
        "6": 132368
    },
    "13533": {
        "0": 1,
        "1": 12,
        "2": 105,
        "3": 896,
        "4": 7667,
        "5": 33333,
        "6": 91928
    },
    "13534": {
        "0": 1,
        "1": 12,
        "2": 105,
        "3": 920,
        "4": 8070,
        "5": 37895,
        "6": 107953
    },
    "13535": {
        "0": 1,
        "1": 10,
        "2": 85,
        "3": 727,
        "4": 6227,
        "5": 20787,
        "6": 49866
    },
    "13536": {
        "0": 1,
        "1": 13,
        "2": 115,
        "3": 975,
        "4": 8214,
        "5": 36713,
        "6": 93906
    },
    "13537": {
        "0": 1,
        "1": 12,
        "2": 100,
        "3": 840,
        "4": 7138,
        "5": 28463,
        "6": 74875
    },
    "13538": {
        "0": 1,
        "1": 9,
        "2": 82,
        "3": 727,
        "4": 6461,
        "5": 24546,
        "6": 56089
    },
    "13539": {
        "0": 1,
        "1": 11,
        "2": 98,
        "3": 868,
        "4": 7719,
        "5": 35792,
        "6": 103536
    },
    "13540": {
        "0": 1,
        "1": 9,
        "2": 80,
        "3": 711,
        "4": 6322,
        "5": 22873,
        "6": 58780
    },
    "13541": {
        "0": 1,
        "1": 10,
        "2": 89,
        "3": 777,
        "4": 6730,
        "5": 25436,
        "6": 61838
    },
    "13542": {
        "0": 1,
        "1": 9,
        "2": 81,
        "3": 728,
        "4": 6472,
        "5": 24298,
        "6": 59141
    },
    "13543": {
        "0": 1,
        "1": 10,
        "2": 84,
        "3": 731,
        "4": 6398,
        "5": 23441,
        "6": 58807
    },
    "13544": {
        "0": 1,
        "1": 9,
        "2": 76,
        "3": 664,
        "4": 5818,
        "5": 18222,
        "6": 44003
    },
    "13545": {
        "0": 1,
        "1": 10,
        "2": 85,
        "3": 743,
        "4": 6488,
        "5": 23847,
        "6": 58072
    },
    "13546": {
        "0": 1,
        "1": 8,
        "2": 69,
        "3": 592,
        "4": 5102,
        "5": 10950,
        "6": 18480
    },
    "13547": {
        "0": 1,
        "1": 11,
        "2": 90,
        "3": 741,
        "4": 6173,
        "5": 18988,
        "6": 43059
    },
    "13548": {
        "0": 1,
        "1": 12,
        "2": 100,
        "3": 837,
        "4": 7076,
        "5": 27389,
        "6": 67013
    },
    "13549": {
        "0": 1,
        "1": 9,
        "2": 78,
        "3": 674,
        "4": 5877,
        "5": 18791,
        "6": 47676
    },
    "13550": {
        "0": 1,
        "1": 10,
        "2": 86,
        "3": 751,
        "4": 6590,
        "5": 25234,
        "6": 65539
    },
    "13551": {
        "0": 1,
        "1": 9,
        "2": 75,
        "3": 644,
        "4": 5596,
        "5": 16262,
        "6": 31894
    },
    "13552": {
        "0": 1,
        "1": 12,
        "2": 108,
        "3": 956,
        "4": 8406,
        "5": 41028,
        "6": 123236
    },
    "13553": {
        "0": 1,
        "1": 8,
        "2": 67,
        "3": 570,
        "4": 4872,
        "5": 8860,
        "6": 13347
    },
    "13554": {
        "0": 1,
        "1": 12,
        "2": 108,
        "3": 942,
        "4": 8127,
        "5": 37145,
        "6": 114366
    },
    "13555": {
        "0": 1,
        "1": 10,
        "2": 83,
        "3": 696,
        "4": 5912,
        "5": 17804,
        "6": 36176
    },
    "13556": {
        "0": 1,
        "1": 11,
        "2": 96,
        "3": 828,
        "4": 7165,
        "5": 29380,
        "6": 76981
    },
    "13557": {
        "0": 1,
        "1": 12,
        "2": 109,
        "3": 978,
        "4": 8656,
        "5": 43571,
        "6": 138084
    },
    "13558": {
        "0": 1,
        "1": 10,
        "2": 89,
        "3": 795,
        "4": 7092,
        "5": 30418,
        "6": 89648
    },
    "13559": {
        "0": 1,
        "1": 11,
        "2": 97,
        "3": 844,
        "4": 7341,
        "5": 31058,
        "6": 81344
    },
    "13560": {
        "0": 1,
        "1": 12,
        "2": 111,
        "3": 997,
        "4": 8869,
        "5": 45938,
        "6": 148944
    },
    "13561": {
        "0": 1,
        "1": 8,
        "2": 70,
        "3": 603,
        "4": 5177,
        "5": 11694,
        "6": 19729
    },
    "13562": {
        "0": 1,
        "1": 12,
        "2": 104,
        "3": 907,
        "4": 7925,
        "5": 36566,
        "6": 100809
    },
    "13563": {
        "0": 1,
        "1": 10,
        "2": 88,
        "3": 773,
        "4": 6720,
        "5": 25218,
        "6": 67558
    },
    "13564": {
        "0": 1,
        "1": 12,
        "2": 106,
        "3": 910,
        "4": 7803,
        "5": 34362,
        "6": 96997
    },
    "13565": {
        "0": 1,
        "1": 10,
        "2": 86,
        "3": 734,
        "4": 6330,
        "5": 22285,
        "6": 53377
    },
    "13566": {
        "0": 1,
        "1": 11,
        "2": 94,
        "3": 805,
        "4": 6924,
        "5": 26642,
        "6": 62557
    },
    "13567": {
        "0": 1,
        "1": 11,
        "2": 94,
        "3": 804,
        "4": 6943,
        "5": 27581,
        "6": 71771
    },
    "13568": {
        "0": 1,
        "1": 11,
        "2": 95,
        "3": 824,
        "4": 7141,
        "5": 29128,
        "6": 78449
    },
    "13569": {
        "0": 1,
        "1": 11,
        "2": 94,
        "3": 802,
        "4": 6864,
        "5": 25850,
        "6": 60849
    },
    "13570": {
        "0": 1,
        "1": 10,
        "2": 87,
        "3": 750,
        "4": 6474,
        "5": 23416,
        "6": 58451
    },
    "13571": {
        "0": 1,
        "1": 10,
        "2": 87,
        "3": 766,
        "4": 6731,
        "5": 26231,
        "6": 63489
    },
    "13572": {
        "0": 1,
        "1": 12,
        "2": 102,
        "3": 877,
        "4": 7568,
        "5": 32348,
        "6": 79112
    },
    "13573": {
        "0": 1,
        "1": 12,
        "2": 103,
        "3": 873,
        "4": 7395,
        "5": 30047,
        "6": 71911
    },
    "13574": {
        "0": 1,
        "1": 9,
        "2": 74,
        "3": 628,
        "4": 5366,
        "5": 13395,
        "6": 22091
    },
    "13575": {
        "0": 1,
        "1": 11,
        "2": 92,
        "3": 778,
        "4": 6643,
        "5": 24248,
        "6": 56128
    },
    "13576": {
        "0": 1,
        "1": 10,
        "2": 92,
        "3": 836,
        "4": 7599,
        "5": 36326,
        "6": 109664
    },
    "13577": {
        "0": 1,
        "1": 10,
        "2": 87,
        "3": 748,
        "4": 6482,
        "5": 23720,
        "6": 65112
    },
    "13578": {
        "0": 1,
        "1": 9,
        "2": 75,
        "3": 644,
        "4": 5575,
        "5": 15841,
        "6": 35049
    },
    "13579": {
        "0": 1,
        "1": 12,
        "2": 96,
        "3": 810,
        "4": 6962,
        "5": 27720,
        "6": 64575
    },
    "13580": {
        "0": 1,
        "1": 10,
        "2": 87,
        "3": 772,
        "4": 6821,
        "5": 27198,
        "6": 62626
    },
    "13581": {
        "0": 1,
        "1": 12,
        "2": 110,
        "3": 983,
        "4": 8701,
        "5": 44184,
        "6": 153284
    },
    "13582": {
        "0": 1,
        "1": 12,
        "2": 99,
        "3": 824,
        "4": 6971,
        "5": 26721,
        "6": 68891
    },
    "13583": {
        "0": 1,
        "1": 10,
        "2": 86,
        "3": 737,
        "4": 6341,
        "5": 22069,
        "6": 51582
    },
    "13584": {
        "0": 1,
        "1": 8,
        "2": 70,
        "3": 600,
        "4": 5168,
        "5": 11983,
        "6": 16983
    },
    "13585": {
        "0": 1,
        "1": 9,
        "2": 77,
        "3": 665,
        "4": 5768,
        "5": 17417,
        "6": 31863
    },
    "13586": {
        "0": 1,
        "1": 15,
        "2": 135,
        "3": 1126,
        "4": 9341,
        "5": 45344,
        "6": 125443
    },
    "13587": {
        "0": 1,
        "1": 12,
        "2": 105,
        "3": 922,
        "4": 8110,
        "5": 38586,
        "6": 118559
    },
    "13588": {
        "0": 1,
        "1": 11,
        "2": 98,
        "3": 856,
        "4": 7440,
        "5": 31743,
        "6": 90615
    },
    "13589": {
        "0": 1,
        "1": 9,
        "2": 78,
        "3": 687,
        "4": 6047,
        "5": 20406,
        "6": 42870
    },
    "13590": {
        "0": 1,
        "1": 12,
        "2": 111,
        "3": 977,
        "4": 8517,
        "5": 41287,
        "6": 126802
    },
    "13591": {
        "0": 1,
        "1": 11,
        "2": 96,
        "3": 836,
        "4": 7258,
        "5": 30498,
        "6": 83090
    },
    "13592": {
        "0": 1,
        "1": 13,
        "2": 114,
        "3": 968,
        "4": 8211,
        "5": 37023,
        "6": 98701
    },
    "13593": {
        "0": 1,
        "1": 10,
        "2": 83,
        "3": 701,
        "4": 6000,
        "5": 19045,
        "6": 35261
    },
    "13594": {
        "0": 1,
        "1": 9,
        "2": 77,
        "3": 674,
        "4": 5880,
        "5": 17974,
        "6": 38392
    },
    "13595": {
        "0": 1,
        "1": 12,
        "2": 103,
        "3": 883,
        "4": 7639,
        "5": 33633,
        "6": 94871
    },
    "13596": {
        "0": 1,
        "1": 11,
        "2": 92,
        "3": 785,
        "4": 6734,
        "5": 25278,
        "6": 59273
    },
    "13597": {
        "0": 1,
        "1": 15,
        "2": 141,
        "3": 1221,
        "4": 10389,
        "5": 56039,
        "6": 179267
    },
    "13598": {
        "0": 1,
        "1": 10,
        "2": 88,
        "3": 773,
        "4": 6811,
        "5": 27334,
        "6": 71453
    },
    "13599": {
        "0": 1,
        "1": 12,
        "2": 104,
        "3": 893,
        "4": 7670,
        "5": 33369,
        "6": 87527
    }
}