{
    "21700": {
        "0": 1,
        "1": 10,
        "2": 88,
        "3": 779,
        "4": 6829,
        "5": 26806,
        "6": 70535
    },
    "21701": {
        "0": 1,
        "1": 10,
        "2": 85,
        "3": 744,
        "4": 6509,
        "5": 24190,
        "6": 57553
    },
    "21702": {
        "0": 1,
        "1": 11,
        "2": 96,
        "3": 832,
        "4": 7233,
        "5": 30372,
        "6": 81170
    },
    "21703": {
        "0": 1,
        "1": 12,
        "2": 104,
        "3": 888,
        "4": 7636,
        "5": 33072,
        "6": 91984
    },
    "21704": {
        "0": 1,
        "1": 11,
        "2": 94,
        "3": 797,
        "4": 6760,
        "5": 24776,
        "6": 55190
    },
    "21705": {
        "0": 1,
        "1": 12,
        "2": 105,
        "3": 898,
        "4": 7642,
        "5": 32335,
        "6": 89543
    },
    "21706": {
        "0": 1,
        "1": 11,
        "2": 97,
        "3": 843,
        "4": 7288,
        "5": 29780,
        "6": 79996
    },
    "21707": {
        "0": 1,
        "1": 10,
        "2": 90,
        "3": 795,
        "4": 7023,
        "5": 29101,
        "6": 86778
    },
    "21708": {
        "0": 1,
        "1": 11,
        "2": 91,
        "3": 772,
        "4": 6564,
        "5": 23104,
        "6": 52985
    },
    "21709": {
        "0": 1,
        "1": 11,
        "2": 95,
        "3": 828,
        "4": 7240,
        "5": 30743,
        "6": 82720
    },
    "21710": {
        "0": 1,
        "1": 13,
        "2": 112,
        "3": 935,
        "4": 7832,
        "5": 33560,
        "6": 93809
    },
    "21711": {
        "0": 1,
        "1": 10,
        "2": 80,
        "3": 673,
        "4": 5727,
        "5": 16391,
        "6": 28966
    },
    "21712": {
        "0": 1,
        "1": 12,
        "2": 104,
        "3": 891,
        "4": 7655,
        "5": 33021,
        "6": 98328
    },
    "21713": {
        "0": 1,
        "1": 13,
        "2": 111,
        "3": 944,
        "4": 8094,
        "5": 36720,
        "6": 104508
    },
    "21714": {
        "0": 1,
        "1": 13,
        "2": 114,
        "3": 955,
        "4": 7979,
        "5": 34371,
        "6": 98135
    },
    "21715": {
        "0": 1,
        "1": 10,
        "2": 87,
        "3": 743,
        "4": 6340,
        "5": 21505,
        "6": 49053
    },
    "21716": {
        "0": 1,
        "1": 10,
        "2": 84,
        "3": 712,
        "4": 6074,
        "5": 19292,
        "6": 38902
    },
    "21717": {
        "0": 1,
        "1": 10,
        "2": 88,
        "3": 770,
        "4": 6792,
        "5": 27219,
        "6": 71179
    },
    "21718": {
        "0": 1,
        "1": 11,
        "2": 98,
        "3": 867,
        "4": 7702,
        "5": 35711,
        "6": 107775
    },
    "21719": {
        "0": 1,
        "1": 12,
        "2": 108,
        "3": 948,
        "4": 8333,
        "5": 40738,
        "6": 123214
    },
    "21720": {
        "0": 1,
        "1": 11,
        "2": 97,
        "3": 868,
        "4": 7709,
        "5": 35348,
        "6": 98788
    },
    "21721": {
        "0": 1,
        "1": 14,
        "2": 127,
        "3": 1101,
        "4": 9430,
        "5": 48002,
        "6": 159923
    },
    "21722": {
        "0": 1,
        "1": 10,
        "2": 84,
        "3": 722,
        "4": 6291,
        "5": 22393,
        "6": 57110
    },
    "21723": {
        "0": 1,
        "1": 11,
        "2": 94,
        "3": 795,
        "4": 6723,
        "5": 24339,
        "6": 57909
    },
    "21724": {
        "0": 1,
        "1": 11,
        "2": 94,
        "3": 811,
        "4": 6976,
        "5": 27323,
        "6": 73082
    },
    "21725": {
        "0": 1,
        "1": 10,
        "2": 89,
        "3": 785,
        "4": 6939,
        "5": 28435,
        "6": 76585
    },
    "21726": {
        "0": 1,
        "1": 12,
        "2": 106,
        "3": 908,
        "4": 7813,
        "5": 34933,
        "6": 102911
    },
    "21727": {
        "0": 1,
        "1": 10,
        "2": 85,
        "3": 722,
        "4": 6165,
        "5": 20242,
        "6": 37168
    },
    "21728": {
        "0": 1,
        "1": 12,
        "2": 104,
        "3": 903,
        "4": 7833,
        "5": 35080,
        "6": 90822
    },
    "21729": {
        "0": 1,
        "1": 8,
        "2": 71,
        "3": 627,
        "4": 5530,
        "5": 15961,
        "6": 31961
    },
    "21730": {
        "0": 1,
        "1": 12,
        "2": 99,
        "3": 819,
        "4": 6862,
        "5": 25277,
        "6": 60943
    },
    "21731": {
        "0": 1,
        "1": 13,
        "2": 117,
        "3": 1008,
        "4": 8659,
        "5": 41707,
        "6": 131954
    },
    "21732": {
        "0": 1,
        "1": 15,
        "2": 137,
        "3": 1140,
        "4": 9396,
        "5": 45416,
        "6": 134838
    },
    "21733": {
        "0": 1,
        "1": 13,
        "2": 113,
        "3": 948,
        "4": 8015,
        "5": 35523,
        "6": 92078
    },
    "21734": {
        "0": 1,
        "1": 12,
        "2": 103,
        "3": 866,
        "4": 7352,
        "5": 30313,
        "6": 79956
    },
    "21735": {
        "0": 1,
        "1": 11,
        "2": 93,
        "3": 789,
        "4": 6679,
        "5": 23727,
        "6": 49768
    },
    "21736": {
        "0": 1,
        "1": 12,
        "2": 101,
        "3": 847,
        "4": 7193,
        "5": 28740,
        "6": 65950
    },
    "21737": {
        "0": 1,
        "1": 10,
        "2": 84,
        "3": 725,
        "4": 6290,
        "5": 21619,
        "6": 52741
    },
    "21738": {
        "0": 1,
        "1": 10,
        "2": 85,
        "3": 729,
        "4": 6268,
        "5": 21367,
        "6": 45200
    },
    "21739": {
        "0": 1,
        "1": 10,
        "2": 86,
        "3": 744,
        "4": 6434,
        "5": 22619,
        "6": 46427
    },
    "21740": {
        "0": 1,
        "1": 13,
        "2": 119,
        "3": 1032,
        "4": 8872,
        "5": 43820,
        "6": 138202
    },
    "21741": {
        "0": 1,
        "1": 10,
        "2": 85,
        "3": 731,
        "4": 6305,
        "5": 21816,
        "6": 46703
    },
    "21742": {
        "0": 1,
        "1": 8,
        "2": 70,
        "3": 619,
        "4": 5482,
        "5": 15497,
        "6": 35151
    },
    "21743": {
        "0": 1,
        "1": 11,
        "2": 94,
        "3": 792,
        "4": 6709,
        "5": 24590,
        "6": 61832
    },
    "21744": {
        "0": 1,
        "1": 10,
        "2": 88,
        "3": 763,
        "4": 6622,
        "5": 24684,
        "6": 60020
    },
    "21745": {
        "0": 1,
        "1": 9,
        "2": 83,
        "3": 753,
        "4": 6777,
        "5": 27906,
        "6": 79408
    },
    "21746": {
        "0": 1,
        "1": 9,
        "2": 80,
        "3": 695,
        "4": 6110,
        "5": 20958,
        "6": 46860
    },
    "21747": {
        "0": 1,
        "1": 12,
        "2": 100,
        "3": 859,
        "4": 7473,
        "5": 32617,
        "6": 84802
    },
    "21748": {
        "0": 1,
        "1": 9,
        "2": 79,
        "3": 700,
        "4": 6247,
        "5": 23288,
        "6": 56592
    },
    "21749": {
        "0": 1,
        "1": 9,
        "2": 79,
        "3": 692,
        "4": 6057,
        "5": 20145,
        "6": 46260
    },
    "21750": {
        "0": 1,
        "1": 10,
        "2": 85,
        "3": 732,
        "4": 6282,
        "5": 21123,
        "6": 50416
    },
    "21751": {
        "0": 1,
        "1": 11,
        "2": 99,
        "3": 881,
        "4": 7746,
        "5": 34586,
        "6": 101037
    },
    "21752": {
        "0": 1,
        "1": 11,
        "2": 92,
        "3": 782,
        "4": 6718,
        "5": 25203,
        "6": 62327
    },
    "21753": {
        "0": 1,
        "1": 9,
        "2": 80,
        "3": 706,
        "4": 6177,
        "5": 21178,
        "6": 47334
    },
    "21754": {
        "0": 1,
        "1": 11,
        "2": 100,
        "3": 895,
        "4": 7917,
        "5": 37175,
        "6": 117386
    },
    "21755": {
        "0": 1,
        "1": 10,
        "2": 80,
        "3": 663,
        "4": 5567,
        "5": 14420,
        "6": 25143
    },
    "21756": {
        "0": 1,
        "1": 11,
        "2": 96,
        "3": 827,
        "4": 7119,
        "5": 28409,
        "6": 69592
    },
    "21757": {
        "0": 1,
        "1": 10,
        "2": 88,
        "3": 777,
        "4": 6849,
        "5": 27517,
        "6": 76224
    },
    "21758": {
        "0": 1,
        "1": 12,
        "2": 104,
        "3": 902,
        "4": 7836,
        "5": 35192,
        "6": 94379
    },
    "21759": {
        "0": 1,
        "1": 10,
        "2": 84,
        "3": 724,
        "4": 6298,
        "5": 22295,
        "6": 50207
    },
    "21760": {
        "0": 1,
        "1": 11,
        "2": 99,
        "3": 863,
        "4": 7538,
        "5": 33432,
        "6": 96269
    },
    "21761": {
        "0": 1,
        "1": 13,
        "2": 121,
        "3": 1082,
        "4": 9595,
        "5": 51614,
        "6": 168464
    },
    "21762": {
        "0": 1,
        "1": 13,
        "2": 116,
        "3": 1007,
        "4": 8694,
        "5": 41697,
        "6": 126938
    },
    "21763": {
        "0": 1,
        "1": 11,
        "2": 94,
        "3": 802,
        "4": 6856,
        "5": 26020,
        "6": 59604
    },
    "21764": {
        "0": 1,
        "1": 12,
        "2": 103,
        "3": 879,
        "4": 7460,
        "5": 30630,
        "6": 72594
    },
    "21765": {
        "0": 1,
        "1": 12,
        "2": 103,
        "3": 889,
        "4": 7735,
        "5": 35054,
        "6": 92886
    },
    "21766": {
        "0": 1,
        "1": 9,
        "2": 77,
        "3": 678,
        "4": 5987,
        "5": 20286,
        "6": 47133
    },
    "21767": {
        "0": 1,
        "1": 10,
        "2": 91,
        "3": 833,
        "4": 7563,
        "5": 35402,
        "6": 107858
    },
    "21768": {
        "0": 1,
        "1": 11,
        "2": 94,
        "3": 803,
        "4": 6842,
        "5": 25659,
        "6": 54580
    },
    "21769": {
        "0": 1,
        "1": 10,
        "2": 85,
        "3": 735,
        "4": 6398,
        "5": 23244,
        "6": 56220
    },
    "21770": {
        "0": 1,
        "1": 13,
        "2": 114,
        "3": 953,
        "4": 7956,
        "5": 34071,
        "6": 100990
    },
    "21771": {
        "0": 1,
        "1": 10,
        "2": 85,
        "3": 740,
        "4": 6470,
        "5": 23600,
        "6": 53528
    },
    "21772": {
        "0": 1,
        "1": 10,
        "2": 88,
        "3": 775,
        "4": 6804,
        "5": 26490,
        "6": 67470
    },
    "21773": {
        "0": 1,
        "1": 10,
        "2": 90,
        "3": 809,
        "4": 7309,
        "5": 33372,
        "6": 110779
    },
    "21774": {
        "0": 1,
        "1": 10,
        "2": 88,
        "3": 786,
        "4": 6948,
        "5": 28185,
        "6": 70116
    },
    "21775": {
        "0": 1,
        "1": 11,
        "2": 98,
        "3": 871,
        "4": 7713,
        "5": 35481,
        "6": 104033
    },
    "21776": {
        "0": 1,
        "1": 11,
        "2": 97,
        "3": 854,
        "4": 7537,
        "5": 33880,
        "6": 90935
    },
    "21777": {
        "0": 1,
        "1": 12,
        "2": 102,
        "3": 858,
        "4": 7258,
        "5": 29006,
        "6": 67914
    },
    "21778": {
        "0": 1,
        "1": 10,
        "2": 82,
        "3": 695,
        "4": 5960,
        "5": 18737,
        "6": 38342
    },
    "21779": {
        "0": 1,
        "1": 9,
        "2": 78,
        "3": 693,
        "4": 6147,
        "5": 21733,
        "6": 53444
    },
    "21780": {
        "0": 1,
        "1": 10,
        "2": 90,
        "3": 792,
        "4": 6970,
        "5": 28476,
        "6": 80151
    },
    "21781": {
        "0": 1,
        "1": 11,
        "2": 96,
        "3": 830,
        "4": 7152,
        "5": 28681,
        "6": 76595
    },
    "21782": {
        "0": 1,
        "1": 10,
        "2": 88,
        "3": 785,
        "4": 6974,
        "5": 29071,
        "6": 81209
    },
    "21783": {
        "0": 1,
        "1": 10,
        "2": 89,
        "3": 790,
        "4": 6916,
        "5": 27217,
        "6": 71476
    },
    "21784": {
        "0": 1,
        "1": 13,
        "2": 115,
        "3": 996,
        "4": 8627,
        "5": 42318,
        "6": 129984
    },
    "21785": {
        "0": 1,
        "1": 11,
        "2": 95,
        "3": 825,
        "4": 7209,
        "5": 30367,
        "6": 78081
    },
    "21786": {
        "0": 1,
        "1": 10,
        "2": 86,
        "3": 750,
        "4": 6559,
        "5": 24526,
        "6": 58615
    },
    "21787": {
        "0": 1,
        "1": 10,
        "2": 83,
        "3": 699,
        "4": 5932,
        "5": 17882,
        "6": 41418
    },
    "21788": {
        "0": 1,
        "1": 11,
        "2": 93,
        "3": 790,
        "4": 6737,
        "5": 24834,
        "6": 57520
    },
    "21789": {
        "0": 1,
        "1": 10,
        "2": 89,
        "3": 783,
        "4": 6914,
        "5": 28107,
        "6": 73694
    },
    "21790": {
        "0": 1,
        "1": 9,
        "2": 73,
        "3": 611,
        "4": 5196,
        "5": 11947,
        "6": 19137
    },
    "21791": {
        "0": 1,
        "1": 10,
        "2": 81,
        "3": 687,
        "4": 5847,
        "5": 17260,
        "6": 32396
    },
    "21792": {
        "0": 1,
        "1": 12,
        "2": 107,
        "3": 933,
        "4": 8085,
        "5": 37219,
        "6": 112891
    },
    "21793": {
        "0": 1,
        "1": 11,
        "2": 94,
        "3": 810,
        "4": 7040,
        "5": 28587,
        "6": 73817
    },
    "21794": {
        "0": 1,
        "1": 11,
        "2": 96,
        "3": 828,
        "4": 7168,
        "5": 29372,
        "6": 73104
    },
    "21795": {
        "0": 1,
        "1": 11,
        "2": 95,
        "3": 825,
        "4": 7215,
        "5": 30693,
        "6": 80245
    },
    "21796": {
        "0": 1,
        "1": 12,
        "2": 107,
        "3": 934,
        "4": 8104,
        "5": 37398,
        "6": 99319
    },
    "21797": {
        "0": 1,
        "1": 10,
        "2": 89,
        "3": 787,
        "4": 6918,
        "5": 27817,
        "6": 75487
    },
    "21798": {
        "0": 1,
        "1": 9,
        "2": 80,
        "3": 699,
        "4": 6088,
        "5": 20153,
        "6": 45798
    },
    "21799": {
        "0": 1,
        "1": 11,
        "2": 95,
        "3": 824,
        "4": 7116,
        "5": 28756,
        "6": 72584
    }
}