{
    "17400": {
        "0": 1,
        "1": 10,
        "2": 85,
        "3": 729,
        "4": 6300,
        "5": 21780,
        "6": 49637
    },
    "17401": {
        "0": 1,
        "1": 10,
        "2": 89,
        "3": 774,
        "4": 6723,
        "5": 25600,
        "6": 65614
    },
    "17402": {
        "0": 1,
        "1": 9,
        "2": 76,
        "3": 660,
        "4": 5741,
        "5": 17052,
        "6": 37271
    },
    "17403": {
        "0": 1,
        "1": 9,
        "2": 76,
        "3": 661,
        "4": 5801,
        "5": 18225,
        "6": 41093
    },
    "17404": {
        "0": 1,
        "1": 12,
        "2": 102,
        "3": 879,
        "4": 7630,
        "5": 33883,
        "6": 90775
    },
    "17405": {
        "0": 1,
        "1": 11,
        "2": 93,
        "3": 775,
        "4": 6488,
        "5": 21918,
        "6": 46539
    },
    "17406": {
        "0": 1,
        "1": 10,
        "2": 84,
        "3": 722,
        "4": 6227,
        "5": 21158,
        "6": 48569
    },
    "17407": {
        "0": 1,
        "1": 12,
        "2": 107,
        "3": 924,
        "4": 7966,
        "5": 36091,
        "6": 97290
    },
    "17408": {
        "0": 1,
        "1": 11,
        "2": 96,
        "3": 832,
        "4": 7187,
        "5": 29212,
        "6": 76054
    },
    "17409": {
        "0": 1,
        "1": 11,
        "2": 98,
        "3": 860,
        "4": 7545,
        "5": 33588,
        "6": 100081
    },
    "17410": {
        "0": 1,
        "1": 11,
        "2": 98,
        "3": 867,
        "4": 7601,
        "5": 33664,
        "6": 99588
    },
    "17411": {
        "0": 1,
        "1": 11,
        "2": 93,
        "3": 799,
        "4": 6914,
        "5": 27443,
        "6": 71456
    },
    "17412": {
        "0": 1,
        "1": 9,
        "2": 75,
        "3": 640,
        "4": 5463,
        "5": 13930,
        "6": 29689
    },
    "17413": {
        "0": 1,
        "1": 10,
        "2": 86,
        "3": 748,
        "4": 6549,
        "5": 24773,
        "6": 58643
    },
    "17414": {
        "0": 1,
        "1": 11,
        "2": 100,
        "3": 881,
        "4": 7776,
        "5": 35662,
        "6": 108495
    },
    "17415": {
        "0": 1,
        "1": 12,
        "2": 111,
        "3": 996,
        "4": 8772,
        "5": 43874,
        "6": 142048
    },
    "17416": {
        "0": 1,
        "1": 9,
        "2": 74,
        "3": 627,
        "4": 5357,
        "5": 13172,
        "6": 24866
    },
    "17417": {
        "0": 1,
        "1": 12,
        "2": 106,
        "3": 912,
        "4": 7800,
        "5": 34024,
        "6": 97559
    },
    "17418": {
        "0": 1,
        "1": 11,
        "2": 98,
        "3": 882,
        "4": 7963,
        "5": 39090,
        "6": 124865
    },
    "17419": {
        "0": 1,
        "1": 12,
        "2": 104,
        "3": 898,
        "4": 7733,
        "5": 33887,
        "6": 89468
    },
    "17420": {
        "0": 1,
        "1": 10,
        "2": 90,
        "3": 784,
        "4": 6854,
        "5": 27265,
        "6": 69379
    },
    "17421": {
        "0": 1,
        "1": 12,
        "2": 104,
        "3": 877,
        "4": 7380,
        "5": 29754,
        "6": 72923
    },
    "17422": {
        "0": 1,
        "1": 9,
        "2": 78,
        "3": 681,
        "4": 5951,
        "5": 19311,
        "6": 40247
    },
    "17423": {
        "0": 1,
        "1": 9,
        "2": 76,
        "3": 657,
        "4": 5706,
        "5": 16937,
        "6": 34914
    },
    "17424": {
        "0": 1,
        "1": 8,
        "2": 68,
        "3": 573,
        "4": 4845,
        "5": 8539,
        "6": 13165
    },
    "17425": {
        "0": 1,
        "1": 11,
        "2": 95,
        "3": 817,
        "4": 6977,
        "5": 26761,
        "6": 73805
    },
    "17426": {
        "0": 1,
        "1": 11,
        "2": 92,
        "3": 775,
        "4": 6582,
        "5": 23633,
        "6": 53464
    },
    "17427": {
        "0": 1,
        "1": 10,
        "2": 88,
        "3": 774,
        "4": 6789,
        "5": 26761,
        "6": 66135
    },
    "17428": {
        "0": 1,
        "1": 11,
        "2": 96,
        "3": 831,
        "4": 7216,
        "5": 29818,
        "6": 78258
    },
    "17429": {
        "0": 1,
        "1": 11,
        "2": 95,
        "3": 818,
        "4": 7071,
        "5": 28681,
        "6": 73426
    },
    "17430": {
        "0": 1,
        "1": 11,
        "2": 93,
        "3": 786,
        "4": 6698,
        "5": 24765,
        "6": 58521
    },
    "17431": {
        "0": 1,
        "1": 11,
        "2": 92,
        "3": 769,
        "4": 6505,
        "5": 22896,
        "6": 53819
    },
    "17432": {
        "0": 1,
        "1": 12,
        "2": 100,
        "3": 839,
        "4": 7105,
        "5": 27790,
        "6": 67663
    },
    "17433": {
        "0": 1,
        "1": 11,
        "2": 98,
        "3": 853,
        "4": 7361,
        "5": 30675,
        "6": 84032
    },
    "17434": {
        "0": 1,
        "1": 9,
        "2": 79,
        "3": 702,
        "4": 6251,
        "5": 22859,
        "6": 54733
    },
    "17435": {
        "0": 1,
        "1": 13,
        "2": 112,
        "3": 944,
        "4": 7971,
        "5": 34783,
        "6": 85920
    },
    "17436": {
        "0": 1,
        "1": 11,
        "2": 101,
        "3": 886,
        "4": 7749,
        "5": 34914,
        "6": 104309
    },
    "17437": {
        "0": 1,
        "1": 10,
        "2": 87,
        "3": 734,
        "4": 6238,
        "5": 20467,
        "6": 42322
    },
    "17438": {
        "0": 1,
        "1": 10,
        "2": 83,
        "3": 707,
        "4": 6018,
        "5": 18928,
        "6": 44454
    },
    "17439": {
        "0": 1,
        "1": 13,
        "2": 119,
        "3": 1054,
        "4": 9251,
        "5": 48103,
        "6": 151338
    },
    "17440": {
        "0": 1,
        "1": 12,
        "2": 109,
        "3": 958,
        "4": 8353,
        "5": 39830,
        "6": 120853
    },
    "17441": {
        "0": 1,
        "1": 9,
        "2": 78,
        "3": 676,
        "4": 5877,
        "5": 18306,
        "6": 34843
    },
    "17442": {
        "0": 1,
        "1": 10,
        "2": 83,
        "3": 715,
        "4": 6185,
        "5": 20851,
        "6": 47251
    },
    "17443": {
        "0": 1,
        "1": 9,
        "2": 75,
        "3": 650,
        "4": 5632,
        "5": 15845,
        "6": 31841
    },
    "17444": {
        "0": 1,
        "1": 11,
        "2": 96,
        "3": 833,
        "4": 7214,
        "5": 29857,
        "6": 78394
    },
    "17445": {
        "0": 1,
        "1": 11,
        "2": 93,
        "3": 800,
        "4": 6957,
        "5": 28140,
        "6": 69359
    },
    "17446": {
        "0": 1,
        "1": 11,
        "2": 96,
        "3": 835,
        "4": 7295,
        "5": 30901,
        "6": 76753
    },
    "17447": {
        "0": 1,
        "1": 11,
        "2": 94,
        "3": 802,
        "4": 6896,
        "5": 26740,
        "6": 70568
    },
    "17448": {
        "0": 1,
        "1": 11,
        "2": 95,
        "3": 811,
        "4": 6948,
        "5": 27060,
        "6": 65158
    },
    "17449": {
        "0": 1,
        "1": 13,
        "2": 118,
        "3": 1034,
        "4": 9005,
        "5": 45493,
        "6": 141153
    },
    "17450": {
        "0": 1,
        "1": 9,
        "2": 75,
        "3": 637,
        "4": 5414,
        "5": 13228,
        "6": 26125
    },
    "17451": {
        "0": 1,
        "1": 10,
        "2": 84,
        "3": 701,
        "4": 5901,
        "5": 17305,
        "6": 35122
    },
    "17452": {
        "0": 1,
        "1": 10,
        "2": 86,
        "3": 761,
        "4": 6700,
        "5": 25921,
        "6": 59562
    },
    "17453": {
        "0": 1,
        "1": 11,
        "2": 96,
        "3": 837,
        "4": 7266,
        "5": 30225,
        "6": 75797
    },
    "17454": {
        "0": 1,
        "1": 11,
        "2": 93,
        "3": 782,
        "4": 6607,
        "5": 23375,
        "6": 57218
    },
    "17455": {
        "0": 1,
        "1": 12,
        "2": 107,
        "3": 929,
        "4": 8059,
        "5": 37480,
        "6": 117989
    },
    "17456": {
        "0": 1,
        "1": 9,
        "2": 76,
        "3": 650,
        "4": 5633,
        "5": 16482,
        "6": 33197
    },
    "17457": {
        "0": 1,
        "1": 9,
        "2": 81,
        "3": 711,
        "4": 6218,
        "5": 21439,
        "6": 47765
    },
    "17458": {
        "0": 1,
        "1": 9,
        "2": 75,
        "3": 639,
        "4": 5471,
        "5": 14361,
        "6": 21828
    },
    "17459": {
        "0": 1,
        "1": 13,
        "2": 115,
        "3": 1010,
        "4": 8881,
        "5": 45181,
        "6": 139466
    },
    "17460": {
        "0": 1,
        "1": 11,
        "2": 94,
        "3": 812,
        "4": 7074,
        "5": 28625,
        "6": 77266
    },
    "17461": {
        "0": 1,
        "1": 11,
        "2": 96,
        "3": 808,
        "4": 6845,
        "5": 25644,
        "6": 67252
    },
    "17462": {
        "0": 1,
        "1": 11,
        "2": 98,
        "3": 859,
        "4": 7507,
        "5": 32361,
        "6": 88339
    },
    "17463": {
        "0": 1,
        "1": 11,
        "2": 92,
        "3": 778,
        "4": 6662,
        "5": 24631,
        "6": 53518
    },
    "17464": {
        "0": 1,
        "1": 11,
        "2": 95,
        "3": 831,
        "4": 7248,
        "5": 30164,
        "6": 82276
    },
    "17465": {
        "0": 1,
        "1": 9,
        "2": 74,
        "3": 627,
        "4": 5373,
        "5": 13667,
        "6": 24986
    },
    "17466": {
        "0": 1,
        "1": 11,
        "2": 97,
        "3": 859,
        "4": 7590,
        "5": 34131,
        "6": 89678
    },
    "17467": {
        "0": 1,
        "1": 11,
        "2": 91,
        "3": 763,
        "4": 6511,
        "5": 23082,
        "6": 46957
    },
    "17468": {
        "0": 1,
        "1": 9,
        "2": 75,
        "3": 641,
        "4": 5510,
        "5": 14832,
        "6": 26872
    },
    "17469": {
        "0": 1,
        "1": 9,
        "2": 76,
        "3": 654,
        "4": 5636,
        "5": 15887,
        "6": 30269
    },
    "17470": {
        "0": 1,
        "1": 10,
        "2": 86,
        "3": 743,
        "4": 6401,
        "5": 22351,
        "6": 50530
    },
    "17471": {
        "0": 1,
        "1": 11,
        "2": 92,
        "3": 785,
        "4": 6723,
        "5": 24940,
        "6": 60553
    },
    "17472": {
        "0": 1,
        "1": 10,
        "2": 84,
        "3": 704,
        "4": 5913,
        "5": 17164,
        "6": 33970
    },
    "17473": {
        "0": 1,
        "1": 11,
        "2": 95,
        "3": 832,
        "4": 7258,
        "5": 30449,
        "6": 78687
    },
    "17474": {
        "0": 1,
        "1": 11,
        "2": 97,
        "3": 845,
        "4": 7342,
        "5": 31105,
        "6": 82726
    },
    "17475": {
        "0": 1,
        "1": 12,
        "2": 105,
        "3": 907,
        "4": 7850,
        "5": 35405,
        "6": 102330
    },
    "17476": {
        "0": 1,
        "1": 13,
        "2": 112,
        "3": 934,
        "4": 7844,
        "5": 33721,
        "6": 83312
    },
    "17477": {
        "0": 1,
        "1": 11,
        "2": 94,
        "3": 815,
        "4": 7148,
        "5": 30370,
        "6": 83520
    },
    "17478": {
        "0": 1,
        "1": 11,
        "2": 98,
        "3": 858,
        "4": 7543,
        "5": 33330,
        "6": 93733
    },
    "17479": {
        "0": 1,
        "1": 10,
        "2": 85,
        "3": 719,
        "4": 6125,
        "5": 19572,
        "6": 41973
    },
    "17480": {
        "0": 1,
        "1": 10,
        "2": 84,
        "3": 718,
        "4": 6154,
        "5": 20188,
        "6": 45758
    },
    "17481": {
        "0": 1,
        "1": 13,
        "2": 113,
        "3": 952,
        "4": 8066,
        "5": 36056,
        "6": 102384
    },
    "17482": {
        "0": 1,
        "1": 11,
        "2": 90,
        "3": 773,
        "4": 6656,
        "5": 24479,
        "6": 61104
    },
    "17483": {
        "0": 1,
        "1": 11,
        "2": 89,
        "3": 746,
        "4": 6350,
        "5": 21771,
        "6": 44344
    },
    "17484": {
        "0": 1,
        "1": 12,
        "2": 104,
        "3": 891,
        "4": 7649,
        "5": 33153,
        "6": 91470
    },
    "17485": {
        "0": 1,
        "1": 9,
        "2": 78,
        "3": 669,
        "4": 5778,
        "5": 17347,
        "6": 41444
    },
    "17486": {
        "0": 1,
        "1": 10,
        "2": 85,
        "3": 739,
        "4": 6437,
        "5": 23477,
        "6": 57422
    },
    "17487": {
        "0": 1,
        "1": 11,
        "2": 95,
        "3": 824,
        "4": 7162,
        "5": 29486,
        "6": 80611
    },
    "17488": {
        "0": 1,
        "1": 11,
        "2": 92,
        "3": 774,
        "4": 6573,
        "5": 23329,
        "6": 55861
    },
    "17489": {
        "0": 1,
        "1": 12,
        "2": 100,
        "3": 833,
        "4": 6999,
        "5": 26454,
        "6": 56953
    },
    "17490": {
        "0": 1,
        "1": 12,
        "2": 109,
        "3": 977,
        "4": 8680,
        "5": 44124,
        "6": 139912
    },
    "17491": {
        "0": 1,
        "1": 13,
        "2": 113,
        "3": 966,
        "4": 8279,
        "5": 38091,
        "6": 108220
    },
    "17492": {
        "0": 1,
        "1": 11,
        "2": 95,
        "3": 814,
        "4": 6938,
        "5": 26180,
        "6": 61420
    },
    "17493": {
        "0": 1,
        "1": 9,
        "2": 75,
        "3": 645,
        "4": 5589,
        "5": 15878,
        "6": 28276
    },
    "17494": {
        "0": 1,
        "1": 11,
        "2": 95,
        "3": 816,
        "4": 7041,
        "5": 28148,
        "6": 66563
    },
    "17495": {
        "0": 1,
        "1": 10,
        "2": 88,
        "3": 767,
        "4": 6666,
        "5": 25095,
        "6": 63490
    },
    "17496": {
        "0": 1,
        "1": 12,
        "2": 102,
        "3": 871,
        "4": 7527,
        "5": 32804,
        "6": 93592
    },
    "17497": {
        "0": 1,
        "1": 9,
        "2": 78,
        "3": 681,
        "4": 5937,
        "5": 18947,
        "6": 37903
    },
    "17498": {
        "0": 1,
        "1": 9,
        "2": 74,
        "3": 621,
        "4": 5235,
        "5": 11698,
        "6": 16690
    },
    "17499": {
        "0": 1,
        "1": 9,
        "2": 75,
        "3": 648,
        "4": 5631,
        "5": 16316,
        "6": 30415
    }
}