{
    "1800": {
        "0": 1,
        "1": 11,
        "2": 92,
        "3": 776,
        "4": 6607,
        "5": 23836,
        "6": 58473
    },
    "1801": {
        "0": 1,
        "1": 12,
        "2": 102,
        "3": 891,
        "4": 7872,
        "5": 36800,
        "6": 105780
    },
    "1802": {
        "0": 1,
        "1": 12,
        "2": 103,
        "3": 882,
        "4": 7563,
        "5": 32012,
        "6": 83351
    },
    "1803": {
        "0": 1,
        "1": 10,
        "2": 88,
        "3": 778,
        "4": 6880,
        "5": 27799,
        "6": 73866
    },
    "1804": {
        "0": 1,
        "1": 9,
        "2": 80,
        "3": 718,
        "4": 6432,
        "5": 24744,
        "6": 65208
    },
    "1805": {
        "0": 1,
        "1": 10,
        "2": 89,
        "3": 784,
        "4": 6894,
        "5": 27900,
        "6": 71360
    },
    "1806": {
        "0": 1,
        "1": 10,
        "2": 88,
        "3": 773,
        "4": 6777,
        "5": 26601,
        "6": 72407
    },
    "1807": {
        "0": 1,
        "1": 13,
        "2": 118,
        "3": 1026,
        "4": 8828,
        "5": 43087,
        "6": 129287
    },
    "1808": {
        "0": 1,
        "1": 10,
        "2": 90,
        "3": 790,
        "4": 6940,
        "5": 27829,
        "6": 74183
    },
    "1809": {
        "0": 1,
        "1": 11,
        "2": 96,
        "3": 830,
        "4": 7196,
        "5": 29444,
        "6": 76837
    },
    "1810": {
        "0": 1,
        "1": 11,
        "2": 94,
        "3": 812,
        "4": 6983,
        "5": 26918,
        "6": 63396
    },
    "1811": {
        "0": 1,
        "1": 10,
        "2": 87,
        "3": 757,
        "4": 6622,
        "5": 25180,
        "6": 60713
    },
    "1812": {
        "0": 1,
        "1": 12,
        "2": 102,
        "3": 862,
        "4": 7325,
        "5": 29950,
        "6": 75366
    },
    "1813": {
        "0": 1,
        "1": 8,
        "2": 68,
        "3": 586,
        "4": 5065,
        "5": 11160,
        "6": 17412
    },
    "1814": {
        "0": 1,
        "1": 11,
        "2": 101,
        "3": 898,
        "4": 7947,
        "5": 37473,
        "6": 116586
    },
    "1815": {
        "0": 1,
        "1": 11,
        "2": 95,
        "3": 811,
        "4": 6942,
        "5": 26702,
        "6": 68017
    },
    "1816": {
        "0": 1,
        "1": 11,
        "2": 93,
        "3": 778,
        "4": 6517,
        "5": 22185,
        "6": 45284
    },
    "1817": {
        "0": 1,
        "1": 12,
        "2": 107,
        "3": 935,
        "4": 8184,
        "5": 39133,
        "6": 116744
    },
    "1818": {
        "0": 1,
        "1": 11,
        "2": 90,
        "3": 737,
        "4": 6138,
        "5": 18972,
        "6": 37692
    },
    "1819": {
        "0": 1,
        "1": 10,
        "2": 85,
        "3": 732,
        "4": 6344,
        "5": 22439,
        "6": 50286
    },
    "1820": {
        "0": 1,
        "1": 9,
        "2": 77,
        "3": 671,
        "4": 5861,
        "5": 18582,
        "6": 45912
    },
    "1821": {
        "0": 1,
        "1": 12,
        "2": 108,
        "3": 949,
        "4": 8273,
        "5": 38774,
        "6": 119003
    },
    "1822": {
        "0": 1,
        "1": 11,
        "2": 100,
        "3": 873,
        "4": 7615,
        "5": 33620,
        "6": 95905
    },
    "1823": {
        "0": 1,
        "1": 10,
        "2": 87,
        "3": 770,
        "4": 6768,
        "5": 26446,
        "6": 62759
    },
    "1824": {
        "0": 1,
        "1": 10,
        "2": 88,
        "3": 765,
        "4": 6636,
        "5": 24749,
        "6": 61135
    },
    "1825": {
        "0": 1,
        "1": 11,
        "2": 94,
        "3": 813,
        "4": 7051,
        "5": 28446,
        "6": 73459
    },
    "1826": {
        "0": 1,
        "1": 10,
        "2": 83,
        "3": 713,
        "4": 6149,
        "5": 20301,
        "6": 47151
    },
    "1827": {
        "0": 1,
        "1": 9,
        "2": 73,
        "3": 610,
        "4": 5149,
        "5": 11091,
        "6": 23099
    },
    "1828": {
        "0": 1,
        "1": 10,
        "2": 88,
        "3": 770,
        "4": 6727,
        "5": 25964,
        "6": 65370
    },
    "1829": {
        "0": 1,
        "1": 11,
        "2": 95,
        "3": 818,
        "4": 7061,
        "5": 28243,
        "6": 69615
    },
    "1830": {
        "0": 1,
        "1": 10,
        "2": 86,
        "3": 756,
        "4": 6622,
        "5": 24868,
        "6": 58949
    },
    "1831": {
        "0": 1,
        "1": 9,
        "2": 76,
        "3": 662,
        "4": 5756,
        "5": 17161,
        "6": 34248
    },
    "1832": {
        "0": 1,
        "1": 11,
        "2": 95,
        "3": 819,
        "4": 7072,
        "5": 28658,
        "6": 73348
    },
    "1833": {
        "0": 1,
        "1": 10,
        "2": 87,
        "3": 752,
        "4": 6512,
        "5": 23469,
        "6": 57322
    },
    "1834": {
        "0": 1,
        "1": 10,
        "2": 85,
        "3": 739,
        "4": 6396,
        "5": 22240,
        "6": 53572
    },
    "1835": {
        "0": 1,
        "1": 8,
        "2": 69,
        "3": 591,
        "4": 5086,
        "5": 11241,
        "6": 18247
    },
    "1836": {
        "0": 1,
        "1": 9,
        "2": 79,
        "3": 686,
        "4": 5914,
        "5": 18121,
        "6": 34708
    },
    "1837": {
        "0": 1,
        "1": 13,
        "2": 118,
        "3": 1005,
        "4": 8509,
        "5": 39613,
        "6": 117163
    },
    "1838": {
        "0": 1,
        "1": 10,
        "2": 84,
        "3": 736,
        "4": 6432,
        "5": 23411,
        "6": 56883
    },
    "1839": {
        "0": 1,
        "1": 11,
        "2": 99,
        "3": 887,
        "4": 7922,
        "5": 38089,
        "6": 128632
    },
    "1840": {
        "0": 1,
        "1": 12,
        "2": 106,
        "3": 915,
        "4": 7924,
        "5": 36045,
        "6": 99899
    },
    "1841": {
        "0": 1,
        "1": 13,
        "2": 119,
        "3": 1057,
        "4": 9288,
        "5": 48421,
        "6": 159655
    },
    "1842": {
        "0": 1,
        "1": 11,
        "2": 99,
        "3": 884,
        "4": 7851,
        "5": 36488,
        "6": 112687
    },
    "1843": {
        "0": 1,
        "1": 11,
        "2": 97,
        "3": 843,
        "4": 7326,
        "5": 30899,
        "6": 83983
    },
    "1844": {
        "0": 1,
        "1": 12,
        "2": 110,
        "3": 951,
        "4": 8148,
        "5": 37081,
        "6": 107805
    },
    "1845": {
        "0": 1,
        "1": 10,
        "2": 87,
        "3": 746,
        "4": 6401,
        "5": 22204,
        "6": 49481
    },
    "1846": {
        "0": 1,
        "1": 12,
        "2": 107,
        "3": 930,
        "4": 8097,
        "5": 37923,
        "6": 114057
    },
    "1847": {
        "0": 1,
        "1": 9,
        "2": 75,
        "3": 643,
        "4": 5582,
        "5": 15963,
        "6": 30148
    },
    "1848": {
        "0": 1,
        "1": 9,
        "2": 72,
        "3": 600,
        "4": 5075,
        "5": 10656,
        "6": 17102
    },
    "1849": {
        "0": 1,
        "1": 13,
        "2": 118,
        "3": 1005,
        "4": 8485,
        "5": 39154,
        "6": 116981
    },
    "1850": {
        "0": 1,
        "1": 13,
        "2": 119,
        "3": 1031,
        "4": 8832,
        "5": 43052,
        "6": 128782
    },
    "1851": {
        "0": 1,
        "1": 13,
        "2": 120,
        "3": 1061,
        "4": 9351,
        "5": 49248,
        "6": 160214
    },
    "1852": {
        "0": 1,
        "1": 11,
        "2": 95,
        "3": 799,
        "4": 6734,
        "5": 24337,
        "6": 64851
    },
    "1853": {
        "0": 1,
        "1": 10,
        "2": 88,
        "3": 754,
        "4": 6447,
        "5": 22386,
        "6": 46932
    },
    "1854": {
        "0": 1,
        "1": 9,
        "2": 78,
        "3": 674,
        "4": 5824,
        "5": 17317,
        "6": 37856
    },
    "1855": {
        "0": 1,
        "1": 12,
        "2": 102,
        "3": 841,
        "4": 6921,
        "5": 24541,
        "6": 56878
    },
    "1856": {
        "0": 1,
        "1": 13,
        "2": 113,
        "3": 965,
        "4": 8261,
        "5": 38325,
        "6": 105602
    },
    "1857": {
        "0": 1,
        "1": 9,
        "2": 76,
        "3": 653,
        "4": 5623,
        "5": 15804,
        "6": 27364
    },
    "1858": {
        "0": 1,
        "1": 11,
        "2": 91,
        "3": 786,
        "4": 6886,
        "5": 27997,
        "6": 74771
    },
    "1859": {
        "0": 1,
        "1": 10,
        "2": 88,
        "3": 778,
        "4": 6871,
        "5": 28110,
        "6": 80797
    },
    "1860": {
        "0": 1,
        "1": 11,
        "2": 98,
        "3": 853,
        "4": 7327,
        "5": 29876,
        "6": 77655
    },
    "1861": {
        "0": 1,
        "1": 12,
        "2": 108,
        "3": 954,
        "4": 8373,
        "5": 40244,
        "6": 124930
    },
    "1862": {
        "0": 1,
        "1": 10,
        "2": 83,
        "3": 712,
        "4": 6149,
        "5": 20292,
        "6": 48181
    },
    "1863": {
        "0": 1,
        "1": 11,
        "2": 97,
        "3": 859,
        "4": 7584,
        "5": 34204,
        "6": 89233
    },
    "1864": {
        "0": 1,
        "1": 11,
        "2": 89,
        "3": 746,
        "4": 6352,
        "5": 21826,
        "6": 49831
    },
    "1865": {
        "0": 1,
        "1": 9,
        "2": 75,
        "3": 642,
        "4": 5530,
        "5": 15110,
        "6": 27129
    },
    "1866": {
        "0": 1,
        "1": 9,
        "2": 78,
        "3": 694,
        "4": 6141,
        "5": 21444,
        "6": 51582
    },
    "1867": {
        "0": 1,
        "1": 10,
        "2": 90,
        "3": 791,
        "4": 6940,
        "5": 28028,
        "6": 78706
    },
    "1868": {
        "0": 1,
        "1": 10,
        "2": 90,
        "3": 785,
        "4": 6863,
        "5": 27033,
        "6": 70081
    },
    "1869": {
        "0": 1,
        "1": 11,
        "2": 96,
        "3": 843,
        "4": 7354,
        "5": 30988,
        "6": 87611
    },
    "1870": {
        "0": 1,
        "1": 11,
        "2": 96,
        "3": 829,
        "4": 7126,
        "5": 28478,
        "6": 77073
    },
    "1871": {
        "0": 1,
        "1": 9,
        "2": 82,
        "3": 727,
        "4": 6393,
        "5": 23055,
        "6": 57190
    },
    "1872": {
        "0": 1,
        "1": 11,
        "2": 93,
        "3": 791,
        "4": 6774,
        "5": 25407,
        "6": 61295
    },
    "1873": {
        "0": 1,
        "1": 12,
        "2": 102,
        "3": 864,
        "4": 7390,
        "5": 30916,
        "6": 82091
    },
    "1874": {
        "0": 1,
        "1": 11,
        "2": 93,
        "3": 800,
        "4": 6900,
        "5": 26738,
        "6": 65435
    },
    "1875": {
        "0": 1,
        "1": 12,
        "2": 107,
        "3": 918,
        "4": 7833,
        "5": 34278,
        "6": 95051
    },
    "1876": {
        "0": 1,
        "1": 13,
        "2": 117,
        "3": 1003,
        "4": 8549,
        "5": 40418,
        "6": 130853
    },
    "1877": {
        "0": 1,
        "1": 12,
        "2": 110,
        "3": 956,
        "4": 8227,
        "5": 37946,
        "6": 115136
    },
    "1878": {
        "0": 1,
        "1": 10,
        "2": 87,
        "3": 756,
        "4": 6587,
        "5": 24625,
        "6": 60856
    },
    "1879": {
        "0": 1,
        "1": 8,
        "2": 72,
        "3": 637,
        "4": 5613,
        "5": 16487,
        "6": 29426
    },
    "1880": {
        "0": 1,
        "1": 10,
        "2": 81,
        "3": 680,
        "4": 5794,
        "5": 17014,
        "6": 37828
    },
    "1881": {
        "0": 1,
        "1": 12,
        "2": 98,
        "3": 825,
        "4": 7052,
        "5": 27889,
        "6": 67986
    },
    "1882": {
        "0": 1,
        "1": 11,
        "2": 98,
        "3": 884,
        "4": 7976,
        "5": 38520,
        "6": 109599
    },
    "1883": {
        "0": 1,
        "1": 12,
        "2": 102,
        "3": 861,
        "4": 7282,
        "5": 29046,
        "6": 70812
    },
    "1884": {
        "0": 1,
        "1": 11,
        "2": 91,
        "3": 761,
        "4": 6433,
        "5": 22079,
        "6": 48814
    },
    "1885": {
        "0": 1,
        "1": 10,
        "2": 84,
        "3": 712,
        "4": 6046,
        "5": 18749,
        "6": 35942
    },
    "1886": {
        "0": 1,
        "1": 12,
        "2": 104,
        "3": 902,
        "4": 7925,
        "5": 37286,
        "6": 110134
    },
    "1887": {
        "0": 1,
        "1": 10,
        "2": 88,
        "3": 773,
        "4": 6809,
        "5": 27289,
        "6": 74044
    },
    "1888": {
        "0": 1,
        "1": 10,
        "2": 86,
        "3": 737,
        "4": 6366,
        "5": 22609,
        "6": 54930
    },
    "1889": {
        "0": 1,
        "1": 9,
        "2": 76,
        "3": 661,
        "4": 5787,
        "5": 18101,
        "6": 41487
    },
    "1890": {
        "0": 1,
        "1": 11,
        "2": 95,
        "3": 821,
        "4": 7130,
        "5": 29548,
        "6": 83433
    },
    "1891": {
        "0": 1,
        "1": 11,
        "2": 93,
        "3": 800,
        "4": 6950,
        "5": 28074,
        "6": 72986
    },
    "1892": {
        "0": 1,
        "1": 10,
        "2": 82,
        "3": 693,
        "4": 5880,
        "5": 17395,
        "6": 32295
    },
    "1893": {
        "0": 1,
        "1": 10,
        "2": 89,
        "3": 801,
        "4": 7249,
        "5": 32823,
        "6": 93976
    },
    "1894": {
        "0": 1,
        "1": 12,
        "2": 103,
        "3": 868,
        "4": 7284,
        "5": 28537,
        "6": 63756
    },
    "1895": {
        "0": 1,
        "1": 9,
        "2": 78,
        "3": 694,
        "4": 6179,
        "5": 22289,
        "6": 56247
    },
    "1896": {
        "0": 1,
        "1": 11,
        "2": 98,
        "3": 859,
        "4": 7481,
        "5": 32271,
        "6": 91351
    },
    "1897": {
        "0": 1,
        "1": 11,
        "2": 93,
        "3": 787,
        "4": 6690,
        "5": 24493,
        "6": 60501
    },
    "1898": {
        "0": 1,
        "1": 11,
        "2": 93,
        "3": 794,
        "4": 6876,
        "5": 27391,
        "6": 70673
    },
    "1899": {
        "0": 1,
        "1": 12,
        "2": 102,
        "3": 857,
        "4": 7237,
        "5": 28865,
        "6": 73830
    }
}