{
    "21900": {
        "0": 1,
        "1": 13,
        "2": 120,
        "3": 1047,
        "4": 9024,
        "5": 44738,
        "6": 144880
    },
    "21901": {
        "0": 1,
        "1": 11,
        "2": 97,
        "3": 837,
        "4": 7218,
        "5": 29633,
        "6": 77613
    },
    "21902": {
        "0": 1,
        "1": 10,
        "2": 85,
        "3": 726,
        "4": 6246,
        "5": 21264,
        "6": 51419
    },
    "21903": {
        "0": 1,
        "1": 10,
        "2": 86,
        "3": 745,
        "4": 6498,
        "5": 24055,
        "6": 57881
    },
    "21904": {
        "0": 1,
        "1": 10,
        "2": 81,
        "3": 681,
        "4": 5753,
        "5": 16248,
        "6": 32483
    },
    "21905": {
        "0": 1,
        "1": 12,
        "2": 107,
        "3": 951,
        "4": 8383,
        "5": 40546,
        "6": 118989
    },
    "21906": {
        "0": 1,
        "1": 11,
        "2": 94,
        "3": 816,
        "4": 7174,
        "5": 30533,
        "6": 81809
    },
    "21907": {
        "0": 1,
        "1": 11,
        "2": 91,
        "3": 777,
        "4": 6694,
        "5": 25017,
        "6": 57953
    },
    "21908": {
        "0": 1,
        "1": 10,
        "2": 85,
        "3": 743,
        "4": 6524,
        "5": 24669,
        "6": 55796
    },
    "21909": {
        "0": 1,
        "1": 15,
        "2": 149,
        "3": 1293,
        "4": 10869,
        "5": 58815,
        "6": 202302
    },
    "21910": {
        "0": 1,
        "1": 11,
        "2": 98,
        "3": 882,
        "4": 7917,
        "5": 38166,
        "6": 121491
    },
    "21911": {
        "0": 1,
        "1": 12,
        "2": 105,
        "3": 910,
        "4": 7868,
        "5": 35203,
        "6": 96230
    },
    "21912": {
        "0": 1,
        "1": 12,
        "2": 109,
        "3": 980,
        "4": 8723,
        "5": 44485,
        "6": 149320
    },
    "21913": {
        "0": 1,
        "1": 13,
        "2": 114,
        "3": 965,
        "4": 8171,
        "5": 36929,
        "6": 115907
    },
    "21914": {
        "0": 1,
        "1": 10,
        "2": 85,
        "3": 741,
        "4": 6463,
        "5": 23428,
        "6": 53200
    },
    "21915": {
        "0": 1,
        "1": 10,
        "2": 82,
        "3": 694,
        "4": 5899,
        "5": 17626,
        "6": 34772
    },
    "21916": {
        "0": 1,
        "1": 9,
        "2": 79,
        "3": 681,
        "4": 5909,
        "5": 18798,
        "6": 43212
    },
    "21917": {
        "0": 1,
        "1": 13,
        "2": 116,
        "3": 1000,
        "4": 8525,
        "5": 39883,
        "6": 108539
    },
    "21918": {
        "0": 1,
        "1": 10,
        "2": 83,
        "3": 701,
        "4": 5980,
        "5": 18535,
        "6": 36872
    },
    "21919": {
        "0": 1,
        "1": 12,
        "2": 110,
        "3": 972,
        "4": 8544,
        "5": 42440,
        "6": 135687
    },
    "21920": {
        "0": 1,
        "1": 9,
        "2": 74,
        "3": 624,
        "4": 5284,
        "5": 12213,
        "6": 18119
    },
    "21921": {
        "0": 1,
        "1": 12,
        "2": 101,
        "3": 852,
        "4": 7255,
        "5": 29322,
        "6": 73237
    },
    "21922": {
        "0": 1,
        "1": 12,
        "2": 104,
        "3": 900,
        "4": 7834,
        "5": 35665,
        "6": 97634
    },
    "21923": {
        "0": 1,
        "1": 11,
        "2": 96,
        "3": 854,
        "4": 7639,
        "5": 35560,
        "6": 99950
    },
    "21924": {
        "0": 1,
        "1": 11,
        "2": 98,
        "3": 880,
        "4": 7862,
        "5": 36850,
        "6": 112283
    },
    "21925": {
        "0": 1,
        "1": 12,
        "2": 104,
        "3": 892,
        "4": 7633,
        "5": 32757,
        "6": 88550
    },
    "21926": {
        "0": 1,
        "1": 11,
        "2": 94,
        "3": 814,
        "4": 7090,
        "5": 29124,
        "6": 80204
    },
    "21927": {
        "0": 1,
        "1": 10,
        "2": 89,
        "3": 794,
        "4": 7035,
        "5": 29287,
        "6": 74956
    },
    "21928": {
        "0": 1,
        "1": 11,
        "2": 95,
        "3": 822,
        "4": 7102,
        "5": 28705,
        "6": 70399
    },
    "21929": {
        "0": 1,
        "1": 9,
        "2": 81,
        "3": 719,
        "4": 6378,
        "5": 23618,
        "6": 62856
    },
    "21930": {
        "0": 1,
        "1": 11,
        "2": 94,
        "3": 827,
        "4": 7344,
        "5": 32579,
        "6": 92810
    },
    "21931": {
        "0": 1,
        "1": 12,
        "2": 108,
        "3": 956,
        "4": 8444,
        "5": 41794,
        "6": 139795
    },
    "21932": {
        "0": 1,
        "1": 10,
        "2": 83,
        "3": 703,
        "4": 6008,
        "5": 19048,
        "6": 41021
    },
    "21933": {
        "0": 1,
        "1": 10,
        "2": 86,
        "3": 752,
        "4": 6621,
        "5": 25808,
        "6": 73656
    },
    "21934": {
        "0": 1,
        "1": 14,
        "2": 137,
        "3": 1227,
        "4": 10696,
        "5": 60002,
        "6": 221876
    },
    "21935": {
        "0": 1,
        "1": 13,
        "2": 113,
        "3": 980,
        "4": 8529,
        "5": 41894,
        "6": 128463
    },
    "21936": {
        "0": 1,
        "1": 10,
        "2": 90,
        "3": 813,
        "4": 7336,
        "5": 33413,
        "6": 98251
    },
    "21937": {
        "0": 1,
        "1": 10,
        "2": 86,
        "3": 743,
        "4": 6437,
        "5": 22866,
        "6": 51029
    },
    "21938": {
        "0": 1,
        "1": 9,
        "2": 78,
        "3": 680,
        "4": 5917,
        "5": 18760,
        "6": 44906
    },
    "21939": {
        "0": 1,
        "1": 10,
        "2": 87,
        "3": 761,
        "4": 6602,
        "5": 23970,
        "6": 51933
    },
    "21940": {
        "0": 1,
        "1": 11,
        "2": 95,
        "3": 820,
        "4": 7091,
        "5": 28547,
        "6": 69756
    },
    "21941": {
        "0": 1,
        "1": 10,
        "2": 83,
        "3": 719,
        "4": 6262,
        "5": 22035,
        "6": 52142
    },
    "21942": {
        "0": 1,
        "1": 11,
        "2": 91,
        "3": 766,
        "4": 6480,
        "5": 22327,
        "6": 51543
    },
    "21943": {
        "0": 1,
        "1": 10,
        "2": 86,
        "3": 743,
        "4": 6460,
        "5": 23370,
        "6": 62193
    },
    "21944": {
        "0": 1,
        "1": 11,
        "2": 95,
        "3": 821,
        "4": 7120,
        "5": 29225,
        "6": 72680
    },
    "21945": {
        "0": 1,
        "1": 10,
        "2": 85,
        "3": 741,
        "4": 6453,
        "5": 23251,
        "6": 52631
    },
    "21946": {
        "0": 1,
        "1": 10,
        "2": 83,
        "3": 730,
        "4": 6425,
        "5": 23729,
        "6": 56666
    },
    "21947": {
        "0": 1,
        "1": 12,
        "2": 105,
        "3": 913,
        "4": 7987,
        "5": 37075,
        "6": 100175
    },
    "21948": {
        "0": 1,
        "1": 10,
        "2": 82,
        "3": 703,
        "4": 6141,
        "5": 21374,
        "6": 47186
    },
    "21949": {
        "0": 1,
        "1": 10,
        "2": 86,
        "3": 760,
        "4": 6690,
        "5": 26074,
        "6": 65596
    },
    "21950": {
        "0": 1,
        "1": 11,
        "2": 98,
        "3": 852,
        "4": 7439,
        "5": 32437,
        "6": 96314
    },
    "21951": {
        "0": 1,
        "1": 12,
        "2": 106,
        "3": 923,
        "4": 8032,
        "5": 37236,
        "6": 107753
    },
    "21952": {
        "0": 1,
        "1": 13,
        "2": 120,
        "3": 1046,
        "4": 9040,
        "5": 45219,
        "6": 157974
    },
    "21953": {
        "0": 1,
        "1": 9,
        "2": 79,
        "3": 693,
        "4": 6074,
        "5": 20520,
        "6": 44968
    },
    "21954": {
        "0": 1,
        "1": 9,
        "2": 76,
        "3": 657,
        "4": 5708,
        "5": 17111,
        "6": 35128
    },
    "21955": {
        "0": 1,
        "1": 11,
        "2": 89,
        "3": 743,
        "4": 6281,
        "5": 20734,
        "6": 40988
    },
    "21956": {
        "0": 1,
        "1": 12,
        "2": 103,
        "3": 875,
        "4": 7466,
        "5": 31079,
        "6": 87765
    },
    "21957": {
        "0": 1,
        "1": 12,
        "2": 107,
        "3": 950,
        "4": 8348,
        "5": 40264,
        "6": 123505
    },
    "21958": {
        "0": 1,
        "1": 9,
        "2": 77,
        "3": 659,
        "4": 5682,
        "5": 16368,
        "6": 30375
    },
    "21959": {
        "0": 1,
        "1": 13,
        "2": 116,
        "3": 1006,
        "4": 8745,
        "5": 43305,
        "6": 132220
    },
    "21960": {
        "0": 1,
        "1": 9,
        "2": 76,
        "3": 653,
        "4": 5645,
        "5": 16266,
        "6": 35798
    },
    "21961": {
        "0": 1,
        "1": 9,
        "2": 79,
        "3": 708,
        "4": 6338,
        "5": 23572,
        "6": 61786
    },
    "21962": {
        "0": 1,
        "1": 11,
        "2": 98,
        "3": 867,
        "4": 7649,
        "5": 34744,
        "6": 103337
    },
    "21963": {
        "0": 1,
        "1": 11,
        "2": 93,
        "3": 797,
        "4": 6868,
        "5": 26785,
        "6": 68010
    },
    "21964": {
        "0": 1,
        "1": 11,
        "2": 93,
        "3": 789,
        "4": 6778,
        "5": 25722,
        "6": 62122
    },
    "21965": {
        "0": 1,
        "1": 12,
        "2": 104,
        "3": 911,
        "4": 7975,
        "5": 37022,
        "6": 100819
    },
    "21966": {
        "0": 1,
        "1": 11,
        "2": 95,
        "3": 820,
        "4": 7115,
        "5": 29111,
        "6": 70624
    },
    "21967": {
        "0": 1,
        "1": 10,
        "2": 86,
        "3": 758,
        "4": 6706,
        "5": 26583,
        "6": 62848
    },
    "21968": {
        "0": 1,
        "1": 11,
        "2": 94,
        "3": 807,
        "4": 6986,
        "5": 28082,
        "6": 77088
    },
    "21969": {
        "0": 1,
        "1": 11,
        "2": 96,
        "3": 836,
        "4": 7289,
        "5": 30732,
        "6": 76852
    },
    "21970": {
        "0": 1,
        "1": 11,
        "2": 96,
        "3": 818,
        "4": 7028,
        "5": 28148,
        "6": 74883
    },
    "21971": {
        "0": 1,
        "1": 12,
        "2": 106,
        "3": 906,
        "4": 7735,
        "5": 33548,
        "6": 96110
    },
    "21972": {
        "0": 1,
        "1": 12,
        "2": 100,
        "3": 855,
        "4": 7397,
        "5": 31237,
        "6": 87529
    },
    "21973": {
        "0": 1,
        "1": 10,
        "2": 91,
        "3": 804,
        "4": 7074,
        "5": 29418,
        "6": 81886
    },
    "21974": {
        "0": 1,
        "1": 10,
        "2": 85,
        "3": 727,
        "4": 6240,
        "5": 21107,
        "6": 46976
    },
    "21975": {
        "0": 1,
        "1": 9,
        "2": 82,
        "3": 738,
        "4": 6651,
        "5": 27107,
        "6": 73539
    },
    "21976": {
        "0": 1,
        "1": 13,
        "2": 115,
        "3": 994,
        "4": 8647,
        "5": 42905,
        "6": 129198
    },
    "21977": {
        "0": 1,
        "1": 12,
        "2": 106,
        "3": 909,
        "4": 7832,
        "5": 35108,
        "6": 92953
    },
    "21978": {
        "0": 1,
        "1": 11,
        "2": 97,
        "3": 866,
        "4": 7771,
        "5": 36434,
        "6": 114873
    },
    "21979": {
        "0": 1,
        "1": 12,
        "2": 106,
        "3": 907,
        "4": 7747,
        "5": 33801,
        "6": 97440
    },
    "21980": {
        "0": 1,
        "1": 10,
        "2": 86,
        "3": 746,
        "4": 6478,
        "5": 23555,
        "6": 51557
    },
    "21981": {
        "0": 1,
        "1": 10,
        "2": 89,
        "3": 791,
        "4": 7038,
        "5": 29732,
        "6": 75513
    },
    "21982": {
        "0": 1,
        "1": 10,
        "2": 88,
        "3": 766,
        "4": 6719,
        "5": 26239,
        "6": 61718
    },
    "21983": {
        "0": 1,
        "1": 11,
        "2": 92,
        "3": 780,
        "4": 6695,
        "5": 25089,
        "6": 65563
    },
    "21984": {
        "0": 1,
        "1": 10,
        "2": 86,
        "3": 744,
        "4": 6450,
        "5": 22799,
        "6": 56339
    },
    "21985": {
        "0": 1,
        "1": 11,
        "2": 92,
        "3": 782,
        "4": 6715,
        "5": 25468,
        "6": 58753
    },
    "21986": {
        "0": 1,
        "1": 12,
        "2": 100,
        "3": 846,
        "4": 7271,
        "5": 30022,
        "6": 81872
    },
    "21987": {
        "0": 1,
        "1": 10,
        "2": 82,
        "3": 684,
        "4": 5774,
        "5": 16526,
        "6": 34457
    },
    "21988": {
        "0": 1,
        "1": 11,
        "2": 96,
        "3": 824,
        "4": 7069,
        "5": 27954,
        "6": 67548
    },
    "21989": {
        "0": 1,
        "1": 12,
        "2": 106,
        "3": 930,
        "4": 8145,
        "5": 38073,
        "6": 105231
    },
    "21990": {
        "0": 1,
        "1": 14,
        "2": 128,
        "3": 1115,
        "4": 9609,
        "5": 49858,
        "6": 160088
    },
    "21991": {
        "0": 1,
        "1": 10,
        "2": 84,
        "3": 723,
        "4": 6269,
        "5": 21928,
        "6": 44699
    },
    "21992": {
        "0": 1,
        "1": 14,
        "2": 126,
        "3": 1090,
        "4": 9422,
        "5": 48895,
        "6": 152911
    },
    "21993": {
        "0": 1,
        "1": 11,
        "2": 93,
        "3": 808,
        "4": 7015,
        "5": 27833,
        "6": 66103
    },
    "21994": {
        "0": 1,
        "1": 8,
        "2": 72,
        "3": 644,
        "4": 5752,
        "5": 18239,
        "6": 39173
    },
    "21995": {
        "0": 1,
        "1": 10,
        "2": 88,
        "3": 772,
        "4": 6758,
        "5": 26370,
        "6": 69670
    },
    "21996": {
        "0": 1,
        "1": 10,
        "2": 90,
        "3": 783,
        "4": 6842,
        "5": 27127,
        "6": 68222
    },
    "21997": {
        "0": 1,
        "1": 9,
        "2": 74,
        "3": 625,
        "4": 5356,
        "5": 13623,
        "6": 27326
    },
    "21998": {
        "0": 1,
        "1": 11,
        "2": 97,
        "3": 852,
        "4": 7471,
        "5": 32807,
        "6": 89626
    },
    "21999": {
        "0": 1,
        "1": 10,
        "2": 88,
        "3": 782,
        "4": 6954,
        "5": 28655,
        "6": 84490
    }
}