{
    "14600": {
        "0": 1,
        "1": 10,
        "2": 92,
        "3": 829,
        "4": 7435,
        "5": 33682,
        "6": 96838
    },
    "14601": {
        "0": 1,
        "1": 11,
        "2": 97,
        "3": 838,
        "4": 7209,
        "5": 29211,
        "6": 74204
    },
    "14602": {
        "0": 1,
        "1": 9,
        "2": 78,
        "3": 678,
        "4": 5912,
        "5": 18756,
        "6": 42535
    },
    "14603": {
        "0": 1,
        "1": 12,
        "2": 108,
        "3": 920,
        "4": 7827,
        "5": 34051,
        "6": 96650
    },
    "14604": {
        "0": 1,
        "1": 11,
        "2": 96,
        "3": 814,
        "4": 6926,
        "5": 26384,
        "6": 61462
    },
    "14605": {
        "0": 1,
        "1": 12,
        "2": 108,
        "3": 943,
        "4": 8257,
        "5": 39755,
        "6": 122097
    },
    "14606": {
        "0": 1,
        "1": 10,
        "2": 90,
        "3": 800,
        "4": 7102,
        "5": 30226,
        "6": 82505
    },
    "14607": {
        "0": 1,
        "1": 10,
        "2": 85,
        "3": 751,
        "4": 6592,
        "5": 24755,
        "6": 57853
    },
    "14608": {
        "0": 1,
        "1": 12,
        "2": 108,
        "3": 935,
        "4": 8082,
        "5": 37227,
        "6": 116599
    },
    "14609": {
        "0": 1,
        "1": 11,
        "2": 97,
        "3": 842,
        "4": 7291,
        "5": 30381,
        "6": 85803
    },
    "14610": {
        "0": 1,
        "1": 11,
        "2": 99,
        "3": 888,
        "4": 7865,
        "5": 36204,
        "6": 104425
    },
    "14611": {
        "0": 1,
        "1": 9,
        "2": 77,
        "3": 661,
        "4": 5676,
        "5": 16123,
        "6": 28109
    },
    "14612": {
        "0": 1,
        "1": 12,
        "2": 105,
        "3": 894,
        "4": 7663,
        "5": 33387,
        "6": 89846
    },
    "14613": {
        "0": 1,
        "1": 12,
        "2": 102,
        "3": 874,
        "4": 7510,
        "5": 31826,
        "6": 87013
    },
    "14614": {
        "0": 1,
        "1": 12,
        "2": 104,
        "3": 873,
        "4": 7346,
        "5": 29412,
        "6": 76853
    },
    "14615": {
        "0": 1,
        "1": 11,
        "2": 90,
        "3": 759,
        "4": 6442,
        "5": 22182,
        "6": 46621
    },
    "14616": {
        "0": 1,
        "1": 11,
        "2": 99,
        "3": 882,
        "4": 7808,
        "5": 35977,
        "6": 108705
    },
    "14617": {
        "0": 1,
        "1": 8,
        "2": 68,
        "3": 579,
        "4": 4979,
        "5": 10384,
        "6": 17504
    },
    "14618": {
        "0": 1,
        "1": 10,
        "2": 92,
        "3": 828,
        "4": 7438,
        "5": 33715,
        "6": 95433
    },
    "14619": {
        "0": 1,
        "1": 12,
        "2": 111,
        "3": 978,
        "4": 8517,
        "5": 41224,
        "6": 129518
    },
    "14620": {
        "0": 1,
        "1": 11,
        "2": 94,
        "3": 821,
        "4": 7204,
        "5": 30458,
        "6": 81717
    },
    "14621": {
        "0": 1,
        "1": 9,
        "2": 75,
        "3": 637,
        "4": 5444,
        "5": 13986,
        "6": 22623
    },
    "14622": {
        "0": 1,
        "1": 14,
        "2": 134,
        "3": 1184,
        "4": 10229,
        "5": 55308,
        "6": 187541
    },
    "14623": {
        "0": 1,
        "1": 8,
        "2": 67,
        "3": 581,
        "4": 5090,
        "5": 11878,
        "6": 23700
    },
    "14624": {
        "0": 1,
        "1": 12,
        "2": 103,
        "3": 896,
        "4": 7870,
        "5": 36701,
        "6": 107718
    },
    "14625": {
        "0": 1,
        "1": 9,
        "2": 77,
        "3": 671,
        "4": 5926,
        "5": 19787,
        "6": 46757
    },
    "14626": {
        "0": 1,
        "1": 10,
        "2": 83,
        "3": 703,
        "4": 6008,
        "5": 19060,
        "6": 43162
    },
    "14627": {
        "0": 1,
        "1": 11,
        "2": 96,
        "3": 830,
        "4": 7175,
        "5": 29410,
        "6": 75342
    },
    "14628": {
        "0": 1,
        "1": 8,
        "2": 71,
        "3": 619,
        "4": 5423,
        "5": 14907,
        "6": 25960
    },
    "14629": {
        "0": 1,
        "1": 10,
        "2": 86,
        "3": 746,
        "4": 6488,
        "5": 23751,
        "6": 60458
    },
    "14630": {
        "0": 1,
        "1": 10,
        "2": 91,
        "3": 821,
        "4": 7352,
        "5": 32500,
        "6": 88561
    },
    "14631": {
        "0": 1,
        "1": 10,
        "2": 83,
        "3": 704,
        "4": 6000,
        "5": 18536,
        "6": 37766
    },
    "14632": {
        "0": 1,
        "1": 14,
        "2": 128,
        "3": 1093,
        "4": 9277,
        "5": 46422,
        "6": 140397
    },
    "14633": {
        "0": 1,
        "1": 9,
        "2": 77,
        "3": 664,
        "4": 5747,
        "5": 17115,
        "6": 36253
    },
    "14634": {
        "0": 1,
        "1": 11,
        "2": 95,
        "3": 827,
        "4": 7208,
        "5": 30313,
        "6": 79442
    },
    "14635": {
        "0": 1,
        "1": 11,
        "2": 91,
        "3": 774,
        "4": 6633,
        "5": 24620,
        "6": 58290
    },
    "14636": {
        "0": 1,
        "1": 14,
        "2": 132,
        "3": 1172,
        "4": 10244,
        "5": 56261,
        "6": 201915
    },
    "14637": {
        "0": 1,
        "1": 11,
        "2": 103,
        "3": 956,
        "4": 8730,
        "5": 45762,
        "6": 152483
    },
    "14638": {
        "0": 1,
        "1": 12,
        "2": 110,
        "3": 958,
        "4": 8279,
        "5": 38801,
        "6": 120511
    },
    "14639": {
        "0": 1,
        "1": 11,
        "2": 98,
        "3": 855,
        "4": 7438,
        "5": 31978,
        "6": 92514
    },
    "14640": {
        "0": 1,
        "1": 12,
        "2": 96,
        "3": 786,
        "4": 6544,
        "5": 22321,
        "6": 48767
    },
    "14641": {
        "0": 1,
        "1": 11,
        "2": 89,
        "3": 731,
        "4": 6101,
        "5": 18838,
        "6": 36399
    },
    "14642": {
        "0": 1,
        "1": 10,
        "2": 85,
        "3": 727,
        "4": 6229,
        "5": 20695,
        "6": 43488
    },
    "14643": {
        "0": 1,
        "1": 9,
        "2": 78,
        "3": 694,
        "4": 6226,
        "5": 23400,
        "6": 62991
    },
    "14644": {
        "0": 1,
        "1": 10,
        "2": 87,
        "3": 755,
        "4": 6540,
        "5": 23492,
        "6": 59634
    },
    "14645": {
        "0": 1,
        "1": 11,
        "2": 94,
        "3": 821,
        "4": 7158,
        "5": 29270,
        "6": 74741
    },
    "14646": {
        "0": 1,
        "1": 14,
        "2": 126,
        "3": 1086,
        "4": 9334,
        "5": 47574,
        "6": 145337
    },
    "14647": {
        "0": 1,
        "1": 12,
        "2": 103,
        "3": 891,
        "4": 7729,
        "5": 34382,
        "6": 90923
    },
    "14648": {
        "0": 1,
        "1": 12,
        "2": 105,
        "3": 898,
        "4": 7722,
        "5": 34199,
        "6": 91782
    },
    "14649": {
        "0": 1,
        "1": 11,
        "2": 92,
        "3": 788,
        "4": 6801,
        "5": 26313,
        "6": 58080
    },
    "14650": {
        "0": 1,
        "1": 9,
        "2": 76,
        "3": 655,
        "4": 5656,
        "5": 16237,
        "6": 32435
    },
    "14651": {
        "0": 1,
        "1": 11,
        "2": 97,
        "3": 852,
        "4": 7480,
        "5": 32950,
        "6": 90936
    },
    "14652": {
        "0": 1,
        "1": 12,
        "2": 101,
        "3": 835,
        "4": 6995,
        "5": 26547,
        "6": 61025
    },
    "14653": {
        "0": 1,
        "1": 13,
        "2": 116,
        "3": 1009,
        "4": 8817,
        "5": 44687,
        "6": 139485
    },
    "14654": {
        "0": 1,
        "1": 10,
        "2": 86,
        "3": 731,
        "4": 6261,
        "5": 21265,
        "6": 49855
    },
    "14655": {
        "0": 1,
        "1": 10,
        "2": 88,
        "3": 746,
        "4": 6307,
        "5": 20573,
        "6": 44682
    },
    "14656": {
        "0": 1,
        "1": 9,
        "2": 80,
        "3": 712,
        "4": 6336,
        "5": 23094,
        "6": 66099
    },
    "14657": {
        "0": 1,
        "1": 9,
        "2": 83,
        "3": 742,
        "4": 6620,
        "5": 26082,
        "6": 66500
    },
    "14658": {
        "0": 1,
        "1": 10,
        "2": 85,
        "3": 722,
        "4": 6192,
        "5": 20828,
        "6": 47956
    },
    "14659": {
        "0": 1,
        "1": 10,
        "2": 86,
        "3": 747,
        "4": 6521,
        "5": 24047,
        "6": 60104
    },
    "14660": {
        "0": 1,
        "1": 11,
        "2": 95,
        "3": 822,
        "4": 7076,
        "5": 28096,
        "6": 66566
    },
    "14661": {
        "0": 1,
        "1": 11,
        "2": 92,
        "3": 773,
        "4": 6556,
        "5": 23169,
        "6": 54143
    },
    "14662": {
        "0": 1,
        "1": 11,
        "2": 99,
        "3": 871,
        "4": 7649,
        "5": 34335,
        "6": 99150
    },
    "14663": {
        "0": 1,
        "1": 10,
        "2": 85,
        "3": 735,
        "4": 6395,
        "5": 23103,
        "6": 60582
    },
    "14664": {
        "0": 1,
        "1": 10,
        "2": 89,
        "3": 792,
        "4": 7072,
        "5": 30332,
        "6": 84060
    },
    "14665": {
        "0": 1,
        "1": 12,
        "2": 105,
        "3": 891,
        "4": 7553,
        "5": 31442,
        "6": 76181
    },
    "14666": {
        "0": 1,
        "1": 11,
        "2": 95,
        "3": 811,
        "4": 6996,
        "5": 28005,
        "6": 75033
    },
    "14667": {
        "0": 1,
        "1": 8,
        "2": 71,
        "3": 618,
        "4": 5367,
        "5": 13909,
        "6": 28336
    },
    "14668": {
        "0": 1,
        "1": 10,
        "2": 83,
        "3": 718,
        "4": 6219,
        "5": 21287,
        "6": 42766
    },
    "14669": {
        "0": 1,
        "1": 12,
        "2": 101,
        "3": 886,
        "4": 7781,
        "5": 35315,
        "6": 100421
    },
    "14670": {
        "0": 1,
        "1": 10,
        "2": 82,
        "3": 685,
        "4": 5748,
        "5": 15700,
        "6": 26383
    },
    "14671": {
        "0": 1,
        "1": 11,
        "2": 96,
        "3": 839,
        "4": 7278,
        "5": 30364,
        "6": 76110
    },
    "14672": {
        "0": 1,
        "1": 11,
        "2": 93,
        "3": 782,
        "4": 6642,
        "5": 24154,
        "6": 58638
    },
    "14673": {
        "0": 1,
        "1": 14,
        "2": 124,
        "3": 1053,
        "4": 8908,
        "5": 42647,
        "6": 129731
    },
    "14674": {
        "0": 1,
        "1": 11,
        "2": 96,
        "3": 837,
        "4": 7292,
        "5": 30501,
        "6": 78545
    },
    "14675": {
        "0": 1,
        "1": 13,
        "2": 115,
        "3": 988,
        "4": 8528,
        "5": 41245,
        "6": 125195
    },
    "14676": {
        "0": 1,
        "1": 9,
        "2": 78,
        "3": 676,
        "4": 5874,
        "5": 18277,
        "6": 40823
    },
    "14677": {
        "0": 1,
        "1": 13,
        "2": 120,
        "3": 1047,
        "4": 9081,
        "5": 45763,
        "6": 144141
    },
    "14678": {
        "0": 1,
        "1": 13,
        "2": 114,
        "3": 984,
        "4": 8534,
        "5": 41519,
        "6": 127501
    },
    "14679": {
        "0": 1,
        "1": 11,
        "2": 98,
        "3": 864,
        "4": 7564,
        "5": 33496,
        "6": 95271
    },
    "14680": {
        "0": 1,
        "1": 11,
        "2": 96,
        "3": 819,
        "4": 6974,
        "5": 26494,
        "6": 71536
    },
    "14681": {
        "0": 1,
        "1": 9,
        "2": 77,
        "3": 658,
        "4": 5655,
        "5": 15934,
        "6": 36898
    },
    "14682": {
        "0": 1,
        "1": 10,
        "2": 85,
        "3": 740,
        "4": 6406,
        "5": 22605,
        "6": 48701
    },
    "14683": {
        "0": 1,
        "1": 12,
        "2": 108,
        "3": 934,
        "4": 8056,
        "5": 36816,
        "6": 98331
    },
    "14684": {
        "0": 1,
        "1": 11,
        "2": 103,
        "3": 935,
        "4": 8433,
        "5": 42824,
        "6": 135361
    },
    "14685": {
        "0": 1,
        "1": 10,
        "2": 88,
        "3": 782,
        "4": 6992,
        "5": 29628,
        "6": 84010
    },
    "14686": {
        "0": 1,
        "1": 12,
        "2": 105,
        "3": 911,
        "4": 7926,
        "5": 35943,
        "6": 107753
    },
    "14687": {
        "0": 1,
        "1": 13,
        "2": 116,
        "3": 1005,
        "4": 8693,
        "5": 42130,
        "6": 128270
    },
    "14688": {
        "0": 1,
        "1": 11,
        "2": 96,
        "3": 832,
        "4": 7223,
        "5": 29523,
        "6": 79765
    },
    "14689": {
        "0": 1,
        "1": 11,
        "2": 93,
        "3": 775,
        "4": 6494,
        "5": 22147,
        "6": 52712
    },
    "14690": {
        "0": 1,
        "1": 10,
        "2": 86,
        "3": 749,
        "4": 6555,
        "5": 24847,
        "6": 57123
    },
    "14691": {
        "0": 1,
        "1": 11,
        "2": 90,
        "3": 765,
        "4": 6600,
        "5": 24163,
        "6": 60491
    },
    "14692": {
        "0": 1,
        "1": 10,
        "2": 89,
        "3": 788,
        "4": 6978,
        "5": 28986,
        "6": 78849
    },
    "14693": {
        "0": 1,
        "1": 10,
        "2": 83,
        "3": 699,
        "4": 5944,
        "5": 18113,
        "6": 35933
    },
    "14694": {
        "0": 1,
        "1": 15,
        "2": 141,
        "3": 1222,
        "4": 10401,
        "5": 55601,
        "6": 189901
    },
    "14695": {
        "0": 1,
        "1": 13,
        "2": 122,
        "3": 1079,
        "4": 9410,
        "5": 48732,
        "6": 167298
    },
    "14696": {
        "0": 1,
        "1": 14,
        "2": 123,
        "3": 1030,
        "4": 8627,
        "5": 40022,
        "6": 106092
    },
    "14697": {
        "0": 1,
        "1": 12,
        "2": 106,
        "3": 917,
        "4": 7944,
        "5": 36178,
        "6": 116383
    },
    "14698": {
        "0": 1,
        "1": 12,
        "2": 103,
        "3": 874,
        "4": 7430,
        "5": 30342,
        "6": 70725
    },
    "14699": {
        "0": 1,
        "1": 11,
        "2": 95,
        "3": 800,
        "4": 6748,
        "5": 24265,
        "6": 54184
    }
}