{
    "1100": {
        "0": 1,
        "1": 10,
        "2": 82,
        "3": 689,
        "4": 5840,
        "5": 17127,
        "6": 34546
    },
    "1101": {
        "0": 1,
        "1": 12,
        "2": 108,
        "3": 964,
        "4": 8559,
        "5": 42581,
        "6": 126263
    },
    "1102": {
        "0": 1,
        "1": 12,
        "2": 105,
        "3": 908,
        "4": 7839,
        "5": 34925,
        "6": 94169
    },
    "1103": {
        "0": 1,
        "1": 11,
        "2": 90,
        "3": 755,
        "4": 6400,
        "5": 21827,
        "6": 49589
    },
    "1104": {
        "0": 1,
        "1": 12,
        "2": 105,
        "3": 908,
        "4": 7846,
        "5": 35213,
        "6": 99886
    },
    "1105": {
        "0": 1,
        "1": 11,
        "2": 99,
        "3": 878,
        "4": 7707,
        "5": 34264,
        "6": 102067
    },
    "1106": {
        "0": 1,
        "1": 13,
        "2": 120,
        "3": 1057,
        "4": 9212,
        "5": 47392,
        "6": 156344
    },
    "1107": {
        "0": 1,
        "1": 13,
        "2": 114,
        "3": 969,
        "4": 8266,
        "5": 38134,
        "6": 106928
    },
    "1108": {
        "0": 1,
        "1": 11,
        "2": 93,
        "3": 818,
        "4": 7222,
        "5": 30902,
        "6": 78482
    },
    "1109": {
        "0": 1,
        "1": 11,
        "2": 92,
        "3": 801,
        "4": 7007,
        "5": 28601,
        "6": 72287
    },
    "1110": {
        "0": 1,
        "1": 9,
        "2": 75,
        "3": 650,
        "4": 5669,
        "5": 16929,
        "6": 39479
    },
    "1111": {
        "0": 1,
        "1": 9,
        "2": 78,
        "3": 671,
        "4": 5794,
        "5": 17322,
        "6": 31683
    },
    "1112": {
        "0": 1,
        "1": 10,
        "2": 90,
        "3": 799,
        "4": 7094,
        "5": 30185,
        "6": 82254
    },
    "1113": {
        "0": 1,
        "1": 10,
        "2": 89,
        "3": 786,
        "4": 6922,
        "5": 28214,
        "6": 81684
    },
    "1114": {
        "0": 1,
        "1": 12,
        "2": 103,
        "3": 876,
        "4": 7485,
        "5": 31387,
        "6": 73832
    },
    "1115": {
        "0": 1,
        "1": 12,
        "2": 106,
        "3": 927,
        "4": 8099,
        "5": 38118,
        "6": 117368
    },
    "1116": {
        "0": 1,
        "1": 12,
        "2": 105,
        "3": 897,
        "4": 7679,
        "5": 33421,
        "6": 93265
    },
    "1117": {
        "0": 1,
        "1": 11,
        "2": 97,
        "3": 870,
        "4": 7790,
        "5": 36499,
        "6": 110549
    },
    "1118": {
        "0": 1,
        "1": 10,
        "2": 83,
        "3": 712,
        "4": 6136,
        "5": 20270,
        "6": 47574
    },
    "1119": {
        "0": 1,
        "1": 12,
        "2": 106,
        "3": 912,
        "4": 7762,
        "5": 33053,
        "6": 91511
    },
    "1120": {
        "0": 1,
        "1": 12,
        "2": 107,
        "3": 959,
        "4": 8607,
        "5": 44352,
        "6": 142437
    },
    "1121": {
        "0": 1,
        "1": 13,
        "2": 112,
        "3": 957,
        "4": 8147,
        "5": 36892,
        "6": 105441
    },
    "1122": {
        "0": 1,
        "1": 11,
        "2": 95,
        "3": 821,
        "4": 7093,
        "5": 28660,
        "6": 72075
    },
    "1123": {
        "0": 1,
        "1": 10,
        "2": 87,
        "3": 758,
        "4": 6607,
        "5": 24567,
        "6": 57030
    },
    "1124": {
        "0": 1,
        "1": 11,
        "2": 94,
        "3": 810,
        "4": 6954,
        "5": 26806,
        "6": 68949
    },
    "1125": {
        "0": 1,
        "1": 9,
        "2": 77,
        "3": 666,
        "4": 5794,
        "5": 17909,
        "6": 45103
    },
    "1126": {
        "0": 1,
        "1": 10,
        "2": 85,
        "3": 722,
        "4": 6125,
        "5": 19190,
        "6": 40104
    },
    "1127": {
        "0": 1,
        "1": 10,
        "2": 90,
        "3": 813,
        "4": 7301,
        "5": 32560,
        "6": 94952
    },
    "1128": {
        "0": 1,
        "1": 10,
        "2": 82,
        "3": 698,
        "4": 5975,
        "5": 18650,
        "6": 33752
    },
    "1129": {
        "0": 1,
        "1": 11,
        "2": 102,
        "3": 925,
        "4": 8270,
        "5": 40272,
        "6": 132926
    },
    "1130": {
        "0": 1,
        "1": 13,
        "2": 112,
        "3": 945,
        "4": 8059,
        "5": 36752,
        "6": 97916
    },
    "1131": {
        "0": 1,
        "1": 10,
        "2": 90,
        "3": 796,
        "4": 7019,
        "5": 29015,
        "6": 80608
    },
    "1132": {
        "0": 1,
        "1": 11,
        "2": 98,
        "3": 868,
        "4": 7652,
        "5": 34505,
        "6": 98893
    },
    "1133": {
        "0": 1,
        "1": 11,
        "2": 94,
        "3": 813,
        "4": 7046,
        "5": 28427,
        "6": 72221
    },
    "1134": {
        "0": 1,
        "1": 13,
        "2": 116,
        "3": 995,
        "4": 8536,
        "5": 40990,
        "6": 130735
    },
    "1135": {
        "0": 1,
        "1": 10,
        "2": 90,
        "3": 804,
        "4": 7212,
        "5": 31883,
        "6": 88903
    },
    "1136": {
        "0": 1,
        "1": 12,
        "2": 103,
        "3": 854,
        "4": 7099,
        "5": 26663,
        "6": 58692
    },
    "1137": {
        "0": 1,
        "1": 12,
        "2": 109,
        "3": 950,
        "4": 8246,
        "5": 39133,
        "6": 126890
    },
    "1138": {
        "0": 1,
        "1": 13,
        "2": 121,
        "3": 1080,
        "4": 9493,
        "5": 50200,
        "6": 165933
    },
    "1139": {
        "0": 1,
        "1": 11,
        "2": 90,
        "3": 745,
        "4": 6217,
        "5": 19466,
        "6": 41884
    },
    "1140": {
        "0": 1,
        "1": 11,
        "2": 97,
        "3": 835,
        "4": 7178,
        "5": 29135,
        "6": 74892
    },
    "1141": {
        "0": 1,
        "1": 10,
        "2": 89,
        "3": 796,
        "4": 7091,
        "5": 30259,
        "6": 82624
    },
    "1142": {
        "0": 1,
        "1": 10,
        "2": 83,
        "3": 713,
        "4": 6133,
        "5": 20018,
        "6": 33844
    },
    "1143": {
        "0": 1,
        "1": 9,
        "2": 78,
        "3": 688,
        "4": 6064,
        "5": 20218,
        "6": 48095
    },
    "1144": {
        "0": 1,
        "1": 12,
        "2": 108,
        "3": 950,
        "4": 8262,
        "5": 38813,
        "6": 114588
    },
    "1145": {
        "0": 1,
        "1": 10,
        "2": 87,
        "3": 768,
        "4": 6777,
        "5": 27078,
        "6": 71323
    },
    "1146": {
        "0": 1,
        "1": 10,
        "2": 85,
        "3": 721,
        "4": 6105,
        "5": 19087,
        "6": 42767
    },
    "1147": {
        "0": 1,
        "1": 9,
        "2": 74,
        "3": 630,
        "4": 5426,
        "5": 14411,
        "6": 31159
    },
    "1148": {
        "0": 1,
        "1": 12,
        "2": 113,
        "3": 999,
        "4": 8739,
        "5": 43131,
        "6": 137298
    },
    "1149": {
        "0": 1,
        "1": 11,
        "2": 93,
        "3": 796,
        "4": 6857,
        "5": 26562,
        "6": 65548
    },
    "1150": {
        "0": 1,
        "1": 9,
        "2": 78,
        "3": 676,
        "4": 5904,
        "5": 19059,
        "6": 45892
    },
    "1151": {
        "0": 1,
        "1": 11,
        "2": 104,
        "3": 919,
        "4": 8097,
        "5": 38162,
        "6": 116093
    },
    "1152": {
        "0": 1,
        "1": 10,
        "2": 82,
        "3": 707,
        "4": 6105,
        "5": 19937,
        "6": 41865
    },
    "1153": {
        "0": 1,
        "1": 10,
        "2": 84,
        "3": 724,
        "4": 6276,
        "5": 21885,
        "6": 48171
    },
    "1154": {
        "0": 1,
        "1": 12,
        "2": 109,
        "3": 953,
        "4": 8310,
        "5": 39617,
        "6": 112706
    },
    "1155": {
        "0": 1,
        "1": 11,
        "2": 97,
        "3": 857,
        "4": 7538,
        "5": 33424,
        "6": 91370
    },
    "1156": {
        "0": 1,
        "1": 12,
        "2": 106,
        "3": 932,
        "4": 8118,
        "5": 38085,
        "6": 116134
    },
    "1157": {
        "0": 1,
        "1": 10,
        "2": 91,
        "3": 822,
        "4": 7355,
        "5": 32680,
        "6": 93409
    },
    "1158": {
        "0": 1,
        "1": 11,
        "2": 98,
        "3": 860,
        "4": 7520,
        "5": 33035,
        "6": 96069
    },
    "1159": {
        "0": 1,
        "1": 12,
        "2": 106,
        "3": 924,
        "4": 8050,
        "5": 37578,
        "6": 112068
    },
    "1160": {
        "0": 1,
        "1": 11,
        "2": 94,
        "3": 825,
        "4": 7252,
        "5": 30985,
        "6": 80698
    },
    "1161": {
        "0": 1,
        "1": 10,
        "2": 85,
        "3": 734,
        "4": 6392,
        "5": 23140,
        "6": 55516
    },
    "1162": {
        "0": 1,
        "1": 11,
        "2": 93,
        "3": 791,
        "4": 6810,
        "5": 26299,
        "6": 66992
    },
    "1163": {
        "0": 1,
        "1": 9,
        "2": 75,
        "3": 644,
        "4": 5577,
        "5": 15928,
        "6": 32295
    },
    "1164": {
        "0": 1,
        "1": 10,
        "2": 87,
        "3": 754,
        "4": 6560,
        "5": 24357,
        "6": 54769
    },
    "1165": {
        "0": 1,
        "1": 10,
        "2": 80,
        "3": 663,
        "4": 5571,
        "5": 14426,
        "6": 24147
    },
    "1166": {
        "0": 1,
        "1": 9,
        "2": 78,
        "3": 676,
        "4": 5881,
        "5": 18576,
        "6": 37075
    },
    "1167": {
        "0": 1,
        "1": 10,
        "2": 83,
        "3": 704,
        "4": 6048,
        "5": 19526,
        "6": 39041
    },
    "1168": {
        "0": 1,
        "1": 10,
        "2": 86,
        "3": 747,
        "4": 6531,
        "5": 24638,
        "6": 65229
    },
    "1169": {
        "0": 1,
        "1": 10,
        "2": 83,
        "3": 695,
        "4": 5855,
        "5": 16913,
        "6": 29998
    },
    "1170": {
        "0": 1,
        "1": 10,
        "2": 85,
        "3": 731,
        "4": 6323,
        "5": 22243,
        "6": 51732
    },
    "1171": {
        "0": 1,
        "1": 11,
        "2": 95,
        "3": 824,
        "4": 7178,
        "5": 30375,
        "6": 84442
    },
    "1172": {
        "0": 1,
        "1": 11,
        "2": 96,
        "3": 834,
        "4": 7255,
        "5": 30622,
        "6": 88697
    },
    "1173": {
        "0": 1,
        "1": 10,
        "2": 86,
        "3": 741,
        "4": 6404,
        "5": 22695,
        "6": 48562
    },
    "1174": {
        "0": 1,
        "1": 10,
        "2": 83,
        "3": 709,
        "4": 6081,
        "5": 19540,
        "6": 37585
    },
    "1175": {
        "0": 1,
        "1": 11,
        "2": 100,
        "3": 886,
        "4": 7768,
        "5": 35067,
        "6": 98695
    },
    "1176": {
        "0": 1,
        "1": 10,
        "2": 88,
        "3": 788,
        "4": 7021,
        "5": 29216,
        "6": 81257
    },
    "1177": {
        "0": 1,
        "1": 10,
        "2": 87,
        "3": 767,
        "4": 6773,
        "5": 26675,
        "6": 72773
    },
    "1178": {
        "0": 1,
        "1": 11,
        "2": 94,
        "3": 822,
        "4": 7160,
        "5": 29431,
        "6": 69271
    },
    "1179": {
        "0": 1,
        "1": 9,
        "2": 77,
        "3": 652,
        "4": 5601,
        "5": 15709,
        "6": 34756
    },
    "1180": {
        "0": 1,
        "1": 10,
        "2": 84,
        "3": 721,
        "4": 6208,
        "5": 20881,
        "6": 43047
    },
    "1181": {
        "0": 1,
        "1": 12,
        "2": 110,
        "3": 975,
        "4": 8653,
        "5": 44043,
        "6": 148168
    },
    "1182": {
        "0": 1,
        "1": 11,
        "2": 91,
        "3": 769,
        "4": 6593,
        "5": 24260,
        "6": 58065
    },
    "1183": {
        "0": 1,
        "1": 12,
        "2": 104,
        "3": 899,
        "4": 7807,
        "5": 35376,
        "6": 99223
    },
    "1184": {
        "0": 1,
        "1": 11,
        "2": 93,
        "3": 824,
        "4": 7275,
        "5": 31129,
        "6": 89292
    },
    "1185": {
        "0": 1,
        "1": 9,
        "2": 77,
        "3": 667,
        "4": 5757,
        "5": 16921,
        "6": 33835
    },
    "1186": {
        "0": 1,
        "1": 10,
        "2": 85,
        "3": 749,
        "4": 6634,
        "5": 26091,
        "6": 68016
    },
    "1187": {
        "0": 1,
        "1": 12,
        "2": 106,
        "3": 920,
        "4": 7939,
        "5": 35659,
        "6": 99002
    },
    "1188": {
        "0": 1,
        "1": 11,
        "2": 91,
        "3": 757,
        "4": 6368,
        "5": 21354,
        "6": 41222
    },
    "1189": {
        "0": 1,
        "1": 9,
        "2": 75,
        "3": 629,
        "4": 5320,
        "5": 12509,
        "6": 20351
    },
    "1190": {
        "0": 1,
        "1": 12,
        "2": 103,
        "3": 884,
        "4": 7624,
        "5": 33523,
        "6": 96392
    },
    "1191": {
        "0": 1,
        "1": 10,
        "2": 90,
        "3": 808,
        "4": 7256,
        "5": 32112,
        "6": 95021
    },
    "1192": {
        "0": 1,
        "1": 10,
        "2": 85,
        "3": 739,
        "4": 6432,
        "5": 23118,
        "6": 55889
    },
    "1193": {
        "0": 1,
        "1": 11,
        "2": 98,
        "3": 851,
        "4": 7363,
        "5": 31003,
        "6": 85270
    },
    "1194": {
        "0": 1,
        "1": 10,
        "2": 90,
        "3": 818,
        "4": 7362,
        "5": 32735,
        "6": 93085
    },
    "1195": {
        "0": 1,
        "1": 10,
        "2": 83,
        "3": 696,
        "4": 5861,
        "5": 16875,
        "6": 35301
    },
    "1196": {
        "0": 1,
        "1": 11,
        "2": 95,
        "3": 811,
        "4": 6929,
        "5": 26663,
        "6": 61401
    },
    "1197": {
        "0": 1,
        "1": 11,
        "2": 96,
        "3": 827,
        "4": 7164,
        "5": 29686,
        "6": 83080
    },
    "1198": {
        "0": 1,
        "1": 11,
        "2": 92,
        "3": 780,
        "4": 6689,
        "5": 25073,
        "6": 63114
    },
    "1199": {
        "0": 1,
        "1": 11,
        "2": 98,
        "3": 863,
        "4": 7529,
        "5": 32375,
        "6": 88308
    }
}